seed,snr_db,n_targets,sample_index,method,measurement_nmse_db,angle_bin_rmse,delay_bin_rmse,doppler_bin_rmse,normalized_joint_bin_rmse,matched_fraction_within_half_bin,wall_clock_ms,gain_vs_grid_db,newton_updates,final_residual_energy
20260630,0.0,2,0,grid_fft_topk_plus_ls,-8.128744568928933,4.457529911746509,3.7785263965775666,4.977777105132871,0.28492248146365906,0.0,9.116100001847371,0.0,,
20260630,0.0,2,0,deterministic_cartesian_local_refinement_plus_ls,-10.59277586247887,4.457529911746509,3.7785263965775666,5.110877876634925,0.28721447760861657,0.5,140.39970000158064,2.4640312935499367,,
20260630,0.0,2,0,fixed_source_trained_scalar_interpolation_plus_ls,-10.496633171894501,4.457529911746509,3.7785263965775666,5.06074579114894,0.28634626381545814,0.0,136.18259999202564,2.367888602965568,,
20260630,0.0,2,0,tensor_nomp3d_known_order_v1,-39.187450368385434,0.009399049447434615,0.009367624643016959,0.0013709428851093192,0.0005916165893797849,1.0,698.2311999890953,31.0587057994565,6.0,0.24386535381382002
20260630,0.0,2,1,grid_fft_topk_plus_ls,-6.37367160074168,0.2693597488988782,0.11765362396380633,0.14735660758942065,0.008927777593923427,1.0,7.014700007857755,0.0,,
20260630,0.0,2,1,deterministic_cartesian_local_refinement_plus_ls,-15.089827987081632,0.08675205523767263,0.04693549287023762,0.07065470481895639,0.0037335863733108593,1.0,130.21540000045206,8.716156386339952,,
20260630,0.0,2,1,fixed_source_trained_scalar_interpolation_plus_ls,-18.182633486450356,0.04147210162466278,0.023505160449436728,0.07184402918552474,0.0027025434257771717,1.0,147.58299999812152,11.808961885708676,,
20260630,0.0,2,1,tensor_nomp3d_known_order_v1,-42.58747439107658,0.001247428350405897,0.0024462332271536686,0.002186132977499796,0.00016774195515860556,1.0,857.264699996449,36.2138027903349,7.0,2.8913604221281854
20260630,0.0,2,2,grid_fft_topk_plus_ls,-3.568986383577503,0.20854674598188339,0.2409888434024844,0.25808695877169147,0.017162754998123173,1.0,8.828699996229261,0.0,,
20260630,0.0,2,2,deterministic_cartesian_local_refinement_plus_ls,-13.922202929075702,0.06647199671699731,0.044471938484565314,0.07000092468635942,0.003574991887551812,1.0,157.06009999848902,10.3532165454982,,
20260630,0.0,2,2,fixed_source_trained_scalar_interpolation_plus_ls,-8.886698676782792,0.11221220971618792,0.10212100404109617,0.12393636200313535,0.007517037512963091,1.0,174.66760000388604,5.31771229320529,,
20260630,0.0,2,2,tensor_nomp3d_known_order_v1,-39.336614616241114,0.0024148292632175487,0.004902869087117589,0.0020557995114794466,0.0003136592175936378,1.0,1023.1887999980245,35.76762823266361,6.0,0.3197382003943846
20260630,0.0,2,3,grid_fft_topk_plus_ls,-3.6601847304171815,0.20905631939131755,0.26800086519467187,0.18117387918308922,0.017756308394861732,1.0,8.245499993790872,0.0,,
20260630,0.0,2,3,deterministic_cartesian_local_refinement_plus_ls,-18.50715950706078,0.017695608787448497,0.045596346945329,0.03595304715864163,0.003066371903418179,1.0,157.34669999801554,14.846974776643599,,
20260630,0.0,2,3,fixed_source_trained_scalar_interpolation_plus_ls,-10.133277630481459,0.06491645537059815,0.12416481000542974,0.08225010966373435,0.008190604424010298,1.0,149.15599999949336,6.473092900064277,,
20260630,0.0,2,3,tensor_nomp3d_known_order_v1,-42.08453163400012,0.0023417804786663144,0.0024404521741541747,0.0021159608218943855,0.00016724812990963532,1.0,918.1126000039512,38.42434690358294,5.0,4.516424132139315
20260630,0.0,2,4,grid_fft_topk_plus_ls,-8.27224096235655,0.14272182126550137,0.12403853464069309,0.20970047272507158,0.010212087633960813,1.0,7.645999998203479,0.0,,
20260630,0.0,2,4,deterministic_cartesian_local_refinement_plus_ls,-14.047887376116364,0.06304108933465455,0.07358637444333174,0.05448194959737285,0.00492883803406381,1.0,158.75709999818355,5.775646413759814,,
20260630,0.0,2,4,fixed_source_trained_scalar_interpolation_plus_ls,-14.130084148048308,0.06345650037178702,0.05627549001608145,0.10878156804234704,0.004916571857007079,1.0,146.35640000051353,5.857843185691758,,
20260630,0.0,2,4,tensor_nomp3d_known_order_v1,-41.73068539751691,0.002214611269248566,0.0016626896952347927,0.0009522847290918658,0.00010947105486591496,1.0,1066.7308999982197,33.45844443516036,7.0,2.3722749123270206
20260630,0.0,2,5,grid_fft_topk_plus_ls,-4.243406962189445,0.25291296747722525,0.19667413159089564,0.22964996604216645,0.014370236086332644,1.0,10.39949999540113,0.0,,
20260630,0.0,2,5,deterministic_cartesian_local_refinement_plus_ls,-14.001462986243403,0.040800151844930674,0.0479686340911692,0.07860502324992401,0.003888930338857955,1.0,211.32899999793153,9.758056024053959,,
20260630,0.0,2,5,fixed_source_trained_scalar_interpolation_plus_ls,-11.20513543982857,0.11107012944327858,0.060755689958824965,0.10589853291851632,0.005111123609153051,1.0,202.0267000043532,6.9617284776391255,,
20260630,0.0,2,5,tensor_nomp3d_known_order_v1,-42.14365488862959,0.002217449693317664,0.0026268124590601754,0.0008424429657104165,0.00016717319631327085,1.0,1019.1817000013543,37.900247926440144,6.0,3.293566555655263
20260630,0.0,2,6,grid_fft_topk_plus_ls,-6.9275559096645125,0.15142525584259164,0.15535419291296193,0.24449605689214962,0.012411842385849865,1.0,8.197299990570173,0.0,,
20260630,0.0,2,6,deterministic_cartesian_local_refinement_plus_ls,-12.9124740000898,0.08170803266744034,0.07479929908705335,0.07466520122025402,0.005263737190486951,1.0,165.70189999765716,5.984918090425287,,
20260630,0.0,2,6,fixed_source_trained_scalar_interpolation_plus_ls,-14.428953285565516,0.08171858646322236,0.024436433333695707,0.04136269884841819,0.002100223298479666,1.0,163.4570000023814,7.5013973759010035,,
20260630,0.0,2,6,tensor_nomp3d_known_order_v1,-37.49960050522318,0.004684517841427725,0.0022543133115792095,0.004303690432494643,0.00019818761229378998,1.0,994.0933999896515,30.572044595558665,7.0,2.005577718510839
20260630,0.0,2,7,grid_fft_topk_plus_ls,-3.6355574754597524,0.23907000440025009,0.19956935303674406,0.1580710491323311,0.013545003022605162,1.0,10.031800004071556,0.0,,
20260630,0.0,2,7,deterministic_cartesian_local_refinement_plus_ls,-13.38099066758893,0.07153760354710874,0.055965310329744805,0.06879858981885,0.004143608783104622,1.0,176.73829999694135,9.745433192129179,,
20260630,0.0,2,7,fixed_source_trained_scalar_interpolation_plus_ls,-9.40622563939508,0.11006543089690309,0.10224415015414456,0.018679423088516105,0.006474222907662807,1.0,167.5656000006711,5.770668163935328,,
20260630,0.0,2,7,tensor_nomp3d_known_order_v1,-40.63917618382491,0.0005571604925531437,0.004615956132980656,0.0015968043013205044,0.00029281331677034975,1.0,1097.817000001669,37.00361870836515,7.0,1.2176885392550134
20260630,0.0,2,8,grid_fft_topk_plus_ls,-4.47009312678013,0.2298229362948869,0.15753712341547618,0.10756277708188107,0.01055781577935833,1.0,13.276700003189035,0.0,,
20260630,0.0,2,8,deterministic_cartesian_local_refinement_plus_ls,-12.994799827616554,0.07902163107947141,0.07869141801724683,0.053407609905178684,0.005230246133723899,1.0,156.96740000566933,8.524706700836424,,
20260630,0.0,2,8,fixed_source_trained_scalar_interpolation_plus_ls,-10.566064475899486,0.13078001962138747,0.035002868016013676,0.012473715515328112,0.002445771223327984,1.0,197.03260000096634,6.095971349119356,,
20260630,0.0,2,8,tensor_nomp3d_known_order_v1,-38.7382385890392,0.0021036147293793063,0.0028646052394828946,0.00561310948897035,0.0002511835762837444,1.0,954.332199995406,34.26814546225907,7.0,4.078866721573989
20260630,0.0,2,9,grid_fft_topk_plus_ls,-4.737063686944431,0.14530673730626625,0.05334926162382928,0.2720676413169731,0.009202846680276598,1.0,11.221299995668232,0.0,,
20260630,0.0,2,9,deterministic_cartesian_local_refinement_plus_ls,-16.116462689999054,0.023510631183735604,0.05334926162382928,0.05571126240931186,0.0037659642590479017,1.0,166.75440000835806,11.379399003054623,,
20260630,0.0,2,9,fixed_source_trained_scalar_interpolation_plus_ls,-10.627725362441925,0.04579352190132463,0.05334926162382928,0.12985049898167592,0.005264191418773223,1.0,176.26860000018496,5.890661675497494,,
20260630,0.0,2,9,tensor_nomp3d_known_order_v1,-42.549210168204866,0.005007422755790772,0.0021664937854131493,0.0010983213874081559,0.00014506273503092518,1.0,1081.0599999967963,37.812146481260434,5.0,2.1096120057437835
20260630,0.0,2,10,grid_fft_topk_plus_ls,-5.475233329807956,0.16550141464525694,0.08882715215211225,0.2575122529762286,0.009861617324317512,1.0,9.897099997033365,0.0,,
20260630,0.0,2,10,deterministic_cartesian_local_refinement_plus_ls,-13.138935401753962,0.01966220067016907,0.08882715215211225,0.08497068888792335,0.0061559511698852515,1.0,189.87669999478385,7.663702071946005,,
20260630,0.0,2,10,fixed_source_trained_scalar_interpolation_plus_ls,-10.758804270482278,0.0650995093871532,0.08882715215211225,0.12939589639853324,0.00688700808384343,1.0,163.84960000868887,5.283570940674322,,
20260630,0.0,2,10,tensor_nomp3d_known_order_v1,-40.6225542560582,0.001924289317168195,0.0033070519279183364,0.001177848407907044,0.00021048012282240142,1.0,1065.9978999901796,35.147320926250245,7.0,0.644819791384444
20260630,0.0,2,11,grid_fft_topk_plus_ls,-6.876795701277503,0.1232780491976911,0.19978526180788048,0.09086141452887586,0.012841516013559297,1.0,9.176499996101484,0.0,,
20260630,0.0,2,11,deterministic_cartesian_local_refinement_plus_ls,-13.782844035830022,0.10181363866201121,0.043505027053465005,0.07868116332412789,0.003751217385902574,1.0,166.2928000005195,6.906048334552519,,
20260630,0.0,2,11,fixed_source_trained_scalar_interpolation_plus_ls,-15.587576100280051,0.021435129028793243,0.06221596348051575,0.033344942613132054,0.004029178997141292,1.0,157.068899992737,8.710780399002548,,
20260630,0.0,2,11,tensor_nomp3d_known_order_v1,-45.04435439805222,0.004052230223074673,0.0014106394646342811,0.0012159163555845393,0.0001010895381261935,1.0,903.1194999988656,38.16755869677472,7.0,1.2084000708322717
20260630,0.0,2,12,grid_fft_topk_plus_ls,-5.345525472120739,45.18097268007044,5.617538853180401,5.780618381584034,0.529616088670109,0.5,8.86509999691043,0.0,,
20260630,0.0,2,12,deterministic_cartesian_local_refinement_plus_ls,-7.392465918919283,45.1809690123497,5.617538853180401,6.093987025976989,0.5330357363143273,0.5,171.51669999293517,2.046940446798544,,
20260630,0.0,2,12,fixed_source_trained_scalar_interpolation_plus_ls,-8.837030449080697,45.180905936788186,5.617538853180401,5.9797715623476355,0.5317706826452815,0.5,167.26529999868944,3.4915049769599573,,
20260630,0.0,2,12,tensor_nomp3d_known_order_v1,-41.18623739863088,0.0024500400865150058,0.0037080946424294086,0.0011741157144895555,0.00023542178684470564,1.0,947.2665000066627,35.84071192651014,7.0,2.634654979636145
20260630,0.0,2,13,grid_fft_topk_plus_ls,-3.3304823185891386,0.2663336448016758,0.1615895758891452,0.2343201143299427,0.012646949930699723,1.0,8.566599994082935,0.0,,
20260630,0.0,2,13,deterministic_cartesian_local_refinement_plus_ls,-14.65655808215352,0.043860850129534765,0.07305783559193352,0.0772980668802611,0.0051770429612921,1.0,152.56639999279287,11.326075763564381,,
20260630,0.0,2,13,fixed_source_trained_scalar_interpolation_plus_ls,-8.910866531243084,0.12246731455628952,0.08341352895939795,0.10890176600179537,0.006298890968238088,1.0,171.2917999975616,5.580384212653945,,
20260630,0.0,2,13,tensor_nomp3d_known_order_v1,-39.189738539655835,0.0020109041453036224,0.0011906164257408519,0.0006008969474999952,7.833771355689869e-05,1.0,905.8603000012226,35.859256221066694,5.0,0.38726031285429435
20260630,0.0,2,14,grid_fft_topk_plus_ls,-4.475169821679767,0.27773523360835495,0.18963139531836867,0.10254232709689111,0.012467780623237217,1.0,10.308400000212714,0.0,,
20260630,0.0,2,14,deterministic_cartesian_local_refinement_plus_ls,-13.329331261304176,0.061066316964786545,0.03915631423969429,0.10254232709689111,0.004060199476935116,1.0,169.38259999733418,8.85416143962441,,
20260630,0.0,2,14,fixed_source_trained_scalar_interpolation_plus_ls,-9.495165324359075,0.13556687021258082,0.08967996689920342,0.10254232709689111,0.006542645801158045,1.0,164.60940000251867,5.019995502679308,,
20260630,0.0,2,14,tensor_nomp3d_known_order_v1,-40.07466174350344,0.0021423898794967226,0.003915492442902193,0.0019417822714970473,0.00025268423685696913,1.0,992.1478999895044,35.59949192182367,7.0,2.7513833587380567
20260630,0.0,2,15,grid_fft_topk_plus_ls,-5.200427963208502,34.07464963669076,0.5066590153537668,1.4913090000725457,0.2721055509645636,0.0,10.549700004048645,0.0,,
20260630,0.0,2,15,deterministic_cartesian_local_refinement_plus_ls,-7.695350843107206,33.91544846228986,0.5066590153537668,1.573432777342284,0.27134216268225625,0.5,176.42679999698885,2.494922879898704,,
20260630,0.0,2,15,fixed_source_trained_scalar_interpolation_plus_ls,-7.995864386064165,33.97236976657189,0.5066590153537668,1.5350812954670212,0.2715621534040918,0.5,161.12279999651946,2.795436422855663,,
20260630,0.0,2,15,tensor_nomp3d_known_order_v1,-41.12721499094417,0.003347938177235986,0.004691709945809639,0.0013146972000027495,0.0002972490090092414,1.0,973.607499996433,35.926787027735664,6.0,2.068872930734022
20260630,0.0,2,16,grid_fft_topk_plus_ls,-3.722017657923934,8.662638514995422,2.1171357698298263,7.7161250005697,0.2832528031834984,0.0,10.417199999210425,0.0,,
20260630,0.0,2,16,deterministic_cartesian_local_refinement_plus_ls,-17.828075387074364,8.810191865931802,2.2697051788760945,7.5551244266304645,0.2839064977341282,0.5,145.67790000000969,14.106057729150429,,
20260630,0.0,2,16,fixed_source_trained_scalar_interpolation_plus_ls,-10.860499416859161,8.755980543406588,2.213653669235263,7.612402622931805,0.283569297616059,0.5,158.89279999828432,7.138481758935227,,
20260630,0.0,2,16,tensor_nomp3d_known_order_v1,-45.003923800185895,0.0024444025813512163,0.002922149764588202,0.0030089689612799067,0.00020630485822386075,1.0,1014.2970000015339,41.28190614226196,5.0,1.853917576090288
20260630,0.0,2,17,grid_fft_topk_plus_ls,-5.711457893817843,0.2772378890327709,0.12600586707625472,0.08645955142720382,0.008603061496783517,1.0,10.81660001364071,0.0,,
20260630,0.0,2,17,deterministic_cartesian_local_refinement_plus_ls,-13.68172373457366,0.06128208425794417,0.045460253847487295,0.08645955142720382,0.003949944510858344,1.0,181.83629999111872,7.970265840755817,,
20260630,0.0,2,17,fixed_source_trained_scalar_interpolation_plus_ls,-10.845490018536303,0.1352645089558447,0.03455033856348466,0.08645955142720382,0.0036165969515014993,1.0,170.38689999026246,5.13403212471846,,
20260630,0.0,2,17,tensor_nomp3d_known_order_v1,-39.4862008681618,0.002809343027272431,0.0022058227866291265,0.0011460818870306715,0.00014412111020042998,1.0,1051.083899990772,33.77474297434396,7.0,0.07344129686347209
20260630,0.0,2,18,grid_fft_topk_plus_ls,-7.288515333888434,0.15837562990997378,0.1904981711884359,0.2541403460622155,0.014365255049841121,1.0,9.848999994574115,0.0,,
20260630,0.0,2,18,deterministic_cartesian_local_refinement_plus_ls,-12.687930625475692,0.021656613747714406,0.06540822463781303,0.10380126398081815,0.005221365256252032,1.0,166.19099999661557,5.399415291587259,,
20260630,0.0,2,18,fixed_source_trained_scalar_interpolation_plus_ls,-12.13800394716827,0.05885948212875406,0.09961205089079411,0.13567366358883173,0.007546348528290022,1.0,149.80650000507012,4.849488613279837,,
20260630,0.0,2,18,tensor_nomp3d_known_order_v1,-38.72252885422547,0.0034691148825653374,0.004246438093208073,0.0016511763316045854,0.00027172679433018005,1.0,1017.4855999939609,31.43401352033704,7.0,0.4827567988742413
20260630,0.0,2,19,grid_fft_topk_plus_ls,-8.336106027573175,0.12241381859654406,0.09787024403255189,0.17114951417331029,0.008181478362107648,1.0,9.190600001602434,0.0,,
20260630,0.0,2,19,deterministic_cartesian_local_refinement_plus_ls,-12.746220251856153,0.07856546774086813,0.08303724034350868,0.059379510401472595,0.00554565943424317,1.0,172.77669999748468,4.410114224282978,,
20260630,0.0,2,19,fixed_source_trained_scalar_interpolation_plus_ls,-16.058506965314628,0.059244022794691695,0.04514149941843326,0.033402178757586255,0.0030436427269561446,1.0,184.95210001128726,7.722400937741453,,
20260630,0.0,2,19,tensor_nomp3d_known_order_v1,-39.20100539717648,0.004046867577987614,0.0023245412055026772,0.003048405202631762,0.00017658410437060678,1.0,939.8954000062076,30.864899369603307,7.0,1.130572512111816
20260630,0.0,4,0,grid_fft_topk_plus_ls,-4.458866300654672,12.473472245497163,3.383148388318567,3.448667234915925,0.25655526240726256,0.5,14.595200002077036,0.0,,
20260630,0.0,4,0,deterministic_cartesian_local_refinement_plus_ls,-9.935491087561827,12.584738279484032,3.264749353549707,3.5445626834463178,0.25213300086963397,0.75,373.3799000037834,5.476624786907155,,
20260630,0.0,4,0,fixed_source_trained_scalar_interpolation_plus_ls,-10.315344183995222,12.54454570546223,3.304553082622002,3.508038510552974,0.25353356336721516,0.75,316.8013999966206,5.85647788334055,,
20260630,0.0,4,0,tensor_nomp3d_known_order_v1,-40.49010335862406,0.0025188176366528967,0.0017469460330576897,0.0024016655567921405,0.0001339448305684145,1.0,2644.9317000078736,36.03123705796939,18.0,2.668496405129213
20260630,0.0,4,1,grid_fft_topk_plus_ls,-5.668766012939937,26.94614665241268,0.23602160925935003,6.926575211206159,0.30230429356557603,0.25,13.276199999381788,0.0,,
20260630,0.0,4,1,deterministic_cartesian_local_refinement_plus_ls,-11.431325585252083,27.050279554027224,0.10057618857157498,6.823178685494869,0.30027425801966207,0.5,302.0740000065416,5.762559572312146,,
20260630,0.0,4,1,fixed_source_trained_scalar_interpolation_plus_ls,-11.389639003089338,27.01293003933937,0.10906387179772808,6.858897722625925,0.3008747127742244,0.5,295.0259999925038,5.720872990149401,,
20260630,0.0,4,1,tensor_nomp3d_known_order_v1,-40.10927534374027,0.0029636599065786026,0.011286205348219676,0.0037917165566247408,0.0007156453286530813,1.0,2528.9392999984557,34.44050933080034,16.0,1.3869141401388305
20260630,0.0,4,2,grid_fft_topk_plus_ls,-4.964790248205332,26.15215411965882,0.8687831136821512,7.427766243631013,0.31396033099210247,0.75,16.024700002162717,0.0,,
20260630,0.0,4,2,deterministic_cartesian_local_refinement_plus_ls,-11.015118334972575,26.038914206574596,0.746990767943963,7.649606847221651,0.31734529874486517,0.75,287.6939999987371,6.0503280867672435,,
20260630,0.0,4,2,fixed_source_trained_scalar_interpolation_plus_ls,-10.805351573389153,26.079296616100564,0.7853819815681617,7.569572172029533,0.3160328881948253,0.75,324.8626999993576,5.840561325183821,,
20260630,0.0,4,2,tensor_nomp3d_known_order_v1,-38.13497436950446,0.003404272801010862,0.004712301559245332,0.0026878187450474324,0.00030741460740897104,1.0,2652.5449000037042,33.17018412129913,15.0,3.997872889301743
20260630,0.0,4,3,grid_fft_topk_plus_ls,-6.00985680430945,0.21770650551385126,0.1750103994954715,0.14782605563452378,0.011994845902807175,1.0,13.567500005592592,0.0,,
20260630,0.0,4,3,deterministic_cartesian_local_refinement_plus_ls,-13.199274123113717,0.07570300337697142,0.07503172889042595,0.055682129484463445,0.005036752130249287,1.0,315.4860000067856,7.189417318804267,,
20260630,0.0,4,3,fixed_source_trained_scalar_interpolation_plus_ls,-11.683494302913743,0.12178722501444224,0.07651089733144184,0.06322133817472515,0.005260741917352888,1.0,333.66380000370555,5.673637498604293,,
20260630,0.0,4,3,tensor_nomp3d_known_order_v1,-41.44206081911008,0.0011968680547977091,0.0020231042936326975,0.002633443702454897,0.00015115557643710658,1.0,2577.4817999918014,35.43220401480063,17.0,5.996368794282266
20260630,0.0,4,4,grid_fft_topk_plus_ls,-4.448792475950095,8.934981017308246,2.841528878628574,3.078985928071529,0.21370731865267195,0.75,13.98200000403449,0.0,,
20260630,0.0,4,4,deterministic_cartesian_local_refinement_plus_ls,-10.27135614514868,8.933959413258043,2.948372894141925,3.2966305239412583,0.22235392990549416,0.75,326.27010000578593,5.822563669198584,,
20260630,0.0,4,4,fixed_source_trained_scalar_interpolation_plus_ls,-8.998288160042062,8.934162434096217,2.9085652306386285,3.2172239151143724,0.21914749637941303,0.75,292.9907999932766,4.5494956840919665,,
20260630,0.0,4,4,tensor_nomp3d_known_order_v1,-39.80375720511609,0.0007874303715252514,0.0017639177482562515,0.006432607758291225,0.00022934779039557608,1.0,2683.40170000738,35.354964729166,17.0,1.4123080717861702
20260630,0.0,4,5,grid_fft_topk_plus_ls,-4.5185844832969275,0.09269540767498345,0.27581669041977214,0.19850468154329073,0.01833500437985222,1.0,16.611099999863654,0.0,,
20260630,0.0,4,5,deterministic_cartesian_local_refinement_plus_ls,-11.89031144382726,0.07519059868750183,0.07441563263193676,0.08963097276310834,0.005460959489556328,1.0,335.4393000045093,7.371726960530332,,
20260630,0.0,4,5,fixed_source_trained_scalar_interpolation_plus_ls,-10.884657643326536,0.06161823161952615,0.1384162571748584,0.04256678790533872,0.008765915928661891,1.0,314.4646000000648,6.366073160029608,,
20260630,0.0,4,5,tensor_nomp3d_known_order_v1,-37.01028457613393,0.0021596210844601334,0.005894017249097873,0.003574667799462988,0.00038531073208858966,1.0,2821.4369999914197,32.491700092837,20.0,1.5420044646988949
20260630,0.0,4,6,grid_fft_topk_plus_ls,-5.271858406714327,0.1571052189563185,0.21632857602655942,0.14590236453363786,0.014321310719886172,1.0,16.981499997200444,0.0,,
20260630,0.0,4,6,deterministic_cartesian_local_refinement_plus_ls,-14.439658712844704,0.05302378973564457,0.051414257499087415,0.06429081997656642,0.0038123377491550477,1.0,295.9506000042893,9.167800306130378,,
20260630,0.0,4,6,fixed_source_trained_scalar_interpolation_plus_ls,-11.835477325469348,0.06945954647843662,0.09862495340961222,0.03935018220155145,0.00630890227510276,1.0,314.3839999975171,6.563618918755021,,
20260630,0.0,4,6,tensor_nomp3d_known_order_v1,-38.093661892295174,0.004071189519799605,0.0022212251240146166,0.004005466435992678,0.00018961061323429578,1.0,2660.8349999878556,32.821803485580844,17.0,3.1087427891583257
20260630,0.0,4,7,grid_fft_topk_plus_ls,-5.414294354846732,21.982236136525817,3.453760091201159,3.523772970879273,0.2970098051145749,0.0,14.563699995051138,0.0,,
20260630,0.0,4,7,deterministic_cartesian_local_refinement_plus_ls,-10.661691283591768,22.02902685205576,3.505145872902925,3.4466758414374477,0.298684683661882,0.25,312.9459999909159,5.247396928745036,,
20260630,0.0,4,7,fixed_source_trained_scalar_interpolation_plus_ls,-9.572870447126473,22.011688713375143,3.485580952081587,3.474060766006632,0.29802138693584146,0.25,325.4243999981554,4.15857609227974,,
20260630,0.0,4,7,tensor_nomp3d_known_order_v1,-37.67348531142445,0.001643729923672691,0.004363351783189016,0.002826844915538312,0.00028694796324280265,1.0,2717.540099998587,32.25919095657772,18.0,0.9733781729185046
20260630,0.0,4,8,grid_fft_topk_plus_ls,-6.630327674605644,0.19235077086782157,0.24795181223438703,0.08153533820556043,0.015776789045503854,1.0,17.33859999512788,0.0,,
20260630,0.0,4,8,deterministic_cartesian_local_refinement_plus_ls,-13.187611712866346,0.07178819555709694,0.06778427016166057,0.08153533820556043,0.004975421726150641,1.0,351.88789998937864,6.557284038260702,,
20260630,0.0,4,8,fixed_source_trained_scalar_interpolation_plus_ls,-11.75516393027487,0.04484373061060272,0.12742370862330016,0.08153533820556043,0.008368987024305179,1.0,342.6269999908982,5.124836255669226,,
20260630,0.0,4,8,tensor_nomp3d_known_order_v1,-37.755947420147436,0.0059620237911376895,0.0058758889554345415,0.00405233644445197,0.0003912461595081638,1.0,2677.505100000417,31.12561974554179,18.0,3.69400175865995
20260630,0.0,4,9,grid_fft_topk_plus_ls,-6.142150725089069,0.17347419455854718,0.18629619932565605,0.16906818368107643,0.01285776976907869,1.0,12.248600003658794,0.0,,
20260630,0.0,4,9,deterministic_cartesian_local_refinement_plus_ls,-12.665821792104662,0.07100661053919587,0.05475765210380513,0.0921686996268589,0.004507349924040963,1.0,363.9044000010472,6.523671067015593,,
20260630,0.0,4,9,fixed_source_trained_scalar_interpolation_plus_ls,-11.889193671718774,0.07269722897638753,0.05211301258061584,0.11304596261298823,0.004838480947437984,1.0,355.61900000902824,5.747042946629705,,
20260630,0.0,4,9,tensor_nomp3d_known_order_v1,-39.37784604181978,0.0038833232561288856,0.0010960618060941864,0.0035599241102792964,0.00013412395907512004,1.0,2535.8335000055376,33.23569531673071,18.0,2.216410017292119
20260630,0.0,4,10,grid_fft_topk_plus_ls,-5.838492166366786,24.611555099409404,1.8572661218952031,0.7701331221755924,0.22588561621542452,0.5,18.537399999331683,0.0,,
20260630,0.0,4,10,deterministic_cartesian_local_refinement_plus_ls,-9.175568768751655,24.49888017547407,1.8533528637646257,0.7970440171675308,0.22510228172512362,0.75,315.00710001273546,3.337076602384869,,
20260630,0.0,4,10,fixed_source_trained_scalar_interpolation_plus_ls,-10.021271244260683,24.539049219403456,1.8539706667362654,0.7763520626424979,0.2253184811850495,0.75,327.07670000672806,4.182779077893898,,
20260630,0.0,4,10,tensor_nomp3d_known_order_v1,-42.26853777434563,0.005710973980039903,0.003034700043550292,0.0038650546399586175,0.0002292453573401588,1.0,2794.280999994953,36.43004560797885,18.0,2.7593786369303093
20260630,0.0,4,11,grid_fft_topk_plus_ls,-5.5459118776087895,0.21164051495067562,0.14265468291384897,0.1884884102037984,0.010813077871714462,1.0,17.8652000031434,0.0,,
20260630,0.0,4,11,deterministic_cartesian_local_refinement_plus_ls,-13.29764251539691,0.0702564959396964,0.05664993494705314,0.08480770067105368,0.004456572685381461,1.0,387.3790000070585,7.751730637788121,,
20260630,0.0,4,11,fixed_source_trained_scalar_interpolation_plus_ls,-11.571318389964455,0.10237226531616761,0.05940388446321389,0.10733333607429602,0.005067005714268888,1.0,344.5639999990817,6.025406512355666,,
20260630,0.0,4,11,tensor_nomp3d_known_order_v1,-37.38671011391202,0.001799544737852645,0.0036433624423180323,0.00663837022552088,0.0003083580450700156,1.0,2758.1170999910682,31.84079823630323,17.0,5.768442947710711
20260630,0.0,4,12,grid_fft_topk_plus_ls,-4.015166240249039,20.52949436752168,1.4457187996975804,4.130114086836908,0.2248252629824182,0.75,18.76510000147391,0.0,,
20260630,0.0,4,12,deterministic_cartesian_local_refinement_plus_ls,-9.835998635533976,20.753177483340362,1.3242863454429326,4.12511933766582,0.2230600950051817,0.75,291.71879999921657,5.820832395284937,,
20260630,0.0,4,12,fixed_source_trained_scalar_interpolation_plus_ls,-8.309362716277427,20.672866565687045,1.3647507870264746,4.126203571646605,0.22357665686344347,0.75,338.6995000037132,4.294196476028388,,
20260630,0.0,4,12,tensor_nomp3d_known_order_v1,-38.786941382785386,0.002846503777453159,0.004715818991958741,0.003934328109620498,0.00032012745297911344,1.0,2612.3222000023816,34.77177514253635,18.0,3.88028723881711
20260630,0.0,4,13,grid_fft_topk_plus_ls,-4.896432219746566,0.10483026358276536,0.15617130726804268,0.2431857409372647,0.012397393326408135,1.0,12.50620000064373,0.0,,
20260630,0.0,4,13,deterministic_cartesian_local_refinement_plus_ls,-16.219408374136425,0.01832669211534172,0.051888487898369126,0.07381905529183384,0.003982371476347203,1.0,355.5209000041941,11.32297615438986,,
20260630,0.0,4,13,fixed_source_trained_scalar_interpolation_plus_ls,-13.682086980820834,0.03523538877359481,0.06814254830524605,0.06565480834687223,0.004735357489441005,1.0,364.8788999998942,8.78565476107427,,
20260630,0.0,4,13,tensor_nomp3d_known_order_v1,-36.28809339481167,0.00976714494731491,0.0026853192830199137,0.006864607381159239,0.00028285809910511976,1.0,2653.9160999964224,31.391661175065103,15.0,1.824416810997644
20260630,0.0,4,14,grid_fft_topk_plus_ls,-4.358781563137818,0.19503646356037266,0.2296820815181384,0.2609148244581584,0.016579278979818708,1.0,13.082399993436411,0.0,,
20260630,0.0,4,14,deterministic_cartesian_local_refinement_plus_ls,-14.70983434043461,0.03893753005029622,0.06353899576220699,0.07875722717683567,0.004681900297514154,1.0,335.82330000353977,10.351052777296792,,
20260630,0.0,4,14,fixed_source_trained_scalar_interpolation_plus_ls,-11.045386388681477,0.0936804885248033,0.09922238402705348,0.1293132276145663,0.0074379424057487604,1.0,361.3503000087803,6.686604825543659,,
20260630,0.0,4,14,tensor_nomp3d_known_order_v1,-37.79890346251696,0.004647858630655807,0.004760406256712418,0.0032427090235889254,0.0003163994128784629,1.0,2524.868399996194,33.44012189937914,17.0,2.8861545995805318
20260630,0.0,4,15,grid_fft_topk_plus_ls,-6.39695626999563,0.13234907234356352,0.19556706378349745,0.1310506980590202,0.012932175780913876,1.0,15.787900003488176,0.0,,
20260630,0.0,4,15,deterministic_cartesian_local_refinement_plus_ls,-14.982833468311371,0.04079917894126216,0.050982614160486626,0.07955800788744853,0.004054128419814277,1.0,311.27999999444,8.585877198315742,,
20260630,0.0,4,15,fixed_source_trained_scalar_interpolation_plus_ls,-12.228246178191021,0.0665703179878095,0.09770111545283235,0.06629093982066644,0.006469089362892445,1.0,317.2666000027675,5.831289908195392,,
20260630,0.0,4,15,tensor_nomp3d_known_order_v1,-39.18963075800341,0.001983986999030377,0.002783312908153861,0.003912976719691841,0.00021319903993293274,1.0,2597.1188000112306,32.79267448800778,15.0,2.7435892675983617
20260630,0.0,4,16,grid_fft_topk_plus_ls,-4.6342159412343245,29.337572665615284,0.19286982194167232,7.34651370390318,0.3246292684095154,0.75,16.7963999992935,0.0,,
20260630,0.0,4,16,deterministic_cartesian_local_refinement_plus_ls,-11.563199799278905,29.336774114231673,0.07880271484643735,7.568512790534011,0.3293839242835807,0.75,359.06260000774637,6.928983858044581,,
20260630,0.0,4,16,fixed_source_trained_scalar_interpolation_plus_ls,-9.725639337709211,29.336960899193688,0.052541720119203245,7.488415965954363,0.3275716999930723,0.75,376.4048000011826,5.0914233964748865,,
20260630,0.0,4,16,tensor_nomp3d_known_order_v1,-38.0698665222844,0.004744407919935567,0.004438307457160856,0.002397194899925669,0.0002897124005484624,1.0,2754.6490999957314,33.435650581050076,18.0,4.547773214367981
20260630,0.0,4,17,grid_fft_topk_plus_ls,-5.077823275052945,22.05969298989019,0.8607792661190156,4.046928659684809,0.22043053970354715,0.75,23.792399995727465,0.0,,
20260630,0.0,4,17,deterministic_cartesian_local_refinement_plus_ls,-11.010583182934099,22.05896627699616,1.0562715917051766,4.046928659684809,0.2237221631906205,0.75,342.50289999181405,5.932759907881153,,
20260630,0.0,4,17,fixed_source_trained_scalar_interpolation_plus_ls,-9.023319547471724,22.059094621928473,0.9818642558235977,4.046928659684809,0.22239505450612698,0.75,306.9240000040736,3.9454962724187785,,
20260630,0.0,4,17,tensor_nomp3d_known_order_v1,-39.29155790373883,0.0025583091016017985,0.0014262848532895687,0.0022715721580056918,0.00011569361600496789,1.0,2834.581299990532,34.213734628685884,17.0,3.7869804069000987
20260630,0.0,4,18,grid_fft_topk_plus_ls,-4.113842884506201,11.625115086910588,2.630020930068027,1.0083886257269434,0.19042341874906007,0.5,19.58520000334829,0.0,,
20260630,0.0,4,18,deterministic_cartesian_local_refinement_plus_ls,-11.830217118730555,11.736399171600677,2.7367495874714165,1.0600421326534246,0.19687952409434142,0.75,351.3103000004776,7.716374234224355,,
20260630,0.0,4,18,fixed_source_trained_scalar_interpolation_plus_ls,-9.793314663831996,11.696299122204481,2.697399969439848,1.032020998966901,0.19445222301694204,0.75,357.71540000860114,5.679471779325795,,
20260630,0.0,4,18,tensor_nomp3d_known_order_v1,-38.898390701109676,0.0022363611546366664,0.005770583201515353,0.004316733663068674,0.0003854599695128708,1.0,2723.3694000024116,34.78454781660348,16.0,3.5436474825954267
20260630,0.0,4,19,grid_fft_topk_plus_ls,-6.5216287374763615,5.663618318876452,0.4035606006498811,0.42987060258881554,0.05267288449628875,0.75,20.327799997176044,0.0,,
20260630,0.0,4,19,deterministic_cartesian_local_refinement_plus_ls,-11.341834526910299,5.548252334767987,0.580118751820565,0.5029987461611559,0.058656031912522846,0.75,337.4558999930741,4.820205789433937,,
20260630,0.0,4,19,fixed_source_trained_scalar_interpolation_plus_ls,-10.975214897289447,5.588274763730945,0.506845799001074,0.4688842018988875,0.05589492075184029,0.75,332.38739999069367,4.453586159813086,,
20260630,0.0,4,19,tensor_nomp3d_known_order_v1,-38.35376584768077,0.003581736643221437,0.004540077486590797,0.00742098423630525,0.0003675324492859741,1.0,2900.976900011301,31.832137110204407,19.0,7.5470879482693825
20260630,0.0,8,0,grid_fft_topk_plus_ls,-5.030141427132659,8.965770526328251,1.4441220032296458,1.7807150545151682,0.1270802089575318,0.75,27.255900000454858,0.0,,
20260630,0.0,8,0,deterministic_cartesian_local_refinement_plus_ls,-11.130835267332502,9.041696853543723,1.3589434369455977,1.7697869743501407,0.12354059230701955,0.875,684.1439000127139,6.100693840199843,,
20260630,0.0,8,0,fixed_source_trained_scalar_interpolation_plus_ls,-9.009206839099386,9.014017847234568,1.388473700575274,1.7720669330054921,0.12472602961716628,0.875,649.5880000002217,3.979065411966727,,
20260630,0.0,8,0,tensor_nomp3d_known_order_v1,-35.59088949879555,0.006758935440254414,0.0034093224044557573,0.0021160982270224124,0.0002292714966883149,1.0,10612.133400005405,30.56074807166289,54.0,16.139271560418536
20260630,0.0,8,1,grid_fft_topk_plus_ls,-3.9947392172610674,13.338865385980418,2.131273180884538,2.556556786487011,0.18704532685210865,0.625,35.70209999452345,0.0,,
20260630,0.0,8,1,deterministic_cartesian_local_refinement_plus_ls,-10.490927355256389,13.3740737483891,2.0933426361025163,2.628466941848187,0.18649807192602733,0.75,799.7179999947548,6.496188137995322,,
20260630,0.0,8,1,fixed_source_trained_scalar_interpolation_plus_ls,-8.284123074357518,13.361095957877538,2.1038944203253482,2.6015482303657853,0.18653651003836896,0.75,914.4121999997878,4.2893838570964515,,
20260630,0.0,8,1,tensor_nomp3d_known_order_v1,-35.69772617101754,0.005003180301809547,0.002973347549541864,0.0037414473921209635,0.0002230078901137348,1.0,11154.374200006714,31.702986953756476,57.0,10.958175962121842
20260630,0.0,8,2,grid_fft_topk_plus_ls,-4.922572805399787,6.540425579648347,1.45401342356202,5.708042510956391,0.20660939892413158,0.625,29.117400001268834,0.0,,
20260630,0.0,8,2,deterministic_cartesian_local_refinement_plus_ls,-11.966422163224026,6.6858134017276365,1.442748254427831,5.721461042172319,0.2069471240928385,0.75,679.4026000134181,7.043849357824239,,
20260630,0.0,8,2,fixed_source_trained_scalar_interpolation_plus_ls,-10.289391499741749,6.633241979011186,1.4432690536078039,5.715769121628143,0.20670431164896003,0.75,630.8445999893593,5.366818694341962,,
20260630,0.0,8,2,tensor_nomp3d_known_order_v1,-36.16778985334199,0.009637676757114588,0.005382292552294665,0.00518124931101601,0.0003808488382856765,1.0,9275.43800001149,31.245217047942205,52.0,7.661540363706632
20260630,0.0,8,3,grid_fft_topk_plus_ls,-6.3896179436271,16.7143386195617,2.0951880287020446,1.7232256903646872,0.19261088527254291,0.75,30.36180000344757,0.0,,
20260630,0.0,8,3,deterministic_cartesian_local_refinement_plus_ls,-11.838058011400456,16.871618927862087,2.0059221445498774,1.7199588552824672,0.18968485735335885,0.875,691.0119999956805,5.4484400677733555,,
20260630,0.0,8,3,fixed_source_trained_scalar_interpolation_plus_ls,-10.952999564949478,16.81490672411233,2.036193897747347,1.7207067415443507,0.19064162851673655,0.875,662.0328999997582,4.563381621322377,,
20260630,0.0,8,3,tensor_nomp3d_known_order_v1,-36.97722820208674,0.003061691860194175,0.0017416059634956934,0.00604922554371533,0.00021944480576189485,1.0,10426.657199990586,30.58761025845964,51.0,10.143925477361638
20260630,0.0,8,4,grid_fft_topk_plus_ls,-7.669978012441858,0.13947296962384736,0.14716337266152713,0.11330275940388047,0.009915735927005025,1.0,56.80779999238439,0.0,,
20260630,0.0,8,4,deterministic_cartesian_local_refinement_plus_ls,-14.693760124576567,0.051796515010602194,0.07734925648961583,0.051917438575327074,0.00511534249006698,1.0,706.361399992602,7.023782112134709,,
20260630,0.0,8,4,fixed_source_trained_scalar_interpolation_plus_ls,-15.097232869761857,0.05356795080738971,0.07600797629238688,0.022556692521008125,0.004820711293506563,1.0,723.4861000033561,7.4272548573199995,,
20260630,0.0,8,4,tensor_nomp3d_known_order_v1,-36.64050412594891,0.0043928171562147185,0.0031379282737572173,0.0045499060217272765,0.00024465791023199667,1.0,10647.203999993508,28.97052611350705,54.0,5.306370242227699
20260630,0.0,8,5,grid_fft_topk_plus_ls,-5.880121998090977,15.141941285698945,0.7185149189586559,1.6912163387329613,0.13712721688821633,0.75,42.32399999455083,0.0,,
20260630,0.0,8,5,deterministic_cartesian_local_refinement_plus_ls,-11.88351228373957,15.061409857418367,0.8214219699091961,1.7685947261119144,0.1397708179116705,0.875,774.8603999934858,6.003390285648593,,
20260630,0.0,8,5,fixed_source_trained_scalar_interpolation_plus_ls,-11.001960711644724,15.090006802758632,0.7758792331477524,1.7396107727125372,0.1385822784850962,0.875,787.6679000037257,5.121838713553747,,
20260630,0.0,8,5,tensor_nomp3d_known_order_v1,-34.41766096354739,0.0037699406753638116,0.007487770689605665,0.0035804342202652804,0.00048207582056866916,1.0,13168.689400001313,28.537538965456413,57.0,7.78920160208129
20260630,0.0,8,6,grid_fft_topk_plus_ls,-6.186444984788975,14.10579629394141,2.2729292359988342,2.602639683201956,0.19733182524318002,0.375,47.17609999352135,0.0,,
20260630,0.0,8,6,deterministic_cartesian_local_refinement_plus_ls,-13.657260040385179,14.13580694328887,2.3121111890405897,2.5214237494454794,0.19820933042940428,0.625,919.7282999957679,7.470815055596204,,
20260630,0.0,8,6,fixed_source_trained_scalar_interpolation_plus_ls,-12.176115078598666,14.12491357649158,2.2943569454257147,2.549662056551557,0.19770817190115195,0.625,978.6260999972001,5.989670093809692,,
20260630,0.0,8,6,tensor_nomp3d_known_order_v1,-34.9230915605371,0.009336025423908637,0.005140692239880902,0.008558156504501986,0.000424352097188939,1.0,11540.236099986942,28.73664657574813,49.0,6.097890908967999
20260630,0.0,8,7,grid_fft_topk_plus_ls,-4.051887848119181,11.257460757530616,2.081458675338242,4.803766032161339,0.2172419005150118,0.375,47.693600005004555,0.0,,
20260630,0.0,8,7,deterministic_cartesian_local_refinement_plus_ls,-11.373442093461701,11.420652185383503,2.182361903963018,4.808321378986015,0.22168284906734362,0.625,887.1524999995017,7.32155424534252,,
20260630,0.0,8,7,fixed_source_trained_scalar_interpolation_plus_ls,-9.920209261507965,11.361717782305742,2.1413482096903427,4.805631426228139,0.21987128128212172,0.625,883.9879999868572,5.868321413388784,,
20260630,0.0,8,7,tensor_nomp3d_known_order_v1,-34.873448559910926,0.005210565613545811,0.0106813149625188,0.0050014571242199,0.0006868415919034713,1.0,12555.285900001763,30.821560711791747,52.0,9.730302996080402
20260630,0.0,8,8,grid_fft_topk_plus_ls,-6.490720415287376,15.259570179848462,0.19985893621354217,2.153737295089968,0.13747074917351246,0.75,45.75289999775123,0.0,,
20260630,0.0,8,8,deterministic_cartesian_local_refinement_plus_ls,-11.816394808079204,15.336216785456987,0.1288666040998875,2.148961413781481,0.13758673807220148,0.875,838.9706000016304,5.325674392791829,,
20260630,0.0,8,8,fixed_source_trained_scalar_interpolation_plus_ls,-10.930859735211659,15.308340153676793,0.13300468039648955,2.14965804034025,0.1374231694499902,0.875,856.5572999941651,4.440139319924283,,
20260630,0.0,8,8,tensor_nomp3d_known_order_v1,-36.21057971149284,0.005505910495841272,0.0035523571409109955,0.004168764615302567,0.00026098942988763703,1.0,10710.877799996524,29.719859296205463,50.0,6.602295803663354
20260630,0.0,8,9,grid_fft_topk_plus_ls,-5.8495117650614725,6.113372057330594,1.4677276906972612,2.4811377851475096,0.12925861074475548,0.75,41.65650000504684,0.0,,
20260630,0.0,8,9,deterministic_cartesian_local_refinement_plus_ls,-11.019623778975953,6.264822315659269,1.634918632609562,2.4802112002268855,0.13727354667014635,0.75,663.3978000027128,5.170112013914481,,
20260630,0.0,8,9,fixed_source_trained_scalar_interpolation_plus_ls,-11.059870203353018,6.209610070948831,1.5724708425897505,2.479956568650854,0.13423246933175811,0.75,663.4897000039928,5.2103584382915455,,
20260630,0.0,8,9,tensor_nomp3d_known_order_v1,-34.302781212867814,0.008836176342118477,0.008516408634210987,0.0035393819351789047,0.0005480112876937694,1.0,11228.605399999651,28.453269447806342,48.0,7.527741345545913
20260630,0.0,8,10,grid_fft_topk_plus_ls,-4.364221363504884,27.724730716205016,1.4527576554685038,5.748402802160822,0.29568420279345575,0.5,41.60950001096353,0.0,,
20260630,0.0,8,10,deterministic_cartesian_local_refinement_plus_ls,-9.288559767950572,26.682978250642815,2.1266563879378437,5.381993485512291,0.2990142601960274,0.625,826.3898000004701,4.924338404445688,,
20260630,0.0,8,10,fixed_source_trained_scalar_interpolation_plus_ls,-8.297370914995394,27.793574488264667,1.4846781539201803,5.817899661822743,0.298016239472572,0.625,870.541600001161,3.9331495514905104,,
20260630,0.0,8,10,tensor_nomp3d_known_order_v1,-34.62440187602427,0.0058998843841805045,0.0022827259839484733,0.006987424960042539,0.0002648757797327483,1.0,12041.368399994099,30.26018051251939,50.0,9.114224481036947
20260630,0.0,8,11,grid_fft_topk_plus_ls,-4.30853972980227,0.21148999526188436,0.24800697595192106,0.202727642007623,0.016826430057638474,1.0,40.27919999498408,0.0,,
20260630,0.0,8,11,deterministic_cartesian_local_refinement_plus_ls,-14.305443038988617,0.06161575017852975,0.06204650742543681,0.05933971891277649,0.0043253386639563185,1.0,878.9933000080055,9.996903309186347,,
20260630,0.0,8,11,fixed_source_trained_scalar_interpolation_plus_ls,-11.320787852313412,0.07322634327536529,0.1067927030139349,0.08243099088123103,0.007177215808910173,1.0,881.3495999929728,7.012248122511142,,
20260630,0.0,8,11,tensor_nomp3d_known_order_v1,-34.538382424272264,0.005184321891751801,0.005180052052690339,0.004452566903199737,0.00035470736961708347,1.0,11325.907599995844,30.229842694469994,56.0,3.2391265648269467
20260630,0.0,8,12,grid_fft_topk_plus_ls,-4.650864306101364,13.195643267124046,0.12020391108226743,2.5190789862613587,0.12992774222717104,0.625,37.84789999190252,0.0,,
20260630,0.0,8,12,deterministic_cartesian_local_refinement_plus_ls,-11.861968557061768,13.284818086178461,0.15426672455514373,2.6211910788126085,0.13256865495345077,0.75,759.8160000052303,7.211104250960404,,
20260630,0.0,8,12,fixed_source_trained_scalar_interpolation_plus_ls,-10.143186302198558,13.25262602007258,0.12683341501180367,2.581148584580274,0.13148669469536875,0.75,765.3542999905767,5.492321996097194,,
20260630,0.0,8,12,tensor_nomp3d_known_order_v1,-36.95545707561002,0.004575009344149834,0.006253472817551423,0.007320684371240917,0.000454281152392312,1.0,12620.17840000044,32.30459276950866,53.0,10.695481660426024
20260630,0.0,8,13,grid_fft_topk_plus_ls,-3.673274256619133,15.044264595753628,1.4244686043163999,2.401631020851509,0.1654477039133936,0.75,50.2182000054745,0.0,,
20260630,0.0,8,13,deterministic_cartesian_local_refinement_plus_ls,-12.188349245686755,15.209425826525658,1.4720319051792918,2.3702747630966687,0.1675408905176056,0.75,917.8828000003705,8.515074989067621,,
20260630,0.0,8,13,fixed_source_trained_scalar_interpolation_plus_ls,-9.322651737597411,15.150011700037348,1.4511752523147794,2.3791059467786067,0.16662130166526726,0.75,850.9205000009388,5.649377480978278,,
20260630,0.0,8,13,tensor_nomp3d_known_order_v1,-34.419203440697075,0.004277267665320106,0.00893792073791298,0.006030624020355415,0.000590498972343862,1.0,10163.010000003851,30.74592918407794,52.0,3.9947303436307493
20260630,0.0,8,14,grid_fft_topk_plus_ls,-5.203939008631059,16.89811297948828,1.9097023201050767,2.5483092637471683,0.19497688865716895,0.75,40.428499996778555,0.0,,
20260630,0.0,8,14,deterministic_cartesian_local_refinement_plus_ls,-12.52829355648397,16.89750425975022,1.967902696939113,2.462322527879571,0.19615182025576486,0.875,717.3315000109142,7.324354547852911,,
20260630,0.0,8,14,fixed_source_trained_scalar_interpolation_plus_ls,-10.454508041478958,16.89755006971431,1.943897873093796,2.4919946931954615,0.19558217186033228,0.875,796.2476999964565,5.250569032847899,,
20260630,0.0,8,14,tensor_nomp3d_known_order_v1,-35.25454960217591,0.007479398719607296,0.004614199321653642,0.006202578860660572,0.0003523521186200436,1.0,9962.476500004414,30.050610593544853,52.0,9.752443436643953
20260630,0.0,8,15,grid_fft_topk_plus_ls,-4.273804665391701,19.738147587993485,2.568583398700861,3.324983461622853,0.24565690813785407,0.625,35.86310001264792,0.0,,
20260630,0.0,8,15,deterministic_cartesian_local_refinement_plus_ls,-10.411513364185891,19.774118498759822,2.6120007558480958,3.4121041939870005,0.24876870998851638,0.75,725.8766999875661,6.1377086987941905,,
20260630,0.0,8,15,fixed_source_trained_scalar_interpolation_plus_ls,-9.140772406498073,19.760951112224525,2.5934543684195805,3.379014284823734,0.24750258261964223,0.75,709.0599000075599,4.866967741106372,,
20260630,0.0,8,15,tensor_nomp3d_known_order_v1,-35.937201394490245,0.0039733606289605655,0.011644837456414684,0.003445673075684085,0.0007363791437283641,1.0,9998.37810000463,31.663396729098544,51.0,3.3173119391585066
20260630,0.0,8,16,grid_fft_topk_plus_ls,-4.31670505279823,0.22548318207475432,0.260234253725463,0.1713139792977416,0.017213435356598986,1.0,39.27569999359548,0.0,,
20260630,0.0,8,16,deterministic_cartesian_local_refinement_plus_ls,-12.94454841664803,0.06880119144220882,0.07684146939016742,0.08016794271126146,0.0054433512839424944,1.0,707.3461999971187,8.627843363849799,,
20260630,0.0,8,16,fixed_source_trained_scalar_interpolation_plus_ls,-10.501272553106455,0.07241565402004983,0.11616542915561268,0.09389551028813668,0.007851262976879974,1.0,775.4301999957534,6.184567500308225,,
20260630,0.0,8,16,tensor_nomp3d_known_order_v1,-37.34216913520663,0.0022374203084078127,0.004708509310164053,0.004694582943155934,0.0003292869705777057,1.0,10813.734299998032,33.025464082408405,50.0,10.100152165986922
20260630,0.0,8,17,grid_fft_topk_plus_ls,-4.688559721582505,18.480034956646058,1.7383324573754229,4.662555060462961,0.232116407713293,0.5,31.199500008369796,0.0,,
20260630,0.0,8,17,deterministic_cartesian_local_refinement_plus_ls,-12.769027503823578,18.42669743933474,1.84654267789599,4.614262350551192,0.23417021291285706,0.625,796.8563000031281,8.080467782241072,,
20260630,0.0,8,17,fixed_source_trained_scalar_interpolation_plus_ls,-10.70172082005075,18.44538056990495,1.8049160840682776,4.6306706398731805,0.2333069474295246,0.625,834.259800001746,6.013161098468246,,
20260630,0.0,8,17,tensor_nomp3d_known_order_v1,-34.619709948798516,0.0038204710613963795,0.011538734594810458,0.012288177745632282,0.0008175809559804311,1.0,10260.544000004302,29.931150227216012,48.0,8.15201796149094
20260630,0.0,8,18,grid_fft_topk_plus_ls,-3.7784761309709824,17.73479012058055,1.2049211722556339,5.802210938919179,0.2403014579995856,0.25,28.55640000780113,0.0,,
20260630,0.0,8,18,deterministic_cartesian_local_refinement_plus_ls,-11.083690005569956,17.90724243200519,1.268161997411273,5.732795313440117,0.24072586102948157,0.5,804.0544000105001,7.305213874598973,,
20260630,0.0,8,18,fixed_source_trained_scalar_interpolation_plus_ls,-9.437053107555792,17.845030082455278,1.2382736586380514,5.756863603747877,0.24039677454373845,0.5,761.5021000092383,5.6585769765848095,,
20260630,0.0,8,18,tensor_nomp3d_known_order_v1,-34.631010471686025,0.006119309050995929,0.006616510584483737,0.006830766996038053,0.00046782471016375233,1.0,10469.03169999132,30.852534340715042,47.0,7.884015062304529
20260630,0.0,8,19,grid_fft_topk_plus_ls,-5.9320017213920115,22.03964938611462,1.709288040179503,0.33005798175203116,0.20289586777243823,0.625,38.92430000996683,0.0,,
20260630,0.0,8,19,deterministic_cartesian_local_refinement_plus_ls,-12.109628471003697,22.069665266396335,1.8489902294958613,0.39713730728737595,0.20793502104069256,0.75,793.7558999983594,6.177626749611686,,
20260630,0.0,8,19,fixed_source_trained_scalar_interpolation_plus_ls,-11.924600798200618,22.05875700899062,1.793736362047307,0.3586284367249222,0.2058954633941586,0.75,781.4474000042537,5.992599076808607,,
20260630,0.0,8,19,tensor_nomp3d_known_order_v1,-36.57781432549925,0.0040659109172815865,0.003837542719946203,0.008587175128355759,0.00036131235968161373,1.0,10805.510400008643,30.645812604107235,48.0,12.853258564610826
20260630,10.0,2,0,grid_fft_topk_plus_ls,-4.80471473830066,10.02649887287192,4.2171781734519325,3.7634015838512753,0.2990622158205827,0.0,8.006999996723607,0.0,,
20260630,10.0,2,0,deterministic_cartesian_local_refinement_plus_ls,-8.891796508842049,10.02649887287192,4.347670568176089,3.919241240950323,0.30817725352485487,0.5,168.27209999610204,4.087081770541388,,
20260630,10.0,2,0,fixed_source_trained_scalar_interpolation_plus_ls,-8.232841289525481,10.02649887287192,4.298015833420597,3.862654496379189,0.3047396231918035,0.5,206.88859999063425,3.428126551224821,,
20260630,10.0,2,0,tensor_nomp3d_known_order_v1,-49.963756691100244,0.00037619934454469103,0.0016786098416302882,0.002298462370018431,0.00012717904855113248,1.0,1109.2358000023523,45.15904195279958,7.0,0.3969248962382855
20260630,10.0,2,1,grid_fft_topk_plus_ls,-5.0857425014774105,0.1050422795300114,0.2767527595438676,0.10784799693005234,0.01764142540348041,1.0,11.910200002603233,0.0,,
20260630,10.0,2,1,deterministic_cartesian_local_refinement_plus_ls,-11.983454546208591,0.1050422795300114,0.055397475232567266,0.052295738669178686,0.003915611639801686,1.0,192.50319999991916,6.897712044731181,,
20260630,10.0,2,1,fixed_source_trained_scalar_interpolation_plus_ls,-9.947017656481652,0.1050422795300114,0.1332647740211498,0.010106927600848251,0.008375336251162355,1.0,195.50379998690914,4.8612751550042415,,
20260630,10.0,2,1,tensor_nomp3d_known_order_v1,-50.744766116914604,0.00042824417435994563,0.0007624900642106214,0.0006147385315426241,5.149076374717139e-05,1.0,1033.1925000064075,45.65902361543719,6.0,0.03726143955091729
20260630,10.0,2,2,grid_fft_topk_plus_ls,-6.2956243028047,0.1621224586348035,0.2110828771683114,0.10698496023280803,0.013668524109903206,1.0,12.007400000584312,0.0,,
20260630,10.0,2,2,deterministic_cartesian_local_refinement_plus_ls,-13.469440102348864,0.0286144734604702,0.06647326329906467,0.09285417814669632,0.00507250666021149,1.0,182.3156000027666,7.1738157995441645,,
20260630,10.0,2,2,fixed_source_trained_scalar_interpolation_plus_ls,-12.187608363288174,0.06417920336779946,0.11389806897821593,0.06176385608241996,0.007392675456845615,1.0,222.62909999699332,5.891984060483474,,
20260630,10.0,2,2,tensor_nomp3d_known_order_v1,-50.76645579190624,0.0010409957566569876,0.0005986813094523006,0.000719520329148862,4.4404878316524624e-05,1.0,1095.2228999958606,44.47083148910154,7.0,0.3840152459030428
20260630,10.0,2,3,grid_fft_topk_plus_ls,-4.816106698142639,0.1576285238282737,0.21588700893319288,0.22795594508988049,0.015307576931067724,1.0,8.17710001138039,0.0,,
20260630,10.0,2,3,deterministic_cartesian_local_refinement_plus_ls,-15.803034871973082,0.0621805178318311,0.04152923640697283,0.046435572980564076,0.003013093722950564,1.0,197.25739999557845,10.986928173830442,,
20260630,10.0,2,3,fixed_source_trained_scalar_interpolation_plus_ls,-11.940426020885774,0.0745705201676173,0.07848329441774939,0.09140461823076292,0.005706087578076169,1.0,185.4488999961177,7.124319322743134,,
20260630,10.0,2,3,tensor_nomp3d_known_order_v1,-49.830861159003746,0.0007328108415750865,0.0005759871546067946,0.0012097289143626188,5.251536315790039e-05,1.0,988.0467999901157,45.014754460861106,7.0,0.3978809691949947
20260630,10.0,2,4,grid_fft_topk_plus_ls,-4.565074836682333,0.19871375417643583,0.27441975149666004,0.16720491292479503,0.017996587952659696,1.0,8.055899990722537,0.0,,
20260630,10.0,2,4,deterministic_cartesian_local_refinement_plus_ls,-20.465071936897104,0.03963407477351524,0.05681297823481735,0.011294348208799043,0.0035817188594422017,1.0,181.15260000922717,15.89999710021477,,
20260630,10.0,2,4,fixed_source_trained_scalar_interpolation_plus_ls,-11.09381242708899,0.09659007274843485,0.13191287567842477,0.06538050723513202,0.008527399568354079,1.0,235.96449999604374,6.5287375904066565,,
20260630,10.0,2,4,tensor_nomp3d_known_order_v1,-49.228586315698415,0.0003574100920575026,0.0017325785577709041,0.0004189098811040419,0.00010911031901731485,1.0,1152.539100003196,44.66351147901608,5.0,0.06594258324070472
20260630,10.0,2,5,grid_fft_topk_plus_ls,-5.728123384176284,0.11574480673655031,0.1201677181860591,0.2601374954285252,0.011104525676493783,1.0,10.975700002745725,0.0,,
20260630,10.0,2,5,deterministic_cartesian_local_refinement_plus_ls,-13.479957280299534,0.04902807545123771,0.09027892162499492,0.06325851650314605,0.005990960734973817,1.0,209.62989999679849,7.75183389612325,,
20260630,10.0,2,5,fixed_source_trained_scalar_interpolation_plus_ls,-12.88801175187494,0.022844415748669543,0.06770750815996902,0.12314208779334729,0.005722575320606477,1.0,206.78930000576656,7.159888367698656,,
20260630,10.0,2,5,tensor_nomp3d_known_order_v1,-50.9866086722091,0.00033361268202486476,8.881351174819657e-05,0.00044991117864381984,1.5338864961781556e-05,1.0,1154.7827000031248,45.258485288032816,7.0,0.5515150789732819
20260630,10.0,2,6,grid_fft_topk_plus_ls,-3.6517480776608124,0.30375677846060956,0.24877828180399997,0.1421508507457092,0.01634396389785726,1.0,13.216599996667355,0.0,,
20260630,10.0,2,6,deterministic_cartesian_local_refinement_plus_ls,-15.048092112741857,0.08362609937166116,0.04751326471102978,0.038446058523578644,0.0032693569421886216,1.0,252.63610000547487,11.396344035081045,,
20260630,10.0,2,6,fixed_source_trained_scalar_interpolation_plus_ls,-9.120227080273843,0.16090984725728444,0.10942742681155786,0.048643622338360566,0.007117999413940037,1.0,225.49240000080317,5.46847900261303,,
20260630,10.0,2,6,tensor_nomp3d_known_order_v1,-54.886373520910404,0.0003068677853160388,0.0006341019996865435,0.0005925363291338063,4.380940359091311e-05,1.0,1057.5532999937423,51.23462544324959,6.0,0.13479260348534847
20260630,10.0,2,7,grid_fft_topk_plus_ls,-3.432832030840723,0.1738962009177563,0.24436717072218664,0.2729071815158467,0.01754540925738472,1.0,11.263399996096268,0.0,,
20260630,10.0,2,7,deterministic_cartesian_local_refinement_plus_ls,-15.13277888054712,0.03150063529345812,0.07127031264121744,0.08175167468304705,0.005140903705959558,1.0,213.87890000187326,11.699946849706397,,
20260630,10.0,2,7,fixed_source_trained_scalar_interpolation_plus_ls,-9.319435491289877,0.07514639870339272,0.11404773331268041,0.13900645250137822,0.008367958330473836,1.0,201.01219999196474,5.8866034604491535,,
20260630,10.0,2,7,tensor_nomp3d_known_order_v1,-50.28566780814345,0.0010760034680188436,0.00046919719295745706,0.0010916825804961421,4.5765156583944514e-05,1.0,1084.9776999966707,46.85283577730273,6.0,0.25918469240578884
20260630,10.0,2,8,grid_fft_topk_plus_ls,-7.2503016776923594,0.059879309977130576,0.1810547888016352,0.164493839911332,0.012437565377340832,1.0,11.94610001402907,0.0,,
20260630,10.0,2,8,deterministic_cartesian_local_refinement_plus_ls,-14.4261678928126,0.059879309977130576,0.04480556059709033,0.07469911823052466,0.0036755908115259565,1.0,209.36430001165718,7.175866215120241,,
20260630,10.0,2,8,fixed_source_trained_scalar_interpolation_plus_ls,-16.69002372493937,0.059879309977130576,0.037286067098833836,0.04042649137817841,0.0026917481212758486,1.0,203.59289999760222,9.43972204724701,,
20260630,10.0,2,8,tensor_nomp3d_known_order_v1,-50.76346915200638,0.0010069777871510447,0.00010288765342182997,0.001039785257549101,3.404489403386187e-05,1.0,928.9437999977963,43.51316747431402,7.0,0.2760118683983586
20260630,10.0,2,9,grid_fft_topk_plus_ls,-9.151433832993842,0.13745594492879867,0.15613393599515973,0.08378724214859141,0.01016045150469668,1.0,9.579800011124462,0.0,,
20260630,10.0,2,9,deterministic_cartesian_local_refinement_plus_ls,-14.647986705963842,0.08656123081702231,0.024148852325295643,0.08388289301902045,0.0030994755940791066,1.0,164.27009999461006,5.49655287297,,
20260630,10.0,2,9,fixed_source_trained_scalar_interpolation_plus_ls,-16.771622932462304,0.07587571300824598,0.05731718794477193,0.03481802767240408,0.0037905561393185533,1.0,193.07780000963248,7.620189099468462,,
20260630,10.0,2,9,tensor_nomp3d_known_order_v1,-51.505589263281124,0.00019729885394079218,0.0005670652309285312,0.0003052573398839582,3.673526058887775e-05,1.0,1079.1845999920042,42.35415543028728,7.0,0.039276407538352695
20260630,10.0,2,10,grid_fft_topk_plus_ls,-3.767298769292489,0.23097751921822127,0.23200629247942964,0.22377300659501176,0.016199333599327213,1.0,9.229500006767921,0.0,,
20260630,10.0,2,10,deterministic_cartesian_local_refinement_plus_ls,-13.012609001995232,0.07763433133215406,0.09402385323263289,0.048606473559749654,0.0060998544957630565,1.0,236.80690000765026,9.245310232702742,,
20260630,10.0,2,10,fixed_source_trained_scalar_interpolation_plus_ls,-8.629922015132578,0.13097486901952202,0.13831466152514618,0.08837780818619961,0.009132625793147518,1.0,215.64790001139045,4.862623245840089,,
20260630,10.0,2,10,tensor_nomp3d_known_order_v1,-51.68454637439603,0.0009674192584136707,0.00031623872613027027,0.0005643525583148373,2.7546397100245854e-05,1.0,1281.9068999961019,47.91724760510354,6.0,0.22636337865048733
20260630,10.0,2,11,grid_fft_topk_plus_ls,-6.786763900538535,0.15817702825239463,0.167595489165244,0.19182269881749361,0.012131791268291404,1.0,10.588099990854971,0.0,,
20260630,10.0,2,11,deterministic_cartesian_local_refinement_plus_ls,-15.808763399217462,0.049940174965380425,0.07822611468289677,0.03638278800475333,0.005034731293039803,1.0,206.28089999081567,9.021999498678927,,
20260630,10.0,2,11,fixed_source_trained_scalar_interpolation_plus_ls,-12.875773296140476,0.06886088718551309,0.09037513382960516,0.09059426575134073,0.0063410819595225276,1.0,194.2865999881178,6.089009395601941,,
20260630,10.0,2,11,tensor_nomp3d_known_order_v1,-54.792194453457824,0.0003582029781468803,0.00044573325514168634,0.0005211253585542762,3.239019181048091e-05,1.0,1194.9753000080818,48.00543055291929,6.0,0.2595392833784794
20260630,10.0,2,12,grid_fft_topk_plus_ls,-6.624475191981406,0.1777865860443853,0.20186410487536577,0.09453129463370492,0.013031967059098601,1.0,10.828100013895892,0.0,,
20260630,10.0,2,12,deterministic_cartesian_local_refinement_plus_ls,-12.786981561030487,0.05926078371766967,0.06975647732841643,0.0827679725395884,0.005090383456690951,1.0,229.21849999693222,6.162506369049081,,
20260630,10.0,2,12,fixed_source_trained_scalar_interpolation_plus_ls,-13.327308896614937,0.04399939905640608,0.10907208055147657,0.0421788826896707,0.006951768116416624,1.0,268.09009999851696,6.702833704633531,,
20260630,10.0,2,12,tensor_nomp3d_known_order_v1,-50.563621261667386,0.00038584983927831515,0.0003830400396581953,0.0004521148429796569,2.7961181331403505e-05,1.0,1214.6359999896958,43.93914606968598,6.0,0.42407984631257367
20260630,10.0,2,13,grid_fft_topk_plus_ls,-5.747603557401097,0.15391445645876986,0.21163418444780477,0.17157451230327064,0.01432309000696087,1.0,11.746000003768131,0.0,,
20260630,10.0,2,13,deterministic_cartesian_local_refinement_plus_ls,-13.768163708072809,0.04670859449792977,0.07512248387727223,0.06332360867204272,0.005108183686689937,1.0,237.7454000088619,8.020560150671713,,
20260630,10.0,2,13,fixed_source_trained_scalar_interpolation_plus_ls,-14.533667604227126,0.06375714326023517,0.08957718520841845,0.0384515473288632,0.005747695764844048,1.0,228.4833999874536,8.78606404682603,,
20260630,10.0,2,13,tensor_nomp3d_known_order_v1,-54.62151046841073,0.0006178491339484264,0.00039811417726883235,0.00041549766111768617,2.8478275985555184e-05,1.0,1275.1742999971611,48.873906911009634,8.0,0.22774055945129162
20260630,10.0,2,14,grid_fft_topk_plus_ls,-6.449730054431093,0.09573475252934657,0.12679938254932174,0.237034420016991,0.01087349447912055,1.0,10.79790000221692,0.0,,
20260630,10.0,2,14,deterministic_cartesian_local_refinement_plus_ls,-14.702138048054538,0.06775829627787648,0.06255238145876821,0.019602425125990197,0.0039924741146047694,1.0,228.0153000028804,8.252407993623445,,
20260630,10.0,2,14,fixed_source_trained_scalar_interpolation_plus_ls,-14.4525206671587,0.02026645209233056,0.0495040248506891,0.09342868958731707,0.004257023666743968,1.0,219.73609999986365,8.002790612727607,,
20260630,10.0,2,14,tensor_nomp3d_known_order_v1,-49.597234937713665,0.0004240502947279035,0.001296147873475184,0.0012323002246703663,8.975770199563591e-05,1.0,1270.8449000056135,43.14750488328257,6.0,0.3448987085856765
20260630,10.0,2,15,grid_fft_topk_plus_ls,-6.146695604500875,33.2002870824471,2.0054904800798052,6.419232334684193,0.3510387813371346,0.5,13.88490000681486,0.0,,
20260630,10.0,2,15,deterministic_cartesian_local_refinement_plus_ls,-9.293300167309638,33.51775100532223,2.0054904800798052,6.419232334684193,0.35287531141757217,0.5,270.9921000059694,3.146604562808763,,
20260630,10.0,2,15,fixed_source_trained_scalar_interpolation_plus_ls,-8.946713752056276,33.403984687833095,2.0054904800798052,6.419232334684193,0.35221626586921184,0.5,261.8769999971846,2.8000181475554005,,
20260630,10.0,2,15,tensor_nomp3d_known_order_v1,-54.660426843756696,0.00035739476162609246,0.0013349535017643847,6.845369298354208e-05,8.350870384120861e-05,1.0,1220.4259999998612,48.51373123925582,7.0,0.14985617534006568
20260630,10.0,2,16,grid_fft_topk_plus_ls,-6.077633011004201,0.16197734034671088,0.13008127031173908,0.2040195994513881,0.01040903377171123,1.0,12.74849999754224,0.0,,
20260630,10.0,2,16,deterministic_cartesian_local_refinement_plus_ls,-19.130858529013317,0.038475061058000026,0.03392818608459425,0.03129792002124116,0.0023544687578459884,1.0,225.0052000017604,13.053225518009116,,
20260630,10.0,2,16,fixed_source_trained_scalar_interpolation_plus_ls,-15.08363552064788,0.06728139053860749,0.03130102111790446,0.062425428446603884,0.002812304490320346,1.0,228.69809999247082,9.006002509643679,,
20260630,10.0,2,16,tensor_nomp3d_known_order_v1,-51.012146238656406,0.0009210619883774979,0.00011808539731609272,0.001181423757500809,3.833142041704342e-05,1.0,1198.5596000013174,44.934513227652204,6.0,0.3640328366617949
20260630,10.0,2,17,grid_fft_topk_plus_ls,-3.9175049175997594,0.2547381385961542,0.2264139580484069,0.2203041223477844,0.01586203788831027,1.0,11.47740001033526,0.0,,
20260630,10.0,2,17,deterministic_cartesian_local_refinement_plus_ls,-11.166015363393207,0.10952296392691058,0.08656118627370771,0.06820643456617216,0.005877424580261676,1.0,207.92549999896437,7.248510445793448,,
20260630,10.0,2,17,fixed_source_trained_scalar_interpolation_plus_ls,-11.396891897913704,0.0875395970945905,0.10737585520316567,0.12061105315836827,0.0077273024533595506,1.0,209.48089999728836,7.479386980313945,,
20260630,10.0,2,17,tensor_nomp3d_known_order_v1,-50.06405584191516,0.001434763339628845,0.0003517546706757062,0.0006153589915493038,3.128515517731154e-05,1.0,1170.2567000029376,46.146550924315406,7.0,0.15967473325270434
20260630,10.0,2,18,grid_fft_topk_plus_ls,-3.353684684497993,0.21233372531779607,0.22717201149350383,0.23982679326604261,0.016140352208307077,1.0,10.31360001070425,0.0,,
20260630,10.0,2,18,deterministic_cartesian_local_refinement_plus_ls,-14.889470467504072,0.029377185017044758,0.002272961139773266,0.10302392041400885,0.0032307924413578206,1.0,225.28349999629427,11.53578578300608,,
20260630,10.0,2,18,fixed_source_trained_scalar_interpolation_plus_ls,-9.23936818573856,0.07114534808643998,0.08274185175400695,0.12558804900727233,0.006515723767598802,1.0,236.72220000298694,5.885683501240567,,
20260630,10.0,2,18,tensor_nomp3d_known_order_v1,-53.438357612245284,0.00046203764166334046,0.0003459378477040538,0.0010016321251828323,3.821328553521462e-05,1.0,1353.3994000026723,50.08467292774729,6.0,0.3088764717868371
20260630,10.0,2,19,grid_fft_topk_plus_ls,-6.406126855471453,3.0470381460209697,1.4581529486440843,6.151741189092439,0.21407741128628674,0.5,12.976099998923019,0.0,,
20260630,10.0,2,19,deterministic_cartesian_local_refinement_plus_ls,-10.301307496992067,3.0470381460209697,1.7568320673098312,6.151741189092439,0.22266591623742776,0.5,246.42169999424368,3.8951806415206134,,
20260630,10.0,2,19,fixed_source_trained_scalar_interpolation_plus_ls,-10.294339590167656,3.0470381460209697,1.6419702036285342,6.151741189092439,0.2192148227718629,0.5,261.73120000748895,3.8882127346962028,,
20260630,10.0,2,19,tensor_nomp3d_known_order_v1,-50.24786531178045,0.001396317171907958,0.0005430760065642937,0.0026181410297063316,8.924731372795806e-05,1.0,1524.3704000022262,43.841738456308995,6.0,0.13946629468811253
20260630,10.0,4,0,grid_fft_topk_plus_ls,-6.191019585591009,13.849276187076114,2.368008518743019,7.122536870346028,0.28836155221410553,0.75,25.67849999468308,0.0,,
20260630,10.0,4,0,deterministic_cartesian_local_refinement_plus_ls,-10.918351346064522,13.96175443724126,2.3625715997369605,7.3446103340516204,0.29390527960358914,0.75,504.88880000193603,4.727331760473513,,
20260630,10.0,4,0,fixed_source_trained_scalar_interpolation_plus_ls,-11.045252448490784,13.921373650553695,2.363289235910107,7.2646690311282525,0.291863541082618,0.75,650.3930000035325,4.854232862899774,,
20260630,10.0,4,0,tensor_nomp3d_known_order_v1,-50.56200079651174,0.0007197116273104146,0.002217735659208651,0.0009005874397614757,0.00014154848718178227,1.0,3835.2083999925526,44.37098121092073,16.0,0.23981935654641295
20260630,10.0,4,1,grid_fft_topk_plus_ls,-5.576262508258182,2.4967352803152782,0.37620803279565107,2.4012651148343407,0.08102016488442176,0.5,23.777100010192953,0.0,,
20260630,10.0,4,1,deterministic_cartesian_local_refinement_plus_ls,-12.340684257386279,2.6024420136162307,0.18677793568253115,2.285530541563805,0.07517224928840469,0.75,483.63940000126604,6.764421749128097,,
20260630,10.0,4,1,fixed_source_trained_scalar_interpolation_plus_ls,-10.310751374021166,2.563389436147103,0.24192615353229954,2.3263841227157886,0.07690841168652997,0.75,467.9260999982944,4.734488865762984,,
20260630,10.0,4,1,tensor_nomp3d_known_order_v1,-49.313663188442845,0.0014368176663583244,0.000922394732445779,0.0020243790354311834,8.632235677429109e-05,1.0,3677.4804000015138,43.73740068018466,17.0,0.2918833677409668
20260630,10.0,4,2,grid_fft_topk_plus_ls,-7.403028644915942,24.892117756501836,1.6408486173193906,6.910435558778558,0.30817277734316423,0.5,18.58390000415966,0.0,,
20260630,10.0,4,2,deterministic_cartesian_local_refinement_plus_ls,-13.479850445137306,24.924307854753714,1.6364543724074285,6.974075897919893,0.30963686267590096,0.5,446.61129999440163,6.076821800221364,,
20260630,10.0,4,2,fixed_source_trained_scalar_interpolation_plus_ls,-14.098428125782858,24.912435667710266,1.6353630404340465,6.949889590236643,0.3090243516232262,0.5,415.64520000247285,6.695399480866916,,
20260630,10.0,4,2,tensor_nomp3d_known_order_v1,-48.972674902217086,0.0009570841893382831,0.00207782204224894,0.003420882493733755,0.00016837071213872805,1.0,3419.8701999994228,41.569646257301144,15.0,0.27146669650089705
20260630,10.0,4,3,grid_fft_topk_plus_ls,-3.8660139074074555,0.17926149902384822,0.20811542955085163,0.2956247332474926,0.016015450571937657,1.0,21.912600001087412,0.0,,
20260630,10.0,4,3,deterministic_cartesian_local_refinement_plus_ls,-14.454648912569244,0.051178197911131734,0.07068622760663688,0.0705689926468713,0.004953874579772082,1.0,479.46780000347644,10.588635005161787,,
20260630,10.0,4,3,fixed_source_trained_scalar_interpolation_plus_ls,-10.977589392586758,0.06678824929898203,0.06458185082011433,0.11885608045927476,0.005510007016165001,1.0,489.0802000008989,7.111575485179302,,
20260630,10.0,4,3,tensor_nomp3d_known_order_v1,-49.15889071973376,0.0003455241973711254,0.000949310728583641,0.001657507106581627,7.880674376574095e-05,1.0,3780.514999991283,45.292876812326305,18.0,0.4911519097787803
20260630,10.0,4,4,grid_fft_topk_plus_ls,-4.719604305710638,0.2018300469939432,0.22168130316252455,0.2381665012819122,0.01580643545734592,1.0,19.82250000583008,0.0,,
20260630,10.0,4,4,deterministic_cartesian_local_refinement_plus_ls,-14.461594851729064,0.06600194137149225,0.07635611265574478,0.07106025614190892,0.005288812058240846,1.0,449.12409999233205,9.741990546018426,,
20260630,10.0,4,4,fixed_source_trained_scalar_interpolation_plus_ls,-11.675283070857024,0.09303468092113941,0.09850358168023313,0.10916183233640936,0.007075837364540999,1.0,445.4934000095818,6.955678765146386,,
20260630,10.0,4,4,tensor_nomp3d_known_order_v1,-47.569169523102744,0.0006971288456888604,0.0011545951859631694,0.0010803557912541402,7.985523461136294e-05,1.0,3826.1856000026455,42.849565217392104,18.0,0.2800848371620207
20260630,10.0,4,5,grid_fft_topk_plus_ls,-5.01048950368885,17.025180115305858,2.5159312818608144,7.611952991606131,0.31464500796007694,0.5,20.279599993955344,0.0,,
20260630,10.0,4,5,deterministic_cartesian_local_refinement_plus_ls,-13.911596145973952,16.91170629282155,2.6245667332957003,7.713707616582425,0.3201105315280089,0.75,454.3660999916028,8.901106642285102,,
20260630,10.0,4,5,fixed_source_trained_scalar_interpolation_plus_ls,-14.126501774131437,16.95208312793268,2.5839402810060825,7.675531426953094,0.318047007166346,0.75,474.5160000020405,9.116012270442587,,
20260630,10.0,4,5,tensor_nomp3d_known_order_v1,-47.43975131472669,0.0010094186386065602,0.001232698980595234,0.0019827984036957084,9.918298809734573e-05,1.0,3419.5882999920286,42.42926181103784,16.0,0.17925547451119353
20260630,10.0,4,6,grid_fft_topk_plus_ls,-6.706197238038408,17.491362800577633,1.4481242062026745,1.8645826183458611,0.17395519301136864,0.75,21.56749999267049,0.0,,
20260630,10.0,4,6,deterministic_cartesian_local_refinement_plus_ls,-12.252732027787932,17.37861377801582,1.668125466284271,1.862523128347794,0.18080650547857513,0.75,479.6333999984199,5.546534789749524,,
20260630,10.0,4,6,fixed_source_trained_scalar_interpolation_plus_ls,-11.878110511218509,17.418903862669534,1.5882708952510172,1.8624800282468412,0.17821513026330713,0.75,498.14550000883173,5.171913273180101,,
20260630,10.0,4,6,tensor_nomp3d_known_order_v1,-49.868390440273316,0.0006902004693043018,0.002064325588893568,0.00115389422863936,0.0001340730837231061,1.0,3627.634400007082,43.16219320223491,16.0,0.24131630867185971
20260630,10.0,4,7,grid_fft_topk_plus_ls,-5.526244740740076,17.109424402301755,1.899683029261867,4.1747683636701485,0.22132336475222694,0.5,20.426799994311295,0.0,,
20260630,10.0,4,7,deterministic_cartesian_local_refinement_plus_ls,-15.931698731844158,17.220852311212496,1.899683029261867,4.27227894213238,0.22365572702218306,0.75,431.53389998769853,10.405453991104082,,
20260630,10.0,4,7,fixed_source_trained_scalar_interpolation_plus_ls,-12.5059977007945,17.18069656212671,1.899683029261867,4.235216743925723,0.22277713650857436,0.75,398.59909999358933,6.979752960054425,,
20260630,10.0,4,7,tensor_nomp3d_known_order_v1,-47.586044742232694,0.0038631338375803848,0.004001709536530203,0.0010654868290285164,0.0002541121121845399,1.0,3624.918700006674,42.05980000149262,14.0,0.4877467801767925
20260630,10.0,4,8,grid_fft_topk_plus_ls,-6.595552992972252,0.21262562952905908,0.07536457928277127,0.19477496226532628,0.007873646263426329,1.0,20.43069999490399,0.0,,
20260630,10.0,4,8,deterministic_cartesian_local_refinement_plus_ls,-13.437424672548243,0.07764962613477233,0.07181682917668489,0.04672687477679029,0.004758921531849064,1.0,450.04039999912493,6.841871679575991,,
20260630,10.0,4,8,fixed_source_trained_scalar_interpolation_plus_ls,-13.064223346974632,0.10645033027031436,0.049350606129724195,0.07911204100293355,0.004039462792549682,1.0,463.7386999966111,6.468670354002381,,
20260630,10.0,4,8,tensor_nomp3d_known_order_v1,-46.23355116026503,0.0013768592627039127,0.0008806994341744627,0.0003143409716798998,5.6938666796740343e-05,1.0,3488.2530000031693,39.63799816729278,17.0,0.22577445562449794
20260630,10.0,4,9,grid_fft_topk_plus_ls,-3.4468541770146324,3.483155200572155,0.6467338075511504,6.101925831593768,0.19681256564593888,0.5,21.607300004689023,0.0,,
20260630,10.0,4,9,deterministic_cartesian_local_refinement_plus_ls,-9.342046964278595,3.3620764999000756,0.7312768438320993,6.205734736651136,0.20096612186905863,0.75,482.0183999981964,5.895192787263962,,
20260630,10.0,4,9,fixed_source_trained_scalar_interpolation_plus_ls,-8.114764140564048,3.4042184227122205,0.6896333183784474,6.167348629026286,0.19927323889405,0.75,463.3393999974942,4.667909963549416,,
20260630,10.0,4,9,tensor_nomp3d_known_order_v1,-48.00073613294184,0.0018975123369087594,0.001600350300903846,0.0008225096807241532,0.00010433027243414886,1.0,3601.3571999937994,44.55388195592721,18.0,0.3863822334903132
20260630,10.0,4,10,grid_fft_topk_plus_ls,-8.208138794716307,3.0879536526267377,1.4220757133818709,2.3904477862357774,0.11858295844811165,0.75,20.906499994453043,0.0,,
20260630,10.0,4,10,deterministic_cartesian_local_refinement_plus_ls,-13.18183156591396,3.085411191497337,1.6311059903260585,2.3904477862357774,0.12866218472246202,0.75,459.88900000520516,4.973692771197653,,
20260630,10.0,4,10,fixed_source_trained_scalar_interpolation_plus_ls,-12.090048652778144,3.085850504423566,1.5529369274356997,2.3904477862357774,0.12482741055689375,0.75,478.9503999927547,3.881909858061837,,
20260630,10.0,4,10,tensor_nomp3d_known_order_v1,-48.15570211337131,0.0014521949302060144,0.0019060316749713391,0.0027548935716203145,0.0001474161240503153,1.0,3557.030299998587,39.94756331865501,17.0,0.2963688037842265
20260630,10.0,4,11,grid_fft_topk_plus_ls,-3.7561460219130858,25.777389089317683,2.6129209848606454,4.373372957990783,0.2930933936327753,0.5,25.214900000719354,0.0,,
20260630,10.0,4,11,deterministic_cartesian_local_refinement_plus_ls,-10.524527499150915,25.692449057938013,2.485539507527432,4.356998999994786,0.2880284511873852,0.5,442.74650000443216,6.7683814772378295,,
20260630,10.0,4,11,fixed_source_trained_scalar_interpolation_plus_ls,-8.81050759556249,25.722670465096524,2.529589923113177,4.360534840479062,0.28973831607039496,0.5,486.0649000038393,5.054361573649404,,
20260630,10.0,4,11,tensor_nomp3d_known_order_v1,-48.59274321666263,0.0012651816387146057,0.0006067824444983954,0.0007234232054392389,4.524373726685959e-05,1.0,3801.1661999917123,44.836597194749544,20.0,0.7851783783386392
20260630,10.0,4,12,grid_fft_topk_plus_ls,-4.786737422408278,6.571266390224015,0.18915887908021203,5.097092266903452,0.1677700722572041,0.75,27.687100009643473,0.0,,
20260630,10.0,4,12,deterministic_cartesian_local_refinement_plus_ls,-13.45709449488816,6.792181932932,0.2385156253839678,4.980164062615604,0.16510221552183935,0.75,478.08090000762604,8.670357072479883,,
20260630,10.0,4,12,fixed_source_trained_scalar_interpolation_plus_ls,-11.038179715649793,6.71239514775289,0.1941507535213507,5.0214777077149195,0.16589609879053513,0.75,485.722799989162,6.2514422932415155,,
20260630,10.0,4,12,tensor_nomp3d_known_order_v1,-49.375002395372,0.0018731918005711551,0.0013611780073722818,0.001002441905625454,9.183148956571084e-05,1.0,3660.747399990214,44.58826497296372,17.0,0.3305939201891645
20260630,10.0,4,13,grid_fft_topk_plus_ls,-6.531770181770947,0.1536471737097571,0.16179052421235576,0.11753460416946498,0.01082507144675562,1.0,28.06919999420643,0.0,,
20260630,10.0,4,13,deterministic_cartesian_local_refinement_plus_ls,-16.329951449074095,0.050832874082648485,0.055553712773271494,0.047573888384468264,0.003797824429336071,1.0,464.5730000047479,9.798181267303148,,
20260630,10.0,4,13,fixed_source_trained_scalar_interpolation_plus_ls,-14.491745530961463,0.03721051961066157,0.07440413817596038,0.059079183340866794,0.0050117822056738185,1.0,493.3776999969268,7.9599753491905165,,
20260630,10.0,4,13,tensor_nomp3d_known_order_v1,-47.61650081842217,0.0016810150072230252,0.0008273951701011772,0.0009771750331238284,6.147451939191701e-05,1.0,3783.4566999954404,41.08473063665122,19.0,0.5455359492323983
20260630,10.0,4,14,grid_fft_topk_plus_ls,-4.879213937072095,0.19177128500605847,0.2552190211503836,0.20184232927638635,0.017218319953372647,1.0,24.56710000114981,0.0,,
20260630,10.0,4,14,deterministic_cartesian_local_refinement_plus_ls,-13.605922397924173,0.04570176824301258,0.08417761611199785,0.05431312815304212,0.0055396247363850085,1.0,449.7531999950297,8.726708460852079,,
20260630,10.0,4,14,fixed_source_trained_scalar_interpolation_plus_ls,-12.832306029657117,0.07604038875890193,0.08665274667187083,0.08805946759254235,0.006103809617496525,1.0,458.6756999924546,7.953092092585022,,
20260630,10.0,4,14,tensor_nomp3d_known_order_v1,-45.182764532194504,0.001850390452868916,0.0013560452718251262,0.001035016455879011,9.185953703130243e-05,1.0,3857.4643999891123,40.30355059512241,17.0,0.6205400196169859
20260630,10.0,4,15,grid_fft_topk_plus_ls,-5.166231323071157,20.93236813871185,3.1481705571678833,6.654040932827767,0.32969183114339945,0.5,15.268199989804998,0.0,,
20260630,10.0,4,15,deterministic_cartesian_local_refinement_plus_ls,-13.032249422048771,20.93205881780578,3.2588661307916427,6.755793023453821,0.33585539128312547,0.75,451.7760000017006,7.866018098977614,,
20260630,10.0,4,15,fixed_source_trained_scalar_interpolation_plus_ls,-10.968943709325627,20.932030599731988,3.2187619590020917,6.718019217264419,0.3335970293496121,0.75,478.22370000358205,5.80271238625447,,
20260630,10.0,4,15,tensor_nomp3d_known_order_v1,-47.484488068750814,0.001680574602185192,0.003025800968361832,0.0008929111586564137,0.0001916104064916201,1.0,3814.1818000003695,42.318256745679655,18.0,0.4384355314840097
20260630,10.0,4,16,grid_fft_topk_plus_ls,-5.480523277147538,8.82698360445308,0.3982291214323263,6.8861643618225035,0.22733882688557314,0.5,20.479300001170486,0.0,,
20260630,10.0,4,16,deterministic_cartesian_local_refinement_plus_ls,-9.233944003182973,8.938954068454564,0.23713070994748983,6.885593670480233,0.22670874661173357,0.75,482.0808000076795,3.7534207260354355,,
20260630,10.0,4,16,fixed_source_trained_scalar_interpolation_plus_ls,-9.073993147629182,8.898531181125557,0.27464077679222,6.885586783253733,0.226776852583856,0.75,480.90989999764133,3.593469870481644,,
20260630,10.0,4,16,tensor_nomp3d_known_order_v1,-47.544412503404736,0.0013209032792016327,0.0014246904953482116,0.0009147234538819052,9.408658391471573e-05,1.0,3887.7246999909403,42.063889226257196,18.0,0.543438674025538
20260630,10.0,4,17,grid_fft_topk_plus_ls,-5.426110162822121,0.13977830104393163,3.8374689359977046,2.127828143846006,0.24889118377203723,0.5,29.763500002445653,0.0,,
20260630,10.0,4,17,deterministic_cartesian_local_refinement_plus_ls,-10.303615523578378,0.12875188415510555,3.9489301300773705,2.2106883798570998,0.2562964437089554,0.75,463.7007999990601,4.877505360756257,,
20260630,10.0,4,17,fixed_source_trained_scalar_interpolation_plus_ls,-11.606446435410152,0.09439197253783568,3.908266928673251,2.177374953626218,0.2535677456957596,0.75,461.66339999763295,6.180336272588032,,
20260630,10.0,4,17,tensor_nomp3d_known_order_v1,-49.5371535141578,0.0009396354613228908,0.0014693418932644785,0.001199334211415363,9.945872614279606e-05,1.0,3709.385000009206,44.11104335133568,18.0,0.22149879282157034
20260630,10.0,4,18,grid_fft_topk_plus_ls,-3.4167828394134836,24.454242309795145,5.20610629027027,7.9935309827579415,0.45251719076549424,0.5,20.322399999713525,0.0,,
20260630,10.0,4,18,deterministic_cartesian_local_refinement_plus_ls,-9.224341912551306,24.463200683446203,5.198633510212961,8.085001394507858,0.45379629237552194,0.5,418.44090000086,5.807559073137822,,
20260630,10.0,4,18,fixed_source_trained_scalar_interpolation_plus_ls,-8.461242707163724,24.459636434318366,5.200191857929314,8.05001839173154,0.45324663340597526,0.5,468.12630000931676,5.0444598677502395,,
20260630,10.0,4,18,tensor_nomp3d_known_order_v1,-47.67196222424799,0.0014843707348057718,0.0014472004004571367,0.0018216836603763117,0.00010750089541193204,1.0,3430.010600000969,44.255179384834506,16.0,0.40111471491130074
20260630,10.0,4,19,grid_fft_topk_plus_ls,-5.567730748618528,0.14023807625048898,0.2031325243191492,0.19592694957842569,0.014137571465650502,1.0,18.518199998652562,0.0,,
20260630,10.0,4,19,deterministic_cartesian_local_refinement_plus_ls,-14.160149762951793,0.08685829880803402,0.05666140642257691,0.06692316341689553,0.004168367259809028,1.0,417.75210000923835,8.592419014333265,,
20260630,10.0,4,19,fixed_source_trained_scalar_interpolation_plus_ls,-12.740080778486277,0.0561933193635969,0.07210893387425527,0.10393476722747684,0.005572549278105088,1.0,495.2158999949461,7.172350029867749,,
20260630,10.0,4,19,tensor_nomp3d_known_order_v1,-50.31647904127993,0.0011897566644379282,0.0008755514190801478,0.0006280434839497882,5.8873455933513915e-05,1.0,3471.285200008424,44.7487482926614,18.0,0.2588835417086063
20260630,10.0,8,0,grid_fft_topk_plus_ls,-3.6353733431947015,1.771850528745451,1.5225652863299193,1.536589106602668,0.10748429291405089,0.75,54.746599998907186,0.0,,
20260630,10.0,8,0,deterministic_cartesian_local_refinement_plus_ls,-14.040475649869151,1.6029941097427889,1.4268052875214028,1.6671614229257772,0.10403537515444113,0.875,911.1583000048995,10.40510230667445,,
20260630,10.0,8,0,fixed_source_trained_scalar_interpolation_plus_ls,-11.652694030400848,1.660178432676074,1.4583293786191753,1.6144229272413377,0.10498103307556612,0.875,800.8180999895558,8.017320687206148,,
20260630,10.0,8,0,tensor_nomp3d_known_order_v1,-44.91072774442113,0.0017112326796493668,0.0015093015032473353,0.001779205235175001,0.00011031097382945931,1.0,12049.49070001021,41.27535440122643,59.0,0.654672689919789
20260630,10.0,8,1,grid_fft_topk_plus_ls,-5.034952673190308,14.109034096541132,2.8817891684861183,3.6950105802328435,0.24067266396947004,0.625,35.36910000548232,0.0,,
20260630,10.0,8,1,deterministic_cartesian_local_refinement_plus_ls,-11.022698931527096,14.278324532591938,2.9501362897853936,3.7626676908448276,0.24549215979057482,0.75,874.957899999572,5.987746258336788,,
20260630,10.0,8,1,fixed_source_trained_scalar_interpolation_plus_ls,-10.020912231336057,14.217322757423197,2.924602889872119,3.7374143272156717,0.24369939530062334,0.75,874.2584999999963,4.985959558145749,,
20260630,10.0,8,1,tensor_nomp3d_known_order_v1,-45.795422554451164,0.001907968722693498,0.0010328900193886195,0.001413064463873948,7.96214179930257e-05,1.0,12401.863099992624,40.76046988126086,53.0,1.1776743534784708
20260630,10.0,8,2,grid_fft_topk_plus_ls,-5.8638486786667094,19.434771145170643,1.1439915179698243,2.911948873194274,0.190909644562883,0.5,34.64480000548065,0.0,,
20260630,10.0,8,2,deterministic_cartesian_local_refinement_plus_ls,-11.381598124719378,19.444909186589896,1.1368629153181842,2.927149130882972,0.19103327696301758,0.75,934.410999994725,5.517749446052669,,
20260630,10.0,8,2,fixed_source_trained_scalar_interpolation_plus_ls,-11.64084117529198,19.440942871785698,1.136224691691524,2.918975846105534,0.19087160642905562,0.75,870.8203999995021,5.776992496625271,,
20260630,10.0,8,2,tensor_nomp3d_known_order_v1,-44.978038470054514,0.0017312758438448202,0.002197523267316076,0.0023014268183047496,0.00015562478568811153,1.0,11652.873600003659,39.1141897913878,50.0,0.808574848831558
20260630,10.0,8,3,grid_fft_topk_plus_ls,-4.721003883490255,22.279758292031445,1.3702615214097886,2.567328143475249,0.2099243427503447,0.75,43.15070000302512,0.0,,
20260630,10.0,8,3,deterministic_cartesian_local_refinement_plus_ls,-10.325108941391,22.446932785935704,1.440337670060829,2.6488631880672493,0.21379731766288887,0.75,782.0733000116888,5.604105057900746,,
20260630,10.0,8,3,fixed_source_trained_scalar_interpolation_plus_ls,-9.302115983728958,22.3868894731075,1.413072413808675,2.617737021970197,0.21232286498293798,0.75,939.7992000012891,4.581112100238704,,
20260630,10.0,8,3,tensor_nomp3d_known_order_v1,-44.9919066359804,0.002863554462216407,0.001030628420232731,0.001380902258170176,8.069623378652326e-05,1.0,12558.330800005933,40.270902752490144,55.0,0.4484690528822889
20260630,10.0,8,4,grid_fft_topk_plus_ls,-5.522750032765903,8.367923615459567,1.7313696232351985,2.5764830036345243,0.14988671457553981,0.75,52.65879999205936,0.0,,
20260630,10.0,8,4,deterministic_cartesian_local_refinement_plus_ls,-10.551249281209811,8.457918076398135,1.8090341654510393,2.652469554957841,0.15498562440816777,0.75,889.2266000038944,5.028499248443908,,
20260630,10.0,8,4,fixed_source_trained_scalar_interpolation_plus_ls,-10.374416832015807,8.425199053771534,1.7791621583054775,2.6230187633043025,0.15302419535349554,0.75,899.8753000050783,4.851666799249904,,
20260630,10.0,8,4,tensor_nomp3d_known_order_v1,-44.49589509340648,0.0013143567917785189,0.002033736476507123,0.0008063544245501318,0.00012998841047535758,1.0,12647.9083999875,38.973145060640576,50.0,1.0712271682566177
20260630,10.0,8,5,grid_fft_topk_plus_ls,-4.393419465340818,1.3350397026758578,1.1318500334896673,5.326481913767772,0.18116146344846368,0.875,58.477400001720525,0.0,,
20260630,10.0,8,5,deterministic_cartesian_local_refinement_plus_ls,-11.054683426902033,1.3285776516902246,1.196122626813419,5.481098393187665,0.18717575312771145,0.875,865.026500003296,6.661263961561215,,
20260630,10.0,8,5,fixed_source_trained_scalar_interpolation_plus_ls,-8.996847003601957,1.328707533533895,1.1704096428372268,5.424496930207369,0.18491695601259991,0.875,921.7496999917785,4.603427538261139,,
20260630,10.0,8,5,tensor_nomp3d_known_order_v1,-44.55564367548629,0.0012081122918608136,0.0021492163073358068,0.0015832145261458774,0.00014345864541690935,1.0,12591.810600002646,40.16222421014547,48.0,0.6504354125369565
20260630,10.0,8,6,grid_fft_topk_plus_ls,-5.808332378867557,5.908368074458293,1.793579101543197,1.3535384930697563,0.1283974666077775,0.875,45.49289999704342,0.0,,
20260630,10.0,8,6,deterministic_cartesian_local_refinement_plus_ls,-10.849237935551287,5.8272525141310165,1.7094639848941235,1.5023008363504577,0.12526643775059498,0.875,978.8205000077141,5.04090555668373,,
20260630,10.0,8,6,fixed_source_trained_scalar_interpolation_plus_ls,-11.272229635122175,5.855558167033738,1.7375417244810865,1.4462673489715228,0.12620848177323718,0.875,947.8670999960741,5.463897256254618,,
20260630,10.0,8,6,tensor_nomp3d_known_order_v1,-43.59581426378319,0.0019295068192738713,0.002368580553740933,0.0018570491443624078,0.0001597178119719309,1.0,12331.468100004713,37.787481884915636,49.0,1.0617497286445774
20260630,10.0,8,7,grid_fft_topk_plus_ls,-5.808635744082478,3.0888079465623486,2.501374386998931,0.16198499121042084,0.1582683093836613,0.75,43.260500009637326,0.0,,
20260630,10.0,8,7,deterministic_cartesian_local_refinement_plus_ls,-14.044318110849051,3.004758516728164,2.5647103062188608,0.073653621062258,0.16202052620668836,0.875,851.4813000074355,8.235682366766573,,
20260630,10.0,8,7,fixed_source_trained_scalar_interpolation_plus_ls,-12.707615110658852,3.033684402245487,2.539636243136818,0.07486765449127616,0.16050401791505736,0.875,859.4665999989957,6.8989793665763735,,
20260630,10.0,8,7,tensor_nomp3d_known_order_v1,-43.352438210695084,0.0016405121078286436,0.002454287015685473,0.002864513644834251,0.00017806397650259475,1.0,12767.372300004354,37.543802466612604,52.0,1.1041913938870995
20260630,10.0,8,8,grid_fft_topk_plus_ls,-5.243505956579133,16.203515795600158,0.47525714414056275,6.937123756481295,0.2527906427580355,0.75,49.00680000719149,0.0,,
20260630,10.0,8,8,deterministic_cartesian_local_refinement_plus_ls,-10.440255617865382,16.125995535910427,0.435048929964295,6.974518751724958,0.25320979551057626,0.75,889.2409000109183,5.196749661286249,,
20260630,10.0,8,8,fixed_source_trained_scalar_interpolation_plus_ls,-9.663071742030963,16.153526641370487,0.4383969951461049,6.960211056582103,0.2529548658330284,0.75,917.0463000045856,4.41956578545183,,
20260630,10.0,8,8,tensor_nomp3d_known_order_v1,-44.30423036469154,0.0013033511984644063,0.001837333113687826,0.002108647313742531,0.00013278762873015248,1.0,12473.392899992177,39.06072440811241,49.0,0.7681865690226366
20260630,10.0,8,9,grid_fft_topk_plus_ls,-5.006447691730449,18.353281598267824,1.4536411035771566,2.4744381720728352,0.18652825844824647,0.5,54.21819999173749,0.0,,
20260630,10.0,8,9,deterministic_cartesian_local_refinement_plus_ls,-10.555875812897629,18.505523026949838,1.5550405737865303,2.438818576934815,0.19014755706815353,0.625,792.4665000027744,5.54942812116718,,
20260630,10.0,8,9,fixed_source_trained_scalar_interpolation_plus_ls,-10.741408103261538,18.450561454760376,1.5156753795969087,2.449852162470222,0.18871304006919154,0.625,853.5682999936398,5.734960411531089,,
20260630,10.0,8,9,tensor_nomp3d_known_order_v1,-44.22219127825681,0.0023212581533375554,0.0022020895135610244,0.0018891016805368992,0.00015085130505264202,1.0,12602.860600003623,39.21574358652636,60.0,0.7013603158190432
20260630,10.0,8,10,grid_fft_topk_plus_ls,-6.517557411178477,16.203748415646743,1.464383310295951,0.844457588205198,0.15842509183420045,0.75,49.9911999941105,0.0,,
20260630,10.0,8,10,deterministic_cartesian_local_refinement_plus_ls,-10.87372759119104,16.2812363056962,1.4605729204451765,0.8285719150653488,0.15869044287532527,0.875,932.708400010597,4.356170180012563,,
20260630,10.0,8,10,fixed_source_trained_scalar_interpolation_plus_ls,-11.065716354504005,16.253173889462158,1.4599472047465585,0.8281703723583926,0.158490201327421,0.875,910.0365999911446,4.548158943325528,,
20260630,10.0,8,10,tensor_nomp3d_known_order_v1,-45.531892364296915,0.0006793872912300622,0.0019575962104579707,0.00206716994623672,0.00013845820677052387,1.0,11556.940199996461,39.014334953118436,53.0,1.247379985191842
20260630,10.0,8,11,grid_fft_topk_plus_ls,-5.57153274209914,10.933919380396054,1.1499629343663464,4.149040704894572,0.1710951336590752,0.75,49.82660000678152,0.0,,
20260630,10.0,8,11,deterministic_cartesian_local_refinement_plus_ls,-12.567254066852765,10.853478740288354,1.0541158159728765,4.21795057876449,0.17001298992967762,0.875,845.800800001598,6.995721324753625,,
20260630,10.0,8,11,fixed_source_trained_scalar_interpolation_plus_ls,-12.262428916135956,10.882017133691946,1.084052438477083,4.191497216692167,0.17022064963350877,0.875,774.8390999913681,6.6908961740368165,,
20260630,10.0,8,11,tensor_nomp3d_known_order_v1,-45.75450254265104,0.002801955100382884,0.002893123795365172,0.0009548142519673939,0.00018456826724667834,1.0,11183.288500003982,40.1829698005519,50.0,0.7409700408795783
20260630,10.0,8,12,grid_fft_topk_plus_ls,-4.775246045469648,25.934054491368354,0.47032132415842187,4.093112135678533,0.24140361941254912,0.625,50.807899999199435,0.0,,
20260630,10.0,8,12,deterministic_cartesian_local_refinement_plus_ls,-12.689507294817153,26.03177199626538,0.45839537781283557,4.188869303101005,0.243550506118195,0.625,831.2740999972448,7.914261249347505,,
20260630,10.0,8,12,fixed_source_trained_scalar_interpolation_plus_ls,-10.471163265278253,25.99654372105438,0.45477409950844755,4.153258469145527,0.24269724918832766,0.625,838.7423000094714,5.695917219808606,,
20260630,10.0,8,12,tensor_nomp3d_known_order_v1,-45.081225667726486,0.0022514899503020937,0.002825111071663499,0.0017347686152186454,0.00018553990540741782,1.0,11705.509999999776,40.305979622256835,53.0,0.9303280907211885
20260630,10.0,8,13,grid_fft_topk_plus_ls,-4.87485925262654,19.13095940831635,1.4313055807686,1.5129084024562056,0.18048879755815783,0.5,51.35399999562651,0.0,,
20260630,10.0,8,13,deterministic_cartesian_local_refinement_plus_ls,-13.809331306679676,19.27607783407201,1.4065325302904452,1.421482408826545,0.17994382753951232,0.75,880.9003999922425,8.934472054053135,,
20260630,10.0,8,13,fixed_source_trained_scalar_interpolation_plus_ls,-11.419450603253097,19.223672179250354,1.411336562601769,1.451878253231113,0.1799855742033119,0.75,874.5091000018874,6.544591350626557,,
20260630,10.0,8,13,tensor_nomp3d_known_order_v1,-44.598303136131165,0.005491491508779719,0.013830336118583407,0.00994402890441813,0.0009195581476529121,1.0,11914.432099991245,39.72344388350462,49.0,0.7400151621141933
20260630,10.0,8,14,grid_fft_topk_plus_ls,-6.978782957071949,18.472027018988445,2.9089713317978205,4.769831688802963,0.27586111195517526,0.75,49.97639999783132,0.0,,
20260630,10.0,8,14,deterministic_cartesian_local_refinement_plus_ls,-10.993105785752736,18.471794914339334,2.9887873502701674,4.767840476885581,0.27913991887576284,0.75,846.8371999915689,4.014322828680787,,
20260630,10.0,8,14,fixed_source_trained_scalar_interpolation_plus_ls,-10.294924349661514,18.471799281239864,2.9589797489201053,4.76809601212462,0.2779009714685797,0.75,860.9005000034813,3.3161413925895653,,
20260630,10.0,8,14,tensor_nomp3d_known_order_v1,-45.67624177862061,0.0022068771264137257,0.002742324425327597,0.0017671634929040847,0.0001808957583310546,1.0,12413.785600001574,38.69745882154866,57.0,0.6170796650805983
20260630,10.0,8,15,grid_fft_topk_plus_ls,-5.53359645112557,22.86470626123091,2.124896941221716,3.22155536654029,0.24429794491033582,0.5,47.06420000002254,0.0,,
20260630,10.0,8,15,deterministic_cartesian_local_refinement_plus_ls,-12.155632798454121,22.91453815109749,2.1933121895443826,3.3887277253657464,0.2491062201026068,0.625,835.813199999393,6.622036347328551,,
20260630,10.0,8,15,fixed_source_trained_scalar_interpolation_plus_ls,-11.734077379528127,22.89645267808255,2.166713673722448,3.3278649694173104,0.24728752994943748,0.625,841.6039000003366,6.200480928402557,,
20260630,10.0,8,15,tensor_nomp3d_known_order_v1,-44.935853011240525,0.0022503348779456477,0.00137785409952961,0.0022457979846009146,0.00011247411467577993,1.0,11815.681199994287,39.40225656011496,49.0,0.6423372237821072
20260630,10.0,8,16,grid_fft_topk_plus_ls,-6.953141858386003,0.13374443998157234,0.15526688009898137,0.1816838173495909,0.011291511916842346,1.0,57.342400003108196,0.0,,
20260630,10.0,8,16,deterministic_cartesian_local_refinement_plus_ls,-13.640794740129776,0.05844113290190087,0.08594489189549355,0.05586001663091425,0.005666504827372828,1.0,802.4664000113262,6.687652881743773,,
20260630,10.0,8,16,fixed_source_trained_scalar_interpolation_plus_ls,-12.086166693969291,0.0650680773950052,0.08692402304270865,0.08946835793822926,0.006131083244926933,1.0,806.0716999898432,5.133024835583289,,
20260630,10.0,8,16,tensor_nomp3d_known_order_v1,-44.36586451752551,0.0028831691747773546,0.0023682081568566636,0.0014755941677733096,0.00015665746613152998,1.0,12198.016999987885,37.412722659139504,50.0,0.736963897847758
20260630,10.0,8,17,grid_fft_topk_plus_ls,-4.6739722146557945,14.788423771963906,0.3298122056540994,1.7073318800025405,0.12891781715589248,0.875,51.72360000142362,0.0,,
20260630,10.0,8,17,deterministic_cartesian_local_refinement_plus_ls,-11.847017861992665,14.946455590410947,0.22621683730715758,1.7735562072005782,0.13002584354666613,0.875,865.9103999962099,7.1730456473368704,,
20260630,10.0,8,17,fixed_source_trained_scalar_interpolation_plus_ls,-9.67046515896003,14.889620650137395,0.2568694557209047,1.7472192413495957,0.12950100649846422,0.875,878.1212000030791,4.996492944304235,,
20260630,10.0,8,17,tensor_nomp3d_known_order_v1,-44.65726756357072,0.0011981281225696856,0.0013628202643884001,0.0018883330939740916,0.0001040424980931452,1.0,11976.347799994983,39.98329534891492,53.0,1.6050288327864703
20260630,10.0,8,18,grid_fft_topk_plus_ls,-6.327754911190397,20.543045160092895,0.4623841119889414,2.599371309077307,0.18218501150378766,0.875,48.45970000314992,0.0,,
20260630,10.0,8,18,deterministic_cartesian_local_refinement_plus_ls,-11.791080270923961,20.62220262524237,0.583525601627363,2.596475156843322,0.1840394041136603,0.875,767.4427999882028,5.463325359733565,,
20260630,10.0,8,18,fixed_source_trained_scalar_interpolation_plus_ls,-10.566147399022352,20.593751590274827,0.5324430823260585,2.596672465815513,0.1832409595088186,0.875,835.9817000018666,4.238392487831955,,
20260630,10.0,8,18,tensor_nomp3d_known_order_v1,-46.7911482974107,0.0010729330536962073,0.0016159684035703997,0.001149789153279606,0.00010752624909341729,1.0,12471.367700010887,40.463393386220304,52.0,1.20976000335973
20260630,10.0,8,19,grid_fft_topk_plus_ls,-4.048094436803068,14.818453898927585,0.2446715033122252,5.893237468203815,0.2180655932532174,0.75,49.69860000710469,0.0,,
20260630,10.0,8,19,deterministic_cartesian_local_refinement_plus_ls,-13.371916318612865,14.825435411852169,0.09772013536801259,5.7777030584303155,0.2145970640074625,0.75,1005.7106000022031,9.323821881809796,,
20260630,10.0,8,19,fixed_source_trained_scalar_interpolation_plus_ls,-9.791109171574856,14.82244518814768,0.1203114058150721,5.818462388167059,0.215701886167031,0.75,978.1619999994291,5.743014734771788,,
20260630,10.0,8,19,tensor_nomp3d_known_order_v1,-45.43931661234804,0.0023706616707231455,0.003308533135391417,0.0021843810478876405,0.00021854530353875145,1.0,12422.228099996573,41.39122217554497,54.0,0.7492926265724781
20260630,20.0,2,0,grid_fft_topk_plus_ls,-4.613605575454965,0.18187423494547347,0.3066669035999945,0.09396684028056694,0.019442310396529258,1.0,11.457200002041645,0.0,,
20260630,20.0,2,0,deterministic_cartesian_local_refinement_plus_ls,-14.19518307752648,0.02301028284608647,0.0843121331610058,0.06662611087388903,0.005668777038990047,1.0,209.17290000943467,9.581577502071514,,
20260630,20.0,2,0,fixed_source_trained_scalar_interpolation_plus_ls,-9.76155429994937,0.07978876583287933,0.16310129601628068,0.013891391516860105,0.010222093883992242,1.0,200.0419999967562,5.147948724494405,,
20260630,20.0,2,0,tensor_nomp3d_known_order_v1,-62.66790329066325,0.0002307379238617937,0.0001302630495808531,0.00018600653223378708,1.0164649301965152e-05,1.0,1224.639299995033,58.05429771520828,6.0,0.0065900705834820526
20260630,20.0,2,1,grid_fft_topk_plus_ls,-11.263029203770998,0.22139707872593256,0.05401313959417217,0.09174612587533894,0.004754784829217145,1.0,16.275199988740496,0.0,,
20260630,20.0,2,1,deterministic_cartesian_local_refinement_plus_ls,-11.88314911498021,0.07650194523782926,0.05401313959417217,0.08968352887521361,0.004428092644262815,1.0,221.59250000549946,0.620119911209212,,
20260630,20.0,2,1,fixed_source_trained_scalar_interpolation_plus_ls,-14.936173376208316,0.12446072692220081,0.05401313959417217,0.048567818629846646,0.0038269021689619435,1.0,225.30279999773484,3.6731441724373184,,
20260630,20.0,2,1,tensor_nomp3d_known_order_v1,-64.15276559139517,0.0004666143679199825,0.00037133575307216196,0.00043097224881054856,2.7079637071986818e-05,1.0,1171.7901999945752,52.88973638762417,6.0,0.01464788866697072
20260630,20.0,2,2,grid_fft_topk_plus_ls,-3.4978320949798194,0.2260050304523642,0.11607306040390192,0.24316815520348434,0.010653223783232154,1.0,13.028900008066557,0.0,,
20260630,20.0,2,2,deterministic_cartesian_local_refinement_plus_ls,-10.285135593959549,0.06942627672325537,0.10686723079452176,0.09966949356258926,0.007389662233241531,1.0,253.23909999860916,6.787303498979729,,
20260630,20.0,2,2,fixed_source_trained_scalar_interpolation_plus_ls,-7.216436769913863,0.12476332139408529,0.0796065930961706,0.1474181056346239,0.006850368120258586,1.0,233.79729999578558,3.718604674934044,,
20260630,20.0,2,2,tensor_nomp3d_known_order_v1,-64.55336317521527,0.00040793745716675176,0.00011432936852413221,9.052233531714913e-05,8.319776055462332e-06,1.0,1219.8999999964144,61.05553108023545,7.0,0.014346785672437336
20260630,20.0,2,3,grid_fft_topk_plus_ls,-5.6550367352023345,17.145014403423396,2.9553039257993245,5.053136331523851,0.2774771983368557,0.5,11.853399992105551,0.0,,
20260630,20.0,2,3,deterministic_cartesian_local_refinement_plus_ls,-10.035590761667203,17.46246144728159,2.9553039257993245,4.892207631900038,0.2758643698683364,0.5,218.40979999979027,4.380554026464869,,
20260630,20.0,2,3,fixed_source_trained_scalar_interpolation_plus_ls,-9.691488001668526,17.348619019861886,2.9553039257993245,4.949258887257856,0.27641920736482,0.5,229.1797000070801,4.036451266466192,,
20260630,20.0,2,3,tensor_nomp3d_known_order_v1,-59.24458802610778,0.00025624526878065176,0.00028516586819478157,0.0006024979649338037,2.6003041056439893e-05,1.0,1221.8566000083229,53.58955129090544,7.0,0.012218065492965377
20260630,20.0,2,4,grid_fft_topk_plus_ls,-3.9433473094151807,0.3031778936181619,0.24157270732864636,0.15888145575432852,0.01606923530011684,1.0,13.054299997747876,0.0,,
20260630,20.0,2,4,deterministic_cartesian_local_refinement_plus_ls,-13.650257138469094,0.08045340205210202,0.0680680571999088,0.06617282914619586,0.0047717871870963805,1.0,224.71199999563396,9.706909829053913,,
20260630,20.0,2,4,fixed_source_trained_scalar_interpolation_plus_ls,-10.36292672199033,0.15947414228365164,0.1106083661961951,0.014608201383677733,0.007039213709988097,1.0,213.0782000022009,6.41957941257515,,
20260630,20.0,2,4,tensor_nomp3d_known_order_v1,-60.46292285133021,0.00012263774563102422,0.00030137433028448155,0.0003052928603359462,2.1135945745789767e-05,1.0,1177.0571999950334,56.51957554191503,7.0,0.004646772908238852
20260630,20.0,2,5,grid_fft_topk_plus_ls,-5.110767432963418,28.997259867304553,0.9636008493774266,1.2732364384446253,0.23776261160383474,0.0,14.577900001313537,0.0,,
20260630,20.0,2,5,deterministic_cartesian_local_refinement_plus_ls,-15.268097001859449,29.15581092510477,0.9970133028076932,1.2732364384446253,0.23947799891375038,0.5,224.7955000057118,10.157329568896031,,
20260630,20.0,2,5,fixed_source_trained_scalar_interpolation_plus_ls,-11.413449651025632,29.098936230333347,0.970302298410347,1.2732364384446253,0.2386256892463766,0.5,180.93980000412557,6.3026822180622135,,
20260630,20.0,2,5,tensor_nomp3d_known_order_v1,-60.68567048969506,0.0004152619610119829,0.000745816938373157,0.00023137851683683545,4.728245099605825e-05,1.0,1201.562100002775,55.57490305673164,5.0,0.00678752115416663
20260630,20.0,2,6,grid_fft_topk_plus_ls,-10.871280610020458,0.15058516715828804,0.11598887596755321,0.25690128115857264,0.010880619459549296,1.0,16.589299993938766,0.0,,
20260630,20.0,2,6,deterministic_cartesian_local_refinement_plus_ls,-12.377418687121953,0.010663912871854564,0.08532515341880899,0.10262943495928838,0.006223493447188787,1.0,245.27260000468232,1.506138077101495,,
20260630,20.0,2,6,fixed_source_trained_scalar_interpolation_plus_ls,-12.510896621660603,0.048728741594575825,0.060601352733018206,0.08438419608774199,0.00463082340338182,1.0,217.5203000078909,1.639616011640145,,
20260630,20.0,2,6,tensor_nomp3d_known_order_v1,-63.28885253443106,0.00021672970111889637,0.00015338353497111642,0.00016150041938040057,1.0965328698537658e-05,1.0,1161.2507999961963,52.4175719244106,7.0,0.03274954217170431
20260630,20.0,2,7,grid_fft_topk_plus_ls,-4.219806984291593,0.20288100780431076,0.16444413781455824,0.27495870437000564,0.013489808469075116,1.0,8.259799986262806,0.0,,
20260630,20.0,2,7,deterministic_cartesian_local_refinement_plus_ls,-14.230734688701789,0.03537854508160426,0.06671277120521096,0.08086143746858919,0.004883323726013307,1.0,208.7617999932263,10.010927704410197,,
20260630,20.0,2,7,fixed_source_trained_scalar_interpolation_plus_ls,-16.35487234639424,0.06249553794257076,0.030058041706688333,0.046662930716723505,0.002427760661705738,1.0,256.71499999589287,12.135065362102647,,
20260630,20.0,2,7,tensor_nomp3d_known_order_v1,-60.07796990973135,6.903811241456386e-05,0.0002834865525290468,0.00021550901836268479,1.8962352972125506e-05,1.0,1259.2559000040637,55.85816292543976,7.0,0.05604153062895688
20260630,20.0,2,8,grid_fft_topk_plus_ls,-4.052208317896322,7.673274364513141,1.288102571915988,5.833541409891289,0.20810478632388388,0.5,12.016300010145642,0.0,,
20260630,20.0,2,8,deterministic_cartesian_local_refinement_plus_ls,-10.350919005480197,7.988892594352111,1.440919694025714,5.672288480366797,0.20839030380280593,0.5,222.39159999298863,6.298710687583875,,
20260630,20.0,2,8,fixed_source_trained_scalar_interpolation_plus_ls,-9.277566658752454,7.875482633290122,1.383935915123635,5.729536116673003,0.20814740459864606,0.5,189.96419999166392,5.225358340856132,,
20260630,20.0,2,8,tensor_nomp3d_known_order_v1,-62.56356734767512,0.00028964905004986893,0.00034825825600207647,2.7401952536087344e-05,2.1900200980531917e-05,1.0,1235.8402000099886,58.511359029778795,6.0,0.007095968483608433
20260630,20.0,2,9,grid_fft_topk_plus_ls,-5.627402067285139,0.10855722016051232,0.16718432096943533,0.22142223925970603,0.01256105163560256,1.0,14.36269999248907,0.0,,
20260630,20.0,2,9,deterministic_cartesian_local_refinement_plus_ls,-13.941067771728319,0.07426070750061936,0.01899799331505243,0.07772021202508511,0.002765014436421307,1.0,229.44150000694208,8.31366570444318,,
20260630,20.0,2,9,fixed_source_trained_scalar_interpolation_plus_ls,-11.329455286667669,0.044062698572086154,0.06649770191088854,0.12496026715137364,0.00571321375567793,1.0,192.53990000288468,5.702053219382529,,
20260630,20.0,2,9,tensor_nomp3d_known_order_v1,-58.72911009743643,0.00024972678144831955,0.0002502815400843792,0.00040456147804321076,2.0207205536541195e-05,1.0,1167.0983000076376,53.10170803015129,8.0,0.03658729766026624
20260630,20.0,2,10,grid_fft_topk_plus_ls,-4.518476274816507,0.23663694799155827,0.19559673867360802,0.16906741037721432,0.013445344414286525,1.0,13.322200000402518,0.0,,
20260630,20.0,2,10,deterministic_cartesian_local_refinement_plus_ls,-13.834607248045012,0.09438221920934886,0.04281293945722115,0.06997970235891161,0.0035335584391258446,1.0,241.6561999998521,9.316130973228505,,
20260630,20.0,2,10,fixed_source_trained_scalar_interpolation_plus_ls,-10.522666204634874,0.11888256610232346,0.09517234307463593,0.041740557557248245,0.006160031375410505,1.0,204.4904999929713,6.0041899298183665,,
20260630,20.0,2,10,tensor_nomp3d_known_order_v1,-65.16528046160187,0.00013022598407576755,0.00016372338219727337,0.00021355000118045288,1.2258802320204059e-05,1.0,1200.0291999866022,60.64680418678536,6.0,0.022667428365160766
20260630,20.0,2,11,grid_fft_topk_plus_ls,-5.837179605962421,33.252479844216055,0.9612948284875983,5.687764483622564,0.3204534435294216,0.0,11.65949999995064,0.0,,
20260630,20.0,2,11,deterministic_cartesian_local_refinement_plus_ls,-8.653368822090346,33.093339311290414,1.000436581093025,5.687764483622564,0.3199154969687447,0.5,222.85520000150427,2.816189216127926,,
20260630,20.0,2,11,fixed_source_trained_scalar_interpolation_plus_ls,-9.325279918227075,33.15023671314111,0.9717440094048603,5.687764483622564,0.31992956932749117,0.5,207.93550000234973,3.4881003122646543,,
20260630,20.0,2,11,tensor_nomp3d_known_order_v1,-57.79787898759682,0.00038363566542958476,0.0008098679415589584,0.00012049107181072231,5.084501717154333e-05,1.0,1106.9720999948913,51.9606993816344,6.0,0.017147996997822892
20260630,20.0,2,12,grid_fft_topk_plus_ls,-6.773822059375112,24.92926237549627,0.7251951237369291,9.101243214794177,0.3476736548823735,0.0,13.460999995004386,0.0,,
20260630,20.0,2,12,deterministic_cartesian_local_refinement_plus_ls,-9.824956625730765,25.083924308438547,0.7251951237369291,9.101243214794177,0.3483519564194821,0.5,223.00490000634454,3.0511345663556533,,
20260630,20.0,2,12,fixed_source_trained_scalar_interpolation_plus_ls,-9.532257337644964,25.028071564404193,0.7251951237369291,9.101243214794177,0.3481066714407041,0.5,205.20549999491777,2.758435278269852,,
20260630,20.0,2,12,tensor_nomp3d_known_order_v1,-59.769166914875875,0.0003399878024500617,0.0001881374918789292,0.0009228248831872187,3.125645417794906e-05,1.0,1022.305000005872,52.99534485550076,5.0,0.004659833410336003
20260630,20.0,2,13,grid_fft_topk_plus_ls,-2.9259261040358933,36.19704166344162,5.076181681166588,2.6784338613296503,0.4331633323861196,0.0,12.952599994605407,0.0,,
20260630,20.0,2,13,deterministic_cartesian_local_refinement_plus_ls,-8.353672238360746,36.0375982777492,5.2318646103783,2.7999974250342636,0.4402801125722707,0.5,226.19390000181738,5.4277461343248525,,
20260630,20.0,2,13,fixed_source_trained_scalar_interpolation_plus_ls,-6.818513838571336,36.094611587343664,5.175531655283706,2.751803137204395,0.437659841077598,0.5,214.26180000707973,3.892587734535443,,
20260630,20.0,2,13,tensor_nomp3d_known_order_v1,-62.13953104076517,0.0002462845679077933,0.0005004520151778233,0.00011563491777725869,3.1545034117225325e-05,1.0,1166.9479999982286,59.213604936729276,6.0,0.024277633926128146
20260630,20.0,2,14,grid_fft_topk_plus_ls,-3.423893532129945,30.263331581806774,4.331600210666725,6.876040772419504,0.4187649316904852,0.5,11.849999995320104,0.0,,
20260630,20.0,2,14,deterministic_cartesian_local_refinement_plus_ls,-9.016941001103003,30.58071563718875,4.170284894352215,6.714876661320532,0.4111524313545389,0.5,231.68920000898652,5.593047468973058,,
20260630,20.0,2,14,fixed_source_trained_scalar_interpolation_plus_ls,-7.81227112962619,30.4669691772105,4.227379944652598,6.772168040000782,0.4138236196843088,0.5,215.6801999954041,4.388377597496245,,
20260630,20.0,2,14,tensor_nomp3d_known_order_v1,-59.61043679456197,0.0006103962660745052,0.0003837929536112994,0.00012316201728890299,2.4757485503358223e-05,1.0,1111.6902999929152,56.186543262432025,7.0,0.010061216566454641
20260630,20.0,2,15,grid_fft_topk_plus_ls,-5.0342031365444715,0.24939020122494757,0.15251759371116766,0.20747142880849395,0.011691763776349525,1.0,14.797700001508929,0.0,,
20260630,20.0,2,15,deterministic_cartesian_local_refinement_plus_ls,-21.311145230366005,0.040116932901825456,0.02600380988956942,0.03328236344841249,0.0019548351889885018,1.0,214.51989999332,16.276942093821532,,
20260630,20.0,2,15,fixed_source_trained_scalar_interpolation_plus_ls,-12.879304412056207,0.10801603387764844,0.05427055216661021,0.06699116528949252,0.004074286271628313,1.0,161.95829999924172,7.845101275511736,,
20260630,20.0,2,15,tensor_nomp3d_known_order_v1,-64.74078388268038,0.00021098421083874587,0.000163531551933354,0.00011320995387601524,1.0940576069405879e-05,1.0,1035.5221000063466,59.706580746135906,6.0,0.010662448262222797
20260630,20.0,2,16,grid_fft_topk_plus_ls,-3.822053165307944,0.09067411795181776,0.24255089182081732,0.2895775522347527,0.01766918114635004,1.0,14.350800003740005,0.0,,
20260630,20.0,2,16,deterministic_cartesian_local_refinement_plus_ls,-12.233474429034302,0.07593734942602398,0.08184513860448993,0.0707113159454233,0.0056036924664149826,1.0,206.85960000264458,8.411421263726359,,
20260630,20.0,2,16,fixed_source_trained_scalar_interpolation_plus_ls,-11.480193691262157,0.028764202016069038,0.04574909088072249,0.14696919518227908,0.005414784881959672,1.0,205.9218999929726,7.658140525954213,,
20260630,20.0,2,16,tensor_nomp3d_known_order_v1,-58.10676831480017,0.00031664392028756065,0.0003358690585799396,0.000585116194987622,2.7948395534229316e-05,1.0,1118.339599997853,54.28471514949223,6.0,0.001812823543318588
20260630,20.0,2,17,grid_fft_topk_plus_ls,-5.144011303685108,0.26104343837174354,0.22337471702334927,0.18038464378255065,0.015193499854237498,1.0,10.639000000082888,0.0,,
20260630,20.0,2,17,deterministic_cartesian_local_refinement_plus_ls,-13.906979201094703,0.05136553725695957,0.08748449038275849,0.04618166312191322,0.005669252268089163,1.0,174.0983000054257,8.762967897409595,,
20260630,20.0,2,17,fixed_source_trained_scalar_interpolation_plus_ls,-11.420146112607995,0.12024128483580579,0.13023643495615755,0.037200685347558736,0.008275860856248348,1.0,190.2295000036247,6.276134808922887,,
20260630,20.0,2,17,tensor_nomp3d_known_order_v1,-59.41340016669053,0.00010119128476149836,0.0004260278697005236,8.522019391250712e-05,2.677126498979893e-05,1.0,1089.8716999945464,54.26938886300542,7.0,0.031249729005828404
20260630,20.0,2,18,grid_fft_topk_plus_ls,-4.03909416125286,0.15826275661244266,0.27753406686786636,0.21064420599396205,0.018594066656070878,1.0,11.73719999496825,0.0,,
20260630,20.0,2,18,deterministic_cartesian_local_refinement_plus_ls,-22.073867389931877,0.05974331026003727,0.06040062605716955,0.01809324513586451,0.003845577179659392,1.0,203.3534999936819,18.034773228679015,,
20260630,20.0,2,18,fixed_source_trained_scalar_interpolation_plus_ls,-11.730311601467847,0.07376824953177707,0.13522748553433633,0.06679759952106584,0.008724735867603275,1.0,216.6501000028802,7.691217440214986,,
20260630,20.0,2,18,tensor_nomp3d_known_order_v1,-61.06532957973397,0.00020844889144179307,0.00044919002542475933,0.0006564359637994184,3.480849637695549e-05,1.0,1084.6562000078848,57.02623541848111,6.0,0.01803817161132846
20260630,20.0,2,19,grid_fft_topk_plus_ls,-5.9401723412393705,0.21631734269227781,0.13413039549301484,0.13123828203747806,0.009484357660581323,1.0,13.155900000128895,0.0,,
20260630,20.0,2,19,deterministic_cartesian_local_refinement_plus_ls,-14.731381328425927,0.05950944822798606,0.07836768136995047,0.02864823367900007,0.005000784228333541,1.0,227.61170000012498,8.791208987186558,,
20260630,20.0,2,19,fixed_source_trained_scalar_interpolation_plus_ls,-11.911492668921728,0.11493782152578773,0.06757406975967098,0.0295960962651279,0.0044157275571669544,1.0,234.92249999253545,5.971320327682357,,
20260630,20.0,2,19,tensor_nomp3d_known_order_v1,-62.34490299440024,6.640918750000453e-05,0.00015731020028790136,0.0001688143936340202,1.116985043797213e-05,1.0,1129.9650000000838,56.404730653160875,7.0,0.03504700312862416
20260630,20.0,4,0,grid_fft_topk_plus_ls,-3.996715091578209,14.662236330549357,1.2434507213199113,4.951378733019298,0.20761187103730427,0.25,17.956099996808916,0.0,,
20260630,20.0,4,0,deterministic_cartesian_local_refinement_plus_ls,-10.364977919821804,14.72091304330006,1.0726821867002074,5.098502938142963,0.20762185935285338,0.5,415.93609999108594,6.368262828243595,,
20260630,20.0,4,0,fixed_source_trained_scalar_interpolation_plus_ls,-9.794681080047011,14.69953316824238,1.1277907310350068,5.044583869677204,0.20738381856745858,0.5,462.73670000664424,5.797965988468802,,
20260630,20.0,4,0,tensor_nomp3d_known_order_v1,-57.81664470975322,0.000262305845052193,0.00022494613104350071,0.0003088357188941009,1.717564423550591e-05,1.0,3441.7557999986457,53.81992961817501,19.0,0.04241493772222616
20260630,20.0,4,1,grid_fft_topk_plus_ls,-4.016873911912687,11.893622012490981,1.749160436160377,3.991600946567739,0.1901178379659515,0.5,18.65410000027623,0.0,,
20260630,20.0,4,1,deterministic_cartesian_local_refinement_plus_ls,-8.599404656987451,11.816758589497866,1.6468495272532027,4.161125147053845,0.1898052363808043,0.5,407.05460000026505,4.582530745074764,,
20260630,20.0,4,1,fixed_source_trained_scalar_interpolation_plus_ls,-7.433804306331856,11.844216396973657,1.682471309518915,4.098743837888829,0.18980453879186152,0.5,426.2674000055995,3.416930394419169,,
20260630,20.0,4,1,tensor_nomp3d_known_order_v1,-59.57488512136951,0.00033122213770372916,0.00028787221039991125,0.0002538198146189196,1.9832375994932257e-05,1.0,3726.4840999996522,55.55801120945682,18.0,0.07873096083389741
20260630,20.0,4,2,grid_fft_topk_plus_ls,-4.112821727518948,18.490037158723315,0.9287864808991438,0.520395546078111,0.15652781853261,0.75,17.307800007984042,0.0,,
20260630,20.0,4,2,deterministic_cartesian_local_refinement_plus_ls,-12.850822040476926,18.714074763429746,1.018790020318363,0.5993538800939635,0.16056387040909686,0.75,402.8541000006953,8.738000312957979,,
20260630,20.0,4,2,fixed_source_trained_scalar_interpolation_plus_ls,-10.321177783883023,18.633614429058795,0.981595139742015,0.5620758907752331,0.15894786373944175,0.75,387.6887000078568,6.208356056364075,,
20260630,20.0,4,2,tensor_nomp3d_known_order_v1,-56.70615392464249,0.0003941862578588946,0.0006598471428459543,0.0007058939585313917,4.6870736407628104e-05,1.0,3207.7675000036834,52.593332197123544,15.0,0.05385109046814118
20260630,20.0,4,3,grid_fft_topk_plus_ls,-10.080977880696862,22.9048121344453,2.5789920188433366,1.089403744696084,0.24323061859558417,0.5,17.17719998850953,0.0,,
20260630,20.0,4,3,deterministic_cartesian_local_refinement_plus_ls,-12.391169059761587,22.90475466637064,2.4648063735480426,1.1532395433825604,0.2388536259205585,0.75,444.2218000040157,2.3101911790647254,,
20260630,20.0,4,3,fixed_source_trained_scalar_interpolation_plus_ls,-15.154848637552652,22.904711739155946,2.504550269336325,1.124345392732271,0.24032927141889215,0.75,413.2118999987142,5.07387075685579,,
20260630,20.0,4,3,tensor_nomp3d_known_order_v1,-56.672706348032634,0.0006979921392507051,0.0004435692978735656,0.0015470094617364987,5.599510587326131e-05,1.0,3548.5681999998633,46.59172846733577,18.0,0.041836598266490596
20260630,20.0,4,4,grid_fft_topk_plus_ls,-7.075629707316211,14.004871780600265,1.5042009293695426,0.16213046512601695,0.14434420373260176,0.75,22.73210001294501,0.0,,
20260630,20.0,4,4,deterministic_cartesian_local_refinement_plus_ls,-11.220121885293906,14.11714527033973,1.5036459842479395,0.19346881282838008,0.14502524388557855,0.75,454.2690000089351,4.144492177977695,,
20260630,20.0,4,4,fixed_source_trained_scalar_interpolation_plus_ls,-12.355239281971253,14.076838582998088,1.5028771737218547,0.11434909077353207,0.14467255404201926,0.75,418.07039998820983,5.2796095746550415,,
20260630,20.0,4,4,tensor_nomp3d_known_order_v1,-59.79748179887118,0.0004408311734491457,0.0005114313061993237,0.0001440157468882611,3.246293284199174e-05,1.0,3515.995200010366,52.72185209155497,17.0,0.033820931396435425
20260630,20.0,4,5,grid_fft_topk_plus_ls,-5.996980863001692,26.650772237758527,3.6579419054153592,2.4458227424926955,0.31852885040542267,0.25,19.032700001844205,0.0,,
20260630,20.0,4,5,deterministic_cartesian_local_refinement_plus_ls,-9.203928652846743,26.65579482153652,3.6579419054153592,2.524572181266186,0.3191539000145861,0.5,453.6684000049718,3.206947789845051,,
20260630,20.0,4,5,fixed_source_trained_scalar_interpolation_plus_ls,-9.095952779192348,26.653559857637013,3.6579419054153592,2.4937442926059914,0.31890572536132417,0.5,475.9996000066167,3.0989719161906564,,
20260630,20.0,4,5,tensor_nomp3d_known_order_v1,-58.67964017197825,0.0005260085439739114,0.00029010328505324495,0.00031002227167937016,2.096421534198452e-05,1.0,3616.945999994641,52.682659308976554,18.0,0.06972254713721421
20260630,20.0,4,6,grid_fft_topk_plus_ls,-5.52593467866214,5.433869510353892,3.473370834460873,6.953862992310218,0.3100826249933728,0.5,18.164900000556372,0.0,,
20260630,20.0,4,6,deterministic_cartesian_local_refinement_plus_ls,-13.460414573094797,5.534517398393655,3.470896553545789,7.06331886840923,0.3124896797601509,0.75,398.0134999874281,7.934479894432656,,
20260630,20.0,4,6,fixed_source_trained_scalar_interpolation_plus_ls,-12.515675367867656,5.497101674615836,3.470944705143047,7.022871195891444,0.3115598065095465,0.75,414.7145000024466,6.989740689205516,,
20260630,20.0,4,6,tensor_nomp3d_known_order_v1,-57.32361305964979,0.00046471938174722443,0.0015114262909391167,0.0003783705008025516,9.527048112792793e-05,1.0,3637.516199989477,51.79767838098765,17.0,0.03015388376621165
20260630,20.0,4,7,grid_fft_topk_plus_ls,-6.80124899159207,0.1619781201372302,0.19528167948560157,0.1758158001783593,0.013444429170065617,1.0,17.78310000372585,0.0,,
20260630,20.0,4,7,deterministic_cartesian_local_refinement_plus_ls,-14.763500127422528,0.043673339905844336,0.07303897625034647,0.03821571805744031,0.0047308845788640716,1.0,427.39240000082646,7.962251135830458,,
20260630,20.0,4,7,fixed_source_trained_scalar_interpolation_plus_ls,-13.956047239482992,0.06928921321596838,0.05033947419760324,0.057260173860447454,0.0036597259588653608,1.0,424.10030000610277,7.154798247890922,,
20260630,20.0,4,7,tensor_nomp3d_known_order_v1,-59.456782157710315,0.0003304755824958504,0.0002866330107432159,0.0003372711542833998,2.0944766575239543e-05,1.0,3904.703199994401,52.655533166118246,17.0,0.04510231641528826
20260630,20.0,4,8,grid_fft_topk_plus_ls,-5.192885132672178,0.19712655480405875,0.18281512922698742,0.18448401980233595,0.01289033216987875,1.0,18.98440001241397,0.0,,
20260630,20.0,4,8,deterministic_cartesian_local_refinement_plus_ls,-13.61906028920462,0.09702968972564219,0.05122818458814244,0.03268109610207467,0.0034451313260522023,1.0,427.9780000069877,8.426175156532443,,
20260630,20.0,4,8,fixed_source_trained_scalar_interpolation_plus_ls,-12.572657391452285,0.07356880315903952,0.07017616014402467,0.06438313730355517,0.00485957447632965,1.0,482.8547999932198,7.379772258780108,,
20260630,20.0,4,8,tensor_nomp3d_known_order_v1,-58.94569753988989,0.00036256352048927786,0.00022420288279662202,0.00020195680277862565,1.562718890777712e-05,1.0,3643.5433000006014,53.75281240721772,18.0,0.023152358399585234
20260630,20.0,4,9,grid_fft_topk_plus_ls,-5.094739489151405,23.115602075843135,3.4278383964447934,0.6695790678142095,0.2809796124315996,0.75,22.649799997452646,0.0,,
20260630,20.0,4,9,deterministic_cartesian_local_refinement_plus_ls,-11.837556513541776,23.11490402567655,3.5351523648187553,0.8685559138107161,0.2866449114775827,0.75,434.7312000027159,6.74281702439037,,
20260630,20.0,4,9,fixed_source_trained_scalar_interpolation_plus_ls,-10.6535816866817,23.11502813116234,3.4946073111137728,0.7920497379938276,0.2844788558072608,0.75,484.2250000074273,5.5588421975302955,,
20260630,20.0,4,9,tensor_nomp3d_known_order_v1,-58.85311647489246,0.0009785425385454957,0.00041788197638051744,0.00034823674357889033,2.930871524152016e-05,1.0,3571.1491999973077,53.75837698574105,17.0,0.06009304601699044
20260630,20.0,4,10,grid_fft_topk_plus_ls,-3.483827685710918,0.1885492758739165,0.27236579052485704,0.23297432702732956,0.01857289953020992,1.0,23.15170000656508,0.0,,
20260630,20.0,4,10,deterministic_cartesian_local_refinement_plus_ls,-11.833074413456423,0.054087057266083274,0.09073603515086136,0.0840362836505359,0.006263816554757846,1.0,420.02859999774955,8.349246727745506,,
20260630,20.0,4,10,fixed_source_trained_scalar_interpolation_plus_ls,-8.699179621080297,0.054509914212055456,0.14216843473811147,0.12345602787867332,0.00969629410999938,1.0,476.7284999979893,5.215351935369379,,
20260630,20.0,4,10,tensor_nomp3d_known_order_v1,-55.62381676447793,0.000932750138563267,0.0003437405288856273,0.0003905779203830925,2.5761028869116156e-05,1.0,3667.4566000001505,52.13998907876701,18.0,0.053933817120748864
20260630,20.0,4,11,grid_fft_topk_plus_ls,-5.7918688000578555,11.385835398212018,1.1553528996840192,2.0802574179059845,0.13172963032681606,0.75,18.302700002095662,0.0,,
20260630,20.0,4,11,deterministic_cartesian_local_refinement_plus_ls,-10.106652979402389,11.271959213057968,1.3660151700174612,2.0802574179059845,0.13881659168794724,0.75,432.5067999889143,4.314784179344533,,
20260630,20.0,4,11,fixed_source_trained_scalar_interpolation_plus_ls,-9.599705572905409,11.312482052850239,1.2866376376967879,2.0802574179059845,0.13602720533327042,0.75,398.37850000185426,3.807836772847553,,
20260630,20.0,4,11,tensor_nomp3d_known_order_v1,-56.631010133710724,0.0008286287911974279,0.00021578504561874795,0.00026314501506749874,1.7070972804897883e-05,1.0,3530.676800000947,50.83914133365287,17.0,0.07931764431202425
20260630,20.0,4,12,grid_fft_topk_plus_ls,-4.3223806278045345,0.18750379002191186,0.20077205499091497,0.25393878479534593,0.014919050228014803,1.0,20.194700002321042,0.0,,
20260630,20.0,4,12,deterministic_cartesian_local_refinement_plus_ls,-16.1315933228375,0.032472975346883676,0.04341070239182374,0.07895004253253488,0.0036759580261009174,1.0,419.69049999897834,11.809212695032965,,
20260630,20.0,4,12,fixed_source_trained_scalar_interpolation_plus_ls,-10.637825545333454,0.06737003857661544,0.0633016660871284,0.1355156291801268,0.0058192635045321624,1.0,421.6947999957483,6.31544491752892,,
20260630,20.0,4,12,tensor_nomp3d_known_order_v1,-57.186653065684105,0.0002989629006999069,0.0004886089856018029,0.0005041872100771686,3.444234712440288e-05,1.0,3694.4784999941476,52.86427243787957,16.0,0.03245525537224091
20260630,20.0,4,13,grid_fft_topk_plus_ls,-5.318992948245278,24.31061292414421,2.1437782910775707,3.260044988602183,0.2537779071199898,0.5,19.233099999837577,0.0,,
20260630,20.0,4,13,deterministic_cartesian_local_refinement_plus_ls,-11.042749480895113,24.34725440782281,2.3556282168688263,3.1532090000928807,0.2599353209958676,0.5,441.1037999961991,5.723756532649835,,
20260630,20.0,4,13,fixed_source_trained_scalar_interpolation_plus_ls,-10.69849283804485,24.333960824236385,2.278202689358057,3.1909643305855644,0.2576030141741378,0.5,481.62500000034925,5.379499889799572,,
20260630,20.0,4,13,tensor_nomp3d_known_order_v1,-59.25871110574043,0.0005424085085459972,0.0002586459609609934,0.00046774030326879383,2.2202016832647823e-05,1.0,3578.598799998872,53.93971815749515,19.0,0.027057988908462588
20260630,20.0,4,14,grid_fft_topk_plus_ls,-11.65428545107761,0.23536744349019706,0.16674253116504556,0.10119683699713633,0.011044806259904356,1.0,19.30770000035409,0.0,,
20260630,20.0,4,14,deterministic_cartesian_local_refinement_plus_ls,-15.488688251176166,0.05763065950051924,0.03923628177372882,0.08256144777357848,0.0035878915149132207,1.0,454.21370000985917,3.8344028000985553,,
20260630,20.0,4,14,fixed_source_trained_scalar_interpolation_plus_ls,-14.929411113727628,0.11507141612366832,0.07159371763409053,0.07164813295448666,0.005083644692487905,1.0,470.1806000084616,3.2751256626500176,,
20260630,20.0,4,14,tensor_nomp3d_known_order_v1,-59.777433034135186,0.0006013945172477211,0.0002935346608269947,0.0007604775449911975,3.0387812292703992e-05,1.0,3704.849400004605,48.12314758305757,20.0,0.026707541988109554
20260630,20.0,4,15,grid_fft_topk_plus_ls,-4.70844567621174,0.16831110254341022,0.2406517741486474,0.1263903757271564,0.015606181539024327,1.0,21.084799998789094,0.0,,
20260630,20.0,4,15,deterministic_cartesian_local_refinement_plus_ls,-15.424577196835328,0.06371975890210654,0.05962431248927415,0.0640423912814703,0.0042591153878125294,1.0,459.2518999997992,10.716131520623588,,
20260630,20.0,4,15,fixed_source_trained_scalar_interpolation_plus_ls,-10.434565854875931,0.08325834630733846,0.11955007538094457,0.07378212225236631,0.007846546480627154,1.0,395.8262999949511,5.726120178664191,,
20260630,20.0,4,15,tensor_nomp3d_known_order_v1,-56.398388725657625,0.0003728687401897584,0.0004960336388351341,0.00034031059845489775,3.2904606298468654e-05,1.0,3393.866699989303,51.68994304944589,16.0,0.04108303409349855
20260630,20.0,4,16,grid_fft_topk_plus_ls,-4.670201576169538,20.88323767118559,1.1729745218247056,2.1099973633265203,0.1906311903851318,0.5,22.909699997399002,0.0,,
20260630,20.0,4,16,deterministic_cartesian_local_refinement_plus_ls,-9.411311903536694,20.995127392311016,1.231496505031474,2.108015453673462,0.1927893893393803,0.75,453.50170000165235,4.7411103273671555,,
20260630,20.0,4,16,fixed_source_trained_scalar_interpolation_plus_ls,-8.241101072082738,20.954922291820544,1.2036368459604494,2.1080354490247766,0.19183295065042516,0.75,415.13120000308845,3.5708994959132,,
20260630,20.0,4,16,tensor_nomp3d_known_order_v1,-58.82108568155854,0.00026744620499388126,0.00037241469633404224,0.00023055606510401968,2.4454944827928352e-05,1.0,3281.6335999959847,54.150884105389004,16.0,0.06188468910762924
20260630,20.0,4,17,grid_fft_topk_plus_ls,-10.467213694125563,14.949216703568323,0.42216675279388155,2.656610032872904,0.14569981460233825,0.75,18.689499993342906,0.0,,
20260630,20.0,4,17,deterministic_cartesian_local_refinement_plus_ls,-12.293889122741376,14.949216703568323,0.42216675279388155,2.878623715229242,0.14976158156930425,0.75,439.62599999213126,1.826675428615813,,
20260630,20.0,4,17,fixed_source_trained_scalar_interpolation_plus_ls,-12.166273386146392,14.949216703568323,0.42216675279388155,2.7985504341838974,0.14827203311867646,0.75,456.1573999963002,1.6990596920208283,,
20260630,20.0,4,17,tensor_nomp3d_known_order_v1,-57.53199521764746,0.0006697334678899073,0.00029438492305151876,0.0009525653022347634,3.538383998256352e-05,1.0,3511.287600005744,47.0647815235219,18.0,0.028633426148732127
20260630,20.0,4,18,grid_fft_topk_plus_ls,-4.508932590501588,12.990422776461768,2.668786207279605,5.087551145809086,0.25179007308594753,0.25,22.35879999352619,0.0,,
20260630,20.0,4,18,deterministic_cartesian_local_refinement_plus_ls,-9.23623573907555,12.904592488052721,2.888945228362241,4.945561245152815,0.2581685531216614,0.5,496.7123999958858,4.727303148573962,,
20260630,20.0,4,18,fixed_source_trained_scalar_interpolation_plus_ls,-8.855426819764116,12.934604920505505,2.8095047645723885,4.995704259750365,0.2557671315926471,0.5,451.83439999527764,4.346494229262528,,
20260630,20.0,4,18,tensor_nomp3d_known_order_v1,-58.83410604984461,0.0006228084332019728,0.000589719963841235,0.0010787741535264108,5.018593712402971e-05,1.0,3424.675999995088,54.32517345934302,14.0,0.07573433290815947
20260630,20.0,4,19,grid_fft_topk_plus_ls,-5.1771215937869055,0.22135295888254708,0.22654046957180682,0.05512252596502271,0.014367632319086101,1.0,18.730199997662567,0.0,,
20260630,20.0,4,19,deterministic_cartesian_local_refinement_plus_ls,-15.49814144976839,0.052768921302870454,0.05261601225206479,0.05512252596502271,0.0037351668604703294,1.0,392.54699999582954,10.321019855981485,,
20260630,20.0,4,19,fixed_source_trained_scalar_interpolation_plus_ls,-11.086057132487518,0.08772556096472774,0.10689510556144637,0.05512252596502271,0.006933397796079379,1.0,416.9217999879038,5.908935538700613,,
20260630,20.0,4,19,tensor_nomp3d_known_order_v1,-57.04820033446261,0.00022337743042868057,0.00034368102411851305,0.000483559475324139,2.6320866837233766e-05,1.0,3348.381999996491,51.8710787406757,14.0,0.008641353337878946
20260630,20.0,8,0,grid_fft_topk_plus_ls,-4.374387749356071,5.708149255231904,0.22051278052012158,2.9588420886744218,0.10357706571057727,0.75,57.3076000000583,0.0,,
20260630,20.0,8,0,deterministic_cartesian_local_refinement_plus_ls,-12.87290290902697,5.783707796449473,0.06766700991482119,3.025576408924168,0.10487684670105298,0.875,959.1406000108691,8.4985151596709,,
20260630,20.0,8,0,fixed_source_trained_scalar_interpolation_plus_ls,-10.55370666058449,5.755502238995801,0.10781355640264179,2.999669354594915,0.10418430448906676,0.875,967.739600004279,6.179318911228419,,
20260630,20.0,8,0,tensor_nomp3d_known_order_v1,-56.685914334237836,0.00030106234064467084,0.0004125438258288015,0.0006927503848563274,3.374909774468314e-05,1.0,12596.587799998815,52.31152658488176,53.0,0.04493230880086488
20260630,20.0,8,1,grid_fft_topk_plus_ls,-4.882191481172503,10.532024058494578,2.2955827148982926,5.291732669946387,0.23388272328029133,0.5,53.419399991980754,0.0,,
20260630,20.0,8,1,deterministic_cartesian_local_refinement_plus_ls,-12.339583826148798,10.554955875457214,2.429769659909622,5.181414985203167,0.23681052675420033,0.625,972.1200999920256,7.457392344976295,,
20260630,20.0,8,1,fixed_source_trained_scalar_interpolation_plus_ls,-10.7526902986236,10.546405372769577,2.378311308866436,5.22034964492545,0.2355785261398992,0.625,965.9533999947598,5.870498817451097,,
20260630,20.0,8,1,tensor_nomp3d_known_order_v1,-55.684832061746825,0.001594275974787892,0.0015589311365124942,0.00036870236424155645,9.889952993406087e-05,1.0,12621.505000002799,50.80264058057432,47.0,0.08300141721496358
20260630,20.0,8,2,grid_fft_topk_plus_ls,-5.468395542540882,15.524307165691038,1.5051854621163427,5.556344686904821,0.23175210785280917,0.375,50.126399990404025,0.0,,
20260630,20.0,8,2,deterministic_cartesian_local_refinement_plus_ls,-11.458334266487245,15.486867531898234,1.4301271322896076,5.544631004403209,0.22945711033511892,0.625,898.4705000038957,5.989938723946364,,
20260630,20.0,8,2,fixed_source_trained_scalar_interpolation_plus_ls,-10.93939249621926,15.499815109493078,1.452950307832819,5.548041808198549,0.23015002976664212,0.625,826.3029000081588,5.470996953678378,,
20260630,20.0,8,2,tensor_nomp3d_known_order_v1,-55.46882856951099,0.0014358614413110115,0.0010187172294751864,0.0012163382332422625,7.499657545619517e-05,1.0,12649.251900002128,50.00043302697011,49.0,0.11397695301191194
20260630,20.0,8,3,grid_fft_topk_plus_ls,-5.967577064590715,20.143050262129055,1.6343748290059141,3.267845048781771,0.2136056717732176,0.75,54.13770000450313,0.0,,
20260630,20.0,8,3,deterministic_cartesian_local_refinement_plus_ls,-11.897544723648474,20.300820020914852,1.6881761674467004,3.2555522614976753,0.21595554705198203,0.75,958.0337999941548,5.929967659057759,,
20260630,20.0,8,3,fixed_source_trained_scalar_interpolation_plus_ls,-12.908692289703339,20.244071884436433,1.6638732625101922,3.25839734120205,0.2149331133962523,0.75,1023.6858999996912,6.941115225112624,,
20260630,20.0,8,3,tensor_nomp3d_known_order_v1,-54.319123404961765,0.0006984857774189909,0.0006777522809827547,0.0003295161294355216,4.3933389586982426e-05,1.0,12376.115999999456,48.35154634037105,52.0,0.055259081699398284
20260630,20.0,8,4,grid_fft_topk_plus_ls,-4.924010179348225,10.68679190987897,0.596781347236526,4.567550090274915,0.16951526657264643,0.375,50.99039999186061,0.0,,
20260630,20.0,8,4,deterministic_cartesian_local_refinement_plus_ls,-12.504608820259355,10.696150644753123,0.718353279265992,4.6148405129076915,0.17261589208287467,0.625,907.6559999957681,7.58059864091113,,
20260630,20.0,8,4,fixed_source_trained_scalar_interpolation_plus_ls,-10.532464857628629,10.691984176089468,0.6643232563931721,4.5974880850675754,0.17129762710098062,0.625,891.7287999938708,5.6084546782804034,,
20260630,20.0,8,4,tensor_nomp3d_known_order_v1,-54.19222153450846,0.0010436973256687855,0.0010383268052084138,0.001142529876721237,7.451631954477767e-05,1.0,13110.32440001145,49.26821135516024,53.0,0.08860529226384872
20260630,20.0,8,5,grid_fft_topk_plus_ls,-7.097286212427003,16.649586685489343,0.39529149105290423,1.7458413970961422,0.14320047711429984,0.875,44.92749999917578,0.0,,
20260630,20.0,8,5,deterministic_cartesian_local_refinement_plus_ls,-14.182139738332696,16.80784130475328,0.4619162543176607,1.819105205944952,0.14597155931909128,0.875,842.5215000024764,7.084853525905693,,
20260630,20.0,8,5,fixed_source_trained_scalar_interpolation_plus_ls,-13.168819514772592,16.750954494991948,0.4342262926362236,1.790779798440265,0.1448944152225826,0.875,798.3729999978095,6.071533302345589,,
20260630,20.0,8,5,tensor_nomp3d_known_order_v1,-55.18950616764392,0.001224826488241347,0.0007988907009173716,0.00035033635227520003,5.200476487303918e-05,1.0,11963.570699997945,48.09221995521692,49.0,0.0877723560882423
20260630,20.0,8,6,grid_fft_topk_plus_ls,-4.7898703355254995,13.412308479388226,2.143052508044079,0.6799677111554033,0.17138047740606138,0.875,66.40119999065064,0.0,,
20260630,20.0,8,6,deterministic_cartesian_local_refinement_plus_ls,-12.444331275296495,13.330988099232775,2.142789705579031,0.8127187182240725,0.17154486856026022,0.875,908.7971999979345,7.6544609397709955,,
20260630,20.0,8,6,fixed_source_trained_scalar_interpolation_plus_ls,-11.995078497380607,13.359565403961835,2.1418653815405944,0.757334622366291,0.171387887055416,0.875,979.3871000001673,7.205208161855108,,
20260630,20.0,8,6,tensor_nomp3d_known_order_v1,-55.46109383672933,0.0004668496757124664,0.0006493341524410918,0.00030843342982114693,4.187141234011937e-05,1.0,12752.29340000078,50.67122350120383,51.0,0.08714324622237495
20260630,20.0,8,7,grid_fft_topk_plus_ls,-4.125015852124656,11.845669253961718,1.926843837884046,2.3317409643590734,0.16845436236292471,0.625,58.96170000778511,0.0,,
20260630,20.0,8,7,deterministic_cartesian_local_refinement_plus_ls,-11.242711998523806,11.776693893556814,1.96625702356243,2.3421753585310126,0.17007181841876823,0.625,989.8614999983693,7.11769614639915,,
20260630,20.0,8,7,fixed_source_trained_scalar_interpolation_plus_ls,-9.275465775598278,11.801069185559832,1.949252777940864,2.334086106957852,0.16929997370861222,0.625,1013.2067999948049,5.150449923473622,,
20260630,20.0,8,7,tensor_nomp3d_known_order_v1,-56.4849824621302,0.00033267476530355635,0.0003343260865711276,0.0004108296352184147,2.4661650807383706e-05,1.0,12870.131400006358,52.35996661000554,48.0,0.08411317528248091
20260630,20.0,8,8,grid_fft_topk_plus_ls,-6.606993044820238,0.1809182191469355,0.1662397632869728,0.1501253798228983,0.011487339238368218,1.0,52.21259999962058,0.0,,
20260630,20.0,8,8,deterministic_cartesian_local_refinement_plus_ls,-15.448166829936664,0.07002109150162429,0.05107839250468457,0.05126840207435501,0.003613517962266641,1.0,901.4131000003545,8.841173785116425,,
20260630,20.0,8,8,fixed_source_trained_scalar_interpolation_plus_ls,-13.149251990564037,0.0871487187238395,0.06555670189916685,0.07344256845041526,0.004745394222072614,1.0,959.1361000057077,6.542258945743799,,
20260630,20.0,8,8,tensor_nomp3d_known_order_v1,-55.967444332563055,0.0005733054966816578,0.0005043401233995376,0.00031217850492080003,3.329897868105322e-05,1.0,13581.798700004583,49.36045128774282,50.0,0.08031679495005564
20260630,20.0,8,9,grid_fft_topk_plus_ls,-8.306412642405439,12.468802980626016,1.849149351289721,2.1123943220630634,0.16493536716775758,0.875,59.78139999206178,0.0,,
20260630,20.0,8,9,deterministic_cartesian_local_refinement_plus_ls,-13.8480587589586,12.626987875751688,1.8443284727212366,2.0298485070271393,0.16444605892937172,0.875,1002.7171999972779,5.541646116553162,,
20260630,20.0,8,9,fixed_source_trained_scalar_interpolation_plus_ls,-16.431850699515287,12.569995157265746,1.844479635307709,2.0580205712464745,0.16452811254365055,0.875,960.8547999960138,8.125438057109848,,
20260630,20.0,8,9,tensor_nomp3d_known_order_v1,-53.82203895950833,0.0007404219466988917,0.0006301794683176076,0.000747982842015043,4.6163845244054664e-05,1.0,13502.255400002468,45.51562631710289,51.0,0.06364293013336858
20260630,20.0,8,10,grid_fft_topk_plus_ls,-4.389142227577459,20.105320118029873,1.504025958471567,3.1445456382470414,0.2077608892010563,0.375,64.37239999650046,0.0,,
20260630,20.0,8,10,deterministic_cartesian_local_refinement_plus_ls,-12.982949409423753,20.053027775701057,1.5378635604629396,3.2481751195070587,0.20996531548388797,0.625,1032.733800006099,8.593807181846294,,
20260630,20.0,8,10,fixed_source_trained_scalar_interpolation_plus_ls,-12.064925196441473,20.071478421287154,1.5177085488594735,3.2087330206448454,0.20890511623409935,0.625,896.0992999927839,7.675782968864015,,
20260630,20.0,8,10,tensor_nomp3d_known_order_v1,-56.612189936746375,0.000566970380895137,0.0005968857540785853,0.00041310508975584494,3.97236202778561e-05,1.0,13350.243599998066,52.22304770916892,52.0,0.06316600511274506
20260630,20.0,8,11,grid_fft_topk_plus_ls,-5.382561329764922,14.240148148007247,2.6006803630881286,3.117809634532935,0.21974940012054567,0.5,52.05959999875631,0.0,,
20260630,20.0,8,11,deterministic_cartesian_local_refinement_plus_ls,-11.849591096426257,14.396359602544635,2.5059623319608355,3.1625404336548875,0.21667430137232507,0.5,984.4492999982322,6.467029766661335,,
20260630,20.0,8,11,fixed_source_trained_scalar_interpolation_plus_ls,-11.202985384783071,14.340213173580963,2.5388530225493264,3.144284093992641,0.21768093287146575,0.5,851.4749000023585,5.820424055018149,,
20260630,20.0,8,11,tensor_nomp3d_known_order_v1,-55.568705164156434,0.0005910114205531261,0.0007973000431692629,0.0006133974360927986,5.359021267624457e-05,1.0,12984.546399995452,50.186143834391515,48.0,0.05559790651415808
20260630,20.0,8,12,grid_fft_topk_plus_ls,-6.419025116085697,29.366071400207904,1.2383824750319925,5.608008467702205,0.298894460258728,0.5,47.70150000695139,0.0,,
20260630,20.0,8,12,deterministic_cartesian_local_refinement_plus_ls,-12.154139193674979,29.365649851077055,1.4449578283040299,5.691103003122002,0.3040042063258743,0.625,978.7271999957738,5.735114077589282,,
20260630,20.0,8,12,fixed_source_trained_scalar_interpolation_plus_ls,-11.01920943277291,29.365676967574206,1.3676642016257536,5.6604608522012265,0.302042647253568,0.5,997.7937999938149,4.600184316687214,,
20260630,20.0,8,12,tensor_nomp3d_known_order_v1,-54.65413182461701,0.001623240606711255,0.0006851451919642713,0.0009289335586845571,5.326539511117667e-05,1.0,13317.107199996826,48.23510670853131,47.0,0.07460436556890968
20260630,20.0,8,13,grid_fft_topk_plus_ls,-4.794721370184892,8.618717192764578,1.0199849614304253,2.940410563727807,0.13054174398022608,0.75,47.75569999765139,0.0,,
20260630,20.0,8,13,deterministic_cartesian_local_refinement_plus_ls,-12.138815746321352,8.704935107672231,1.1688609504769754,2.984271127808197,0.13659793341178877,0.75,926.7662000056589,7.344094376136461,,
20260630,20.0,8,13,fixed_source_trained_scalar_interpolation_plus_ls,-9.91430465996435,8.673406009923978,1.1119614588209803,2.967659872885901,0.13424625556005787,0.75,914.6619999955874,5.119583289779458,,
20260630,20.0,8,13,tensor_nomp3d_known_order_v1,-55.65611210814048,0.0004465628177214811,0.0004651454332819154,0.00043334568941858057,3.2260130885679756e-05,1.0,12552.367199998116,50.86139073795559,51.0,0.05018244563605132
20260630,20.0,8,14,grid_fft_topk_plus_ls,-6.223588906142242,11.47617779369245,2.285879459069354,4.444191726450349,0.21848921006784816,0.5,55.06359999708366,0.0,,
20260630,20.0,8,14,deterministic_cartesian_local_refinement_plus_ls,-11.391777109818538,11.543263487325955,2.292868921382678,4.433664999586259,0.2187819399388337,0.625,876.1959999974351,5.168188203676296,,
20260630,20.0,8,14,fixed_source_trained_scalar_interpolation_plus_ls,-11.908261639380262,11.518718071745633,2.287508921703581,4.43694556295409,0.21854863124905252,0.625,881.4205000089714,5.6846727332380205,,
20260630,20.0,8,14,tensor_nomp3d_known_order_v1,-54.182052422623386,0.0008798431891790593,0.0011408625267545546,0.0010478564249994228,7.876398102312748e-05,1.0,12906.23439999763,47.958463516481146,54.0,0.06614286526363855
20260630,20.0,8,15,grid_fft_topk_plus_ls,-5.200440464900248,14.563725639672185,1.1258919864222119,2.6342752158846157,0.15708004063262537,0.625,52.60179999459069,0.0,,
20260630,20.0,8,15,deterministic_cartesian_local_refinement_plus_ls,-13.43126895696437,14.717393386026275,1.1960275290261928,2.532330837439461,0.15833678728876371,0.75,963.9167999994243,8.230828492064123,,
20260630,20.0,8,15,fixed_source_trained_scalar_interpolation_plus_ls,-11.26076576634192,14.662057038768454,1.1670418798855282,2.567884317719695,0.15773658958581555,0.75,1047.2597000043606,6.060325301441673,,
20260630,20.0,8,15,tensor_nomp3d_known_order_v1,-54.40367134143611,0.000501213566242246,0.0010341276914893592,0.0016180871828750587,8.215593144041015e-05,1.0,12524.529400005122,49.20323087653586,51.0,0.04812398689593514
20260630,20.0,8,16,grid_fft_topk_plus_ls,-4.705264681514277,7.188652783927836,2.812145630305487,3.5418250053289198,0.21516475361179965,0.625,51.11590000160504,0.0,,
20260630,20.0,8,16,deterministic_cartesian_local_refinement_plus_ls,-12.572655179317895,7.276344668800608,2.9206138906179944,3.699109457904229,0.22341548680360102,0.75,926.9542999973055,7.867390497803618,,
20260630,20.0,8,16,fixed_source_trained_scalar_interpolation_plus_ls,-11.158199462214824,7.244061997985038,2.8802233308090694,3.6417724601026604,0.22036242681607707,0.75,850.6616999948164,6.452934780700548,,
20260630,20.0,8,16,tensor_nomp3d_known_order_v1,-56.37511171188283,0.0003816416721730098,0.0012211537735177381,0.0008516173336111456,8.08839191920846e-05,1.0,12557.55749999662,51.66984703036855,50.0,0.09515917221547693
20260630,20.0,8,17,grid_fft_topk_plus_ls,-3.8452860176763064,8.663838303903635,1.9634489970487712,5.3605342001894,0.21840874196471763,0.5,47.483400005148724,0.0,,
20260630,20.0,8,17,deterministic_cartesian_local_refinement_plus_ls,-11.813874638097282,8.756524936221139,1.8250442280754242,5.298386178539659,0.21238125679281747,0.625,927.6493999932427,7.9685886204209755,,
20260630,20.0,8,17,fixed_source_trained_scalar_interpolation_plus_ls,-9.155108730669847,8.722865227967295,1.8730622748850227,5.3193565270307355,0.21443176775627357,0.625,1017.8387999912957,5.30982271299354,,
20260630,20.0,8,17,tensor_nomp3d_known_order_v1,-56.41403515268074,0.0004580910035845604,0.0003557776277119913,0.0005115764119916691,2.761935687732376e-05,1.0,11369.16060000658,52.56874913500443,51.0,0.09234490427902456
20260630,20.0,8,18,grid_fft_topk_plus_ls,-5.933185269380999,21.346510688302217,1.5017942698296167,2.6909104530527928,0.20902988836706035,0.5,59.99870000232477,0.0,,
20260630,20.0,8,18,deterministic_cartesian_local_refinement_plus_ls,-14.583101857612279,21.513131653701617,1.4975899345647092,2.728963795660377,0.2104317384478827,0.625,947.813299993868,8.64991658823128,,
20260630,20.0,8,18,fixed_source_trained_scalar_interpolation_plus_ls,-12.552019647082455,21.453175961533873,1.4981261645138655,2.713255375497093,0.20987395114750435,0.625,994.5339999976568,6.6188343777014556,,
20260630,20.0,8,18,tensor_nomp3d_known_order_v1,-54.80993042455828,0.0015476465059923142,0.0013452376270685351,0.001772504331543862,0.000101406752238669,1.0,12426.614900003187,48.87674515517728,47.0,0.07020651120924502
20260630,20.0,8,19,grid_fft_topk_plus_ls,-5.190112316850829,20.98739129356271,1.5528115250363557,4.158276730991638,0.23062748131809838,0.25,47.42570000234991,0.0,,
20260630,20.0,8,19,deterministic_cartesian_local_refinement_plus_ls,-13.012037264013223,20.93626877386828,1.5398634983011612,4.107605307859552,0.22911301268698217,0.5,1015.755900007207,7.821924947162394,,
20260630,20.0,8,19,fixed_source_trained_scalar_interpolation_plus_ls,-11.240787424941406,20.954346126643387,1.5416845098051857,4.12405812977464,0.22954993503455173,0.375,899.935599998571,6.0506751080905765,,
20260630,20.0,8,19,tensor_nomp3d_known_order_v1,-55.22841812929486,0.0011185671948124593,0.0007631425931793383,0.0023698158918790736,8.851958076488765e-05,1.0,13338.09299999848,50.03830581244403,48.0,0.06787201802529416
20260630,30.0,2,0,grid_fft_topk_plus_ls,-13.499006708796877,0.022288384588603688,0.1933756483987635,0.05468559898785152,0.012207440760799127,1.0,14.454899996053427,0.0,,
20260630,30.0,2,0,deterministic_cartesian_local_refinement_plus_ls,-21.405758808990463,0.022288384588603688,0.0379112301394167,0.05468559898785152,0.0029266102129833996,1.0,206.39310000115074,7.906752100193586,,
20260630,30.0,2,0,fixed_source_trained_scalar_interpolation_plus_ls,-18.193229057887127,0.022288384588603688,0.0921651508057255,0.05468559898785152,0.006010994409684921,1.0,232.49040001246613,4.69422234909025,,
20260630,30.0,2,0,tensor_nomp3d_known_order_v1,-73.76481991325244,1.6526836562345513e-05,7.360069088163309e-05,4.537582032057647e-05,4.815368755674629e-06,1.0,1166.7287000018405,60.26581320445556,5.0,0.0020386412467424393
20260630,30.0,2,1,grid_fft_topk_plus_ls,-4.85888937607633,0.25217289745429694,0.1582705581338026,0.11203204410704609,0.010676525127664937,1.0,12.141800005338155,0.0,,
20260630,30.0,2,1,deterministic_cartesian_local_refinement_plus_ls,-10.539414251749424,0.10690233069438657,0.06684726338196709,0.10878012606850501,0.005450558948845454,1.0,191.12039999163244,5.680524875673094,,
20260630,30.0,2,1,fixed_source_trained_scalar_interpolation_plus_ls,-13.522151593524782,0.08266482405115046,0.014198982841319936,0.07919556997196789,0.0027073169860129297,1.0,225.01660000125412,8.663262217448452,,
20260630,30.0,2,1,tensor_nomp3d_known_order_v1,-71.60259082084016,0.00013936136395370475,4.060575850304079e-05,3.823254710293187e-05,3.0089202526023026e-06,1.0,1258.5066999890842,66.74370144476383,6.0,0.0006773196610293856
20260630,30.0,2,2,grid_fft_topk_plus_ls,-5.7871071027152095,0.22324323848253963,0.1465875463030007,0.1974654422782165,0.011182919902602685,1.0,11.907899999641813,0.0,,
20260630,30.0,2,2,deterministic_cartesian_local_refinement_plus_ls,-17.5099263939276,0.06484236603154259,0.06189106751488889,0.027546933191088897,0.00399506944139918,1.0,269.5313000003807,11.72281929121239,,
20260630,30.0,2,2,fixed_source_trained_scalar_interpolation_plus_ls,-13.718283399860463,0.12135287134833193,0.0658405163164656,0.053037667170953075,0.004536451320336137,1.0,201.17269999173004,7.931176297145253,,
20260630,30.0,2,2,tensor_nomp3d_known_order_v1,-70.99927031932323,7.203473817984317e-05,0.00012834744674045088,5.945740912420997e-05,8.253299799240758e-06,1.0,1376.9559000065783,65.21216321660802,10.0,0.002271167304373387
20260630,30.0,2,3,grid_fft_topk_plus_ls,-6.063194654727474,7.008778692450684,5.064753011131033,3.772441308462476,0.34219590722166693,0.0,13.944899998023175,0.0,,
20260630,30.0,2,3,deterministic_cartesian_local_refinement_plus_ls,-12.164276670053413,7.149765479164626,5.223643366087246,3.6108123240106966,0.34991448781544066,0.5,226.04530000535306,6.101082015325939,,
20260630,30.0,2,3,fixed_source_trained_scalar_interpolation_plus_ls,-14.224362091474019,7.097553543479483,5.166183277944044,3.6679208741976344,0.34708593857763764,0.5,201.26480000908487,8.161167436746545,,
20260630,30.0,2,3,tensor_nomp3d_known_order_v1,-69.62675785774746,7.864955219905452e-05,0.0002975987922532412,8.994737529430609e-05,1.882114897810339e-05,1.0,1439.947500010021,63.56356320301999,6.0,0.0009567529357185798
20260630,30.0,2,4,grid_fft_topk_plus_ls,-4.2476898829436465,0.23689851383736135,0.15310693966915762,0.2492190173885584,0.01247593837056979,1.0,15.258900006301701,0.0,,
20260630,30.0,2,4,deterministic_cartesian_local_refinement_plus_ls,-17.753561062966416,0.06481795758210629,0.006416825109216538,0.03278263311783697,0.0012111094993321537,1.0,256.8039000034332,13.505871180022769,,
20260630,30.0,2,4,fixed_source_trained_scalar_interpolation_plus_ls,-10.864329917035278,0.10562260709112024,0.05101133621740292,0.10627175850715023,0.004677026924450848,1.0,258.691800001543,6.616640034091631,,
20260630,30.0,2,4,tensor_nomp3d_known_order_v1,-71.46677485593473,6.146995141114826e-05,6.154073968616675e-05,4.19098929789256e-05,4.091441307121708e-06,1.0,1324.226600001566,67.21908497299108,6.0,0.0023535975212939705
20260630,30.0,2,5,grid_fft_topk_plus_ls,-5.899489896322475,0.24269417846986888,0.03764044216509489,0.18702544952812927,0.006579368894653618,1.0,12.615300001925789,0.0,,
20260630,30.0,2,5,deterministic_cartesian_local_refinement_plus_ls,-18.88394853270906,0.05118528103752452,0.03764044216509489,0.05569187160330574,0.0029535039307805044,1.0,216.1545999988448,12.984458636386584,,
20260630,30.0,2,5,fixed_source_trained_scalar_interpolation_plus_ls,-14.441963209468696,0.10552860662279298,0.03764044216509489,0.05366085669527033,0.003004345325158669,1.0,207.14490000682417,8.542473313146221,,
20260630,30.0,2,5,tensor_nomp3d_known_order_v1,-69.50116385716422,4.164607157440584e-05,9.29231382462411e-05,0.0001629220170521073,7.73024333023386e-06,1.0,1241.9762999925297,63.60167396084174,6.0,0.000421489313634378
20260630,30.0,2,6,grid_fft_topk_plus_ls,-2.9347557335864143,0.2487497163782171,0.2826690078787724,0.2373571233966303,0.0192590469920042,1.0,18.897699992521666,0.0,,
20260630,30.0,2,6,deterministic_cartesian_local_refinement_plus_ls,-12.416900233772651,0.07742670329350404,0.06677194349125386,0.07795196945969168,0.00486990520954704,1.0,248.19639998895582,9.482144500186237,,
20260630,30.0,2,6,fixed_source_trained_scalar_interpolation_plus_ls,-8.01171928555766,0.1198681466619454,0.14084264349596964,0.1115244692370843,0.00951367906174565,1.0,212.8076999943005,5.076963551971247,,
20260630,30.0,2,6,tensor_nomp3d_known_order_v1,-69.96355487701886,9.947281491182693e-05,0.00013083271375175334,5.394956770937013e-05,8.385125604870163e-06,1.0,1333.0304999981308,67.02879914343245,7.0,0.0026132178686713824
20260630,30.0,2,7,grid_fft_topk_plus_ls,-7.7509669213701144,0.07178338803429811,0.1506294656187771,0.1738005802854935,0.01088315242123579,1.0,12.11670000338927,0.0,,
20260630,30.0,2,7,deterministic_cartesian_local_refinement_plus_ls,-14.374347712268262,0.07178338803429811,0.04969972940187597,0.05140124394976666,0.003541659672699226,1.0,225.3268000058597,6.623380790898148,,
20260630,30.0,2,7,fixed_source_trained_scalar_interpolation_plus_ls,-14.617358814049538,0.07178338803429811,0.06238470635280447,0.029594117350946456,0.004046274274132099,1.0,242.9608999955235,6.866391892679424,,
20260630,30.0,2,7,tensor_nomp3d_known_order_v1,-70.40276504367459,0.00015424786812035304,1.4516454232442366e-05,5.30002179915595e-05,2.24020397506898e-06,1.0,1175.2607000089483,62.65179812230448,6.0,0.0024264340365539225
20260630,30.0,2,8,grid_fft_topk_plus_ls,-3.240722865384733,20.63409042284347,1.2698209585229672,6.432334243787726,0.2696117368308803,0.0,12.735600001178682,0.0,,
20260630,30.0,2,8,deterministic_cartesian_local_refinement_plus_ls,-6.675800592887551,20.792443687425678,1.508493203555239,6.272876252824675,0.2714823684635635,0.5,206.4706999954069,3.435077727502818,,
20260630,30.0,2,8,fixed_source_trained_scalar_interpolation_plus_ls,-6.56050500267917,20.735598871206967,1.4112263704836792,6.3295175171892915,0.27045579251101093,0.5,201.70790000702254,3.3197821372944367,,
20260630,30.0,2,8,tensor_nomp3d_known_order_v1,-71.62071060088665,8.414474091505392e-05,6.052655007761795e-05,4.1046051567339543e-05,4.048190241803023e-06,1.0,1252.2862000041641,68.37998773550191,7.0,0.006647198399617032
20260630,30.0,2,9,grid_fft_topk_plus_ls,-5.514345180422032,0.048965418586663936,0.17841631407738393,0.3065618102040198,0.014706089258676816,1.0,11.341499994159676,0.0,,
20260630,30.0,2,9,deterministic_cartesian_local_refinement_plus_ls,-14.331065368386364,0.048965418586663936,0.05758962413731434,0.07448632727173625,0.004303469138735972,1.0,215.19940000143833,8.816720187964332,,
20260630,30.0,2,9,fixed_source_trained_scalar_interpolation_plus_ls,-11.7939235484328,0.048965418586663936,0.08780215871410325,0.0901246273013368,0.006180012476380558,1.0,225.74209999584127,6.279578368010769,,
20260630,30.0,2,9,tensor_nomp3d_known_order_v1,-70.75524152981318,5.0528939507984466e-05,4.976352500054486e-05,2.5833459193793848e-05,3.237441881389597e-06,1.0,1247.2564999916358,65.24089634939115,7.0,0.0015408242825449738
20260630,30.0,2,10,grid_fft_topk_plus_ls,-3.1810645057927345,0.2960126980219093,0.16233711606695214,0.29856487060467074,0.0139765012333695,1.0,12.886000011349097,0.0,,
20260630,30.0,2,10,deterministic_cartesian_local_refinement_plus_ls,-13.6163278916909,0.07121064963623243,0.04335166086300508,0.07405147788027222,0.0036063667338433613,1.0,228.1068000011146,10.435263385898166,,
20260630,30.0,2,10,fixed_source_trained_scalar_interpolation_plus_ls,-8.032193082680001,0.15164039831288417,0.06946017298887837,0.15428247587430372,0.006595091728012122,1.0,190.55949999892619,4.851128576887266,,
20260630,30.0,2,10,tensor_nomp3d_known_order_v1,-72.01700206005552,8.176245683352779e-05,5.852375004040902e-05,7.253246024869239e-05,4.350252975550086e-06,1.0,1165.5560999934096,68.83593755426278,6.0,0.0051401079996121896
20260630,30.0,2,11,grid_fft_topk_plus_ls,-3.9820420010875717,0.17120873443929588,0.29542089756286316,0.224671350431676,0.019798873209483116,1.0,11.517899998580106,0.0,,
20260630,30.0,2,11,deterministic_cartesian_local_refinement_plus_ls,-12.727145098345847,0.07984864425098945,0.07145185645189026,0.07098681407213608,0.005025237751691806,1.0,224.67140000662766,8.745103097258276,,
20260630,30.0,2,11,fixed_source_trained_scalar_interpolation_plus_ls,-9.187682380698186,0.054335614477342385,0.15129959559038092,0.12446411752600595,0.010233700335220485,1.0,216.78859999519773,5.205640379610615,,
20260630,30.0,2,11,tensor_nomp3d_known_order_v1,-69.29222880089664,2.555400203890842e-05,0.00015203076365875732,4.3589056351527434e-05,9.601138806103244e-06,1.0,1303.066399996169,65.31018679980906,7.0,0.0009770295748046268
20260630,30.0,2,12,grid_fft_topk_plus_ls,-3.7573940867630635,0.1782778139763794,0.3166128172338691,0.1589185357417786,0.02044944799200883,1.0,13.794600003166124,0.0,,
20260630,30.0,2,12,deterministic_cartesian_local_refinement_plus_ls,-14.345623972233579,0.05277154866549545,0.09168933530054146,0.023754945201195928,0.0057931538363652935,1.0,234.62040000595152,10.588229885470515,,
20260630,30.0,2,12,fixed_source_trained_scalar_interpolation_plus_ls,-9.522515904125095,0.03913949866610006,0.17220706040200606,0.05989398494248347,0.010928751850307354,1.0,218.4287999989465,5.765121817362031,,
20260630,30.0,2,12,tensor_nomp3d_known_order_v1,-73.52537517814109,5.841948528337385e-05,6.422912467554987e-05,4.4776072544172695e-05,4.275625955307132e-06,1.0,1372.5696000037715,69.76798109137803,7.0,0.0020958769385325876
20260630,30.0,2,13,grid_fft_topk_plus_ls,-5.321278728401967,0.2138888838502542,0.16476390361454693,0.16527874775699775,0.011640988610596458,1.0,13.133200001902878,0.0,,
20260630,30.0,2,13,deterministic_cartesian_local_refinement_plus_ls,-15.717962100466448,0.02796524546692229,0.06047168364016095,0.06114430977839266,0.004240661056175641,1.0,204.71000000543427,10.39668337206448,,
20260630,30.0,2,13,fixed_source_trained_scalar_interpolation_plus_ls,-15.94946605706222,0.07243645163552555,0.020776062199923534,0.023345242404126703,0.0015932963065614506,1.0,189.66220000584144,10.628187328660253,,
20260630,30.0,2,13,tensor_nomp3d_known_order_v1,-75.22269287338997,2.9400245113645428e-05,3.028019320385162e-05,4.8215148635991886e-05,2.4299330383644482e-06,1.0,1308.541000005789,69.90141414498801,7.0,0.0014796180563807766
20260630,30.0,2,14,grid_fft_topk_plus_ls,-5.3874851731839914,0.18998136634286092,0.0655177584696173,0.23823727170920891,0.008625402606280664,1.0,15.800599998328835,0.0,,
20260630,30.0,2,14,deterministic_cartesian_local_refinement_plus_ls,-12.587935046863254,0.058811852617811716,0.0655177584696173,0.08560400621406386,0.004912767337763038,1.0,242.38429999968503,7.200449873679263,,
20260630,30.0,2,14,fixed_source_trained_scalar_interpolation_plus_ls,-10.017169140821487,0.09657204535487313,0.0655177584696173,0.11571941528192713,0.005514910078421162,1.0,212.43750001303852,4.6296839676374955,,
20260630,30.0,2,14,tensor_nomp3d_known_order_v1,-67.10831706453503,1.6193594404168412e-05,0.0001172503010711686,8.632192635302988e-05,7.809899373754657e-06,1.0,1289.0706000034697,61.72083189135104,7.0,0.004305366367178444
20260630,30.0,2,15,grid_fft_topk_plus_ls,-4.000230102546508,0.19375714274100117,0.22524703013409741,0.28583277454846395,0.01674112514830311,1.0,13.143200005288236,0.0,,
20260630,30.0,2,15,deterministic_cartesian_local_refinement_plus_ls,-13.077159839573104,0.07900096310355603,0.0618081925845196,0.07090448940233272,0.0044959323315258565,1.0,233.55119999905583,9.076929737026596,,
20260630,30.0,2,15,fixed_source_trained_scalar_interpolation_plus_ls,-9.254001755557887,0.10784716505303205,0.0947804881325202,0.14438115884659986,0.007493892105392984,1.0,245.7250000006752,5.253771653011379,,
20260630,30.0,2,15,tensor_nomp3d_known_order_v1,-68.21251351273877,5.130915067101045e-05,0.0002034574152971308,3.7428000945532886e-05,1.2776056169695618e-05,1.0,1298.1268000003183,64.21228341019226,6.0,0.005433779909032908
20260630,30.0,2,16,grid_fft_topk_plus_ls,-6.401978500016417,0.21277325666001637,0.014388977199457255,0.1654641201568779,0.005505330725488201,1.0,11.841300001833588,0.0,,
20260630,30.0,2,16,deterministic_cartesian_local_refinement_plus_ls,-20.030702851849405,0.012729770893567513,0.014388977199457255,0.06487899705785094,0.002220198220208699,1.0,228.40810001071077,13.628724351832988,,
20260630,30.0,2,16,fixed_source_trained_scalar_interpolation_plus_ls,-16.648951263999148,0.06840028888815909,0.014388977199457255,0.029480142704228936,0.001393925837859331,1.0,218.77750000567175,10.24697276398273,,
20260630,30.0,2,16,tensor_nomp3d_known_order_v1,-70.77816726982218,3.727822747279791e-05,0.00011350195540546268,2.6640470810854803e-05,7.148490904766233e-06,1.0,1220.6374000088545,64.37618876980576,6.0,0.005102128010215294
20260630,30.0,2,17,grid_fft_topk_plus_ls,-9.057771482964842,0.13437296421957065,0.11706315765717072,0.14701826518036812,0.008702886984171702,1.0,11.733999999705702,0.0,,
20260630,30.0,2,17,deterministic_cartesian_local_refinement_plus_ls,-12.697647961992917,0.09380959225633133,0.042883469335128495,0.08451651487280018,0.0038335769888399726,1.0,226.23339999699965,3.639876479028075,,
20260630,30.0,2,17,fixed_source_trained_scalar_interpolation_plus_ls,-22.17004074960795,0.07934908945908599,0.01640852418824154,0.026236185840125017,0.001451969798366109,1.0,239.00159999902826,13.112269266643107,,
20260630,30.0,2,17,tensor_nomp3d_known_order_v1,-70.45109691872209,0.0001431794134578242,0.00014893394237805875,0.00025343408194116476,1.2272753986609822e-05,1.0,1182.2092000074917,61.39332543575725,7.0,0.0012342155640038808
20260630,30.0,2,18,grid_fft_topk_plus_ls,-3.374678632613042,0.25972820697720705,0.21278626620474403,0.24771374804534246,0.015521225784685951,1.0,12.065799994161353,0.0,,
20260630,30.0,2,18,deterministic_cartesian_local_refinement_plus_ls,-14.123712984916239,0.0500402041161105,0.04354772764590912,0.08026381121679366,0.0037218210927407822,1.0,213.4055999922566,10.749034352303196,,
20260630,30.0,2,18,fixed_source_trained_scalar_interpolation_plus_ls,-12.535413857056037,0.11885467177207133,0.07611767194412082,0.05324270790012431,0.005124741603236065,1.0,207.03999999386724,9.160735224442995,,
20260630,30.0,2,18,tensor_nomp3d_known_order_v1,-71.56174941287846,4.788265805263662e-05,6.085888621948626e-05,3.122864061783485e-05,3.944653835022065e-06,1.0,1226.960300002247,68.18707078026542,6.0,0.0023219479954670226
20260630,30.0,2,19,grid_fft_topk_plus_ls,-8.948587013201902,0.19800574953641906,0.13642745671367396,0.09442613856659328,0.009154516246325298,1.0,10.783599995193072,0.0,,
20260630,30.0,2,19,deterministic_cartesian_local_refinement_plus_ls,-14.445735055579442,0.05439874525490539,0.06748885995795624,0.06477799166017469,0.004697918062932897,1.0,222.50470001017675,5.497148042377541,,
20260630,30.0,2,19,fixed_source_trained_scalar_interpolation_plus_ls,-13.941319359163543,0.10059961499026925,0.06140222701787524,0.008250121004391283,0.003925765760058713,1.0,216.84730000561103,4.992732345961642,,
20260630,30.0,2,19,tensor_nomp3d_known_order_v1,-68.28321911917476,0.00011964981934562412,4.62445844218268e-05,0.00013236260952648787,5.1319371597965775e-06,1.0,1157.8998000040883,59.33463210597286,7.0,0.000622748229960982
20260630,30.0,4,0,grid_fft_topk_plus_ls,-7.157005978953297,21.4150341602358,1.5451145308915955,5.501167196602474,0.25859273354127776,0.5,22.173400007886812,0.0,,
20260630,30.0,4,0,deterministic_cartesian_local_refinement_plus_ls,-13.494028715682271,21.524489628768848,1.5361526597663804,5.49961264085875,0.25890634908173416,0.75,475.6595999933779,6.337022736728974,,
20260630,30.0,4,0,fixed_source_trained_scalar_interpolation_plus_ls,-12.421260841992787,21.48488594163405,1.5374767304738073,5.499904880882969,0.2587422868926408,0.75,447.4579999950947,5.26425486303949,,
20260630,30.0,4,0,tensor_nomp3d_known_order_v1,-68.32042623797474,0.00011893933425630346,0.00011207773218997116,0.0003600896577265559,1.3287476266298296e-05,1.0,3464.306200010469,61.16342025902145,15.0,0.005104795202784432
20260630,30.0,4,1,grid_fft_topk_plus_ls,-3.364311506813065,22.659370491561898,0.6786791051636433,7.5876306175604284,0.29893202097771376,0.25,24.036699993303046,0.0,,
20260630,30.0,4,1,deterministic_cartesian_local_refinement_plus_ls,-8.843590923788561,22.516870210426703,0.7173017654907053,7.797521698826723,0.3038610943145569,0.5,432.8667000081623,5.479279416975496,,
20260630,30.0,4,1,fixed_source_trained_scalar_interpolation_plus_ls,-7.70644167639034,22.56774237261576,0.6890945681319821,7.721700912444133,0.3019395432971606,0.5,415.61740000906866,4.342130169577275,,
20260630,30.0,4,1,tensor_nomp3d_known_order_v1,-69.17458496831765,0.00010293308797907846,8.873772137439732e-05,0.00020293958442742926,8.46316749779407e-06,1.0,3514.9884999991627,65.81027346150458,19.0,0.005359704482452406
20260630,30.0,4,2,grid_fft_topk_plus_ls,-6.669617277232357,0.24804833587791209,0.03183250951984387,0.22516431310973828,0.007564675636540924,1.0,23.719100005109794,0.0,,
20260630,30.0,4,2,deterministic_cartesian_local_refinement_plus_ls,-15.234247822731232,0.09142222106996481,0.03183250951984387,0.072578023338694,0.0031004001328931883,1.0,427.7123999927426,8.564630545498876,,
20260630,30.0,4,2,fixed_source_trained_scalar_interpolation_plus_ls,-13.178903709370509,0.09971077034828847,0.03183250951984387,0.09949402494659516,0.0037725475150142394,1.0,441.04419999348465,6.509286432138152,,
20260630,30.0,4,2,tensor_nomp3d_known_order_v1,-71.13216053658418,7.305282455283574e-05,9.362038865630355e-05,8.002510468898154e-05,6.38882315426275e-06,1.0,3599.8079999990296,64.46254325935182,14.0,0.002455892033632164
20260630,30.0,4,3,grid_fft_topk_plus_ls,-6.313921872262486,0.10843490092951852,0.18950385027514788,0.24481807881974135,0.01412547053202511,1.0,21.53600000019651,0.0,,
20260630,30.0,4,3,deterministic_cartesian_local_refinement_plus_ls,-12.644685361658357,0.08444756017478719,0.07019510791411611,0.06182353017241998,0.004838936467572399,1.0,421.49480000080075,6.3307634893958715,,
20260630,30.0,4,3,fixed_source_trained_scalar_interpolation_plus_ls,-13.370745664686346,0.054496171409343645,0.08540955638579768,0.1108096522304532,0.006377110776412773,1.0,426.33509999723174,7.05682379242386,,
20260630,30.0,4,3,tensor_nomp3d_known_order_v1,-68.6543087017895,5.1159716087738866e-05,0.0001269735266489705,0.0001569877112577768,9.338357016448285e-06,1.0,3669.059699997888,62.34038682952702,19.0,0.006079694610072361
20260630,30.0,4,4,grid_fft_topk_plus_ls,-3.9787757830646457,18.011927265542433,1.0242375283833656,0.626035997114513,0.15582760521000885,0.75,17.82209999510087,0.0,,
20260630,30.0,4,4,deterministic_cartesian_local_refinement_plus_ls,-13.038275960979114,18.123923213465112,1.1161326982100277,0.805147537878627,0.15983713145596187,0.75,400.93639999395236,9.059500177914469,,
20260630,30.0,4,4,fixed_source_trained_scalar_interpolation_plus_ls,-10.050493905452019,18.08365806457491,1.0800898191974355,0.7262094565860975,0.15821398282879034,0.75,438.8247000024421,6.071718122387373,,
20260630,30.0,4,4,tensor_nomp3d_known_order_v1,-65.75911401122076,0.0002881996294241109,0.00021999713938667304,0.0001600332915843457,1.4803293846626819e-05,1.0,3541.2772000127006,61.78033822815611,16.0,0.007453181798336966
20260630,30.0,4,5,grid_fft_topk_plus_ls,-6.436414286836634,0.1766488367718802,0.06553523659175187,0.19777685296322436,0.007541904628097886,1.0,19.65370000107214,0.0,,
20260630,30.0,4,5,deterministic_cartesian_local_refinement_plus_ls,-13.780548187688577,0.06753555891203748,0.06553523659175187,0.05876663974757252,0.004519710805110449,1.0,451.0267000005115,7.3441339008519435,,
20260630,30.0,4,5,fixed_source_trained_scalar_interpolation_plus_ls,-11.460437498553539,0.09101296150358854,0.06553523659175187,0.08657938092340248,0.004960111209654398,1.0,476.240100004361,5.024023211716905,,
20260630,30.0,4,5,tensor_nomp3d_known_order_v1,-68.7511808380828,7.01430201059807e-05,0.0001054164127561235,0.00012672071392973085,7.70653907334237e-06,1.0,3674.4846000074176,62.314766551246166,19.0,0.0035887730360089774
20260630,30.0,4,6,grid_fft_topk_plus_ls,-6.323030475712993,27.545065366161527,0.1033248693460556,5.4222428296454845,0.27397551631454165,0.75,25.438900003791787,0.0,,
20260630,30.0,4,6,deterministic_cartesian_local_refinement_plus_ls,-10.75738453179391,27.65714104877698,0.08779453953250863,5.644704857088338,0.2789854406751561,0.75,390.3626999963308,4.434354056080918,,
20260630,30.0,4,6,fixed_source_trained_scalar_interpolation_plus_ls,-11.556095801937795,27.61685053304613,0.07656086331478193,5.56449932138878,0.27714936153596903,0.75,396.97389998764265,5.233065326224803,,
20260630,30.0,4,6,tensor_nomp3d_known_order_v1,-68.07296614964454,0.00017544662725437076,0.00010698972914048675,7.11956105317616e-05,7.179334251622912e-06,1.0,3535.3791000088677,61.74993567393155,18.0,0.0024380253207514644
20260630,30.0,4,7,grid_fft_topk_plus_ls,-7.0604692095431885,0.16625193380658743,0.06380199991416062,0.18300197010911326,0.007091752432775568,1.0,23.509099992224947,0.0,,
20260630,30.0,4,7,deterministic_cartesian_local_refinement_plus_ls,-14.249209068705326,0.05189125311413146,0.058608002243972036,0.06949450206807714,0.004277641203717486,1.0,440.3409999940777,7.188739859162138,,
20260630,30.0,4,7,fixed_source_trained_scalar_interpolation_plus_ls,-13.026739535144605,0.05383570702214231,0.02744837989282323,0.09630084982516103,0.003489472255582852,1.0,452.7533000073163,5.966270325601417,,
20260630,30.0,4,7,tensor_nomp3d_known_order_v1,-68.38547494191319,0.0001458976207074373,0.00013674691770953402,8.733547095798392e-05,9.043986733073994e-06,1.0,3668.25119999703,61.32500573237,20.0,0.00668169269990144
20260630,30.0,4,8,grid_fft_topk_plus_ls,-5.451152707218027,0.18644569015395088,0.24875906356339814,0.18584558511368318,0.016660543918762302,1.0,14.236399991204962,0.0,,
20260630,30.0,4,8,deterministic_cartesian_local_refinement_plus_ls,-13.273439889579615,0.06377712294108219,0.05602390301446482,0.07950173896305118,0.0043221650551405165,1.0,392.82599999569356,7.822287182361588,,
20260630,30.0,4,8,fixed_source_trained_scalar_interpolation_plus_ls,-10.794459055475588,0.07956858322811199,0.1119668541381644,0.10298814622108174,0.007727573488537837,1.0,504.77449999016244,5.343306348257562,,
20260630,30.0,4,8,tensor_nomp3d_known_order_v1,-67.22157108857509,0.00012152064634704669,0.00010721972277292015,5.040264232754778e-05,6.9490090611030894e-06,1.0,3507.8456999908667,61.77041838135706,18.0,0.0030515801731889813
20260630,30.0,4,9,grid_fft_topk_plus_ls,-6.434736811670082,22.67052260096044,3.6175264875080697,4.745412294337735,0.32323282561153216,0.5,18.91990000149235,0.0,,
20260630,30.0,4,9,deterministic_cartesian_local_refinement_plus_ls,-14.909864648023483,22.815153007753647,3.8399170044679294,4.706602213521731,0.3331683180443807,0.5,404.931500001112,8.475127836353401,,
20260630,30.0,4,9,fixed_source_trained_scalar_interpolation_plus_ls,-14.581245047156948,22.763085899036234,3.75986077767664,4.719611512259189,0.3295442892077468,0.5,450.7491999975173,8.146508235486866,,
20260630,30.0,4,9,tensor_nomp3d_known_order_v1,-68.5227215998947,0.00027155769892642413,0.00019480854447424445,0.00010520219921328928,1.2788771958000729e-05,1.0,3605.9201000025496,62.08798478822461,16.0,0.002554004747722855
20260630,30.0,4,10,grid_fft_topk_plus_ls,-3.84454275130274,0.2228974089546153,0.23727872502685665,0.2199215521805592,0.016437484135787453,1.0,22.066999998060055,0.0,,
20260630,30.0,4,10,deterministic_cartesian_local_refinement_plus_ls,-13.464302890909334,0.04848202375384384,0.07472743518577515,0.07887628205277507,0.005294559118770731,1.0,459.9209999869345,9.619760139606594,,
20260630,30.0,4,10,fixed_source_trained_scalar_interpolation_plus_ls,-10.209539388088103,0.10282015994988837,0.12254592583475016,0.030795472338500725,0.007761025798023807,1.0,460.36120000644587,6.364996636785364,,
20260630,30.0,4,10,tensor_nomp3d_known_order_v1,-67.73032478414434,8.461601794117245e-05,0.00016666494361428834,5.772698505934635e-05,1.0592261622473605e-05,1.0,3726.0551000072155,63.885782032841604,18.0,0.005884192780531065
20260630,30.0,4,11,grid_fft_topk_plus_ls,-4.333950969514705,26.979871740265928,2.3407512748830803,3.9480154046782863,0.2846974205943656,0.5,21.9202000007499,0.0,,
20260630,30.0,4,11,deterministic_cartesian_local_refinement_plus_ls,-13.156366803597539,28.31812622040773,2.3354760975271622,3.5580028795026526,0.2874268689915355,0.75,454.40119999693707,8.822415834082834,,
20260630,30.0,4,11,fixed_source_trained_scalar_interpolation_plus_ls,-10.22097172469177,28.358496874570402,2.336121444424611,3.522050408469061,0.2872578196243148,0.75,424.69379999965895,5.8870207551770655,,
20260630,30.0,4,11,tensor_nomp3d_known_order_v1,-71.79282945586705,6.098998195955264e-05,6.749420044421717e-05,6.77930854593639e-05,4.744472207996647e-06,1.0,3544.3081999983406,67.45887848635235,19.0,0.007059851552554034
20260630,30.0,4,12,grid_fft_topk_plus_ls,-4.602580506872347,14.497029807819112,1.2387378686595694,6.4460696189358595,0.24371983314772183,0.5,22.732500001438893,0.0,,
20260630,30.0,4,12,deterministic_cartesian_local_refinement_plus_ls,-9.374940453741942,14.54848656171809,1.332570664664785,6.373036545636294,0.2439647030065684,0.5,459.4357000023592,4.772359946869595,,
20260630,30.0,4,12,fixed_source_trained_scalar_interpolation_plus_ls,-8.823126083289669,14.529881630836195,1.2907657422726593,6.397692737963222,0.2436490544940164,0.5,460.94869999797083,4.220545576417321,,
20260630,30.0,4,12,tensor_nomp3d_known_order_v1,-70.86897370956477,0.00013905169618930334,0.00017618260537142642,0.00013778707887093116,1.1873148775685823e-05,1.0,3443.650900007924,66.26639320269243,16.0,0.0018578463729547402
20260630,30.0,4,13,grid_fft_topk_plus_ls,-7.56511862658672,0.20017498360444033,0.23563700411577312,0.05971788567203769,0.014927225585462233,1.0,23.386699991533533,0.0,,
20260630,30.0,4,13,deterministic_cartesian_local_refinement_plus_ls,-11.243611376828184,0.07872980362543451,0.06396832343077066,0.058294769322461325,0.004436340585135373,1.0,429.28509999183007,3.678492750241464,,
20260630,30.0,4,13,fixed_source_trained_scalar_interpolation_plus_ls,-13.948904971460186,0.029533861354353857,0.11739502447134093,0.023436451950102802,0.007377260638889212,1.0,454.43019999947865,6.3837863448734655,,
20260630,30.0,4,13,tensor_nomp3d_known_order_v1,-68.66996549702047,0.0001761191935733178,0.00018172821954600226,0.00013499455792526712,1.2194018166156637e-05,1.0,3419.5622999977786,61.10484687043375,15.0,0.0047081720555148315
20260630,30.0,4,14,grid_fft_topk_plus_ls,-4.207777975752643,7.330152555623991,3.4586409630479396,0.14071575574890252,0.22366528205781447,0.5,21.101400008774363,0.0,,
20260630,30.0,4,14,deterministic_cartesian_local_refinement_plus_ls,-11.1823126477192,7.215764854776874,3.550013730079121,0.058209134693070846,0.22893260757131506,0.75,412.18050000316,6.974534671966557,,
20260630,30.0,4,14,fixed_source_trained_scalar_interpolation_plus_ls,-10.862556788045836,7.256130276676933,3.5134301184227947,0.05871149741208589,0.2267960563197779,0.75,442.20980000682175,6.654778812293193,,
20260630,30.0,4,14,tensor_nomp3d_known_order_v1,-68.40836199195303,7.36912313754881e-05,7.993192409707212e-05,0.0001094229022398228,6.081254925396133e-06,1.0,3618.9932999986922,64.20058401620038,17.0,0.004784111341950866
20260630,30.0,4,15,grid_fft_topk_plus_ls,-4.811630278586663,23.62360904476998,2.705983178564825,6.435496640681823,0.32110751701278806,0.25,20.317799993790686,0.0,,
20260630,30.0,4,15,deterministic_cartesian_local_refinement_plus_ls,-11.573472057201393,23.638005542063514,2.7111589335993327,6.592531302313731,0.3244364203807503,0.5,454.9186000076588,6.76184177861473,,
20260630,30.0,4,15,fixed_source_trained_scalar_interpolation_plus_ls,-11.55154868459585,23.63260524907298,2.7055459557454364,6.535843694007126,0.3231065946096214,0.5,500.84539999079425,6.7399184060091875,,
20260630,30.0,4,15,tensor_nomp3d_known_order_v1,-69.29934954771849,8.818478331972878e-05,6.467268669298755e-05,0.00021964342556944806,7.995329127328488e-06,1.0,3640.428400001838,64.48771926913183,15.0,0.0011630508305790462
20260630,30.0,4,16,grid_fft_topk_plus_ls,-5.609011087354645,0.12188334054014396,0.21157468362713608,0.13892678597191035,0.013950404293186693,1.0,18.17549999395851,0.0,,
20260630,30.0,4,16,deterministic_cartesian_local_refinement_plus_ls,-13.175731453357262,0.07343013622372846,0.05125546952405313,0.06722499423731766,0.0038735747796551858,1.0,467.1387999987928,7.566720366002617,,
20260630,30.0,4,16,fixed_source_trained_scalar_interpolation_plus_ls,-10.896479588464414,0.05442793539062642,0.09480510005754489,0.08308428128793797,0.006483164479948838,1.0,416.58460001053754,5.287468501109769,,
20260630,30.0,4,16,tensor_nomp3d_known_order_v1,-67.22980315596142,0.00011885979647748039,0.00010334853886318625,9.806169162719743e-05,7.209392982380071e-06,1.0,3160.2164000069024,61.620792068606775,16.0,0.0020558415120490864
20260630,30.0,4,17,grid_fft_topk_plus_ls,-4.174744171308944,12.426656927733726,1.8971064323296705,6.535730518426484,0.2553398228223661,0.75,19.416900002397597,0.0,,
20260630,30.0,4,17,deterministic_cartesian_local_refinement_plus_ls,-10.837163242349135,12.312510380279202,1.7736282051598786,6.758373376473472,0.25718865474359204,0.75,430.33800000557676,6.6624190710401905,,
20260630,30.0,4,17,fixed_source_trained_scalar_interpolation_plus_ls,-9.247247848467588,12.353034252122546,1.8156052560889695,6.678195560476243,0.2564049201668901,0.75,392.4559000006411,5.072503677158643,,
20260630,30.0,4,17,tensor_nomp3d_known_order_v1,-69.83105790103349,6.026074682697936e-05,9.297100786716008e-05,8.682491566074824e-05,6.430211213888853e-06,1.0,3717.8755000059027,65.65631372972454,17.0,0.002242701843313473
20260630,30.0,4,18,grid_fft_topk_plus_ls,-5.019314353418754,21.105787042350055,2.037992176400094,1.7200278813140126,0.21517851140754368,0.5,22.176899990881793,0.0,,
20260630,30.0,4,18,deterministic_cartesian_local_refinement_plus_ls,-9.573269308441219,21.207580185319852,1.876412909445856,1.7200278813140126,0.20998578965530998,0.5,459.9826000048779,4.553954955022465,,
20260630,30.0,4,18,fixed_source_trained_scalar_interpolation_plus_ls,-8.665490029565042,21.17077406515501,1.932813990579348,1.7200278813140126,0.21175000981999778,0.5,412.7767000027234,3.646175676146288,,
20260630,30.0,4,18,tensor_nomp3d_known_order_v1,-67.18778080047959,0.00013065089486835455,9.6318877640623e-05,0.00014051717953438646,7.520884725574899e-06,1.0,3187.541899998905,62.16846644706083,16.0,0.007332964600501188
20260630,30.0,4,19,grid_fft_topk_plus_ls,-4.144375699363046,0.2393967393468931,0.20097556783395742,0.2124193707409795,0.014329705455921188,1.0,18.894400011049584,0.0,,
20260630,30.0,4,19,deterministic_cartesian_local_refinement_plus_ls,-14.780203996162145,0.058952014502472255,0.07186494294347096,0.06018334377206951,0.004891151500766099,1.0,426.5995000023395,10.6358282967991,,
20260630,30.0,4,19,fixed_source_trained_scalar_interpolation_plus_ls,-10.205732448437796,0.10543320729777816,0.09513714791737164,0.0827390663816214,0.00653601955304835,1.0,419.70759999821894,6.061356749074751,,
20260630,30.0,4,19,tensor_nomp3d_known_order_v1,-70.02884329043938,8.747683317741847e-05,5.5205673455063537e-05,4.443716568455301e-05,3.7815843720969395e-06,1.0,3174.3707999994513,65.88446759107634,16.0,0.004960053532862642
20260630,30.0,8,0,grid_fft_topk_plus_ls,-4.650891135938759,12.547584504750835,2.1194933713995856,3.422493003555054,0.19645934363791034,0.375,52.097000007051975,0.0,,
20260630,30.0,8,0,deterministic_cartesian_local_refinement_plus_ls,-13.116668414073427,12.60336319680545,2.112673556614963,3.52375336934354,0.1981313922893096,0.5,930.4679000051692,8.465777278134668,,
20260630,30.0,8,0,fixed_source_trained_scalar_interpolation_plus_ls,-10.536998095725833,12.583013766820944,2.111676805952358,3.485954704857165,0.1973564565671341,0.5,849.7127000009641,5.8861069597870745,,
20260630,30.0,8,0,tensor_nomp3d_known_order_v1,-63.54284645328795,0.0003685321396635895,0.000158109101952546,0.0004295047213916355,1.6914212378131643e-05,1.0,11363.122800001292,58.89195531734919,56.0,0.0046460306340173506
20260630,30.0,8,1,grid_fft_topk_plus_ls,-3.8933254723633013,11.899825820027287,1.9507606798278718,4.113589986127281,0.20008264260080263,0.5,44.07960000389721,0.0,,
20260630,30.0,8,1,deterministic_cartesian_local_refinement_plus_ls,-11.736147700949296,11.879894138929021,1.9558338445536034,4.184488923938425,0.2016335496423783,0.625,851.6426999995019,7.8428222285859945,,
20260630,30.0,8,1,fixed_source_trained_scalar_interpolation_plus_ls,-9.275865860245645,11.88679038951724,1.9502931956574014,4.157491326545108,0.20090200633418176,0.625,907.8573000006145,5.382540387882344,,
20260630,30.0,8,1,tensor_nomp3d_known_order_v1,-68.52968506575036,9.218107972779334e-05,0.00016165428486386176,0.00015190698032956155,1.1186244971437212e-05,1.0,11635.594099992886,64.63635959338706,51.0,0.007400469947048972
20260630,30.0,8,2,grid_fft_topk_plus_ls,-4.337798079749123,4.876497068415107,1.7711254626861743,3.2883614509417836,0.15577153815320613,0.875,34.25559999595862,0.0,,
20260630,30.0,8,2,deterministic_cartesian_local_refinement_plus_ls,-12.924739564248313,4.950361042368543,1.7631593013115052,3.4399969278389704,0.15873071795995009,0.875,857.8272000013385,8.586941484499189,,
20260630,30.0,8,2,fixed_source_trained_scalar_interpolation_plus_ls,-11.375666927335102,4.922414158396447,1.7623056442826197,3.384116451494465,0.15746252643371858,0.875,881.8960999924457,7.037868847585979,,
20260630,30.0,8,2,tensor_nomp3d_known_order_v1,-66.60293019141106,0.0002002875127446575,0.00016307674317123683,0.00013443218787040302,1.1134621137034543e-05,1.0,11643.364199990174,62.26513211166194,49.0,0.008034356859479232
20260630,30.0,8,3,grid_fft_topk_plus_ls,-5.467163716428293,3.0418639535772773,1.8067090840397895,2.5390529948776566,0.14004006641972552,0.625,39.505600012489595,0.0,,
20260630,30.0,8,3,deterministic_cartesian_local_refinement_plus_ls,-12.128246257408406,3.0052700468020594,1.830905628548845,2.480604375998558,0.14019635280583104,0.75,852.1871000120882,6.6610825409801135,,
20260630,30.0,8,3,fixed_source_trained_scalar_interpolation_plus_ls,-11.355572134147867,3.01697855457665,1.8182827741380239,2.500236617743039,0.13991025690366835,0.75,871.1296999972546,5.888408417719574,,
20260630,30.0,8,3,tensor_nomp3d_known_order_v1,-66.3556845820091,0.00016832418975835508,0.00012621861675593497,0.00014570768685822678,9.20290489052968e-06,1.0,11886.479599997983,60.88852086558081,50.0,0.010974527540243261
20260630,30.0,8,4,grid_fft_topk_plus_ls,-4.833674699160115,9.58514195437376,0.32558783043259804,2.058513407515987,0.10079610517004606,0.875,47.694299995782785,0.0,,
20260630,30.0,8,4,deterministic_cartesian_local_refinement_plus_ls,-10.934305610550402,9.584351535903835,0.1839825933054082,2.2093725573834484,0.10249791644039438,0.875,872.3980999930063,6.100630911390287,,
20260630,30.0,8,4,fixed_source_trained_scalar_interpolation_plus_ls,-9.919242940566075,9.58440693231549,0.21586275033110738,2.1525153250288467,0.1015553490158933,0.875,883.6429999937536,5.08556824140596,,
20260630,30.0,8,4,tensor_nomp3d_known_order_v1,-66.94898184677172,0.00013533280062638786,0.00014703445720375062,9.706047556040953e-05,9.734861432953434e-06,1.0,11998.369900000398,62.1153071476116,50.0,0.013814047248538039
20260630,30.0,8,5,grid_fft_topk_plus_ls,-5.9702656628116735,6.463066586188974,2.729957714118324,0.3258375899436211,0.1782278992112,0.875,39.244700004928745,0.0,,
20260630,30.0,8,5,deterministic_cartesian_local_refinement_plus_ls,-11.61421869171182,6.619213840933101,2.7272391276098693,0.36744093161456065,0.17849391721650285,0.875,827.1744999947259,5.643953028900146,,
20260630,30.0,8,5,fixed_source_trained_scalar_interpolation_plus_ls,-10.6451655648908,6.562619365257298,2.72741305355356,0.34265427613239924,0.17832852440718375,0.875,836.4193000015803,4.674899902079126,,
20260630,30.0,8,5,tensor_nomp3d_known_order_v1,-66.0709998439211,0.00013552966058802976,0.00018212630030287996,8.184803438625046e-05,1.171466911599355e-05,1.0,12423.592799998005,60.10073418110943,49.0,0.012626864320099063
20260630,30.0,8,6,grid_fft_topk_plus_ls,-4.650899663097829,24.049170703488663,2.840597585958025,4.163974488227337,0.28939984595744317,0.375,46.48829999496229,0.0,,
20260630,30.0,8,6,deterministic_cartesian_local_refinement_plus_ls,-11.706182195862986,24.189995781501025,2.882840572545722,4.186774557746978,0.2920569624156966,0.5,917.1658999985084,7.055282532765157,,
20260630,30.0,8,6,fixed_source_trained_scalar_interpolation_plus_ls,-9.953817619237608,24.139362209344302,2.8662636604790603,4.177231968143648,0.2910286794778911,0.5,816.0166000016034,5.302917956139779,,
20260630,30.0,8,6,tensor_nomp3d_known_order_v1,-66.21003643020346,0.00018400289567387099,0.0001359413582264779,0.00018664031037002326,1.0405399907182736e-05,1.0,12125.556400002097,61.55913676710563,50.0,0.009437088622743091
20260630,30.0,8,7,grid_fft_topk_plus_ls,-6.43628241854473,13.493385960434127,2.3627616649628913,2.8157876350445417,0.20165016816740694,0.5,52.49750000075437,0.0,,
20260630,30.0,8,7,deterministic_cartesian_local_refinement_plus_ls,-13.139483143717749,13.439021569910016,2.520692344409256,2.907947572859178,0.21000296446110964,0.5,883.196399998269,6.703200725173019,,
20260630,30.0,8,7,fixed_source_trained_scalar_interpolation_plus_ls,-13.655618041470323,13.458081312650304,2.463237569638735,2.8732621492465347,0.20692547938422096,0.5,810.6119000003673,7.219335622925593,,
20260630,30.0,8,7,tensor_nomp3d_known_order_v1,-64.41178540395657,0.00023000971034972158,0.0003412186964832865,0.00032900330831571754,2.3743224802120928e-05,1.0,11944.566400008625,57.97550298541184,48.0,0.006425022096793204
20260630,30.0,8,8,grid_fft_topk_plus_ls,-5.815277282157738,5.014975001525716,0.3895441861542733,3.419841992557182,0.11640015226287573,0.75,50.19670000183396,0.0,,
20260630,30.0,8,8,deterministic_cartesian_local_refinement_plus_ls,-12.459749216723727,5.0865230995480974,0.273786072314728,3.4145050374591572,0.11514140733741474,0.875,988.1292000063695,6.644471934565989,,
20260630,30.0,8,8,fixed_source_trained_scalar_interpolation_plus_ls,-10.466959471764252,5.059582133194349,0.30851491156316735,3.415352487748785,0.11543615967835626,0.875,911.2289999902714,4.651682189606514,,
20260630,30.0,8,8,tensor_nomp3d_known_order_v1,-68.04218631594128,9.62669332565294e-05,0.00017240115340421482,7.458325772437529e-05,1.1049891329959522e-05,1.0,12263.86600000842,62.22690903378354,52.0,0.008345609825695864
20260630,30.0,8,9,grid_fft_topk_plus_ls,-5.904924908305955,15.18450919611504,0.7840219478497368,3.0098195441081734,0.15912467417412912,0.75,45.477699997718446,0.0,,
20260630,30.0,8,9,deterministic_cartesian_local_refinement_plus_ls,-13.106648658454073,15.388277769217309,0.6842548396700161,2.9820712549969346,0.1580073395194963,0.75,837.6535999996122,7.201723750148118,,
20260630,30.0,8,9,fixed_source_trained_scalar_interpolation_plus_ls,-12.17043453869972,15.315053962013321,0.7154934713565237,2.9908213314190095,0.1582748972469503,0.75,871.5121999994153,6.2655096303937645,,
20260630,30.0,8,9,tensor_nomp3d_known_order_v1,-65.70443520249482,0.00026768699599483435,0.00014210911933912232,0.00029691876465214414,1.3013637696758928e-05,1.0,12235.405699990224,59.79951029418886,50.0,0.010770990859674773
20260630,30.0,8,10,grid_fft_topk_plus_ls,-4.410915459480859,14.72733271992494,1.8193227005198271,3.711798556650281,0.1990531405886183,0.75,58.4000999951968,0.0,,
20260630,30.0,8,10,deterministic_cartesian_local_refinement_plus_ls,-13.576136563353959,14.80664349948776,1.914309105675783,3.664674514422112,0.20201729200020285,0.75,882.7407999924617,9.165221103873101,,
20260630,30.0,8,10,fixed_source_trained_scalar_interpolation_plus_ls,-11.039417417226545,14.778095924514862,1.8762018205820072,3.6794443918873805,0.2007513999366165,0.75,946.0705999954371,6.628501957745686,,
20260630,30.0,8,10,tensor_nomp3d_known_order_v1,-64.11597613949456,0.0005736373291326939,0.00036773787781061053,0.0003375403383035035,2.56825630838743e-05,1.0,12105.413099998259,59.7050606800137,50.0,0.004339837387860272
20260630,30.0,8,11,grid_fft_topk_plus_ls,-4.200861855776484,9.940752532262437,1.671949428703158,1.7608452011778002,0.1413467431690464,0.625,43.35769999306649,0.0,,
20260630,30.0,8,11,deterministic_cartesian_local_refinement_plus_ls,-10.356565569066056,9.970935891723123,1.5931420711367086,1.8441701802645027,0.13893812186687166,0.625,817.5723000022117,6.155703713289572,,
20260630,30.0,8,11,fixed_source_trained_scalar_interpolation_plus_ls,-9.10012303238667,9.959700204692906,1.6177605867850895,1.811162462873981,0.13957466601978966,0.625,836.2691000074847,4.899261176610185,,
20260630,30.0,8,11,tensor_nomp3d_known_order_v1,-64.26949575378951,0.00016615533131693227,0.00024224356415865475,0.0001305405432608999,1.573381129740045e-05,1.0,12139.584500007913,60.06863389801303,54.0,0.008371918260924
20260630,30.0,8,12,grid_fft_topk_plus_ls,-4.808241209303306,15.611745960822304,1.2169285643969738,1.3206672313419452,0.1495459785911768,0.625,43.37450000457466,0.0,,
20260630,30.0,8,12,deterministic_cartesian_local_refinement_plus_ls,-11.034157216765568,15.690207617174613,1.1384907650960054,1.4016862224295827,0.14834958777242446,0.75,879.8815999907674,6.225916007462262,,
20260630,30.0,8,12,fixed_source_trained_scalar_interpolation_plus_ls,-9.96427967789802,15.661832151929346,1.1634390963118353,1.3684494985439322,0.14861938790580886,0.75,857.3863000056008,5.156038468594714,,
20260630,30.0,8,12,tensor_nomp3d_known_order_v1,-64.91662511035051,0.00015043891813194092,0.0001438592274272502,0.0002849163828730585,1.270817843245698e-05,1.0,12004.750300009619,60.108383901047205,50.0,0.007356165342332651
20260630,30.0,8,13,grid_fft_topk_plus_ls,-5.1136241204953805,21.923144128045895,3.062190858666229,4.838045555569009,0.2980302387166463,0.5,52.748000001884066,0.0,,
20260630,30.0,8,13,deterministic_cartesian_local_refinement_plus_ls,-11.61185327968256,21.981189944551545,3.18561113533532,4.813290487956496,0.30291315568590477,0.5,907.3071000020718,6.498229159187179,,
20260630,30.0,8,13,fixed_source_trained_scalar_interpolation_plus_ls,-10.722987411160911,21.960157559634183,3.1396583842255237,4.820660946245855,0.3010546623239542,0.5,841.9345000002068,5.609363290665531,,
20260630,30.0,8,13,tensor_nomp3d_known_order_v1,-66.5433546592162,9.456880463260647e-05,0.00021907552425494032,0.00023462445039338324,1.5549314435133275e-05,1.0,11619.686700010789,61.429730538720825,47.0,0.010445886753054655
20260630,30.0,8,14,grid_fft_topk_plus_ls,-4.5345673088560625,24.92240666362127,3.3738210256412207,5.224491559813439,0.3301964117639325,0.375,44.4671000004746,0.0,,
20260630,30.0,8,14,deterministic_cartesian_local_refinement_plus_ls,-12.482295859297201,25.077683386993648,3.431435095366656,5.23525315955885,0.33338419304026956,0.5,835.4896000091685,7.947728550441139,,
20260630,30.0,8,14,fixed_source_trained_scalar_interpolation_plus_ls,-10.293029311680609,25.021785649735957,3.408996918649366,5.230707021863406,0.33215669796759223,0.5,873.6993000056827,5.758462002824547,,
20260630,30.0,8,14,tensor_nomp3d_known_order_v1,-65.1139685401933,0.0005178765926473667,0.0003489923472065564,0.00033122042870872105,2.4479979590208402e-05,1.0,12330.354200006695,60.579401231337236,53.0,0.004506120077718667
20260630,30.0,8,15,grid_fft_topk_plus_ls,-5.303773189672408,2.024574136866639,0.6682140577435873,1.8889342913635128,0.07401893590984333,0.875,62.34599999152124,0.0,,
20260630,30.0,8,15,deterministic_cartesian_local_refinement_plus_ls,-11.221238927170123,2.174274861895401,0.6542462787960359,1.9622986663362632,0.07563685197430431,0.875,1071.795600000769,5.917465737497715,,
20260630,30.0,8,15,fixed_source_trained_scalar_interpolation_plus_ls,-11.14542708651176,2.118110468366051,0.6548544065832698,1.933716835027545,0.07483704608948744,0.875,891.2065000040457,5.841653896839351,,
20260630,30.0,8,15,tensor_nomp3d_known_order_v1,-65.20315468092114,0.00017411208327687327,0.00015452455240713508,0.00018874481078951872,1.1397926816991732e-05,1.0,10746.721100003924,59.89938149124874,53.0,0.0036248923222986134
20260630,30.0,8,16,grid_fft_topk_plus_ls,-5.891737559518506,11.76564069031928,2.2190385561532047,2.5662639154524576,0.18470344881931533,0.625,46.977899997727945,0.0,,
20260630,30.0,8,16,deterministic_cartesian_local_refinement_plus_ls,-10.990438622970824,11.85271136490651,2.3867459505864317,2.562824903723294,0.1929791098849713,0.75,755.2309000020614,5.098701063452318,,
20260630,30.0,8,16,fixed_source_trained_scalar_interpolation_plus_ls,-10.287231805261,11.821053054601617,2.3249560226780313,2.563489519371326,0.18989805422641948,0.75,742.9779000085546,4.395494245742493,,
20260630,30.0,8,16,tensor_nomp3d_known_order_v1,-65.71196075917523,0.00016152858542602545,0.00023494191817127562,0.0002126057360337095,1.6166333180735027e-05,1.0,10399.04160000151,59.82022319965672,49.0,0.011943492156205576
20260630,30.0,8,17,grid_fft_topk_plus_ls,-4.094498799221146,1.7940108545457554,2.3704618146825673,2.0342563509066536,0.16182464964048462,0.875,33.42680000059772,0.0,,
20260630,30.0,8,17,deterministic_cartesian_local_refinement_plus_ls,-12.341067607584726,1.784296987669235,2.2814736901711914,2.180022745501956,0.1586440659113012,0.875,715.0893999933032,8.24656880836358,,
20260630,30.0,8,17,fixed_source_trained_scalar_interpolation_plus_ls,-9.489271056418424,1.785746189903244,2.310901233744902,2.125555104817195,0.1595842625650446,0.875,701.6239999938989,5.394772257197278,,
20260630,30.0,8,17,tensor_nomp3d_known_order_v1,-65.974916583754,0.00012371874828663771,8.985005663549621e-05,0.00012454089223073756,6.900464919345057e-06,1.0,10288.358699996024,61.88041778453285,49.0,0.004945038183954855
20260630,30.0,8,18,grid_fft_topk_plus_ls,-4.224783108151548,0.21097564366032168,0.23201114449250082,0.19589891691972147,0.015826049977010138,1.0,50.10000000766013,0.0,,
20260630,30.0,8,18,deterministic_cartesian_local_refinement_plus_ls,-12.65535947183567,0.05728822934363422,0.0864191181309176,0.07630882670762167,0.00592112992294407,1.0,744.3716999987373,8.430576363684121,,
20260630,30.0,8,18,fixed_source_trained_scalar_interpolation_plus_ls,-9.68997533806381,0.08867430916940049,0.12386179940350836,0.09355373705965656,0.00830396230623038,1.0,749.516500000027,5.465192229912263,,
20260630,30.0,8,18,tensor_nomp3d_known_order_v1,-63.17866890364881,0.0001670614801861649,0.0001326756933492596,0.00018629396393572364,1.0215507205119477e-05,1.0,12247.068900003796,58.953885795497264,58.0,0.00841659134343007
20260630,30.0,8,19,grid_fft_topk_plus_ls,-9.336433857043055,14.190009311815466,0.2720392815032341,1.0148721944262509,0.11655353442639986,0.75,41.793199998210184,0.0,,
20260630,30.0,8,19,deterministic_cartesian_local_refinement_plus_ls,-13.369500052715335,14.18923685620254,0.10607060321828465,0.9340199497944623,0.11482323293842829,0.875,818.2628999929875,4.03306619567228,,
20260630,30.0,8,19,fixed_source_trained_scalar_interpolation_plus_ls,-14.812235809454101,14.189308439612304,0.15342772616093664,0.9599708067535967,0.11524105952261396,0.875,829.2650999937905,5.475801952411047,,
20260630,30.0,8,19,tensor_nomp3d_known_order_v1,-65.23011121521401,8.034610823943142e-05,0.0002916754905372963,0.00020780306772837096,1.9361990356211857e-05,1.0,10520.789000001969,55.893677358170955,52.0,0.005202517131623834
20260701,0.0,2,0,grid_fft_topk_plus_ls,-5.485538133558851,0.16575679955165445,0.28692394869488225,0.17174610110660612,0.01876341550979167,1.0,7.378299997071736,0.0,,
20260701,0.0,2,0,deterministic_cartesian_local_refinement_plus_ls,-13.717806180555707,0.0674108773276104,0.07321801799028539,0.054636397192222186,0.004912581770225264,1.0,141.96750000701286,8.232268046996856,,
20260701,0.0,2,0,fixed_source_trained_scalar_interpolation_plus_ls,-13.875083865837967,0.08328925171793519,0.06187763575342812,0.029014015519891,0.0040251587990386235,1.0,135.77400000940543,8.389545732279116,,
20260701,0.0,2,0,tensor_nomp3d_known_order_v1,-42.93562138602137,0.0005981618641968545,0.001855261993029,0.0011630706059296077,0.00012160661087727934,1.0,724.8107000050368,37.45008325246252,7.0,0.28455182390978734
20260701,0.0,2,1,grid_fft_topk_plus_ls,-7.304566312575992,10.719867434014244,4.943908224940219,2.920967621451685,0.3329015261720915,0.0,7.031399989500642,0.0,,
20260701,0.0,2,1,deterministic_cartesian_local_refinement_plus_ls,-12.69295462190467,10.878560309907495,5.078163676329385,2.920967621451685,0.34101107605922504,0.5,131.4470000070287,5.388388309328678,,
20260701,0.0,2,1,fixed_source_trained_scalar_interpolation_plus_ls,-13.89192262681702,10.821465295686009,5.02760889580989,2.920967621451685,0.33796042614154986,0.5,152.0615000044927,6.5873563142410285,,
20260701,0.0,2,1,tensor_nomp3d_known_order_v1,-44.462150372759844,0.0012289965609186332,0.001245337568281175,0.002111882217955639,0.0001024976713368243,1.0,876.7399999924237,37.15758406018385,7.0,0.5363966650788825
20260701,0.0,2,2,grid_fft_topk_plus_ls,-2.5422354310760715,0.24723562204156774,0.30805240881956897,0.2342943650928042,0.02068880605376872,1.0,8.881700006895699,0.0,,
20260701,0.0,2,2,deterministic_cartesian_local_refinement_plus_ls,-11.246492850908998,0.08725834927575889,0.08332437037089678,0.07522927885928997,0.005754339684405621,1.0,165.46659999585245,8.704257419832928,,
20260701,0.0,2,2,fixed_source_trained_scalar_interpolation_plus_ls,-6.669800779305211,0.12303988584236118,0.1637092435412811,0.13217798650115675,0.011075912668869686,1.0,171.0599999933038,4.1275653482291395,,
20260701,0.0,2,2,tensor_nomp3d_known_order_v1,-38.29548579215849,0.0032493509487043783,0.0012041522794754306,0.0037188812266972207,0.0001407634770488556,1.0,1027.3549999983516,35.753250361082415,7.0,1.9805144464025992
20260701,0.0,2,3,grid_fft_topk_plus_ls,-8.091776094504613,0.2265095366359642,0.15254929852884516,0.08562224730372167,0.010059538762481493,1.0,8.338300001923926,0.0,,
20260701,0.0,2,3,deterministic_cartesian_local_refinement_plus_ls,-13.998822198686195,0.08335741743031513,0.08098539027856685,0.07734974143644055,0.005646814898736965,1.0,155.0886999903014,5.907046104181582,,
20260701,0.0,2,3,fixed_source_trained_scalar_interpolation_plus_ls,-14.305084450660676,0.1304374534179664,0.030108215126653497,0.025444840989232012,0.002282925109261371,1.0,162.69820000161417,6.2133083561560625,,
20260701,0.0,2,3,tensor_nomp3d_known_order_v1,-42.938295173097394,0.0036536699289960685,0.002524426185460419,9.528364924505514e-05,0.00016036555144993074,1.0,1040.4658000043128,34.84651907859278,7.0,0.9816007629607237
20260701,0.0,2,4,grid_fft_topk_plus_ls,-5.1800712821994015,3.63742655084715,5.474897909589339,3.059046719961345,0.3564181686564225,0.0,7.314099988434464,0.0,,
20260701,0.0,2,4,deterministic_cartesian_local_refinement_plus_ls,-9.965039836334636,3.4753312080057808,5.474897909589339,3.179589245658666,0.3573484800881806,0.5,157.3939999943832,4.784968554135235,,
20260701,0.0,2,4,fixed_source_trained_scalar_interpolation_plus_ls,-9.281511255422512,3.532582260138673,5.474897909589339,3.1323173964163704,0.35697484762726855,0.5,177.35240000183694,4.10143997322311,,
20260701,0.0,2,4,tensor_nomp3d_known_order_v1,-42.6684765864196,0.0039277148426551615,0.0009922300857137265,0.006338081495543372,0.0002098026025577307,1.0,1148.033099991153,37.4884053042202,5.0,0.7293228797309397
20260701,0.0,2,5,grid_fft_topk_plus_ls,-4.015900523743637,0.3086242135270118,0.13882751801572454,0.15546164391034398,0.010232344661887995,1.0,10.506300008273683,0.0,,
20260701,0.0,2,5,deterministic_cartesian_local_refinement_plus_ls,-15.60280171153265,0.08384074609890625,0.02633920585574571,0.020983165880590165,0.0018891749940577074,1.0,195.31019999703858,11.586901187789012,,
20260701,0.0,2,5,fixed_source_trained_scalar_interpolation_plus_ls,-9.805363185397848,0.1642631813447677,0.039094055493062184,0.05584384194945265,0.003265335652529406,1.0,174.65279999305494,5.789462661654211,,
20260701,0.0,2,5,tensor_nomp3d_known_order_v1,-47.16119804956085,0.0013277086857047852,0.001653717779952697,0.00012213837747626497,0.00010394664822427308,1.0,912.8091000020504,43.14529752581721,5.0,1.1778011644652338
20260701,0.0,2,6,grid_fft_topk_plus_ls,-6.23174068645088,42.88795644594665,0.948911955903486,9.677125013557355,0.4552316703252011,0.5,7.877299998654053,0.0,,
20260701,0.0,2,6,deterministic_cartesian_local_refinement_plus_ls,-8.71751119663201,43.04694120209623,1.258310520206923,9.677125013557355,0.4590614115325089,0.5,160.67319999274332,2.48577051018113,,
20260701,0.0,2,6,fixed_source_trained_scalar_interpolation_plus_ls,-9.150320689851789,42.989944102592176,1.1444285106667003,9.677125013557355,0.45756880338126027,0.5,168.47899999993388,2.9185800034009084,,
20260701,0.0,2,6,tensor_nomp3d_known_order_v1,-38.49397802649604,0.0023563980041043445,0.006691372821051457,0.0035924227636889646,0.0004334076689180262,1.0,979.3663000018569,32.26223734004516,7.0,1.355390072297491
20260701,0.0,2,7,grid_fft_topk_plus_ls,-4.651200428024948,0.31181987601577893,0.09118972712177573,0.1331456200097501,0.007465218742240214,1.0,10.789399995701388,0.0,,
20260701,0.0,2,7,deterministic_cartesian_local_refinement_plus_ls,-12.463365517363998,0.08771310646977702,0.09118972712177573,0.04476342834652668,0.005908389093698931,1.0,158.5715999972308,7.81216508933905,,
20260701,0.0,2,7,fixed_source_trained_scalar_interpolation_plus_ls,-9.313196231696905,0.1676866377564415,0.09118972712177573,0.04261357209651833,0.005997688958173285,1.0,177.61009999958333,4.661995803671957,,
20260701,0.0,2,7,tensor_nomp3d_known_order_v1,-41.56933650558927,0.001024704989850309,0.0019490499945501265,0.00041115369752689154,0.00012275267769235027,1.0,1109.2977999942377,36.91813607756432,7.0,2.487968649319474
20260701,0.0,2,8,grid_fft_topk_plus_ls,-5.542663002211716,0.3007803500069966,0.1395442585291634,0.05169587386729425,0.009175862363312986,1.0,8.742200006963685,0.0,,
20260701,0.0,2,8,deterministic_cartesian_local_refinement_plus_ls,-13.971669054336207,0.07339521592108668,0.08553591368488656,0.05169587386729425,0.00561411378021068,1.0,180.5482000054326,8.42900605212449,,
20260701,0.0,2,8,fixed_source_trained_scalar_interpolation_plus_ls,-14.986849666123499,0.08222855177628306,0.005717427426054023,0.05169587386729425,0.0017748831389907786,1.0,193.86349999695085,9.444186663911783,,
20260701,0.0,2,8,tensor_nomp3d_known_order_v1,-45.371832567026445,0.0013094889790667727,0.0002949479610813132,0.000945220893828804,3.6290283701978955e-05,1.0,943.1814999989001,39.82916956481473,7.0,0.579831903160167
20260701,0.0,2,9,grid_fft_topk_plus_ls,-5.051654665079015,0.23103525778354306,0.20665636286453548,0.13098405109542224,0.013668805424597447,1.0,6.936500009032898,0.0,,
20260701,0.0,2,9,deterministic_cartesian_local_refinement_plus_ls,-16.576102702035275,0.01689794573353781,0.028098947398977073,0.07647773267620672,0.0029687324441324842,1.0,181.7806000035489,11.52444803695626,,
20260701,0.0,2,9,fixed_source_trained_scalar_interpolation_plus_ls,-13.271566233649798,0.087521735011916,0.06451909002747383,0.06387258811122737,0.004551067955575666,1.0,192.21950000792276,8.219911568570783,,
20260701,0.0,2,9,tensor_nomp3d_known_order_v1,-38.94212196007457,0.0007733693421272243,0.0053570152850454245,0.0010395489276114347,0.0003364400228176825,1.0,1117.6536999992095,33.89046729499556,6.0,7.848681970633139
20260701,0.0,2,10,grid_fft_topk_plus_ls,-8.456274773413147,0.15786040117916145,0.09209576921939844,0.19481377557914636,0.008468486165697158,1.0,7.7455999999074265,0.0,,
20260701,0.0,2,10,deterministic_cartesian_local_refinement_plus_ls,-14.580393007744878,0.06757588888460885,0.06702034020299794,0.054631587907663544,0.004554029025989496,1.0,177.39940001047216,6.12411823433173,,
20260701,0.0,2,10,fixed_source_trained_scalar_interpolation_plus_ls,-16.43311708213165,0.014766633830573363,0.010105987119924916,0.09842556921944785,0.003142100853636995,1.0,211.72170000500046,7.976842308718501,,
20260701,0.0,2,10,tensor_nomp3d_known_order_v1,-41.418530506620556,0.0019241086134718173,0.002742812038003182,0.0035457336425126613,0.00020467124384203025,1.0,1026.4515000017127,32.96225573320741,7.0,1.8187865818958207
20260701,0.0,2,11,grid_fft_topk_plus_ls,-3.409039334479717,0.3089510393313363,0.2513302907667196,0.020230440252949674,0.015905071250661873,1.0,9.631199995055795,0.0,,
20260701,0.0,2,11,deterministic_cartesian_local_refinement_plus_ls,-13.234473771879848,0.08715537294343675,0.05483487775529852,0.020230440252949674,0.0035508966291951717,1.0,159.35089999402408,9.825434437400132,,
20260701,0.0,2,11,fixed_source_trained_scalar_interpolation_plus_ls,-8.090436060040313,0.16558532557228514,0.11363273238049458,0.020230440252949674,0.007246531931741929,1.0,176.69649999879766,4.681396725560596,,
20260701,0.0,2,11,tensor_nomp3d_known_order_v1,-42.39576989445507,0.0012668767290175496,0.0022068513805946492,0.001031825066161184,0.0001419924695120874,1.0,928.7170000025071,38.986730559975356,5.0,0.22306845332614103
20260701,0.0,2,12,grid_fft_topk_plus_ls,-5.872253052161543,0.13291088512296714,0.21147228161648082,0.1487390127485383,0.014048933697277848,1.0,7.622999997693114,0.0,,
20260701,0.0,2,12,deterministic_cartesian_local_refinement_plus_ls,-13.2754546113114,0.09656423440196135,0.08023420881045217,0.037484495654239045,0.005204602003065594,1.0,155.3010999923572,7.403201559149856,,
20260701,0.0,2,12,fixed_source_trained_scalar_interpolation_plus_ls,-12.313917010485673,0.0805789914577673,0.09224596071604835,0.05482308002023201,0.00604739177726627,1.0,161.82380000827834,6.4416639583241295,,
20260701,0.0,2,12,tensor_nomp3d_known_order_v1,-41.2408660073949,0.0035818476597662893,0.0006309026465112851,0.0034199935576637802,0.00011730352828087048,1.0,970.708699998795,35.36861295523336,7.0,0.6777420858398209
20260701,0.0,2,13,grid_fft_topk_plus_ls,-4.623477342888418,31.616161540726242,2.75939296953705,6.3959731281973236,0.361527959819129,0.5,9.558099991409108,0.0,,
20260701,0.0,2,13,deterministic_cartesian_local_refinement_plus_ls,-10.286889478941887,31.933726938512596,2.9169899211795878,6.2352222176565055,0.36530234048918075,0.5,164.17429999273736,5.663412136053469,,
20260701,0.0,2,13,fixed_source_trained_scalar_interpolation_plus_ls,-10.244893627312964,31.819920102152405,2.8595212474840115,6.2923313088156565,0.36387480081724133,0.5,189.32540000241715,5.621416284424545,,
20260701,0.0,2,13,tensor_nomp3d_known_order_v1,-41.67655442534772,0.0014012182570136609,0.0024800479051358616,0.009176225554056247,0.00032615237277584114,1.0,959.0060000045924,37.053077082459296,7.0,2.532151700105217
20260701,0.0,2,14,grid_fft_topk_plus_ls,-5.2695344106120245,39.81044755422135,2.6592546999339057,4.929047533028193,0.3848149606359461,0.0,10.150600006454624,0.0,,
20260701,0.0,2,14,deterministic_cartesian_local_refinement_plus_ls,-9.543981960816478,39.96672938985995,2.4969512227925397,4.929047533028193,0.3815422641945637,0.5,176.52480000106152,4.274447550204453,,
20260701,0.0,2,14,fixed_source_trained_scalar_interpolation_plus_ls,-9.225117153081214,39.910473795800584,2.553976436701436,4.929047533028193,0.3826556592642774,0.5,201.13890001084656,3.95558274246919,,
20260701,0.0,2,14,tensor_nomp3d_known_order_v1,-40.71771803314746,0.0013537970282103805,0.00467248271647688,0.0016467866789376276,0.00029671843438738236,1.0,984.5700999867404,35.44818362253544,5.0,1.0470105070672018
20260701,0.0,2,15,grid_fft_topk_plus_ls,-7.321977843231201,7.733689878649354,3.6195978534597724,4.971186350076885,0.28100122792295296,0.5,10.399300008430146,0.0,,
20260701,0.0,2,15,deterministic_cartesian_local_refinement_plus_ls,-13.223420586095298,8.050779937561142,3.4586150090429926,4.971186350076885,0.2735253536553344,0.5,222.52570001001004,5.901442742864097,,
20260701,0.0,2,15,fixed_source_trained_scalar_interpolation_plus_ls,-13.695689253783483,7.936859468280071,3.51545209041971,4.971186350076885,0.27614006573536853,0.5,173.42019999341574,6.373711410552282,,
20260701,0.0,2,15,tensor_nomp3d_known_order_v1,-40.7555482760636,0.0030886167466565215,0.018235311846767313,0.00943939171403031,0.0011775092599383343,1.0,928.9397999964422,33.4335704328324,7.0,0.5174905634127449
20260701,0.0,2,16,grid_fft_topk_plus_ls,-10.808523063315164,0.08586521245292295,0.0320233723227937,0.14565397167373742,0.005017339770480119,1.0,9.828800000832416,0.0,,
20260701,0.0,2,16,deterministic_cartesian_local_refinement_plus_ls,-15.130921227381025,0.08048245637595879,0.0320233723227937,0.026803481620267657,0.002258934353249208,1.0,183.6538999923505,4.322398164065861,,
20260701,0.0,2,16,fixed_source_trained_scalar_interpolation_plus_ls,-18.93225234337996,0.03130099581595353,0.0320233723227937,0.04732415115099714,0.0025005458980262955,1.0,182.15860000054818,8.123729280064797,,
20260701,0.0,2,16,tensor_nomp3d_known_order_v1,-40.87262919862867,0.003899089721403946,0.0006631701691451198,0.0018860560787398418,7.822847844577547e-05,1.0,1025.793100008741,30.06410613531351,6.0,2.247167504479746
20260701,0.0,2,17,grid_fft_topk_plus_ls,-4.4116165692256395,15.464804771210767,2.850142701082802,9.242349575676869,0.3602052786698532,0.0,11.32379999035038,0.0,,
20260701,0.0,2,17,deterministic_cartesian_local_refinement_plus_ls,-10.964109287333994,15.464804771210767,2.9737793715121406,9.081529005267463,0.36011491186091893,0.5,182.86860000807792,6.552492718108354,,
20260701,0.0,2,17,fixed_source_trained_scalar_interpolation_plus_ls,-9.096448191042137,15.464804771210767,2.925138680241939,9.138804308446751,0.3599736875229781,0.5,197.548199997982,4.684831621816498,,
20260701,0.0,2,17,tensor_nomp3d_known_order_v1,-42.38672086745606,0.0034756236072866755,0.005153523132007048,0.002820590890656786,0.0003350401286704843,1.0,987.4247999978252,37.97510429823042,6.0,0.8963146994262898
20260701,0.0,2,18,grid_fft_topk_plus_ls,-4.487968833315371,0.1870184771335318,0.11952412614736424,0.25971113335204565,0.011126928121911187,1.0,10.122199993929826,0.0,,
20260701,0.0,2,18,deterministic_cartesian_local_refinement_plus_ls,-15.090733348273682,0.03989289376731601,0.053867160940723684,0.06180905419173619,0.003893919097094811,1.0,156.13699999812525,10.602764514958311,,
20260701,0.0,2,18,fixed_source_trained_scalar_interpolation_plus_ls,-11.43432946114224,0.04369398418060874,0.03405702143654043,0.12234475816825739,0.004389160727097456,1.0,191.9289000070421,6.94636062782687,,
20260701,0.0,2,18,tensor_nomp3d_known_order_v1,-40.921168639433745,0.003106561300518121,0.0015826597670356647,0.0015791704299556724,0.00011317590875489928,1.0,1062.2570999985328,36.433199806118374,7.0,2.6583368100851112
20260701,0.0,2,19,grid_fft_topk_plus_ls,-10.022554524356034,0.060600193623490416,0.2321704444781528,0.20479604320942377,0.01586636712975471,1.0,11.84540000394918,0.0,,
20260701,0.0,2,19,deterministic_cartesian_local_refinement_plus_ls,-15.906839281269622,0.060600193623490416,0.08305380479887385,0.04859359414356982,0.005429106248094044,1.0,194.70039999578148,5.884284756913589,,
20260701,0.0,2,19,fixed_source_trained_scalar_interpolation_plus_ls,-13.40246009149045,0.060600193623490416,0.13383298763027637,0.10351757717821736,0.00898080021619316,1.0,169.38520000257995,3.3799055671344167,,
20260701,0.0,2,19,tensor_nomp3d_known_order_v1,-43.47129387792165,0.0011475577786911142,0.0015245536307126881,0.0026894140819733537,0.00012736937529540907,1.0,940.8290999999736,33.44873935356562,6.0,2.0778040621592706
20260701,0.0,4,0,grid_fft_topk_plus_ls,-3.9756157599085125,0.23388413295081953,0.19040979034173708,0.2131936896460379,0.013760435105110097,1.0,13.128999999025837,0.0,,
20260701,0.0,4,0,deterministic_cartesian_local_refinement_plus_ls,-15.836423685064997,0.04302345530088222,0.07270679784222306,0.059274966506382816,0.004918706725393248,1.0,353.96539999055676,11.860807925156484,,
20260701,0.0,4,0,fixed_source_trained_scalar_interpolation_plus_ls,-10.153297268089531,0.09559937798770501,0.08745534427290158,0.09901139511723471,0.006325188971485773,1.0,378.80419999419246,6.177681508181019,,
20260701,0.0,4,0,tensor_nomp3d_known_order_v1,-37.85798629410113,0.004207530745833246,0.00507203056061098,0.004407528268863798,0.00034719121096406594,1.0,2541.6312999877846,33.88237053419262,16.0,7.862797278930324
20260701,0.0,4,1,grid_fft_topk_plus_ls,-3.7170013633767574,15.843263254197794,2.4418279932777525,2.946247213697078,0.2169986371917275,0.75,14.257300004828721,0.0,,
20260701,0.0,4,1,deterministic_cartesian_local_refinement_plus_ls,-9.042206530134374,15.729161492353228,2.5479344007714473,3.165089757882762,0.22414895384986264,0.75,306.9432000047527,5.325205166757616,,
20260701,0.0,4,1,fixed_source_trained_scalar_interpolation_plus_ls,-8.502479290455996,15.769468316796265,2.5087164217885456,3.085682118064752,0.22149687114374328,0.75,342.5374000071315,4.7854779270792385,,
20260701,0.0,4,1,tensor_nomp3d_known_order_v1,-38.36211770163222,0.0032112685991905698,0.002825245689621406,0.003481010887033987,0.00020890807310011274,1.0,2662.1353999944404,34.64511633825546,18.0,7.1037294793667956
20260701,0.0,4,2,grid_fft_topk_plus_ls,-4.797092648420565,0.15055723014022512,0.17734947364029238,0.2689553460383229,0.013960219670139242,1.0,14.729200003785081,0.0,,
20260701,0.0,4,2,deterministic_cartesian_local_refinement_plus_ls,-14.032706303691779,0.05667988178965232,0.06522911976081858,0.07867720097372567,0.004781376864598093,1.0,320.33830000727903,9.235613655271212,,
20260701,0.0,4,2,fixed_source_trained_scalar_interpolation_plus_ls,-10.123554588880065,0.03809940755996014,0.09041906474218644,0.14542541687975824,0.0072579229171891805,1.0,373.8599000062095,5.3264619404595,,
20260701,0.0,4,2,tensor_nomp3d_known_order_v1,-39.72328996995745,0.0013232078181046288,0.0028639981294703814,0.0023408365200751464,0.00019364636010649758,1.0,2713.713999997708,34.92619732153688,17.0,1.8672969137635373
20260701,0.0,4,3,grid_fft_topk_plus_ls,-8.146782728780067,19.968458344759377,2.4933672191570277,4.110230198251091,0.2551859016805888,0.5,14.275900000939146,0.0,,
20260701,0.0,4,3,deterministic_cartesian_local_refinement_plus_ls,-12.389793270739311,19.968237793153403,2.582756257412363,4.110090748051742,0.25863226305593423,0.75,324.01309999113437,4.243010541959244,,
20260701,0.0,4,3,fixed_source_trained_scalar_interpolation_plus_ls,-12.458868829577575,19.968243924346936,2.547684449030053,4.109786768555108,0.25726514686259383,0.75,343.26409999630414,4.312086100797508,,
20260701,0.0,4,3,tensor_nomp3d_known_order_v1,-39.65354411265388,0.0029715636771034935,0.003375184632929077,0.006023260587778365,0.00028366849092870816,1.0,2607.6528999983566,31.506761383873815,16.0,5.590715087016669
20260701,0.0,4,4,grid_fft_topk_plus_ls,-3.930911599321445,0.23380752655752793,0.21558608477358088,0.24612332524922956,0.015621960751006423,1.0,17.167400001198985,0.0,,
20260701,0.0,4,4,deterministic_cartesian_local_refinement_plus_ls,-15.867307657883593,0.04809236773427297,0.07008984828629537,0.05741378601993106,0.004748688644638623,1.0,355.16439999628346,11.93639605856215,,
20260701,0.0,4,4,fixed_source_trained_scalar_interpolation_plus_ls,-10.441157906886021,0.09707155849878878,0.10520772971702196,0.12280009179363295,0.007651047887036617,1.0,343.41899999708403,6.510246307564576,,
20260701,0.0,4,4,tensor_nomp3d_known_order_v1,-39.22000581156507,0.0013433509004940564,0.0023836709226404,0.003882782524532916,0.00019242575521412472,1.0,2684.132700000191,35.289094212243626,15.0,5.436940980860093
20260701,0.0,4,5,grid_fft_topk_plus_ls,-6.640152760988204,0.16460820251155897,0.1886440299329381,0.1804983635248911,0.013133160804549876,1.0,17.29459999478422,0.0,,
20260701,0.0,4,5,deterministic_cartesian_local_refinement_plus_ls,-13.688505897299619,0.07502292845066232,0.07755497346034043,0.048905989836599946,0.0051161002149002575,1.0,378.00359999528155,7.048353136311415,,
20260701,0.0,4,5,fixed_source_trained_scalar_interpolation_plus_ls,-11.733808740067797,0.10201153029198887,0.0887491011484095,0.06688816434785702,0.005980929602831314,1.0,376.4206999912858,5.093655979079593,,
20260701,0.0,4,5,tensor_nomp3d_known_order_v1,-39.40223686795993,0.004332823871209053,0.0023825916913732988,0.0024603625320816546,0.00017097403525564813,1.0,2677.826400002232,32.76208410697173,18.0,3.263421002060012
20260701,0.0,4,6,grid_fft_topk_plus_ls,-5.9594862133184,7.562662325660935,1.979866789360403,6.601200616644403,0.24770421644397722,0.75,15.401599986944348,0.0,,
20260701,0.0,4,6,deterministic_cartesian_local_refinement_plus_ls,-13.089040995384384,7.56036217848402,1.9734421429971656,6.82288987953461,0.2533027233767313,0.75,325.4095999873243,7.129554782065983,,
20260701,0.0,4,6,fixed_source_trained_scalar_interpolation_plus_ls,-11.649010973785005,7.560223965504943,1.9750087308675819,6.742834951811759,0.2512483923804371,0.75,310.3106999915326,5.689524760466605,,
20260701,0.0,4,6,tensor_nomp3d_known_order_v1,-37.65394467328495,0.0017529162756880685,0.005541957734625728,0.007049652000275342,0.0004107239466157046,1.0,2712.012299991329,31.694458459966548,17.0,2.358055038706383
20260701,0.0,4,7,grid_fft_topk_plus_ls,-4.346645534363792,11.670599102470813,2.3885716634877125,5.696671117547675,0.24958136902967792,0.25,16.969499993138015,0.0,,
20260701,0.0,4,7,deterministic_cartesian_local_refinement_plus_ls,-11.124437170640402,11.79519720976966,2.4318825156596655,5.844082493498673,0.2548454797549881,0.5,359.74200000055134,6.77779163627661,,
20260701,0.0,4,7,fixed_source_trained_scalar_interpolation_plus_ls,-9.457542679705282,11.750237752168792,2.414656457183961,5.789970288835446,0.25286497953165393,0.5,357.29410000203643,5.11089714534149,,
20260701,0.0,4,7,tensor_nomp3d_known_order_v1,-39.0922710867069,0.0026886439700443956,0.0030641029922001467,0.005181442347986552,0.00025166254569728363,1.0,2689.762399997562,34.74562555234311,17.0,9.638412944851343
20260701,0.0,4,8,grid_fft_topk_plus_ls,-4.021659371345841,13.533286034576664,1.3915265435975466,6.349697263796047,0.2410728467502974,0.75,16.179800004465505,0.0,,
20260701,0.0,4,8,deterministic_cartesian_local_refinement_plus_ls,-10.59914208943539,13.532011364413906,1.4935214713460307,6.571474201006356,0.24912230096633756,0.75,395.5069999938132,6.5774827180895485,,
20260701,0.0,4,8,fixed_source_trained_scalar_interpolation_plus_ls,-8.277438516358336,13.532252835321327,1.4548230431843154,6.491586598539493,0.24616562162638056,0.75,379.8840000090422,4.255779145012495,,
20260701,0.0,4,8,tensor_nomp3d_known_order_v1,-38.81524462445435,0.003674886379224613,0.005544511146861844,0.007556992097605993,0.00042033119656690574,1.0,2612.9175999958534,34.79358525310851,16.0,1.9086911621058351
20260701,0.0,4,9,grid_fft_topk_plus_ls,-3.864608027316297,0.20838999277487946,0.23184422065714397,0.23853241214470455,0.016376277132033573,1.0,17.022600004565902,0.0,,
20260701,0.0,4,9,deterministic_cartesian_local_refinement_plus_ls,-13.874096938122715,0.054940161621519025,0.06928471718949196,0.0692318787765218,0.004859670662023909,1.0,362.97089999425225,10.009488910806418,,
20260701,0.0,4,9,fixed_source_trained_scalar_interpolation_plus_ls,-9.753175411407334,0.07649261793676444,0.10340356263127568,0.12133943902119104,0.007516787303494802,1.0,350.7723999937298,5.888567384091036,,
20260701,0.0,4,9,tensor_nomp3d_known_order_v1,-39.395777493950035,0.0018177154715594511,0.0019083888189920725,0.0029859510810763485,0.0001521018142778378,1.0,2695.3153000067687,35.53116946663374,17.0,4.5019810034426495
20260701,0.0,4,10,grid_fft_topk_plus_ls,-5.491010231164754,19.881163948418152,0.24162160978980046,7.023127612034687,0.2692974764474831,0.75,17.424499994376674,0.0,,
20260701,0.0,4,10,deterministic_cartesian_local_refinement_plus_ls,-10.405788787765431,19.88067315694383,0.38179496533845675,7.021426087002031,0.2698850788066853,0.75,346.99439999531023,4.914778556600677,,
20260701,0.0,4,10,fixed_source_trained_scalar_interpolation_plus_ls,-9.504054860914467,19.88077573637433,0.3067767602398103,7.021828269747339,0.2695216898935278,0.75,326.3812999939546,4.013044629749713,,
20260701,0.0,4,10,tensor_nomp3d_known_order_v1,-37.40625297268231,0.004373054802868916,0.003806816531021142,0.008678432529623066,0.00036238929491406015,1.0,2785.6152999884216,31.915242741517556,17.0,7.160205156617579
20260701,0.0,4,11,grid_fft_topk_plus_ls,-10.662021810480384,17.001594942934716,0.8503595722313488,1.9416440128662038,0.15539866980107933,0.5,12.453999996068887,0.0,,
20260701,0.0,4,11,deterministic_cartesian_local_refinement_plus_ls,-12.662705390859267,17.001594942934716,0.786878006916903,2.0629209635536196,0.15561822370310394,0.5,344.25460000056773,2.000683580378883,,
20260701,0.0,4,11,fixed_source_trained_scalar_interpolation_plus_ls,-13.330669355740454,17.001594942934716,0.8065826513287385,2.016006482288182,0.15541173214193282,0.5,309.67070000770036,2.66864754526007,,
20260701,0.0,4,11,tensor_nomp3d_known_order_v1,-42.39753023069468,0.004175738725963647,0.0018724448251781231,0.006077635856356228,0.0002254588544151919,1.0,2711.8776999996044,31.735508420214295,17.0,6.434356636240032
20260701,0.0,4,12,grid_fft_topk_plus_ls,-6.480325479993832,7.858984795425014,3.9198158702634966,2.5600195743139387,0.2649324679463384,0.75,19.70249999430962,0.0,,
20260701,0.0,4,12,deterministic_cartesian_local_refinement_plus_ls,-12.170242270583492,7.745573763368704,3.9699579581989375,2.7769022417687927,0.2697348784743488,0.75,331.32060000207275,5.68991679058966,,
20260701,0.0,4,12,fixed_source_trained_scalar_interpolation_plus_ls,-11.0597759958765,7.786000256776327,3.9909623564455354,2.69639215618534,0.2702185806531117,0.75,355.7273000042187,4.579450515882668,,
20260701,0.0,4,12,tensor_nomp3d_known_order_v1,-37.780618883246426,0.00631590526447353,0.0017984672195365612,0.0058208347295164616,0.00021944803919925218,1.0,2648.22479999566,31.300293403252596,18.0,1.0850998169305686
20260701,0.0,4,13,grid_fft_topk_plus_ls,-3.1946068652248085,0.2127860685252016,0.27167275475241676,0.27443043073331863,0.01909490773511466,1.0,15.162199997575954,0.0,,
20260701,0.0,4,13,deterministic_cartesian_local_refinement_plus_ls,-12.498099244835348,0.07927021294289475,0.06944624369599221,0.0760050612941504,0.00498637085946835,1.0,307.9767000017455,9.303492379610539,,
20260701,0.0,4,13,fixed_source_trained_scalar_interpolation_plus_ls,-10.148253861481248,0.10732825496719564,0.09570943836029043,0.10154772740229752,0.006823177337193375,1.0,325.2442999946652,6.953646996256439,,
20260701,0.0,4,13,tensor_nomp3d_known_order_v1,-38.395474206036056,0.0023419291149344005,0.001984725248275293,0.002157553567140482,0.00014236549346265286,1.0,2889.958100000513,35.20086734081125,18.0,6.7709822842932965
20260701,0.0,4,14,grid_fft_topk_plus_ls,-9.462433391406336,27.527605837180452,1.422057828240136,3.687891667102518,0.25967623040974136,0.5,18.01040000282228,0.0,,
20260701,0.0,4,14,deterministic_cartesian_local_refinement_plus_ls,-12.669609856732984,27.527232984009427,1.415252650325744,3.7804382570252173,0.26082568413938717,0.75,365.1975999964634,3.207176465326649,,
20260701,0.0,4,14,fixed_source_trained_scalar_interpolation_plus_ls,-13.756497827575982,27.527313654898908,1.4156396871166828,3.7452322489882213,0.2603379523304337,0.5,365.3561999963131,4.294064436169647,,
20260701,0.0,4,14,tensor_nomp3d_known_order_v1,-38.91340720160849,0.007291954026051178,0.004477830207002396,0.010572183363392594,0.0004367160404824773,1.0,2614.337799997884,29.450973810202157,17.0,6.429558371065305
20260701,0.0,4,15,grid_fft_topk_plus_ls,-5.257049193522646,19.54299707387577,0.45031717781151176,6.578503099011279,0.257615248747584,0.5,13.318899989826605,0.0,,
20260701,0.0,4,15,deterministic_cartesian_local_refinement_plus_ls,-14.364803160774747,19.652633586924583,0.30521942953485937,6.577298786586973,0.257262899716188,0.75,350.44270000071265,9.107753967252101,,
20260701,0.0,4,15,fixed_source_trained_scalar_interpolation_plus_ls,-11.097446553321292,19.61300035277528,0.3516910725180644,6.5775089125490975,0.2573152996644343,0.75,349.69090000959113,5.840397359798646,,
20260701,0.0,4,15,tensor_nomp3d_known_order_v1,-40.533759652969636,0.0036864447517666915,0.0047349866669513995,0.0014709883546093637,0.00030086718555812905,1.0,2737.3813000012888,35.27671045944699,16.0,3.162939146215057
20260701,0.0,4,16,grid_fft_topk_plus_ls,-3.9748355358679825,0.16206617000767454,0.21965244026503133,0.26711760895029646,0.0161167064817085,1.0,14.568500002496876,0.0,,
20260701,0.0,4,16,deterministic_cartesian_local_refinement_plus_ls,-13.401801378265215,0.04947847470247923,0.06924036392516447,0.08154597139570871,0.0050369401928991205,1.0,361.2857999978587,9.426965842397234,,
20260701,0.0,4,16,fixed_source_trained_scalar_interpolation_plus_ls,-9.518378598912706,0.07182155327819204,0.10782593698049885,0.1348394903172743,0.007967819483760845,1.0,351.98909998871386,5.543543063044724,,
20260701,0.0,4,16,tensor_nomp3d_known_order_v1,-38.43134539580328,0.003707651991269008,0.002759668420735934,0.004174240720963853,0.00021818349070655758,1.0,2704.7942999925,34.456509859935295,17.0,4.886852002973445
20260701,0.0,4,17,grid_fft_topk_plus_ls,-5.509716817563382,0.2449198812373178,0.17440921990095756,0.1837002212161004,0.012467504029412066,1.0,15.120399999432266,0.0,,
20260701,0.0,4,17,deterministic_cartesian_local_refinement_plus_ls,-13.696874093613578,0.06795991240018265,0.07684758327440817,0.05792026018299047,0.005160095168163626,1.0,366.3132000074256,8.187157276050197,,
20260701,0.0,4,17,fixed_source_trained_scalar_interpolation_plus_ls,-11.252705983921498,0.12536749123453467,0.0941535129900614,0.05099589017955084,0.006174736665677725,1.0,386.57770000281744,5.742989166358115,,
20260701,0.0,4,17,tensor_nomp3d_known_order_v1,-38.8559221441147,0.003465956526999558,0.003903356908402391,0.0030362874002553006,0.00026315881836169557,1.0,2780.3521000023466,33.34620532655132,18.0,2.516649216262299
20260701,0.0,4,18,grid_fft_topk_plus_ls,-5.809960957900165,0.22094650040908279,0.10191026123218962,0.1740467585691583,0.008551667663270115,1.0,16.958600012003444,0.0,,
20260701,0.0,4,18,deterministic_cartesian_local_refinement_plus_ls,-13.657690571220334,0.08762547107828242,0.04826926815561457,0.052993169388670644,0.003508896887487304,1.0,348.97049999563023,7.847729613320169,,
20260701,0.0,4,18,fixed_source_trained_scalar_interpolation_plus_ls,-12.63920789253013,0.10379180293084901,0.04801445886032941,0.08265262468229925,0.004041569344488587,1.0,338.3273000072222,6.829246934629966,,
20260701,0.0,4,18,tensor_nomp3d_known_order_v1,-36.841891052533015,0.0022004909867280537,0.005090298007227576,0.005057176113407442,0.0003556494396368972,1.0,2972.982099992805,31.03193009463285,18.0,4.599305145889945
20260701,0.0,4,19,grid_fft_topk_plus_ls,-7.056626782318656,0.16843168405751494,0.1210827154418368,0.1648345347531282,0.009248500552798066,1.0,20.32540000800509,0.0,,
20260701,0.0,4,19,deterministic_cartesian_local_refinement_plus_ls,-14.89966015164809,0.04411118327611672,0.05195607376927199,0.06945575271182441,0.003921028079802794,1.0,398.04229998844676,7.843033369329435,,
20260701,0.0,4,19,fixed_source_trained_scalar_interpolation_plus_ls,-13.432416746013608,0.07476102045132209,0.06382393160967582,0.06401897962304313,0.004500621959256434,1.0,385.40820000343956,6.375789963694952,,
20260701,0.0,4,19,tensor_nomp3d_known_order_v1,-37.97844342520868,0.0019781581583542076,0.001552006199534146,0.004978608418729755,0.00018399325978237538,1.0,2692.2059999924386,30.921816642890025,18.0,3.5829894029234475
20260701,0.0,8,0,grid_fft_topk_plus_ls,-4.94888723770572,12.851528467595427,1.9386255208967753,4.1508924285729245,0.20393012334326316,0.375,34.89880000415724,0.0,,
20260701,0.0,8,0,deterministic_cartesian_local_refinement_plus_ls,-10.935525331842546,12.783353558956989,2.0058560841658557,4.179337372584051,0.20675619324713,0.375,719.3419999966864,5.9866380941368265,,
20260701,0.0,8,0,fixed_source_trained_scalar_interpolation_plus_ls,-10.30584912403498,12.751140087795026,1.9805759455518015,4.179843196716656,0.2056900229631355,0.375,759.3245999887586,5.35696188632926,,
20260701,0.0,8,0,tensor_nomp3d_known_order_v1,-37.61443710992951,0.002492442670461491,0.0030553864952108855,0.0060574598903047824,0.00026958923066082674,1.0,11306.005999998888,32.66554987222379,55.0,7.756750470095396
20260701,0.0,8,1,grid_fft_topk_plus_ls,-4.921982157299175,27.54348308285212,1.0821863631995372,5.126804553378399,0.2766707953547469,0.625,43.32810000050813,0.0,,
20260701,0.0,8,1,deterministic_cartesian_local_refinement_plus_ls,-11.434378450930335,27.465822833382365,0.999155334884713,5.186583417498293,0.27606701213600576,0.625,890.8762999926694,6.51239629363116,,
20260701,0.0,8,1,fixed_source_trained_scalar_interpolation_plus_ls,-10.859596398920587,27.493392130718135,1.0204331977173398,5.163849058586885,0.27612232966507927,0.625,911.7928000050597,5.937614241621412,,
20260701,0.0,8,1,tensor_nomp3d_known_order_v1,-34.51384076799029,0.009851127329883483,0.007314829967103345,0.015674979378503963,0.0006744479967019539,1.0,10272.900399999344,29.591858610691112,51.0,7.137538673051404
20260701,0.0,8,2,grid_fft_topk_plus_ls,-4.3117709604524554,7.762109775368472,0.8099077253166315,1.05722203731705,0.08562253241542182,0.75,34.35669999453239,0.0,,
20260701,0.0,8,2,deterministic_cartesian_local_refinement_plus_ls,-12.506893303864894,7.680721600866669,0.828455918314884,0.9580028026890886,0.08472277271492076,0.875,643.9734000014141,8.19512234341244,,
20260701,0.0,8,2,fixed_source_trained_scalar_interpolation_plus_ls,-10.637611223531728,7.7093035124772324,0.81206975355821,0.9880668200762855,0.08459860544329086,0.875,714.0804999944521,6.3258402630792725,,
20260701,0.0,8,2,tensor_nomp3d_known_order_v1,-35.58082758936128,0.005898770801465828,0.004315714996220397,0.007409419549606806,0.0003584577973996622,1.0,9291.039200004889,31.26905662890882,55.0,6.83574002709463
20260701,0.0,8,3,grid_fft_topk_plus_ls,-4.551870635938733,13.78840184910704,1.1902997691759745,3.79653963550968,0.17667576279502858,0.75,52.32180000166409,0.0,,
20260701,0.0,8,3,deterministic_cartesian_local_refinement_plus_ls,-12.180434409535078,13.743119288222195,1.118975898628037,3.68947814271783,0.17237217920008407,0.75,799.851600007969,7.628563773596345,,
20260701,0.0,8,3,fixed_source_trained_scalar_interpolation_plus_ls,-10.341599751909014,13.75913978279048,1.1380179701717683,3.7264120083266232,0.17370785946419673,0.75,699.0611999935936,5.789729115970281,,
20260701,0.0,8,3,tensor_nomp3d_known_order_v1,-34.634329078073016,0.0049851448026565276,0.008698058460119217,0.00523673942226725,0.0005690603145322014,1.0,10797.675100009656,30.082458442134282,57.0,6.256092240427416
20260701,0.0,8,4,grid_fft_topk_plus_ls,-4.712482821933401,7.46584686793583,2.0968289545527323,5.990198458342969,0.23583487745398132,0.5,29.040600013104267,0.0,,
20260701,0.0,8,4,deterministic_cartesian_local_refinement_plus_ls,-8.938491346354176,6.802768086777283,1.7510457025029955,6.485923686679754,0.2363958784718994,0.625,742.5493000046117,4.2260085244207755,,
20260701,0.0,8,4,fixed_source_trained_scalar_interpolation_plus_ls,-8.34509717246493,6.761493274390094,1.7257974205113544,6.504322260976604,0.2360917893230896,0.625,672.0050000003539,3.6326143505315294,,
20260701,0.0,8,4,tensor_nomp3d_known_order_v1,-37.96562507116032,0.004992023869464251,0.005140369866162133,0.003305811582099075,0.0003397200113160637,1.0,10976.997799996752,33.25314224922692,48.0,6.513048606533708
20260701,0.0,8,5,grid_fft_topk_plus_ls,-5.422367427270876,22.940789918986695,0.7185863353219137,4.048465111774906,0.2239298011388451,0.5,43.03719999734312,0.0,,
20260701,0.0,8,5,deterministic_cartesian_local_refinement_plus_ls,-10.137309305596865,23.00624990201805,0.6821678920761,4.219911615309189,0.22696523920459372,0.625,966.4996999927098,4.714941878325989,,
20260701,0.0,8,5,fixed_source_trained_scalar_interpolation_plus_ls,-10.009644225289602,22.982609875348132,0.6806290012279322,4.157233446504886,0.22566770624793703,0.625,954.7421999886865,4.587276798018726,,
20260701,0.0,8,5,tensor_nomp3d_known_order_v1,-36.51196397479586,0.010649494734142092,0.005939467631239124,0.005938879863976931,0.00042328194864246776,1.0,13082.448100001784,31.089596547524984,50.0,8.527296437227642
20260701,0.0,8,6,grid_fft_topk_plus_ls,-4.674369680955289,17.197861002062638,0.9442551743596073,3.4157931210811308,0.1814640853747511,0.375,52.493300012429245,0.0,,
20260701,0.0,8,6,deterministic_cartesian_local_refinement_plus_ls,-12.732037410519805,17.287483508641852,0.9489121373617185,3.382147654526687,0.18146331093751147,0.625,889.8097000055714,8.057667729564516,,
20260701,0.0,8,6,fixed_source_trained_scalar_interpolation_plus_ls,-10.77830260665943,17.254897003438554,0.9418573310844703,3.391232640150116,0.18129594423224923,0.625,891.6841999889584,6.103932925704141,,
20260701,0.0,8,6,tensor_nomp3d_known_order_v1,-33.95233657159752,0.0063781618353042436,0.006981545752693322,0.015353534005489706,0.0006504516835981491,1.0,11853.687299997546,29.277966890642233,53.0,7.77740959354632
20260701,0.0,8,7,grid_fft_topk_plus_ls,-6.7979872801942145,13.188034270455102,0.47069116900522834,4.494743902175715,0.17666393366057537,0.25,33.35209999931976,0.0,,
20260701,0.0,8,7,deterministic_cartesian_local_refinement_plus_ls,-13.166330299984516,13.303339305699785,0.4738004003230024,4.648368952167007,0.18105177329913652,0.5,866.786200000206,6.368343019790301,,
20260701,0.0,8,7,fixed_source_trained_scalar_interpolation_plus_ls,-14.322807571257961,13.26194668528779,0.46021588549763526,4.591732360382488,0.17930980027527907,0.5,875.3031000087503,7.5248202910637465,,
20260701,0.0,8,7,tensor_nomp3d_known_order_v1,-37.16926885501654,0.0058522309880143395,0.008850593411767296,0.006717156105950718,0.0005934149869713109,1.0,12528.026100000716,30.371281574822326,49.0,7.1568900069919
20260701,0.0,8,8,grid_fft_topk_plus_ls,-3.837935376554595,18.79619994816391,2.83118657552506,2.6919223340900467,0.2448492567488908,0.0,50.006999998004176,0.0,,
20260701,0.0,8,8,deterministic_cartesian_local_refinement_plus_ls,-9.5300447600691,18.766156949561143,2.8741572680139806,2.6251313630766346,0.24595353166952988,0.375,819.6828000072856,5.692109383514504,,
20260701,0.0,8,8,fixed_source_trained_scalar_interpolation_plus_ls,-8.478021536364373,18.7766104172093,2.854771246539787,2.646494747531251,0.24534310836407894,0.375,830.5598000006285,4.640086159809778,,
20260701,0.0,8,8,tensor_nomp3d_known_order_v1,-34.9367812744879,0.0059710281111187095,0.006067777017901593,0.004960911791893404,0.00041234684787917357,1.0,10472.127600005479,31.098845897933305,58.0,7.359389778450408
20260701,0.0,8,9,grid_fft_topk_plus_ls,-4.589153516129385,17.628900702510634,2.249497943590329,0.3862985740782902,0.19718186484095807,0.875,42.22890001256019,0.0,,
20260701,0.0,8,9,deterministic_cartesian_local_refinement_plus_ls,-13.772059266639369,17.78682041843322,2.242513094430906,0.38972986345405153,0.1977424727169276,0.875,665.324600005988,9.182905750509985,,
20260701,0.0,8,9,fixed_source_trained_scalar_interpolation_plus_ls,-10.816543258096969,17.730064934254724,2.2433963627327564,0.3673357422754804,0.1974284004650901,0.875,703.8552000012714,6.227389741967584,,
20260701,0.0,8,9,tensor_nomp3d_known_order_v1,-35.08372299987343,0.005477453423612775,0.005577656098006511,0.009832168597655936,0.0004666491311941727,1.0,12227.319500001613,30.494569483744044,55.0,7.792630828093221
20260701,0.0,8,10,grid_fft_topk_plus_ls,-3.9444366384624474,24.236619717628805,1.5915452992304029,4.360489796913526,0.25360543812705083,0.625,46.7561000114074,0.0,,
20260701,0.0,8,10,deterministic_cartesian_local_refinement_plus_ls,-11.709251704558651,24.12302094739856,1.778262445162252,4.3650233219272945,0.25783107248113774,0.625,898.5560000000987,7.7648150660962045,,
20260701,0.0,8,10,fixed_source_trained_scalar_interpolation_plus_ls,-9.557241356472636,24.163368542726474,1.709918598457419,4.362567021453986,0.25621007916613103,0.625,976.3968999905046,5.612804718010189,,
20260701,0.0,8,10,tensor_nomp3d_known_order_v1,-35.73196876875425,0.006773095164730015,0.016903975640737347,0.011152827966408646,0.0011137590828187698,1.0,12033.545099999174,31.7875321302918,48.0,7.369029187248554
20260701,0.0,8,11,grid_fft_topk_plus_ls,-4.962396771359627,24.061194165226738,2.169542060617995,2.2593077263837738,0.24229521587405545,0.625,47.05549999198411,0.0,,
20260701,0.0,8,11,deterministic_cartesian_local_refinement_plus_ls,-13.169483971961927,24.119120698554052,2.063485446965532,2.284742799124325,0.2392415329858881,0.625,882.4145999969915,8.2070872006023,,
20260701,0.0,8,11,fixed_source_trained_scalar_interpolation_plus_ls,-12.073892660634872,24.098273622731767,2.09965401844239,2.269587277744847,0.24019978434851622,0.625,896.8217999936314,7.111495889275245,,
20260701,0.0,8,11,tensor_nomp3d_known_order_v1,-34.71378379614849,0.010356104284768929,0.009247159159638458,0.012097574039858897,0.0006953347354182886,1.0,11021.527499993681,29.751387024788862,50.0,9.47383404538101
20260701,0.0,8,12,grid_fft_topk_plus_ls,-5.706984819801462,10.571339702314589,1.4415554336453338,2.440042945118831,0.1440578032415369,0.5,43.17849999642931,0.0,,
20260701,0.0,8,12,deterministic_cartesian_local_refinement_plus_ls,-11.908228254767298,10.662698936537076,1.479717301417805,2.5605747347912917,0.14797004661890342,0.625,869.7277000028407,6.2012434349658365,,
20260701,0.0,8,12,fixed_source_trained_scalar_interpolation_plus_ls,-11.926504002546318,10.629391020703872,1.4621926830526615,2.5163442684613195,0.14639387734155282,0.625,880.9302000008756,6.219519182744857,,
20260701,0.0,8,12,tensor_nomp3d_known_order_v1,-34.056924659149026,0.012116012315268222,0.008672520649888776,0.006023659678822974,0.0005815437709141191,1.0,12377.193000007537,28.349939839347563,53.0,9.556697915070936
20260701,0.0,8,13,grid_fft_topk_plus_ls,-5.03906755713839,20.407538822474244,2.4689669359420123,5.45053409589039,0.27971934246632424,0.5,42.063500004587695,0.0,,
20260701,0.0,8,13,deterministic_cartesian_local_refinement_plus_ls,-12.163746151624593,20.538372579375583,2.442725605005367,5.544799402189356,0.28120916491574394,0.5,729.1861000121571,7.124678594486204,,
20260701,0.0,8,13,fixed_source_trained_scalar_interpolation_plus_ls,-10.630687867547877,20.491229159870215,2.4497805070924983,5.5097783446556,0.28056602607827885,0.5,726.9000000087544,5.591620310409487,,
20260701,0.0,8,13,tensor_nomp3d_known_order_v1,-35.73869544766597,0.007925345295179359,0.014765667808466,0.006526620533078775,0.0009471494303894098,1.0,9917.733199996292,30.69962789052758,48.0,8.498550972901118
20260701,0.0,8,14,grid_fft_topk_plus_ls,-5.715663062160985,17.222944752644683,1.3612671488464907,3.6034465729761616,0.19499695592688343,0.625,30.982299998868257,0.0,,
20260701,0.0,8,14,deterministic_cartesian_local_refinement_plus_ls,-13.961133824104044,17.286479671782686,1.3359626078365288,3.7774459568937484,0.19785145013098288,0.75,742.2621000005165,8.245470761943059,,
20260701,0.0,8,14,fixed_source_trained_scalar_interpolation_plus_ls,-11.26953499934357,17.263629548613906,1.3418302429018136,3.7145106156202767,0.19671789190416858,0.75,806.4986999961548,5.553871937182585,,
20260701,0.0,8,14,tensor_nomp3d_known_order_v1,-35.88747100611862,0.0064748237144063745,0.00778566681114901,0.010277277023101581,0.0005852258700821826,1.0,10066.831300006015,30.17180794395764,52.0,7.542081561191151
20260701,0.0,8,15,grid_fft_topk_plus_ls,-4.171219734827339,4.36774882173505,1.9654211164025575,4.29089286002687,0.18502430440024178,0.625,33.88090000953525,0.0,,
20260701,0.0,8,15,deterministic_cartesian_local_refinement_plus_ls,-12.909445490579447,4.430003502563443,2.011086622950865,4.25479293908141,0.1862135523378133,0.75,689.2482999974163,8.738225755752108,,
20260701,0.0,8,15,fixed_source_trained_scalar_interpolation_plus_ls,-12.992012611550695,4.406162067748034,1.9919360546265361,4.265879737298588,0.1856217340475342,0.75,728.015200002119,8.820792876723356,,
20260701,0.0,8,15,tensor_nomp3d_known_order_v1,-35.29132118639597,0.022419384391290872,0.004109799495673242,0.0035724064723547133,0.00033033215315608457,1.0,10377.947500004666,31.12010145156863,49.0,7.147335511527206
20260701,0.0,8,16,grid_fft_topk_plus_ls,-6.495745045004947,14.42693040028166,1.3001988664237476,5.100700950695598,0.21145824288086237,0.625,35.72709999571089,0.0,,
20260701,0.0,8,16,deterministic_cartesian_local_refinement_plus_ls,-11.92283425866178,14.445247068803821,1.5014558753166483,5.134743077329973,0.2174619177602832,0.625,751.3399000017671,5.427089213656833,,
20260701,0.0,8,16,fixed_source_trained_scalar_interpolation_plus_ls,-11.494045885931968,14.43828792690365,1.427047584208534,5.12201131883176,0.21517132770309055,0.625,844.3506000039633,4.998300840927021,,
20260701,0.0,8,16,tensor_nomp3d_known_order_v1,-35.884905169453646,0.008542397483346537,0.006090757850581403,0.008468821321978239,0.0004684072121983611,1.0,10790.552899998147,29.3891601244487,56.0,10.704257585103154
20260701,0.0,8,17,grid_fft_topk_plus_ls,-4.355656987278335,16.694222211855426,0.9421827970220662,4.6144647547501,0.20315548958316876,0.5,28.06620000046678,0.0,,
20260701,0.0,8,17,deterministic_cartesian_local_refinement_plus_ls,-12.796879068050654,16.641471079560365,0.9350525620056787,4.588933444769946,0.20219562221930112,0.625,673.3929000038188,8.441222080772318,,
20260701,0.0,8,17,fixed_source_trained_scalar_interpolation_plus_ls,-10.254201224392173,16.660030190833112,0.9282571524789225,4.596668235381904,0.20233812034434215,0.625,773.6887000064598,5.898544237113837,,
20260701,0.0,8,17,tensor_nomp3d_known_order_v1,-34.96980965239381,0.011694821653855837,0.006367479049753372,0.011221831699632583,0.0005382414198215455,1.0,10502.99229999655,30.614152665115476,47.0,11.450304539036624
20260701,0.0,8,18,grid_fft_topk_plus_ls,-6.0222569780972925,23.592298249962358,1.9404106286218517,4.892322075227764,0.26842799106981996,0.625,32.59450000768993,0.0,,
20260701,0.0,8,18,deterministic_cartesian_local_refinement_plus_ls,-14.08159111549754,23.793091367083584,1.940338801880041,4.833911996190193,0.2684742656199685,0.625,817.3582999879727,8.059334137400247,,
20260701,0.0,8,18,fixed_source_trained_scalar_interpolation_plus_ls,-12.94100969078341,23.72095738051601,1.9384895152296169,4.8540093583146335,0.2683865855814356,0.625,852.4749999924097,6.918752712686118,,
20260701,0.0,8,18,tensor_nomp3d_known_order_v1,-34.664755302997385,0.012152590647765272,0.006996287479638365,0.008698188550749676,0.0005235480100425015,1.0,10436.077699996531,28.642498324900092,47.0,10.415174374035928
20260701,0.0,8,19,grid_fft_topk_plus_ls,-3.968663670370396,13.180058107754595,0.7967090742215646,4.281002892411534,0.17601016453847187,0.875,47.94439999386668,0.0,,
20260701,0.0,8,19,deterministic_cartesian_local_refinement_plus_ls,-10.866388600445555,9.676992299813062,1.8737447821921736,3.468660814630627,0.17657783984881154,0.75,797.1360999945318,6.897724930075159,,
20260701,0.0,8,19,fixed_source_trained_scalar_interpolation_plus_ls,-9.131733180605538,9.715709617208873,1.8946056155026834,3.433261624856159,0.17690121126804925,0.75,866.4226999972016,5.163069510235142,,
20260701,0.0,8,19,tensor_nomp3d_known_order_v1,-35.24412237209817,0.0056581187257274705,0.0032018034976721136,0.008110793781072862,0.0003259482149029226,1.0,11037.79050000594,31.27545870172777,56.0,7.394578570614895
20260701,10.0,2,0,grid_fft_topk_plus_ls,-3.410843916458906,0.22411288527337705,0.2379509448447254,0.28829196179624617,0.01747582105966385,1.0,10.966999994707294,0.0,,
20260701,10.0,2,0,deterministic_cartesian_local_refinement_plus_ls,-18.599926960030015,0.0059891429785823985,0.016715540376137334,0.07819768537600484,0.0026580429652854716,1.0,192.02570000197738,15.18908304357111,,
20260701,10.0,2,0,fixed_source_trained_scalar_interpolation_plus_ls,-9.886542848894884,0.07982217568807798,0.09390155880200324,0.1484908387691176,0.007507663006664892,1.0,189.98629999987315,6.475698932435978,,
20260701,10.0,2,0,tensor_nomp3d_known_order_v1,-56.05830890224957,0.000657678644218581,0.0001682779685636878,0.0003071743275616513,1.5138030004332575e-05,1.0,976.0685999935959,52.64746498579066,5.0,0.17452454583301136
20260701,10.0,2,1,grid_fft_topk_plus_ls,-4.950626471003149,0.21518328523613478,0.13551228437712834,0.25236048885589585,0.011694104233441263,1.0,10.74900000821799,0.0,,
20260701,10.0,2,1,deterministic_cartesian_local_refinement_plus_ls,-14.13337028166702,0.010168509542740232,0.08526396515210864,0.08274320723055066,0.00592372380179594,1.0,175.99540000082925,9.18274381066387,,
20260701,10.0,2,1,fixed_source_trained_scalar_interpolation_plus_ls,-12.509495061041454,0.07078327206554519,0.07364818927411708,0.12475136971694724,0.006057364880205056,1.0,176.0202000004938,7.558868590038305,,
20260701,10.0,2,1,tensor_nomp3d_known_order_v1,-51.531873985517166,0.0006962175152822725,0.0005709479672100125,5.9897142574977004e-05,3.6144903139571245e-05,1.0,1221.1671999975806,46.58124751451402,7.0,0.2006711610040227
20260701,10.0,2,2,grid_fft_topk_plus_ls,-4.895800808762203,31.952716773652533,5.171610446063411,6.486356757028686,0.45593530374391666,0.0,14.985899993916973,0.0,,
20260701,10.0,2,2,deterministic_cartesian_local_refinement_plus_ls,-11.017054613087549,32.10819844833244,5.330560002649811,6.643294033694342,0.465851833234235,0.5,217.68919999885838,6.121253804325345,,
20260701,10.0,2,2,fixed_source_trained_scalar_interpolation_plus_ls,-11.053493919887782,32.052156371034435,5.273090570370904,6.586644284664307,0.4622619901603301,0.5,195.37149999814574,6.157693111125578,,
20260701,10.0,2,2,tensor_nomp3d_known_order_v1,-51.699525806766395,0.0021551795215362045,0.0013081934778080707,0.0012492549215484263,9.215528294920786e-05,1.0,1122.9191000020364,46.80372499800419,6.0,0.01053839910623842
20260701,10.0,2,3,grid_fft_topk_plus_ls,-6.864842499312297,0.1779134876360228,0.22709307604863002,0.2278954226333541,0.015940554547415445,1.0,9.950099993147887,0.0,,
20260701,10.0,2,3,deterministic_cartesian_local_refinement_plus_ls,-14.36019059293351,0.06595683317004049,0.04500851771541748,0.07011373383095496,0.0036026921804205338,1.0,230.429200004437,7.495348093621213,,
20260701,10.0,2,3,fixed_source_trained_scalar_interpolation_plus_ls,-15.576323902067104,0.049903271457040134,0.09016893577897052,0.12623278161703097,0.006890048098313529,1.0,221.18580000824295,8.711481402754806,,
20260701,10.0,2,3,tensor_nomp3d_known_order_v1,-47.109600160934484,0.0011952500938609135,0.002080822903777331,0.0015877091011945546,0.00013950738157320246,1.0,1125.4723999882117,40.24475766162219,6.0,0.18421802994644776
20260701,10.0,2,4,grid_fft_topk_plus_ls,-4.764363856341291,0.14553120055989063,0.1624593615860361,0.24320073804970496,0.012733847144033628,1.0,13.928400003351271,0.0,,
20260701,10.0,2,4,deterministic_cartesian_local_refinement_plus_ls,-11.408658248789916,0.0805414090582093,0.059901683322893626,0.09271089797587508,0.004775587913125655,1.0,183.33580000035,6.644294392448625,,
20260701,10.0,2,4,fixed_source_trained_scalar_interpolation_plus_ls,-9.656596782425614,0.010553679185337698,0.07704462548813824,0.1444937246562856,0.0066017350192323155,1.0,203.96480000636075,4.892232926084324,,
20260701,10.0,2,4,tensor_nomp3d_known_order_v1,-49.30972403349722,0.0011725965453848847,0.0006375149619222953,0.0007358585893759313,4.690754689244376e-05,1.0,1120.47330000496,44.54536017715593,7.0,0.08674530483846721
20260701,10.0,2,5,grid_fft_topk_plus_ls,-5.0928162758241555,0.12727779793258875,0.10973992835480989,0.2863575966184373,0.01131856527698923,1.0,11.13279999117367,0.0,,
20260701,10.0,2,5,deterministic_cartesian_local_refinement_plus_ls,-16.36141129148148,0.035137766744888735,0.04955559006092068,0.061769843555331536,0.0036598147704543726,1.0,211.22789999935776,11.268595015657326,,
20260701,10.0,2,5,fixed_source_trained_scalar_interpolation_plus_ls,-11.787221652401099,0.027839283881720724,0.008390827845490825,0.14204043929741497,0.0044749246536378755,1.0,209.17040000495035,6.694405376576944,,
20260701,10.0,2,5,tensor_nomp3d_known_order_v1,-48.87738276423229,0.0003260383551961982,0.0011332089795665764,0.0003884549625153318,7.190346879433886e-05,1.0,998.8876999996137,43.78456648840813,6.0,0.1107559896595333
20260701,10.0,2,6,grid_fft_topk_plus_ls,-5.161928772516658,3.6177289607800764,0.9528584132009911,10.55204372594932,0.3362758196027397,0.5,11.642099998425692,0.0,,
20260701,10.0,2,6,deterministic_cartesian_local_refinement_plus_ls,-6.8910544696307054,3.6177289607800764,0.9528584132009911,10.868256853498643,0.34597117797500154,0.5,166.13589999906253,1.7291256971140472,,
20260701,10.0,2,6,fixed_source_trained_scalar_interpolation_plus_ls,-6.74054492783803,3.6177289607800764,0.9528584132009911,10.754743164232579,0.34248952827876156,0.5,188.277500012191,1.578616155321372,,
20260701,10.0,2,6,tensor_nomp3d_known_order_v1,-49.14543715725192,0.0013385097272973906,0.0008243623925004997,0.001583740685511338,7.220375556794197e-05,1.0,983.8669000018854,43.98350838473526,7.0,0.022460137096069616
20260701,10.0,2,7,grid_fft_topk_plus_ls,-3.0928605524007096,26.671088848600952,0.14727890101199798,8.662295346083525,0.34172887535672863,0.5,9.269899994251318,0.0,,
20260701,10.0,2,7,deterministic_cartesian_local_refinement_plus_ls,-6.773826463671933,26.98827031323897,0.2688888169294211,8.501274010082359,0.33958238582407624,0.5,215.76739998999983,3.680965911271224,,
20260701,10.0,2,7,fixed_source_trained_scalar_interpolation_plus_ls,-6.4531471624179035,26.874258073280284,0.2062573575006918,8.55860096169799,0.34026490139821214,0.5,228.51380000065546,3.360286610017194,,
20260701,10.0,2,7,tensor_nomp3d_known_order_v1,-51.62765318962392,0.00032670142475918755,0.0010265828805404483,0.0009377418240049763,7.058295370887608e-05,1.0,1350.6840000045486,48.53479263722321,7.0,0.39552941508993106
20260701,10.0,2,8,grid_fft_topk_plus_ls,-5.933320665804383,0.1298708886936132,0.14549161062553478,0.13289625681306325,0.01004806821781506,1.0,13.274600001750514,0.0,,
20260701,10.0,2,8,deterministic_cartesian_local_refinement_plus_ls,-15.97538781686599,0.033731508114503796,0.07489203525483971,0.07501358368704245,0.005241568651158365,1.0,218.12160000263248,10.042067151061605,,
20260701,10.0,2,8,fixed_source_trained_scalar_interpolation_plus_ls,-18.71461641999388,0.03084847925527854,0.07322489846549535,0.06417173080267757,0.005002443821461405,1.0,203.43920000595972,12.781295754189497,,
20260701,10.0,2,8,tensor_nomp3d_known_order_v1,-53.84226105213518,0.00047681922953641783,0.0015443030586172173,0.0014253049360494784,0.00010636570765013748,1.0,1211.2149999884423,47.9089403863308,7.0,0.042906362451376336
20260701,10.0,2,9,grid_fft_topk_plus_ls,-5.616939205497655,0.23646318513109052,0.019495791103079838,0.2506477647523263,0.008139369674589815,1.0,18.27919999777805,0.0,,
20260701,10.0,2,9,deterministic_cartesian_local_refinement_plus_ls,-17.824015272689177,0.019088181056887605,0.019495791103079838,0.07359591821247916,0.002606983386862367,1.0,241.94600000919309,12.207076067191522,,
20260701,10.0,2,9,fixed_source_trained_scalar_interpolation_plus_ls,-13.251532809257933,0.09284015905167935,0.019495791103079838,0.11973477781397246,0.004001399467942212,1.0,210.26150000398047,7.634593603760278,,
20260701,10.0,2,9,tensor_nomp3d_known_order_v1,-51.47785488952828,0.0006373529724415223,0.00030947904135551996,0.0005626576894991509,2.6609910986662796e-05,1.0,1204.8767000087537,45.86091568403063,5.0,0.034807693821831825
20260701,10.0,2,10,grid_fft_topk_plus_ls,-3.681644570870237,0.25283509591203496,0.2635916488086046,0.2460144608266344,0.018287010132338515,1.0,14.329499987070449,0.0,,
20260701,10.0,2,10,deterministic_cartesian_local_refinement_plus_ls,-13.911579593931165,0.07671522272148297,0.06912958098823205,0.05650163538478028,0.00470578280994867,1.0,238.6392999906093,10.229935023060929,,
20260701,10.0,2,10,fixed_source_trained_scalar_interpolation_plus_ls,-9.560587034022689,0.12260399498785095,0.127713326260896,0.10993100742350675,0.008742579718403393,1.0,232.87880000134464,5.878942463152452,,
20260701,10.0,2,10,tensor_nomp3d_known_order_v1,-50.61599850270396,0.00047406057010095857,0.0008050915874677543,0.0010319691464115038,5.9880219101527465e-05,1.0,1290.6026000127895,46.93435393183372,7.0,0.029943193582014478
20260701,10.0,2,11,grid_fft_topk_plus_ls,-15.65599380870944,0.08856213118417565,0.0903594909885637,0.07216548988820153,0.006120327584081657,1.0,12.268799997400492,0.0,,
20260701,10.0,2,11,deterministic_cartesian_local_refinement_plus_ls,-16.137845389826467,0.07476068296007086,0.06908599750214271,0.07216548988820153,0.004906218214124683,1.0,214.96909999405034,0.4818515811170272,,
20260701,10.0,2,11,fixed_source_trained_scalar_interpolation_plus_ls,-17.159079275168576,0.02404171126377193,0.013006484423115035,0.07216548988820153,0.0024045565716325663,1.0,231.34810000192374,1.5030854664591367,,
20260701,10.0,2,11,tensor_nomp3d_known_order_v1,-51.71180159239535,0.0013087935094846378,0.0003827456990865859,0.0009838048254266706,4.027381614594357e-05,1.0,1258.3626999985427,36.05580778368591,6.0,0.32882480583370854
20260701,10.0,2,12,grid_fft_topk_plus_ls,-5.200203938358062,7.892153945648662,0.21759768222887066,8.512838849967851,0.2734164298304003,0.5,12.459100005798973,0.0,,
20260701,10.0,2,12,deterministic_cartesian_local_refinement_plus_ls,-14.856459057965512,8.050377549027578,0.24759445960863305,8.352793927997556,0.26894054770547965,0.5,243.2206999947084,9.65625511960745,,
20260701,10.0,2,12,fixed_source_trained_scalar_interpolation_plus_ls,-14.57992444585958,7.99335283914207,0.16496895964791627,8.409761091473333,0.2703193572954945,0.5,259.56459999724757,9.379720507501519,,
20260701,10.0,2,12,tensor_nomp3d_known_order_v1,-53.19815103838967,0.001112029524499476,0.0005298148592374336,0.003187782091290271,0.00010533641190784481,1.0,1279.9391000007745,47.99794710003161,7.0,0.3694016132397572
20260701,10.0,2,13,grid_fft_topk_plus_ls,-7.610462871561996,0.12607766560490094,0.1941226216876121,0.18759864283650485,0.013510741292805243,1.0,11.76389999454841,0.0,,
20260701,10.0,2,13,deterministic_cartesian_local_refinement_plus_ls,-12.817548496637738,0.08739220358811792,0.05276733004286961,0.061324920054356025,0.0038749555979165832,1.0,229.6827999962261,5.207085625075742,,
20260701,10.0,2,13,fixed_source_trained_scalar_interpolation_plus_ls,-11.519497778379888,0.06910997261388928,0.09727697901453088,0.09590520971791593,0.006799842283720719,1.0,228.91349998826627,3.909034906817892,,
20260701,10.0,2,13,tensor_nomp3d_known_order_v1,-52.57903959038618,7.010216107728012e-05,0.0004497451536077812,0.0010541131261626406,4.330740906323495e-05,1.0,1243.910200006212,44.96857671882418,7.0,0.08734773578469843
20260701,10.0,2,14,grid_fft_topk_plus_ls,-4.056758461301634,0.20234887119333075,0.28458246856042385,0.15644182128185102,0.018513662493525082,1.0,11.664300007396378,0.0,,
20260701,10.0,2,14,deterministic_cartesian_local_refinement_plus_ls,-12.994672132518412,0.06268411554108706,0.07690364459750784,0.07020000118564726,0.0053060902068757755,1.0,218.56449999904726,8.937913671216778,,
20260701,10.0,2,14,fixed_source_trained_scalar_interpolation_plus_ls,-15.497228567042384,0.07448031256889291,0.06086738189146159,0.01704341331007848,0.003885135178100503,1.0,202.56749998952728,11.44047010574075,,
20260701,10.0,2,14,tensor_nomp3d_known_order_v1,-52.91298177438656,0.0002936415275392767,0.0002048122666118017,0.000870640446159617,3.0155782523516317e-05,1.0,1168.7800000072457,48.856223313084925,7.0,0.14273439374386077
20260701,10.0,2,15,grid_fft_topk_plus_ls,-5.836188000206819,17.578685040792934,4.895930315317993,10.42247118491128,0.4675208631868296,0.5,12.510200001997873,0.0,,
20260701,10.0,2,15,deterministic_cartesian_local_refinement_plus_ls,-12.984614300968174,17.418946519051243,4.895930315317993,10.73924758316226,0.47411070574868996,0.5,221.47299999778625,7.148426300761354,,
20260701,10.0,2,15,fixed_source_trained_scalar_interpolation_plus_ls,-11.614899217738333,17.47598063566207,4.895930315317993,10.625532601198893,0.47173072749737416,0.5,211.69799999915995,5.778711217531514,,
20260701,10.0,2,15,tensor_nomp3d_known_order_v1,-50.987112901468734,0.0024031948994846157,0.0030176015277836392,0.0017787145146675202,0.0001975149825073215,1.0,1369.8180000064895,45.15092490126192,6.0,0.2138918096766575
20260701,10.0,2,16,grid_fft_topk_plus_ls,-4.016681339586587,35.25109420176628,0.5967256237569055,8.391886110177524,0.3821110359140773,0.5,13.174199993954971,0.0,,
20260701,10.0,2,16,deterministic_cartesian_local_refinement_plus_ls,-12.78454671231322,35.25109420176628,0.8666340923069353,8.23023063098574,0.38069361616020037,0.5,259.6614999929443,8.767865372726634,,
20260701,10.0,2,16,fixed_source_trained_scalar_interpolation_plus_ls,-9.551407625880582,35.25109420176628,0.7503839442702008,8.287776657605667,0.3809482974179753,0.5,268.1277000083355,5.534726286293996,,
20260701,10.0,2,16,tensor_nomp3d_known_order_v1,-51.019676139718804,0.02825107761390269,0.005011013667197757,0.003627473987812364,0.000399563129435873,1.0,1525.978000005125,47.002994800132214,7.0,0.3149921850724485
20260701,10.0,2,17,grid_fft_topk_plus_ls,-3.9658794268589714,3.7024242630537456,5.148917628055304,9.096745426415819,0.43035792573412374,0.0,13.607300003059208,0.0,,
20260701,10.0,2,17,deterministic_cartesian_local_refinement_plus_ls,-9.75057197458001,3.540303864903673,5.288078718463307,8.936779541365597,0.4335812150976631,0.5,277.9335999948671,5.784692547721039,,
20260701,10.0,2,17,fixed_source_trained_scalar_interpolation_plus_ls,-8.962748034462113,3.597578456141281,5.23589538365814,8.993740272468107,0.43228439874831515,0.5,249.96280000777915,4.996868607603141,,
20260701,10.0,2,17,tensor_nomp3d_known_order_v1,-51.9798791668028,0.0011521989921696675,0.0019088980829076797,0.0011461203410762454,0.0001248910934062063,1.0,1540.651399991475,48.013999739943834,7.0,0.17441620666821356
20260701,10.0,2,18,grid_fft_topk_plus_ls,-6.276381897522224,0.21803170360539845,0.1545337601974091,0.08175492722675572,0.010134723064623033,1.0,21.154699992621318,0.0,,
20260701,10.0,2,18,deterministic_cartesian_local_refinement_plus_ls,-15.861217838216543,0.03064654168836582,0.022092899006685523,0.08175492722675572,0.0029139604588822566,1.0,230.02079999423586,9.584835940694319,,
20260701,10.0,2,18,fixed_source_trained_scalar_interpolation_plus_ls,-12.7766871435329,0.07738642549017234,0.05519259168524986,0.08175492722675572,0.004334978555189205,1.0,247.35140000120737,6.500305246010676,,
20260701,10.0,2,18,tensor_nomp3d_known_order_v1,-51.7452092174601,0.00029788993439346616,0.0003166743108447361,0.0006680713445676095,2.886180618552243e-05,1.0,1448.8911000080407,45.46882731993787,6.0,0.4298398842587453
20260701,10.0,2,19,grid_fft_topk_plus_ls,-7.291220950491152,43.744071658674095,1.3095995517703636,0.5803935949273655,0.3518832543700076,0.0,13.302199993631802,0.0,,
20260701,10.0,2,19,deterministic_cartesian_local_refinement_plus_ls,-20.493729620659344,43.744071658674095,1.368526196202665,0.7251097882110813,0.3530195194144089,0.5,229.59950000222307,13.202508670168193,,
20260701,10.0,2,19,fixed_source_trained_scalar_interpolation_plus_ls,-18.91549457554329,43.744071658674095,1.336885449250145,0.6682038353238549,0.35243576959857315,0.5,230.40749999927357,11.624273625052137,,
20260701,10.0,2,19,tensor_nomp3d_known_order_v1,-49.83817721572721,0.012346830359224977,0.013508826636693273,0.009278448464209343,0.0008978984567976604,1.0,1323.5013000085019,42.546956265236055,6.0,0.1460396119179598
20260701,10.0,4,0,grid_fft_topk_plus_ls,-4.499839188372549,0.26816219686037873,0.22129347866225363,0.14049749555918517,0.014661452844215484,1.0,21.540700006880797,0.0,,
20260701,10.0,4,0,deterministic_cartesian_local_refinement_plus_ls,-14.371030374384993,0.06596693553092414,0.060290273071039284,0.05411117885066596,0.004162197937495068,1.0,521.3650000077905,9.871191186012444,,
20260701,10.0,4,0,fixed_source_trained_scalar_interpolation_plus_ls,-10.34148689372377,0.1300257922919389,0.09073151417113087,0.077709379260935,0.006251894044772081,1.0,480.0098999985494,5.841647705351221,,
20260701,10.0,4,0,tensor_nomp3d_known_order_v1,-47.72304194627351,0.0011507370188484063,0.0020106213276080615,0.0005610935987553476,0.00012719932665032467,1.0,3484.2533000046387,43.223202757900964,14.0,0.15310764070904703
20260701,10.0,4,1,grid_fft_topk_plus_ls,-5.001480443519895,10.099902211365922,2.5969742624038155,10.836347455497,0.3837253516578444,0.5,16.646100004436448,0.0,,
20260701,10.0,4,1,deterministic_cartesian_local_refinement_plus_ls,-10.962839135206266,10.25051169703482,2.8380797337684616,11.074364735688384,0.39704401233688963,0.5,448.19089998782147,5.961358691686371,,
20260701,10.0,4,1,fixed_source_trained_scalar_interpolation_plus_ls,-11.088306245586718,10.196266438732545,2.7504720131542943,10.988933706494082,0.39220280070614183,0.5,424.6590999973705,6.086825802066823,,
20260701,10.0,4,1,tensor_nomp3d_known_order_v1,-49.49517825730115,0.001953880440767605,0.0014425967907777967,0.0021798929254528685,0.00011402986784086279,1.0,3765.954500006046,44.49369781378125,17.0,0.3090270465334084
20260701,10.0,4,2,grid_fft_topk_plus_ls,-5.884823837643625,5.552092575378217,3.605945136391454,3.967813951254324,0.26086079918051874,0.75,25.05489999020938,0.0,,
20260701,10.0,4,2,deterministic_cartesian_local_refinement_plus_ls,-12.911224512554787,5.774078748563085,3.6053689106538855,3.8519573654468897,0.25942406267903595,0.75,530.5465999990702,7.026400674911162,,
20260701,10.0,4,2,fixed_source_trained_scalar_interpolation_plus_ls,-11.107055690770125,5.694051765456126,3.605171809867734,3.8927187092993827,0.25989913750980426,0.75,530.0267999991775,5.2222318531265,,
20260701,10.0,4,2,tensor_nomp3d_known_order_v1,-46.63133696494772,0.0034803601863192526,0.0025427773167583175,0.001602302111598236,0.00016882895917908196,1.0,3602.091199994902,40.7465131273041,17.0,0.4084665883721831
20260701,10.0,4,3,grid_fft_topk_plus_ls,-5.7235057039387325,0.1272004248738497,0.24358685882028744,0.15373969302770815,0.015995158298425724,1.0,24.411300008068793,0.0,,
20260701,10.0,4,3,deterministic_cartesian_local_refinement_plus_ls,-15.120852952656785,0.05724849528636577,0.05385293945190101,0.0664809981075859,0.003980557772938001,1.0,491.00960000941996,9.397347248718052,,
20260701,10.0,4,3,fixed_source_trained_scalar_interpolation_plus_ls,-12.26771438764423,0.04559870591121606,0.10710554135525256,0.09160516838483414,0.007289215563412956,1.0,478.0529999989085,6.544208683705497,,
20260701,10.0,4,3,tensor_nomp3d_known_order_v1,-47.264946086733104,0.001357112278401682,0.0010902426645087737,0.0006422666106727535,7.182153091168186e-05,1.0,3786.508599994704,41.54144038279437,17.0,0.14670792890988332
20260701,10.0,4,4,grid_fft_topk_plus_ls,-3.633640616357738,25.849413079149226,1.1425000334950186,7.481779374397276,0.3170916691700717,0.5,20.88039999944158,0.0,,
20260701,10.0,4,4,deterministic_cartesian_local_refinement_plus_ls,-9.786840106105592,25.736391925795797,1.3024835906947716,7.367795704924661,0.31633256765605305,0.75,453.2801999885123,6.153199489747854,,
20260701,10.0,4,4,fixed_source_trained_scalar_interpolation_plus_ls,-9.765250353347486,25.776580965428845,1.2358423278639545,7.408027210175493,0.3164054399307039,0.75,472.5711999926716,6.131609736989748,,
20260701,10.0,4,4,tensor_nomp3d_known_order_v1,-48.15726841507683,0.001032939109031887,0.0027979125732143797,0.0009728545310073764,0.00017767594220262166,1.0,3524.636499991175,44.52362779871909,17.0,0.4167805675067068
20260701,10.0,4,5,grid_fft_topk_plus_ls,-3.792147624738717,24.842364893266247,0.55398807619756,1.6122376977220998,0.20348133382260838,0.75,23.085499997250736,0.0,,
20260701,10.0,4,5,deterministic_cartesian_local_refinement_plus_ls,-11.154718565894973,24.954447961633683,0.729117290877684,1.7069598150816194,0.2071958413493365,0.75,481.64480000559706,7.362570941156255,,
20260701,10.0,4,5,fixed_source_trained_scalar_interpolation_plus_ls,-8.68453806269735,24.91419600841,0.6585538214629932,1.6701778971612669,0.2056788717016528,0.75,443.3914000110235,4.892390437958632,,
20260701,10.0,4,5,tensor_nomp3d_known_order_v1,-49.243070933479345,0.0006315127244738886,0.0028252315597929395,0.0025361740818377514,0.00019361093285139887,1.0,3575.1313000073424,45.45092330874063,17.0,0.4752755302587751
20260701,10.0,4,6,grid_fft_topk_plus_ls,-5.941242706646161,27.55888351888335,0.7534174413645441,5.158589723124039,0.2730575093526248,0.5,20.95809999445919,0.0,,
20260701,10.0,4,6,deterministic_cartesian_local_refinement_plus_ls,-17.036058693748856,27.558682110671203,0.9098346574055721,5.335631371943456,0.27819121145220405,0.5,484.8695999971824,11.094815987102695,,
20260701,10.0,4,6,fixed_source_trained_scalar_interpolation_plus_ls,-14.344737624506205,27.558701450245554,0.8468680759059248,5.270988079966981,0.2762041889556957,0.5,492.13690000760835,8.403494917860044,,
20260701,10.0,4,6,tensor_nomp3d_known_order_v1,-48.48912521419889,0.001744947984285958,0.0052846666759170545,0.005482557019011189,0.0003723336741786672,1.0,3743.3230000024196,42.54788250755273,18.0,0.1614299649808249
20260701,10.0,4,7,grid_fft_topk_plus_ls,-3.788022277116476,0.2503689411650226,0.2617245917772697,0.19042342026889938,0.017516117429228074,1.0,20.530499998130836,0.0,,
20260701,10.0,4,7,deterministic_cartesian_local_refinement_plus_ls,-15.380795703873286,0.06807428642357441,0.050246361089466195,0.04414896050079395,0.003471078849948,1.0,479.65999999723863,11.59277342675681,,
20260701,10.0,4,7,fixed_source_trained_scalar_interpolation_plus_ls,-9.16515794449383,0.12920295577337157,0.12046772847931225,0.09174566189414063,0.008119619530547042,1.0,478.0758999986574,5.377135667377353,,
20260701,10.0,4,7,tensor_nomp3d_known_order_v1,-47.76620653266793,0.0009826849208835738,0.0015717984903604219,0.0007772286350585825,0.00010148622463533113,1.0,3644.6186999964993,43.978184255551454,15.0,0.9256897946777528
20260701,10.0,4,8,grid_fft_topk_plus_ls,-4.362080537035811,24.31925571243973,2.0294705020534387,2.958363104100316,0.24644157310814527,0.5,23.881700006313622,0.0,,
20260701,10.0,4,8,deterministic_cartesian_local_refinement_plus_ls,-13.059171818738989,24.45794610564954,1.9395995034537288,2.798111506961901,0.2425945338094847,0.5,446.2455000029877,8.697091281703177,,
20260701,10.0,4,8,fixed_source_trained_scalar_interpolation_plus_ls,-10.17230261177705,24.407957201920638,1.9700374639328646,2.8549998461401143,0.2438891589580324,0.5,433.1969000049867,5.810222074741239,,
20260701,10.0,4,8,tensor_nomp3d_known_order_v1,-48.59788592083095,0.0011281021427400608,0.001603547514409331,0.0017176710051031163,0.00011403206189944481,1.0,3654.027500000666,44.23580538379514,15.0,0.8031940537577824
20260701,10.0,4,9,grid_fft_topk_plus_ls,-5.322593651524347,0.20449246124109474,0.14828105326781915,0.2013576399282061,0.011315242895601702,1.0,24.809800001094118,0.0,,
20260701,10.0,4,9,deterministic_cartesian_local_refinement_plus_ls,-14.974774062187956,0.029580325445455427,0.08630044171877992,0.04338692127232268,0.005566376557311861,1.0,469.4184999971185,9.65218041066361,,
20260701,10.0,4,9,fixed_source_trained_scalar_interpolation_plus_ls,-11.726064601084937,0.08251141490725213,0.0626627932080807,0.09954094111511785,0.00504282537974095,1.0,501.99720000091475,6.403470949560591,,
20260701,10.0,4,9,tensor_nomp3d_known_order_v1,-48.73697949272247,0.0010768376147525238,0.0014600086362163106,0.0010707499666959474,9.755547332919228e-05,1.0,3525.0980999990134,43.414385841198126,17.0,0.3920283254284088
20260701,10.0,4,10,grid_fft_topk_plus_ls,-4.509723193949575,22.903858345655237,0.22991205855979804,2.0429589210604724,0.19052710041582474,0.5,21.85049999388866,0.0,,
20260701,10.0,4,10,deterministic_cartesian_local_refinement_plus_ls,-8.97827414034548,22.790585186546583,0.08466648528319477,2.1225198802903833,0.19007846246560164,0.75,525.9843999956502,4.468550946395905,,
20260701,10.0,4,10,fixed_source_trained_scalar_interpolation_plus_ls,-9.10208918206567,22.830955837024728,0.10905463755922411,2.089510787018596,0.19006554947603618,0.75,534.3364000000292,4.592365988116096,,
20260701,10.0,4,10,tensor_nomp3d_known_order_v1,-47.89766896357883,0.0017659583784696647,0.0020846671108123494,0.0008153583482739573,0.0001334747099387327,1.0,3774.7668999945745,43.387945769629255,17.0,0.349608724946344
20260701,10.0,4,11,grid_fft_topk_plus_ls,-5.442378832438561,5.8666048607003605,1.4625011734538047,1.1963537854474435,0.10887370342378805,0.5,20.21509999758564,0.0,,
20260701,10.0,4,11,deterministic_cartesian_local_refinement_plus_ls,-11.00802101315569,5.863627234345787,1.3476589456007642,1.250688618804265,0.10354008945482969,0.75,469.07319998717867,5.565642180717128,,
20260701,10.0,4,11,fixed_source_trained_scalar_interpolation_plus_ls,-10.76991293650564,5.864197572054215,1.3867295010955467,1.2232120492546898,0.10522308600840832,0.75,481.5787999978056,5.327534104067079,,
20260701,10.0,4,11,tensor_nomp3d_known_order_v1,-49.81538733940556,0.002367238082363113,0.0011826321968885806,0.0006727461810057952,7.904027346414564e-05,1.0,3716.1163999990094,44.373008506967,16.0,0.31633545374727445
20260701,10.0,4,12,grid_fft_topk_plus_ls,-6.949724028582601,0.20091294206380966,0.0667915454262641,0.13682237362514205,0.006178313866705553,1.0,23.79320000181906,0.0,,
20260701,10.0,4,12,deterministic_cartesian_local_refinement_plus_ls,-13.823818541855493,0.05795243367678915,0.0667915454262641,0.06940631437507805,0.004726048156148203,1.0,538.9906999917002,6.874094513272892,,
20260701,10.0,4,12,fixed_source_trained_scalar_interpolation_plus_ls,-13.369935968652143,0.07052341475031881,0.0667915454262641,0.06306640883438376,0.004649078063714673,1.0,462.10119999886956,6.420211940069542,,
20260701,10.0,4,12,tensor_nomp3d_known_order_v1,-47.381822674831625,0.001137763732582875,0.0016803766105854935,0.0010537370514608756,0.00011042323864341872,1.0,3660.4309999966063,40.432098646249024,18.0,0.3426966787068516
20260701,10.0,4,13,grid_fft_topk_plus_ls,-8.302365808763005,0.1607658566188504,0.11529189131928716,0.20358652488965315,0.009694136221123037,1.0,20.05420000932645,0.0,,
20260701,10.0,4,13,deterministic_cartesian_local_refinement_plus_ls,-12.925909288082117,0.07848795334634938,0.08413600362618724,0.05812211329117214,0.005597037346233541,1.0,469.293000001926,4.623543479319112,,
20260701,10.0,4,13,fixed_source_trained_scalar_interpolation_plus_ls,-13.19360551885131,0.0859708005607948,0.05903766141445881,0.10579105587300233,0.004999557160388753,1.0,456.7042999988189,4.891239710088305,,
20260701,10.0,4,13,tensor_nomp3d_known_order_v1,-48.91226303083364,0.001209582695414285,0.0006316540441547098,0.0015423211668016718,6.301463938230744e-05,1.0,3877.405199993518,40.609897222070636,17.0,0.3706612485942555
20260701,10.0,4,14,grid_fft_topk_plus_ls,-5.16538121275302,0.12774815131191553,0.2661959591531137,0.15712143878371698,0.017375344971521312,1.0,24.43219999258872,0.0,,
20260701,10.0,4,14,deterministic_cartesian_local_refinement_plus_ls,-13.184272556219778,0.06138929982650423,0.08806952197555466,0.05401997004562964,0.005777334852601822,1.0,479.64130000036675,8.018891343466759,,
20260701,10.0,4,14,fixed_source_trained_scalar_interpolation_plus_ls,-11.0468409715786,0.049442814038478666,0.1470547970605226,0.044561796531982174,0.009303844239467987,1.0,538.4079000068596,5.881459758825581,,
20260701,10.0,4,14,tensor_nomp3d_known_order_v1,-46.19978723672003,0.0009876001933861983,0.001669992405782111,0.0008007199314313937,0.00010760900443681984,1.0,3800.535200003651,41.03440602396701,19.0,0.3199372034884219
20260701,10.0,4,15,grid_fft_topk_plus_ls,-5.462386066580141,7.530026694525934,2.038843970444162,0.9133274066002596,0.1432243694047455,0.5,21.17200000793673,0.0,,
20260701,10.0,4,15,deterministic_cartesian_local_refinement_plus_ls,-13.478004167977149,7.416787358940827,2.1216015873522576,0.8973501530865672,0.14739951688416933,0.75,461.41699999861885,8.015618101397008,,
20260701,10.0,4,15,fixed_source_trained_scalar_interpolation_plus_ls,-11.897899906190299,7.456948606541438,2.087471934517748,0.8998767353558658,0.14562404306944618,0.75,488.32360000233166,6.435513839610158,,
20260701,10.0,4,15,tensor_nomp3d_known_order_v1,-49.54461076239614,0.0015259009368571966,0.00265135145202763,0.0014584267527221707,0.00017227564110918508,1.0,3856.040099999518,44.082224695815995,17.0,0.20379504479386829
20260701,10.0,4,16,grid_fft_topk_plus_ls,-6.232425610755855,3.6586590766340947,3.8514341634152593,5.604064603319116,0.2990485109362139,0.5,14.531100008753128,0.0,,
20260701,10.0,4,16,deterministic_cartesian_local_refinement_plus_ls,-11.567947867880102,3.658352836722488,3.8485470240193598,5.705203526649358,0.3007657474206489,0.75,427.8350000095088,5.335522257124247,,
20260701,10.0,4,16,fixed_source_trained_scalar_interpolation_plus_ls,-11.773690190781203,3.6580648845723083,3.8488253209974532,5.6673987184958365,0.30008067528424665,0.75,499.9233999988064,5.541264580025348,,
20260701,10.0,4,16,tensor_nomp3d_known_order_v1,-50.937741577673485,0.00072613664963656,0.0012214476734732833,0.00026494473835458714,7.699741297041909e-05,1.0,3668.6845000076573,44.70531596691763,18.0,0.6007226482107617
20260701,10.0,4,17,grid_fft_topk_plus_ls,-3.3480910680293703,0.2972663008253795,0.2559546509988787,0.22116654196467253,0.017580415853691106,1.0,19.53920000232756,0.0,,
20260701,10.0,4,17,deterministic_cartesian_local_refinement_plus_ls,-13.261327135390463,0.07028650823675152,0.0731718337106056,0.07360672590696893,0.005148496174792825,1.0,451.428099986515,9.913236067361092,,
20260701,10.0,4,17,fixed_source_trained_scalar_interpolation_plus_ls,-9.706914703120834,0.12020705227899565,0.12352795357466474,0.059484100528532605,0.007996464546951444,1.0,421.58380000910256,6.358823635091463,,
20260701,10.0,4,17,tensor_nomp3d_known_order_v1,-47.10904616647012,0.0011030466105955816,0.0006342661005839703,0.0013654754656048582,5.887736925998806e-05,1.0,3529.442500002915,43.76095509844075,17.0,0.24610172828641452
20260701,10.0,4,18,grid_fft_topk_plus_ls,-5.051034283412249,17.88306080740002,2.9502054594218317,4.490655166070361,0.27057623391785324,0.5,21.196200003032573,0.0,,
20260701,10.0,4,18,deterministic_cartesian_local_refinement_plus_ls,-12.574296495036887,17.76946858281065,2.943560254477705,4.58678496587572,0.27141018108006093,0.75,466.80529999139253,7.523262211624638,,
20260701,10.0,4,18,fixed_source_trained_scalar_interpolation_plus_ls,-10.568638830750793,17.80990031522434,2.9449538181536803,4.5503589743296535,0.2710319419577877,0.75,450.3871000051731,5.517604547338544,,
20260701,10.0,4,18,tensor_nomp3d_known_order_v1,-48.419455477858506,0.0006918561193513983,0.0012867073790781974,0.0019360178103490755,0.00010078086257243222,1.0,3451.1205999879166,43.368421194446256,17.0,0.22768871638697527
20260701,10.0,4,19,grid_fft_topk_plus_ls,-6.955576828120579,1.0144840196391622,0.4039681366962925,7.996684335056001,0.251293615987473,0.5,14.486900006886572,0.0,,
20260701,10.0,4,19,deterministic_cartesian_local_refinement_plus_ls,-12.324298249811196,1.1181031677277744,0.2388021203490875,7.891875204267619,0.24722667736077703,0.75,410.18500000063796,5.368721421690617,,
20260701,10.0,4,19,fixed_source_trained_scalar_interpolation_plus_ls,-15.315090479691488,1.0781000632019087,0.2785439437305605,7.932005755945772,0.248628476048898,0.75,426.51580000529066,8.359513651570909,,
20260701,10.0,4,19,tensor_nomp3d_known_order_v1,-45.90639041459053,0.002871763995182179,0.0021670235547551924,0.0028709602512495378,0.0001640009300822214,1.0,3406.0914000001503,38.950813586469955,17.0,0.15971878914009643
20260701,10.0,8,0,grid_fft_topk_plus_ls,-6.2798606961630465,14.507260333534438,1.3993762007267896,5.379197298691653,0.2207996967522628,0.5,52.019200011272915,0.0,,
20260701,10.0,8,0,deterministic_cartesian_local_refinement_plus_ls,-11.968597601295393,14.564586696671249,1.4492164246411476,5.377725142626531,0.22224614599231424,0.75,954.5955999928992,5.688736905132346,,
20260701,10.0,8,0,fixed_source_trained_scalar_interpolation_plus_ls,-12.091658993577873,14.543535142562742,1.4269894100708853,5.377576159121002,0.2215957118876654,0.75,946.1618000059389,5.811798297414827,,
20260701,10.0,8,0,tensor_nomp3d_known_order_v1,-43.37178333222313,0.004743854517638113,0.0060029888792298485,0.006502581843688493,0.0004282887258796383,1.0,11834.275700006401,37.09192263606008,47.0,0.7520668930579608
20260701,10.0,8,1,grid_fft_topk_plus_ls,-5.352455140686439,0.21480523794921924,0.1892604449148994,0.15519190186327594,0.012894040118908507,1.0,72.27059999422636,0.0,,
20260701,10.0,8,1,deterministic_cartesian_local_refinement_plus_ls,-14.67515724781392,0.054213275667337926,0.049016456046200155,0.060676883131830055,0.0036276698753043794,1.0,939.4765999895753,9.32270210712748,,
20260701,10.0,8,1,fixed_source_trained_scalar_interpolation_plus_ls,-12.555534826895027,0.0822942425880006,0.09246756477258372,0.04754040526630893,0.006001656970949102,1.0,796.5068999910727,7.2030796862085875,,
20260701,10.0,8,1,tensor_nomp3d_known_order_v1,-45.12986484176287,0.0009551788974528372,0.001606477574769506,0.001905802362298776,0.00011697767197086456,1.0,11945.979599986458,39.77740970107643,47.0,0.9209619405175218
20260701,10.0,8,2,grid_fft_topk_plus_ls,-4.9431936553838565,25.428950732846847,1.4972006031479994,3.51453899003144,0.24553213467442195,0.5,49.23570000391919,0.0,,
20260701,10.0,8,2,deterministic_cartesian_local_refinement_plus_ls,-10.850355076819012,25.432933169953653,1.480158790427805,3.5282465316203093,0.24534560757703677,0.625,799.7934000013629,5.9071614214351555,,
20260701,10.0,8,2,fixed_source_trained_scalar_interpolation_plus_ls,-9.799669046694799,25.431421414935368,1.4823637542802763,3.520039993225943,0.24527291769221043,0.625,870.6073000066681,4.856475391310942,,
20260701,10.0,8,2,tensor_nomp3d_known_order_v1,-44.72338335473222,0.002320751551464337,0.002168329749495385,0.002761837532700353,0.0001616896264610776,1.0,12334.91029999277,39.78018969934836,53.0,0.9419899967005383
20260701,10.0,8,3,grid_fft_topk_plus_ls,-6.776154654251858,18.45312237195165,1.590839352548237,2.6297678867685508,0.19345016202092033,0.625,43.87049999786541,0.0,,
20260701,10.0,8,3,deterministic_cartesian_local_refinement_plus_ls,-12.58150813394414,18.452007843887447,1.5871880260511781,2.7824605620579463,0.19540257220946006,0.625,851.5129000006709,5.8053534796922825,,
20260701,10.0,8,3,fixed_source_trained_scalar_interpolation_plus_ls,-11.182718522746093,18.452249284663612,1.587580501940484,2.72529941184854,0.19462817179834818,0.625,916.512399999192,4.406563868494235,,
20260701,10.0,8,3,tensor_nomp3d_known_order_v1,-46.1559859346533,0.002522991030731576,0.001559738751272566,0.0025180335112327925,0.00012682062946157396,1.0,12427.217399992514,39.37983128040145,48.0,0.9536544007535284
20260701,10.0,8,4,grid_fft_topk_plus_ls,-5.489863509773636,24.144903026125352,0.9172329395099758,4.718804694124581,0.2461984483364474,0.375,53.92650001158472,0.0,,
20260701,10.0,8,4,deterministic_cartesian_local_refinement_plus_ls,-12.635652448560172,24.23475452636044,1.038003093275812,4.693907152054273,0.24813813325850922,0.5,989.9696999927983,7.145788938786536,,
20260701,10.0,8,4,fixed_source_trained_scalar_interpolation_plus_ls,-11.273786116504992,24.202348347365376,0.9905850769322938,4.701600271583034,0.24732886363084775,0.5,1053.8920999970287,5.783922606731355,,
20260701,10.0,8,4,tensor_nomp3d_known_order_v1,-47.947561946817814,0.0013548383608598324,0.0012272506629317727,0.003547566504608294,0.00013522452773141337,1.0,12703.200799995102,42.45769843704418,45.0,0.4440885505476351
20260701,10.0,8,5,grid_fft_topk_plus_ls,-4.91786218514865,18.755482592180805,1.847490504000037,4.936093828101578,0.24206834747044848,0.25,56.47100000351202,0.0,,
20260701,10.0,8,5,deterministic_cartesian_local_refinement_plus_ls,-11.335312624413037,18.662337391915365,2.0090081139945806,4.9764204105214205,0.2474023083294531,0.5,1004.5836999925086,6.417450439264387,,
20260701,10.0,8,5,fixed_source_trained_scalar_interpolation_plus_ls,-10.265004214917798,18.695432988644168,1.9444966806729744,4.961138413002579,0.2452321019369765,0.5,884.9072000011802,5.347142029769149,,
20260701,10.0,8,5,tensor_nomp3d_known_order_v1,-45.35252314247906,0.003430351346227157,0.0033494741332621807,0.0027893400724325695,0.0002283427531255141,1.0,12744.926800005487,40.43466095733041,51.0,0.7358533276972825
20260701,10.0,8,6,grid_fft_topk_plus_ls,-8.063956463850966,24.48365938382238,2.5495182677813797,1.4320325667515912,0.2529445526079264,0.5,49.390799991670065,0.0,,
20260701,10.0,8,6,deterministic_cartesian_local_refinement_plus_ls,-11.614084897594486,24.56111620866094,2.6116453008299985,1.456349627826576,0.2559959597961511,0.625,870.2175000071293,3.55012843374352,,
20260701,10.0,8,6,fixed_source_trained_scalar_interpolation_plus_ls,-11.667183359153203,24.533201025722295,2.588165489510628,1.444168177957583,0.25483104882154395,0.5,962.7551000012318,3.603226895302237,,
20260701,10.0,8,6,tensor_nomp3d_known_order_v1,-45.069181583274926,0.00314644245629204,0.002163724892036315,0.00429623419800218,0.0001921384748851144,1.0,12086.55340000405,37.00522511942396,45.0,1.0833617464871486
20260701,10.0,8,7,grid_fft_topk_plus_ls,-3.9617343729600343,0.2566395772351004,0.2301477979341611,0.1656982877123077,0.015418778189712453,1.0,48.31420000118669,0.0,,
20260701,10.0,8,7,deterministic_cartesian_local_refinement_plus_ls,-14.544434053045679,0.0625751188751879,0.07256679472631561,0.04665511268067171,0.004789024130203278,1.0,917.6647999993293,10.582699680085645,,
20260701,10.0,8,7,fixed_source_trained_scalar_interpolation_plus_ls,-10.353883378263992,0.1261588911821549,0.07966672842534182,0.07355537397340284,0.005571998353441705,1.0,915.497800000594,6.392149005303958,,
20260701,10.0,8,7,tensor_nomp3d_known_order_v1,-43.77223783919363,0.0021058937469459896,0.002957464888787029,0.0010915391661254592,0.000188681243438233,1.0,12776.744599992526,39.8105034662336,48.0,0.9080958011720285
20260701,10.0,8,8,grid_fft_topk_plus_ls,-5.767816966114497,8.554075924283378,1.034487367316997,4.889397548416157,0.1788639504345434,0.5,48.41849999502301,0.0,,
20260701,10.0,8,8,deterministic_cartesian_local_refinement_plus_ls,-11.22965102202322,8.542282171969445,1.0825640222948076,4.871302042566829,0.17945780042200887,0.625,951.2345000111964,5.461834055908723,,
20260701,10.0,8,8,fixed_source_trained_scalar_interpolation_plus_ls,-11.252177668867404,8.54599655327886,1.0621799702840573,4.875850694412522,0.17911308654810126,0.625,935.3417999955127,5.484360702752907,,
20260701,10.0,8,8,tensor_nomp3d_known_order_v1,-44.7574664008802,0.00188512129339196,0.0018616416620328962,0.0018400599800606366,0.00013061888661181098,1.0,11814.390499988804,38.9896494347657,48.0,0.7418451912286977
20260701,10.0,8,9,grid_fft_topk_plus_ls,-4.762183670081558,9.915742940320985,2.7184707550426395,4.421221639342627,0.23228790760281495,0.5,47.05880000256002,0.0,,
20260701,10.0,8,9,deterministic_cartesian_local_refinement_plus_ls,-11.481948145446523,9.879999187134631,2.89162904300913,4.330427327699925,0.2386067427006293,0.625,809.5640000101412,6.719764475364966,,
20260701,10.0,8,9,fixed_source_trained_scalar_interpolation_plus_ls,-9.531788562774748,9.892445578063523,2.8275001445343966,4.3626560503684395,0.23619724124210184,0.625,840.2749999950174,4.769604892693191,,
20260701,10.0,8,9,tensor_nomp3d_known_order_v1,-43.742400010703264,0.0017608145296139242,0.0030178214628377915,0.0035980300388325113,0.00022001550221611697,1.0,11941.83619999967,38.98021634062171,43.0,0.7069085439102465
20260701,10.0,8,10,grid_fft_topk_plus_ls,-4.995133664761129,26.562318911636513,2.591518383571119,7.0007019866914515,0.342285227994795,0.125,35.502899991115555,0.0,,
20260701,10.0,8,10,deterministic_cartesian_local_refinement_plus_ls,-10.882426005133816,26.605666682677857,2.5954363077969673,6.925333901274901,0.34110738761435233,0.375,806.2644999881741,5.887292340372687,,
20260701,10.0,8,10,fixed_source_trained_scalar_interpolation_plus_ls,-10.315356386914388,26.5898245920105,2.5915095029128796,6.951787955882331,0.34144070197725157,0.375,830.9159000054933,5.320222722153259,,
20260701,10.0,8,10,tensor_nomp3d_known_order_v1,-46.869133415263875,0.0017394189665004853,0.00214846607349304,0.0027414818580482883,0.0001598597019781017,1.0,11567.689100003918,41.87399975050275,60.0,1.5207249475442912
20260701,10.0,8,11,grid_fft_topk_plus_ls,-5.259221493904908,0.18339428018429782,0.17233290603278414,0.19393697584237043,0.012441588680215545,1.0,43.89200000150595,0.0,,
20260701,10.0,8,11,deterministic_cartesian_local_refinement_plus_ls,-14.935801153353513,0.06982485583311908,0.05523287258270205,0.0729361176380389,0.004172439980097346,1.0,789.5748999872012,9.676579659448604,,
20260701,10.0,8,11,fixed_source_trained_scalar_interpolation_plus_ls,-12.755089240496162,0.07064801648315817,0.08230724005179339,0.09030677028062022,0.005893354490959041,1.0,794.9423999962164,7.495867746591253,,
20260701,10.0,8,11,tensor_nomp3d_known_order_v1,-42.99371380672084,0.002338237034325663,0.0015308316679653582,0.0023388332681960784,0.00012177733653336549,1.0,11842.533399991225,37.73449231281593,52.0,0.8678486919302566
20260701,10.0,8,12,grid_fft_topk_plus_ls,-6.581156763914974,8.255465669065437,1.007468895465956,2.585335415588111,0.1210447606580042,0.625,47.31139999057632,0.0,,
20260701,10.0,8,12,deterministic_cartesian_local_refinement_plus_ls,-13.283320348366843,8.213328644578773,1.0279857070890601,2.580885620409153,0.12145022934741018,0.75,890.857499995036,6.702163584451869,,
20260701,10.0,8,12,fixed_source_trained_scalar_interpolation_plus_ls,-13.107564969846937,8.227734761601532,1.0142532344338786,2.581634876665838,0.12107370131356164,0.75,852.7700999984518,6.526408205931963,,
20260701,10.0,8,12,tensor_nomp3d_known_order_v1,-45.61978848443257,0.0009814889669515865,0.005896747218966987,0.004105905280767741,0.000390318850990703,1.0,11960.360400000354,39.03863172051759,53.0,1.0040708432899268
20260701,10.0,8,13,grid_fft_topk_plus_ls,-5.468623475719523,19.008337558290812,1.9657766443376727,5.343119497551339,0.2550052528419371,0.25,54.23749999317806,0.0,,
20260701,10.0,8,13,deterministic_cartesian_local_refinement_plus_ls,-12.322632752607142,19.07838851100723,2.05493504818708,5.234330648383283,0.25586538648803075,0.625,835.6466999975964,6.854009276887618,,
20260701,10.0,8,13,fixed_source_trained_scalar_interpolation_plus_ls,-11.902478063100192,19.052914347320243,2.0177016833087396,5.272854133631426,0.25536397434030467,0.625,983.208999998169,6.433854587380669,,
20260701,10.0,8,13,tensor_nomp3d_known_order_v1,-45.259888271374265,0.0020956300241984486,0.002798446836754272,0.001286402325867036,0.00018020856192876302,1.0,12108.180700000958,39.79126479565474,47.0,0.40550036894614316
20260701,10.0,8,14,grid_fft_topk_plus_ls,-6.114792348885977,11.903233441335997,1.1687928080491288,3.1460700140841187,0.15378524254222808,0.625,33.50900000077672,0.0,,
20260701,10.0,8,14,deterministic_cartesian_local_refinement_plus_ls,-11.720455383920697,11.882351826815867,1.1572009991148686,3.2429403477206504,0.1553018467070627,0.75,812.1422999975039,5.605663035034721,,
20260701,10.0,8,14,fixed_source_trained_scalar_interpolation_plus_ls,-11.151708427980102,11.889405149617852,1.1582296880533824,3.206094788026176,0.15461614517989244,0.75,865.3121999959694,5.036916079094126,,
20260701,10.0,8,14,tensor_nomp3d_known_order_v1,-46.27076398046433,0.001805753526443914,0.0007052735241567982,0.0015515309407133741,6.702879401013997e-05,1.0,12018.45059999323,40.15597163157835,49.0,0.6665737326750185
20260701,10.0,8,15,grid_fft_topk_plus_ls,-6.2640188937831,0.4834596250068647,2.359292319023432,1.702068221194822,0.15680117019396156,0.875,47.744499999680556,0.0,,
20260701,10.0,8,15,deterministic_cartesian_local_refinement_plus_ls,-12.934317997413341,0.5474040067406798,2.355498458580624,1.8514289767940102,0.15823739029008885,0.875,850.3843000071356,6.670299103630241,,
20260701,10.0,8,15,fixed_source_trained_scalar_interpolation_plus_ls,-11.99095776135403,0.5212326696511727,2.3553142440841954,1.794514438985297,0.15757960241549848,0.875,833.0183000070974,5.72693886757093,,
20260701,10.0,8,15,tensor_nomp3d_known_order_v1,-44.345296255412734,0.0027328659515033853,0.0015201793007580872,0.002063820862951373,0.00011680112032197676,1.0,11783.624000003329,38.08127736162963,49.0,0.32006961299510905
20260701,10.0,8,16,grid_fft_topk_plus_ls,-5.557479085398888,6.479492301310985,1.3695999935695615,1.3861289079473271,0.1084719807353511,0.875,55.811300000641495,0.0,,
20260701,10.0,8,16,deterministic_cartesian_local_refinement_plus_ls,-12.15644882720536,6.4782116523241715,1.5232131516000633,1.4473386102402166,0.11692033676069087,0.875,802.8819999890402,6.598969741806472,,
20260701,10.0,8,16,fixed_source_trained_scalar_interpolation_plus_ls,-9.807083052739582,6.478445735288796,1.4655938826928308,1.4226586612619831,0.11370432023633988,0.875,853.1163000006927,4.249603967340694,,
20260701,10.0,8,16,tensor_nomp3d_known_order_v1,-46.19119496889867,0.001182155171893389,0.0012483884372224954,0.0017819994523855462,9.63025424120122e-05,1.0,12819.497599994065,40.63371588349978,50.0,0.7955091198949369
20260701,10.0,8,17,grid_fft_topk_plus_ls,-3.966277126875587,18.66379945137607,1.7539003015440973,3.5746861807860286,0.21390649991928107,0.5,47.596400007023476,0.0,,
20260701,10.0,8,17,deterministic_cartesian_local_refinement_plus_ls,-12.524680952463603,18.782622998187325,1.8790830812684978,3.6672638441622536,0.22013361515604538,0.625,854.6210000058636,8.558403825588016,,
20260701,10.0,8,17,fixed_source_trained_scalar_interpolation_plus_ls,-9.268124266879408,18.73985072424135,1.831669110833606,3.632783373679003,0.21777917896430268,0.625,851.0734000010416,5.3018471400038205,,
20260701,10.0,8,17,tensor_nomp3d_known_order_v1,-44.797859864615404,0.002745912706147743,0.00295673570334513,0.0016242752807651142,0.0001928372313765928,1.0,12220.096599994577,40.831582737739815,50.0,0.6392883306131425
20260701,10.0,8,18,grid_fft_topk_plus_ls,-4.432695957807475,14.277823335349327,3.216281205866721,3.859944265489968,0.2596159345267645,0.625,48.66409998794552,0.0,,
20260701,10.0,8,18,deterministic_cartesian_local_refinement_plus_ls,-11.57557885939886,14.267214630110148,3.3186118964478637,4.030985038352272,0.2670433975216666,0.75,919.3197999993572,7.142882901591385,,
20260701,10.0,8,18,fixed_source_trained_scalar_interpolation_plus_ls,-10.367674102109032,14.270555635734237,3.280341162422332,3.968753451886846,0.26428264476162044,0.75,899.6126000129152,5.934978144301557,,
20260701,10.0,8,18,tensor_nomp3d_known_order_v1,-45.64526605449748,0.002023168980278305,0.002277067126507955,0.0014570494875936766,0.00015025680425707558,1.0,12325.863999998546,41.21257009669001,49.0,0.4953171142675499
20260701,10.0,8,19,grid_fft_topk_plus_ls,-6.78173900765051,19.11883865185493,0.4402450398873808,3.8352389072718602,0.19347244413434914,0.625,50.08749999979045,0.0,,
20260701,10.0,8,19,deterministic_cartesian_local_refinement_plus_ls,-13.263042166691275,19.07735725921118,0.4386992715087705,3.8544020321893817,0.19358067381373134,0.75,861.1612999957288,6.481303159040764,,
20260701,10.0,8,19,fixed_source_trained_scalar_interpolation_plus_ls,-14.436514493748325,19.091954637090243,0.4359293564883595,3.844525453361389,0.19345222661652692,0.75,789.9555999902077,7.654775486097814,,
20260701,10.0,8,19,tensor_nomp3d_known_order_v1,-44.89155754178371,0.0016159207579016515,0.0037094658350296183,0.001772637128236879,0.00023870170794913144,1.0,12393.286100006662,38.109818534133204,51.0,1.5020381187406122
20260701,20.0,2,0,grid_fft_topk_plus_ls,-3.8757717685029567,0.22981153733580406,0.18518417106236004,0.24152900034150274,0.013933778958590699,1.0,13.427300000330433,0.0,,
20260701,20.0,2,0,deterministic_cartesian_local_refinement_plus_ls,-13.943024621025216,0.020702279239076565,0.05396471620901628,0.08295466462887335,0.004257005403851538,1.0,227.80280000006314,10.067252852522259,,
20260701,20.0,2,0,fixed_source_trained_scalar_interpolation_plus_ls,-13.937077948091881,0.08689037971192612,0.05012488843621389,0.0450912396676346,0.003501549432168385,1.0,214.127200000803,10.061306179588925,,
20260701,20.0,2,0,tensor_nomp3d_known_order_v1,-61.79771650139199,0.0002199603224482453,0.00022721933022894344,0.00011514318949358116,1.4750409130026142e-05,1.0,1150.9009000001242,57.92194473288903,6.0,0.03550076255302209
20260701,20.0,2,1,grid_fft_topk_plus_ls,-4.746141613338574,0.14772438677546343,0.1530913085800493,0.297157444458149,0.01338340301714235,1.0,9.925600010319613,0.0,,
20260701,20.0,2,1,deterministic_cartesian_local_refinement_plus_ls,-13.977911184784249,0.07267689719052883,0.05649946156287125,0.07964959463539456,0.004357435193949591,1.0,207.0982000004733,9.231769571445675,,
20260701,20.0,2,1,fixed_source_trained_scalar_interpolation_plus_ls,-11.995509643858677,0.0733926540061167,0.06799367450138065,0.08124211079975033,0.004983321279673021,1.0,203.6290999967605,7.2493680305201025,,
20260701,20.0,2,1,tensor_nomp3d_known_order_v1,-60.700307823583096,0.00022177696236484143,0.000194127368333294,0.00016786299094090633,1.3331478113027425e-05,1.0,1219.1589000140084,55.95416621024452,7.0,0.031193620970390468
20260701,20.0,2,2,grid_fft_topk_plus_ls,-3.528508915678093,0.23742569418861872,0.2858696452528322,0.15083725472830176,0.018571043875958447,1.0,13.266499998280779,0.0,,
20260701,20.0,2,2,deterministic_cartesian_local_refinement_plus_ls,-12.073387170407557,0.0740223709468406,0.06547895365732068,0.0822575341294534,0.004867254701765741,1.0,239.93340000743046,8.544878254729465,,
20260701,20.0,2,2,fixed_source_trained_scalar_interpolation_plus_ls,-9.043083633555947,0.10984539964131637,0.14275320162212313,0.029220200774326962,0.009009643930562578,1.0,239.0711000043666,5.514574717877854,,
20260701,20.0,2,2,tensor_nomp3d_known_order_v1,-63.106595060709424,9.76491273125299e-05,0.00020211887875517466,0.0003428653352121317,1.658196857515186e-05,1.0,1222.6399999926798,59.57808614503133,6.0,0.0020725655831368333
20260701,20.0,2,3,grid_fft_topk_plus_ls,-5.2936716095597145,0.06606895133097568,0.2319111292324339,0.22180022478155925,0.01607475354308495,1.0,11.690900006215088,0.0,,
20260701,20.0,2,3,deterministic_cartesian_local_refinement_plus_ls,-12.931890945399054,0.06606895133097568,0.08557328016613766,0.07072275017099765,0.005809951697012892,1.0,216.42989999963902,7.63821933583934,,
20260701,20.0,2,3,fixed_source_trained_scalar_interpolation_plus_ls,-10.124556647090337,0.06606895133097568,0.13468814580782143,0.0958643786035199,0.008950077727232006,1.0,206.91190000798088,4.8308850375306225,,
20260701,20.0,2,3,tensor_nomp3d_known_order_v1,-59.46060311285622,0.0004108694181224915,6.282742732761351e-05,0.0001983667446564945,8.009355053002057e-06,1.0,1244.2309000034584,54.1669315032965,7.0,0.024518156050890454
20260701,20.0,2,4,grid_fft_topk_plus_ls,-5.691899693386084,0.2516132307426441,0.18522569699779312,0.2482430382510933,0.014073456407892392,1.0,13.565000001108274,0.0,,
20260701,20.0,2,4,deterministic_cartesian_local_refinement_plus_ls,-11.883295905494698,0.09450054418769062,0.05769327382485605,0.09000399803536523,0.00463227068860665,1.0,242.12870000337716,6.191396212108614,,
20260701,20.0,2,4,fixed_source_trained_scalar_interpolation_plus_ls,-11.161296902816733,0.12948265206174198,0.09275537829225704,0.12501988985774906,0.007063611188349567,1.0,236.61409999476746,5.4693972094306496,,
20260701,20.0,2,4,tensor_nomp3d_known_order_v1,-59.11731394675688,0.0002886288747880911,0.0002188676432504558,0.00028923046600867725,1.654990994728975e-05,1.0,1163.321400003042,53.425414253370796,7.0,0.031236701092353568
20260701,20.0,2,5,grid_fft_topk_plus_ls,-3.8394569586052207,0.22340402691783795,0.1713699627319596,0.24572343251600282,0.013293927653195356,1.0,13.962800003355369,0.0,,
20260701,20.0,2,5,deterministic_cartesian_local_refinement_plus_ls,-13.40789039316385,0.0920519827903314,0.04339338187381022,0.061667219977219745,0.0034038676233579925,1.0,223.64580001158174,9.56843343455863,,
20260701,20.0,2,5,fixed_source_trained_scalar_interpolation_plus_ls,-8.784538426631535,0.1322596397632763,0.07685316898188481,0.11146935240675984,0.0060227711714461625,1.0,249.5171000045957,4.945081468026315,,
20260701,20.0,2,5,tensor_nomp3d_known_order_v1,-63.572220411210616,0.00011660550129605919,0.0003567110919145932,0.00011582665682122015,2.2604722212449752e-05,1.0,1196.8499000067823,59.7327634526054,7.0,0.012916051544236183
20260701,20.0,2,6,grid_fft_topk_plus_ls,-3.322127411204417,0.29217378841048125,0.10993802143024015,0.29323329477660837,0.011678747748738911,1.0,10.82460000179708,0.0,,
20260701,20.0,2,6,deterministic_cartesian_local_refinement_plus_ls,-13.757042995240168,0.06783431245696894,0.04933578735515263,0.07416930326567546,0.0038936996603868694,1.0,199.29669999692123,10.434915584035751,,
20260701,20.0,2,6,fixed_source_trained_scalar_interpolation_plus_ls,-8.557946514581099,0.14793549055510807,0.008487362399264812,0.15061364987228915,0.004875442652699879,1.0,210.33670000906568,5.2358191033766825,,
20260701,20.0,2,6,tensor_nomp3d_known_order_v1,-61.06430717937787,0.0001245788172263781,0.0002857837773898552,0.00020925282711186275,1.9045745914481116e-05,1.0,1217.7541999990353,57.74217976817345,6.0,0.01458787029532766
20260701,20.0,2,7,grid_fft_topk_plus_ls,-5.317207599158989,0.15453556700432394,0.18955162596523029,0.21878258054290717,0.013731438848734723,1.0,12.16910000948701,0.0,,
20260701,20.0,2,7,deterministic_cartesian_local_refinement_plus_ls,-17.51216382332251,0.021933366558652093,0.04780866420106093,0.05320961927450325,0.003423837067284967,1.0,203.18799999949988,12.194956224163521,,
20260701,20.0,2,7,fixed_source_trained_scalar_interpolation_plus_ls,-13.701253309914609,0.05515354514069836,0.05192664976189754,0.085560813877678,0.0042269919825389055,1.0,202.70589999563526,8.38404571075562,,
20260701,20.0,2,7,tensor_nomp3d_known_order_v1,-59.49275115975263,0.00014603917751597887,0.0004035405456236115,0.00034296213675049687,2.7427743855213083e-05,1.0,1124.9311999999918,54.17554356059364,6.0,0.020961544187442123
20260701,20.0,2,8,grid_fft_topk_plus_ls,-4.692221569178559,0.21067927614589144,0.15151157171800164,0.2702443671377603,0.012794543562988672,1.0,10.172800000873394,0.0,,
20260701,20.0,2,8,deterministic_cartesian_local_refinement_plus_ls,-14.618186947177271,0.051676523476945686,0.075138354993909,0.04686526722689616,0.0049357539218223565,1.0,180.67770000197925,9.925965377998711,,
20260701,20.0,2,8,fixed_source_trained_scalar_interpolation_plus_ls,-11.045312483122178,0.10857988889359842,0.014406088247105514,0.12619277204796245,0.004132994944991337,1.0,180.50360000052024,6.3530909139436185,,
20260701,20.0,2,8,tensor_nomp3d_known_order_v1,-61.465814671042466,0.0001108332638651707,0.00015823622005940578,0.00018069062961589483,1.1421080245923302e-05,1.0,1182.863100009854,56.77359310186391,6.0,0.0034748101293066986
20260701,20.0,2,9,grid_fft_topk_plus_ls,-5.021229722519359,31.73341049787811,0.7835180303350785,8.542142262739773,0.36758539653607725,0.0,12.986600006115623,0.0,,
20260701,20.0,2,9,deterministic_cartesian_local_refinement_plus_ls,-8.870725650948431,31.892310345275643,0.7835180303350785,8.689574813288392,0.37177556266221984,0.5,196.15760000306182,3.8494959284290724,,
20260701,20.0,2,9,fixed_source_trained_scalar_interpolation_plus_ls,-8.789186753395828,31.835319807784977,0.7835180303350785,8.635387069057975,0.370241272226706,0.5,202.20829999016132,3.7679570308764694,,
20260701,20.0,2,9,tensor_nomp3d_known_order_v1,-60.7542090220869,0.0001944592627007935,0.0005207751939741167,0.0006481001691967512,3.8365334188987867e-05,1.0,1175.3425000060815,55.73297929956754,7.0,0.0014664876773797012
20260701,20.0,2,10,grid_fft_topk_plus_ls,-4.741123320658718,0.2374133836030505,0.15248814011912876,0.11352132175213682,0.01033711275300279,1.0,12.862300005508587,0.0,,
20260701,20.0,2,10,deterministic_cartesian_local_refinement_plus_ls,-14.48137793539104,0.0717153465152329,0.06739203795560426,0.04639118119609279,0.004489607356299644,1.0,239.52149999968242,9.740254614732322,,
20260701,20.0,2,10,fixed_source_trained_scalar_interpolation_plus_ls,-11.456707823466417,0.10884894187810676,0.07364379657975524,0.01333473071167256,0.004699147601926406,1.0,199.03119999798946,6.715584502807698,,
20260701,20.0,2,10,tensor_nomp3d_known_order_v1,-64.15488900471104,0.00027698165733885797,0.00012370154977836567,0.00019450975144252237,1.0069934388891427e-05,1.0,1129.3833000090672,59.41376568405232,7.0,0.0027335911289998187
20260701,20.0,2,11,grid_fft_topk_plus_ls,-5.368054095864494,0.2712542002521878,0.1468956165262979,0.08460643718567223,0.009786301381545561,1.0,11.628699998254888,0.0,,
20260701,20.0,2,11,deterministic_cartesian_local_refinement_plus_ls,-13.210733531199603,0.04967887131501465,0.08504447822745474,0.08460643718567223,0.005949227867451899,1.0,206.51659999566618,7.842679435335109,,
20260701,20.0,2,11,fixed_source_trained_scalar_interpolation_plus_ls,-11.356215079494438,0.12765105364652812,0.027072037777630304,0.08460643718567223,0.003293615776373533,1.0,191.57389999600127,5.988160983629944,,
20260701,20.0,2,11,tensor_nomp3d_known_order_v1,-62.810940459972386,0.00027431160990476174,0.00014578534507328153,5.9690365498666475e-05,9.544270603941973e-06,1.0,1073.590600004536,57.44288636410789,7.0,0.03199723845041241
20260701,20.0,2,12,grid_fft_topk_plus_ls,-6.759416299823871,0.146261513846022,0.16569682773159067,0.2319120743643605,0.012691578470833012,1.0,9.091600004467182,0.0,,
20260701,20.0,2,12,deterministic_cartesian_local_refinement_plus_ls,-16.949498188998298,0.01558438256675234,0.0676198281448335,0.07717981687453582,0.00486754922686564,1.0,194.80270000349265,10.190081889174426,,
20260701,20.0,2,12,fixed_source_trained_scalar_interpolation_plus_ls,-12.960342850408601,0.044696912744865085,0.0833552229276011,0.13139311849103655,0.006642473104568768,1.0,180.47300000034738,6.20092655058473,,
20260701,20.0,2,12,tensor_nomp3d_known_order_v1,-61.85204763885416,0.00029900154157585596,0.00015559889699965238,0.00016503300083762018,1.1252932711147398e-05,1.0,1169.3502999987686,55.09263133903029,6.0,0.018222351093831433
20260701,20.0,2,13,grid_fft_topk_plus_ls,-7.627136410769104,0.23017581115150149,0.09130730251147617,0.09854809548881968,0.006729361358376948,1.0,11.885800005984493,0.0,,
20260701,20.0,2,13,deterministic_cartesian_local_refinement_plus_ls,-12.67964599982541,0.06675169935024244,0.07019274660171282,0.08838684615925098,0.005210304554075788,1.0,202.2179000050528,5.0525095890563065,,
20260701,20.0,2,13,fixed_source_trained_scalar_interpolation_plus_ls,-15.734969960534048,0.1009706896981781,0.018159701712941505,0.05171173791235548,0.002126469026752871,1.0,204.7622000100091,8.107833549764944,,
20260701,20.0,2,13,tensor_nomp3d_known_order_v1,-62.37453668907278,0.0001151617756056773,0.0001735487171199259,0.00011667950137613488,1.1478564625280918e-05,1.0,1052.277700000559,54.74740027830367,7.0,0.03126436328376984
20260701,20.0,2,14,grid_fft_topk_plus_ls,-4.9245562350136955,0.2672696796149346,0.20322524031736758,0.07153587472354965,0.013064740469612944,1.0,13.338199991267174,0.0,,
20260701,20.0,2,14,deterministic_cartesian_local_refinement_plus_ls,-13.951655317006646,0.04426643639326441,0.04231942858443598,0.07153587472354965,0.003480356055590095,1.0,220.81709999474697,9.02709908199295,,
20260701,20.0,2,14,fixed_source_trained_scalar_interpolation_plus_ls,-10.814305779927597,0.12328843540501878,0.06558911926159217,0.07153587472354965,0.00476755739802924,1.0,198.15029999881517,5.889749544913902,,
20260701,20.0,2,14,tensor_nomp3d_known_order_v1,-62.56853572009399,0.0001218541431304186,0.000190713756888232,0.0003844009250018404,1.694946090646739e-05,1.0,1106.3549000100465,57.643979485080294,6.0,0.01544025178205853
20260701,20.0,2,15,grid_fft_topk_plus_ls,-3.773321254459603,0.25449250243466,0.24545135957429565,0.16764205417250314,0.016332041698509967,1.0,12.502800003858283,0.0,,
20260701,20.0,2,15,deterministic_cartesian_local_refinement_plus_ls,-11.682861903529261,0.10063481737289312,0.10736891188522155,0.014752021390371073,0.006772165249389347,1.0,200.98350000625942,7.909540649069658,,
20260701,20.0,2,15,fixed_source_trained_scalar_interpolation_plus_ls,-9.025863692462151,0.08012078640612262,0.1521671680685199,0.06621809473565608,0.009753076087183551,1.0,200.28079999610782,5.252542438002548,,
20260701,20.0,2,15,tensor_nomp3d_known_order_v1,-63.96959957050981,7.257846981727332e-05,0.00018687589089824464,6.073478023543446e-05,1.184652569176652e-05,1.0,1255.3260999993654,60.196278316050204,7.0,0.020838795616591466
20260701,20.0,2,16,grid_fft_topk_plus_ls,-5.373992548309454,34.444752053070864,2.280798218767481,0.9349299951478018,0.30592268087609703,0.5,8.401099999900907,0.0,,
20260701,20.0,2,16,deterministic_cartesian_local_refinement_plus_ls,-10.74171490229068,34.28533590814053,2.591743539956608,0.9349299951478018,0.3143855591997369,0.5,201.7150000028778,5.367722353981225,,
20260701,20.0,2,16,fixed_source_trained_scalar_interpolation_plus_ls,-9.919545568164821,34.34233533970621,2.4790154325491724,0.9349299951478018,0.31119793418319747,0.5,193.78710001183208,4.545553019855367,,
20260701,20.0,2,16,tensor_nomp3d_known_order_v1,-65.62327986743823,0.00026729510420863675,0.00020614656261371155,0.00025964241391545983,1.536868586237099e-05,1.0,1141.0160999948857,60.249287319128776,5.0,0.005526569906086158
20260701,20.0,2,17,grid_fft_topk_plus_ls,-4.2664151560307415,0.1154921841682154,0.20669936922850332,0.2964436979484079,0.01592251243200585,1.0,14.38629999756813,0.0,,
20260701,20.0,2,17,deterministic_cartesian_local_refinement_plus_ls,-15.976003361901277,0.05692054078924119,0.018449106687287994,0.07746454361054766,0.0027179830841386732,1.0,217.6917000033427,11.709588205870535,,
20260701,20.0,2,17,fixed_source_trained_scalar_interpolation_plus_ls,-11.376070788526164,0.03221366547044332,0.0622955879816528,0.153893150782908,0.006192778722169729,1.0,204.27529999869876,7.109655632495422,,
20260701,20.0,2,17,tensor_nomp3d_known_order_v1,-62.23108633851076,0.00016530286836393565,0.00023169205031209352,8.073621142705519e-05,1.4755526488508999e-05,1.0,1175.9826000052271,57.96467118248002,6.0,0.0022782785163917704
20260701,20.0,2,18,grid_fft_topk_plus_ls,-7.517093486316329,35.502286813283206,3.4067903182424355,6.513346187044908,0.40459317518371124,0.5,11.351399996783584,0.0,,
20260701,20.0,2,18,deterministic_cartesian_local_refinement_plus_ls,-11.869167039668929,35.819932772139836,3.4067903182424355,6.513346187044908,0.4062984149392429,0.5,209.50989999982994,4.3520735533526,,
20260701,20.0,2,18,fixed_source_trained_scalar_interpolation_plus_ls,-11.379720548007569,35.70610736180604,3.4067903182424355,6.513346187044908,0.4056864373198454,0.5,224.12459999031853,3.8626270616912404,,
20260701,20.0,2,18,tensor_nomp3d_known_order_v1,-60.96786714577832,0.0007583440000066059,0.0001289738153020566,0.00040469334473407334,1.612501619436426e-05,1.0,1278.7414999911562,53.450773659461994,6.0,0.012896897398675822
20260701,20.0,2,19,grid_fft_topk_plus_ls,-4.8182858805336695,0.2336427843165328,0.08608937186604042,0.23564367907802702,0.00930102442584423,1.0,11.248599999817088,0.0,,
20260701,20.0,2,19,deterministic_cartesian_local_refinement_plus_ls,-13.296821753619685,0.09655264933826804,0.07397458785560869,0.022475802246751834,0.004736903322537219,1.0,209.2311000014888,8.478535873086017,,
20260701,20.0,2,19,fixed_source_trained_scalar_interpolation_plus_ls,-10.374585248054569,0.1404036099441714,0.01866295785782321,0.09258045161858121,0.0033066631005580936,1.0,205.00680000986904,5.556299367520899,,
20260701,20.0,2,19,tensor_nomp3d_known_order_v1,-62.90540327590239,0.0001546456687355545,8.007627067736373e-05,0.00017505543900403134,7.512226258917813e-06,1.0,1269.1100999945775,58.087117395368715,6.0,0.004653827983971407
20260701,20.0,4,0,grid_fft_topk_plus_ls,-3.0948410124086365,3.4758658349587197,1.489870060169778,5.060776815054337,0.18552453053081416,0.5,26.12960000988096,0.0,,
20260701,20.0,4,0,deterministic_cartesian_local_refinement_plus_ls,-13.121799910070845,3.3563973860318783,1.6687965354395884,5.2831830548993475,0.19703772642921194,0.75,478.8315000041621,10.026958897662208,,
20260701,20.0,4,0,fixed_source_trained_scalar_interpolation_plus_ls,-10.047139826725308,3.39794737310436,1.5979406662059574,5.2023998312043505,0.19263856972673082,0.75,453.4838999970816,6.952298814316672,,
20260701,20.0,4,0,tensor_nomp3d_known_order_v1,-57.54409245960641,0.0011957738031200364,0.001114175937054947,0.0005396755864681568,7.225557531637186e-05,1.0,3406.4489000011235,54.449251447197774,16.0,0.03022279605989569
20260701,20.0,4,1,grid_fft_topk_plus_ls,-8.374805047003996,2.35410713365948,2.996729827591459,6.382763707649896,0.2742311606180104,0.5,15.03680000314489,0.0,,
20260701,20.0,4,1,deterministic_cartesian_local_refinement_plus_ls,-10.450574123591231,2.3522167523930904,3.2774277513203596,6.381133375343493,0.28646348743148414,0.5,428.8922999985516,2.0757690765872354,,
20260701,20.0,4,1,fixed_source_trained_scalar_interpolation_plus_ls,-10.302123481113203,2.3522755472591306,3.1751866541085216,6.381489280718441,0.2819374785407874,0.5,418.20269999152515,1.927318434109207,,
20260701,20.0,4,1,tensor_nomp3d_known_order_v1,-60.250205193805954,0.00046202421465426973,0.00068449641003443,0.0007808394185184244,4.9382843397447336e-05,1.0,3460.8562999928836,51.87540014680196,17.0,0.03493947551468382
20260701,20.0,4,2,grid_fft_topk_plus_ls,-5.3581021677974086,27.873359505355808,0.638641323855966,5.415124374979107,0.2786560652944858,0.5,25.31040000030771,0.0,,
20260701,20.0,4,2,deterministic_cartesian_local_refinement_plus_ls,-14.069958566594334,27.983554560882567,0.6247683763010805,5.525948228710205,0.28131926888111647,0.75,452.7974999946309,8.711856398796925,,
20260701,20.0,4,2,fixed_source_trained_scalar_interpolation_plus_ls,-11.662269049312663,27.94378143540397,0.6274571910027436,5.485726245353878,0.2803308506778689,0.75,386.4255999942543,6.304166881515254,,
20260701,20.0,4,2,tensor_nomp3d_known_order_v1,-58.2881951402331,0.0015690602635791767,0.0005540079757364973,0.00046731062199663516,3.952785864987215e-05,1.0,3372.1457999927225,52.93009297243569,15.0,0.045034343723180735
20260701,20.0,4,3,grid_fft_topk_plus_ls,-6.729899666101834,0.21144766167258738,0.1255628877462564,0.20111408115139945,0.010188909548564605,1.0,19.546499999705702,0.0,,
20260701,20.0,4,3,deterministic_cartesian_local_refinement_plus_ls,-13.4981943919336,0.07219544988990034,0.09335309881518025,0.06205023425073742,0.006174164705073864,1.0,475.0398999894969,6.768294725831766,,
20260701,20.0,4,3,fixed_source_trained_scalar_interpolation_plus_ls,-11.539772405881392,0.11634997899003027,0.09127190394213379,0.10552948165752751,0.006651538506128993,1.0,421.8786999990698,4.809872739779558,,
20260701,20.0,4,3,tensor_nomp3d_known_order_v1,-58.33103399228699,0.0003864799270925274,0.0003698302168737509,0.0002687028255627179,2.4777017028820404e-05,1.0,3697.8823999961605,51.601134326185154,19.0,0.041389282029481354
20260701,20.0,4,4,grid_fft_topk_plus_ls,-7.515170183790834,8.753541235502501,2.834298779545614,4.7198995397487,0.2404412452032316,0.25,25.608100011595525,0.0,,
20260701,20.0,4,4,deterministic_cartesian_local_refinement_plus_ls,-12.416465262568458,8.803798161508825,2.834298779545614,4.811947026310757,0.24232760332702769,0.5,443.30949999857694,4.901295078777625,,
20260701,20.0,4,4,fixed_source_trained_scalar_interpolation_plus_ls,-11.22580210117929,8.785669618530667,2.834298779545614,4.777363892102766,0.2416181886404866,0.5,411.5336000104435,3.710631917388457,,
20260701,20.0,4,4,tensor_nomp3d_known_order_v1,-58.887122753681815,0.0010348938172286175,0.00037562232540314084,0.00015577184233090777,2.5302297674600717e-05,1.0,3635.64029999543,51.37195256989098,16.0,0.035686629290791916
20260701,20.0,4,5,grid_fft_topk_plus_ls,-5.6878053506923285,8.624840409269483,2.5074765290949297,2.4321164279738623,0.1867542108074151,0.75,16.98210000176914,0.0,,
20260701,20.0,4,5,deterministic_cartesian_local_refinement_plus_ls,-11.844437977662352,8.510737385375073,2.3920934367268205,2.648327588605166,0.18336354912262523,0.75,405.7269000040833,6.156632626970024,,
20260701,20.0,4,5,fixed_source_trained_scalar_interpolation_plus_ls,-10.828091063073037,8.551090031538697,2.4328430779370795,2.569601353316331,0.18447514276652183,0.75,423.77619999751914,5.140285712380709,,
20260701,20.0,4,5,tensor_nomp3d_known_order_v1,-61.81811283902306,0.0003375264038411919,0.0002031947134283784,0.00040979280827333067,1.8227157326720384e-05,1.0,3711.081400004332,56.13030748833073,15.0,0.02124673275938171
20260701,20.0,4,6,grid_fft_topk_plus_ls,-5.4322194798088965,16.66118140398498,1.089705759751153,3.1585559498262463,0.17698648104642442,0.5,21.205199998803437,0.0,,
20260701,20.0,4,6,deterministic_cartesian_local_refinement_plus_ls,-10.754246029393606,16.882879761893598,1.087966605486696,3.042677777093492,0.1762429359448328,0.75,442.65769999765325,5.322026549584709,,
20260701,20.0,4,6,fixed_source_trained_scalar_interpolation_plus_ls,-10.635196679609678,16.80305100320222,1.0872526590953413,3.083256846299325,0.17644867417127688,0.75,462.351199996192,5.202977199800781,,
20260701,20.0,4,6,tensor_nomp3d_known_order_v1,-58.122628487407894,0.0004742702856980546,0.0005528188616186799,0.0005374606338060422,3.8595419712491676e-05,1.0,3876.9133999885526,52.690409007599,17.0,0.027729012073105797
20260701,20.0,4,7,grid_fft_topk_plus_ls,-5.958368686423137,0.18996647066540742,0.162939057102488,0.22040041255833362,0.01238337551646872,1.0,15.530500008026138,0.0,,
20260701,20.0,4,7,deterministic_cartesian_local_refinement_plus_ls,-13.543521329774126,0.06113533762844512,0.07472612826319192,0.05241608105471149,0.004972288257509585,1.0,453.9678000001004,7.585152643350989,,
20260701,20.0,4,7,fixed_source_trained_scalar_interpolation_plus_ls,-12.170919587149449,0.0974835034762361,0.03813919070536269,0.1021294484069432,0.004055613790289694,1.0,442.2933000023477,6.2125509007263116,,
20260701,20.0,4,7,tensor_nomp3d_known_order_v1,-58.441498279841575,0.0002482633383095176,0.0003394920055619835,0.00020708175874077072,2.2267775334474468e-05,1.0,3708.046600004309,52.48312959341844,16.0,0.02148827516851159
20260701,20.0,4,8,grid_fft_topk_plus_ls,-5.095104775902365,11.89806346309248,2.3848060954973516,7.94108440527202,0.30403819696663514,0.5,21.910299998125993,0.0,,
20260701,20.0,4,8,deterministic_cartesian_local_refinement_plus_ls,-10.90787951547423,12.118899881230028,2.491222746102971,7.940123050125421,0.3078554071136362,0.75,457.1886000048835,5.812774739571865,,
20260701,20.0,4,8,fixed_source_trained_scalar_interpolation_plus_ls,-10.75055899918797,12.039200874699185,2.4512750907446232,7.940100927283582,0.3064079604965717,0.75,407.2611999872606,5.655454223285605,,
20260701,20.0,4,8,tensor_nomp3d_known_order_v1,-56.44986372484347,0.0006928525174221008,0.0007567486188516179,0.0008424447638604635,5.440004682536519e-05,1.0,3584.424599990598,51.354758948941104,18.0,0.01700102525522626
20260701,20.0,4,9,grid_fft_topk_plus_ls,-7.078594527835087,0.1166250577598239,0.1780272428615744,0.15690212251095093,0.012193234252295718,1.0,32.57809999922756,0.0,,
20260701,20.0,4,9,deterministic_cartesian_local_refinement_plus_ls,-15.172374729933875,0.043124977710669046,0.047239077326839074,0.06791414958924068,0.0036516649472956584,1.0,452.83029999700375,8.093780202098788,,
20260701,20.0,4,9,fixed_source_trained_scalar_interpolation_plus_ls,-13.758019507487358,0.015681633371764276,0.08344492194806316,0.07718657429523199,0.005747397241146744,1.0,481.0607999970671,6.679424979652271,,
20260701,20.0,4,9,tensor_nomp3d_known_order_v1,-58.456404571797435,0.00048713883511466874,0.00036162436218222703,0.0002370200699147699,2.40868129225746e-05,1.0,3544.2043999937596,51.37781004396235,16.0,0.03864497305605556
20260701,20.0,4,10,grid_fft_topk_plus_ls,-5.927911384801254,0.22385563793290503,0.12471759509776799,0.1954997031354433,0.010056966995812393,1.0,20.858399991993792,0.0,,
20260701,20.0,4,10,deterministic_cartesian_local_refinement_plus_ls,-12.503513364427468,0.06155621988106585,0.05646548461379322,0.07904999879494755,0.0043345371199224395,1.0,455.585699994117,6.575601979626214,,
20260701,20.0,4,10,fixed_source_trained_scalar_interpolation_plus_ls,-10.584028929237947,0.1079295212941552,0.06860953618803624,0.09470861777352285,0.005278091229192322,1.0,457.1938000008231,4.656117544436693,,
20260701,20.0,4,10,tensor_nomp3d_known_order_v1,-57.44672950617569,0.0003559954200502592,0.00025326339253219706,0.00033716489564098487,1.9217361409028287e-05,1.0,3554.283499994199,51.51881812137444,20.0,0.018889228296209246
20260701,20.0,4,11,grid_fft_topk_plus_ls,-5.380063044750339,0.2712681892429832,0.2065609809061994,0.08949519606303952,0.013378442071547526,1.0,20.66600001126062,0.0,,
20260701,20.0,4,11,deterministic_cartesian_local_refinement_plus_ls,-14.648048488619548,0.057567500553762876,0.058450761778763585,0.07099092244754464,0.0042976196343451145,1.0,497.8542000026209,9.267985443869208,,
20260701,20.0,4,11,fixed_source_trained_scalar_interpolation_plus_ls,-11.771864900190199,0.12977129991639053,0.09350954674435026,0.05651499025798957,0.006188969391957772,1.0,419.6788999979617,6.3918018554398595,,
20260701,20.0,4,11,tensor_nomp3d_known_order_v1,-59.068537546443764,0.00028032546657041636,0.00036946858228266606,0.0002679651923623388,2.4660683129749492e-05,1.0,3581.7019999958575,53.68847450169343,16.0,0.03475212497827117
20260701,20.0,4,12,grid_fft_topk_plus_ls,-5.799136765530272,30.10414682305574,0.9899972414033575,2.1964888652228733,0.25269286025630183,0.5,15.299499995307997,0.0,,
20260701,20.0,4,12,deterministic_cartesian_local_refinement_plus_ls,-16.54295713461879,30.103826328284676,0.8719090794713937,2.2808781871766937,0.2517193407647812,0.75,436.22239999240264,10.743820369088517,,
20260701,20.0,4,12,fixed_source_trained_scalar_interpolation_plus_ls,-13.639467093584566,30.10384445455153,0.9127639146816022,2.2464958108931996,0.251983122667971,0.75,449.76829999359325,7.840330328054294,,
20260701,20.0,4,12,tensor_nomp3d_known_order_v1,-59.633166503431354,0.001371126018084419,0.0017321199342156042,0.001182176111637658,0.00011488784181144054,1.0,3614.5312000007834,53.83402973790108,16.0,0.03742635438661554
20260701,20.0,4,13,grid_fft_topk_plus_ls,-3.9010143024299926,2.986740710190734,1.1586054621434563,5.43774642364088,0.18618311348743266,0.75,18.990899989148602,0.0,,
20260701,20.0,4,13,deterministic_cartesian_local_refinement_plus_ls,-11.850030799466706,3.206184565808953,1.0324029145063005,5.320891766769245,0.1801089853493934,0.75,406.0557000047993,7.949016497036714,,
20260701,20.0,4,13,fixed_source_trained_scalar_interpolation_plus_ls,-8.922247071957507,3.1265849512519996,1.0752401818980026,5.361942767242495,0.1821796387544521,0.75,451.3044000050286,5.021232769527515,,
20260701,20.0,4,13,tensor_nomp3d_known_order_v1,-58.30141403605892,0.00013467015269921006,0.0005149333504954597,0.00031685165403160746,3.368851308192645e-05,1.0,3606.9759000092745,54.40039973362893,17.0,0.059215068113144254
20260701,20.0,4,14,grid_fft_topk_plus_ls,-5.381940952876864,14.484374582470226,0.7496081953970105,7.6051077554558075,0.2673612975481168,0.5,22.92920000036247,0.0,,
20260701,20.0,4,14,deterministic_cartesian_local_refinement_plus_ls,-11.55514770331395,14.371217778970935,0.7477563730791922,7.491883438564584,0.2638231526388175,0.75,435.3577000001678,6.173206750437085,,
20260701,20.0,4,14,fixed_source_trained_scalar_interpolation_plus_ls,-11.746648165993589,14.41143540631169,0.7346893502778785,7.532043119985928,0.26492801799381743,0.75,464.0037999924971,6.364707213116725,,
20260701,20.0,4,14,tensor_nomp3d_known_order_v1,-61.89502550538248,0.0002125126666096128,0.000268328962926738,0.0002171406396618056,1.8167363983993195e-05,1.0,3461.4356999954907,56.51308455250562,17.0,0.05426958817341982
20260701,20.0,4,15,grid_fft_topk_plus_ls,-6.270512075065629,0.23399390078085494,0.16179354808786223,0.13546952401632661,0.011113875773808046,1.0,22.357299996656366,0.0,,
20260701,20.0,4,15,deterministic_cartesian_local_refinement_plus_ls,-13.546259627153042,0.08564261005050512,0.06527957661996443,0.05519799507573509,0.004479873306240409,1.0,421.82890001276974,7.275747552087412,,
20260701,20.0,4,15,fixed_source_trained_scalar_interpolation_plus_ls,-12.562918059779651,0.08282140163156047,0.09591593278932907,0.05204805486756068,0.006245089962134635,1.0,428.76669998804573,6.292405984714022,,
20260701,20.0,4,15,tensor_nomp3d_known_order_v1,-59.78853181126305,0.00019821230149714026,0.00011605824426460482,0.00020910088673441353,9.884921457749539e-06,1.0,3352.982200012775,53.51801973619742,19.0,0.02351414628732961
20260701,20.0,4,16,grid_fft_topk_plus_ls,-5.7929556039545265,5.374571535944606,2.682023820377931,5.598350849040724,0.24590377691470722,0.5,21.725300000980496,0.0,,
20260701,20.0,4,16,deterministic_cartesian_local_refinement_plus_ls,-10.85098668647386,5.486687293810077,2.7728901437050166,5.484060332893074,0.24747174776070271,0.75,394.9078000005102,5.058031082519333,,
20260701,20.0,4,16,fixed_source_trained_scalar_interpolation_plus_ls,-11.295037633937042,5.44600485784124,2.737512709578091,5.52446740971369,0.24675497291557533,0.75,463.09889999974985,5.502082029982516,,
20260701,20.0,4,16,tensor_nomp3d_known_order_v1,-58.760289255105846,0.0003628319947691812,0.0002433509709440702,0.00033878471986383235,1.8746921822267743e-05,1.0,3628.8830999983475,52.96733365115132,15.0,0.03874661727952353
20260701,20.0,4,17,grid_fft_topk_plus_ls,-5.603869035423166,5.364083326385839,0.6823972498729732,1.8736738608995016,0.08368732866353408,0.5,18.527699998230673,0.0,,
20260701,20.0,4,17,deterministic_cartesian_local_refinement_plus_ls,-12.203301889861569,5.250478595483992,0.6649912393719324,1.9515216544190397,0.08443435703829939,0.75,469.5501999958651,6.599432854438403,,
20260701,20.0,4,17,fixed_source_trained_scalar_interpolation_plus_ls,-11.303530437474192,5.290888739740728,0.6669280207063903,1.9187085322254809,0.08391197227559143,0.75,478.507100007846,5.699661402051026,,
20260701,20.0,4,17,tensor_nomp3d_known_order_v1,-58.462974898793604,0.0005224425226140198,0.0002288961418283309,0.00022683775513706087,1.6479398803734566e-05,1.0,3470.516299988958,52.85910586337044,19.0,0.009693868184300097
20260701,20.0,4,18,grid_fft_topk_plus_ls,-7.148001005786957,0.12664665101674766,0.15202180068734739,0.19647297606812164,0.011355692867384106,1.0,22.136600004159845,0.0,,
20260701,20.0,4,18,deterministic_cartesian_local_refinement_plus_ls,-13.943816002189083,0.06386438452533075,0.06105172417555287,0.062411139432855936,0.004314234099970598,1.0,470.26699999696575,6.795814996402125,,
20260701,20.0,4,18,fixed_source_trained_scalar_interpolation_plus_ls,-13.988105774784152,0.05043070218512932,0.06964048480458207,0.08715164512935357,0.0051494795727166625,1.0,464.5345000026282,6.840104768997195,,
20260701,20.0,4,18,tensor_nomp3d_known_order_v1,-58.1421088342558,0.000252569211021701,0.0004995261632710288,0.000161637209101813,3.16878557816038e-05,1.0,3834.917800006224,50.99410782846884,17.0,0.028370540437097833
20260701,20.0,4,19,grid_fft_topk_plus_ls,-4.958146652726286,0.20204552020910688,0.2332657501343105,0.25484724632675854,0.0166873290960937,1.0,25.368800008436665,0.0,,
20260701,20.0,4,19,deterministic_cartesian_local_refinement_plus_ls,-12.696018828093948,0.06140050825348999,0.06455043269241892,0.09974349277826616,0.005120751306302596,1.0,471.8270000012126,7.737872175367662,,
20260701,20.0,4,19,fixed_source_trained_scalar_interpolation_plus_ls,-11.103701973396964,0.09116083920157916,0.11589421837656923,0.11039788909517559,0.00805456046771071,1.0,436.5840999962529,6.145555320670678,,
20260701,20.0,4,19,tensor_nomp3d_known_order_v1,-59.47185148063831,0.0002813577995191124,0.00026489103284680764,0.00044664529187594146,2.1765545183246705e-05,1.0,3891.2796000076924,54.51370482791202,17.0,0.01919850649964222
20260701,20.0,8,0,grid_fft_topk_plus_ls,-5.998047895340526,0.16137273066256427,0.15831823487834962,0.1778176235894486,0.011418244277020189,1.0,47.85319999791682,0.0,,
20260701,20.0,8,0,deterministic_cartesian_local_refinement_plus_ls,-13.479392954287439,0.05225722335407882,0.07988214086279419,0.07273796196305005,0.005500897735049997,1.0,838.2418999972288,7.481345058946913,,
20260701,20.0,8,0,fixed_source_trained_scalar_interpolation_plus_ls,-12.33405271213044,0.07252235988112714,0.09331467468063268,0.08628778428997887,0.006450291754950171,1.0,871.209999997518,6.336004816789914,,
20260701,20.0,8,0,tensor_nomp3d_known_order_v1,-57.320465646993824,0.0004853397680481604,0.00024496274141983323,0.0007402957477811805,2.7999493247919255e-05,1.0,13123.222000009264,51.3224177516533,54.0,0.11274242142889833
20260701,20.0,8,1,grid_fft_topk_plus_ls,-6.920468370462325,14.813413033549887,1.4491456671044474,1.7181804886697838,0.1564594290400926,0.75,46.7555000068387,0.0,,
20260701,20.0,8,1,deterministic_cartesian_local_refinement_plus_ls,-12.601105474941196,14.81313616367176,1.4457319567563545,1.772875889807489,0.15692966294750277,0.875,939.7954000014579,5.680637104478871,,
20260701,20.0,8,1,fixed_source_trained_scalar_interpolation_plus_ls,-11.557876823204843,14.813088013752965,1.445949649467406,1.7497497444858674,0.15668355242508525,0.875,954.5079000090482,4.637408452742518,,
20260701,20.0,8,1,tensor_nomp3d_known_order_v1,-56.46231950739321,0.00021594779458669603,0.00041312232795721844,0.00030054119691123074,2.7526972445295943e-05,1.0,12832.36770000076,49.54185113693089,53.0,0.13075103770238905
20260701,20.0,8,2,grid_fft_topk_plus_ls,-5.300557709977581,22.805698695306713,2.171150744959954,3.5271659469073438,0.24961440019922612,0.375,52.487999986624345,0.0,,
20260701,20.0,8,2,deterministic_cartesian_local_refinement_plus_ls,-12.586888595579403,22.793316505991584,2.1669331725945895,3.4400227317655316,0.2482106053659554,0.625,955.9439999866299,7.286330885601822,,
20260701,20.0,8,2,fixed_source_trained_scalar_interpolation_plus_ls,-10.3096285444417,22.797463981352937,2.167437923758298,3.469592386671471,0.248652604778502,0.5,897.6682999928016,5.0090708344641195,,
20260701,20.0,8,2,tensor_nomp3d_known_order_v1,-55.54655990592089,0.0009094517384199875,0.0004627018037509601,0.0011994397812021907,4.787191497832029e-05,1.0,13398.554300001706,50.246002195943305,50.0,0.08505446822381998
20260701,20.0,8,3,grid_fft_topk_plus_ls,-4.475946801899319,18.256648982983425,2.025194590945902,5.532149310097871,0.2573943683511378,0.375,45.34280000370927,0.0,,
20260701,20.0,8,3,deterministic_cartesian_local_refinement_plus_ls,-11.508132728482865,18.3343515110965,1.8973489265859864,5.596860837855251,0.25528373627076023,0.5,853.1965000001946,7.032185926583546,,
20260701,20.0,8,3,fixed_source_trained_scalar_interpolation_plus_ls,-10.151625299631286,18.306049185819358,1.941848537362183,5.572470261160331,0.25594492621121234,0.5,878.9524000021629,5.675678497731967,,
20260701,20.0,8,3,tensor_nomp3d_known_order_v1,-54.284260310487284,0.0013285664225907551,0.0006049761152964905,0.0006920987832568326,4.477922374498971e-05,1.0,12740.625299993553,49.808313508587965,51.0,0.054659481741036325
20260701,20.0,8,4,grid_fft_topk_plus_ls,-5.603839027443146,12.904627388317234,1.9961313101386966,1.4274187622051484,0.16648882386100636,0.75,53.97919999086298,0.0,,
20260701,20.0,8,4,deterministic_cartesian_local_refinement_plus_ls,-13.247301815949763,14.407006987184474,1.9637643811786358,0.8688850557584039,0.16872991508022894,0.75,869.162699993467,7.643462788506617,,
20260701,20.0,8,4,fixed_source_trained_scalar_interpolation_plus_ls,-11.27082104147,14.344588176670367,1.9613871286628892,0.8526726023687122,0.16821576042055983,0.75,809.2575000046054,5.666982014026854,,
20260701,20.0,8,4,tensor_nomp3d_known_order_v1,-55.31034038197031,0.0008771727106475445,0.0003851809697525395,0.0006618510583644262,3.246984537169981e-05,1.0,12441.61449999956,49.70650135452717,49.0,0.13691836823868342
20260701,20.0,8,5,grid_fft_topk_plus_ls,-5.0712687592167445,4.7220888858232195,1.606171725734618,3.655862148857942,0.1564939071828421,0.75,42.38580001401715,0.0,,
20260701,20.0,8,5,deterministic_cartesian_local_refinement_plus_ls,-11.923313054043659,4.75373052227663,1.7762032303616615,3.754524415419743,0.16573822004464653,0.75,783.1386000034399,6.852044294826914,,
20260701,20.0,8,5,fixed_source_trained_scalar_interpolation_plus_ls,-10.893427569995373,4.740890708462931,1.7138627599149263,3.718518381487818,0.1623239250019301,0.75,789.2701999953715,5.822158810778628,,
20260701,20.0,8,5,tensor_nomp3d_known_order_v1,-53.78174379981294,0.00041927350084244186,0.000643337275370347,0.00032588376717150174,4.1607336260270764e-05,1.0,13465.831299996353,48.7104750405962,49.0,0.03888124676544115
20260701,20.0,8,6,grid_fft_topk_plus_ls,-5.8817239923081335,13.33069210880155,1.11114256373176,1.6689321878129495,0.1356069808792174,0.75,55.874400000902824,0.0,,
20260701,20.0,8,6,deterministic_cartesian_local_refinement_plus_ls,-13.045473417767674,13.249712156095004,1.11114256373176,1.731051320261619,0.1358827812817469,0.875,887.1706999925664,7.163749425459541,,
20260701,20.0,8,6,fixed_source_trained_scalar_interpolation_plus_ls,-11.440858893347537,13.278218533126198,1.11114256373176,1.7065119951125318,0.13574942931419778,0.875,872.7690000087023,5.559134901039403,,
20260701,20.0,8,6,tensor_nomp3d_known_order_v1,-55.12578891229613,0.0005542705248453773,0.000555448412541408,0.0005482853182000724,3.8954971182588336e-05,1.0,13401.086099998793,49.244064919988,57.0,0.04490860428415448
20260701,20.0,8,7,grid_fft_topk_plus_ls,-4.583653760628595,11.038396398257099,0.8015683443779448,4.835768098970867,0.18106156028669534,0.75,53.578000006382354,0.0,,
20260701,20.0,8,7,deterministic_cartesian_local_refinement_plus_ls,-11.28122380192277,11.116706213051938,0.8345923494114755,4.83160433050646,0.1818266695867467,0.875,873.5708000021987,6.697570041294176,,
20260701,20.0,8,7,fixed_source_trained_scalar_interpolation_plus_ls,-9.573402310759397,11.0883350246812,0.8149265001686937,4.832042226957638,0.1813833056038807,0.875,953.9728999952786,4.989748550130802,,
20260701,20.0,8,7,tensor_nomp3d_known_order_v1,-55.536128925697746,0.00017714755854473502,0.0006379293135707029,0.0005828811105095233,4.3856198718635576e-05,1.0,14140.712500011432,50.95247516506915,56.0,0.04083745325971426
20260701,20.0,8,8,grid_fft_topk_plus_ls,-6.171737697053335,6.138113057822214,1.5505189680565388,1.3056371915184293,0.11556544814173801,0.5,51.28030000196304,0.0,,
20260701,20.0,8,8,deterministic_cartesian_local_refinement_plus_ls,-12.677835225014494,6.042420039614936,1.6158629963505653,1.3013316322903594,0.1186654485383281,0.75,863.3540000009816,6.506097527961159,,
20260701,20.0,8,8,fixed_source_trained_scalar_interpolation_plus_ls,-11.928567845157378,6.07626058925715,1.5872838393777478,1.3006402171482436,0.11724833355711863,0.75,1004.2256000015186,5.756830148104043,,
20260701,20.0,8,8,tensor_nomp3d_known_order_v1,-55.70929286555823,0.0005034338599043392,0.000476346448799561,0.0003303389002476041,3.1755103849106266e-05,1.0,13796.85509999399,49.537555168504895,49.0,0.07634465714728904
20260701,20.0,8,9,grid_fft_topk_plus_ls,-5.877072175007916,0.22223605672586616,0.17299480150381055,0.25857495809736397,0.013609244703783606,1.0,45.84350000368431,0.0,,
20260701,20.0,8,9,deterministic_cartesian_local_refinement_plus_ls,-13.563052881477818,0.06755428468141496,0.040242433903305945,0.06902117440272804,0.0033551150749225214,1.0,855.5447999970056,7.685980706469902,,
20260701,20.0,8,9,fixed_source_trained_scalar_interpolation_plus_ls,-10.553394743419934,0.08673787839959712,0.07705584018627452,0.12968286878248667,0.006330595405506349,1.0,966.8558999983361,4.676322568412019,,
20260701,20.0,8,9,tensor_nomp3d_known_order_v1,-54.12556354919721,0.0007494254052665728,0.0006075209871724525,0.0004242926199968736,4.064246774924596e-05,1.0,13758.18750000326,48.24849137418929,49.0,0.11369486448823618
20260701,20.0,8,10,grid_fft_topk_plus_ls,-5.793953005725215,5.206251078853715,0.26659476408457977,3.646114281185833,0.12212516819621473,0.875,48.37020000559278,0.0,,
20260701,20.0,8,10,deterministic_cartesian_local_refinement_plus_ls,-11.363474739913926,5.204994333606943,0.27839090067435174,3.566029416634686,0.11989505359840866,0.875,901.9883000000846,5.569521734188711,,
20260701,20.0,8,10,fixed_source_trained_scalar_interpolation_plus_ls,-10.646587195185962,5.204885487398156,0.2433087803994442,3.594304306494446,0.12041998914573836,0.875,880.0253999943379,4.852634189460747,,
20260701,20.0,8,10,tensor_nomp3d_known_order_v1,-55.248173205503015,0.0004998849644533021,0.0006214829527903422,0.0004287945238453534,4.127422107576723e-05,1.0,13321.613000007346,49.4542201997778,50.0,0.04549580868479365
20260701,20.0,8,11,grid_fft_topk_plus_ls,-5.883196738895825,20.81632649943425,3.471118655212104,3.200325515493861,0.2889893620946362,0.5,55.67709999741055,0.0,,
20260701,20.0,8,11,deterministic_cartesian_local_refinement_plus_ls,-13.201238634065797,20.926478395249283,3.395134360225353,3.1298509729600372,0.285169837065939,0.625,898.6067999940133,7.318041895169972,,
20260701,20.0,8,11,fixed_source_trained_scalar_interpolation_plus_ls,-14.266765379639892,20.886614433982118,3.421261499458266,3.1529616042272566,0.28645692963291053,0.625,938.7678999919444,8.383568640744066,,
20260701,20.0,8,11,tensor_nomp3d_known_order_v1,-53.80015096747563,0.002179011443742326,0.002758459426355882,0.0007153889388873448,0.0001746786408777356,1.0,13574.71989998885,47.916954228579804,50.0,0.039485724095668015
20260701,20.0,8,12,grid_fft_topk_plus_ls,-5.887485126548841,13.944393456004931,2.167106080413029,3.0860596539786553,0.1987805623279928,0.375,46.60159999912139,0.0,,
20260701,20.0,8,12,deterministic_cartesian_local_refinement_plus_ls,-11.333280280375034,13.945352718470104,2.285112732605677,3.087238463617379,0.20389890081766535,0.5,1010.9961999987718,5.445795153826193,,
20260701,20.0,8,12,fixed_source_trained_scalar_interpolation_plus_ls,-10.874724782435752,13.944644150286068,2.2406509373609036,3.0854024171459318,0.2019318160856609,0.5,1056.9194999989122,4.987239655886912,,
20260701,20.0,8,12,tensor_nomp3d_known_order_v1,-55.84690021096132,0.0014147190783149175,0.0004704783574042012,0.0010091590783081192,4.451223238524379e-05,1.0,12495.480600002338,49.959415084412484,51.0,0.07164913283629282
20260701,20.0,8,13,grid_fft_topk_plus_ls,-7.1941174463956585,5.547036823212189,2.457168825437143,2.052412023082349,0.17197784069356767,0.75,44.014200000674464,0.0,,
20260701,20.0,8,13,deterministic_cartesian_local_refinement_plus_ls,-13.353527775358911,5.464789497551932,2.521177774363541,2.048961971258488,0.17536259841560609,0.875,985.9202999941772,6.1594103289632525,,
20260701,20.0,8,13,fixed_source_trained_scalar_interpolation_plus_ls,-13.124774056937463,5.4934554944846825,2.4958246593901334,2.0494884313174557,0.17400131914334543,0.875,906.8013000069186,5.930656610541805,,
20260701,20.0,8,13,tensor_nomp3d_known_order_v1,-54.65044878459033,0.0007230110962891849,0.0007700179709507229,0.0006490114331220955,5.252973588692316e-05,1.0,12887.558300004457,47.45633133819467,57.0,0.09421444857703534
20260701,20.0,8,14,grid_fft_topk_plus_ls,-4.965016402980471,11.669847760474667,2.518919825703868,4.298142051347532,0.2261373977799913,0.5,51.296699995873496,0.0,,
20260701,20.0,8,14,deterministic_cartesian_local_refinement_plus_ls,-10.858044740747072,11.743780769942422,2.551944816239394,4.35711137016994,0.22890253419737502,0.5,1004.688899993198,5.8930283377666015,,
20260701,20.0,8,14,fixed_source_trained_scalar_interpolation_plus_ls,-10.123897501015563,11.71686385479688,2.537590418606773,4.3344101657718666,0.22777129723753597,0.5,943.2052000047406,5.158881098035092,,
20260701,20.0,8,14,tensor_nomp3d_known_order_v1,-54.77479570504639,0.0006625322993051509,0.0006824132396293116,0.0008991815455773562,5.1336750948211876e-05,1.0,12819.759399993927,49.80977930206592,49.0,0.05369059824418947
20260701,20.0,8,15,grid_fft_topk_plus_ls,-4.452986071063819,14.46247245680046,2.6457633119550863,4.633761099247662,0.24714125334643658,0.5,46.45520000485703,0.0,,
20260701,20.0,8,15,deterministic_cartesian_local_refinement_plus_ls,-10.52878883859633,14.635949336194711,2.5749092988567246,4.570443136235918,0.24366539068730875,0.75,875.3737999941222,6.075802767532512,,
20260701,20.0,8,15,fixed_source_trained_scalar_interpolation_plus_ls,-9.312544787076963,14.57321960655693,2.599383688206942,4.592107866609143,0.24484590877108967,0.75,843.623300010222,4.859558716013144,,
20260701,20.0,8,15,tensor_nomp3d_known_order_v1,-55.52759136142937,0.0007285653900048044,0.0006024061197676209,0.0006519808122723276,4.318640309947874e-05,1.0,12729.24200000125,51.074605290365554,52.0,0.11420147469546671
20260701,20.0,8,16,grid_fft_topk_plus_ls,-4.322993427130325,13.725964065850103,1.2408260313650015,2.962870527828683,0.16151241160581284,0.5,44.08030000922736,0.0,,
20260701,20.0,8,16,deterministic_cartesian_local_refinement_plus_ls,-11.741589323442811,13.73611475058448,1.1696923658534186,2.9682526658341972,0.15957645918776894,0.75,941.890300004161,7.418595896312486,,
20260701,20.0,8,16,fixed_source_trained_scalar_interpolation_plus_ls,-9.560159451244715,13.73195122969348,1.1932148288044062,2.9638737229203733,0.1601543421900098,0.75,952.290900007938,5.23716602411439,,
20260701,20.0,8,16,tensor_nomp3d_known_order_v1,-53.57905327264143,0.0005344321727565837,0.001166951035339708,0.0015562430794174111,8.776100862971087e-05,1.0,11306.460100007826,49.2560598455111,49.0,0.05721211460271088
20260701,20.0,8,17,grid_fft_topk_plus_ls,-4.712929404851356,24.64508709121215,1.6272574504410733,1.4054645314759409,0.22213555925863995,0.5,37.78710000915453,0.0,,
20260701,20.0,8,17,deterministic_cartesian_local_refinement_plus_ls,-9.28687752995631,24.66817456479898,1.6214638549520481,1.4654765253619588,0.2225048912087757,0.625,951.3571000134107,4.5739481251049545,,
20260701,20.0,8,17,fixed_source_trained_scalar_interpolation_plus_ls,-8.313022777505784,24.659644440389073,1.6221963558067933,1.440239855682774,0.22230702636041047,0.625,1021.2013999989722,3.6000933726544284,,
20260701,20.0,8,17,tensor_nomp3d_known_order_v1,-53.944218946116465,0.0005312428951559696,0.0006154726711313023,0.0003809171221889698,4.048006571970896e-05,1.0,12760.89890000003,49.231289541265106,50.0,0.09369772716657784
20260701,20.0,8,18,grid_fft_topk_plus_ls,-6.74222173447367,15.13467597746746,1.7677564731895923,3.486262086623485,0.195081178489259,0.75,85.68080000986811,0.0,,
20260701,20.0,8,18,deterministic_cartesian_local_refinement_plus_ls,-12.182031282540141,15.213910556608925,1.7649324120645338,3.6361513952485094,0.1980076170343838,0.875,1034.3006999901263,5.439809548066471,,
20260701,20.0,8,18,fixed_source_trained_scalar_interpolation_plus_ls,-12.927263461553181,15.185298355837217,1.7651202985258578,3.580966266234893,0.19689483644541952,0.875,975.5388000048697,6.185041727079511,,
20260701,20.0,8,18,tensor_nomp3d_known_order_v1,-56.021771807608864,0.0007263962598484275,0.00029199936647477396,0.00036857023033201906,2.2314267156228055e-05,1.0,13903.725700001814,49.2795500731352,53.0,0.07166314886701163
20260701,20.0,8,19,grid_fft_topk_plus_ls,-5.857673422121179,6.283745499439728,2.7460511075102367,3.470349817700774,0.20887149274085165,0.875,45.371200001682155,0.0,,
20260701,20.0,8,19,deterministic_cartesian_local_refinement_plus_ls,-12.09827092930045,6.28273522153613,2.7571524542990153,3.623606371617334,0.2119596286043995,0.875,907.5062999909278,6.24059750717927,,
20260701,20.0,8,19,fixed_source_trained_scalar_interpolation_plus_ls,-11.271681373169422,6.282749732174078,2.8142386700056257,3.567038668668123,0.2139440389445722,0.875,1021.1545999918599,5.414007951048243,,
20260701,20.0,8,19,tensor_nomp3d_known_order_v1,-55.99109073324896,0.0002621977885726605,0.00045587371195250534,0.0005245867713732614,3.293535595070485e-05,1.0,12635.496799994144,50.13341731112778,49.0,0.14422463789419354
20260701,30.0,2,0,grid_fft_topk_plus_ls,-5.131202436200919,0.18715316334289536,0.07000639246224157,0.21458711993317459,0.008139431662945172,1.0,13.910499998019077,0.0,,
20260701,30.0,2,0,deterministic_cartesian_local_refinement_plus_ls,-14.30213205847485,0.06380196374281932,0.07000639246224157,0.07703608243166919,0.005018769078791034,1.0,245.25540000468027,9.170929622273931,,
20260701,30.0,2,0,fixed_source_trained_scalar_interpolation_plus_ls,-11.170607218845682,0.05931852589053279,0.07000639246224157,0.09306804808821652,0.005274233457233444,1.0,235.76989999855869,6.0394047826447625,,
20260701,30.0,2,0,tensor_nomp3d_known_order_v1,-71.76573833801919,4.10986284431933e-05,3.7869005586372835e-05,2.791231884823574e-05,2.5427809231004924e-06,1.0,1187.4433000048157,66.63453590181827,6.0,0.002549128996440694
20260701,30.0,2,1,grid_fft_topk_plus_ls,-5.0073046145391285,18.333017087132554,2.9562317630091712,0.6861135916551538,0.23475842912634412,0.5,9.588700006133877,0.0,,
20260701,30.0,2,1,deterministic_cartesian_local_refinement_plus_ls,-13.723317619159037,18.491566102426486,3.1141047609936074,0.9657164674133037,0.24425894023654374,0.5,210.00890000141226,8.716013004619908,,
20260701,30.0,2,1,fixed_source_trained_scalar_interpolation_plus_ls,-13.822082867666508,18.434633903297225,3.0566073104148455,0.8591478507137859,0.24074522357123213,0.5,219.79610000562388,8.814778253127379,,
20260701,30.0,2,1,tensor_nomp3d_known_order_v1,-71.77017078964242,0.000183156786355058,5.6771127435861975e-05,0.0004970170340269809,1.5996045235078352e-05,1.0,1258.8622000039322,66.7628661751033,7.0,0.0017693008278951868
20260701,30.0,2,2,grid_fft_topk_plus_ls,-4.471234052977449,0.12780060018192313,0.23991972780686413,0.24319473121654991,0.01684054330975901,1.0,11.715900007402524,0.0,,
20260701,30.0,2,2,deterministic_cartesian_local_refinement_plus_ls,-12.651508889145738,0.09087512805260263,0.08955943598369587,0.024198926238793595,0.005692760392024113,1.0,232.85329999634996,8.180274836168289,,
20260701,30.0,2,2,fixed_source_trained_scalar_interpolation_plus_ls,-10.333236913122681,0.0730163049944718,0.11884360652415517,0.09958659963265953,0.008073509523626315,1.0,238.48609998822212,5.862002860145232,,
20260701,30.0,2,2,tensor_nomp3d_known_order_v1,-69.82531223695527,2.017097471437124e-05,7.49552979042891e-05,7.373506433002617e-05,5.223096591033111e-06,1.0,1262.3883999913232,65.35407818397782,7.0,0.002143696568532835
20260701,30.0,2,3,grid_fft_topk_plus_ls,-4.943356109141491,0.14194079093094789,0.17367028302905593,0.26161593972112646,0.01363401250104966,1.0,9.97040000220295,0.0,,
20260701,30.0,2,3,deterministic_cartesian_local_refinement_plus_ls,-15.445351785607752,0.02297760189466817,0.07186071564994306,0.05113565566279458,0.004770484533803608,1.0,203.25429999502376,10.501995676466262,,
20260701,30.0,2,3,fixed_source_trained_scalar_interpolation_plus_ls,-12.705031053856473,0.041652449722196117,0.04978393795721635,0.12062332658230585,0.004898598904875196,1.0,216.41040001122747,7.761674944714982,,
20260701,30.0,2,3,tensor_nomp3d_known_order_v1,-70.09968556119941,8.580632098300844e-05,2.9973913720103037e-05,5.749708140589507e-05,2.680919756766962e-06,1.0,1224.1368999966653,65.15632945205792,6.0,0.004597790678035499
20260701,30.0,2,4,grid_fft_topk_plus_ls,-3.714223227947842,39.53696673364678,5.114305751483237,7.1484294972574,0.49747680851642767,0.0,9.30309999966994,0.0,,
20260701,30.0,2,4,deterministic_cartesian_local_refinement_plus_ls,-10.247850901350802,39.69352766611679,5.114305751483237,7.304427674107439,0.500441860995368,0.5,219.22890000860207,6.533627673402959,,
20260701,30.0,2,4,fixed_source_trained_scalar_interpolation_plus_ls,-7.898235345789651,39.63717035809103,5.114305751483237,7.248150932508036,0.4993690011019198,0.5,231.62850001244806,4.184012117841808,,
20260701,30.0,2,4,tensor_nomp3d_known_order_v1,-69.5387254258092,0.00010790470136287967,0.00010963299731170297,0.00015776980070187344,8.48347431037074e-06,1.0,1267.4758000066504,65.82450219786136,7.0,0.003216575853943348
20260701,30.0,2,5,grid_fft_topk_plus_ls,-4.372362973647654,0.2448577188609697,0.09778095657683211,0.23617381479297472,0.009771297806124159,1.0,11.908899992704391,0.0,,
20260701,30.0,2,5,deterministic_cartesian_local_refinement_plus_ls,-15.448158993287247,0.020397829693733303,0.06185044329987557,0.055913857011208816,0.004245203315380063,1.0,236.62850000255276,11.075796019639593,,
20260701,30.0,2,5,fixed_source_trained_scalar_interpolation_plus_ls,-11.273550110955606,0.10049528312668998,0.007809949374595894,0.10170203437974379,0.0033099181277319034,1.0,250.27250000857748,6.901187137307952,,
20260701,30.0,2,5,tensor_nomp3d_known_order_v1,-74.0924311099249,1.748660151962389e-05,9.371226197951256e-06,0.00010931737990426692,3.468705010686657e-06,1.0,1287.2003999946173,69.72006813627725,6.0,0.0025324788200347384
20260701,30.0,2,6,grid_fft_topk_plus_ls,-3.0560371202800414,0.3118135242575007,0.09711203863458599,0.3000963029017589,0.011433294685648581,1.0,10.90380000823643,0.0,,
20260701,30.0,2,6,deterministic_cartesian_local_refinement_plus_ls,-12.018209038197227,0.08504764612198629,0.07205282375119337,0.07537490595109947,0.005125369934357282,1.0,215.91450000414625,8.962171917917185,,
20260701,30.0,2,6,fixed_source_trained_scalar_interpolation_plus_ls,-9.686828710568118,0.10181792025974841,0.02985398099602563,0.15575081573544117,0.005272949086907721,1.0,238.53370000142604,6.6307915902880765,,
20260701,30.0,2,6,tensor_nomp3d_known_order_v1,-71.1424548410241,0.00010682442205936788,5.232856225489364e-05,6.0718130644385505e-05,3.87210339966168e-06,1.0,1346.8935999990208,68.08641772074407,6.0,0.0031405246295595226
20260701,30.0,2,7,grid_fft_topk_plus_ls,-4.030040729522702,0.2680893965748036,0.30411812369526964,0.04470458730047598,0.019173392310836535,1.0,11.445800002547912,0.0,,
20260701,30.0,2,7,deterministic_cartesian_local_refinement_plus_ls,-12.962063137698973,0.09005570371968398,0.07911814733220862,0.04470458730047598,0.005186379955854787,1.0,219.59659999993164,8.93202240817627,,
20260701,30.0,2,7,fixed_source_trained_scalar_interpolation_plus_ls,-10.4254898641334,0.04301636833481789,0.1596862308539254,0.04470458730047598,0.010083291791819179,1.0,243.3273999922676,6.395449134610698,,
20260701,30.0,2,7,tensor_nomp3d_known_order_v1,-70.03481184373453,0.00014351936612824506,2.7101017046217096e-05,8.07642437427542e-06,2.046923224335691e-06,1.0,1291.7837999993935,66.00477111421183,6.0,0.0015557321236813178
20260701,30.0,2,8,grid_fft_topk_plus_ls,-4.392267912931441,0.2732545586875706,0.2690274272197019,0.04053016352181127,0.016996451660536645,1.0,14.404699992155656,0.0,,
20260701,30.0,2,8,deterministic_cartesian_local_refinement_plus_ls,-16.099745422203583,0.07565123546545204,0.04739085850152117,0.04053016352181127,0.0032751375168476268,1.0,232.16339999635238,11.707477509272142,,
20260701,30.0,2,8,fixed_source_trained_scalar_interpolation_plus_ls,-10.226540900303785,0.1370194946593342,0.1253850955077351,0.04053016352181127,0.008010111970266394,1.0,231.20369999378454,5.834272987372344,,
20260701,30.0,2,8,tensor_nomp3d_known_order_v1,-72.84379647159793,1.2798012678220893e-05,5.6587658875571377e-05,4.7164320485063005e-05,3.83285581348104e-06,1.0,1300.8657000027597,68.45152855866648,6.0,0.0018475468880877824
20260701,30.0,2,9,grid_fft_topk_plus_ls,-4.829675960070793,0.18893365375109236,0.2406437665868573,0.153724005765175,0.01585763552289148,1.0,10.999799997080117,0.0,,
20260701,30.0,2,9,deterministic_cartesian_local_refinement_plus_ls,-13.211473202706559,0.057039841795435337,0.07021492010467166,0.0792446447224847,0.005058601914609003,1.0,223.34119999140967,8.381797242635766,,
20260701,30.0,2,9,fixed_source_trained_scalar_interpolation_plus_ls,-10.29565415616863,0.09514317728761981,0.11074465204660852,0.08169818339960268,0.007414741243300024,1.0,233.12209999130573,5.465978196097838,,
20260701,30.0,2,9,tensor_nomp3d_known_order_v1,-69.89413507677696,5.8613588331882563e-05,9.25483776452007e-05,9.037937063932638e-05,6.453254500990744e-06,1.0,1320.4016999952728,65.06445911670617,7.0,0.002152958626550683
20260701,30.0,2,10,grid_fft_topk_plus_ls,-5.400458561982684,21.361817980679685,1.370364969951929,0.4843427641232726,0.18819310107600157,0.5,13.049600005615503,0.0,,
20260701,30.0,2,10,deterministic_cartesian_local_refinement_plus_ls,-11.180464114745226,21.678848967071332,1.2055112648815791,0.4843427641232726,0.18598580868175946,0.5,202.56890000018757,5.780005552762542,,
20260701,30.0,2,10,fixed_source_trained_scalar_interpolation_plus_ls,-10.661002248758841,21.565187520216217,1.2624092311164388,0.4843427641232726,0.18665271643354836,0.5,200.55399999546353,5.260543686776157,,
20260701,30.0,2,10,tensor_nomp3d_known_order_v1,-68.97088054914009,8.809850435885557e-05,0.00016506073988920198,5.517099528551711e-05,1.0481993222674062e-05,1.0,1207.9356000031112,63.57042198715741,7.0,0.001409493085362421
20260701,30.0,2,11,grid_fft_topk_plus_ls,-5.410314530999521,0.09997401097098799,0.2420194656946425,0.1767103472996541,0.01612163570531961,1.0,12.68849999178201,0.0,,
20260701,30.0,2,11,deterministic_cartesian_local_refinement_plus_ls,-18.803644575110518,0.060821326221998505,0.024297786523217575,0.017627332200350142,0.001683866072211826,1.0,221.83749999385327,13.393330044110996,,
20260701,30.0,2,11,fixed_source_trained_scalar_interpolation_plus_ls,-12.968405508393946,0.0116297911218268,0.09857165463216462,0.07458399909191193,0.0065875052301353,1.0,231.94310000690166,7.558090977394425,,
20260701,30.0,2,11,tensor_nomp3d_known_order_v1,-73.07306136054297,5.21917462763063e-05,4.019418961130396e-05,7.403174893168809e-05,3.4393801694254274e-06,1.0,1173.2454000011785,67.66274682954344,6.0,0.0038342625290311927
20260701,30.0,2,12,grid_fft_topk_plus_ls,-7.8852825950919705,0.17600413100566917,0.05710883056613413,0.08062042431519593,0.00458016889256852,1.0,11.185700001078658,0.0,,
20260701,30.0,2,12,deterministic_cartesian_local_refinement_plus_ls,-13.125526318231886,0.07071022313187413,0.05710883056613413,0.08062042431519593,0.0044036808677855675,1.0,235.0148999976227,5.2402437231399155,,
20260701,30.0,2,12,fixed_source_trained_scalar_interpolation_plus_ls,-12.565271811629595,0.05162725283987751,0.05710883056613413,0.08062042431519593,0.004387472484614236,1.0,221.1996999976691,4.679989216537624,,
20260701,30.0,2,12,tensor_nomp3d_known_order_v1,-73.32941513810067,7.834132269036884e-05,8.336704324440674e-05,2.140171985179775e-05,5.288722005973975e-06,1.0,1263.3163999998942,65.4441325430087,7.0,0.001071537556566139
20260701,30.0,2,13,grid_fft_topk_plus_ls,-7.636655938024691,32.58178892395909,1.3413181728023034,4.86111646450041,0.3080547930237683,0.5,13.984599994728342,0.0,,
20260701,30.0,2,13,deterministic_cartesian_local_refinement_plus_ls,-11.349807385223498,32.899466123507025,1.3413181728023034,4.86111646450041,0.31010869518135487,0.5,251.18300000031013,3.7131514471988067,,
20260701,30.0,2,13,fixed_source_trained_scalar_interpolation_plus_ls,-11.002398323081202,32.78562223780661,1.3413181728023034,4.86111646450041,0.3093719304443772,0.5,254.7399999893969,3.365742385056511,,
20260701,30.0,2,13,tensor_nomp3d_known_order_v1,-67.95935076363577,0.00037040369909032187,0.0002260753850704237,0.0003040919383309855,1.7272153945571633e-05,1.0,1289.1520999983186,60.32269482561108,6.0,0.0018616491653107316
20260701,30.0,2,14,grid_fft_topk_plus_ls,-8.69936563436439,0.17864391990572975,0.07100166529025957,0.18417947058330753,0.007400487368661189,1.0,14.196999996784143,0.0,,
20260701,30.0,2,14,deterministic_cartesian_local_refinement_plus_ls,-13.176999236062949,0.05273128480821245,0.07100166529025957,0.053088500251668905,0.004755457548325167,1.0,208.86690000770614,4.4776336016985585,,
20260701,30.0,2,14,fixed_source_trained_scalar_interpolation_plus_ls,-11.892032878191996,0.08598991900605768,0.07100166529025957,0.09020925424059463,0.005300058693133075,1.0,230.68170000624377,3.1926672438276054,,
20260701,30.0,2,14,tensor_nomp3d_known_order_v1,-68.10812885044622,0.0001444790770046812,9.240510575935983e-05,5.959963817981431e-05,6.172295783402562e-06,1.0,1256.5949999989243,59.40876321608183,6.0,0.002718356252423903
20260701,30.0,2,15,grid_fft_topk_plus_ls,-5.549771755040291,0.18613232923149237,0.21551548763946846,0.16862564708013525,0.014536713967765954,1.0,11.230100004468113,0.0,,
20260701,30.0,2,15,deterministic_cartesian_local_refinement_plus_ls,-16.409651138323177,0.038902944179718055,0.02637640539347583,0.058150734649525124,0.0024722990565106172,1.0,208.37599999504164,10.859879383282886,,
20260701,30.0,2,15,fixed_source_trained_scalar_interpolation_plus_ls,-18.014225089333344,0.0417215376547043,0.07376804723458949,0.026756862118950394,0.004697034237225864,1.0,234.63140000239946,12.464453334293053,,
20260701,30.0,2,15,tensor_nomp3d_known_order_v1,-66.97187025325312,0.00013961035839746709,4.1383731289569434e-05,8.707064877681895e-05,3.909366444453461e-06,1.0,1180.870700001833,61.422098498212826,6.0,0.002242626304203212
20260701,30.0,2,16,grid_fft_topk_plus_ls,-6.829194944913777,5.879336766107114,2.842372858807617,5.774608104781586,0.25735820805685117,0.5,9.483899993938394,0.0,,
20260701,30.0,2,16,deterministic_cartesian_local_refinement_plus_ls,-11.544084735401974,5.879336766107114,3.152299594617647,5.61533062160797,0.2678041522135678,0.5,219.68039999774192,4.714889790488197,,
20260701,30.0,2,16,fixed_source_trained_scalar_interpolation_plus_ls,-13.131980222061905,5.879336766107114,3.040167800011746,5.671853037546462,0.2638743975726988,0.5,223.70740000042133,6.3027852771481285,,
20260701,30.0,2,16,tensor_nomp3d_known_order_v1,-72.39040399516863,8.627178162255714e-05,0.00019266196482167796,0.00017645367997360702,1.3261036389884262e-05,1.0,1298.1692999892402,65.56120905025485,6.0,0.0006533303964619686
20260701,30.0,2,17,grid_fft_topk_plus_ls,-4.226605779457834,0.07768365998041306,0.26145016258187787,0.19892469064177154,0.017493663879257607,1.0,11.796899998444133,0.0,,
20260701,30.0,2,17,deterministic_cartesian_local_refinement_plus_ls,-12.135670453598504,0.07768365998041306,0.09975251618671198,0.04007862179313089,0.006387986604386172,1.0,228.4261000022525,7.90906467414067,,
20260701,30.0,2,17,fixed_source_trained_scalar_interpolation_plus_ls,-11.513361773223021,0.07768365998041306,0.04210660869555522,0.09686291218721714,0.004056661872386339,1.0,209.53100000042468,7.286755993765188,,
20260701,30.0,2,17,tensor_nomp3d_known_order_v1,-71.25130290382306,8.976996594084634e-05,6.929874291524492e-05,8.001314314365712e-05,5.050045596398811e-06,1.0,1206.5712999901734,67.02469712436523,7.0,0.0035383523704428095
20260701,30.0,2,18,grid_fft_topk_plus_ls,-12.550127928950792,0.07706507499546866,0.08761231846728061,0.09715369594270948,0.006290005025311053,1.0,11.500300010084175,0.0,,
20260701,30.0,2,18,deterministic_cartesian_local_refinement_plus_ls,-12.801965808840741,0.07706507499546866,0.07161062467926467,0.09599878517256892,0.005421607714406923,1.0,217.88919999380596,0.25183787988994943,,
20260701,30.0,2,18,fixed_source_trained_scalar_interpolation_plus_ls,-14.094280343054299,0.07706507499546866,0.014903362701205661,0.05896900269525076,0.002150802282541281,1.0,228.93719999410678,1.5441524141035075,,
20260701,30.0,2,18,tensor_nomp3d_known_order_v1,-73.46382231089655,8.031738089018668e-05,3.543972546232804e-05,5.844416488253735e-05,2.938629616041717e-06,1.0,1359.0906000026735,60.91369438194575,8.0,0.00043192471195006637
20260701,30.0,2,19,grid_fft_topk_plus_ls,-4.8458084052488175,7.814720036750058,4.456507746945413,6.126725432632753,0.343459359090961,0.5,12.188799999421462,0.0,,
20260701,30.0,2,19,deterministic_cartesian_local_refinement_plus_ls,-9.05401644555287,7.654782568008973,4.297121662098655,6.4406810031377555,0.34090530483573367,0.5,233.80230000475422,4.2082080403040525,,
20260701,30.0,2,19,fixed_source_trained_scalar_interpolation_plus_ls,-10.501779191562433,7.711679803625372,4.353528938137046,6.3263718334615415,0.34168800983863234,0.5,255.07199999992736,5.655970786313615,,
20260701,30.0,2,19,tensor_nomp3d_known_order_v1,-71.06871159886475,0.00010347133995684055,0.00017758556849244473,3.148787358205694e-05,1.1171915105561217e-05,1.0,1408.6811000015587,66.22290319361593,7.0,0.00035592977581310804
20260701,30.0,4,0,grid_fft_topk_plus_ls,-4.459303370094227,3.658703946449524,0.873765350510938,1.3617847302058548,0.07490197606523949,0.5,21.778000009362586,0.0,,
20260701,30.0,4,0,deterministic_cartesian_local_refinement_plus_ls,-15.05627033038487,3.754301983100719,0.7382705008383587,1.3507093563580936,0.06907248977704089,0.75,452.3546999989776,10.596966960290644,,
20260701,30.0,4,0,fixed_source_trained_scalar_interpolation_plus_ls,-11.888816911920745,3.7180059215221917,0.7783323661169546,1.3525364598971095,0.0706867330166827,0.75,411.30160000466276,7.429513541826519,,
20260701,30.0,4,0,tensor_nomp3d_known_order_v1,-68.02542893186055,0.0006133820804630785,7.852737529776731e-05,0.0003420281078464999,1.270012725165619e-05,1.0,3672.4738999910187,63.56612556176632,20.0,0.007074089434046915
20260701,30.0,4,1,grid_fft_topk_plus_ls,-4.135374249742093,1.1544614015721208,0.3669644904449241,1.1896388229526382,0.0446031885875484,0.5,15.732300002127886,0.0,,
20260701,30.0,4,1,deterministic_cartesian_local_refinement_plus_ls,-9.225373920946662,1.3244415996375767,0.34570538029113723,1.1760917622236746,0.043871202314580596,0.75,394.0352000063285,5.089999671204569,,
20260701,30.0,4,1,fixed_source_trained_scalar_interpolation_plus_ls,-8.240431681217975,1.254659986716089,0.34513633136530153,1.1784946086102055,0.043791404755356166,0.75,393.68050001212396,4.105057431475882,,
20260701,30.0,4,1,tensor_nomp3d_known_order_v1,-68.23979164635044,8.542180452188464e-05,0.00010131919885440657,6.788707334697457e-05,6.711626328632571e-06,1.0,3770.8771000034176,64.10441739660834,21.0,0.0025174738445286264
20260701,30.0,4,2,grid_fft_topk_plus_ls,-4.094243508176597,0.2647210025837348,0.1767473693900979,0.19971588856743783,0.012855294084658103,1.0,20.042700009071268,0.0,,
20260701,30.0,4,2,deterministic_cartesian_local_refinement_plus_ls,-15.609335295993311,0.0485863683899024,0.04722592421216675,0.062033294723861834,0.003551631038253822,1.0,421.87220000778325,11.515091787816715,,
20260701,30.0,4,2,fixed_source_trained_scalar_interpolation_plus_ls,-10.113021286401382,0.12236017434437728,0.08246008145559261,0.08958398069899341,0.0059424075523882,1.0,479.6571000042604,6.018777778224785,,
20260701,30.0,4,2,tensor_nomp3d_known_order_v1,-66.97866143573104,0.00010668723376142049,0.00013072694310707695,0.00014050118586091554,9.312820003430495e-06,1.0,3779.9670999957016,62.884417927554445,16.0,0.001450211811888051
20260701,30.0,4,3,grid_fft_topk_plus_ls,-5.5451634597428,17.436692180743545,2.0730967660183226,7.911556712350927,0.31059739574232864,0.5,14.342499998747371,0.0,,
20260701,30.0,4,3,deterministic_cartesian_local_refinement_plus_ls,-12.000017410174053,17.596900393741684,2.0730967660183226,7.9719991398247485,0.31265132673093593,0.5,419.1112999978941,6.454853950431253,,
20260701,30.0,4,3,fixed_source_trained_scalar_interpolation_plus_ls,-10.873946496356188,17.539203558514817,2.0730967660183226,7.949127904343788,0.31188382077707727,0.5,414.92419999849517,5.328783036613388,,
20260701,30.0,4,3,tensor_nomp3d_known_order_v1,-68.93644279006384,0.00025175319598648205,0.00025766639565341713,0.0002628912798905425,1.8185269953466136e-05,1.0,3635.0218999868957,63.391279330321034,17.0,0.0048937863876295845
20260701,30.0,4,4,grid_fft_topk_plus_ls,-3.7862087631753116,17.310954199329828,3.5785638826570496,4.619095192323364,0.2985803637117141,0.5,26.719300003605895,0.0,,
20260701,30.0,4,4,deterministic_cartesian_local_refinement_plus_ls,-9.8915663492387,17.248893276114252,3.5471701307702337,4.7682601179361335,0.2991871119892318,0.5,434.27640000300016,6.105357586063388,,
20260701,30.0,4,4,fixed_source_trained_scalar_interpolation_plus_ls,-8.734524406145072,17.270552158858525,3.5572169376280716,4.713229602562473,0.29887762195278933,0.5,470.6722999981139,4.94831564296976,,
20260701,30.0,4,4,tensor_nomp3d_known_order_v1,-67.78281569488183,7.582406351682752e-05,7.944591820536849e-05,0.0001380346340707133,6.6039987308697276e-06,1.0,3734.16670000006,63.99660693170652,17.0,0.0019812483949934543
20260701,30.0,4,5,grid_fft_topk_plus_ls,-5.81711122947924,15.56461754663726,2.739299676503011,4.357534274157256,0.2502815568460771,0.25,18.574099987745285,0.0,,
20260701,30.0,4,5,deterministic_cartesian_local_refinement_plus_ls,-12.247399020170647,15.582879274747723,2.7935160948439592,4.459224025355653,0.254406939991518,0.5,462.3452000087127,6.430287790691407,,
20260701,30.0,4,5,fixed_source_trained_scalar_interpolation_plus_ls,-11.055769580911946,15.576155799319846,2.773175197348214,4.420776996398911,0.2528524985652607,0.5,465.2057000057539,5.238658351432706,,
20260701,30.0,4,5,tensor_nomp3d_known_order_v1,-68.06029821131862,0.0002384683167718393,0.00019252471821345907,7.462936637509631e-05,1.2397501912153546e-05,1.0,3398.025900009088,62.243186981839386,16.0,0.0033327575970308236
20260701,30.0,4,6,grid_fft_topk_plus_ls,-4.171889834708584,17.0014796481525,3.0908136578992838,0.21259210868163503,0.23452777534330588,0.75,20.606500009307638,0.0,,
20260701,30.0,4,6,deterministic_cartesian_local_refinement_plus_ls,-9.66131703936799,17.11317759831827,3.3060367079258843,0.1681018525999867,0.2461650711312509,0.75,433.8092000107281,5.489427204659406,,
20260701,30.0,4,6,fixed_source_trained_scalar_interpolation_plus_ls,-8.656030586163986,17.07292394492881,3.2261122239882765,0.17723981466025557,0.2418201044592922,0.75,437.19020001299214,4.484140751455402,,
20260701,30.0,4,6,tensor_nomp3d_known_order_v1,-66.90858566922482,0.00011866153104472997,5.8795331137366925e-05,0.00022533277670823708,7.996731451892927e-06,1.0,3644.1403000062564,62.73669583451623,16.0,0.004132356841771107
20260701,30.0,4,7,grid_fft_topk_plus_ls,-4.279575695547049,24.91303533469591,2.380636378726203,4.998747253937811,0.2905550999253398,0.25,27.031100005842745,0.0,,
20260701,30.0,4,7,deterministic_cartesian_local_refinement_plus_ls,-11.679164847323475,24.940450732883892,2.2272061586406204,4.979312577463169,0.2855777672394979,0.5,445.705000005546,7.399589151776427,,
20260701,30.0,4,7,fixed_source_trained_scalar_interpolation_plus_ls,-10.082984809437344,24.930287207989544,2.2807821470920966,4.985113462139169,0.2872692285561139,0.5,454.2243000032613,5.803409113890295,,
20260701,30.0,4,7,tensor_nomp3d_known_order_v1,-67.6221601779424,9.362365148336002e-05,8.456404834118176e-05,0.00016217081139166447,7.358795884336725e-06,1.0,3722.7871999930358,63.34258448239535,18.0,0.003784600213838921
20260701,30.0,4,8,grid_fft_topk_plus_ls,-7.109368946276705,0.18630255155948314,0.19770871288542832,0.1070740250927367,0.012884291152166964,1.0,18.119900007150136,0.0,,
20260701,30.0,4,8,deterministic_cartesian_local_refinement_plus_ls,-13.067926547073338,0.0786240564419087,0.07219742367758546,0.0677469512284795,0.005022010171853456,1.0,435.57549999968614,5.958557600796633,,
20260701,30.0,4,8,fixed_source_trained_scalar_interpolation_plus_ls,-13.314986651663867,0.04302222696389986,0.1073526658472489,0.06436126329579561,0.007012574759508708,1.0,416.43820000172127,6.205617705387162,,
20260701,30.0,4,8,tensor_nomp3d_known_order_v1,-68.52093073719244,9.846622066314925e-05,0.00013791923734956531,5.5651281861030324e-05,8.827220865501705e-06,1.0,3527.851000006194,61.41156179091574,18.0,0.001263508216489006
20260701,30.0,4,9,grid_fft_topk_plus_ls,-5.0186558705753646,21.421030293099108,0.40740736774815905,6.666213940330751,0.2684247942051934,0.5,18.876199988881126,0.0,,
20260701,30.0,4,9,deterministic_cartesian_local_refinement_plus_ls,-11.411336728833062,21.53089858903499,0.47477237486854884,6.551983286376212,0.26664115348415496,0.75,444.90119999682065,6.392680858257697,,
20260701,30.0,4,9,fixed_source_trained_scalar_interpolation_plus_ls,-12.579575881913769,21.49121536251221,0.43205772969102646,6.592452619537408,0.2671356824348588,0.75,452.0817000011448,7.560920011338404,,
20260701,30.0,4,9,tensor_nomp3d_known_order_v1,-70.9289780286129,0.00012721732756269057,5.108093364539476e-05,0.0002980660145503947,9.89653070551416e-06,1.0,3493.1775000004563,65.91032215803754,18.0,0.0033677256597779755
20260701,30.0,4,10,grid_fft_topk_plus_ls,-6.120578675834284,23.626823219832108,0.5242348156983119,3.4136397660416975,0.2156960899264464,0.5,19.95619999070186,0.0,,
20260701,30.0,4,10,deterministic_cartesian_local_refinement_plus_ls,-11.256331753611779,23.73882484879702,0.5238993836593144,3.297051148976762,0.21466991003467797,0.75,493.4391999995569,5.135753077777495,,
20260701,30.0,4,10,fixed_source_trained_scalar_interpolation_plus_ls,-11.479364649980079,23.69859595735987,0.5070912656719064,3.337960072546095,0.21485825928206875,0.75,421.3063999923179,5.358785974145795,,
20260701,30.0,4,10,tensor_nomp3d_known_order_v1,-66.52908621342912,0.00012865978652381647,0.0003088139585324159,7.63556410070096e-05,1.9473765697286657e-05,1.0,3481.0835999960545,60.40850753759484,16.0,0.0014593437386181294
20260701,30.0,4,11,grid_fft_topk_plus_ls,-6.268621648476578,0.12802457862693442,0.2934778644893447,0.14664967536866488,0.018932640371793968,1.0,16.608400008408353,0.0,,
20260701,30.0,4,11,deterministic_cartesian_local_refinement_plus_ls,-12.72860920636209,0.07309197929920956,0.10122756455838704,0.05562817140466644,0.006586005159749122,1.0,408.5835000005318,6.459987557885513,,
20260701,30.0,4,11,fixed_source_trained_scalar_interpolation_plus_ls,-13.122162529512016,0.05899285113140286,0.10600286073735575,0.030982037462567308,0.006711392946101834,1.0,451.91540000087116,6.853540881035438,,
20260701,30.0,4,11,tensor_nomp3d_known_order_v1,-67.83774019221592,0.00011534211228490762,9.86306855952587e-05,9.718293976803332e-05,6.93074417853013e-06,1.0,3654.492100002244,61.56911854373934,18.0,0.00277013506807924
20260701,30.0,4,12,grid_fft_topk_plus_ls,-6.26543125347178,27.73401015041985,2.3934729004437565,1.286982047989743,0.26634943553171536,0.5,19.80850000109058,0.0,,
20260701,30.0,4,12,deterministic_cartesian_local_refinement_plus_ls,-14.271043874733218,27.73401015041985,2.53715874503971,1.3668053143206773,0.27187556069689955,0.5,491.03990000730846,8.005612621261438,,
20260701,30.0,4,12,fixed_source_trained_scalar_interpolation_plus_ls,-12.749464451517863,27.73401015041985,2.4808056375649103,1.336594501582723,0.2696886383705171,0.5,505.71270000364166,6.484033198046083,,
20260701,30.0,4,12,tensor_nomp3d_known_order_v1,-70.00183462149921,9.026785405519276e-05,0.0003678445901168658,0.00032314372037360405,2.5120212964599314e-05,1.0,3752.241199996206,63.73640336802743,18.0,0.004870170706218962
20260701,30.0,4,13,grid_fft_topk_plus_ls,-5.381652696832883,0.12830051766747805,0.16966804155501433,0.20124353417519,0.012369504432954497,1.0,22.40170000004582,0.0,,
20260701,30.0,4,13,deterministic_cartesian_local_refinement_plus_ls,-14.525816292487605,0.05883574047441118,0.0709719010137015,0.0680406387113555,0.0049404583920523645,1.0,418.95030000887346,9.144163595654721,,
20260701,30.0,4,13,fixed_source_trained_scalar_interpolation_plus_ls,-11.51085343514745,0.07216173933573544,0.06938337042226837,0.09352121491426411,0.005259652890446353,1.0,423.9949000038905,6.129200738314567,,
20260701,30.0,4,13,tensor_nomp3d_known_order_v1,-68.45275664115302,8.377076686276314e-05,0.00011965076796101125,0.00010274484981158067,8.164586591655356e-06,1.0,3345.7445000094594,63.071103944320136,17.0,0.002295699338338583
20260701,30.0,4,14,grid_fft_topk_plus_ls,-4.654412623421665,0.20693779121903585,0.19998923642639785,0.21395115747467422,0.014267065220976611,1.0,16.521799989277497,0.0,,
20260701,30.0,4,14,deterministic_cartesian_local_refinement_plus_ls,-14.044663625596245,0.0634731948704527,0.03144910494416803,0.07021975800897039,0.0029874088189189027,1.0,372.2418999968795,9.39025100217458,,
20260701,30.0,4,14,fixed_source_trained_scalar_interpolation_plus_ls,-10.510639267019343,0.09587966758989451,0.0789247195789869,0.10406200405138413,0.0059555566757536794,1.0,445.8710000035353,5.856226643597678,,
20260701,30.0,4,14,tensor_nomp3d_known_order_v1,-67.22950249458675,9.894960808549361e-05,9.617385044171541e-05,8.693941333786093e-05,6.6414917585396614e-06,1.0,3756.538899993757,62.57508987116509,16.0,0.0027859374879933086
20260701,30.0,4,15,grid_fft_topk_plus_ls,-8.446078951396629,9.363362512352763,3.0903064289261684,6.835829605198384,0.2971348805546912,0.75,20.082600007299334,0.0,,
20260701,30.0,4,15,deterministic_cartesian_local_refinement_plus_ls,-12.000374382720453,9.586717422306194,3.0903064289261684,6.834520464729936,0.2975399087184513,0.75,445.16139999905135,3.5542954313238244,,
20260701,30.0,4,15,fixed_source_trained_scalar_interpolation_plus_ls,-14.940460702597896,9.50627045483445,3.0903064289261684,6.834563631631624,0.2973832966935831,0.75,391.53759999317117,6.494381751201267,,
20260701,30.0,4,15,tensor_nomp3d_known_order_v1,-68.33277376658577,4.8073701344681263e-05,0.0004633707126764741,0.00043831180304157387,3.2038662994313814e-05,1.0,3252.5267000019085,59.886694815189145,16.0,0.0018245782782798817
20260701,30.0,4,16,grid_fft_topk_plus_ls,-4.053534137050595,22.854430372790976,1.9430089058509263,2.649639512812328,0.23126485532894886,0.75,20.71129999239929,0.0,,
20260701,30.0,4,16,deterministic_cartesian_local_refinement_plus_ls,-12.81355161120313,16.71198361029937,2.9011438209373797,1.934882271613601,0.23147362718887426,0.5,396.982799997204,8.760017474152534,,
20260701,30.0,4,16,fixed_source_trained_scalar_interpolation_plus_ls,-10.594586832958687,16.7252997070323,2.9266101195999945,1.879074133589053,0.2323339984319455,0.5,360.0439000001643,6.541052695908092,,
20260701,30.0,4,16,tensor_nomp3d_known_order_v1,-68.73179455938445,0.0001439091160463878,0.00015293621472914156,8.804223774308745e-05,1.0009943461388596e-05,1.0,3442.764499995974,64.67826042233386,18.0,0.0028697105198756895
20260701,30.0,4,17,grid_fft_topk_plus_ls,-5.698738825146447,0.21987068905190363,0.21193264850812488,0.12740058492569717,0.013937434979111691,1.0,19.816500003798865,0.0,,
20260701,30.0,4,17,deterministic_cartesian_local_refinement_plus_ls,-13.690309345358692,0.06527082675857475,0.05195962195463004,0.0769628920191746,0.0040731547243425745,1.0,450.56680000561755,7.991570520212245,,
20260701,30.0,4,17,fixed_source_trained_scalar_interpolation_plus_ls,-13.88219574441261,0.05089771857156548,0.07861167533513318,0.061611223271959926,0.0052919673004445476,1.0,436.87960000534076,8.183456919266163,,
20260701,30.0,4,17,tensor_nomp3d_known_order_v1,-68.63470709595128,0.00011277121940643938,6.007626942900388e-05,0.00014682312267774172,5.993852334914742e-06,1.0,3517.6521000103094,62.935968270804835,18.0,0.00740540049104788
20260701,30.0,4,18,grid_fft_topk_plus_ls,-5.361570435289704,0.2592622620265404,0.19016732890594856,0.14430192870234046,0.012872517816404281,1.0,16.727299997000955,0.0,,
20260701,30.0,4,18,deterministic_cartesian_local_refinement_plus_ls,-13.741895974473895,0.0553341065869768,0.07419240279445745,0.08168112021733243,0.005310773836208799,1.0,416.01870000886265,8.380325539184192,,
20260701,30.0,4,18,fixed_source_trained_scalar_interpolation_plus_ls,-11.866992730581217,0.11999137840251499,0.08806522616099251,0.05487836842399011,0.005840778174548904,1.0,423.0408000003081,6.505422295291512,,
20260701,30.0,4,18,tensor_nomp3d_known_order_v1,-70.17665300304982,0.00012545190976507217,4.737022463915001e-05,9.453210213934952e-05,4.295676812296656e-06,1.0,3410.735500001465,64.81508256776011,17.0,0.00349061513581026
20260701,30.0,4,19,grid_fft_topk_plus_ls,-5.359630788760389,0.20974739783304394,0.20796898534010116,0.20320482270753537,0.014558818559817603,1.0,14.277099995524622,0.0,,
20260701,30.0,4,19,deterministic_cartesian_local_refinement_plus_ls,-13.646185745173627,0.0747945740907718,0.08245931286847061,0.048845166917983074,0.005406669304169083,1.0,374.72819999675266,8.286554956413237,,
20260701,30.0,4,19,fixed_source_trained_scalar_interpolation_plus_ls,-12.476638283184549,0.06927243657450245,0.1054735816725307,0.08712060855793444,0.0071526753533276595,1.0,358.2740999991074,7.11700749442416,,
20260701,30.0,4,19,tensor_nomp3d_known_order_v1,-68.26982076682452,4.0232540875312756e-05,0.0001055596919815336,5.834219334471431e-05,6.851976497847034e-06,1.0,3242.2403000091435,62.91018997806413,18.0,0.004718325254998538
20260701,30.0,8,0,grid_fft_topk_plus_ls,-6.690455574803204,14.201982547971497,0.764350880541026,2.8435357532978194,0.14996302904709638,0.75,46.69160000048578,0.0,,
20260701,30.0,8,0,deterministic_cartesian_local_refinement_plus_ls,-12.138465430002457,14.278668297646753,0.891978065752789,2.840836273944503,0.15307835142958826,0.75,854.8281000112183,5.448009855199253,,
20260701,30.0,8,0,fixed_source_trained_scalar_interpolation_plus_ls,-11.448547337635821,14.251000887057492,0.8416012772042513,2.841035321466888,0.15180503043478025,0.75,916.3644999935059,4.758091762832617,,
20260701,30.0,8,0,tensor_nomp3d_known_order_v1,-64.9024027302857,0.00022680928976692952,0.00014186946870033105,0.00017428495438829864,1.0555757060615259e-05,1.0,11737.20940000203,58.2119471554825,51.0,0.0030024133684741433
20260701,30.0,8,1,grid_fft_topk_plus_ls,-5.499853152419912,14.986711476917181,1.4439510677194838,1.0021385898345432,0.1511087135586841,0.75,52.7247999998508,0.0,,
20260701,30.0,8,1,deterministic_cartesian_local_refinement_plus_ls,-13.72101916008619,15.161746955042709,1.354657721160708,1.0045464589586413,0.14894457607756026,0.75,832.8140999947209,8.221166007666277,,
20260701,30.0,8,1,fixed_source_trained_scalar_interpolation_plus_ls,-13.032308149143493,15.09882169679883,1.3846688933896578,0.9985997067535136,0.1495920043476284,0.75,817.6711999985855,7.5324549967235805,,
20260701,30.0,8,1,tensor_nomp3d_known_order_v1,-64.49044184187926,0.00025616002722374926,0.000262658460840493,0.00013612683585399396,1.7076045050482998e-05,1.0,11845.096699995338,58.99058868945935,51.0,0.003477197451635327
20260701,30.0,8,2,grid_fft_topk_plus_ls,-5.491608602813402,16.14105857965017,2.7565404712028423,2.8890390364454452,0.23180669644701643,0.25,41.32240000762977,0.0,,
20260701,30.0,8,2,deterministic_cartesian_local_refinement_plus_ls,-11.09987792074509,16.226820779563436,2.7490210329726033,3.0260440177922745,0.23352400922714867,0.375,850.0882999942405,5.608269317931688,,
20260701,30.0,8,2,fixed_source_trained_scalar_interpolation_plus_ls,-10.37682200771826,16.195938679703474,2.7501296810093967,2.975021876381295,0.23280282083847048,0.375,860.5383999965852,4.885213404904858,,
20260701,30.0,8,2,tensor_nomp3d_known_order_v1,-64.32394258546962,0.0001362572972891359,0.0003852180599630796,0.00020833589351884076,2.4963567938603957e-05,1.0,12068.076600000495,58.83233398265622,53.0,0.011971152207817668
20260701,30.0,8,3,grid_fft_topk_plus_ls,-5.860374174151007,9.961368792253678,2.15904109110216,5.318574577171128,0.22779272361146416,0.375,50.824100006138906,0.0,,
20260701,30.0,8,3,deterministic_cartesian_local_refinement_plus_ls,-10.703655393128933,9.935989363192807,2.0955051163182774,5.308752024163242,0.2251684647389693,0.5,841.2008000013884,4.843281218977927,,
20260701,30.0,8,3,fixed_source_trained_scalar_interpolation_plus_ls,-10.042134165165166,9.944572758277621,2.115039261103194,5.31144986947215,0.2259657485344455,0.375,844.0298000059556,4.181759991014159,,
20260701,30.0,8,3,tensor_nomp3d_known_order_v1,-65.6643471023584,0.0003139410643731759,0.0003018370807985074,0.00018347141950303059,1.9868812719802383e-05,1.0,12163.880799998879,59.8039729282074,52.0,0.009814127650936486
20260701,30.0,8,4,grid_fft_topk_plus_ls,-4.454599587501781,16.107707788001903,2.0762595025506756,2.9451820594716107,0.20284512470561344,0.625,41.39549999672454,0.0,,
20260701,30.0,8,4,deterministic_cartesian_local_refinement_plus_ls,-13.991652675841218,15.998689546670676,2.126952071673521,2.8598551942196533,0.20317752059794944,0.75,834.3070999981137,9.537053088339437,,
20260701,30.0,8,4,fixed_source_trained_scalar_interpolation_plus_ls,-10.484216596618019,16.037449225983583,2.106179418041631,2.8891885886166495,0.2029238517730954,0.75,885.5474000010872,6.0296170091162375,,
20260701,30.0,8,4,tensor_nomp3d_known_order_v1,-65.4554695177526,0.0013605371625405498,0.000620862394902827,0.0005320576834309497,4.3533584913395196e-05,1.0,12611.180399995646,61.00086993025082,49.0,0.012358275499834266
20260701,30.0,8,5,grid_fft_topk_plus_ls,-6.613802758170016,4.543665877972527,0.1641010616439748,0.39903146272416806,0.03899680685596168,0.875,30.209500007913448,0.0,,
20260701,30.0,8,5,deterministic_cartesian_local_refinement_plus_ls,-12.62748140648587,4.700159102255122,0.10734741741237022,0.37744746317848227,0.039147144962414254,0.875,814.3510999943828,6.013678648315854,,
20260701,30.0,8,5,fixed_source_trained_scalar_interpolation_plus_ls,-12.264466995618328,4.643631750104666,0.08281253647010842,0.37961048152259325,0.038517992724884084,0.875,865.1672999985749,5.650664237448312,,
20260701,30.0,8,5,tensor_nomp3d_known_order_v1,-65.34893258051179,0.0002095548451982271,0.00016105732130852193,0.00024120723710528794,1.2681623919908557e-05,1.0,12317.882300005294,58.73512982234177,50.0,0.007687755969638366
20260701,30.0,8,6,grid_fft_topk_plus_ls,-5.256627363330796,8.529896771334016,0.9698147132626908,2.202221400758636,0.11336209439925396,0.625,49.30179999792017,0.0,,
20260701,30.0,8,6,deterministic_cartesian_local_refinement_plus_ls,-11.132579126774129,8.602001502860531,1.0425486093434062,2.118298350490461,0.11464734557195952,0.75,872.7006999979494,5.875951763443333,,
20260701,30.0,8,6,fixed_source_trained_scalar_interpolation_plus_ls,-10.204021642487952,8.575573434458422,1.0113653296665772,2.1473719789440167,0.1139615326635419,0.75,867.3124999913853,4.947394279157156,,
20260701,30.0,8,6,tensor_nomp3d_known_order_v1,-64.2709770842623,0.0001508111483949288,0.00020002866288494563,0.00022762524504582013,1.4431973246795788e-05,1.0,12379.09159999981,59.014349720931506,51.0,0.004624400645188787
20260701,30.0,8,7,grid_fft_topk_plus_ls,-5.078047977015481,12.727968232595885,0.7528801941471358,1.124734803919573,0.11548731745265112,0.75,43.7441999965813,0.0,,
20260701,30.0,8,7,deterministic_cartesian_local_refinement_plus_ls,-14.684391453464782,12.877851465350613,0.6628818143697568,1.033995720127902,0.1135013486646299,0.75,913.8766000105534,9.6063434764493,,
20260701,30.0,8,7,fixed_source_trained_scalar_interpolation_plus_ls,-12.655608066910808,12.8238721269408,0.6869835522489767,1.063278389693161,0.1139514766126622,0.75,939.0308000001824,7.577560089895328,,
20260701,30.0,8,7,tensor_nomp3d_known_order_v1,-63.9463964499096,0.0002676026871667346,0.00020166593410591365,0.00028563941562908743,1.5585643294915852e-05,1.0,12327.816400007578,58.86834847289412,51.0,0.0053314281127783
20260701,30.0,8,8,grid_fft_topk_plus_ls,-6.306124450551806,8.84022913202707,1.8127246664538048,1.2003993135475748,0.13788721958123856,0.75,56.53119999624323,0.0,,
20260701,30.0,8,8,deterministic_cartesian_local_refinement_plus_ls,-12.761073046341858,8.953744348753657,1.7260485846927331,1.1964109464146935,0.1338980275188726,0.75,837.1632000053069,6.454948595790052,,
20260701,30.0,8,8,fixed_source_trained_scalar_interpolation_plus_ls,-13.475793491718633,8.912365319519157,1.7546779272323119,1.195409499054607,0.1351683461277193,0.75,776.1938000039663,7.169669041166827,,
20260701,30.0,8,8,tensor_nomp3d_known_order_v1,-65.1284367773045,0.0009556707327198033,0.0014644564899937004,0.0012103026236415413,9.931624316650007e-05,1.0,12006.887900002766,58.822312326752694,48.0,0.015144365829550454
20260701,30.0,8,9,grid_fft_topk_plus_ls,-5.978604593264494,18.44952255010544,2.239015511296884,1.3749644351957409,0.20543718669829272,0.625,49.52169999887701,0.0,,
20260701,30.0,8,9,deterministic_cartesian_local_refinement_plus_ls,-11.487676815957485,18.338820358263092,2.23357657825139,1.4819588652935647,0.20532743515019292,0.625,987.850100005744,5.509072222692991,,
20260701,30.0,8,9,fixed_source_trained_scalar_interpolation_plus_ls,-11.107150825749388,18.378220700219348,2.2348749161850106,1.4385030331155426,0.205295832173691,0.625,954.952999993111,5.128546232484894,,
20260701,30.0,8,9,tensor_nomp3d_known_order_v1,-64.03733180851289,0.00019755321256008712,9.279536501631881e-05,0.0001917466679086455,8.48078643118511e-06,1.0,12419.695599994157,58.058727215248396,55.0,0.0046673362199706565
20260701,30.0,8,10,grid_fft_topk_plus_ls,-4.949888053820506,16.680333556243756,1.9708690632624328,5.881660939315975,0.2567845612063211,0.375,47.97060000419151,0.0,,
20260701,30.0,8,10,deterministic_cartesian_local_refinement_plus_ls,-10.849637870957306,16.757250524429857,2.0037456438459396,6.010605536988948,0.2609659521602003,0.5,847.7024000021629,5.8997498171368,,
20260701,30.0,8,10,fixed_source_trained_scalar_interpolation_plus_ls,-10.594182297111557,16.729140076286676,1.9913052150578585,5.962680186373279,0.2594055870966907,0.5,861.2207999976818,5.644294243291051,,
20260701,30.0,8,10,tensor_nomp3d_known_order_v1,-66.77840633386833,0.00019135761969476595,0.00023137723511162405,0.0002450837634534236,1.6432162853932225e-05,1.0,12262.409100003424,61.828518280047824,50.0,0.0052336979892422955
20260701,30.0,8,11,grid_fft_topk_plus_ls,-6.688932697852139,17.123301786988662,1.9391708686183273,3.9687032506136712,0.21901235746506117,0.75,61.53960000665393,0.0,,
20260701,30.0,8,11,deterministic_cartesian_local_refinement_plus_ls,-10.278560565120616,17.314573662883486,2.0087989552649925,3.8871472736049206,0.22094470620729534,0.75,906.4041000092402,3.5896278672684767,,
20260701,30.0,8,11,fixed_source_trained_scalar_interpolation_plus_ls,-10.660705783351311,17.24582069386646,1.9823137443436765,3.915060209266966,0.2201619904305126,0.75,838.7022999959299,3.971773085499172,,
20260701,30.0,8,11,tensor_nomp3d_known_order_v1,-64.6588712442183,0.00021553185861470243,0.00023416523815032752,0.00027502218149209407,1.7055573491774996e-05,1.0,12300.224600010552,57.969938546366166,54.0,0.004190696894369671
20260701,30.0,8,12,grid_fft_topk_plus_ls,-5.562821600573331,13.449246202447988,0.9805092380844315,1.8855704422330557,0.13515799608654433,0.75,50.71949999546632,0.0,,
20260701,30.0,8,12,deterministic_cartesian_local_refinement_plus_ls,-11.638773473314538,13.447916860480381,1.0529980202708276,2.026517980266639,0.13921129220351802,0.875,870.1160999917192,6.075951872741207,,
20260701,30.0,8,12,fixed_source_trained_scalar_interpolation_plus_ls,-11.272897606858557,13.447960240788753,1.0240842646918489,1.973152176878644,0.1376111092371964,0.875,840.3942000004463,5.710076006285226,,
20260701,30.0,8,12,tensor_nomp3d_known_order_v1,-64.13562039165438,0.00011570358451819466,0.0003215501927323153,0.00017761138492278794,2.0868838380171978e-05,1.0,12018.807200001902,58.572798791081055,51.0,0.007307542554865392
20260701,30.0,8,13,grid_fft_topk_plus_ls,-4.063825395728659,11.307065337434345,0.822862308594689,4.542445741603464,0.1749241764869185,0.5,48.00559999421239,0.0,,
20260701,30.0,8,13,deterministic_cartesian_local_refinement_plus_ls,-14.32663972309362,11.226226331327087,0.8801028119541171,4.639462876523626,0.17815158648549892,0.75,873.9545999997063,10.26281432736496,,
20260701,30.0,8,13,fixed_source_trained_scalar_interpolation_plus_ls,-9.832651531939668,11.254852215323913,0.8515456720508378,4.603220232678705,0.17679640973258348,0.75,932.3411999939708,5.7688261362110085,,
20260701,30.0,8,13,tensor_nomp3d_known_order_v1,-65.49891106823891,0.000650513476999876,0.0009679596041081549,0.0004095231446317866,6.204475115364435e-05,1.0,12417.713400005596,61.435085672510255,50.0,0.011406425488708322
20260701,30.0,8,14,grid_fft_topk_plus_ls,-4.511295675701854,9.842669719007478,1.4239240539751727,3.180386592841322,0.15398350512096656,0.75,46.667800008435734,0.0,,
20260701,30.0,8,14,deterministic_cartesian_local_refinement_plus_ls,-11.763763904202278,9.99056118463824,1.3553270536646753,3.179321742863891,0.15211381520621461,0.75,786.3324000063585,7.252468228500424,,
20260701,30.0,8,14,fixed_source_trained_scalar_interpolation_plus_ls,-9.430577369225263,9.937125228009883,1.3776450808699952,3.1787880413731022,0.15267142932362454,0.75,874.5919999928446,4.919281693523409,,
20260701,30.0,8,14,tensor_nomp3d_known_order_v1,-65.66385700673105,0.0001734594678015033,0.00015453909843704175,0.00023988472860479802,1.2301332438879626e-05,1.0,10575.718899999629,61.1525613310292,51.0,0.007811475563308512
20260701,30.0,8,15,grid_fft_topk_plus_ls,-6.359673297822176,3.605114382501744,0.33259411609560463,4.189007734068301,0.13550601162597753,0.5,48.79919999802951,0.0,,
20260701,30.0,8,15,deterministic_cartesian_local_refinement_plus_ls,-11.448876067635139,3.6199425047710934,0.3974899527097146,4.2146441524603455,0.13698132772754243,0.625,725.415900000371,5.089202769812963,,
20260701,30.0,8,15,fixed_source_trained_scalar_interpolation_plus_ls,-11.089511643107222,3.6130298274858665,0.3637377726858508,4.204098481689973,0.1362856129857086,0.625,749.6423999982653,4.729838345285047,,
20260701,30.0,8,15,tensor_nomp3d_known_order_v1,-64.78807548744578,0.00021392730248250368,0.0001865996879359123,0.00021611307415702214,1.358001966946584e-05,1.0,10924.775200008298,58.428402189623604,62.0,0.010173997405927318
20260701,30.0,8,16,grid_fft_topk_plus_ls,-4.653312745116191,9.735356633483518,1.7875034883239724,5.6561318362899655,0.22250367641229254,0.625,41.22460000507999,0.0,,
20260701,30.0,8,16,deterministic_cartesian_local_refinement_plus_ls,-11.560328817772776,9.888370143621108,1.790372783558866,5.759588860442519,0.22557618101487423,0.75,720.7384999928763,6.907016072656585,,
20260701,30.0,8,16,fixed_source_trained_scalar_interpolation_plus_ls,-9.886098783642854,9.833113030675321,1.7869054825154544,5.72161398489163,0.22437439806241058,0.75,856.2830000009853,5.232786038526664,,
20260701,30.0,8,16,tensor_nomp3d_known_order_v1,-65.15803352723853,0.0002526804218796854,0.00021275457405424536,0.0002723453419633274,1.591053118460798e-05,1.0,10978.099999992992,60.50472078212234,51.0,0.010136861840277548
20260701,30.0,8,17,grid_fft_topk_plus_ls,-5.632383872904478,20.835889593676878,1.2791349154692337,2.5954239970559505,0.19866341397112158,0.5,53.51289999089204,0.0,,
20260701,30.0,8,17,deterministic_cartesian_local_refinement_plus_ls,-12.747771429777377,20.8763500208764,1.357532891101555,2.6685201821930993,0.20187465303665086,0.75,898.6021000018809,7.115387556872898,,
20260701,30.0,8,17,fixed_source_trained_scalar_interpolation_plus_ls,-12.727368137857786,20.8615571909117,1.3250606669567933,2.6403755849107786,0.2005729387297677,0.75,940.800099997432,7.0949842649533075,,
20260701,30.0,8,17,tensor_nomp3d_known_order_v1,-66.98304158339621,0.00019270695158896527,0.00026234178589402144,0.00016437594084736388,1.7247998596195137e-05,1.0,11406.175500000245,61.35065771049174,49.0,0.01158764836349242
20260701,30.0,8,18,grid_fft_topk_plus_ls,-5.547010437594102,18.15595025948918,1.03602478728178,1.254502198756649,0.1607768412909877,0.5,43.925199992372654,0.0,,
20260701,30.0,8,18,deterministic_cartesian_local_refinement_plus_ls,-11.607884620414936,18.068265672360187,1.1115328280460515,1.4275714722067832,0.1635299996518214,0.625,819.5736999914516,6.060874182820834,,
20260701,30.0,8,18,fixed_source_trained_scalar_interpolation_plus_ls,-10.408533203824483,18.099551899310686,1.079049807676151,1.36118897327731,0.16233417186463278,0.625,845.7936999911908,4.861522766230381,,
20260701,30.0,8,18,tensor_nomp3d_known_order_v1,-64.55282931157844,0.00020872742362011904,0.0001035279840009303,0.00011001624967000239,7.5064227162121585e-06,1.0,9799.487100011902,59.00581887398433,51.0,0.01230077629563784
20260701,30.0,8,19,grid_fft_topk_plus_ls,-7.219081706417029,10.155377676934952,1.356621052084854,0.648767759239429,0.11787636409910479,0.875,24.63759999955073,0.0,,
20260701,30.0,8,19,deterministic_cartesian_local_refinement_plus_ls,-11.414177575083656,10.154530735694323,1.2724220615135484,0.7818191934290794,0.11495638084795828,0.875,610.5837999930372,4.195095868666627,,
20260701,30.0,8,19,fixed_source_trained_scalar_interpolation_plus_ls,-12.837528405409511,10.154547533448474,1.2998446564115103,0.7250025688157211,0.11578827354524308,0.875,640.9098000003723,5.618446698992482,,
20260701,30.0,8,19,tensor_nomp3d_known_order_v1,-64.75152208335398,0.00023254511227778217,0.0001709951096227974,0.0001856359425180619,1.2295111453988654e-05,1.0,7612.2791999951005,57.53244037693695,54.0,0.006743046534340035
20260702,0.0,2,0,grid_fft_topk_plus_ls,-3.1800495562815967,0.1380643822374072,0.2608542917853604,0.25298050409164496,0.018151121868158645,1.0,9.07329999608919,0.0,,
20260702,0.0,2,0,deterministic_cartesian_local_refinement_plus_ls,-10.721356149367693,0.07344736498710537,0.09137071013350885,0.08773668317729925,0.006360684713883102,1.0,161.02369999862276,7.541306593086096,,
20260702,0.0,2,0,fixed_source_trained_scalar_interpolation_plus_ls,-7.320503883581982,0.06685949019717037,0.13449200764383532,0.12736387092396398,0.009315086839818115,1.0,157.757799999672,4.140454327300386,,
20260702,0.0,2,0,tensor_nomp3d_known_order_v1,-43.41437703131143,0.0017495858433940808,0.0031045089748043837,0.0006754344508162719,0.0001956545286716431,1.0,1030.2119999978459,40.234327475029836,7.0,1.4213911375569135
20260702,0.0,2,1,grid_fft_topk_plus_ls,-5.049022377023022,0.21442251794235243,0.28193898561898995,0.1274778347585167,0.01814337776042128,1.0,11.922199992113747,0.0,,
20260702,0.0,2,1,deterministic_cartesian_local_refinement_plus_ls,-13.368671446173908,0.08740756528204925,0.0730116563967269,0.03891016403844221,0.004771570461278971,1.0,177.3176999995485,8.319649069150886,,
20260702,0.0,2,1,fixed_source_trained_scalar_interpolation_plus_ls,-10.760090601996682,0.12469758140037956,0.14229879224559436,0.03118631672375331,0.008999794614326276,1.0,165.85160000249743,5.71106822497366,,
20260702,0.0,2,1,tensor_nomp3d_known_order_v1,-40.43410259782127,0.002602092166885228,0.0022980867098569752,0.004052612546762442,0.0001925660874434364,1.0,971.5623999945819,35.38508022079825,6.0,3.388366691384853
20260702,0.0,2,2,grid_fft_topk_plus_ls,-7.991695142794393,0.08246248182042382,0.18310306710850383,0.09453546126045217,0.011836652308474692,1.0,8.254200001829304,0.0,,
20260702,0.0,2,2,deterministic_cartesian_local_refinement_plus_ls,-11.964180910700028,0.08246248182042382,0.04197034376915323,0.09453546126045217,0.004002928160031611,1.0,170.01970000274014,3.972485767905635,,
20260702,0.0,2,2,fixed_source_trained_scalar_interpolation_plus_ls,-11.977651666425952,0.08246248182042382,0.03872223249104504,0.09453546126045217,0.0038729332188426457,1.0,149.33010000095237,3.9859565236315593,,
20260702,0.0,2,2,tensor_nomp3d_known_order_v1,-40.6429935561324,0.001458763176628732,0.001193029711131011,0.0036412268050041723,0.0001365192708587686,1.0,1101.7294000048423,32.65129841333801,7.0,1.1230791772256605
20260702,0.0,2,3,grid_fft_topk_plus_ls,-5.129933359360704,43.33536949403642,1.4862934617124552,0.1785756185885244,0.35111471878152833,0.0,10.762300007627346,0.0,,
20260702,0.0,2,3,deterministic_cartesian_local_refinement_plus_ls,-11.821426736050196,43.49185432271808,1.3181042802327665,0.1785756185885244,0.34966895875304504,0.5,204.68439999967813,6.6914933766894915,,
20260702,0.0,2,3,fixed_source_trained_scalar_interpolation_plus_ls,-10.192475335866348,43.43555007881637,1.3764657145778056,0.1785756185885244,0.3501198997625508,0.5,193.57649999437854,5.062541976505644,,
20260702,0.0,2,3,tensor_nomp3d_known_order_v1,-39.1358996880729,0.005799601413228487,0.00270908051417769,0.01024868480280375,0.0003650960652569982,1.0,977.5620000000345,34.00596632871219,5.0,0.19480030496628126
20260702,0.0,2,4,grid_fft_topk_plus_ls,-6.408974927233967,0.23703305058792906,0.18772314139091048,0.1849390901572997,0.013209324358743255,1.0,12.042900008964352,0.0,,
20260702,0.0,2,4,deterministic_cartesian_local_refinement_plus_ls,-15.683581075264822,0.08726680012775694,0.05881758829149664,0.03604642590459063,0.003904793227171401,1.0,173.3432999899378,9.274606148030855,,
20260702,0.0,2,4,fixed_source_trained_scalar_interpolation_plus_ls,-12.277737140644058,0.13852387300400817,0.05659389905147224,0.08522328048332985,0.0045579803317718996,1.0,173.37350000161678,5.868762213410092,,
20260702,0.0,2,4,tensor_nomp3d_known_order_v1,-41.51527466158659,0.0020354690739844525,0.004596804619623715,0.002676855238086338,0.00029965303944630184,1.0,1041.2728999945102,35.10629973435262,6.0,2.1232934665119156
20260702,0.0,2,5,grid_fft_topk_plus_ls,-4.963887839723985,0.027338326299726455,0.22787193183081814,0.25171173245982215,0.016271259441630846,1.0,10.821199990459718,0.0,,
20260702,0.0,2,5,deterministic_cartesian_local_refinement_plus_ls,-17.654898358328108,0.027338326299726455,0.0516005286218009,0.04274081972968174,0.0034972013633262663,1.0,178.71359999116976,12.691010518604124,,
20260702,0.0,2,5,fixed_source_trained_scalar_interpolation_plus_ls,-11.604848981249544,0.027338326299726455,0.093092044019711,0.11056032921732054,0.00677013868928014,1.0,178.82259999169037,6.640961141525559,,
20260702,0.0,2,5,tensor_nomp3d_known_order_v1,-44.70202873630933,0.0009614200091154416,0.0015960175042817803,0.0010862167904094947,0.00010563574713623514,1.0,1076.4229000051273,39.73814089658534,6.0,1.6694796822951712
20260702,0.0,2,6,grid_fft_topk_plus_ls,-6.746258787687224,0.2028388458090689,0.13601829716329272,0.11765245209581683,0.009396718747273915,1.0,8.030700002564117,0.0,,
20260702,0.0,2,6,deterministic_cartesian_local_refinement_plus_ls,-14.52957937392634,0.07070675655524766,0.05556958268968919,0.05289892726100947,0.003885906516952854,1.0,173.4304000128759,7.783320586239117,,
20260702,0.0,2,6,fixed_source_trained_scalar_interpolation_plus_ls,-12.969476396403547,0.11010748152722842,0.05280880637027713,0.030570647638158876,0.003542070425812148,1.0,189.5275999995647,6.223217608716323,,
20260702,0.0,2,6,tensor_nomp3d_known_order_v1,-39.68747070179773,0.0035389869900600865,0.0034064586053542427,0.002028693009728774,0.0002238560613127413,1.0,944.7891000017989,32.941211914110504,7.0,0.27164869887850956
20260702,0.0,2,7,grid_fft_topk_plus_ls,-5.792801319537244,0.27031559085270956,0.1302219447109044,0.23329254820884,0.011128832731771093,1.0,11.31859999441076,0.0,,
20260702,0.0,2,7,deterministic_cartesian_local_refinement_plus_ls,-16.16470380820036,0.07060315020383219,0.055921946367363314,0.07778426538414214,0.004292867288334305,1.0,154.4751999899745,10.371902488663117,,
20260702,0.0,2,7,fixed_source_trained_scalar_interpolation_plus_ls,-13.187268843340494,0.13314790138235486,0.04755407959183746,0.13249241130326642,0.00520177100662742,1.0,182.51119999331422,7.39446752380325,,
20260702,0.0,2,7,tensor_nomp3d_known_order_v1,-41.19793548057369,0.000554847878104673,0.004238017069779636,0.0021365903091464964,0.0002731961683139939,1.0,1078.1907999917166,35.40513416103644,7.0,1.0622120803684978
20260702,0.0,2,8,grid_fft_topk_plus_ls,-3.3408649187549218,0.12621870109703368,0.30751515267207397,0.2591607586869317,0.02087963722975703,1.0,12.087299997801892,0.0,,
20260702,0.0,2,8,deterministic_cartesian_local_refinement_plus_ls,-14.925716955083605,0.03313438981150478,0.08258349173631184,0.038347002426357295,0.005305072290102849,1.0,195.35899999027606,11.584852036328684,,
20260702,0.0,2,8,fixed_source_trained_scalar_interpolation_plus_ls,-8.90038149491607,0.024312358634412404,0.16310545595527287,0.11557489385407266,0.010816656458725222,1.0,177.78209999960382,5.5595165761611485,,
20260702,0.0,2,8,tensor_nomp3d_known_order_v1,-41.44720079483108,0.002624209233201274,0.0005371161631539037,0.004228868112748099,0.0001378819455027863,1.0,1034.5995999959996,38.10633587607616,6.0,2.0731960621799725
20260702,0.0,2,9,grid_fft_topk_plus_ls,-4.841890700649391,0.2938610615798044,0.1823947912363573,0.08893622049161377,0.011956065243586106,1.0,9.27179999416694,0.0,,
20260702,0.0,2,9,deterministic_cartesian_local_refinement_plus_ls,-13.835888181137072,0.07031465209532349,0.05484855571192677,0.07508805552839569,0.004190377012083358,1.0,153.01239999826066,8.993997480487682,,
20260702,0.0,2,9,fixed_source_trained_scalar_interpolation_plus_ls,-10.254986694203676,0.14986306228199126,0.08958457374303536,0.025164871292872357,0.005773942826993555,1.0,145.2568000095198,5.413095993554285,,
20260702,0.0,2,9,tensor_nomp3d_known_order_v1,-39.45751465592191,0.003341260338128167,0.0038583727549075116,0.0014190864066537987,0.00024657758743297075,1.0,921.4496999920812,34.61562395527252,7.0,1.6246409141250644
20260702,0.0,2,10,grid_fft_topk_plus_ls,-4.975673345196614,0.19661855050351681,0.062389689491886065,0.266251191108258,0.009316262274111474,1.0,10.939900006633252,0.0,,
20260702,0.0,2,10,deterministic_cartesian_local_refinement_plus_ls,-13.704670404445835,0.06310697697733349,0.062389689491886065,0.07487698368972841,0.004574188982610102,1.0,159.02269999787677,8.72899705924922,,
20260702,0.0,2,10,fixed_source_trained_scalar_interpolation_plus_ls,-10.068458752672244,0.10286455366388049,0.062389689491886065,0.1317063875025811,0.0057263257286987645,1.0,155.7673000061186,5.09278540747563,,
20260702,0.0,2,10,tensor_nomp3d_known_order_v1,-46.44898439704379,0.0022010113115146623,0.0006353163387273388,0.0002501734483022575,4.3971230049987675e-05,1.0,948.5092999966582,41.473311051847176,7.0,4.558565064415852
20260702,0.0,2,11,grid_fft_topk_plus_ls,-3.0836542010535597,0.3176130337498595,0.05466157037993742,0.30030942971187874,0.010290800091983522,1.0,8.082799991825595,0.0,,
20260702,0.0,2,11,deterministic_cartesian_local_refinement_plus_ls,-11.884347583275702,0.09355103556669238,0.05466157037993742,0.08094565040655065,0.004313262465581035,1.0,157.12689999782015,8.800693382222143,,
20260702,0.0,2,11,fixed_source_trained_scalar_interpolation_plus_ls,-8.946685431580619,0.11246729649669376,0.05466157037993742,0.15768048415296795,0.006060022044097588,1.0,176.52470000030007,5.863031230527059,,
20260702,0.0,2,11,tensor_nomp3d_known_order_v1,-39.815243447177366,0.0011280909746358132,0.0006913446466842237,0.004435375187778331,0.00014545161206209185,1.0,915.8560000068974,36.731589246123804,6.0,0.8528862515834639
20260702,0.0,2,12,grid_fft_topk_plus_ls,-6.524431553868509,0.19415813032664972,0.029075265995580194,0.2800194764844952,0.009065111574393507,1.0,12.51369999954477,0.0,,
20260702,0.0,2,12,deterministic_cartesian_local_refinement_plus_ls,-13.34839768103349,0.08394937731194566,0.029075265995580194,0.07640689338495577,0.003071410244206913,1.0,183.36579999595415,6.82396612716498,,
20260702,0.0,2,12,fixed_source_trained_scalar_interpolation_plus_ls,-13.599053006775126,0.07991256093802057,0.029075265995580194,0.14208569100131072,0.004838096907355753,1.0,169.44149999471847,7.074621452906617,,
20260702,0.0,2,12,tensor_nomp3d_known_order_v1,-41.82683323650029,0.0025743524754599525,0.0015096026028227573,0.001115375954797508,0.00010257366475014433,1.0,998.0084999988321,35.30240168263178,6.0,2.1947160832701345
20260702,0.0,2,13,grid_fft_topk_plus_ls,-6.045338197472749,0.15469187356136316,0.20750721938721137,0.13089643604155177,0.01365258316917211,1.0,9.921100005158223,0.0,,
20260702,0.0,2,13,deterministic_cartesian_local_refinement_plus_ls,-13.664075693300875,0.011765706492448435,0.05975506437635809,0.0962345284545499,0.0047958729950966375,1.0,171.37969999748748,7.6187374958281255,,
20260702,0.0,2,13,fixed_source_trained_scalar_interpolation_plus_ls,-12.927873977045108,0.05328483200625187,0.10905252625404652,0.021061190678682753,0.006860128963758424,1.0,172.91749999276362,6.8825357795723585,,
20260702,0.0,2,13,tensor_nomp3d_known_order_v1,-40.70900804763995,0.003973481593921938,0.0011953365271907994,0.0016468442652906082,9.588301809918519e-05,1.0,1006.9197000120766,34.663669850167196,7.0,0.9098358028748658
20260702,0.0,2,14,grid_fft_topk_plus_ls,-4.684532402963462,0.06515262372260905,0.25473907865663126,0.16941410245778252,0.016786062942101873,1.0,7.858299999497831,0.0,,
20260702,0.0,2,14,deterministic_cartesian_local_refinement_plus_ls,-12.317353414013933,0.06515262372260905,0.0941452498565374,0.07819866092237208,0.006391648517966199,1.0,148.38100000633858,7.6328210110504715,,
20260702,0.0,2,14,fixed_source_trained_scalar_interpolation_plus_ls,-9.739112333454983,0.06515262372260905,0.13148952559587976,0.05065639368620542,0.008384635059947868,1.0,164.48780000791885,5.0545799304915215,,
20260702,0.0,2,14,tensor_nomp3d_known_order_v1,-40.67500696216152,0.0031872090396429784,0.003838669906830529,0.0009269395817936417,0.00024293866864452289,1.0,1065.7083999976749,35.990474559198056,7.0,4.634886633849049
20260702,0.0,2,15,grid_fft_topk_plus_ls,-6.580544972489438,20.460229947565402,2.119459118700231,4.360641860381587,0.2483292577722262,0.0,8.604000002378598,0.0,,
20260702,0.0,2,15,deterministic_cartesian_local_refinement_plus_ls,-10.407830120555314,20.460229947565402,2.119459118700231,4.4965833294661035,0.25068558836765287,0.5,202.40389999526087,3.827285148065876,,
20260702,0.0,2,15,fixed_source_trained_scalar_interpolation_plus_ls,-9.953059056904559,20.460229947565402,2.119459118700231,4.44511172930244,0.24978752534097529,0.5,176.6403000074206,3.372514084415121,,
20260702,0.0,2,15,tensor_nomp3d_known_order_v1,-45.346125119108635,0.0013686427653790646,0.0010601940597165778,0.0023086242723282407,9.853846878546413e-05,1.0,1061.0804000025382,38.7655801466192,7.0,2.8263702473670413
20260702,0.0,2,16,grid_fft_topk_plus_ls,-8.79311773115042,43.228981538755576,2.7629700824110275,10.742048686095158,0.5065240167797757,0.0,10.422200008179061,0.0,,
20260702,0.0,2,16,deterministic_cartesian_local_refinement_plus_ls,-11.25964732122154,43.38475657813118,2.603586837333404,10.901026592322134,0.5073549452141376,0.5,169.78810000000522,2.4665295900711186,,
20260702,0.0,2,16,fixed_source_trained_scalar_interpolation_plus_ls,-20.57374896404575,43.32870524199797,2.6595691522583182,10.84383103122722,0.5069997797996788,0.0,172.02830000314862,11.780631232895328,,
20260702,0.0,2,16,tensor_nomp3d_known_order_v1,-41.49866184280937,0.004882965603434599,0.022600099321695714,0.0031367047401873196,0.0014164170947588584,1.0,1031.6020000027493,32.70554411165895,7.0,0.7468563403064215
20260702,0.0,2,17,grid_fft_topk_plus_ls,-5.954984949783578,21.25894409008684,0.22111988074057215,4.718448923791303,0.2225249179387876,0.5,10.364499990828335,0.0,,
20260702,0.0,2,17,deterministic_cartesian_local_refinement_plus_ls,-11.656011676544235,21.25894409008684,0.29947218220780053,4.558053550855636,0.21959881191961536,0.5,182.19520000275224,5.701026726760658,,
20260702,0.0,2,17,fixed_source_trained_scalar_interpolation_plus_ls,-11.627281116056928,21.25894409008684,0.2144437582605213,4.614867966775468,0.22036761243663563,0.5,194.81939999968745,5.67229616627335,,
20260702,0.0,2,17,tensor_nomp3d_known_order_v1,-40.77925418887999,0.004998002530746513,0.007481862085648093,0.009024437883177729,0.0005474682246888813,1.0,978.9242999977432,34.82426923909641,7.0,3.421848464448643
20260702,0.0,2,18,grid_fft_topk_plus_ls,-4.36440380677025,16.791418975167552,2.3601584444366854,7.210225363599003,0.2995614075442434,0.0,11.2127999891527,0.0,,
20260702,0.0,2,18,deterministic_cartesian_local_refinement_plus_ls,-7.118311135500525,16.791418975167552,2.4737343288373097,7.050062642302485,0.29941807791100356,0.5,156.70390000741463,2.753907328730275,,
20260702,0.0,2,18,fixed_source_trained_scalar_interpolation_plus_ls,-6.986931804746081,16.791418975167552,2.4276900482835915,7.107009948242419,0.2992606297985019,0.5,163.30659999221098,2.6225279979758307,,
20260702,0.0,2,18,tensor_nomp3d_known_order_v1,-42.79558665946253,0.0013616504009145026,0.0032250900305827363,0.0011023109917441868,0.0002047669051189743,1.0,973.1750000064494,38.43118285269228,6.0,1.404354605775133
20260702,0.0,2,19,grid_fft_topk_plus_ls,-4.906593285387577,0.3081609746485399,0.02717084422814607,0.15234792970112995,0.005598732935271204,1.0,11.342699988745153,0.0,,
20260702,0.0,2,19,deterministic_cartesian_local_refinement_plus_ls,-13.151007692802903,0.08692603886129192,0.02717084422814607,0.0822047666921033,0.003153448832121372,1.0,175.08950000046752,8.244414407415327,,
20260702,0.0,2,19,fixed_source_trained_scalar_interpolation_plus_ls,-10.52042636047622,0.1649796584060415,0.02717084422814607,0.031815960537913586,0.002352362806033051,1.0,188.7577000015881,5.613833075088643,,
20260702,0.0,2,19,tensor_nomp3d_known_order_v1,-40.45242721701037,0.0015901423632074183,0.0009013768014543251,0.0024849175757501014,9.673765696169982e-05,1.0,917.4953000037931,35.54583393162279,7.0,0.3892276752495539
20260702,0.0,4,0,grid_fft_topk_plus_ls,-6.3694712215753855,0.20978967108962904,0.20249353712505508,0.040680196895116955,0.012824694667725765,1.0,12.727399996947497,0.0,,
20260702,0.0,4,0,deterministic_cartesian_local_refinement_plus_ls,-15.62230838007413,0.07321179097506045,0.0495378227717228,0.040680196895116955,0.0033954616792162915,1.0,306.198599995696,9.252837158498746,,
20260702,0.0,4,0,fixed_source_trained_scalar_interpolation_plus_ls,-13.3431082144489,0.10233741067004795,0.08677795837001037,0.040680196895116955,0.005627698463528106,1.0,337.3786000011023,6.973636992873515,,
20260702,0.0,4,0,tensor_nomp3d_known_order_v1,-40.78629176448551,0.0025151305150222757,0.003744095466998639,0.0032273176533471333,0.00025557065111005644,1.0,2486.884199999622,34.41682054291012,17.0,3.6830859821714146
20260702,0.0,4,1,grid_fft_topk_plus_ls,-5.13371437352909,0.2118794070904102,0.2538885527339143,0.11955051681971764,0.016385722875905596,1.0,19.94379999814555,0.0,,
20260702,0.0,4,1,deterministic_cartesian_local_refinement_plus_ls,-13.981046671765524,0.05715643562595051,0.0647725840413811,0.0773920693320038,0.004736788947548274,1.0,386.8230000080075,8.847332298236434,,
20260702,0.0,4,1,fixed_source_trained_scalar_interpolation_plus_ls,-12.74666908346944,0.08084379917842437,0.11890421072911324,0.05607404535323403,0.00766139026236593,1.0,305.84210000233725,7.61295470994035,,
20260702,0.0,4,1,tensor_nomp3d_known_order_v1,-36.23904032856445,0.0033228299271117093,0.005884693563546898,0.002749674343305694,0.0003785886326804338,1.0,2782.7477999962866,31.10532595503536,17.0,2.7288172119237446
20260702,0.0,4,2,grid_fft_topk_plus_ls,-5.260156143652079,40.598417068162895,3.247446339638614,9.107604015515493,0.47201627499861537,0.5,12.648100004298612,0.0,,
20260702,0.0,4,2,deterministic_cartesian_local_refinement_plus_ls,-11.677637564712926,40.688526098073666,3.477978125286896,9.107139913320882,0.47884706966398105,0.5,332.7908999926876,6.417481421060847,,
20260702,0.0,4,2,fixed_source_trained_scalar_interpolation_plus_ls,-10.633432877630797,40.656032327318925,3.3946576236851076,9.107146385330225,0.47633650081768614,0.5,307.81010001373943,5.373276733978718,,
20260702,0.0,4,2,tensor_nomp3d_known_order_v1,-37.7070983071589,0.0026326890906754226,0.005399494536074082,0.005344607328132756,0.0003770985334349174,1.0,2494.0545999997994,32.44694216350682,15.0,2.992534792747331
20260702,0.0,4,3,grid_fft_topk_plus_ls,-5.054411249160199,6.5235752479181475,3.493453962814959,0.5518340738847911,0.22487239834924036,0.75,19.61699999810662,0.0,,
20260702,0.0,4,3,deterministic_cartesian_local_refinement_plus_ls,-12.962753119887429,6.745151862547891,3.6037889840736472,0.6443528701274605,0.23219388847876787,0.75,386.39460000558756,7.90834187072723,,
20260702,0.0,4,3,fixed_source_trained_scalar_interpolation_plus_ls,-12.010236370378983,6.665346806373765,3.5634483218613737,0.6056686272098364,0.22950389825837628,0.75,336.8393999990076,6.955825121218784,,
20260702,0.0,4,3,tensor_nomp3d_known_order_v1,-37.084423393735825,0.00507051900697274,0.0038227136459994073,0.009567461713411522,0.0003847632278508324,1.0,2663.0095000000438,32.03001214457563,16.0,7.232545806635039
20260702,0.0,4,4,grid_fft_topk_plus_ls,-9.529962068387102,1.4208345596767606,1.230067716047135,7.454952861884465,0.24557561863469024,0.5,13.060199999017641,0.0,,
20260702,0.0,4,4,deterministic_cartesian_local_refinement_plus_ls,-11.33473557351071,1.4208345596767606,1.3599729822687194,7.454778577649679,0.24823203545756065,0.5,319.1599999991013,1.8047735051236078,,
20260702,0.0,4,4,fixed_source_trained_scalar_interpolation_plus_ls,-11.891690460867306,1.4208345596767606,1.3049384792497616,7.454645865098437,0.2470714722362291,0.5,344.9878999963403,2.361728392480204,,
20260702,0.0,4,4,tensor_nomp3d_known_order_v1,-35.92335529315969,21.660049521077205,0.01948316595274216,6.451532082300086,0.26321729316355874,0.75,2760.6967000028817,26.393393224772588,16.0,5.0641598897026245
20260702,0.0,4,5,grid_fft_topk_plus_ls,-3.9101603402232525,0.18118477615194675,0.1992829703470845,0.24809667257642562,0.014739221207908944,1.0,17.976000002818182,0.0,,
20260702,0.0,4,5,deterministic_cartesian_local_refinement_plus_ls,-12.95531735707796,0.05220319723970965,0.06709861040485315,0.09491166771896312,0.005152692153674524,1.0,372.9011000104947,9.045157016854706,,
20260702,0.0,4,5,fixed_source_trained_scalar_interpolation_plus_ls,-12.368090852480957,0.06911531523720936,0.09156043151156085,0.06745295270148056,0.006122265750315211,1.0,315.0441000034334,8.457930512257704,,
20260702,0.0,4,5,tensor_nomp3d_known_order_v1,-35.473221416123934,0.003963831198493145,0.007930203230344903,0.003662089864580303,0.0005096197577560154,1.0,2681.41679999826,31.56306107590068,17.0,1.703074850396693
20260702,0.0,4,6,grid_fft_topk_plus_ls,-5.124901871735876,5.865846109647436,2.673465135345112,2.3467814175960235,0.18814357194710685,0.5,16.933199993218295,0.0,,
20260702,0.0,4,6,deterministic_cartesian_local_refinement_plus_ls,-10.638891341645921,5.967898082997225,2.5529526737401547,2.230404434752108,0.18025308090118772,0.75,322.07159999234136,5.513989469910046,,
20260702,0.0,4,6,fixed_source_trained_scalar_interpolation_plus_ls,-10.046918415875005,5.930085521225632,2.594507115363122,2.2708409126157623,0.18296723360856118,0.75,335.08619999338407,4.9220165441391295,,
20260702,0.0,4,6,tensor_nomp3d_known_order_v1,-39.37927717551797,0.0018375136218683585,0.0014412795036235423,0.006979739291285979,0.00023642217503366415,1.0,2726.5444999939064,34.2543753037821,16.0,2.290831658202252
20260702,0.0,4,7,grid_fft_topk_plus_ls,-4.821322676931147,28.673016488901915,1.4948231049633292,5.55337131556523,0.29837087703653137,0.25,18.51120000355877,0.0,,
20260702,0.0,4,7,deterministic_cartesian_local_refinement_plus_ls,-9.30462916660119,28.67492784191355,1.5368693237894098,5.395979594167934,0.2963897069307449,0.5,344.18539999751374,4.483306489670043,,
20260702,0.0,4,7,fixed_source_trained_scalar_interpolation_plus_ls,-9.278132891924802,28.674091255228348,1.5162016580512396,5.452060314347357,0.29697062748483016,0.5,329.95949999894947,4.456810214993655,,
20260702,0.0,4,7,tensor_nomp3d_known_order_v1,-37.44810246660584,0.0061750228189508035,0.004475715819743555,0.004501155335205321,0.00031680119552227726,1.0,2700.319399998989,32.62677978967469,18.0,2.2990992377884605
20260702,0.0,4,8,grid_fft_topk_plus_ls,-4.922191789319989,0.20411476308016366,0.12413866880255457,0.15038724376527135,0.009210106474243144,1.0,17.903200001455843,0.0,,
20260702,0.0,4,8,deterministic_cartesian_local_refinement_plus_ls,-16.901232772339203,0.07312831979301167,0.05286285239799537,0.0438419041051834,0.0036220720472459967,1.0,290.5502999929013,11.979040983019214,,
20260702,0.0,4,8,fixed_source_trained_scalar_interpolation_plus_ls,-11.751468074200664,0.08194430584889818,0.06635395457955415,0.05927902459938712,0.004586949817958948,1.0,337.2376000043005,6.829276284880676,,
20260702,0.0,4,8,tensor_nomp3d_known_order_v1,-39.97266643874693,0.0035153298065714574,0.0018452148255374754,0.0028919326104220413,0.00014906902406718837,1.0,2584.6404999902006,35.05047464942694,17.0,2.6030394530468883
20260702,0.0,4,9,grid_fft_topk_plus_ls,-9.178725929759192,21.485695226382933,0.12065118476528648,5.429333498432656,0.23878779719791435,0.75,15.705999991041608,0.0,,
20260702,0.0,4,9,deterministic_cartesian_local_refinement_plus_ls,-14.772037002958454,21.71015439778516,0.12065118476528648,5.4284958338892855,0.24000522679158282,0.75,351.64829999848735,5.593311073199262,,
20260702,0.0,4,9,fixed_source_trained_scalar_interpolation_plus_ls,-13.878627396794203,21.629644168777066,0.12065118476528648,5.428527856384302,0.23956184715767972,0.75,322.8862999967532,4.69990146703501,,
20260702,0.0,4,9,tensor_nomp3d_known_order_v1,-39.955457923048236,0.0037023418227053956,0.002158257549067817,0.0012467999198347449,0.0001433538054718266,1.0,2720.669500005897,30.776731993289044,15.0,0.8926347457622079
20260702,0.0,4,10,grid_fft_topk_plus_ls,-3.4552449112303525,13.333497338599674,0.8699298839220617,2.051482352135301,0.13385464768480848,0.75,15.37909999024123,0.0,,
20260702,0.0,4,10,deterministic_cartesian_local_refinement_plus_ls,-8.767324958486219,13.445417398998226,0.7370183514791152,2.2587365213320183,0.13467763137804614,0.75,412.27169999910984,5.312080047255867,,
20260702,0.0,4,10,fixed_source_trained_scalar_interpolation_plus_ls,-8.051456245053174,13.405122882285141,0.7797685341316122,2.1801197272722987,0.13410641894462055,0.75,356.27229999226984,4.596211333822822,,
20260702,0.0,4,10,tensor_nomp3d_known_order_v1,-39.02666823962128,0.003602580304502055,0.0040406171477428525,0.004283854349261609,0.0002872092915041903,1.0,2563.134900003206,35.57142332839093,17.0,4.953620826345895
20260702,0.0,4,11,grid_fft_topk_plus_ls,-8.222029630122794,0.1572568499441905,0.1480207952745639,0.0993616867278104,0.009835511206392146,1.0,18.406799994409084,0.0,,
20260702,0.0,4,11,deterministic_cartesian_local_refinement_plus_ls,-15.439409457368587,0.08275814186855193,0.04947347373735508,0.029854549271114722,0.003293852199047544,1.0,382.7244999993127,7.217379827245793,,
20260702,0.0,4,11,fixed_source_trained_scalar_interpolation_plus_ls,-13.193935345408773,0.10169821203578053,0.05998728645084975,0.03461538694336463,0.003982202968252633,1.0,323.329199993168,4.971905715285979,,
20260702,0.0,4,11,tensor_nomp3d_known_order_v1,-38.182687730995745,0.0044422715836700535,0.002110233328690714,0.0016214791443684468,0.0001454884501736093,1.0,2615.4920999979367,29.96065810087295,18.0,5.857191634524288
20260702,0.0,4,12,grid_fft_topk_plus_ls,-5.125996851663147,5.44690223638236,2.6846067487341037,6.9069920432047995,0.27668039359482716,0.5,16.903199997614138,0.0,,
20260702,0.0,4,12,deterministic_cartesian_local_refinement_plus_ls,-14.641366971551722,5.331118935683507,2.8886483813231925,6.905993717234824,0.28443716512374795,0.75,320.5354000092484,9.515370119888576,,
20260702,0.0,4,12,fixed_source_trained_scalar_interpolation_plus_ls,-12.50811091453235,5.371782423984406,2.812116186937186,6.90614059743861,0.28147607345791864,0.75,350.9909999993397,7.382114062869204,,
20260702,0.0,4,12,tensor_nomp3d_known_order_v1,-37.1435200640492,0.004874066520293027,0.0023873428571450344,0.0037402097342931623,0.0001933250766411657,1.0,2777.591799997026,32.01752321238605,18.0,3.7240150670871808
20260702,0.0,4,13,grid_fft_topk_plus_ls,-3.8133087400464207,0.2012808009888169,0.2995618409700998,0.1589601911133878,0.019434124786671787,1.0,19.966599997133017,0.0,,
20260702,0.0,4,13,deterministic_cartesian_local_refinement_plus_ls,-14.331853151977489,0.049436657620993196,0.07679065993680119,0.06936649262096369,0.005280388341084774,1.0,363.1381000013789,10.518544411931067,,
20260702,0.0,4,13,fixed_source_trained_scalar_interpolation_plus_ls,-10.012121198656432,0.06662952695366432,0.15582631966417793,0.05838987379055487,0.009922266888323043,1.0,339.63640000729356,6.1988124586100115,,
20260702,0.0,4,13,tensor_nomp3d_known_order_v1,-37.84906035295415,0.005245604069381814,0.004682037754307714,0.0026981208794810366,0.00030727751580354203,1.0,2649.8624999949243,34.035751612907724,19.0,5.851892851240523
20260702,0.0,4,14,grid_fft_topk_plus_ls,-4.79978996320623,26.988312642822148,0.4411877356192154,3.5231818104787984,0.23945425468453244,0.5,17.09189999382943,0.0,,
20260702,0.0,4,14,deterministic_cartesian_local_refinement_plus_ls,-12.029604651093013,27.098916080760418,0.2773339612669172,3.5212012808456437,0.239227819189457,0.75,303.57720000029076,7.229814687886783,,
20260702,0.0,4,14,fixed_source_trained_scalar_interpolation_plus_ls,-9.820560982652488,27.059040578799863,0.3277731306889105,3.5214975660630388,0.239205769618267,0.75,316.253199998755,5.020771019446258,,
20260702,0.0,4,14,tensor_nomp3d_known_order_v1,-39.92390380714169,0.003941787914050185,0.0024317663142220712,0.0024614768504605377,0.00017310334832103773,1.0,2554.8752000031527,35.12411384393546,15.0,4.204920031829843
20260702,0.0,4,15,grid_fft_topk_plus_ls,-6.324668103561062,19.86621082390221,0.9653982957168387,1.568965374850088,0.1735888236424168,0.5,19.217499997466803,0.0,,
20260702,0.0,4,15,deterministic_cartesian_local_refinement_plus_ls,-11.836651889593382,19.975576729812694,0.9540081330133868,1.5629494286723125,0.17405525145799808,0.75,348.2172999938484,5.51198378603232,,
20260702,0.0,4,15,fixed_source_trained_scalar_interpolation_plus_ls,-10.632959932921288,19.93604612216528,0.9550610956891646,1.5641766247996842,0.1738117758776002,0.75,389.6619000006467,4.308291829360226,,
20260702,0.0,4,15,tensor_nomp3d_known_order_v1,-40.59650497175268,0.003122045341610356,0.0033615434842669966,0.006887930164958644,0.0003017732072950211,1.0,2671.6677000076743,34.27183686819162,16.0,4.295494702320803
20260702,0.0,4,16,grid_fft_topk_plus_ls,-4.229354684924046,17.854348847242196,2.4788519272896723,3.8640445795292706,0.2409155689186597,0.75,16.07979999971576,0.0,,
20260702,0.0,4,16,deterministic_cartesian_local_refinement_plus_ls,-9.907283234920376,17.85375938561597,2.698346757585454,3.9704987838121317,0.2515798843981711,0.75,394.5778000052087,5.67792854999633,,
20260702,0.0,4,16,fixed_source_trained_scalar_interpolation_plus_ls,-8.707925342474445,17.853807520389733,2.6185318477576196,3.931231067877215,0.24765268441020014,0.75,342.3296999972081,4.4785706575503985,,
20260702,0.0,4,16,tensor_nomp3d_known_order_v1,-37.29474963036737,0.00270954010637042,0.0034947668423918306,0.004535562509941778,0.0002612390826190882,1.0,2782.8999999910593,33.06539494544332,16.0,3.3045106484667612
20260702,0.0,4,17,grid_fft_topk_plus_ls,-7.953888677215772,0.11727041779123008,0.1576868007280784,0.17000475788034028,0.01123356647507547,1.0,19.862800007103942,0.0,,
20260702,0.0,4,17,deterministic_cartesian_local_refinement_plus_ls,-12.998326018371406,0.08011801300096913,0.07227183977370588,0.04675175493933252,0.0047884731884013714,1.0,366.2845000071684,5.044437341155634,,
20260702,0.0,4,17,fixed_source_trained_scalar_interpolation_plus_ls,-13.914119726368089,0.017816003319487156,0.08023901904222006,0.05499738089960971,0.0053030937624890485,1.0,362.0375999889802,5.960231049152316,,
20260702,0.0,4,17,tensor_nomp3d_known_order_v1,-40.08864334146633,0.002761252387245232,0.003313793853869207,0.0024468398812316737,0.00022182762786488187,1.0,2769.8411000019405,32.13475466425056,18.0,3.032792457087762
20260702,0.0,4,18,grid_fft_topk_plus_ls,-5.036430858857263,10.835991103108446,1.5251856232012644,3.479509578640577,0.16756068338107535,0.5,20.117299995035864,0.0,,
20260702,0.0,4,18,deterministic_cartesian_local_refinement_plus_ls,-12.648863509599373,7.981209675546141,1.9083192243836178,3.1298403063743603,0.1663717280353872,0.5,365.7714000000851,7.61243265074211,,
20260702,0.0,4,18,fixed_source_trained_scalar_interpolation_plus_ls,-10.812978954675307,7.962074731392397,1.9545988321090684,3.083644850944523,0.1675677817945894,0.5,316.0154999932274,5.776548095818044,,
20260702,0.0,4,18,tensor_nomp3d_known_order_v1,-37.031026223461,0.012064807015497008,0.0028134604159925206,0.003458066354528289,0.0002268972397454913,1.0,2842.164600006072,31.994595364603736,16.0,2.154109122883213
20260702,0.0,4,19,grid_fft_topk_plus_ls,-4.689510205639882,2.5508343236433033,1.0205566762602913,0.9722493897665813,0.07340813793274244,0.5,16.19850000133738,0.0,,
20260702,0.0,4,19,deterministic_cartesian_local_refinement_plus_ls,-13.087993779406162,2.6559817683242417,1.0174874300373073,1.0143282030504475,0.07402276315157,0.75,349.12830000394024,8.39848357376628,,
20260702,0.0,4,19,fixed_source_trained_scalar_interpolation_plus_ls,-10.43849248620308,2.617148944947015,1.0171584956754611,0.9892242871223578,0.07358762646388334,0.75,329.76619999681134,5.748982280563197,,
20260702,0.0,4,19,tensor_nomp3d_known_order_v1,-38.12554120790294,0.003852191144039291,0.002016956002224054,0.0055934574354822185,0.00021760116446760237,1.0,2693.9488999923924,33.43603100226306,16.0,1.8721898223039315
20260702,0.0,8,0,grid_fft_topk_plus_ls,-4.531321664520474,10.600963208858172,2.502502328183607,2.038656420814237,0.18809792143703502,0.75,38.61679999681655,0.0,,
20260702,0.0,8,0,deterministic_cartesian_local_refinement_plus_ls,-11.52206082575356,10.599600679579122,2.64759521162528,2.0283507076982237,0.1955940948089525,0.875,711.5852999995695,6.990739161233085,,
20260702,0.0,8,0,fixed_source_trained_scalar_interpolation_plus_ls,-9.709591930594403,10.599539688768141,2.5934893769644103,2.030614848636085,0.19276472097966016,0.875,852.8940999967745,5.178270266073929,,
20260702,0.0,8,0,tensor_nomp3d_known_order_v1,-35.134026513470424,0.0035923280225111445,0.005677443047554792,0.007162273821990187,0.00042047006319809714,1.0,11397.131000005174,30.602704848949948,53.0,8.265675065461327
20260702,0.0,8,1,grid_fft_topk_plus_ls,-5.337499573105529,2.5713849014794556,0.3038057212053414,5.041803510198669,0.15996284227306792,0.75,44.580200003110804,0.0,,
20260702,0.0,8,1,deterministic_cartesian_local_refinement_plus_ls,-11.021021440131593,2.6371093086826702,0.17866672854864438,4.959211176789147,0.15673708233279093,0.875,878.5048999998253,5.683521867026064,,
20260702,0.0,8,1,fixed_source_trained_scalar_interpolation_plus_ls,-9.984391417707672,2.611537659119207,0.20822890792879506,4.987922460304802,0.15773997603807516,0.875,934.2446999944514,4.646891844602143,,
20260702,0.0,8,1,tensor_nomp3d_known_order_v1,-36.74054810198593,0.0036254030814794106,0.004389417558155036,0.004206745843316166,0.00030552549554224554,1.0,10047.471299985773,31.4030485288804,54.0,9.984630668206197
20260702,0.0,8,2,grid_fft_topk_plus_ls,-5.508932909470017,16.77965527378514,2.082455749873119,3.3862531765937502,0.21289141415198073,0.625,34.90339999552816,0.0,,
20260702,0.0,8,2,deterministic_cartesian_local_refinement_plus_ls,-14.025740850842688,16.800167440219404,2.0189090855240996,3.3688115340877696,0.21031323913517688,0.75,677.667099997052,8.51680794137267,,
20260702,0.0,8,2,fixed_source_trained_scalar_interpolation_plus_ls,-12.392876231513963,16.792608765609565,2.039752987987933,3.372696199408927,0.21112128679504358,0.75,734.128399999463,6.883943322043946,,
20260702,0.0,8,2,tensor_nomp3d_known_order_v1,-34.67186416691697,0.005773722350115538,0.004294827501226292,0.008270333914428713,0.00037534370704239933,1.0,9078.335099999094,29.16293125744695,47.0,11.059930099412496
20260702,0.0,8,3,grid_fft_topk_plus_ls,-5.785166323040797,0.18624156635020342,0.16468179456709675,0.1629473117802819,0.011575164952614653,1.0,37.599500006763265,0.0,,
20260702,0.0,8,3,deterministic_cartesian_local_refinement_plus_ls,-12.910368670995032,0.07146185429386578,0.07094916170351082,0.0795836399536677,0.0051146871012072125,1.0,691.3590999902226,7.125202347954235,,
20260702,0.0,8,3,fixed_source_trained_scalar_interpolation_plus_ls,-11.830124571490291,0.10646490589536436,0.0649230804663704,0.0696122852531603,0.004678566411920155,1.0,721.1124000023119,6.044958248449494,,
20260702,0.0,8,3,tensor_nomp3d_known_order_v1,-36.56311494199235,0.002907720052433931,0.006391478641311217,0.005831791367224586,0.00043966230680771737,1.0,10365.10399999679,30.777948618951555,48.0,5.045447511607642
20260702,0.0,8,4,grid_fft_topk_plus_ls,-6.23391075936297,11.66879461084444,1.5419489223093792,5.220201894787336,0.21026160629975915,0.625,35.44479999982286,0.0,,
20260702,0.0,8,4,deterministic_cartesian_local_refinement_plus_ls,-11.260483579189064,11.66108448496408,1.5632458696162679,5.418703771211362,0.21568411070660767,0.625,685.3535999980522,5.026572819826094,,
20260702,0.0,8,4,fixed_source_trained_scalar_interpolation_plus_ls,-10.796996225312919,11.663409429665407,1.5547180513994838,5.346294770201389,0.21367701517474255,0.625,662.1733999927528,4.563085465949949,,
20260702,0.0,8,4,tensor_nomp3d_known_order_v1,-35.8609404628048,0.005068021225458213,0.008379838936168529,0.010108826784911295,0.0006129147860503775,1.0,11117.665400000988,29.627029703441828,52.0,8.49470416217182
20260702,0.0,8,5,grid_fft_topk_plus_ls,-8.394026600065844,7.933930205655508,2.099615285775708,1.5349878599746185,0.15285028979020615,0.75,47.00020000746008,0.0,,
20260702,0.0,8,5,deterministic_cartesian_local_refinement_plus_ls,-13.288192552189502,7.955145287928333,2.098967455277688,1.5658379698468894,0.15318805173674363,0.75,977.8793000004953,4.894165952123657,,
20260702,0.0,8,5,fixed_source_trained_scalar_interpolation_plus_ls,-14.144834176416776,7.946914488514431,2.098852965524507,1.5520524562977556,0.15301875309094895,0.75,1061.8257000023732,5.750807576350931,,
20260702,0.0,8,5,tensor_nomp3d_known_order_v1,-36.095484513653076,0.003669084652897537,0.005768203248632659,0.004457752545318626,0.0003875524397636039,1.0,12838.174600008642,27.701457913587234,48.0,7.68348441547517
20260702,0.0,8,6,grid_fft_topk_plus_ls,-4.42398965934128,14.501565581784716,0.9056102910841805,2.2134857771874525,0.1443043051120909,0.625,47.42210000404157,0.0,,
20260702,0.0,8,6,deterministic_cartesian_local_refinement_plus_ls,-13.093080359112525,14.613012443525228,0.9705803874324823,2.126923477316436,0.14536513470260864,0.75,891.0705000016605,8.669090699771246,,
20260702,0.0,8,6,fixed_source_trained_scalar_interpolation_plus_ls,-10.276167626290256,14.572854108965977,0.9401233198859639,2.156633275209353,0.14476340920184047,0.75,888.4085000026971,5.852177966948976,,
20260702,0.0,8,6,tensor_nomp3d_known_order_v1,-35.65042583589686,0.004560487840741779,0.0024974575242265934,0.00661849709303673,0.0002615562614920173,1.0,11565.354299993487,31.22643617655558,49.0,7.79624955903946
20260702,0.0,8,7,grid_fft_topk_plus_ls,-4.913130016193882,8.710351335884816,2.763517601336111,3.8491072320789845,0.22120416498722492,0.625,44.36030000215396,0.0,,
20260702,0.0,8,7,deterministic_cartesian_local_refinement_plus_ls,-11.426054518139562,8.804722899160122,2.8711460633343133,3.883350861406953,0.22728769576136224,0.75,843.5075000015786,6.5129245019456805,,
20260702,0.0,8,7,fixed_source_trained_scalar_interpolation_plus_ls,-9.92688816513428,8.770134828360092,2.831535681164039,3.8696204089424504,0.22502504943211116,0.75,957.1574000001419,5.013758148940398,,
20260702,0.0,8,7,tensor_nomp3d_known_order_v1,-34.96112523033851,0.0043922337847658085,0.004837997722878207,0.0070793444907911686,0.00037623201088230845,1.0,12324.569000003976,30.047995214144628,46.0,5.068354404404575
20260702,0.0,8,8,grid_fft_topk_plus_ls,-7.607153484766371,18.264549275095828,1.174463161297536,7.642687410417189,0.28773383109205586,0.5,39.79679998883512,0.0,,
20260702,0.0,8,8,deterministic_cartesian_local_refinement_plus_ls,-12.66835439841509,18.242986998475185,1.332874554152563,7.830680897382141,0.29518630329264217,0.5,828.8410999957705,5.061200913648719,,
20260702,0.0,8,8,fixed_source_trained_scalar_interpolation_plus_ls,-13.210399452321113,18.25039215440502,1.2709912733908308,7.762856786327675,0.2923853301119468,0.5,869.412599990028,5.6032459675547415,,
20260702,0.0,8,8,tensor_nomp3d_known_order_v1,-36.04980426406314,0.0175207029130007,0.010794446636997291,0.018746753435335523,0.0009039340107942886,1.0,9928.534399994533,28.44265077929677,48.0,5.116554487116718
20260702,0.0,8,9,grid_fft_topk_plus_ls,-6.084212563556541,18.180123920307476,0.944976581751762,4.975725127348735,0.21872113674094476,0.5,42.72990000026766,0.0,,
20260702,0.0,8,9,deterministic_cartesian_local_refinement_plus_ls,-13.903860146444028,18.31665907294953,0.925729898574399,4.906259745662167,0.2175593445598293,0.5,681.8288000067696,7.819647582887487,,
20260702,0.0,8,9,fixed_source_trained_scalar_interpolation_plus_ls,-12.252928095085316,18.267487659558014,0.924049870785839,4.930803928431336,0.217820837184498,0.5,730.2250000066124,6.168715531528775,,
20260702,0.0,8,9,tensor_nomp3d_known_order_v1,-33.910482060631566,0.014099976555644097,0.00562541166681638,0.009769440095983082,0.0004784910456982989,1.0,11928.904600004898,27.826269497075025,52.0,9.017562053451543
20260702,0.0,8,10,grid_fft_topk_plus_ls,-4.5938720281371825,26.365033924486436,1.9352844010626724,4.613914616397965,0.2790087772063068,0.5,37.67160000279546,0.0,,
20260702,0.0,8,10,deterministic_cartesian_local_refinement_plus_ls,-11.844277089425773,26.517258697989558,1.8746744325688873,4.582506601181393,0.27776450779906847,0.625,970.2325999969617,7.250405061288591,,
20260702,0.0,8,10,fixed_source_trained_scalar_interpolation_plus_ls,-9.730598322507342,26.46254830407342,1.8958332059434642,4.592194402380635,0.27816298464258277,0.625,923.9315000013448,5.13672629437016,,
20260702,0.0,8,10,tensor_nomp3d_known_order_v1,-35.4548253402375,0.007429938203380374,0.004575648445726383,0.004957227206925152,0.0003303800268506203,1.0,11758.451899993815,30.860953312100314,44.0,3.0226090712992937
20260702,0.0,8,11,grid_fft_topk_plus_ls,-5.232819911335169,11.140241312233869,2.729440444216613,2.3827991945253273,0.205475994611961,0.5,51.964999991469085,0.0,,
20260702,0.0,8,11,deterministic_cartesian_local_refinement_plus_ls,-10.484657646108925,11.166799959709452,2.79191430692472,2.549876629039146,0.21073393336111748,0.625,942.4429000064265,5.251837734773756,,
20260702,0.0,8,11,fixed_source_trained_scalar_interpolation_plus_ls,-9.645707521995762,11.15671041339553,2.7689177261908684,2.488708831864801,0.20879304582959118,0.625,875.2628000074765,4.412887610660593,,
20260702,0.0,8,11,tensor_nomp3d_known_order_v1,-36.396462451481625,0.005993929247162879,0.0061037428852898715,0.0032839207315783206,0.0003978117555091061,1.0,10883.10150000325,31.163642540146455,47.0,2.28603860991447
20260702,0.0,8,12,grid_fft_topk_plus_ls,-4.043704971775442,15.037775548715569,2.1673434937547547,3.459134293432496,0.20937159437652778,0.625,47.60130000067875,0.0,,
20260702,0.0,8,12,deterministic_cartesian_local_refinement_plus_ls,-12.40854225521334,15.026785187675797,2.253682310826285,3.34611442679119,0.21108347878645478,0.75,921.6097000025911,8.364837283437899,,
20260702,0.0,8,12,fixed_source_trained_scalar_interpolation_plus_ls,-9.811975371242239,15.030431221314608,2.2192222848361958,3.3852998326178434,0.2102817621795004,0.75,927.4991999991471,5.768270399466797,,
20260702,0.0,8,12,tensor_nomp3d_known_order_v1,-35.840614614287276,0.008119845481685416,0.0046206213133694616,0.00789379292942251,0.00038506451780870977,1.0,12357.67539999506,31.796909642511835,50.0,4.96271150203356
20260702,0.0,8,13,grid_fft_topk_plus_ls,-6.121440785588775,9.047229813642682,1.4689301875512837,2.912518470129565,0.1473382335219573,0.625,43.26730000320822,0.0,,
20260702,0.0,8,13,deterministic_cartesian_local_refinement_plus_ls,-11.881976558242386,9.083601999836592,1.5071308546031548,2.9800213534784272,0.15027088171075065,0.75,778.5080000030575,5.76053577265361,,
20260702,0.0,8,13,fixed_source_trained_scalar_interpolation_plus_ls,-12.506848099832165,9.070113495945185,1.489663563602379,2.9547966233364593,0.1490493906152749,0.75,736.4025999995647,6.38540731424339,,
20260702,0.0,8,13,tensor_nomp3d_known_order_v1,-34.01925625403712,0.0054310445787077045,0.008603023671027008,0.006963990641400884,0.0005816100582687783,1.0,9738.027600003988,27.897815468448343,48.0,6.247146143676488
20260702,0.0,8,14,grid_fft_topk_plus_ls,-4.986520742998069,12.98187489127411,2.233278369568688,3.5443108769447007,0.2050279514270253,0.5,34.04919999593403,0.0,,
20260702,0.0,8,14,deterministic_cartesian_local_refinement_plus_ls,-13.451856191956978,13.111397958531295,2.2350406625554307,3.5744932306790473,0.2061148377809756,0.625,674.8705999925733,8.465335448958909,,
20260702,0.0,8,14,fixed_source_trained_scalar_interpolation_plus_ls,-11.494306224083557,13.06483185502794,2.2311524620036294,3.5624902005217525,0.20556613929143588,0.625,701.4979000086896,6.507785481085488,,
20260702,0.0,8,14,tensor_nomp3d_known_order_v1,-35.727344952241786,0.007878855144327271,0.008183357735752498,0.010155596052561945,0.0006050610755805637,1.0,9898.690799993346,30.74082420924372,47.0,8.262482654175955
20260702,0.0,8,15,grid_fft_topk_plus_ls,-6.653973893028063,10.436540015665205,1.0424311218952933,2.5048173016264967,0.1304602196267163,0.625,48.03429999446962,0.0,,
20260702,0.0,8,15,deterministic_cartesian_local_refinement_plus_ls,-11.872406890476059,10.508704359303293,0.927703386324692,2.5833403243789106,0.1289161387514149,0.75,755.1480999973137,5.218432997447996,,
20260702,0.0,8,15,fixed_source_trained_scalar_interpolation_plus_ls,-11.36564559156922,10.482435154136885,0.9658378280008838,2.5549308228585526,0.12932605041726378,0.75,733.2246000005398,4.711671698541156,,
20260702,0.0,8,15,tensor_nomp3d_known_order_v1,-34.79043011045605,0.004268585984771775,0.005325672682397952,0.0040254812342182325,0.0003573918910121896,1.0,10250.635499993223,28.136456217427988,55.0,11.026165854189987
20260702,0.0,8,16,grid_fft_topk_plus_ls,-6.308254169159007,7.642428824005396,2.0653076608304044,4.707205453811928,0.20461040059298152,0.625,41.48939999868162,0.0,,
20260702,0.0,8,16,deterministic_cartesian_local_refinement_plus_ls,-12.081258404282636,7.682439113763911,2.050561538583697,4.729034497761419,0.2046140605280035,0.75,844.6469999908004,5.773004235123629,,
20260702,0.0,8,16,fixed_source_trained_scalar_interpolation_plus_ls,-13.427552655155917,7.666997974810931,2.05408440966269,4.720459249600888,0.20452334829281438,0.75,731.6974999994272,7.119298485996911,,
20260702,0.0,8,16,tensor_nomp3d_known_order_v1,-34.5390261054428,0.007289955473236249,0.004677817831217004,0.009667049165447139,0.0004242424589259735,1.0,10742.15340000228,28.230771936283794,51.0,7.893608857083598
20260702,0.0,8,17,grid_fft_topk_plus_ls,-4.055632397735749,8.052121784966102,2.213055670084079,3.861901706080714,0.19404473036722916,0.875,34.447400001226924,0.0,,
20260702,0.0,8,17,deterministic_cartesian_local_refinement_plus_ls,-11.923402256493013,8.208518110262927,2.2077139796708596,3.935722181474961,0.19564883229380003,0.875,786.0642000014195,7.8677698587572635,,
20260702,0.0,8,17,fixed_source_trained_scalar_interpolation_plus_ls,-8.681067349934073,8.151789910039943,2.2086405634016004,3.908332359441589,0.19500767289130888,0.875,740.4551999934483,4.625434952198324,,
20260702,0.0,8,17,tensor_nomp3d_known_order_v1,-34.278932810247184,0.004207002343280606,0.003521749309688976,0.005590823418097841,0.0002829365380414661,1.0,10502.453399996739,30.223300412511435,51.0,12.475461111214944
20260702,0.0,8,18,grid_fft_topk_plus_ls,-3.819703658793591,15.42504088083956,2.0566032590503047,4.040245586647007,0.21676058569463869,0.5,33.48649998952169,0.0,,
20260702,0.0,8,18,deterministic_cartesian_local_refinement_plus_ls,-10.575197561680682,15.391692954779797,2.1908666873511264,4.204147959907362,0.22465459748371014,0.625,756.8194999912521,6.755493902887091,,
20260702,0.0,8,18,fixed_source_trained_scalar_interpolation_plus_ls,-8.751041196553123,15.403170332056506,2.1400211309328796,4.144623444879442,0.22168845322558559,0.625,832.2874000004958,4.931337537759532,,
20260702,0.0,8,18,tensor_nomp3d_known_order_v1,-34.20974974961925,0.02955722411529415,0.009279750995249997,0.00916871057089902,0.0006868762875726505,1.0,10366.687400004594,30.390046090825656,49.0,3.303249580358116
20260702,0.0,8,19,grid_fft_topk_plus_ls,-6.481884752772919,7.508256605049704,1.5274997511854365,5.124835309631075,0.19545701837866747,0.625,40.9256999992067,0.0,,
20260702,0.0,8,19,deterministic_cartesian_local_refinement_plus_ls,-11.491268337407416,7.507078684490018,1.6289191114391024,5.152431642976833,0.19932338213188291,0.75,785.0453999999445,5.009383584634497,,
20260702,0.0,8,19,fixed_source_trained_scalar_interpolation_plus_ls,-10.319768241323008,7.507306743912955,1.5887738341092026,5.1414354307231,0.19777484308160193,0.75,797.5961000047391,3.837883488550089,,
20260702,0.0,8,19,tensor_nomp3d_known_order_v1,-35.04375312937064,0.005902169645075823,0.005305962778586476,0.013845423725835318,0.00054708562692672,1.0,10812.595300012617,28.561868376597722,46.0,18.208593794698615
20260702,10.0,2,0,grid_fft_topk_plus_ls,-8.014900643065676,0.09671239312340887,0.007102187124789411,0.2037617422717398,0.0064275706416525025,1.0,12.157000004663132,0.0,,
20260702,10.0,2,0,deterministic_cartesian_local_refinement_plus_ls,-15.032887220056102,0.09671239312340887,0.007102187124789411,0.024177122482616567,0.0011570427754490488,1.0,207.50419999239966,7.017986576990426,,
20260702,10.0,2,0,fixed_source_trained_scalar_interpolation_plus_ls,-13.74816103260155,0.09671239312340887,0.007102187124789411,0.06004753888851931,0.002071017358990297,1.0,176.91759999433998,5.733260389535873,,
20260702,10.0,2,0,tensor_nomp3d_known_order_v1,-57.205572581263915,0.0003306942275638076,0.00017503865922013304,0.00038432009625785787,1.6449822563958578e-05,1.0,1142.0090000028722,49.190671938198236,7.0,0.15869996548434195
20260702,10.0,2,1,grid_fft_topk_plus_ls,-3.9551721085062486,0.22869861196166189,0.15562981080418506,0.21759400451336683,0.012001735054763114,1.0,10.755100011010654,0.0,,
20260702,10.0,2,1,deterministic_cartesian_local_refinement_plus_ls,-14.385872722834353,0.0803199397408239,0.02083485339434435,0.06970789063116728,0.0026143310485002673,1.0,197.23740000335965,10.430700614328105,,
20260702,10.0,2,1,fixed_source_trained_scalar_interpolation_plus_ls,-9.253263803375816,0.10598730284179361,0.05597576700891365,0.11939428780210452,0.005181305007760472,1.0,189.29719999141525,5.2980916948695675,,
20260702,10.0,2,1,tensor_nomp3d_known_order_v1,-47.065233712424316,0.0013739654217301918,0.0014019454214364848,0.00032485208379459446,8.885842324282293e-05,1.0,1001.1371000000509,43.11006160391807,6.0,0.1344012201918506
20260702,10.0,2,2,grid_fft_topk_plus_ls,-3.8122174136185705,2.3322074069388066,2.6110910043544457,0.5241027129702283,0.16502195062216835,0.0,11.911199995665811,0.0,,
20260702,10.0,2,2,deterministic_cartesian_local_refinement_plus_ls,-7.316120303089212,2.445865374267372,2.764790050778187,0.5241027129702283,0.17462244663763263,0.5,185.57380000129342,3.5039028894706417,,
20260702,10.0,2,2,fixed_source_trained_scalar_interpolation_plus_ls,-6.649086965078007,2.3997301080685145,2.7086079606175892,0.5241027129702283,0.17110860674080972,0.5,182.23500000021886,2.836869551459437,,
20260702,10.0,2,2,tensor_nomp3d_known_order_v1,-49.15643703264995,0.0008066246130820804,0.0003461055642567766,0.0014134761019705087,4.9585549312443955e-05,1.0,1144.2023999989033,45.34421961903138,6.0,0.05876420362011188
20260702,10.0,2,3,grid_fft_topk_plus_ls,-3.863439978414373,33.92608603988549,2.9756932212242035,10.797768568048928,0.4676518530120424,0.5,14.321800001198426,0.0,,
20260702,10.0,2,3,deterministic_cartesian_local_refinement_plus_ls,-8.724078566938717,34.2434597094374,2.9756932212242035,10.637153232961767,0.46546393795070445,0.5,246.2400000076741,4.860638588524344,,
20260702,10.0,2,3,fixed_source_trained_scalar_interpolation_plus_ls,-7.760490076194385,34.12947168792708,2.9756932212242035,10.694399630807974,0.4662333341597182,0.5,207.44399999966845,3.8970500977800118,,
20260702,10.0,2,3,tensor_nomp3d_known_order_v1,-48.08622970481637,0.0011431817733522443,0.0003135552150565512,0.0013238325805979177,4.663981865343574e-05,1.0,1114.4385000079637,44.222789726402,6.0,0.2558892294774698
20260702,10.0,2,4,grid_fft_topk_plus_ls,-4.557086877610851,0.19714036881047065,0.08613379747396809,0.30988204680335385,0.0111861044657536,1.0,10.832300002221018,0.0,,
20260702,10.0,2,4,deterministic_cartesian_local_refinement_plus_ls,-13.971025387400797,0.038127531298064565,0.07406336185262981,0.08561338240823264,0.005354798001231884,1.0,197.2685999935493,9.413938509789947,,
20260702,10.0,2,4,fixed_source_trained_scalar_interpolation_plus_ls,-9.727915463976146,0.09503376689807316,0.018960004427035135,0.16569185709829404,0.005363376069659964,1.0,224.72850000485778,5.170828586365295,,
20260702,10.0,2,4,tensor_nomp3d_known_order_v1,-50.80672657191684,0.0011052995186449405,0.000807775116711784,0.00045533388536361335,5.3158876542573945e-05,1.0,1157.2779999987688,46.24963969430599,6.0,0.05989739254817711
20260702,10.0,2,5,grid_fft_topk_plus_ls,-7.219524558673228,0.15935803215272987,0.17779686824028573,0.05561014725285384,0.011316063850853113,1.0,9.966300000087358,0.0,,
20260702,10.0,2,5,deterministic_cartesian_local_refinement_plus_ls,-15.615871700150807,0.051551848297072184,0.055679701185941365,0.05561014725285384,0.003910560689065694,1.0,194.9157000053674,8.396347141477579,,
20260702,10.0,2,5,fixed_source_trained_scalar_interpolation_plus_ls,-15.489742449279607,0.07057694836376714,0.0409027497825993,0.05561014725285384,0.003139955982710045,1.0,189.04749999637716,8.270217890606379,,
20260702,10.0,2,5,tensor_nomp3d_known_order_v1,-53.821528985361795,0.00033915571488867604,0.00018206753817854101,0.0009519269280323477,3.195988074335427e-05,1.0,1037.5032000010833,46.602004426688566,7.0,0.11950044630402998
20260702,10.0,2,6,grid_fft_topk_plus_ls,-5.292209906990216,0.21275995653222884,0.22562030240823303,0.1662413003880908,0.015119427832502598,1.0,11.332999987644143,0.0,,
20260702,10.0,2,6,deterministic_cartesian_local_refinement_plus_ls,-16.827717159724454,0.015008368776631758,0.01370472909578911,0.06081515221128716,0.002087874061889719,1.0,236.97259998880327,11.535507252734238,,
20260702,10.0,2,6,fixed_source_trained_scalar_interpolation_plus_ls,-12.787806608017064,0.06868147375870326,0.08192603192428236,0.08032308826186245,0.0057277182827266,1.0,211.22110000578687,7.495596701026848,,
20260702,10.0,2,6,tensor_nomp3d_known_order_v1,-51.928962780677594,0.0010835267025463757,0.0005258209002500766,0.0003100276986232738,3.529236888385529e-05,1.0,989.141700003529,46.63675287368738,6.0,0.2806151525483736
20260702,10.0,2,7,grid_fft_topk_plus_ls,-5.2975940919509155,0.12540315395451637,0.2802300056854207,0.07547160559913997,0.017699594460848272,1.0,9.514100005617365,0.0,,
20260702,10.0,2,7,deterministic_cartesian_local_refinement_plus_ls,-12.657615745551245,0.05733633820949731,0.07721546786515228,0.07547160559913997,0.005390089931977832,1.0,170.60129999299534,7.36002165360033,,
20260702,10.0,2,7,fixed_source_trained_scalar_interpolation_plus_ls,-10.057705257703194,0.043853571463990236,0.14251426205259565,0.07547160559913997,0.009220466936960197,1.0,184.21370000578463,4.760111165752279,,
20260702,10.0,2,7,tensor_nomp3d_known_order_v1,-51.62282923377306,0.0008187447713151931,0.000895970095620311,0.0005501806937678119,5.8926305292151515e-05,1.0,975.5769000039436,46.32523514182215,6.0,0.29838480833625086
20260702,10.0,2,8,grid_fft_topk_plus_ls,-6.692600671803892,0.21305946465272557,0.12463204998767971,0.07024078979416103,0.00826227224385976,1.0,11.912699992535636,0.0,,
20260702,10.0,2,8,deterministic_cartesian_local_refinement_plus_ls,-12.291620136331684,0.06160591736450897,0.10056508218695856,0.07024078979416103,0.006674952973988843,1.0,215.95470000465866,5.5990194645277915,,
20260702,10.0,2,8,fixed_source_trained_scalar_interpolation_plus_ls,-13.239968580049105,0.0839910130929719,0.020431856084705925,0.07024078979416103,0.002622863186410042,1.0,216.69449999171775,6.547367908245213,,
20260702,10.0,2,8,tensor_nomp3d_known_order_v1,-50.34773922123967,0.0010021388381519906,0.0013517204683408265,0.00036543043334337944,8.560960137782052e-05,1.0,1213.9492999995127,43.655138549435776,6.0,0.21131002358188689
20260702,10.0,2,9,grid_fft_topk_plus_ls,-5.821886160667022,3.6434185918861717,2.1123932848695963,10.795981912542937,0.36340364632410416,0.5,19.402699996135198,0.0,,
20260702,10.0,2,9,deterministic_cartesian_local_refinement_plus_ls,-11.438545076892579,3.8010762188453997,2.269053450493679,11.112935099036525,0.3762930208436942,0.5,302.75909999909345,5.616658916225557,,
20260702,10.0,2,9,fixed_source_trained_scalar_interpolation_plus_ls,-13.072207926933546,3.7438311216389417,2.2116015003456577,10.999167615028657,0.3716286342210162,0.5,231.3436999975238,7.250321766266524,,
20260702,10.0,2,9,tensor_nomp3d_known_order_v1,-49.251703850392516,0.0011506086112278114,0.0016984229562813757,0.0018327062857808915,0.00012095049286088322,1.0,1154.255600005854,43.429817689725496,7.0,0.525850581508708
20260702,10.0,2,10,grid_fft_topk_plus_ls,-7.927534599564302,0.20864750604732854,0.10979178063463291,0.0260739635198313,0.007099849615661058,1.0,9.827000001678243,0.0,,
20260702,10.0,2,10,deterministic_cartesian_local_refinement_plus_ls,-14.248436990426196,0.08340567460023368,0.0552816339874544,0.0260739635198313,0.003609188233620962,1.0,215.0030000047991,6.320902390861894,,
20260702,10.0,2,10,fixed_source_trained_scalar_interpolation_plus_ls,-15.802254068172669,0.09174698756125448,0.02144360154745567,0.0260739635198313,0.0017244955446856346,1.0,229.01619999902323,7.874719468608367,,
20260702,10.0,2,10,tensor_nomp3d_known_order_v1,-48.97431418852439,0.0004938533412840276,0.0013876654698246624,1.7488106472011105e-05,8.6816588128248e-05,1.0,1238.4334000089439,41.046779588960085,6.0,0.30820506810264564
20260702,10.0,2,11,grid_fft_topk_plus_ls,-4.843695074553929,0.19117988383196988,0.26944070589187036,0.20406639989488218,0.018068895677296987,1.0,10.988699999870732,0.0,,
20260702,10.0,2,11,deterministic_cartesian_local_refinement_plus_ls,-18.181023411355927,0.03492421037625735,0.06442797663749894,0.044983704167391295,0.0042737870188908535,1.0,211.44230000209063,13.337328336801999,,
20260702,10.0,2,11,fixed_source_trained_scalar_interpolation_plus_ls,-11.91732113691881,0.047266222503724156,0.1304760920903434,0.10194224860494683,0.00876270815251634,1.0,252.94530000246596,7.073626062364881,,
20260702,10.0,2,11,tensor_nomp3d_known_order_v1,-50.66785186192645,0.0003115306910602255,0.0007410692952554072,0.0013483068913098942,6.266175930697663e-05,1.0,1245.2136999927461,45.82415678737252,6.0,0.02608370086244094
20260702,10.0,2,12,grid_fft_topk_plus_ls,-5.018626145657815,0.08728578809141689,0.1905908355936184,0.22672382828410612,0.013876524983448707,1.0,13.19530000910163,0.0,,
20260702,10.0,2,12,deterministic_cartesian_local_refinement_plus_ls,-11.713620567179749,0.08728578809141689,0.07998735963693487,0.0947243477317644,0.005849745287768553,1.0,233.53720000886824,6.694994421521934,,
20260702,10.0,2,12,fixed_source_trained_scalar_interpolation_plus_ls,-9.928502081063003,0.08728578809141689,0.07401086134088503,0.11193661962121376,0.005839354358513566,1.0,219.57359999942128,4.909875935405188,,
20260702,10.0,2,12,tensor_nomp3d_known_order_v1,-53.72965216004658,0.0003969624961490428,0.0005778897209932455,0.0011058760389887497,5.008427110867895e-05,1.0,1213.63709999423,48.711026014388764,7.0,0.20545274310845382
20260702,10.0,2,13,grid_fft_topk_plus_ls,-20.03016415282532,0.01302270276795559,0.23988820124935523,0.10322426179719345,0.015336436776844483,1.0,13.783100002910942,0.0,,
20260702,10.0,2,13,deterministic_cartesian_local_refinement_plus_ls,-22.066658561308806,0.01302270276795559,0.08257900784064025,0.05836856536045513,0.005474966019999008,1.0,217.93579999939539,2.0364944084834846,,
20260702,10.0,2,13,fixed_source_trained_scalar_interpolation_plus_ls,-22.540185315824218,0.01302270276795559,0.04135761036879205,0.013567722064403211,0.0026213684418086884,1.0,259.6389999962412,2.510021162998896,,
20260702,10.0,2,13,tensor_nomp3d_known_order_v1,-50.03551344757928,0.006248831877546289,0.003268351624441945,0.0009618634551072632,0.00021216463520459537,1.0,1269.9340999970445,30.005349294753955,6.0,0.2639050353140987
20260702,10.0,2,14,grid_fft_topk_plus_ls,-4.214944877444263,0.25239045507915336,0.20221441364462459,0.15284901996621972,0.013654026138672051,1.0,13.200899993535131,0.0,,
20260702,10.0,2,14,deterministic_cartesian_local_refinement_plus_ls,-13.004525534526358,0.10681546974123218,0.0679078187509031,0.01015308284339386,0.004337120504973036,1.0,234.78400000021793,8.789580657082094,,
20260702,10.0,2,14,fixed_source_trained_scalar_interpolation_plus_ls,-11.512622662287317,0.08283033126611358,0.10855432276520223,0.05112377566524476,0.007000181944372365,1.0,223.26199999952223,7.297677784843054,,
20260702,10.0,2,14,tensor_nomp3d_known_order_v1,-49.30317446814473,0.0009983121919209276,0.0015162857557195703,0.0008083320216803264,9.838629536934305e-05,1.0,1227.960999996867,45.08822959070047,7.0,0.11814974210227103
20260702,10.0,2,15,grid_fft_topk_plus_ls,-4.49186692003349,7.986453519536019,3.469488795091011,2.367848618774621,0.23746418740520162,0.5,12.253699998836964,0.0,,
20260702,10.0,2,15,deterministic_cartesian_local_refinement_plus_ls,-8.324595388615453,7.986453519536019,3.307523838556977,2.6760007082963146,0.23155870558215622,0.5,237.10230000142474,3.832728468581963,,
20260702,10.0,2,15,fixed_source_trained_scalar_interpolation_plus_ls,-7.870803332143009,7.986453519536019,3.3646872424242993,2.5642413344641537,0.23353240115683274,0.5,229.16729999997187,3.3789364121095185,,
20260702,10.0,2,15,tensor_nomp3d_known_order_v1,-48.120792276027935,0.0014389396854752802,0.00046262092427546873,0.0027395551593162423,9.105846852616454e-05,1.0,1116.015800012974,43.62892535599445,7.0,0.22464858979876856
20260702,10.0,2,16,grid_fft_topk_plus_ls,-6.111434494329267,0.2395867164694986,0.14832439977607723,0.0697961774288186,0.009705609526352611,1.0,10.973299999022856,0.0,,
20260702,10.0,2,16,deterministic_cartesian_local_refinement_plus_ls,-12.524738182344494,0.08159549634549461,0.07686909195092512,0.0697961774288186,0.0053146181105735435,1.0,242.86700000811834,6.413303688015227,,
20260702,10.0,2,16,fixed_source_trained_scalar_interpolation_plus_ls,-16.96441069665871,0.03943400412812892,0.00585002074727017,0.0697961774288186,0.002232918536943227,1.0,216.48599999025464,10.852976202329444,,
20260702,10.0,2,16,tensor_nomp3d_known_order_v1,-50.47251640009027,0.0007426275071150418,0.0009060409526772455,0.0008768349708816744,6.317563620210326e-05,1.0,1259.142900002189,44.361081905761004,7.0,0.09846222387451975
20260702,10.0,2,17,grid_fft_topk_plus_ls,-6.661110008228279,0.21613024207725756,0.0776520658561504,0.24944230140679022,0.009336397224784614,1.0,15.197300002910197,0.0,,
20260702,10.0,2,17,deterministic_cartesian_local_refinement_plus_ls,-11.226762483666883,0.08069839128265556,0.0776520658561504,0.0894612416234557,0.00563624756363501,1.0,307.0873999968171,4.565652475438604,,
20260702,10.0,2,17,fixed_source_trained_scalar_interpolation_plus_ls,-10.44398190237226,0.12283639776821255,0.0776520658561504,0.12562312068991036,0.006315561646710741,1.0,294.2012999992585,3.7828718941439803,,
20260702,10.0,2,17,tensor_nomp3d_known_order_v1,-54.04072948280964,0.0006125446079678308,0.0006244749213244875,0.0003871840781214681,4.114140417571317e-05,1.0,1395.4399999929592,47.37961947458136,6.0,0.05919776856019819
20260702,10.0,2,18,grid_fft_topk_plus_ls,-4.584397159410478,38.16905905990554,0.09220810599398384,10.470887017097501,0.4427456736680023,0.5,14.521399993100204,0.0,,
20260702,10.0,2,18,deterministic_cartesian_local_refinement_plus_ls,-8.595798076231453,38.32791454806271,0.09220810599398384,10.7867028714054,0.45091192622329757,0.5,287.17919999326114,4.011400916820976,,
20260702,10.0,2,18,fixed_source_trained_scalar_interpolation_plus_ls,-8.163815841754914,38.27095525746386,0.09220810599398384,10.673326568350989,0.4479723582801098,0.5,280.0541000033263,3.5794186823444365,,
20260702,10.0,2,18,tensor_nomp3d_known_order_v1,-53.12733036961565,0.0009696274902437045,0.0005039388201996771,0.0012642598697558444,5.109094457279713e-05,1.0,1591.9720999954734,48.54293321020517,6.0,0.08406447544375037
20260702,10.0,2,19,grid_fft_topk_plus_ls,-4.642788710291307,24.072012737518257,4.80129658154486,7.8966649791610966,0.4316387237810271,0.0,13.370300002861768,0.0,,
20260702,10.0,2,19,deterministic_cartesian_local_refinement_plus_ls,-13.580989096207855,24.230386568645077,4.938483198526406,7.8966649791610966,0.43817610713057004,0.5,273.30139999685343,8.938200385916549,,
20260702,10.0,2,19,fixed_source_trained_scalar_interpolation_plus_ls,-10.263417904000837,24.17355455841421,4.886826103392404,7.8966649791610966,0.4357152676176779,0.5,243.06439999782015,5.62062919370953,,
20260702,10.0,2,19,tensor_nomp3d_known_order_v1,-51.72250323881183,0.004087565734845385,0.0038893327100688736,0.00025646159227567483,0.0002453028866927116,1.0,1399.967999997898,47.079714528520526,6.0,0.06275663517573056
20260702,10.0,4,0,grid_fft_topk_plus_ls,-6.064054697180104,4.426605317115938,1.0540740256361794,4.631764134734147,0.1627468208769518,0.5,21.96719999483321,0.0,,
20260702,10.0,4,0,deterministic_cartesian_local_refinement_plus_ls,-14.74001194638899,4.424440651746495,1.1533253802924817,4.730573573227234,0.16806122092872428,0.75,509.0494000032777,8.675957249208885,,
20260702,10.0,4,0,fixed_source_trained_scalar_interpolation_plus_ls,-13.138074491842122,4.424887183986149,1.1148906105540273,4.693571747041227,0.166023302618256,0.75,455.16379999753553,7.074019794662018,,
20260702,10.0,4,0,tensor_nomp3d_known_order_v1,-49.739421402486684,0.0030819904811801315,0.00213825903498435,0.0020079689090914386,0.00014958997516364506,1.0,3787.5456999900052,43.67536670530658,17.0,0.07558620014221333
20260702,10.0,4,1,grid_fft_topk_plus_ls,-4.430315709893763,21.959323379821598,3.363455574576764,3.631089296180357,0.29410614346639063,0.5,20.162500004516914,0.0,,
20260702,10.0,4,1,deterministic_cartesian_local_refinement_plus_ls,-10.611141776056634,22.068433117717586,3.2458007420009425,3.626866640107677,0.2893512666076831,0.75,450.13049998669885,6.180826066162871,,
20260702,10.0,4,1,fixed_source_trained_scalar_interpolation_plus_ls,-9.046541380194109,22.02896295749889,3.286644660549645,3.627577389880024,0.29097282744007563,0.75,431.0949999926379,4.616225670300346,,
20260702,10.0,4,1,tensor_nomp3d_known_order_v1,-48.921603034570694,0.0012241997550946177,0.0012168910698670179,0.0010959471488609608,8.395766128522506e-05,1.0,3389.4717000075616,44.49128732467693,17.0,0.4075346017957039
20260702,10.0,4,2,grid_fft_topk_plus_ls,-4.46765441016649,0.14457843645437912,0.21678550789940837,0.24350571868197393,0.01558072770194904,1.0,22.89889998792205,0.0,,
20260702,10.0,4,2,deterministic_cartesian_local_refinement_plus_ls,-14.598218173415582,0.05070203330543815,0.06363684913681529,0.06167053819343809,0.004437336931934165,1.0,451.1428999976488,10.130563763249093,,
20260702,10.0,4,2,fixed_source_trained_scalar_interpolation_plus_ls,-13.913859464906906,0.0789047375329788,0.044418193329557466,0.05753016429907486,0.0033643851809431816,1.0,466.72169999510515,9.446205054740417,,
20260702,10.0,4,2,tensor_nomp3d_known_order_v1,-48.469382820752756,0.0012173667800361783,0.0009309598766195223,0.001064872443622344,6.770024086581958e-05,1.0,3874.471100003575,44.00172841058627,20.0,0.6611663955738598
20260702,10.0,4,3,grid_fft_topk_plus_ls,-3.276578022857279,22.170684583198273,0.4703005077905402,3.41079179705988,0.20548968378123023,0.5,21.130900000571273,0.0,,
20260702,10.0,4,3,deterministic_cartesian_local_refinement_plus_ls,-14.742804397721411,22.401714609390105,0.3816454172955958,3.4130331390782764,0.20633570472316712,0.5,460.19019999948796,11.466226374864132,,
20260702,10.0,4,3,fixed_source_trained_scalar_interpolation_plus_ls,-9.162641694644485,22.31880591843594,0.4013255554077631,3.4105251698562427,0.20589220703902664,0.5,442.08000000799075,5.8860636717872055,,
20260702,10.0,4,3,tensor_nomp3d_known_order_v1,-48.276307929014656,0.006353469146193239,0.0075134568106452505,0.0008079383295940478,0.00047288159190646674,1.0,3635.7378999964567,44.99972990615738,17.0,0.3936461415747548
20260702,10.0,4,4,grid_fft_topk_plus_ls,-5.5994586252120495,0.15136648943851677,0.2069304451212092,0.1779612523484482,0.014127731766829117,1.0,24.652100008097477,0.0,,
20260702,10.0,4,4,deterministic_cartesian_local_refinement_plus_ls,-13.972908698637168,0.08170559020437412,0.05779764839172824,0.06245402783554775,0.004155194408745139,1.0,474.70060001069214,8.373450073425118,,
20260702,10.0,4,4,fixed_source_trained_scalar_interpolation_plus_ls,-12.762113840580113,0.06133635586859101,0.07642546524602292,0.08958789439217386,0.005557277398892565,1.0,470.07359999406617,7.162655215368064,,
20260702,10.0,4,4,tensor_nomp3d_known_order_v1,-47.06492637314629,0.0008825713966384378,0.001660600540948326,0.001354596551125927,0.00011230013369940969,1.0,3639.592300009099,41.46546774793424,17.0,0.4528789662820617
20260702,10.0,4,5,grid_fft_topk_plus_ls,-8.078762508208277,0.12282622986030761,0.15261943852944337,0.16304490290222312,0.010856724276391812,1.0,19.675500006997027,0.0,,
20260702,10.0,4,5,deterministic_cartesian_local_refinement_plus_ls,-12.123990152705746,0.044930536699860864,0.08150527061482997,0.07147802458361541,0.005573349375606155,1.0,463.81330001167953,4.045227644497469,,
20260702,10.0,4,5,fixed_source_trained_scalar_interpolation_plus_ls,-12.43624688772804,0.029659366975224644,0.0823814156040377,0.08354888501666237,0.005777632872947567,1.0,459.2369000019971,4.357484379519763,,
20260702,10.0,4,5,tensor_nomp3d_known_order_v1,-49.60537742677722,0.0014625193841559818,0.0010286025733075679,0.0019771918725798782,8.989504459938608e-05,1.0,3758.4988000016892,41.52661491856894,18.0,0.22859614052403587
20260702,10.0,4,6,grid_fft_topk_plus_ls,-5.31035007065062,0.1590693011439248,0.23158558748257452,0.09722753763371451,0.014841683130882842,1.0,14.920700006769039,0.0,,
20260702,10.0,4,6,deterministic_cartesian_local_refinement_plus_ls,-13.420375052061154,0.06750975497745597,0.06924669422724525,0.05907776385267845,0.004734704894241632,1.0,420.91839999193326,8.110024981410533,,
20260702,10.0,4,6,fixed_source_trained_scalar_interpolation_plus_ls,-11.033934631662643,0.05708470271732135,0.11642657577945863,0.05211783942318383,0.007470026422853932,1.0,480.61800000141375,5.723584561012022,,
20260702,10.0,4,6,tensor_nomp3d_known_order_v1,-47.366582291560306,0.0005581173180369125,0.0005502388977021032,0.0022896802523289443,7.95074895123152e-05,1.0,3734.294299996691,42.056232220909685,19.0,0.20383797345067267
20260702,10.0,4,7,grid_fft_topk_plus_ls,-5.884128378430201,22.742174283099242,1.4005869486565161,5.49250637745723,0.2620897225392819,0.25,20.75429999968037,0.0,,
20260702,10.0,4,7,deterministic_cartesian_local_refinement_plus_ls,-13.353351558462855,22.79890531168863,1.450224609847347,5.398586386874666,0.26153882969693654,0.5,469.64890000526793,7.469223180032653,,
20260702,10.0,4,7,fixed_source_trained_scalar_interpolation_plus_ls,-11.38217700718846,22.77841570627198,1.4275624517755896,5.431868376080315,0.2616157841306075,0.5,519.6709000010742,5.498048628758259,,
20260702,10.0,4,7,tensor_nomp3d_known_order_v1,-50.97517155727908,0.0007701665070897668,0.001785694654436052,0.0010767255557224155,0.00011672296175429752,1.0,3532.5026999926195,45.09104317884888,15.0,0.7339293104936675
20260702,10.0,4,8,grid_fft_topk_plus_ls,-5.5473772561079695,0.13660362239465354,0.1566571127936112,0.27147376193177636,0.012999026846310236,1.0,20.9504999947967,0.0,,
20260702,10.0,4,8,deterministic_cartesian_local_refinement_plus_ls,-16.32855072397224,0.05072505077430551,0.05302244442566012,0.0700425407438611,0.003991236786117704,1.0,455.51470000646077,10.781173467864269,,
20260702,10.0,4,8,fixed_source_trained_scalar_interpolation_plus_ls,-12.748703510625184,0.07365124387540281,0.04318611338981293,0.133800000134603,0.005009915286157843,1.0,430.2270000043791,7.201326254517214,,
20260702,10.0,4,8,tensor_nomp3d_known_order_v1,-48.75410518834079,0.0004398193665002113,0.0018872042727947835,0.0006231783076519648,0.00011959649420087917,1.0,3571.152999997139,43.206727932232816,17.0,0.3746661527364954
20260702,10.0,4,9,grid_fft_topk_plus_ls,-5.815586630874497,13.042731257290363,2.455932226888628,4.327069780650006,0.2285355845225855,0.25,25.37639999354724,0.0,,
20260702,10.0,4,9,deterministic_cartesian_local_refinement_plus_ls,-10.061688344629085,13.140892757022007,2.4533922225238216,4.185525300973093,0.22618577955633146,0.5,459.7030000004452,4.246101713754587,,
20260702,10.0,4,9,fixed_source_trained_scalar_interpolation_plus_ls,-9.892447572558256,13.10516160407138,2.4537093153598706,4.23572303155075,0.2269838452938043,0.5,478.0754000094021,4.0768609416837585,,
20260702,10.0,4,9,tensor_nomp3d_known_order_v1,-47.386659278136,0.0013110175205592537,0.0019504055600877165,0.0010881826468025749,0.00012696845311998967,1.0,3721.4451000036206,41.5710726472615,16.0,0.21747282680087643
20260702,10.0,4,10,grid_fft_topk_plus_ls,-5.648290462595478,29.15805962233923,2.1359361329196918,1.9510827381275595,0.27098028797336365,0.75,21.311900010914542,0.0,,
20260702,10.0,4,10,deterministic_cartesian_local_refinement_plus_ls,-14.740298393945322,29.38242255545704,2.243001945009365,1.8314082384591184,0.2749932691627877,0.75,390.88630001060665,9.092007931349844,,
20260702,10.0,4,10,fixed_source_trained_scalar_interpolation_plus_ls,-11.309953175031893,29.301982172631604,2.2032815946085424,1.8728107589893284,0.27348321802156195,0.75,433.7678000010783,5.661662712436415,,
20260702,10.0,4,10,tensor_nomp3d_known_order_v1,-47.89063722406043,0.0032765352136626884,0.0013241859167645157,0.003032492701451904,0.00012839478281757662,1.0,3783.111899989308,42.24234676146495,18.0,0.30745879106440027
20260702,10.0,4,11,grid_fft_topk_plus_ls,-4.860219205025712,18.143184078256528,3.3880068262607326,6.320289694598734,0.3223962229677772,0.5,23.64619998843409,0.0,,
20260702,10.0,4,11,deterministic_cartesian_local_refinement_plus_ls,-13.892982904826969,18.28293322649946,3.274469902937395,6.531678064087187,0.3224101041650429,0.5,475.08420000667684,9.032763699801258,,
20260702,10.0,4,11,fixed_source_trained_scalar_interpolation_plus_ls,-11.359942995466394,18.23277556110307,3.3138168139891535,6.455427642947568,0.32230736298109,0.5,513.5160000063479,6.499723790440682,,
20260702,10.0,4,11,tensor_nomp3d_known_order_v1,-49.01967707039712,0.0028041807934933165,0.0008336203505220286,0.0004744138683726681,5.843185504055948e-05,1.0,3740.888999993331,44.15945786537141,17.0,0.5145123594498766
20260702,10.0,4,12,grid_fft_topk_plus_ls,-7.882572992322249,0.14903009710329507,0.16676800117076837,0.08241567179072336,0.010799429009150669,1.0,26.03699998871889,0.0,,
20260702,10.0,4,12,deterministic_cartesian_local_refinement_plus_ls,-14.329027561656355,0.06669648670726933,0.06526677266773727,0.06358754665605618,0.004567250190007426,1.0,471.5462000021944,6.446454569334106,,
20260702,10.0,4,12,fixed_source_trained_scalar_interpolation_plus_ls,-14.733852522591702,0.04561832623322831,0.06297414558166751,0.046027996132521294,0.004205606023727865,1.0,454.2844999959925,6.851279530269453,,
20260702,10.0,4,12,tensor_nomp3d_known_order_v1,-48.707118390580334,0.0008943680059282282,0.0008030669662181296,0.0008882188175788002,5.7779486012410964e-05,1.0,3815.726499989978,40.82454539825808,18.0,0.2753694129235834
20260702,10.0,4,13,grid_fft_topk_plus_ls,-4.316304856086417,10.68823505217466,4.833021062383328,2.922241174972496,0.3264267987722004,0.0,19.626999986940064,0.0,,
20260702,10.0,4,13,deterministic_cartesian_local_refinement_plus_ls,-8.551518785614382,10.608598738096553,4.891788951743163,3.030255838209657,0.33062255579748584,0.25,437.14799999725074,4.235213929527966,,
20260702,10.0,4,13,fixed_source_trained_scalar_interpolation_plus_ls,-8.410620228904612,10.637046721132362,4.8669430718389615,2.986186585045976,0.3288496796110477,0.25,477.1677999960957,4.094315372818196,,
20260702,10.0,4,13,tensor_nomp3d_known_order_v1,-48.43765685786931,0.0008129515470821889,0.0010933759028792236,0.0014890557870237708,8.291842421143087e-05,1.0,3904.009000005317,44.12135200178289,21.0,0.46814714378785094
20260702,10.0,4,14,grid_fft_topk_plus_ls,-4.545835011067713,7.919637393338844,1.4323654212951415,7.330529106893775,0.2536133037269013,0.5,24.423099996056408,0.0,,
20260702,10.0,4,14,deterministic_cartesian_local_refinement_plus_ls,-11.669478119459235,8.024054005465208,1.5346055554004434,7.214966798499409,0.2529125128846133,0.75,494.1346999985399,7.123643108391522,,
20260702,10.0,4,14,fixed_source_trained_scalar_interpolation_plus_ls,-10.346503781171311,7.9855463953180275,1.4958828093371364,7.255757071795007,0.253071428848815,0.75,489.5988999924157,5.800668770103598,,
20260702,10.0,4,14,tensor_nomp3d_known_order_v1,-50.319334477149454,0.0008538689968184854,0.0013325580962923224,0.0012206737437491493,9.184766268002479e-05,1.0,3720.2805999986595,45.77349946608174,15.0,0.407155830708953
20260702,10.0,4,15,grid_fft_topk_plus_ls,-5.921894481802083,0.13474676009060685,0.1665327581505318,0.19616440740832997,0.012125157294704498,1.0,19.68890000716783,0.0,,
20260702,10.0,4,15,deterministic_cartesian_local_refinement_plus_ls,-13.281100722536607,0.07359526027465768,0.05502263848482194,0.08055432010275744,0.004300422157065348,1.0,442.9388000135077,7.359206240734524,,
20260702,10.0,4,15,fixed_source_trained_scalar_interpolation_plus_ls,-13.09010187453637,0.06449851327416185,0.0560950511447852,0.07942239438310256,0.0043249976765370865,1.0,437.6940999936778,7.168207392734287,,
20260702,10.0,4,15,tensor_nomp3d_known_order_v1,-46.95408929685971,0.0011939907410878237,0.0013581367467137646,0.001427126034626039,9.633889603161834e-05,1.0,3827.616599999601,41.03219481505763,18.0,0.5275731376303612
20260702,10.0,4,16,grid_fft_topk_plus_ls,-4.134384475919576,0.22588519492977316,0.2019810573544748,0.20779788347262132,0.014305346126848587,1.0,20.80779999960214,0.0,,
20260702,10.0,4,16,deterministic_cartesian_local_refinement_plus_ls,-13.697036321806916,0.06115692962679395,0.03598254981610573,0.07942091202134823,0.003383152401942374,1.0,487.8357999987202,9.562651845887341,,
20260702,10.0,4,16,fixed_source_trained_scalar_interpolation_plus_ls,-9.716845629359277,0.10928941137633742,0.0616675917806032,0.10384349037879362,0.005110263585104189,1.0,503.7190000002738,5.582461153439701,,
20260702,10.0,4,16,tensor_nomp3d_known_order_v1,-50.08294619905569,0.0007798047335870414,0.000615195166683231,0.0016139846856546582,6.371332356336035e-05,1.0,3678.346100001363,45.948561723136116,18.0,0.7164011885618586
20260702,10.0,4,17,grid_fft_topk_plus_ls,-5.824939669562486,0.2516497757446544,0.15004152784577604,0.13901181449345607,0.010520260423528983,1.0,20.76189999934286,0.0,,
20260702,10.0,4,17,deterministic_cartesian_local_refinement_plus_ls,-12.468256166818605,0.0705255242245403,0.06477445214580782,0.08017719493521704,0.004792793131846239,1.0,453.96379999874625,6.643316497256119,,
20260702,10.0,4,17,fixed_source_trained_scalar_interpolation_plus_ls,-11.440560812442953,0.09172940752015037,0.08857449779113,0.09020533213251637,0.0062534881940760284,1.0,434.271300007822,5.615621142880467,,
20260702,10.0,4,17,tensor_nomp3d_known_order_v1,-51.013272106068335,0.0012093270572811502,0.0009087972938212863,0.0010947468012072394,6.697659586781854e-05,1.0,3478.975999998511,45.188332436505846,17.0,0.617270798827127
20260702,10.0,4,18,grid_fft_topk_plus_ls,-4.42556253290955,3.1532383133181443,3.853361488737926,1.2005415564491995,0.24498148660839894,0.5,20.712199999252334,0.0,,
20260702,10.0,4,18,deterministic_cartesian_local_refinement_plus_ls,-10.323254226137507,3.0372814498847953,3.8505494015794555,1.2587510621439966,0.24500467235924098,0.75,439.06479999714065,5.897691693227958,,
20260702,10.0,4,18,fixed_source_trained_scalar_interpolation_plus_ls,-9.11035402842929,3.0778877826793876,3.8508011986487047,1.2299713239829007,0.24490829760821478,0.75,409.9527000071248,4.6847914955197405,,
20260702,10.0,4,18,tensor_nomp3d_known_order_v1,-47.6827290638503,0.001026744060349722,0.0009082375290576899,0.00033606603418550755,5.828279762045325e-05,1.0,3595.256699991296,43.25716653094075,17.0,0.26861748470367275
20260702,10.0,4,19,grid_fft_topk_plus_ls,-4.236877467100359,26.778485369304523,4.175882408765283,8.166807464615433,0.42073535264046025,0.25,15.300800005206838,0.0,,
20260702,10.0,4,19,deterministic_cartesian_local_refinement_plus_ls,-8.173914346468244,26.865248355935314,4.33227055921287,8.244489180743521,0.42865469367212833,0.25,390.4688000038732,3.937036879367885,,
20260702,10.0,4,19,fixed_source_trained_scalar_interpolation_plus_ls,-8.126388594822073,26.833833023769127,4.275567676649316,8.215695061317112,0.4257610067925251,0.25,423.7767000013264,3.889511127721714,,
20260702,10.0,4,19,tensor_nomp3d_known_order_v1,-48.390873945859255,0.00037875609859270003,0.0010691801332726192,0.0010400186697026377,7.436705232127573e-05,1.0,3291.2419000058435,44.1539964787589,14.0,0.36568808547857523
20260702,10.0,8,0,grid_fft_topk_plus_ls,-5.375679874736664,13.017687994704064,1.3346609050698683,2.546566037348803,0.15373456494592794,0.625,51.718499991693534,0.0,,
20260702,10.0,8,0,deterministic_cartesian_local_refinement_plus_ls,-13.616836154603828,13.089626996644984,1.4244232976244098,2.4566666806741826,0.1558112089896863,0.75,851.1270999879343,8.241156279867162,,
20260702,10.0,8,0,fixed_source_trained_scalar_interpolation_plus_ls,-11.27518500058134,13.06368988797384,1.390333030282391,2.4866001031638314,0.15493677328926206,0.75,915.6491000030655,5.899505125844676,,
20260702,10.0,8,0,tensor_nomp3d_known_order_v1,-44.96909567519577,0.001433188643914353,0.0014089545772877615,0.001941426896713687,0.00010752056150693592,1.0,12115.245900000446,39.593415800459105,52.0,0.8440083932668687
20260702,10.0,8,1,grid_fft_topk_plus_ls,-5.064260663286363,0.21073230497125114,0.1763509043090315,0.20785064363663613,0.012898944753995332,1.0,57.50070000067353,0.0,,
20260702,10.0,8,1,deterministic_cartesian_local_refinement_plus_ls,-13.568649498144659,0.08953576393773326,0.051783567159582086,0.05397097539860434,0.0037159992860469585,1.0,1000.6882000016049,8.504388834858297,,
20260702,10.0,8,1,fixed_source_trained_scalar_interpolation_plus_ls,-12.346684024395804,0.08063476520328645,0.07473036612249812,0.08460230153162708,0.005403849967866934,1.0,964.1014999942854,7.2824233611094416,,
20260702,10.0,8,1,tensor_nomp3d_known_order_v1,-46.175701280957455,0.0007626137085968033,0.0016418339679724616,0.0013708955967403841,0.000111357824240284,1.0,12102.786899995408,41.11144061767109,51.0,0.4003845622157645
20260702,10.0,8,2,grid_fft_topk_plus_ls,-5.266945172351786,23.29932746504676,2.127225323556043,2.575550778427132,0.23934823281965809,0.75,39.690499994321726,0.0,,
20260702,10.0,8,2,deterministic_cartesian_local_refinement_plus_ls,-10.716517150170443,23.22878568629815,2.3436582581400525,2.505754116152386,0.24600969813270915,0.75,834.7756999864941,5.449571977818657,,
20260702,10.0,8,2,fixed_source_trained_scalar_interpolation_plus_ls,-10.150920069831372,23.253944808243073,2.263718208666731,2.529243439265504,0.24345209100531293,0.75,839.9174000078347,4.883974897479586,,
20260702,10.0,8,2,tensor_nomp3d_known_order_v1,-45.196822994809025,0.0025076909119655065,0.0015236303051415004,0.001367550964078038,0.00010619955131918284,1.0,11796.621300003608,39.92987782245724,47.0,0.5331507754486674
20260702,10.0,8,3,grid_fft_topk_plus_ls,-4.238766295865161,3.1096159627920974,0.7758211549152936,4.653091806870961,0.1551939757307118,0.625,50.40180000651162,0.0,,
20260702,10.0,8,3,deterministic_cartesian_local_refinement_plus_ls,-9.983761388541803,3.226908307055741,0.8290104866220549,4.572435589483134,0.15406918514930779,0.75,986.3583999976981,5.744995092676642,,
20260702,10.0,8,3,fixed_source_trained_scalar_interpolation_plus_ls,-8.864111042627098,3.1831206148761746,0.8004325942462339,4.600689146107712,0.1542445552874831,0.75,880.4921999981161,4.625344746761937,,
20260702,10.0,8,3,tensor_nomp3d_known_order_v1,-45.78175670966877,0.001659981999244469,0.002177099480399858,0.0013059060692853196,0.0001426474720632106,1.0,12716.769600010593,41.54299041380361,56.0,0.8294099033854183
20260702,10.0,8,4,grid_fft_topk_plus_ls,-5.967665742721556,5.673891186751542,1.2359613462782135,3.327321361323744,0.13690758143340917,0.5,38.93979999702424,0.0,,
20260702,10.0,8,4,deterministic_cartesian_local_refinement_plus_ls,-9.966470109026416,5.576916286270121,1.4221032340849347,3.334955052287246,0.1437340695600883,0.5,902.5829000020167,3.99880436630486,,
20260702,10.0,8,4,fixed_source_trained_scalar_interpolation_plus_ls,-10.1629649607039,5.611185667781154,1.350867694365334,3.3304770571316724,0.14100396619461436,0.5,910.3686000016751,4.195299217982344,,
20260702,10.0,8,4,tensor_nomp3d_known_order_v1,-46.11702124093131,0.0026995364975973806,0.001974849713215919,0.0016217068863791193,0.00013508362342717407,1.0,13073.682000002009,40.14935549820975,56.0,0.41389211297672956
20260702,10.0,8,5,grid_fft_topk_plus_ls,-6.686605626309365,15.246097033796222,1.8862147571581802,1.138254237075022,0.1713188853284017,0.375,48.70520000986289,0.0,,
20260702,10.0,8,5,deterministic_cartesian_local_refinement_plus_ls,-13.146605573329431,15.290951718571106,1.7919416514204543,1.2123256490844632,0.16807526647814275,0.5,910.8092999958899,6.459999947020066,,
20260702,10.0,8,5,fixed_source_trained_scalar_interpolation_plus_ls,-14.666098414057341,15.274476746011,1.8238673917203532,1.1826497218383059,0.1691155817384453,0.5,988.5806999955093,7.979492787747976,,
20260702,10.0,8,5,tensor_nomp3d_known_order_v1,-43.363955025228904,0.0023600092265013343,0.0024119955115384346,0.002207392509022639,0.00016680468380854142,1.0,12957.847099998617,36.67734939891954,53.0,1.3035600078333007
20260702,10.0,8,6,grid_fft_topk_plus_ls,-6.068580066145824,21.66556462291748,1.8321759586430892,2.346070071596643,0.21711175141831776,0.5,48.319600013201125,0.0,,
20260702,10.0,8,6,deterministic_cartesian_local_refinement_plus_ls,-11.998063356378953,21.664927346767744,1.8292895221017744,2.423048905184384,0.21783723390859772,0.75,879.565499999444,5.929483290233129,,
20260702,10.0,8,6,fixed_source_trained_scalar_interpolation_plus_ls,-10.589427265621234,21.665054836411652,1.8295287396816928,2.392122940752643,0.21751182252240234,0.75,875.0331999908667,4.52084719947541,,
20260702,10.0,8,6,tensor_nomp3d_known_order_v1,-45.088676790500685,0.0021961889576417857,0.004543198735681462,0.005053261602327999,0.0003253596638185118,1.0,12373.235599996406,39.02009672435486,50.0,0.7075561764713785
20260702,10.0,8,7,grid_fft_topk_plus_ls,-7.968887393416581,23.127442632612567,1.8244902968747543,3.651995376047755,0.24222689653467086,0.625,52.177000005031005,0.0,,
20260702,10.0,8,7,deterministic_cartesian_local_refinement_plus_ls,-12.908662254587558,23.194319113246024,1.8204106633810506,3.6014997778183013,0.24175850721134257,0.75,957.7619999909075,4.939774861170977,,
20260702,10.0,8,7,fixed_source_trained_scalar_interpolation_plus_ls,-12.667937143436605,23.170205804944292,1.820674562632459,3.6180544520829994,0.2418665086234019,0.625,980.8064999961061,4.699049750020024,,
20260702,10.0,8,7,tensor_nomp3d_known_order_v1,-46.34887097117604,0.0020506496693076305,0.0024421327418743793,0.003072593695612328,0.00018103355634696154,1.0,12633.719500008738,38.37998357775946,47.0,0.6921125274431356
20260702,10.0,8,8,grid_fft_topk_plus_ls,-3.635974538036597,17.578724505594657,2.423250932596787,3.0652491982296968,0.22577461101678914,0.625,45.72119998920243,0.0,,
20260702,10.0,8,8,deterministic_cartesian_local_refinement_plus_ls,-10.810438855672754,19.797524795566837,2.1569285751991463,3.326927422103604,0.23000973110768305,0.5,990.3024999948684,7.174464317636156,,
20260702,10.0,8,8,fixed_source_trained_scalar_interpolation_plus_ls,-9.93796400195128,19.828921632721226,2.152150844321283,3.244470994712381,0.22884675716259692,0.5,946.9691999984207,6.301989463914682,,
20260702,10.0,8,8,tensor_nomp3d_known_order_v1,-46.61726320508794,0.0011875955221348176,0.0015598590032027528,0.0012855016181743176,0.00010585083012137631,1.0,11925.910699996166,42.98128866705134,49.0,0.6850343553514844
20260702,10.0,8,9,grid_fft_topk_plus_ls,-6.015196238107821,12.592233924723105,2.4067208459321368,4.320899448010574,0.22480387537696378,0.5,61.76989999949001,0.0,,
20260702,10.0,8,9,deterministic_cartesian_local_refinement_plus_ls,-11.652115069326063,12.713814626060202,2.3298142711292003,4.338651668784636,0.22237752093649676,0.625,948.644999996759,5.636918831218242,,
20260702,10.0,8,9,fixed_source_trained_scalar_interpolation_plus_ls,-10.80554576980537,12.669953825035572,2.3567157279498194,4.330624225208022,0.22317778916399594,0.625,886.9152000115719,4.790349531697549,,
20260702,10.0,8,9,tensor_nomp3d_known_order_v1,-47.22001983053179,0.0008219810817055144,0.0009194781144827853,0.001633000645520407,7.712281846140359e-05,1.0,12061.556899992866,41.20482359242397,53.0,0.9628605786553235
20260702,10.0,8,10,grid_fft_topk_plus_ls,-5.422343509906304,15.668530575556522,1.36661878850215,4.775792847596528,0.2110768362148001,0.625,50.645600000279956,0.0,,
20260702,10.0,8,10,deterministic_cartesian_local_refinement_plus_ls,-12.232724969967933,15.724560992654103,1.5156693729788873,4.779410320500687,0.21534320638986068,0.625,874.5724000036716,6.810381460061628,,
20260702,10.0,8,10,fixed_source_trained_scalar_interpolation_plus_ls,-11.438171399915419,15.704289015703788,1.4590661820344732,4.7768974356693175,0.21366475124819947,0.625,805.0556999951368,6.015827890009114,,
20260702,10.0,8,10,tensor_nomp3d_known_order_v1,-45.924303931173014,0.001559551444453975,0.0013529529304685307,0.0013669065324101299,9.551654665248676e-05,1.0,11368.62919999112,40.50196042126671,53.0,0.7108941185320199
20260702,10.0,8,11,grid_fft_topk_plus_ls,-5.223387235885049,20.926430666101428,0.33976740734266847,4.281049342577109,0.21231349769414404,0.75,39.668299999902956,0.0,,
20260702,10.0,8,11,deterministic_cartesian_local_refinement_plus_ls,-9.779135690357181,20.990672699153585,0.4450307524966583,4.424486776213974,0.21629496007570462,0.75,822.1182000124827,4.555748454472132,,
20260702,10.0,8,11,fixed_source_trained_scalar_interpolation_plus_ls,-9.792966975235798,20.96751807361745,0.38673206807916277,4.372002117499248,0.21467169285604443,0.75,800.9607999993023,4.569579739350749,,
20260702,10.0,8,11,tensor_nomp3d_known_order_v1,-45.292929845782524,0.0024120590818261524,0.0016016229692717506,0.001608294023912608,0.00011358427584088407,1.0,11270.782600011444,40.069542609897475,48.0,0.45225533958220027
20260702,10.0,8,12,grid_fft_topk_plus_ls,-6.6476084339225086,20.192572731573165,1.9815990435196753,3.813784481352681,0.23330095726853115,0.25,56.188999995356426,0.0,,
20260702,10.0,8,12,deterministic_cartesian_local_refinement_plus_ls,-12.213228756758511,20.116898190181754,1.9079599205130289,3.9721079448445007,0.23308391332866424,0.5,860.1913000020431,5.565620322836002,,
20260702,10.0,8,12,fixed_source_trained_scalar_interpolation_plus_ls,-13.025453944448635,20.143884018108476,1.9320175359678422,3.91355024024313,0.23303292098790301,0.5,868.2858999964083,6.377845510526127,,
20260702,10.0,8,12,tensor_nomp3d_known_order_v1,-44.98874612693505,0.002935127593456589,0.022664922907069056,0.015350876151494572,0.0014957566137851627,1.0,11108.016700003645,38.34113769301254,46.0,0.9778792795610391
20260702,10.0,8,13,grid_fft_topk_plus_ls,-4.2079160287628765,0.18964202714147235,0.24325129263145825,0.21943936556696123,0.016743881717869634,1.0,55.57149999367539,0.0,,
20260702,10.0,8,13,deterministic_cartesian_local_refinement_plus_ls,-12.264312843577859,0.08833132480329507,0.06666372359262777,0.0727299553823685,0.004795984853962326,1.0,845.181099997717,8.056396814814981,,
20260702,10.0,8,13,fixed_source_trained_scalar_interpolation_plus_ls,-9.694788882297601,0.10302276857459398,0.09744237093674185,0.10225641403818128,0.00692452280796363,1.0,879.8323999944841,5.486872853534725,,
20260702,10.0,8,13,tensor_nomp3d_known_order_v1,-45.474586475175286,0.0020562880330822725,0.001259545294396363,0.0016761599321196044,9.591051912070204e-05,1.0,12133.90060000529,41.26667044641241,52.0,0.780155848978315
20260702,10.0,8,14,grid_fft_topk_plus_ls,-4.612964636626645,17.246015162155842,2.4366522872654963,3.6655540351363283,0.23338216545574605,0.375,46.98709999502171,0.0,,
20260702,10.0,8,14,deterministic_cartesian_local_refinement_plus_ls,-10.385371387557779,17.375267774393095,2.48678975891583,3.7214335577334685,0.23687068470737585,0.625,917.6649000000907,5.772406750931134,,
20260702,10.0,8,14,fixed_source_trained_scalar_interpolation_plus_ls,-9.904886932959856,17.328634073641155,2.4660060369046466,3.69955579021053,0.23547461540827605,0.5,906.6225999995368,5.291922296333212,,
20260702,10.0,8,14,tensor_nomp3d_known_order_v1,-44.46815913331691,0.0015107735816216716,0.002649595017157106,0.0028795663240591025,0.00018883889032553146,1.0,11745.367899988196,39.85519449669027,47.0,1.387312972225838
20260702,10.0,8,15,grid_fft_topk_plus_ls,-5.455109717558581,11.937662807427703,2.45648418884556,0.7719748608654585,0.18124983983692097,0.625,52.593999993405305,0.0,,
20260702,10.0,8,15,deterministic_cartesian_local_refinement_plus_ls,-11.88918198274381,12.046615051976133,2.37470376948892,0.8683487103726447,0.1778258448481505,0.75,871.8144000013126,6.43407226518523,,
20260702,10.0,8,15,fixed_source_trained_scalar_interpolation_plus_ls,-10.580804580974991,12.007109302523299,2.4033998052265177,0.829876578127651,0.1789855439525546,0.75,842.374200001359,5.125694863416411,,
20260702,10.0,8,15,tensor_nomp3d_known_order_v1,-45.46476873425655,0.00221615227513788,0.001367190541513855,0.0009941735451773322,9.255582736126347e-05,1.0,11745.753199997125,40.009659016697974,49.0,1.1887335226703244
20260702,10.0,8,16,grid_fft_topk_plus_ls,-6.662673832439992,13.095594089698963,1.946382333160433,4.789901768003775,0.21833708177706013,0.625,54.782999999588355,0.0,,
20260702,10.0,8,16,deterministic_cartesian_local_refinement_plus_ls,-11.19570324856188,11.801047648870217,1.9919757858774063,4.93856051925428,0.21867252083038413,0.625,844.6451000054367,4.533029416121888,,
20260702,10.0,8,16,fixed_source_trained_scalar_interpolation_plus_ls,-11.273039419252724,13.101653470223559,1.988748564714514,4.736370863344286,0.2187098737708921,0.625,976.7502000031527,4.610365586812732,,
20260702,10.0,8,16,tensor_nomp3d_known_order_v1,-44.3795346638524,0.0022281397369771157,0.0030872973801184256,0.0014696697793868145,0.00019910894677805464,1.0,12641.846300000907,37.716860831412404,49.0,0.509137920187779
20260702,10.0,8,17,grid_fft_topk_plus_ls,-4.9810143369474,1.1745610998305631,1.5471439926269683,1.1749129919140047,0.10383873880726019,0.75,67.91749999683816,0.0,,
20260702,10.0,8,17,deterministic_cartesian_local_refinement_plus_ls,-12.041191974518142,1.082003636368745,1.6157629490485117,1.2210996193062134,0.10828481078272807,0.875,864.2486999888206,7.060177637570742,,
20260702,10.0,8,17,fixed_source_trained_scalar_interpolation_plus_ls,-10.402315937282879,1.112112305868651,1.5883298638993937,1.2005314366404392,0.10647835005829757,0.875,890.6400999985635,5.421301600335479,,
20260702,10.0,8,17,tensor_nomp3d_known_order_v1,-46.773615452209675,0.00203603421524393,0.0010422146521994434,0.0014667401759047227,8.12215213101079e-05,1.0,11757.255699994857,41.79260111526227,47.0,0.21827779006798287
20260702,10.0,8,18,grid_fft_topk_plus_ls,-4.560978417655816,9.486876033456843,1.5342677840580017,4.399798542959588,0.18328381766652624,0.625,46.278800000436604,0.0,,
20260702,10.0,8,18,deterministic_cartesian_local_refinement_plus_ls,-10.896028158323947,9.482920276495923,1.5482291266961121,4.5076204321079,0.1862643050704167,0.75,949.217299988959,6.335049740668131,,
20260702,10.0,8,18,fixed_source_trained_scalar_interpolation_plus_ls,-8.99554038695482,9.483953522399005,1.5394695671825203,4.468171236176088,0.18505174078466932,0.75,964.2139999923529,4.434561969299004,,
20260702,10.0,8,18,tensor_nomp3d_known_order_v1,-45.54078544292351,0.001841378579479627,0.0015940817699392393,0.0016842469699020343,0.00011359274760860624,1.0,12477.481099995202,40.97980702526769,49.0,0.9690226871044524
20260702,10.0,8,19,grid_fft_topk_plus_ls,-5.315160370516492,31.476043549603062,1.2877545294198842,4.682160382080403,0.2972484577035669,0.375,84.74160000332631,0.0,,
20260702,10.0,8,19,deterministic_cartesian_local_refinement_plus_ls,-12.197661774685113,31.475797167358287,1.352611570603947,4.836032046902137,0.3007571843618166,0.625,910.4929999884916,6.882501404168621,,
20260702,10.0,8,19,fixed_source_trained_scalar_interpolation_plus_ls,-10.353475528597487,31.4758391798328,1.3242704948535742,4.779677139393164,0.299381868373823,0.625,815.5172999977367,5.038315158080995,,
20260702,10.0,8,19,tensor_nomp3d_known_order_v1,-45.98356884000051,0.002842070168352754,0.0030838514248758496,0.0025268488371263057,0.00020946909887832919,1.0,12007.121999995434,40.668408469484014,47.0,0.7519874666037598
20260702,20.0,2,0,grid_fft_topk_plus_ls,-3.223177602520332,0.2171574423984863,0.19573037673321367,0.30405214218884374,0.015582334290530396,1.0,10.412899995571934,0.0,,
20260702,20.0,2,0,deterministic_cartesian_local_refinement_plus_ls,-14.331659496789156,0.06142619638255106,0.04614079090057055,0.07883557262771271,0.003823084877408546,1.0,237.4604999931762,11.108481894268824,,
20260702,20.0,2,0,fixed_source_trained_scalar_interpolation_plus_ls,-9.317202218074879,0.11614603356148653,0.0962627926042599,0.08945259305986429,0.006695890340038517,1.0,225.95580000779592,6.094024615554547,,
20260702,20.0,2,0,tensor_nomp3d_known_order_v1,-63.64696076602189,3.0494645608712903e-05,0.00010302646884309988,0.0003595741207239034,1.295309603572818e-05,1.0,1309.144999991986,60.42378316350156,6.0,0.02546689192632036
20260702,20.0,2,1,grid_fft_topk_plus_ls,-2.8864662551916305,0.20774222418907287,0.2848662305399888,0.26222094214093344,0.019666462015584193,1.0,13.56550000491552,0.0,,
20260702,20.0,2,1,deterministic_cartesian_local_refinement_plus_ls,-13.88914359418102,0.04123508730924307,0.07222511849977369,0.05495280710278435,0.004840417478029157,1.0,208.92520000052173,11.00267733898939,,
20260702,20.0,2,1,fixed_source_trained_scalar_interpolation_plus_ls,-8.088494637580782,0.07006061881757758,0.14411709187985186,0.12216144930305202,0.00979821537021796,1.0,209.5943000022089,5.202028382389152,,
20260702,20.0,2,1,tensor_nomp3d_known_order_v1,-62.818112565471004,0.00014248185710005393,9.621626191771091e-05,0.00026836632222168615,1.0379497171389864e-05,1.0,1290.7934999966528,59.931646310279376,7.0,0.012054642417605307
20260702,20.0,2,2,grid_fft_topk_plus_ls,-3.5524091030262817,0.23549570006602663,0.1828538089057314,0.2446456546437258,0.013872314531370278,1.0,13.014900003327057,0.0,,
20260702,20.0,2,2,deterministic_cartesian_local_refinement_plus_ls,-11.962652155545817,0.09314566370555268,0.05430496516160893,0.07747512009776074,0.0042321279053335525,1.0,226.8480000057025,8.410243052519535,,
20260702,20.0,2,2,fixed_source_trained_scalar_interpolation_plus_ls,-12.27774851997507,0.11743623641540345,0.08970697769596336,0.04484971664238347,0.005851583888791164,1.0,205.89599999948405,8.725339416948788,,
20260702,20.0,2,2,tensor_nomp3d_known_order_v1,-61.8842590985908,0.00016712956859519094,0.0003163602700473505,0.00019233563971724795,2.070708213259757e-05,1.0,1184.7677000041585,58.331849995564525,7.0,0.01352863529734715
20260702,20.0,2,3,grid_fft_topk_plus_ls,-5.938894636055468,0.11252436434548202,0.17774156408790684,0.21692751843697708,0.013043540403150885,1.0,9.26959999196697,0.0,,
20260702,20.0,2,3,deterministic_cartesian_local_refinement_plus_ls,-15.653991297909439,0.0527549643674442,0.02853926543893699,0.06954181423108022,0.002841511052905446,1.0,221.835899996222,9.71509666185397,,
20260702,20.0,2,3,fixed_source_trained_scalar_interpolation_plus_ls,-13.042475742408516,0.022408356469400634,0.07756955011906226,0.091203881459293,0.00562653380289946,1.0,219.93390000716317,7.103581106353048,,
20260702,20.0,2,3,tensor_nomp3d_known_order_v1,-61.46381326887128,0.00016794586900154097,0.0002972020385789034,0.00031104846603606024,2.100572416864036e-05,1.0,1205.2720000065165,55.52491863281581,7.0,0.013313386959962415
20260702,20.0,2,4,grid_fft_topk_plus_ls,-5.103373556298645,0.0574142557436615,0.19027413201105625,0.23531134783464075,0.013989199114422183,1.0,12.413100004778244,0.0,,
20260702,20.0,2,4,deterministic_cartesian_local_refinement_plus_ls,-13.733611433221824,0.0574142557436615,0.05407538423090153,0.08851616436133068,0.004390344171377401,1.0,223.928799998248,8.630237876923179,,
20260702,20.0,2,4,fixed_source_trained_scalar_interpolation_plus_ls,-9.553986242700983,0.0574142557436615,0.09498840764774619,0.1379805626393073,0.007351116704983863,1.0,246.35719999787398,4.450612686402338,,
20260702,20.0,2,4,tensor_nomp3d_known_order_v1,-60.831171659883964,0.0002549582758570007,0.00010902873912332163,2.9471825844824637e-05,7.158936790227037e-06,1.0,1237.1049000066705,55.72779810358532,6.0,0.02522372081468791
20260702,20.0,2,5,grid_fft_topk_plus_ls,-6.125770712317465,0.2277593080779938,0.21125532919256212,0.11895261811006369,0.013831686536592808,1.0,12.676900005317293,0.0,,
20260702,20.0,2,5,deterministic_cartesian_local_refinement_plus_ls,-11.112673323745703,0.07241496624093562,0.08185259080942703,0.10456602476431102,0.006096648788277836,1.0,208.28269999765325,4.986902611428238,,
20260702,20.0,2,5,fixed_source_trained_scalar_interpolation_plus_ls,-13.05086372444675,0.10151230937797283,0.09297776270911083,0.07916578083188704,0.006365397570341396,1.0,212.90149999549612,6.925093012129285,,
20260702,20.0,2,5,tensor_nomp3d_known_order_v1,-62.41645849997907,0.0001949145176043223,0.00018288412211565775,0.0002459449214715479,1.385787908390437e-05,1.0,1281.0809000075096,56.29068778766161,7.0,0.01072508927836817
20260702,20.0,2,6,grid_fft_topk_plus_ls,-4.200214246350788,0.20344073063100565,0.2975004338147185,0.16793094908488954,0.019385420441750345,1.0,13.674900008481927,0.0,,
20260702,20.0,2,6,deterministic_cartesian_local_refinement_plus_ls,-11.949740111396013,0.07195993473606943,0.07407598413514445,0.07350402710858879,0.005198734748460968,1.0,239.13080000784248,7.749525865045225,,
20260702,20.0,2,6,fixed_source_trained_scalar_interpolation_plus_ls,-9.319215813061227,0.11102246119429897,0.1535520103685989,0.04392883413839363,0.00973340917170456,1.0,229.5014999981504,5.119001566710439,,
20260702,20.0,2,6,tensor_nomp3d_known_order_v1,-63.28429364302421,0.00014999254685498544,0.00019093392038638634,0.00011580924958360483,1.2525011709488825e-05,1.0,1112.5935000018217,59.084079396673424,6.0,0.04301982458263558
20260702,20.0,2,7,grid_fft_topk_plus_ls,-5.26716042248143,0.06250460684986889,0.07764301514200134,0.2870355269315301,0.010210065190339521,1.0,13.230399999883957,0.0,,
20260702,20.0,2,7,deterministic_cartesian_local_refinement_plus_ls,-12.312777493612996,0.06250460684986889,0.07764301514200134,0.06945511227120432,0.00533835074814914,1.0,254.91949998831842,7.045617071131566,,
20260702,20.0,2,7,fixed_source_trained_scalar_interpolation_plus_ls,-9.321727780883824,0.06250460684986889,0.07764301514200134,0.14478278521728544,0.006652653276634891,1.0,252.57359999523032,4.0545673584023945,,
20260702,20.0,2,7,tensor_nomp3d_known_order_v1,-61.32901117315325,4.664380795336798e-05,0.0002355845915328738,0.0002912788860323487,1.731429837005331e-05,1.0,1077.9918000043835,56.061850750671816,6.0,0.028046980374095164
20260702,20.0,2,8,grid_fft_topk_plus_ls,-8.596264687197806,6.348122390177383,2.0732220681734237,9.344870480932986,0.3233103152696577,0.0,10.780500000691973,0.0,,
20260702,20.0,2,8,deterministic_cartesian_local_refinement_plus_ls,-17.009658727143425,6.506341302662816,2.164533436714168,9.344870480932986,0.3258300759599948,0.5,193.0218000052264,8.413394039945619,,
20260702,20.0,2,8,fixed_source_trained_scalar_interpolation_plus_ls,-21.155103699689434,6.449230158672375,2.1254534528758753,9.344870480932986,0.324754037680062,0.0,221.05110000120476,12.558839012491628,,
20260702,20.0,2,8,tensor_nomp3d_known_order_v1,-57.84571957106504,0.0008872817578115963,0.002542198477646236,0.003403510682863388,0.00019132602062111307,1.0,1197.9214000020875,49.24945488386723,5.0,0.01825013585262849
20260702,20.0,2,9,grid_fft_topk_plus_ls,-3.354505022372325,0.2812215328587803,0.2899931155193611,0.14553064326747034,0.018815148360962507,1.0,15.918200006126426,0.0,,
20260702,20.0,2,9,deterministic_cartesian_local_refinement_plus_ls,-12.809228880415692,0.06752102877712528,0.0750295655363637,0.0795281133363248,0.005333360396341875,1.0,221.9014000002062,9.454723858043366,,
20260702,20.0,2,9,fixed_source_trained_scalar_interpolation_plus_ls,-8.931327731465869,0.14003197429147243,0.1486276440667545,0.0026840539559696264,0.009353802602573048,1.0,220.63949999574106,5.576822709093544,,
20260702,20.0,2,9,tensor_nomp3d_known_order_v1,-60.8941380995632,5.680761641326376e-05,0.000153075634863095,0.0005937540222115057,2.0880849969217537e-05,1.0,1119.0399999904912,57.53963307719088,7.0,0.00993628088101503
20260702,20.0,2,10,grid_fft_topk_plus_ls,-5.194506234164288,0.14155979041496144,0.24372914834439982,0.24865157936471874,0.01713616331296432,1.0,10.842999996384606,0.0,,
20260702,20.0,2,10,deterministic_cartesian_local_refinement_plus_ls,-12.866420887448742,0.03120559288453014,0.07544198193668193,0.10587588173437552,0.005765310348915422,1.0,166.518800004269,7.671914653284454,,
20260702,20.0,2,10,fixed_source_trained_scalar_interpolation_plus_ls,-11.270569760032071,0.04452447355778397,0.040640459758312444,0.1533514998693368,0.005434910678946623,1.0,199.36490000691265,6.0760635258677835,,
20260702,20.0,2,10,tensor_nomp3d_known_order_v1,-60.59013017060005,0.00016609992177748527,0.00027079352622403204,0.00010057737945382867,1.7262808555298346e-05,1.0,1163.432900008047,55.39562393643576,7.0,0.02566587499648198
20260702,20.0,2,11,grid_fft_topk_plus_ls,-7.603577714909118,0.16935800467706102,0.06058382884606641,0.2523358491353607,0.008846985681747788,1.0,13.861300001735799,0.0,,
20260702,20.0,2,11,deterministic_cartesian_local_refinement_plus_ls,-13.453826712423906,0.06064821691360587,0.06058382884606641,0.10928832709433811,0.0051211330302747835,1.0,196.33910000266042,5.850248997514788,,
20260702,20.0,2,11,fixed_source_trained_scalar_interpolation_plus_ls,-16.802866444757775,0.0315439363342363,0.06058382884606641,0.13722476567229472,0.005726039269188203,1.0,212.1191999904113,9.199288729848657,,
20260702,20.0,2,11,tensor_nomp3d_known_order_v1,-66.7716223977322,0.00013658286558144333,0.00014049011465052297,0.0003719760936932337,1.4606894290905298e-05,1.0,1179.1595999966376,59.16804468282308,7.0,0.01894994596385212
20260702,20.0,2,12,grid_fft_topk_plus_ls,-4.217319323332403,39.79551217380698,0.9129054250425412,5.17316413374819,0.355035466343548,0.0,12.511199995060451,0.0,,
20260702,20.0,2,12,deterministic_cartesian_local_refinement_plus_ls,-9.838468678674491,39.95205847323982,1.0541214278249973,5.17316413374819,0.3576272051725956,0.5,217.43369998876005,5.621149355342088,,
20260702,20.0,2,12,fixed_source_trained_scalar_interpolation_plus_ls,-8.348133522134816,39.8957083093397,1.0000346724504972,5.17316413374819,0.35663510693034817,0.5,196.92610000493005,4.130814198802413,,
20260702,20.0,2,12,tensor_nomp3d_known_order_v1,-61.42655084847828,0.0004566714276080143,0.00022073342942797848,0.00011965912319767897,1.4732165886296106e-05,1.0,1103.4902999963379,57.209231525145874,6.0,0.02191357825031554
20260702,20.0,2,13,grid_fft_topk_plus_ls,-4.691201557892108,0.20797479458152496,0.09727238022662116,0.25082847736204195,0.01005191279091928,1.0,11.806199996499345,0.0,,
20260702,20.0,2,13,deterministic_cartesian_local_refinement_plus_ls,-13.866275937969675,0.03494859013266886,0.07290139399342185,0.07970444624645076,0.005199871306551109,1.0,218.74039999966044,9.175074380077568,,
20260702,20.0,2,13,fixed_source_trained_scalar_interpolation_plus_ls,-10.87970155473198,0.06808580773953275,0.031326975069999215,0.12235189515294699,0.004328461577801358,1.0,196.87459999113344,6.188499996839872,,
20260702,20.0,2,13,tensor_nomp3d_known_order_v1,-63.955050398127526,0.00019780792074663696,0.0002430268334335306,0.00021440074722899882,1.667301998855401e-05,1.0,1110.0181999936467,59.26384884023542,7.0,0.014971774592694727
20260702,20.0,2,14,grid_fft_topk_plus_ls,-5.325803805631656,0.04640430016213461,0.1987513761862965,0.23897650079283092,0.014498544883111768,1.0,9.259099999326281,0.0,,
20260702,20.0,2,14,deterministic_cartesian_local_refinement_plus_ls,-12.858861535092352,0.04640430016213461,0.06287508649630143,0.09577904461407581,0.004953032958229077,1.0,185.97170000430197,7.533057729460696,,
20260702,20.0,2,14,fixed_source_trained_scalar_interpolation_plus_ls,-9.550347920354806,0.04640430016213461,0.10423203206201426,0.14324914892620838,0.007912619077481144,1.0,192.39829998696223,4.22454411472315,,
20260702,20.0,2,14,tensor_nomp3d_known_order_v1,-61.01647154636362,0.00021534054908159167,0.0002703201771915482,5.8363650477900205e-06,1.6979545310017442e-05,1.0,1167.994000003091,55.69066774073196,7.0,0.005144458230424512
20260702,20.0,2,15,grid_fft_topk_plus_ls,-5.920786809592354,0.1705950666646427,0.1985295950101592,0.14228363902722688,0.013247919633725388,1.0,10.563300005742349,0.0,,
20260702,20.0,2,15,deterministic_cartesian_local_refinement_plus_ls,-13.641690798789659,0.06583861758216356,0.06967040217145236,0.06596533621805786,0.0048450810227791494,1.0,199.5043000060832,7.720903989197305,,
20260702,20.0,2,15,fixed_source_trained_scalar_interpolation_plus_ls,-12.603140577738579,0.03958584946469743,0.10682198164515465,0.06499362120833775,0.0069853259850008115,1.0,187.9079000063939,6.682353768146225,,
20260702,20.0,2,15,tensor_nomp3d_known_order_v1,-61.5891780444407,7.064026275178286e-05,0.00017448087291647453,0.00023921320103787144,1.3232784125370577e-05,1.0,1100.9403000061866,55.66839123484834,7.0,0.02995862110368733
20260702,20.0,2,16,grid_fft_topk_plus_ls,-4.535926655901521,0.18456050696683574,0.22118921249215423,0.22154772789700658,0.015528168014243617,1.0,12.698599995928816,0.0,,
20260702,20.0,2,16,deterministic_cartesian_local_refinement_plus_ls,-16.55313962797051,0.06604340911760738,0.06257841820055804,0.0636151287340407,0.004417619036753094,1.0,220.22040000592824,12.017212972068988,,
20260702,20.0,2,16,fixed_source_trained_scalar_interpolation_plus_ls,-11.04365135989246,0.057969140544385254,0.11922440733485505,0.09239575052499233,0.00800420045127505,1.0,182.98140000842977,6.507724703990938,,
20260702,20.0,2,16,tensor_nomp3d_known_order_v1,-62.1760399378297,0.000143088227374371,0.00017197674318922664,0.0002437862146817257,1.3221939601574872e-05,1.0,1077.8388000035193,57.64011328192818,6.0,0.013670507334713089
20260702,20.0,2,17,grid_fft_topk_plus_ls,-5.370797788804385,0.13960168106158674,0.08633102894629237,0.20944206300645274,0.008552240850287753,1.0,11.82310000876896,0.0,,
20260702,20.0,2,17,deterministic_cartesian_local_refinement_plus_ls,-16.394225985369363,0.020162423619426044,0.08633102894629237,0.0763124307224754,0.005901302576216337,1.0,215.61040000233334,11.023428196564979,,
20260702,20.0,2,17,fixed_source_trained_scalar_interpolation_plus_ls,-12.008720593822158,0.03769814894444539,0.08633102894629237,0.08836978806558093,0.006068475436355753,1.0,231.7618999950355,6.637922805017773,,
20260702,20.0,2,17,tensor_nomp3d_known_order_v1,-60.647269343781865,8.217692807324264e-05,0.00048304345845011837,0.0005932438250133493,3.543375520876698e-05,1.0,1204.5362999924691,55.276471554977476,6.0,0.03683007000786976
20260702,20.0,2,18,grid_fft_topk_plus_ls,-4.522509823467705,36.56507831789907,3.6742623928546005,3.3134835403555045,0.3808691735573129,0.5,11.017600001650862,0.0,,
20260702,20.0,2,18,deterministic_cartesian_local_refinement_plus_ls,-9.102334265390187,36.4056583237104,3.98596930525524,3.3134835403555045,0.39201842191531355,0.5,161.00250001181848,4.579824441922482,,
20260702,20.0,2,18,fixed_source_trained_scalar_interpolation_plus_ls,-8.331288978635484,36.46266404377882,3.8734808930371605,3.3134835403555045,0.3879155495015797,0.5,193.3604999940144,3.8087791551677794,,
20260702,20.0,2,18,tensor_nomp3d_known_order_v1,-63.497288424780436,0.0003104320833963633,0.0001239650702261109,0.00019713862472511403,1.0191333481355804e-05,1.0,1185.708999997587,58.97477860131273,6.0,0.026172416936302446
20260702,20.0,2,19,grid_fft_topk_plus_ls,-3.6306212680720966,0.26974894825720225,0.1277260793029442,0.2804822054150632,0.01204134535193403,1.0,11.240499996347353,0.0,,
20260702,20.0,2,19,deterministic_cartesian_local_refinement_plus_ls,-16.10441362210726,0.044831805118608556,0.047865449450891565,0.05623602647975106,0.0034872135089906464,1.0,216.88089999952354,12.473792354035162,,
20260702,20.0,2,19,fixed_source_trained_scalar_interpolation_plus_ls,-9.513047894268503,0.12533605652346255,0.03865368998061594,0.13624883529263054,0.004992376664708514,1.0,212.26410000235774,5.882426626196406,,
20260702,20.0,2,19,tensor_nomp3d_known_order_v1,-62.252008089868966,0.0002528324834648505,0.00017921012707130109,0.00011531627779016438,1.1930715883411486e-05,1.0,1140.1199999963865,58.62138682179687,5.0,0.04073730254773098
20260702,20.0,4,0,grid_fft_topk_plus_ls,-5.827456442425856,0.20921518294406488,0.13687958350394855,0.17195679253910498,0.010234024663354388,1.0,21.217799992882647,0.0,,
20260702,20.0,4,0,deterministic_cartesian_local_refinement_plus_ls,-15.657760469225654,0.05214468185930081,0.0336220475566449,0.06533681762645423,0.0029581405499448815,1.0,460.0320000026841,9.830304026799798,,
20260702,20.0,4,0,fixed_source_trained_scalar_interpolation_plus_ls,-13.0434621181898,0.07604180143056742,0.06727186946048466,0.06783043294361353,0.00474592573405818,1.0,497.04299999575596,7.2160056757639435,,
20260702,20.0,4,0,tensor_nomp3d_known_order_v1,-58.796245357719094,0.0003738840174789889,0.00025517545119212143,0.00027872997053170716,1.8405302095045052e-05,1.0,3586.130299998331,52.96878891529324,17.0,0.02162315207263569
20260702,20.0,4,1,grid_fft_topk_plus_ls,-6.23673292429038,14.295390291411147,2.256722099291214,5.585057057534764,0.2506562233972176,0.25,18.747000009170733,0.0,,
20260702,20.0,4,1,deterministic_cartesian_local_refinement_plus_ls,-13.40018081579906,14.240328705456601,2.2116846301436244,5.72410922885175,0.25195680894427996,0.5,470.7316999993054,7.163447891508679,,
20260702,20.0,4,1,fixed_source_trained_scalar_interpolation_plus_ls,-11.740797879875924,14.259967613502948,2.2266101503273896,5.672914413945648,0.2514067768508516,0.5,471.17740000248887,5.504064955585544,,
20260702,20.0,4,1,tensor_nomp3d_known_order_v1,-56.65985453020107,0.000947553056061535,0.00043392352548229555,0.0007392234566804289,3.638613811973294e-05,1.0,3311.910300006275,50.423121605910694,16.0,0.05202536310150524
20260702,20.0,4,2,grid_fft_topk_plus_ls,-5.046534215047732,14.646901521845418,0.13281075365086692,3.145060317328253,0.15107101996391786,0.5,18.03979999385774,0.0,,
20260702,20.0,4,2,deterministic_cartesian_local_refinement_plus_ls,-14.569363261563783,14.755949709695564,0.06906835606371259,3.0238718145391887,0.14912345039826902,0.75,410.9018000017386,9.522829046516051,,
20260702,20.0,4,2,fixed_source_trained_scalar_interpolation_plus_ls,-11.21368482391551,14.716500360396658,0.08043107961632678,3.065920154323561,0.14974491479639784,0.75,420.4608999862103,6.167150608867779,,
20260702,20.0,4,2,tensor_nomp3d_known_order_v1,-59.05341580717898,0.00051503695058328,0.0004694341470644773,0.00033474162115683674,3.14074870392951e-05,1.0,3502.513800005545,54.00688159213125,17.0,0.031039590706687513
20260702,20.0,4,3,grid_fft_topk_plus_ls,-4.471754785015923,9.859980036054257,1.0971667540378625,5.405344946033886,0.19791159130626657,0.5,21.590599993942305,0.0,,
20260702,20.0,4,3,deterministic_cartesian_local_refinement_plus_ls,-11.15616125774724,9.965869496056575,0.9764058003784415,5.402848910765928,0.19568504264364578,0.75,430.96840000362135,6.684406472731316,,
20260702,20.0,4,3,fixed_source_trained_scalar_interpolation_plus_ls,-9.564022257683169,9.927056719639465,1.0170086234271605,5.403204439356726,0.19638082278393099,0.75,452.24169999710284,5.092267472667245,,
20260702,20.0,4,3,tensor_nomp3d_known_order_v1,-57.86735971010274,0.00029281559532320423,0.0003120975943339606,0.0003718380325788223,2.2819818321684093e-05,1.0,3390.387199993711,53.395604925086815,14.0,0.05953885464491317
20260702,20.0,4,4,grid_fft_topk_plus_ls,-4.29551206406842,0.12035945495050736,0.25832031709634395,0.24612036899250153,0.017908136376198727,1.0,18.26870000513736,0.0,,
20260702,20.0,4,4,deterministic_cartesian_local_refinement_plus_ls,-15.463451208142487,0.057957844262550275,0.0575167688921993,0.05064260587042297,0.003953752769634548,1.0,451.0835999972187,11.167939144074067,,
20260702,20.0,4,4,fixed_source_trained_scalar_interpolation_plus_ls,-11.101712446064052,0.06659147483245478,0.0751931927428282,0.1081689313116933,0.005812309655239934,1.0,419.83880000771023,6.806200381995632,,
20260702,20.0,4,4,tensor_nomp3d_known_order_v1,-58.36988985093623,0.00032643757579475845,0.0003576648384405321,0.0003324625173461917,2.4782017745980982e-05,1.0,3632.665299999644,54.074377786867814,17.0,0.0298357035793396
20260702,20.0,4,5,grid_fft_topk_plus_ls,-6.729848461101934,0.5614022570700927,3.0333604945577584,4.926850850545018,0.2442676017682541,0.5,22.98249999876134,0.0,,
20260702,20.0,4,5,deterministic_cartesian_local_refinement_plus_ls,-10.970655812863384,0.5570785151515942,3.0333604945577584,5.025387521765055,0.24621950027885237,0.75,537.614399989252,4.24080735176145,,
20260702,20.0,4,5,fixed_source_trained_scalar_interpolation_plus_ls,-11.023269488068605,0.553398459651576,3.0333604945577584,4.988286315217523,0.24548112146240722,0.75,489.0854999976,4.293421026966671,,
20260702,20.0,4,5,tensor_nomp3d_known_order_v1,-61.41197289911267,0.00032248543273307264,0.00025067894770810156,0.0002860100105774587,1.8212645547901956e-05,1.0,3714.9281000019982,54.68212443801073,20.0,0.05471940731656211
20260702,20.0,4,6,grid_fft_topk_plus_ls,-5.7953647516525875,0.25064577219626794,0.11255285523742879,0.14188923863154507,0.008542837447426115,1.0,26.395399996545166,0.0,,
20260702,20.0,4,6,deterministic_cartesian_local_refinement_plus_ls,-12.757331799398271,0.06522921030692208,0.10389716722634669,0.07318748437494252,0.006903408735192784,1.0,489.26550000032876,6.961967047745683,,
20260702,20.0,4,6,fixed_source_trained_scalar_interpolation_plus_ls,-11.004224308019372,0.12845082618168868,0.07514779932235673,0.06949212674703863,0.005270898562273888,1.0,417.226200006553,5.208859556366785,,
20260702,20.0,4,6,tensor_nomp3d_known_order_v1,-57.521146307816586,0.00023736606364750212,0.000384040996267038,0.00042785367532474807,2.7537795941703203e-05,1.0,3740.956699999515,51.725781556164,20.0,0.04225915209866457
20260702,20.0,4,7,grid_fft_topk_plus_ls,-6.217956418273552,14.106315582903763,2.4587815414339045,4.413427200932424,0.23405712827550526,0.5,20.581899996614084,0.0,,
20260702,20.0,4,7,deterministic_cartesian_local_refinement_plus_ls,-11.087816239167356,14.029438367438015,2.477526250924508,4.645341429967958,0.23888026878769184,0.5,559.227199992165,4.869859820893804,,
20260702,20.0,4,7,fixed_source_trained_scalar_interpolation_plus_ls,-11.018767823093143,14.056704481655668,2.470241711464385,4.5614205042587255,0.2370974534156881,0.5,538.0538999888813,4.800811404819591,,
20260702,20.0,4,7,tensor_nomp3d_known_order_v1,-58.63212511309301,0.0002687085423562038,0.00024502141806478976,0.0006595599192028235,2.5763233019023196e-05,1.0,3796.9607999984873,52.41416869481946,18.0,0.07827471021563523
20260702,20.0,4,8,grid_fft_topk_plus_ls,-3.5180570019855324,0.18860112815473806,0.23247133920925986,0.26092634767220657,0.016726119935786665,1.0,23.181800002930686,0.0,,
20260702,20.0,4,8,deterministic_cartesian_local_refinement_plus_ls,-12.262246156286075,0.08061358242067442,0.08558984783718235,0.04458517120179956,0.0055635958415546655,1.0,487.8147999988869,8.744189154300543,,
20260702,20.0,4,8,fixed_source_trained_scalar_interpolation_plus_ls,-9.529236769848236,0.04860916435532691,0.12380113593326737,0.11839958136385503,0.008585110661922439,1.0,437.7739999908954,6.0111797678627035,,
20260702,20.0,4,8,tensor_nomp3d_known_order_v1,-59.00931334104443,0.00023639904752430758,0.00034386865079786346,0.00039794359436076844,2.4898906581974054e-05,1.0,3661.6175999952247,55.4912563390589,17.0,0.03212181469587657
20260702,20.0,4,9,grid_fft_topk_plus_ls,-4.276407355498268,28.827485417821407,0.8904614189697416,1.6770404781505397,0.23783517804098708,0.75,20.488800000748597,0.0,,
20260702,20.0,4,9,deterministic_cartesian_local_refinement_plus_ls,-9.761984889341027,29.051885803898674,0.9854470479450679,1.557662283722208,0.2401608543496046,0.75,461.3490999909118,5.4855775338427595,,
20260702,20.0,4,9,fixed_source_trained_scalar_interpolation_plus_ls,-9.166450249100022,28.971380723730917,0.946395768783975,1.5987051528352634,0.23921527856182892,0.75,435.7655999920098,4.890042893601754,,
20260702,20.0,4,9,tensor_nomp3d_known_order_v1,-58.54690467670586,0.00011880951985202917,0.0004629571270119084,0.00012741407289401093,2.922223881496381e-05,1.0,3760.4313000047114,54.270497321207586,20.0,0.03285326990282079
20260702,20.0,4,10,grid_fft_topk_plus_ls,-7.329139458262109,28.361300055797216,1.433609565524574,5.4745348087895875,0.29392313003349996,0.5,21.41829999163747,0.0,,
20260702,20.0,4,10,deterministic_cartesian_local_refinement_plus_ls,-18.857584255887158,28.248613681829948,1.4280091019729306,5.577994856006506,0.2950517657325558,0.75,543.6781000025803,11.528444797625049,,
20260702,20.0,4,10,fixed_source_trained_scalar_interpolation_plus_ls,-16.48372463079511,28.288913220506558,1.4279812431018954,5.539857180169232,0.29458483845899547,0.75,447.5551999930758,9.154585172533,,
20260702,20.0,4,10,tensor_nomp3d_known_order_v1,-59.87054365572679,0.0017619739599779988,0.0015906318319931717,0.0008623040592245434,0.00010391760419676063,1.0,3509.6410999976797,52.541404197464686,16.0,0.04482964932702529
20260702,20.0,4,11,grid_fft_topk_plus_ls,-6.195261794877711,26.09293881436604,2.2197721508849613,7.0609983541587775,0.33089580468414787,0.0,20.30390000436455,0.0,,
20260702,20.0,4,11,deterministic_cartesian_local_refinement_plus_ls,-11.714912315966831,26.100108037835405,2.106336314275182,7.1558833770319765,0.33002316303531115,0.0,448.2024999888381,5.519650521089121,,
20260702,20.0,4,11,fixed_source_trained_scalar_interpolation_plus_ls,-11.729334629830369,26.097485369296926,2.1449333168406413,7.120622401106773,0.3302367174870451,0.0,415.2570000005653,5.534072834952658,,
20260702,20.0,4,11,tensor_nomp3d_known_order_v1,-57.587403424566546,0.0008275358051467778,0.0006443407673297356,0.0007928513287688065,4.772269237769512e-05,1.0,3428.897699996014,51.39214162968884,16.0,0.02470883793756007
20260702,20.0,4,12,grid_fft_topk_plus_ls,-4.051945874034302,28.36984103679147,0.9845390975545262,0.5120619961020698,0.23057856272533975,0.5,29.894699997385032,0.0,,
20260702,20.0,4,12,deterministic_cartesian_local_refinement_plus_ls,-10.777641989968794,28.256365016501803,1.0318671237264176,0.6032827500425775,0.2307518586717962,0.75,473.27849999419414,6.725696115934492,,
20260702,20.0,4,12,fixed_source_trained_scalar_interpolation_plus_ls,-9.124772580132115,28.29684524385196,1.0065397826701745,0.5646154377052108,0.23052196546862558,0.75,439.030499997898,5.072826706097813,,
20260702,20.0,4,12,tensor_nomp3d_known_order_v1,-59.222815317551046,0.0005531219212331176,0.00026821410957610613,0.00043047151812578374,2.1923661354841636e-05,1.0,3587.4977000057697,55.17086944351674,16.0,0.03179875753158762
20260702,20.0,4,13,grid_fft_topk_plus_ls,-5.542351045361928,20.835048412884003,2.642869468461564,0.4712264056701712,0.23237121156359397,0.5,26.535400000284426,0.0,,
20260702,20.0,4,13,deterministic_cartesian_local_refinement_plus_ls,-11.934239893273528,20.944125543784857,2.7497477366583976,0.4712264056701712,0.23775177744194323,0.75,458.0749000015203,6.3918888479116,,
20260702,20.0,4,13,fixed_source_trained_scalar_interpolation_plus_ls,-10.453927826007298,20.904645502333434,2.7103513083084216,0.4712264056701712,0.23576428639033814,0.75,450.84550000319723,4.911576780645371,,
20260702,20.0,4,13,tensor_nomp3d_known_order_v1,-61.949800700931235,0.00031323570302060097,0.0002673375168591107,0.0001658553304201656,1.766434190024743e-05,1.0,3560.926999998628,56.40744965556931,16.0,0.014997901984508689
20260702,20.0,4,14,grid_fft_topk_plus_ls,-6.63266587977316,31.65686119313322,2.0059064148491044,6.145206051014797,0.3372872642286993,0.75,19.247400006861426,0.0,,
20260702,20.0,4,14,deterministic_cartesian_local_refinement_plus_ls,-12.345308651387388,31.769192978884632,2.226582186350927,6.031883694808988,0.3413186676077414,0.75,448.27180000720546,5.712642771614227,,
20260702,20.0,4,14,fixed_source_trained_scalar_interpolation_plus_ls,-13.412842238137799,31.72892318250432,2.1467819152296603,6.07174707786851,0.339779754518966,0.75,483.9155999943614,6.780176358364638,,
20260702,20.0,4,14,tensor_nomp3d_known_order_v1,-58.818463212136805,0.0004320284155558145,0.0004972557321829243,0.0008368392683374896,4.0757219312067424e-05,1.0,3454.961800001911,52.18579733236365,16.0,0.019531061371788314
20260702,20.0,4,15,grid_fft_topk_plus_ls,-3.736611418616511,18.496361537772554,2.1737784051542395,4.0749256408427215,0.23570141557790095,0.5,23.282299996935762,0.0,,
20260702,20.0,4,15,deterministic_cartesian_local_refinement_plus_ls,-13.359421294555656,18.55930572882971,2.442691690163699,4.314845985527078,0.2500251080606725,0.5,405.7082000072114,9.622809875939144,,
20260702,20.0,4,15,fixed_source_trained_scalar_interpolation_plus_ls,-10.973241300353784,18.536555799103137,2.3418778527686928,4.228091764658316,0.2446489259292875,0.5,419.3941999983508,7.236629881737273,,
20260702,20.0,4,15,tensor_nomp3d_known_order_v1,-56.27748375794354,0.00044685834109689976,0.0010223932510806943,0.001920146283509457,8.772623508577014e-05,1.0,3472.5857000012184,52.54087233932703,18.0,0.06139355806364101
20260702,20.0,4,16,grid_fft_topk_plus_ls,-5.194247340970564,17.132118266889467,1.884989800035344,5.895543867352336,0.2563919689545244,0.75,19.756699999561533,0.0,,
20260702,20.0,4,16,deterministic_cartesian_local_refinement_plus_ls,-11.19668996337722,17.13179800003724,1.8811174730406333,6.115608563380356,0.26126707537954175,0.75,417.9913999978453,6.002442622406657,,
20260702,20.0,4,16,fixed_source_trained_scalar_interpolation_plus_ls,-10.373515628426214,17.13182777737034,1.880958996641509,6.036042980054229,0.2594494660279875,0.75,427.6791000011144,5.17926828745565,,
20260702,20.0,4,16,tensor_nomp3d_known_order_v1,-59.15025085469537,0.0004917448927908867,0.00032710781054337014,0.00047801727712794365,2.5609978659008787e-05,1.0,3433.3927999978187,53.95600351372481,15.0,0.05405223318171408
20260702,20.0,4,17,grid_fft_topk_plus_ls,-5.662220489166863,24.340898924963813,2.448837622743729,5.869366320494939,0.3053344795122731,0.25,23.53729998867493,0.0,,
20260702,20.0,4,17,deterministic_cartesian_local_refinement_plus_ls,-9.706082659571706,24.262914270712752,2.5239044944345177,5.710764854486221,0.30440495532153544,0.5,434.6994000079576,4.043862170404843,,
20260702,20.0,4,17,fixed_source_trained_scalar_interpolation_plus_ls,-9.357929148245793,24.29044865001884,2.4967013325804035,5.767301582491774,0.3047034550246394,0.5,465.5752999969991,3.69570865907893,,
20260702,20.0,4,17,tensor_nomp3d_known_order_v1,-57.31947049753022,0.0006659487359320369,0.00035167844639772804,0.0003408680882385186,2.4973031443252485e-05,1.0,3796.9714000064414,51.657250008363356,17.0,0.022477747944311538
20260702,20.0,4,18,grid_fft_topk_plus_ls,-4.872591036991633,0.16959282250660637,0.2466700073031897,0.18953491484788165,0.016568556139195476,1.0,26.736600004369393,0.0,,
20260702,20.0,4,18,deterministic_cartesian_local_refinement_plus_ls,-13.436416738436561,0.07691607242180858,0.041587780364777,0.06280873281825322,0.003312037992281293,1.0,417.0336999959545,8.563825701444928,,
20260702,20.0,4,18,fixed_source_trained_scalar_interpolation_plus_ls,-12.092019808621824,0.0732748759395546,0.10611983693731274,0.08166012732752655,0.007129496321593263,1.0,396.2809999939054,7.2194287716301915,,
20260702,20.0,4,18,tensor_nomp3d_known_order_v1,-57.985165835859945,0.0004500345389521903,0.0002899629923186133,0.00019220174713257816,1.9413114027356664e-05,1.0,3407.569800008787,53.11257479886831,16.0,0.032648138616824585
20260702,20.0,4,19,grid_fft_topk_plus_ls,-4.5047204409525845,25.102695207467335,2.165986264963854,3.8596155271339776,0.2670855062726498,0.75,28.500699991127476,0.0,,
20260702,20.0,4,19,deterministic_cartesian_local_refinement_plus_ls,-14.251868267610115,25.214608008853382,2.1614848101214794,4.076959082789685,0.27071536140326496,0.75,481.8870000017341,9.747147826657532,,
20260702,20.0,4,19,fixed_source_trained_scalar_interpolation_plus_ls,-10.37922349373429,25.17441806223663,2.1617524509828225,3.9979439300171524,0.26934111609533556,0.75,447.7768999931868,5.874503052781706,,
20260702,20.0,4,19,tensor_nomp3d_known_order_v1,-57.944885115585684,0.0021552088783863585,0.0007122249123762206,0.000352462821334213,4.885000935083338e-05,1.0,3673.631600002409,53.4401646746331,16.0,0.021457826123735216
20260702,20.0,8,0,grid_fft_topk_plus_ls,-5.421881352454674,2.5831165266043272,2.105004380044022,5.426754859412325,0.21558168213219475,0.5,49.722099996870384,0.0,,
20260702,20.0,8,0,deterministic_cartesian_local_refinement_plus_ls,-12.082156320436601,2.840009485343219,2.1909671852393626,5.419735578161985,0.21892623689020535,0.625,971.7022000113502,6.660274967981927,,
20260702,20.0,8,0,fixed_source_trained_scalar_interpolation_plus_ls,-10.193618503837829,2.8679491700984765,2.15788408574285,5.421042783214429,0.21769305042695197,0.625,1000.34380001307,4.771737151383155,,
20260702,20.0,8,0,tensor_nomp3d_known_order_v1,-57.02918281485363,0.0011539024344002881,0.0009729075697092047,0.0004932339013392653,6.337430977633118e-05,1.0,13401.833700001589,51.60730146239895,71.0,0.07341095834222193
20260702,20.0,8,1,grid_fft_topk_plus_ls,-5.9631159152736934,15.437088219794228,0.7720340884488518,3.7708422891355897,0.17538289278208882,0.875,48.19109999516513,0.0,,
20260702,20.0,8,1,deterministic_cartesian_local_refinement_plus_ls,-13.33613267103269,15.595195567663335,0.7565123460470251,3.765744112739255,0.17586478637587463,0.875,931.3151999958791,7.3730167557589965,,
20260702,20.0,8,1,fixed_source_trained_scalar_interpolation_plus_ls,-13.139289977296704,15.538344063625157,0.7582798549671668,3.766412051257841,0.17560114831537638,0.875,930.6224999891128,7.17617406202301,,
20260702,20.0,8,1,tensor_nomp3d_known_order_v1,-54.297734581324235,0.0005893688542825434,0.0016645445549644323,0.0011577137464550778,0.00011024141277356007,1.0,12512.874899999588,48.334618666050545,53.0,0.058261515481194875
20260702,20.0,8,2,grid_fft_topk_plus_ls,-5.543144777914078,10.55988764062526,0.6418540830706916,2.60003075723217,0.12254430911339714,0.75,36.3060000090627,0.0,,
20260702,20.0,8,2,deterministic_cartesian_local_refinement_plus_ls,-13.798803322048235,10.635442236317843,0.6202099635074652,2.513339354099635,0.12072799916365956,0.875,870.043999995687,8.255658544134157,,
20260702,20.0,8,2,fixed_source_trained_scalar_interpolation_plus_ls,-10.799951517242983,10.607900984517794,0.62456232094403,2.543291883147446,0.12127906658664525,0.875,955.3450999956112,5.256806739328905,,
20260702,20.0,8,2,tensor_nomp3d_known_order_v1,-55.16046058761824,0.0010350829766843054,0.0007756071520221755,0.0003757917097898926,5.05289165766265e-05,1.0,13520.281000004616,49.61731580970416,49.0,0.043526099913126406
20260702,20.0,8,3,grid_fft_topk_plus_ls,-5.955692373222542,7.565460065925846,1.1179977917871728,4.391436291914411,0.16495042632796747,0.75,53.60189999919385,0.0,,
20260702,20.0,8,3,deterministic_cartesian_local_refinement_plus_ls,-12.707648468706868,7.739664628441745,1.285988259546177,4.390087041396683,0.17010976460082292,0.75,929.8044000024674,6.751956095484326,,
20260702,20.0,8,3,fixed_source_trained_scalar_interpolation_plus_ls,-11.809570673245952,7.6766976023930695,1.2231373612697405,4.390238921430688,0.16811712395960576,0.75,848.8431000005221,5.8538783000234105,,
20260702,20.0,8,3,tensor_nomp3d_known_order_v1,-56.62492882729684,0.000756982548022363,0.0004830218005955285,0.000881042710353644,4.128419993239238e-05,1.0,11859.006400001817,50.6692364540743,51.0,0.0972256520156016
20260702,20.0,8,4,grid_fft_topk_plus_ls,-5.701818846803938,20.290504755794423,1.4594297881945488,2.838330596573965,0.2032629297445393,0.5,59.08849999832455,0.0,,
20260702,20.0,8,4,deterministic_cartesian_local_refinement_plus_ls,-13.434328208150202,20.236508611168222,1.4932711782335395,2.7759115923642272,0.2030526023954443,0.625,960.0625000020955,7.732509361346263,,
20260702,20.0,8,4,fixed_source_trained_scalar_interpolation_plus_ls,-11.43670174514516,20.25571649651926,1.4748453063689906,2.7973828719749,0.20293116669336558,0.625,953.9217999990797,5.734882898341221,,
20260702,20.0,8,4,tensor_nomp3d_known_order_v1,-54.89011856009992,0.0005049751031351944,0.001275799423887583,0.0010897833628499788,8.679527563128343e-05,1.0,12723.565800013603,49.18829971329598,48.0,0.12520126053125583
20260702,20.0,8,5,grid_fft_topk_plus_ls,-4.811640922114554,12.275401676617557,0.20294919371131162,3.4786780480796518,0.1455183265354013,0.875,60.72470000071917,0.0,,
20260702,20.0,8,5,deterministic_cartesian_local_refinement_plus_ls,-14.906522951951722,12.2740228221216,0.12497933760892564,3.5534193661475375,0.1469248445870718,0.875,820.5968999973265,10.094882029837168,,
20260702,20.0,8,5,fixed_source_trained_scalar_interpolation_plus_ls,-10.691654767203163,12.274161064543247,0.10809370884242696,3.5258067797870107,0.1462219184206505,0.875,819.3324999883771,5.880013845088609,,
20260702,20.0,8,5,tensor_nomp3d_known_order_v1,-54.88770110599886,0.0013201023293120465,0.000651882341329344,0.00043633033818483167,4.4184266553808386e-05,1.0,12895.79790001153,50.0760601838843,49.0,0.06883033432091543
20260702,20.0,8,6,grid_fft_topk_plus_ls,-6.3822466239076,22.70318863612536,0.15198994740448213,5.152710439921672,0.23974575979654766,0.75,51.05599999660626,0.0,,
20260702,20.0,8,6,deterministic_cartesian_local_refinement_plus_ls,-12.808030386151826,22.78069876169365,0.11366863547691645,5.183329805842637,0.24075403371762927,0.75,973.6169999960111,6.425783762244226,,
20260702,20.0,8,6,fixed_source_trained_scalar_interpolation_plus_ls,-11.069236639193976,22.752718530678283,0.12292835370091329,5.1714020802507985,0.24035949745599514,0.75,1068.9658999908715,4.686990015286376,,
20260702,20.0,8,6,tensor_nomp3d_known_order_v1,-54.69640054824496,0.0007894161627869653,0.0006485707350174296,0.000955372876256973,5.072002986053694e-05,1.0,12875.323500004015,48.31415392433736,49.0,0.049582081019875004
20260702,20.0,8,7,grid_fft_topk_plus_ls,-7.297204679734387,16.652051427504997,0.5120454566764229,7.993417230144812,0.2834534471473432,0.5,62.8143999929307,0.0,,
20260702,20.0,8,7,deterministic_cartesian_local_refinement_plus_ls,-12.80529038955289,16.754569993234192,0.46151252396801523,8.099319759209685,0.2864036190203731,0.625,901.2342999922112,5.508085709818504,,
20260702,20.0,8,7,fixed_source_trained_scalar_interpolation_plus_ls,-12.256076289099251,16.717671329871763,0.46949778692330535,8.060836261132879,0.2852601734170732,0.625,926.4633999991929,4.958871609364865,,
20260702,20.0,8,7,tensor_nomp3d_known_order_v1,-54.603188051137636,0.0010876622716107327,0.0009514065184138764,0.0020527749114023024,8.78815362860277e-05,1.0,13318.315000011353,47.30598337140325,50.0,0.12652130406801612
20260702,20.0,8,8,grid_fft_topk_plus_ls,-4.666463041593246,4.842301991719037,2.3990716870779507,2.319150946812111,0.17078098979063996,0.5,59.290100005455315,0.0,,
20260702,20.0,8,8,deterministic_cartesian_local_refinement_plus_ls,-8.948965116805399,4.738366790395757,2.4682358332093695,2.3327758480783314,0.17459174802177155,0.625,1035.415499994997,4.282502075212152,,
20260702,20.0,8,8,fixed_source_trained_scalar_interpolation_plus_ls,-8.498133648934994,4.774473161725858,2.4413123908473895,2.3244670264622225,0.17305813335042378,0.625,984.0608999948017,3.8316706073417475,,
20260702,20.0,8,8,tensor_nomp3d_known_order_v1,-53.21204397903817,0.000627268626280828,0.000692602961534369,0.0010056411462798962,5.3716388336962913e-05,1.0,13861.244799991255,48.545580937444925,51.0,0.05286351706331704
20260702,20.0,8,9,grid_fft_topk_plus_ls,-6.319392123805292,12.850650532282797,1.422843688738796,4.011404850444429,0.18358013704434334,0.875,51.340499994694255,0.0,,
20260702,20.0,8,9,deterministic_cartesian_local_refinement_plus_ls,-11.151389743963968,12.85017404181175,1.5750235909971662,3.9285245511262006,0.18665575088913114,0.875,1083.832500007702,4.831997620158676,,
20260702,20.0,8,9,fixed_source_trained_scalar_interpolation_plus_ls,-10.519970914783134,12.850231471764367,1.5174952503105672,3.9572992616428824,0.1853836626640659,0.875,1005.4732999997213,4.200578790977842,,
20260702,20.0,8,9,tensor_nomp3d_known_order_v1,-56.20176059302703,0.0003816155109105813,0.000576670001866225,0.00031416795263951574,3.7473904547457775e-05,1.0,13498.455699998885,49.88236846922174,52.0,0.06668813426517438
20260702,20.0,8,10,grid_fft_topk_plus_ls,-8.317262609285578,17.552936867220183,1.1442169629112717,6.860042155183144,0.2643419522512533,0.5,51.825800008373335,0.0,,
20260702,20.0,8,10,deterministic_cartesian_local_refinement_plus_ls,-11.729601417212152,17.64273403540451,1.1953904865449523,6.85641681357092,0.26549705410831465,0.5,976.0292999999365,3.4123388079265737,,
20260702,20.0,8,10,fixed_source_trained_scalar_interpolation_plus_ls,-12.837317164431777,17.610177763188947,1.1754672114431857,6.857290968876019,0.2650392984675356,0.5,1025.0799000059487,4.520054555146199,,
20260702,20.0,8,10,tensor_nomp3d_known_order_v1,-55.925740011582484,0.0007916430845462067,0.0010149099055297218,0.000972036309573054,7.060143222524264e-05,1.0,13107.400900000357,47.608477402296906,50.0,0.053789294025679064
20260702,20.0,8,11,grid_fft_topk_plus_ls,-5.514714267979226,17.673436979355568,1.1611880792045786,5.766151428452882,0.2383288000372533,0.5,50.33980000007432,0.0,,
20260702,20.0,8,11,deterministic_cartesian_local_refinement_plus_ls,-11.119466552992911,17.837120982312996,1.0645826303569257,5.821959794777693,0.2386357319565707,0.5,1000.9968999947887,5.604752285013685,,
20260702,20.0,8,11,fixed_source_trained_scalar_interpolation_plus_ls,-9.987785646297691,17.778313966890554,1.0975030282481901,5.801160086323261,0.238455700288927,0.5,1046.1337000015192,4.4730713783184655,,
20260702,20.0,8,11,tensor_nomp3d_known_order_v1,-53.35522147952088,0.000771738114174921,0.0013048946135539865,0.0010482629951957985,8.809551174037706e-05,1.0,13158.632899998338,47.84050721154165,51.0,0.07934593916414034
20260702,20.0,8,12,grid_fft_topk_plus_ls,-5.91455289271244,0.9797222312127284,0.4997792589237838,3.9887386355079686,0.12873006562585332,0.875,52.34559999371413,0.0,,
20260702,20.0,8,12,deterministic_cartesian_local_refinement_plus_ls,-12.720141838649424,1.1149919540949462,0.5510780259612946,3.985688833042301,0.12952046425893218,0.875,930.5640000093263,6.805588945936984,,
20260702,20.0,8,12,fixed_source_trained_scalar_interpolation_plus_ls,-11.570552906476587,1.0610109000966461,0.5264131707525936,3.98623386384484,0.1291077505826472,0.875,1096.3969000004,5.656000013764148,,
20260702,20.0,8,12,tensor_nomp3d_known_order_v1,-56.372821259015424,0.0004626672022175454,0.0003771760866965113,0.0007077106058543793,3.25252352732777e-05,1.0,12821.95579999825,50.45826836630299,48.0,0.08389724205123332
20260702,20.0,8,13,grid_fft_topk_plus_ls,-4.877269444426007,24.254201844574077,2.2442915001785257,3.829252636028858,0.26438533759425126,0.25,47.32629998761695,0.0,,
20260702,20.0,8,13,deterministic_cartesian_local_refinement_plus_ls,-11.523698205221054,24.386147854352863,2.3018726246839654,3.7713311986796265,0.2662404126054235,0.5,923.9914999925531,6.646428760795047,,
20260702,20.0,8,13,fixed_source_trained_scalar_interpolation_plus_ls,-9.96810861574463,24.33871384236591,2.27918838041055,3.790446939067758,0.26547716227891965,0.5,1011.5196999977343,5.090839171318622,,
20260702,20.0,8,13,tensor_nomp3d_known_order_v1,-57.207556285208064,0.0006354001868755716,0.0005914650324054684,0.00020982438853359413,3.78703476618707e-05,1.0,12505.749100004323,52.33028684078206,50.0,0.08461606276273864
20260702,20.0,8,14,grid_fft_topk_plus_ls,-5.298859459533057,5.555989413294733,2.525798804486933,4.276411701997863,0.21133792802012327,0.5,48.652400000719354,0.0,,
20260702,20.0,8,14,deterministic_cartesian_local_refinement_plus_ls,-10.736206832039779,5.507468440363416,2.676782285323675,4.319121935614547,0.219220990601627,0.625,946.6781999944942,5.437347372506721,,
20260702,20.0,8,14,fixed_source_trained_scalar_interpolation_plus_ls,-8.88255655516407,5.524496896938157,2.620388320084486,4.3032009580635275,0.21625989500570378,0.625,940.5995999986771,3.5836970956310132,,
20260702,20.0,8,14,tensor_nomp3d_known_order_v1,-54.80508850392299,0.0005101697658452268,0.0003434964574302616,0.0006052706164517933,2.8888573287450137e-05,1.0,13470.417300006375,49.50622904438993,55.0,0.049967602235012745
20260702,20.0,8,15,grid_fft_topk_plus_ls,-4.7412108213963,5.647435065537059,1.1388944724950973,5.392230180203876,0.1881701927923364,0.75,43.883599995751865,0.0,,
20260702,20.0,8,15,deterministic_cartesian_local_refinement_plus_ls,-12.0268382282556,5.724676031273806,1.1809269672157083,5.468822893862888,0.19145470708297205,0.875,1006.2491999997292,7.285627406859301,,
20260702,20.0,8,15,fixed_source_trained_scalar_interpolation_plus_ls,-10.886508451887064,5.6963719077857355,1.1597961379077197,5.440718456046286,0.190111928511282,0.875,875.4401999904076,6.145297630490764,,
20260702,20.0,8,15,tensor_nomp3d_known_order_v1,-53.90164153585599,0.0004025621879442689,0.0005645509656052235,0.0009866581065871762,4.696339488408066e-05,1.0,11857.054199994309,49.160430714459686,49.0,0.05314021664668969
20260702,20.0,8,16,grid_fft_topk_plus_ls,-4.282994048859704,11.611614649553701,2.35227696000956,2.0868363834551316,0.18465170801336614,0.25,57.84819999826141,0.0,,
20260702,20.0,8,16,deterministic_cartesian_local_refinement_plus_ls,-12.43727306859663,11.683651597593977,2.4219061817525276,2.137656554615864,0.18896259220837985,0.5,1070.4206000082195,8.154279019736926,,
20260702,20.0,8,16,fixed_source_trained_scalar_interpolation_plus_ls,-9.98789664803978,11.657096690925437,2.394777421259928,2.11582114568377,0.18726424935319988,0.5,948.0799000011757,5.704902599180075,,
20260702,20.0,8,16,tensor_nomp3d_known_order_v1,-55.04297646040766,0.0011961718334774427,0.0010800885491471645,0.0006373681435179177,7.100031591944655e-05,1.0,12347.874400002183,50.75998241154795,50.0,0.06848906991053119
20260702,20.0,8,17,grid_fft_topk_plus_ls,-5.217159265131381,7.847365453945169,2.0338398777249305,2.957590160978502,0.168698428718958,0.625,38.94129999389406,0.0,,
20260702,20.0,8,17,deterministic_cartesian_local_refinement_plus_ls,-12.335766263411527,7.9142901104626855,2.0390571613961095,2.9636521987389295,0.16923829824729747,0.75,673.7312000041129,7.118606998280145,,
20260702,20.0,8,17,fixed_source_trained_scalar_interpolation_plus_ls,-11.242611894099676,7.89002223471733,2.0346899182435996,2.958780289399662,0.1688801906168471,0.75,755.8595000009518,6.025452628968295,,
20260702,20.0,8,17,tensor_nomp3d_known_order_v1,-56.33935221781873,0.000741208756923775,0.0008138658556890693,0.00039610781507102384,5.267037854519247e-05,1.0,12316.458200002671,51.12219295268735,51.0,0.10780935776571048
20260702,20.0,8,18,grid_fft_topk_plus_ls,-5.821720541548715,17.98131076752839,2.0511563884734003,1.824758324046077,0.19854619099708665,0.75,45.94830000132788,0.0,,
20260702,20.0,8,18,deterministic_cartesian_local_refinement_plus_ls,-11.297119929859047,16.362323227391833,1.7552018605492992,3.326042195940959,0.1979345059955605,0.625,942.2827999951551,5.475399388310332,,
20260702,20.0,8,18,fixed_source_trained_scalar_interpolation_plus_ls,-10.276799703633994,16.37035452584564,1.750213025515551,3.346147368455649,0.19813329649557185,0.625,962.4676999956137,4.455079162085279,,
20260702,20.0,8,18,tensor_nomp3d_known_order_v1,-55.02716352624935,0.0005784077690375186,0.0006939780383678667,0.0009321711393630053,5.24430012917499e-05,1.0,12914.439600004698,49.20544298470064,48.0,0.08762212613383447
20260702,20.0,8,19,grid_fft_topk_plus_ls,-6.098461967968603,10.623762988347783,2.4277438265908153,0.5537415580617423,0.1738140937184235,0.75,47.342400008346885,0.0,,
20260702,20.0,8,19,deterministic_cartesian_local_refinement_plus_ls,-12.041832858382149,10.702097048223612,2.4240007869130467,0.5589653194477966,0.1739196326977216,0.875,1095.2278000040678,5.943370890413545,,
20260702,20.0,8,19,fixed_source_trained_scalar_interpolation_plus_ls,-10.943259947842193,10.673704401245596,2.4244419826025445,0.5465567459849031,0.173798604480482,0.875,1014.9420000088867,4.84479797987359,,
20260702,20.0,8,19,tensor_nomp3d_known_order_v1,-55.482656941772596,0.0004441758755468171,0.0008174528404584635,0.00034182335118112666,5.231076901195692e-05,1.0,12842.617200003588,49.38419497380399,48.0,0.09173070447156699
20260702,30.0,2,0,grid_fft_topk_plus_ls,-8.658877585202378,40.78812372356261,4.916504796470924,3.0496242683312067,0.4528207228791227,0.0,16.1863999965135,0.0,,
20260702,30.0,2,0,deterministic_cartesian_local_refinement_plus_ls,-11.804025674724564,40.94409624066826,4.916504796470924,3.0496242683312067,0.45367905178067175,0.5,257.52339999598917,3.145148089522186,,
20260702,30.0,2,0,fixed_source_trained_scalar_interpolation_plus_ls,-11.65910124472574,40.88795816746722,4.916504796470924,3.0496242683312067,0.4533699295222771,0.0,252.53159999556374,3.0002236595233622,,
20260702,30.0,2,0,tensor_nomp3d_known_order_v1,-74.05475767056521,5.5939073325396333e-05,0.00010099831839498813,0.00022111945603788075,9.369374815422134e-06,1.0,1324.403099992196,65.39588008536283,5.0,0.0027353979578182974
20260702,30.0,2,1,grid_fft_topk_plus_ls,-6.3547098553388786,0.24253479628177818,0.06092368475509474,0.06151606138723791,0.004667399897673338,1.0,10.008199998992495,0.0,,
20260702,30.0,2,1,deterministic_cartesian_local_refinement_plus_ls,-14.659796965638776,0.05459897506240071,0.06092368475509474,0.06151606138723791,0.004286757722054669,1.0,214.4486000033794,8.305087110299898,,
20260702,30.0,2,1,fixed_source_trained_scalar_interpolation_plus_ls,-11.300499847954192,0.10649131811723576,0.06092368475509474,0.06151606138723791,0.004345860808773799,1.0,216.08570001262706,4.945789992615314,,
20260702,30.0,2,1,tensor_nomp3d_known_order_v1,-71.45723197385955,8.484386629897625e-05,1.0717577849003293e-05,0.00010839913860449452,3.516110279427927e-06,1.0,1245.290799997747,65.10252211852067,6.0,0.002776851292482062
20260702,30.0,2,2,grid_fft_topk_plus_ls,-3.3959226122322663,0.26326632300043695,0.20918717944406376,0.24952763332063663,0.015361305075428844,1.0,12.001800001598895,0.0,,
20260702,30.0,2,2,deterministic_cartesian_local_refinement_plus_ls,-11.268384523562439,0.09559932501099681,0.053995623656455556,0.10615433191094786,0.0047907435990668405,1.0,241.88250000588596,7.872461911330173,,
20260702,30.0,2,2,fixed_source_trained_scalar_interpolation_plus_ls,-12.621489559025159,0.03991735588054624,0.10827083224757722,0.07909458549681131,0.007210955824971658,1.0,228.26139999961015,9.225566946792892,,
20260702,30.0,2,2,tensor_nomp3d_known_order_v1,-72.30000268850249,6.106186509507914e-05,6.001636920274737e-05,4.498337970635578e-05,4.034082967679373e-06,1.0,1204.2675999982748,68.90408007627022,7.0,0.003367647306772895
20260702,30.0,2,3,grid_fft_topk_plus_ls,-5.9636993772847235,0.022024594095617453,0.19345073389759218,0.1909563039262612,0.013484198415081236,1.0,11.14620000589639,0.0,,
20260702,30.0,2,3,deterministic_cartesian_local_refinement_plus_ls,-15.879727235343344,0.022024594095617453,0.06151721361311774,0.0805526815962977,0.004598798508468684,1.0,234.1279999964172,9.91602785805862,,
20260702,30.0,2,3,fixed_source_trained_scalar_interpolation_plus_ls,-12.245681708434761,0.022024594095617453,0.10005732787055019,0.07473819720495616,0.006677708313172551,1.0,252.6172000070801,6.281982331150037,,
20260702,30.0,2,3,tensor_nomp3d_known_order_v1,-68.46895020240667,7.912523813763611e-05,0.00012126327423751885,2.6918225880834343e-05,7.650509187422654e-06,1.0,1219.972399994731,62.50525082512195,6.0,0.0011931275754409674
20260702,30.0,2,4,grid_fft_topk_plus_ls,-5.048196132319125,0.13742866378901028,0.19830304293323148,0.25729298399574874,0.014812515882496755,1.0,12.970900002983399,0.0,,
20260702,30.0,2,4,deterministic_cartesian_local_refinement_plus_ls,-13.907812247855416,0.08808916907753521,0.05231068084170476,0.03501495287618124,0.0035156816109622817,1.0,208.62160000251606,8.85961611553629,,
20260702,30.0,2,4,fixed_source_trained_scalar_interpolation_plus_ls,-11.622102447233289,0.010365139257659617,0.10009716040770252,0.11338090823445887,0.00719019726535023,1.0,204.73470000433736,6.573906314914163,,
20260702,30.0,2,4,tensor_nomp3d_known_order_v1,-74.72994422120672,6.514323546146543e-05,2.769893362472371e-05,5.2332234860875295e-05,2.435258198202915e-06,1.0,1262.2320000082254,69.6817480888876,7.0,0.0005889161000628094
20260702,30.0,2,5,grid_fft_topk_plus_ls,-5.3288114358129,12.843043002101908,1.1825831989185969,0.16572829372180056,0.12472807357530097,0.0,8.841899994877167,0.0,,
20260702,30.0,2,5,deterministic_cartesian_local_refinement_plus_ls,-12.965420099727677,12.993869837719313,1.0183957657562255,0.28143932444637254,0.1201409843649528,0.5,206.6190000041388,7.636608663914776,,
20260702,30.0,2,5,fixed_source_trained_scalar_interpolation_plus_ls,-14.00282246609846,12.938939610418652,1.074659930803067,0.2214579201643934,0.12156261796277595,0.5,224.18150000157766,8.674011030285559,,
20260702,30.0,2,5,tensor_nomp3d_known_order_v1,-71.2042053198288,0.00031824226300117975,4.401460683309867e-05,0.00018187016979651213,6.786057105425353e-06,1.0,1286.5806000045268,65.8753938840159,7.0,0.0005791793458148196
20260702,30.0,2,6,grid_fft_topk_plus_ls,-3.340273644947724,12.871351277472408,0.759971911925378,9.224667337187602,0.30897890828159175,0.5,11.346699990099296,0.0,,
20260702,30.0,2,6,deterministic_cartesian_local_refinement_plus_ls,-11.618121584424348,12.711367626765488,0.5748918447189193,9.540617786587225,0.3162958055176395,0.5,223.06309999839868,8.277847939476624,,
20260702,30.0,2,6,fixed_source_trained_scalar_interpolation_plus_ls,-8.549227846864715,12.768429346590125,0.6382242494177252,9.427156146305938,0.3135764943335636,0.5,201.64080000540707,5.208954201916992,,
20260702,30.0,2,6,tensor_nomp3d_known_order_v1,-68.87425087709356,0.00025117484995934174,0.0002846435541401925,4.909016499967256e-05,1.796374132046844e-05,1.0,1110.5446000001393,65.53397723214583,5.0,0.0011093127578469604
20260702,30.0,2,7,grid_fft_topk_plus_ls,-3.0713516817973394,0.2409168551639198,0.2900426006223871,0.24226098945447086,0.01973498207470171,1.0,12.82619999255985,0.0,,
20260702,30.0,2,7,deterministic_cartesian_local_refinement_plus_ls,-11.371376426999628,0.10006542388819072,0.06963483824799045,0.0882536032617004,0.00521140569917705,1.0,225.0386000087019,8.30002474520229,,
20260702,30.0,2,7,fixed_source_trained_scalar_interpolation_plus_ls,-9.526706190684319,0.12479710039384688,0.1469676309076227,0.05236783533569622,0.009380921207326042,1.0,215.18610000202898,6.4553545088869795,,
20260702,30.0,2,7,tensor_nomp3d_known_order_v1,-72.64909448772504,8.418916041663499e-05,6.563120420746426e-05,4.56827605407313e-05,4.39279004607598e-06,1.0,1255.2802999998676,69.5777428059277,7.0,0.005483073617147926
20260702,30.0,2,8,grid_fft_topk_plus_ls,-3.272997808338301,19.135720765332604,3.026477952634452,11.264675519881388,0.4266708628783881,0.0,12.880700000096112,0.0,,
20260702,30.0,2,8,deterministic_cartesian_local_refinement_plus_ls,-9.189314946842572,19.44887307468996,3.026477952634452,11.206413211012894,0.42603634988707717,0.5,225.91989999637008,5.9163171385042705,,
20260702,30.0,2,8,fixed_source_trained_scalar_interpolation_plus_ls,-7.231832736611353,19.33611862578783,3.026477952634452,11.263921357321449,0.42720252151540694,0.5,216.9492000102764,3.958834928273052,,
20260702,30.0,2,8,tensor_nomp3d_known_order_v1,-69.58717345206907,5.3912729242687065e-05,9.641127440031609e-05,0.0001196993602160071,7.104832584598264e-06,1.0,1331.6187000018544,66.31417564373076,6.0,0.00217970771585217
20260702,30.0,2,9,grid_fft_topk_plus_ls,-2.9358073564489957,14.795051297794727,0.7466093565767973,9.788084187585318,0.3303010295727368,0.5,14.513499991153367,0.0,,
20260702,30.0,2,9,deterministic_cartesian_local_refinement_plus_ls,-10.217104208724223,14.634863871620981,0.5620807101345753,10.104047053891314,0.3376471153609901,0.5,241.60780000966042,7.2812968522752275,,
20260702,30.0,2,9,fixed_source_trained_scalar_interpolation_plus_ls,-7.451257385376371,14.692028567055809,0.6251169938062215,9.99059944050926,0.3349238248105337,0.5,199.46070000878535,4.515450028927376,,
20260702,30.0,2,9,tensor_nomp3d_known_order_v1,-73.09202181528293,0.00019189572920375652,8.95575488918309e-05,3.9790801319917915e-05,5.926554409774583e-06,1.0,1198.3305000030668,70.15621445883394,6.0,0.0012115582828438013
20260702,30.0,2,10,grid_fft_topk_plus_ls,-6.681241910641495,0.15774306398423465,0.1670891138237139,0.1550204260239415,0.011577760198281127,1.0,12.09499999822583,0.0,,
20260702,30.0,2,10,deterministic_cartesian_local_refinement_plus_ls,-17.60577126247119,0.03361190391435851,0.06066914129453346,0.006253643152646374,0.0038059237441815694,1.0,269.9912999960361,10.924529351829696,,
20260702,30.0,2,10,fixed_source_trained_scalar_interpolation_plus_ls,-16.971732428370064,0.06178174365481773,0.026894320933693573,0.05302784676449991,0.002409237596799797,1.0,242.25399999704678,10.29049051772857,,
20260702,30.0,2,10,tensor_nomp3d_known_order_v1,-70.60825341927944,3.277489673004336e-05,9.683844810875302e-05,0.00015962772501203792,7.847352748109778e-06,1.0,1232.193499992718,63.92701150863794,6.0,0.002152962190326882
20260702,30.0,2,11,grid_fft_topk_plus_ls,-6.046046493129618,0.24186212398856155,0.07401093171710041,0.10777322551104346,0.006025792594906471,1.0,14.031200000317767,0.0,,
20260702,30.0,2,11,deterministic_cartesian_local_refinement_plus_ls,-13.714100119067503,0.029484988055267454,0.07401093171710041,0.06584733503263061,0.005067963763386961,1.0,245.2266000036616,7.668053625937885,,
20260702,30.0,2,11,fixed_source_trained_scalar_interpolation_plus_ls,-12.091595687773724,0.09933877787800097,0.07401093171710041,0.033527713991323795,0.0048059352251249,1.0,232.84729999431875,6.0455491946441064,,
20260702,30.0,2,11,tensor_nomp3d_known_order_v1,-71.0677532020812,9.942746822386285e-05,6.621023989749331e-05,6.1482092765740665e-06,4.214795343939015e-06,1.0,1293.4494000073755,65.02170670895158,6.0,0.0009492117797786783
20260702,30.0,2,12,grid_fft_topk_plus_ls,-5.118422696886219,0.1555837480137977,0.0035582297716773613,0.2940292278080334,0.009271128989051853,1.0,14.902800001436844,0.0,,
20260702,30.0,2,12,deterministic_cartesian_local_refinement_plus_ls,-14.047653400751422,0.07527679390544054,0.0035582297716773613,0.06988369819939465,0.0022725728600094816,1.0,250.14720000035595,8.929230703865203,,
20260702,30.0,2,12,fixed_source_trained_scalar_interpolation_plus_ls,-10.128274601743959,0.08054191644248279,0.0035582297716773613,0.149851774411199,0.004730184388091346,1.0,229.72209998988546,5.00985190485774,,
20260702,30.0,2,12,tensor_nomp3d_known_order_v1,-69.32773604749616,9.560448743050674e-05,3.089773573757782e-05,0.00010608050032903782,3.908501410056164e-06,1.0,1217.7903999981936,64.20931335060995,6.0,0.0018927663461539115
20260702,30.0,2,13,grid_fft_topk_plus_ls,-4.312280087601111,0.2139116679254699,0.17699085110007862,0.24431214363030865,0.013544319490162117,1.0,13.856400008080527,0.0,,
20260702,30.0,2,13,deterministic_cartesian_local_refinement_plus_ls,-11.516896916789667,0.08029490653467741,0.06555891937085385,0.10365088166457453,0.005260624239550797,1.0,248.0624000017997,7.204616829188557,,
20260702,30.0,2,13,fixed_source_trained_scalar_interpolation_plus_ls,-9.747075747737465,0.09427164672974118,0.04836828496162483,0.14983798384993102,0.00562194637824676,1.0,239.62080001365393,5.434795660136355,,
20260702,30.0,2,13,tensor_nomp3d_known_order_v1,-67.70046758811637,5.577537260164639e-05,0.00013896981205512574,8.86605101547007e-05,9.12722315989857e-06,1.0,1200.8999999961816,63.38818750051526,7.0,0.0012122387238407636
20260702,30.0,2,14,grid_fft_topk_plus_ls,-4.923203955661934,0.23748268414016763,0.1992776793182542,0.07774185775663188,0.012824500741244738,1.0,13.034700008574873,0.0,,
20260702,30.0,2,14,deterministic_cartesian_local_refinement_plus_ls,-14.796697139305596,0.014702592027157969,0.06501345546532376,0.07774185775663188,0.004735618071326011,1.0,228.6958000040613,9.873493183643664,,
20260702,30.0,2,14,fixed_source_trained_scalar_interpolation_plus_ls,-11.001073079613109,0.09325871242423822,0.07277756753094027,0.07774185775663188,0.005207948027932343,1.0,213.4963999997126,6.077869123951175,,
20260702,30.0,2,14,tensor_nomp3d_known_order_v1,-69.5763339247306,5.8719371834453755e-05,3.513764258992075e-05,0.0001691060818165616,5.741074969074556e-06,1.0,1225.010199996177,64.65312996906867,6.0,0.001054853523966622
20260702,30.0,2,15,grid_fft_topk_plus_ls,-4.782031622648138,0.15159098404767646,0.114824601401302,0.26885559256577524,0.01111280604342305,1.0,9.607200001482852,0.0,,
20260702,30.0,2,15,deterministic_cartesian_local_refinement_plus_ls,-13.834247572772302,0.08193609398309014,0.04448268587108066,0.07098875594994035,0.0036139157124206655,1.0,220.06680000049528,9.052215950124165,,
20260702,30.0,2,15,fixed_source_trained_scalar_interpolation_plus_ls,-11.026328024828786,0.03002606735222195,0.01315483417223144,0.13221775447427325,0.004219338042541871,1.0,224.10970000782982,6.244296402180647,,
20260702,30.0,2,15,tensor_nomp3d_known_order_v1,-69.62610773431855,5.150482875152412e-05,0.0001327133447364095,4.3711448184770474e-05,8.415933949168853e-06,1.0,1153.1497999967542,64.84407611167042,7.0,0.0011552163474827211
20260702,30.0,2,16,grid_fft_topk_plus_ls,-8.210925341672038,0.1486331709133522,0.09861126842808565,0.10189810794522111,0.007033728185867064,1.0,16.365500006941147,0.0,,
20260702,30.0,2,16,deterministic_cartesian_local_refinement_plus_ls,-13.670225203360822,0.05449151948867319,0.08575856524523953,0.06514658842104822,0.005749302512944726,1.0,267.743899996276,5.459299861688784,,
20260702,30.0,2,16,fixed_source_trained_scalar_interpolation_plus_ls,-17.38280734465655,0.06323302044486888,0.04883395573222958,0.02498168092676956,0.003188879334128912,1.0,244.17930000345223,9.17188200298451,,
20260702,30.0,2,16,tensor_nomp3d_known_order_v1,-71.52352603139485,4.698837303971026e-05,5.5963115931231614e-05,0.00010175307325719146,4.741271121948928e-06,1.0,1230.9081999992486,63.312600689722814,7.0,0.0014828643068761315
20260702,30.0,2,17,grid_fft_topk_plus_ls,-7.212548888189555,0.1501325014361332,0.11390614730969603,0.23082347992023064,0.010202378703633684,1.0,8.959700004197657,0.0,,
20260702,30.0,2,17,deterministic_cartesian_local_refinement_plus_ls,-18.72092720721787,0.028063007653337774,0.04519295036524281,0.07281127308293192,0.0036336525660053747,1.0,227.7516000031028,11.508378319028314,,
20260702,30.0,2,17,fixed_source_trained_scalar_interpolation_plus_ls,-14.332187959322834,0.052519336262519624,0.011777548269772318,0.12908587131157032,0.004121020486652749,1.0,237.03530000057071,7.119639071133279,,
20260702,30.0,2,17,tensor_nomp3d_known_order_v1,-73.81500117972458,8.373831151760463e-05,0.00011279931533126213,2.3451142550367343e-05,7.118071932884025e-06,1.0,1233.7914000090677,66.60245229153502,6.0,0.002024585221232539
20260702,30.0,2,18,grid_fft_topk_plus_ls,-2.7425862593181605,0.23653251747824072,0.32174907585145346,0.20219905760185056,0.02115952839095678,1.0,11.64460000291001,0.0,,
20260702,30.0,2,18,deterministic_cartesian_local_refinement_plus_ls,-11.57743284569464,0.08214647340144565,0.09530492733286174,0.03951115194268913,0.006116943083941726,1.0,239.50550000881776,8.834846586376479,,
20260702,30.0,2,18,fixed_source_trained_scalar_interpolation_plus_ls,-9.346699054988706,0.1361879280399474,0.11750930105712391,0.06328856144331031,0.00768002573220629,1.0,248.7686000094982,6.604112795670545,,
20260702,30.0,2,18,tensor_nomp3d_known_order_v1,-70.73055599990529,0.00011563747462904492,7.531203934437302e-05,8.480570977059417e-05,5.476813081525603e-06,1.0,1185.548800000106,67.98796974058713,6.0,0.002017449197054038
20260702,30.0,2,19,grid_fft_topk_plus_ls,-5.065501414765551,41.925015738862854,1.5152100230952164,10.1201461283591,0.46504524242238565,0.5,12.72259998950176,0.0,,
20260702,30.0,2,19,deterministic_cartesian_local_refinement_plus_ls,-6.881820764817852,41.925015738862854,1.5152100230952164,10.436099500295686,0.47181529266338273,0.5,197.3634000023594,1.816319350052301,,
20260702,30.0,2,19,fixed_source_trained_scalar_interpolation_plus_ls,-6.714914928560298,41.925015738862854,1.5152100230952164,10.322665111107183,0.46937202967645364,0.5,228.6034999997355,1.6494135137947472,,
20260702,30.0,2,19,tensor_nomp3d_known_order_v1,-73.90197525370085,6.991338756201401e-05,9.593650467566093e-05,9.290173559937294e-05,6.684248392101943e-06,1.0,1212.7401000034297,68.8364738389353,6.0,0.00047043332799410326
20260702,30.0,4,0,grid_fft_topk_plus_ls,-6.783703261498678,0.0794911245032787,0.20197609713875173,0.11760696276704889,0.013162287079184152,1.0,25.35850000276696,0.0,,
20260702,30.0,4,0,deterministic_cartesian_local_refinement_plus_ls,-14.293201890420068,0.06785777732870585,0.05041078393076376,0.06190690875371216,0.003735028220718948,1.0,493.4427999978652,7.50949862892139,,
20260702,30.0,4,0,fixed_source_trained_scalar_interpolation_plus_ls,-13.165341933544601,0.04805553573047097,0.0866687956016404,0.03993226267041399,0.005571344752994538,1.0,482.57639999792445,6.3816386720459235,,
20260702,30.0,4,0,tensor_nomp3d_known_order_v1,-67.44581561788056,6.662928419472193e-05,9.194720809707288e-05,7.518765321030117e-05,6.230266177911969e-06,1.0,3546.1834000016097,60.662112356381876,18.0,0.003224517480418652
20260702,30.0,4,1,grid_fft_topk_plus_ls,-5.145296025676911,34.533444984410444,1.951580643713456,5.576904656165626,0.3435673662354009,0.0,25.41889999702107,0.0,,
20260702,30.0,4,1,deterministic_cartesian_local_refinement_plus_ls,-10.19180154663227,34.59185513327455,2.174562754104229,5.609470943188625,0.34962079701483834,0.25,478.50019999896176,5.046505520955359,,
20260702,30.0,4,1,fixed_source_trained_scalar_interpolation_plus_ls,-8.976073393212147,34.570866793224724,2.0939730892984167,5.596531985198309,0.34736257312828733,0.25,536.6306999931112,3.8307773675352355,,
20260702,30.0,4,1,tensor_nomp3d_known_order_v1,-66.58358777812373,0.00034299033283748695,0.0002480642827335618,0.0005674468151320873,2.3706623413184637e-05,1.0,3580.1147000020137,61.438291752446816,17.0,0.004774928272179221
20260702,30.0,4,2,grid_fft_topk_plus_ls,-6.378458912169929,0.18357559996674216,0.20405405279359884,0.12065433070850526,0.013376166107939997,1.0,22.016599992639385,0.0,,
20260702,30.0,4,2,deterministic_cartesian_local_refinement_plus_ls,-14.687205899847012,0.07249690529285423,0.040710711673907586,0.051867403519458136,0.003069533267473489,1.0,424.06419999315403,8.308746987677083,,
20260702,30.0,4,2,fixed_source_trained_scalar_interpolation_plus_ls,-14.742361237423241,0.06168070311028804,0.08512469678341637,0.0334865976516217,0.005443602004766331,1.0,458.17539999552537,8.363902325253312,,
20260702,30.0,4,2,tensor_nomp3d_known_order_v1,-69.1736879034601,4.905232237769165e-05,5.345803947281062e-05,7.588686185294205e-05,4.115074099976808e-06,1.0,3429.9519999913173,62.79522899129017,16.0,0.00648624679491715
20260702,30.0,4,3,grid_fft_topk_plus_ls,-2.3357575162636066,0.2472578008555975,0.30805480472051416,0.2960335772913725,0.021447791716546424,1.0,22.416299994802102,0.0,,
20260702,30.0,4,3,deterministic_cartesian_local_refinement_plus_ls,-11.659138028169668,0.08060601628485867,0.08048502325511765,0.08216279923600789,0.005682704414367366,1.0,454.4329999916954,9.32338051190606,,
20260702,30.0,4,3,fixed_source_trained_scalar_interpolation_plus_ls,-7.769478863545027,0.1316627004147498,0.1333237708546044,0.12389536129260612,0.009245692288597476,1.0,467.0806000067387,5.43372134728142,,
20260702,30.0,4,3,tensor_nomp3d_known_order_v1,-68.78212240385119,9.066662535771497e-05,9.511926253751723e-05,0.00011029156026837434,6.90820829127717e-06,1.0,3609.4650000013644,66.44636488758758,18.0,0.007211302581436453
20260702,30.0,4,4,grid_fft_topk_plus_ls,-4.285208989217245,0.18542040160792225,0.19499874769069944,0.2153849787349365,0.013997681546367826,1.0,16.940300003625453,0.0,,
20260702,30.0,4,4,deterministic_cartesian_local_refinement_plus_ls,-15.389021993434183,0.04930239773884948,0.05838470232028738,0.06214783433138597,0.004151591323952049,1.0,451.93969999672845,11.103813004216939,,
20260702,30.0,4,4,fixed_source_trained_scalar_interpolation_plus_ls,-10.119091339737052,0.0897390344925714,0.0841221700961394,0.1018011090676058,0.0061850486154592385,1.0,456.57260000007227,5.833882350519807,,
20260702,30.0,4,4,tensor_nomp3d_known_order_v1,-68.4127189622747,5.20564273181039e-05,0.00012713320834804314,0.00011961008308672384,8.790495000596873e-06,1.0,3465.6742999941343,64.12750997305746,16.0,0.007794942105401666
20260702,30.0,4,5,grid_fft_topk_plus_ls,-4.854576097467421,29.533100991006787,2.870242689718349,0.2838286586420546,0.2923946199111473,0.75,21.574100013822317,0.0,,
20260702,30.0,4,5,deterministic_cartesian_local_refinement_plus_ls,-10.00876322351086,29.645280364438676,2.8642877719679456,0.39276043907192143,0.29298188140232345,0.75,475.36979999858886,5.154187126043439,,
20260702,30.0,4,5,fixed_source_trained_scalar_interpolation_plus_ls,-9.112771808091168,29.60501257974123,2.8654064467508484,0.3278802242445443,0.2926980332178546,0.75,419.9970000045141,4.258195710623747,,
20260702,30.0,4,5,tensor_nomp3d_known_order_v1,-67.55461276105993,3.073876556182948e-05,0.00011560487094000833,0.0001534345984692667,8.674854512323314e-06,1.0,3677.6718000037363,62.700036663592506,16.0,0.005932498760380076
20260702,30.0,4,6,grid_fft_topk_plus_ls,-6.983454137366363,0.1725700497664103,0.15507786704099968,0.10834462738718212,0.01035485686009949,1.0,22.72419999644626,0.0,,
20260702,30.0,4,6,deterministic_cartesian_local_refinement_plus_ls,-12.754376084255728,0.0646721036693883,0.07564118873435259,0.09017523550514463,0.005526864070887088,1.0,496.97249999735504,5.7709219468893656,,
20260702,30.0,4,6,fixed_source_trained_scalar_interpolation_plus_ls,-14.290595588113348,0.06797904285570397,0.025450439136702415,0.08070943573108089,0.003028789967744224,1.0,452.7899999957299,7.307141450746985,,
20260702,30.0,4,6,tensor_nomp3d_known_order_v1,-68.52740478694449,0.00020126957240471552,0.00016073685067369048,6.748025256575952e-05,1.0384726483331931e-05,1.0,3534.9868000048446,61.54395064957812,19.0,0.004062894734451949
20260702,30.0,4,7,grid_fft_topk_plus_ls,-5.982317404982181,24.27564230110071,1.925758844987042,4.359898777691739,0.26271304865979,0.25,17.999699994106777,0.0,,
20260702,30.0,4,7,deterministic_cartesian_local_refinement_plus_ls,-13.054825756151471,24.38452248627083,2.1068113160334243,4.3576683375469925,0.26865313948694586,0.5,484.0445000008913,7.07250835116929,,
20260702,30.0,4,7,fixed_source_trained_scalar_interpolation_plus_ls,-11.346179272979874,24.345471091143565,2.0374087953651854,4.358133397388162,0.26634339942771873,0.5,465.300700001535,5.363861867997693,,
20260702,30.0,4,7,tensor_nomp3d_known_order_v1,-66.16981388963463,0.00011313741848574421,9.721196147686671e-05,0.00013739077503355584,7.491980842913155e-06,1.0,3423.9115999953356,60.18749648465244,16.0,0.002887391509581616
20260702,30.0,4,8,grid_fft_topk_plus_ls,-5.19005750785767,0.20444854967438147,0.1355984515278347,0.2174568858866062,0.010979726880976764,1.0,22.076000008382834,0.0,,
20260702,30.0,4,8,deterministic_cartesian_local_refinement_plus_ls,-14.65578113258771,0.06725691557840406,0.053435855235152464,0.07001845545716545,0.004027113296240572,1.0,502.6080999959959,9.46572362473004,,
20260702,30.0,4,8,fixed_source_trained_scalar_interpolation_plus_ls,-11.807174302989033,0.09562293164999115,0.05097678740107371,0.09188682616915834,0.004353653761908043,1.0,496.88390000665095,6.617116795131363,,
20260702,30.0,4,8,tensor_nomp3d_known_order_v1,-70.44894508161802,5.876113146924954e-05,0.00011651649766573236,5.774980957444861e-05,7.516597639100163e-06,1.0,3765.0176000024658,65.25888757376035,17.0,0.001024466610058457
20260702,30.0,4,9,grid_fft_topk_plus_ls,-5.812087718655984,0.2097392806148135,0.17742494919567886,0.1200206201031714,0.011820302069677236,1.0,25.0850000011269,0.0,,
20260702,30.0,4,9,deterministic_cartesian_local_refinement_plus_ls,-12.430324199007362,0.08214298171545292,0.06594898309403305,0.0801634586301849,0.004865873912268824,1.0,443.74360000074375,6.618236480351379,,
20260702,30.0,4,9,fixed_source_trained_scalar_interpolation_plus_ls,-11.477109979961222,0.09190696466113116,0.09080645448689452,0.05886356615585745,0.006009115695871591,1.0,440.33199999830686,5.665022261305238,,
20260702,30.0,4,9,tensor_nomp3d_known_order_v1,-68.62411467062591,6.478511979344696e-05,0.00012393486504054147,4.586752574355693e-05,7.893675307227185e-06,1.0,3582.244200006244,62.81202695196993,18.0,0.0026749795950695727
20260702,30.0,4,10,grid_fft_topk_plus_ls,-5.017424357982324,27.758792144127945,3.072910496899905,9.119573161316385,0.40636673703022086,0.5,19.81559999694582,0.0,,
20260702,30.0,4,10,deterministic_cartesian_local_refinement_plus_ls,-11.202007855215745,27.890906088831432,3.171530195304195,9.119573161316385,0.40986366935606244,0.5,415.80099999555387,6.1845834972334215,,
20260702,30.0,4,10,fixed_source_trained_scalar_interpolation_plus_ls,-10.029480106260579,27.843357267271315,3.1333248930481115,9.119573161316385,0.4085162727461144,0.5,433.83880000328645,5.012055748278255,,
20260702,30.0,4,10,tensor_nomp3d_known_order_v1,-70.12035390657493,0.00019247889998111862,0.00018392971202953496,9.771350653970202e-05,1.1988926904574032e-05,1.0,3646.6040999948746,65.10292954859261,17.0,0.003532930152097542
20260702,30.0,4,11,grid_fft_topk_plus_ls,-4.796070148927825,23.32449351762183,1.9756585038899603,6.200578921285045,0.2932543772999314,0.5,21.692899987101555,0.0,,
20260702,30.0,4,11,deterministic_cartesian_local_refinement_plus_ls,-11.51986555360708,23.490158174875468,2.0695201192299804,6.097005765936895,0.2944669676170459,0.5,411.8261999974493,6.7237954046792545,,
20260702,30.0,4,11,fixed_source_trained_scalar_interpolation_plus_ls,-9.4828648842194,23.430536960377996,2.035692973877155,6.133820012231054,0.294002236068414,0.5,380.3770000085933,4.686794735291574,,
20260702,30.0,4,11,tensor_nomp3d_known_order_v1,-69.78148137131795,0.0002216352343682801,0.00019564044734225223,0.00015357548566506354,1.3249274169829219e-05,1.0,3456.2135000014678,64.98541122239013,20.0,0.014455069972636887
20260702,30.0,4,12,grid_fft_topk_plus_ls,-4.492583282075072,26.268673993011998,3.056982476742041,4.3305347847864955,0.311344427598762,0.5,23.67019999655895,0.0,,
20260702,30.0,4,12,deterministic_cartesian_local_refinement_plus_ls,-9.87963122222826,26.430448539663224,3.0274442679145066,4.479387578960669,0.31310430069642453,0.5,473.36589999031276,5.387047940153188,,
20260702,30.0,4,12,fixed_source_trained_scalar_interpolation_plus_ls,-8.561584859446661,26.37224820341597,3.0375755068959536,4.425675715626459,0.31244145168202875,0.5,455.7265999901574,4.069001577371589,,
20260702,30.0,4,12,tensor_nomp3d_known_order_v1,-67.6098075572594,0.00021911591258377003,0.00016826552976336085,4.851473524003239e-05,1.0762328051413059e-05,1.0,3384.9896999890916,63.11722427518433,16.0,0.005447579328680638
20260702,30.0,4,13,grid_fft_topk_plus_ls,-5.462373585407417,19.964149106375835,1.2267359414505068,7.454967733214092,0.290652756201114,0.25,23.629100003745407,0.0,,
20260702,30.0,4,13,deterministic_cartesian_local_refinement_plus_ls,-10.886619096966172,19.964149106375835,1.4050061622892478,7.579697773584833,0.29688888240489125,0.5,493.1503999978304,5.4242455115587545,,
20260702,30.0,4,13,fixed_source_trained_scalar_interpolation_plus_ls,-10.343212871946797,19.964149106375835,1.333024133306711,7.534499494643013,0.29445883408673185,0.5,488.2590000052005,4.88083928653938,,
20260702,30.0,4,13,tensor_nomp3d_known_order_v1,-68.18949156468226,0.0006129996804919099,0.0005354190355100365,0.00015879795718057584,3.4166934278861325e-05,1.0,3754.2508999904385,62.72711797927484,16.0,0.005973326111977827
20260702,30.0,4,14,grid_fft_topk_plus_ls,-5.629752276147388,26.85349054083788,1.1689036632573884,2.1524402829640037,0.23210928697577363,0.5,22.828600005595945,0.0,,
20260702,30.0,4,14,deterministic_cartesian_local_refinement_plus_ls,-11.30897200536739,26.74068730112144,1.2283204502140346,2.2581172925862707,0.23348936955997623,0.75,438.31739999586716,5.679219729220002,,
20260702,30.0,4,14,fixed_source_trained_scalar_interpolation_plus_ls,-10.426388711699735,26.780971601034086,1.2001303712557576,2.2188886670233257,0.2328303181984914,0.75,456.7026000004262,4.7966364355523465,,
20260702,30.0,4,14,tensor_nomp3d_known_order_v1,-68.3783849342624,5.924039822330278e-05,5.410388562853419e-05,0.0001057935834583848,4.751700262126752e-06,1.0,3460.84339999652,62.748632658115014,15.0,0.006796946015551404
20260702,30.0,4,15,grid_fft_topk_plus_ls,-4.3705596163617235,15.891816906813112,2.900622010923781,3.9344060730925614,0.2517872610763329,0.75,21.681700003682636,0.0,,
20260702,30.0,4,15,deterministic_cartesian_local_refinement_plus_ls,-11.034462040674155,16.115219858937518,2.781554762820391,3.932784338590757,0.2473418246371848,0.75,396.63620000646915,6.663902424312432,,
20260702,30.0,4,15,fixed_source_trained_scalar_interpolation_plus_ls,-8.933853435209453,16.034946362044895,2.8232220533593604,3.9329953051275672,0.2488660850608481,0.75,434.43169999227393,4.56329381884773,,
20260702,30.0,4,15,tensor_nomp3d_known_order_v1,-67.36320388844688,8.188422877754794e-05,0.00012700301181085464,0.00010368281993256814,8.597343076584854e-06,1.0,3501.664700001129,62.99264427208515,16.0,0.004629855188161871
20260702,30.0,4,16,grid_fft_topk_plus_ls,-4.840383277228691,11.380768108245109,2.0153082850135924,2.397322567294474,0.17141456251804305,0.5,22.39420000114478,0.0,,
20260702,30.0,4,16,deterministic_cartesian_local_refinement_plus_ls,-11.888332690517915,11.486802494324222,2.123988834991869,2.5071678724980218,0.17836570769266613,0.75,503.790000002482,7.047949413289224,,
20260702,30.0,4,16,fixed_source_trained_scalar_interpolation_plus_ls,-11.217995824264351,11.448057143437023,2.0836301641423236,2.4666278056204805,0.17578350595112827,0.75,484.7057000006316,6.37761254703566,,
20260702,30.0,4,16,tensor_nomp3d_known_order_v1,-68.0177614137545,8.009468447151974e-05,0.0001279190276488514,0.0001553132574674438,9.373763766861721e-06,1.0,3353.2176000007894,63.17737813652581,15.0,0.004014870966441769
20260702,30.0,4,17,grid_fft_topk_plus_ls,-5.662618986892998,0.15057765433497877,0.12237348275447893,0.246337780456908,0.010915177268602754,1.0,15.38060000166297,0.0,,
20260702,30.0,4,17,deterministic_cartesian_local_refinement_plus_ls,-12.99694034123422,0.03674644609015348,0.059704082486171185,0.10138889716987239,0.004903603203521773,1.0,421.7385999945691,7.334321354341222,,
20260702,30.0,4,17,fixed_source_trained_scalar_interpolation_plus_ls,-11.082178513491005,0.05628024883545975,0.06885762201323016,0.11739734594955345,0.005672162692757786,1.0,390.6322000111686,5.419559526598007,,
20260702,30.0,4,17,tensor_nomp3d_known_order_v1,-67.69771892309238,0.00014083337485204693,0.00012089590630531506,0.00010939541776728056,8.366032135511297e-06,1.0,3027.764099999331,62.03509993619939,17.0,0.006100573726353739
20260702,30.0,4,18,grid_fft_topk_plus_ls,-4.181779757292059,0.22462515018401744,0.23202293563445012,0.21040398537446084,0.016018846820270417,1.0,25.05640000163112,0.0,,
20260702,30.0,4,18,deterministic_cartesian_local_refinement_plus_ls,-14.489170632272657,0.025734940888166972,0.08733155379817736,0.055203533348104905,0.005727880705906177,1.0,468.3537999953842,10.307390874980598,,
20260702,30.0,4,18,fixed_source_trained_scalar_interpolation_plus_ls,-11.536087127398066,0.08280097955195789,0.06171603036707741,0.1094991596613953,0.0051967199430091385,1.0,452.41810000152327,7.354307370106007,,
20260702,30.0,4,18,tensor_nomp3d_known_order_v1,-65.74085964350749,0.00017043137568973322,0.00015123671496786626,0.00010331332769074069,1.0076816671828262e-05,1.0,3580.849299993133,61.55907988621543,16.0,0.004342638476218549
20260702,30.0,4,19,grid_fft_topk_plus_ls,-5.4018119144375865,4.65247698946633,0.7275005374981531,2.1410046436945263,0.08868491999945154,0.5,21.15610000328161,0.0,,
20260702,30.0,4,19,deterministic_cartesian_local_refinement_plus_ls,-10.145632126811696,4.64975960235059,0.7385767431798358,2.1355249884557015,0.08890455249401798,0.75,447.04909999563824,4.74382021237411,,
20260702,30.0,4,19,fixed_source_trained_scalar_interpolation_plus_ls,-8.216783319078424,4.650420054856096,0.7226520493049605,2.136808145234191,0.08842426692576089,0.75,445.9212000074331,2.814971404640837,,
20260702,30.0,4,19,tensor_nomp3d_known_order_v1,-69.17195780172631,0.000125455401796742,7.577786935732292e-05,9.361018729142773e-05,5.652338099692844e-06,1.0,3394.87889999873,63.77014588728872,17.0,0.0032811649092717513
20260702,30.0,8,0,grid_fft_topk_plus_ls,-4.726332494827101,15.260355376689931,1.1454142929263986,2.281201249012777,0.15627086622293207,0.75,48.354400001699105,0.0,,
20260702,30.0,8,0,deterministic_cartesian_local_refinement_plus_ls,-12.256301045157462,15.283632525586444,1.1149332320682528,2.275680537664279,0.15546793437586734,0.75,887.4561999982689,7.529968550330361,,
20260702,30.0,8,0,fixed_source_trained_scalar_interpolation_plus_ls,-9.713817831157353,15.274825382957419,1.1227084153758644,2.276381321161524,0.15564359457859464,0.75,902.3084999935236,4.987485336330252,,
20260702,30.0,8,0,tensor_nomp3d_known_order_v1,-63.048731307329376,0.00022500470239789102,0.00024384705649172476,0.00043311580534635035,2.045858629904144e-05,1.0,11231.017700003576,58.32239881250227,47.0,0.005609926162783709
20260702,30.0,8,1,grid_fft_topk_plus_ls,-4.764163099984616,14.484864474040986,1.5420460634845559,3.0004023276259635,0.1757440781591859,0.5,48.40390000026673,0.0,,
20260702,30.0,8,1,deterministic_cartesian_local_refinement_plus_ls,-13.277497325779759,14.55825590304618,1.5742642036130263,3.0694066515606324,0.17837404261693204,0.5,899.8091000103159,8.513334225795143,,
20260702,30.0,8,1,fixed_source_trained_scalar_interpolation_plus_ls,-10.923242172066502,14.531718179697556,1.5595428374474667,3.042487785967796,0.17728311037463224,0.5,841.9684000109555,6.1590790720818855,,
20260702,30.0,8,1,tensor_nomp3d_known_order_v1,-64.84112466302176,0.00015495921205388766,0.00016641607231637456,0.0001679343420893206,1.1712704777897811e-05,1.0,11693.99980000162,60.076961563037145,51.0,0.008925319389772141
20260702,30.0,8,2,grid_fft_topk_plus_ls,-5.511600761359676,17.640974360490183,2.3765272223412293,5.358469022389897,0.26286240857535326,0.5,37.460199993802235,0.0,,
20260702,30.0,8,2,deterministic_cartesian_local_refinement_plus_ls,-10.07005735228689,17.751811779394988,2.3210354726104163,5.466208214382826,0.2635464284807931,0.5,922.8858999995282,4.5584565909272134,,
20260702,30.0,8,2,fixed_source_trained_scalar_interpolation_plus_ls,-10.325256737562245,17.71179216225146,2.3401249767295367,5.4259985018525585,0.2632298692795743,0.5,943.7038000032771,4.813655976202569,,
20260702,30.0,8,2,tensor_nomp3d_known_order_v1,-65.06908077585695,0.00046546284581774384,0.00031344432320201785,0.0002502200531731856,2.14043208255369e-05,1.0,11697.40640000964,59.55748001449727,50.0,0.00983045147942196
20260702,30.0,8,3,grid_fft_topk_plus_ls,-6.693690414939001,5.842131364868859,1.475524258702272,5.3704294659371605,0.1968585215845749,0.375,47.82070001238026,0.0,,
20260702,30.0,8,3,deterministic_cartesian_local_refinement_plus_ls,-13.111030851732135,5.8899283309831505,1.6659977257568295,5.418172766432945,0.20402922130019988,0.625,916.9815000059316,6.417340436793134,,
20260702,30.0,8,3,fixed_source_trained_scalar_interpolation_plus_ls,-13.332205266092654,5.87248635188296,1.5935692134173902,5.4000479815608,0.20125036527536597,0.625,864.0483000053791,6.638514851153653,,
20260702,30.0,8,3,tensor_nomp3d_known_order_v1,-64.57364163375343,0.0006743578889401971,0.0004325726854394753,0.0006659634936142338,3.4522500273381564e-05,1.0,11724.38559999864,57.879951218814426,49.0,0.005503319186143844
20260702,30.0,8,4,grid_fft_topk_plus_ls,-4.545356970452696,27.33816589532544,2.8834303682945914,6.158468613904074,0.33930992639988095,0.375,48.56889999064151,0.0,,
20260702,30.0,8,4,deterministic_cartesian_local_refinement_plus_ls,-11.35413987958591,25.759315809934,2.5776328716900343,7.129916647196438,0.3407308797856938,0.375,890.9316000062972,6.808782909133214,,
20260702,30.0,8,4,fixed_source_trained_scalar_interpolation_plus_ls,-9.727000001496878,25.77450535698716,2.60488400828622,7.068242341457081,0.3403554739049933,0.375,852.5092999916524,5.181643031044182,,
20260702,30.0,8,4,tensor_nomp3d_known_order_v1,-65.55533287433117,0.0003663983027244875,0.00022731274040607032,0.00016964469061707277,1.543174649626523e-05,1.0,11833.772900004988,61.00997590387848,47.0,0.010115582343106087
20260702,30.0,8,5,grid_fft_topk_plus_ls,-5.389531265298727,15.523722185186946,2.0834371290205946,2.8423125365568445,0.19888164749401882,0.75,53.97139998967759,0.0,,
20260702,30.0,8,5,deterministic_cartesian_local_refinement_plus_ls,-11.829011482646116,15.52642902860405,2.1059439477213306,2.9447661163071133,0.20126194166408304,0.75,999.0526999899885,6.4394802173473895,,
20260702,30.0,8,5,fixed_source_trained_scalar_interpolation_plus_ls,-11.326234161102203,15.524897666855749,2.0958313820444654,2.9064931622138306,0.20029675787095277,0.75,1031.279099988751,5.936702895803476,,
20260702,30.0,8,5,tensor_nomp3d_known_order_v1,-65.43008453783588,0.00025125456567733133,0.00017763612183463597,0.00015573502045975024,1.2279990284779989e-05,1.0,12422.169700002996,60.04055327253715,52.0,0.012898277926017512
20260702,30.0,8,6,grid_fft_topk_plus_ls,-6.348696824697086,13.462665682069506,2.418015600004184,4.225540403897193,0.22657887856018294,0.375,51.44229999859817,0.0,,
20260702,30.0,8,6,deterministic_cartesian_local_refinement_plus_ls,-12.792766231902895,13.394885154495821,2.367379484476631,4.197220225522617,0.22371275524624423,0.375,921.8853999918792,6.444069407205809,,
20260702,30.0,8,6,fixed_source_trained_scalar_interpolation_plus_ls,-12.505064034543699,13.419032789471169,2.3831946750448214,4.205654081958185,0.22460989675275467,0.375,895.3633000055561,6.1563672098466125,,
20260702,30.0,8,6,tensor_nomp3d_known_order_v1,-66.13006219559598,0.00013740315464087465,0.00024408119673641597,0.00022950976166739956,1.6891115851544054e-05,1.0,12410.347100012586,59.7813653708989,50.0,0.0037818317635944726
20260702,30.0,8,7,grid_fft_topk_plus_ls,-7.455602716739229,11.577912475248047,1.2178499579382225,3.9743968619160013,0.1714667540106451,0.75,48.0297000030987,0.0,,
20260702,30.0,8,7,deterministic_cartesian_local_refinement_plus_ls,-15.096828910154258,11.497024052420281,1.306880704607403,3.99544160261779,0.1741515423425621,0.75,827.6309999928344,7.641226193415029,,
20260702,30.0,8,7,fixed_source_trained_scalar_interpolation_plus_ls,-13.012303844808278,11.525801455687825,1.2711458341367554,3.987189098360486,0.17304623668732044,0.75,869.8616999899969,5.556701128069049,,
20260702,30.0,8,7,tensor_nomp3d_known_order_v1,-64.43709074717691,0.00018366427744034394,0.00032118162381802347,0.00041949296526564437,2.401808350392545e-05,1.0,11983.53070000303,56.98148803043768,48.0,0.005805423421640327
20260702,30.0,8,8,grid_fft_topk_plus_ls,-5.880340319779403,10.837809592076884,2.7187676376091883,5.571363856985735,0.25759558562919455,0.5,56.01539999770466,0.0,,
20260702,30.0,8,8,deterministic_cartesian_local_refinement_plus_ls,-14.379252827475597,10.934268906330397,2.6909834798443706,5.676198249455247,0.25893634727097264,0.625,947.3106000077678,8.498912507696193,,
20260702,30.0,8,8,fixed_source_trained_scalar_interpolation_plus_ls,-12.453347162786459,10.899493191165103,2.698540777177533,5.6377221921125935,0.2583324970121144,0.5,1013.4365999983856,6.573006843007056,,
20260702,30.0,8,8,tensor_nomp3d_known_order_v1,-66.63823014325958,0.0001338836319535225,0.00015295931463822746,0.00027537865382745605,1.290514948409394e-05,1.0,12315.904099988984,60.75788982348017,49.0,0.010593988297611602
20260702,30.0,8,9,grid_fft_topk_plus_ls,-4.833056646745285,1.9706611747368772,2.6333595537248176,4.234947336143566,0.21175380980072728,0.5,58.49510000552982,0.0,,
20260702,30.0,8,9,deterministic_cartesian_local_refinement_plus_ls,-11.971650633543756,2.0063675639645973,2.6465439756956197,4.334727192145262,0.21437188936471954,0.75,831.494300000486,7.138593986798472,,
20260702,30.0,8,9,fixed_source_trained_scalar_interpolation_plus_ls,-10.10031740423713,1.9892728728048938,2.6401781561511233,4.2974029083006124,0.21331910138320265,0.625,922.9519999935292,5.267260757491845,,
20260702,30.0,8,9,tensor_nomp3d_known_order_v1,-65.74131192291874,0.0002308444966303682,0.00034061654746572913,0.00012128601583856163,2.1698380761146247e-05,1.0,12333.348100000876,60.908255276173456,51.0,0.01012785334960688
20260702,30.0,8,10,grid_fft_topk_plus_ls,-5.491502839753163,29.28203274314942,0.9147244247241313,2.272361317312884,0.2462617960914893,0.5,56.68050001258962,0.0,,
20260702,30.0,8,10,deterministic_cartesian_local_refinement_plus_ls,-13.587805683141319,28.019007071440075,0.8374800818933354,3.277958424661795,0.2472841749823485,0.625,932.5810999871464,8.096302843388155,,
20260702,30.0,8,10,fixed_source_trained_scalar_interpolation_plus_ls,-12.169345483976699,29.390354086159558,0.8819917109425099,2.3240593420565565,0.24705283630376051,0.75,829.9091999942902,6.677842644223536,,
20260702,30.0,8,10,tensor_nomp3d_known_order_v1,-65.04877671563254,0.0003592497655194998,0.00026184517633855414,0.0003255295553328799,1.947272109151466e-05,1.0,12059.50319999829,59.55727387587938,50.0,0.004660553609122526
20260702,30.0,8,11,grid_fft_topk_plus_ls,-6.645867219091021,17.521949674606084,3.1278718221602846,3.9737385747518146,0.26902891926931366,0.75,60.21569999575149,0.0,,
20260702,30.0,8,11,deterministic_cartesian_local_refinement_plus_ls,-12.593327683091385,17.697556614123354,3.148914512325271,4.143496521085576,0.2731586671645791,0.75,845.9004999895114,5.947460464000364,,
20260702,30.0,8,11,fixed_source_trained_scalar_interpolation_plus_ls,-12.281657763815625,17.634546245022463,3.1402379361095765,4.081561063546981,0.2716047403609741,0.75,872.6015000138432,5.635790544724604,,
20260702,30.0,8,11,tensor_nomp3d_known_order_v1,-66.36932448209018,0.00019658753000759168,0.00016293034692636856,0.00015594342973760574,1.1393141488831833e-05,1.0,11880.481900006998,59.723457262999155,48.0,0.008203367924024634
20260702,30.0,8,12,grid_fft_topk_plus_ls,-4.5237369654379185,0.16759912610466626,0.2149066934853338,0.22405185561791396,0.01520351436156626,1.0,43.89600000286009,0.0,,
20260702,30.0,8,12,deterministic_cartesian_local_refinement_plus_ls,-13.7650903588895,0.036541048731543666,0.07474852496515655,0.07775290190562245,0.005273601590758328,1.0,841.1837000021478,9.241353393451583,,
20260702,30.0,8,12,fixed_source_trained_scalar_interpolation_plus_ls,-9.849428925528489,0.07139403965955701,0.11336512475606217,0.11458029783120526,0.00795825411725612,1.0,878.9033000066411,5.3256919600905706,,
20260702,30.0,8,12,tensor_nomp3d_known_order_v1,-64.25055516281824,0.0001379582529041803,0.00010944235154046235,0.00015030783714606695,8.367329108388323e-06,1.0,12283.69150000799,59.726818197380325,52.0,0.010389035572380911
20260702,30.0,8,13,grid_fft_topk_plus_ls,-4.505661591309737,6.967197962226985,1.5479185251584606,2.607120397634092,0.13769570332454628,0.75,60.780700005125254,0.0,,
20260702,30.0,8,13,deterministic_cartesian_local_refinement_plus_ls,-12.424401319852873,7.043919707779044,1.5352398381349739,2.6706162225069208,0.13856507508251623,0.875,922.8411999938544,7.918739728543136,,
20260702,30.0,8,13,fixed_source_trained_scalar_interpolation_plus_ls,-9.690617787300372,7.015817956433818,1.537428369381269,2.6455815945061416,0.13810308892586715,0.875,880.7240000023739,5.184956195990635,,
20260702,30.0,8,13,tensor_nomp3d_known_order_v1,-65.70935888285366,0.0003104840089017458,5.519393556631884e-05,0.00010988451285880736,5.438317848506217e-06,1.0,11870.793900001445,61.203697291543925,47.0,0.006017348576193017
20260702,30.0,8,14,grid_fft_topk_plus_ls,-4.590358088328425,13.647376939522877,2.2964407869906913,3.1875594525312163,0.20467146287157817,0.5,52.69090000365395,0.0,,
20260702,30.0,8,14,deterministic_cartesian_local_refinement_plus_ls,-13.446533234716483,13.682784441312743,2.25037743718239,3.337887327728203,0.20515678106114918,0.5,937.9047999973409,8.856175146388058,,
20260702,30.0,8,14,fixed_source_trained_scalar_interpolation_plus_ls,-12.37817340415371,13.669584209791735,2.2637689422838103,3.282633805709296,0.20480764550688407,0.5,878.5936999920523,7.787815315825285,,
20260702,30.0,8,14,tensor_nomp3d_known_order_v1,-64.42119574071761,0.0002740411302546793,0.00027826843311681615,0.00035714209076407493,2.077543187562161e-05,1.0,11668.179100000998,59.830837652389185,51.0,0.013563983972842619
20260702,30.0,8,15,grid_fft_topk_plus_ls,-4.905879621939056,5.9027946957710045,1.337940496282327,3.9792376643917042,0.1567876937470112,0.625,39.323900011368096,0.0,,
20260702,30.0,8,15,deterministic_cartesian_local_refinement_plus_ls,-13.620889421004964,5.864753023362377,1.3889090784555311,4.133980407102471,0.16224672485841432,0.75,764.4005000038305,8.715009799065907,,
20260702,30.0,8,15,fixed_source_trained_scalar_interpolation_plus_ls,-10.726103978026746,5.877784653631731,1.3655604505949792,4.077818185122756,0.16009913480046117,0.75,909.3434999958845,5.82022435608769,,
20260702,30.0,8,15,tensor_nomp3d_known_order_v1,-64.08074591738475,0.00014908910113662458,0.00012855105643126526,0.00040875031873136605,1.5135054186901929e-05,1.0,10655.772099999012,59.17486629544569,51.0,0.007414482471671638
20260702,30.0,8,16,grid_fft_topk_plus_ls,-5.91786294191515,14.609899015003705,1.095979037736852,5.499707999287069,0.21738871099666932,0.625,43.78100000030827,0.0,,
20260702,30.0,8,16,deterministic_cartesian_local_refinement_plus_ls,-11.473486201418243,14.661593334407,1.2347554471743265,5.424437238633849,0.21865656119822696,0.75,752.2848000080558,5.555623259503093,,
20260702,30.0,8,16,fixed_source_trained_scalar_interpolation_plus_ls,-10.795508591811432,14.642706237607536,1.1820164746973842,5.45070915120451,0.21807806378385242,0.625,798.2186000008369,4.877645649896282,,
20260702,30.0,8,16,tensor_nomp3d_known_order_v1,-65.95292555593106,0.00019823771792475275,0.00017939491508357514,0.00014911477508966638,1.2240330025482552e-05,1.0,10384.554699994624,60.035062614015914,55.0,0.00945704062831862
20260702,30.0,8,17,grid_fft_topk_plus_ls,-3.664057714860755,11.129316828761404,1.0381865063287488,3.869709606757176,0.1624619340796725,0.625,36.9353999994928,0.0,,
20260702,30.0,8,17,deterministic_cartesian_local_refinement_plus_ls,-12.727580699512695,11.096505858208292,1.1247893746306799,3.940348885147527,0.16619222306405468,0.75,804.6012999984669,9.06352298465194,,
20260702,30.0,8,17,fixed_source_trained_scalar_interpolation_plus_ls,-10.040959457814278,11.107349308409495,1.089905276051022,3.912599316475127,0.16468137143342432,0.75,730.7442000019364,6.376901742953523,,
20260702,30.0,8,17,tensor_nomp3d_known_order_v1,-65.32820743424692,0.00025404620244791804,0.0003510057132314109,0.00024863638200284726,2.3357651700667532e-05,1.0,11419.132399998489,61.66414971938617,50.0,0.004797162981491253
20260702,30.0,8,18,grid_fft_topk_plus_ls,-4.6910963101909395,1.449623493671291,1.5359914588993286,2.5302573574920455,0.12488517913763574,0.875,43.862299993634224,0.0,,
20260702,30.0,8,18,deterministic_cartesian_local_refinement_plus_ls,-12.777673751490983,1.6010180211969713,1.4404095546789377,2.5233729301230694,0.12032967959460202,0.875,794.5191000035265,8.086577441300044,,
20260702,30.0,8,18,fixed_source_trained_scalar_interpolation_plus_ls,-10.588904598597818,1.5452174827954797,1.4704095562636965,2.524400160314142,0.12171561809522335,0.875,840.3613999980735,5.897808288406878,,
20260702,30.0,8,18,tensor_nomp3d_known_order_v1,-65.1895728012377,0.00015984737504689002,0.00032572991972684625,0.0002589022352081685,2.1942468249148627e-05,1.0,11422.268799986341,60.49847649104676,48.0,0.009105997302869925
20260702,30.0,8,19,grid_fft_topk_plus_ls,-5.516049650845871,0.1609759402479349,0.21201443057038058,0.1639827529637973,0.014262823064222396,1.0,36.009600007673725,0.0,,
20260702,30.0,8,19,deterministic_cartesian_local_refinement_plus_ls,-14.737971173857428,0.053503046241573024,0.07315510592103278,0.054580903767155756,0.004897849510426716,1.0,818.5789999988629,9.221921523011556,,
20260702,30.0,8,19,fixed_source_trained_scalar_interpolation_plus_ls,-12.001093909752289,0.06199754337655892,0.09669059671478245,0.08472016386155638,0.0066154133984314065,1.0,830.9341999993194,6.4850442589064174,,
20260702,30.0,8,19,tensor_nomp3d_known_order_v1,-64.45232564998965,0.00017094600748114437,0.0001484546609779464,0.0001846109746724217,1.1007045241443592e-05,1.0,8485.41719999048,58.936275999143774,55.0,0.006214558970641432
20260703,0.0,2,0,grid_fft_topk_plus_ls,-5.366270871252209,0.12989163390801903,0.09557561912730485,0.2287481264668191,0.009370779833128257,1.0,8.621300003142096,0.0,,
20260703,0.0,2,0,deterministic_cartesian_local_refinement_plus_ls,-13.103662731385452,0.05371349741627223,0.09557561912730485,0.03827680806904732,0.006106495577842115,1.0,142.04049999534618,7.7373918601332425,,
20260703,0.0,2,0,fixed_source_trained_scalar_interpolation_plus_ls,-11.017561454956699,0.04555436864714948,0.09557561912730485,0.08966991336068446,0.006607671121966133,1.0,143.52409999992233,5.65129058370449,,
20260703,0.0,2,0,tensor_nomp3d_known_order_v1,-44.054070164622765,0.004867467002634264,0.002173659090645934,0.0016579857664170605,0.00015028896924670503,1.0,711.9615999981761,38.68779929337055,7.0,0.9930720845139401
20260703,0.0,2,1,grid_fft_topk_plus_ls,-4.848133749591638,0.17437173976933681,0.1123832709351432,0.2678168980990743,0.011010747290140115,1.0,7.134200001019053,0.0,,
20260703,0.0,2,1,deterministic_cartesian_local_refinement_plus_ls,-18.512550401579958,0.023427199641608,0.046720043764693304,0.04344593176267677,0.0032254028711265464,1.0,146.07000000250991,13.664416651988319,,
20260703,0.0,2,1,fixed_source_trained_scalar_interpolation_plus_ls,-11.545918986272358,0.0736316603777458,0.010267030036972435,0.12352606870641938,0.0039552166664077815,1.0,139.10929999838118,6.69778523668072,,
20260703,0.0,2,1,tensor_nomp3d_known_order_v1,-36.83705105905302,0.005608438120193923,0.0015963624672931998,0.0029771234081931567,0.000143282757727189,1.0,841.5630999952555,31.988917309461378,6.0,1.4835815895391722
20260703,0.0,2,2,grid_fft_topk_plus_ls,-7.691642649566378,9.916388917293748,4.158448166990374,1.2628667163385696,0.2740600414047669,0.5,11.119800008600578,0.0,,
20260703,0.0,2,2,deterministic_cartesian_local_refinement_plus_ls,-9.94302153029577,10.23346629225422,4.158448166990374,1.2628667163385696,0.2747705656820283,0.5,148.1324000051245,2.2513788807293915,,
20260703,0.0,2,2,fixed_source_trained_scalar_interpolation_plus_ls,-9.844536968174527,10.119631528215645,4.158448166990374,1.2628667163385696,0.27451311811404566,0.5,157.26179999182932,2.1528943186081486,,
20260703,0.0,2,2,tensor_nomp3d_known_order_v1,-39.717068002332844,0.0023959107082421904,0.0025877493402090097,0.015562586142435386,0.0005128606279683261,1.0,998.4876000089571,32.02542535276647,7.0,0.8914388695411515
20260703,0.0,2,3,grid_fft_topk_plus_ls,-8.31093015807503,0.0998948004566232,0.1281497329367479,0.16475617086712466,0.009553391175513086,1.0,10.86530000611674,0.0,,
20260703,0.0,2,3,deterministic_cartesian_local_refinement_plus_ls,-12.065629818621808,0.09797679584235505,0.06927337715460026,0.050234806450734366,0.004668576876337276,1.0,181.47560000943486,3.7546996605467786,,
20260703,0.0,2,3,fixed_source_trained_scalar_interpolation_plus_ls,-15.493060159655997,0.06258633121215175,0.05605948639473525,0.07430715980969806,0.004231696986610298,1.0,171.91770000499673,7.182130001580967,,
20260703,0.0,2,3,tensor_nomp3d_known_order_v1,-39.67607574832633,0.0008387110346178844,0.0012425143274681892,0.002710996220423955,0.00011511217646025223,1.0,979.9823000066681,31.365145590251302,7.0,0.7856497277205978
20260703,0.0,2,4,grid_fft_topk_plus_ls,-8.415772852672102,0.07437496272146722,0.1744369347466274,0.17680314429416258,0.012236203002003444,1.0,10.293600003933534,0.0,,
20260703,0.0,2,4,deterministic_cartesian_local_refinement_plus_ls,-13.27238419469116,0.07437496272146722,0.05809042360498435,0.06210053400491362,0.004157564732683705,1.0,148.133400012739,4.8566113420190575,,
20260703,0.0,2,4,fixed_source_trained_scalar_interpolation_plus_ls,-13.988626663940842,0.07437496272146722,0.03775329445160331,0.08860365822821284,0.003683999982465947,1.0,148.26149999862537,5.57285381126874,,
20260703,0.0,2,4,tensor_nomp3d_known_order_v1,-40.27171910794195,0.004828228548625367,0.002050646110061077,0.0016409131253211807,0.00014310378080985867,1.0,1046.2471999926493,31.855946255269846,7.0,0.692454005670758
20260703,0.0,2,5,grid_fft_topk_plus_ls,-6.30296682076251,0.12399766325786563,0.151123734392839,0.2471853117356919,0.012240073884471571,1.0,11.215999998967163,0.0,,
20260703,0.0,2,5,deterministic_cartesian_local_refinement_plus_ls,-12.855365559469135,0.048731162202324645,0.07703682747190273,0.09609090252584805,0.005687205785794532,1.0,211.69189999636728,6.552398738706625,,
20260703,0.0,2,5,fixed_source_trained_scalar_interpolation_plus_ls,-16.62397556118522,0.034809749793343066,0.01873384960524859,0.06732647487162013,0.0024231176490065714,1.0,202.5595000013709,10.321008740422709,,
20260703,0.0,2,5,tensor_nomp3d_known_order_v1,-40.987300666112525,0.0013307457477653032,0.0011018568620683204,0.0013849690687889294,8.199879575129782e-05,1.0,1047.0055999903707,34.68433384535001,7.0,2.8245643926739445
20260703,0.0,2,6,grid_fft_topk_plus_ls,-6.385882269892517,0.12563601966408064,0.1573333323620475,0.16364471219186305,0.011126984869754974,1.0,8.338100000401028,0.0,,
20260703,0.0,2,6,deterministic_cartesian_local_refinement_plus_ls,-13.852148064483252,0.09460354784016936,0.0651460520239257,0.048872369676081835,0.004411002019649502,1.0,165.8949999982724,7.466265794590735,,
20260703,0.0,2,6,fixed_source_trained_scalar_interpolation_plus_ls,-13.401741307458535,0.07469175438507261,0.07595955190837468,0.07282977798573342,0.005297061141802651,1.0,169.65720000735018,7.015859037566018,,
20260703,0.0,2,6,tensor_nomp3d_known_order_v1,-43.04743773097173,0.001582932779057073,0.0024219339947210805,0.0012906984190969879,0.00015713985445160164,1.0,1016.3949999987381,36.66155546107921,7.0,1.447281445027567
20260703,0.0,2,7,grid_fft_topk_plus_ls,-10.216641196121188,0.16788256744331467,0.10417924293286387,0.07414367281712476,0.007034518520115301,1.0,10.254699998768046,0.0,,
20260703,0.0,2,7,deterministic_cartesian_local_refinement_plus_ls,-15.385951926149467,0.05858345730177011,0.062187337308521155,0.07414367281712476,0.004548012663381296,1.0,182.38520000886638,5.169310730028279,,
20260703,0.0,2,7,fixed_source_trained_scalar_interpolation_plus_ls,-18.70321653335825,0.02566741938584225,0.023463393514520623,0.07414367281712476,0.0027493933254465687,1.0,179.2423000006238,8.486575337237063,,
20260703,0.0,2,7,tensor_nomp3d_known_order_v1,-39.50335673838762,0.008219905500272075,0.002338261153105755,0.0012311559737328258,0.00016419944824197277,1.0,1100.6199999974342,29.286715542266435,7.0,1.9463927593752468
20260703,0.0,2,8,grid_fft_topk_plus_ls,-4.039505094403186,0.13979263397438302,0.15566949160057142,0.31539924796076013,0.013892374462983423,1.0,9.898199990857393,0.0,,
20260703,0.0,2,8,deterministic_cartesian_local_refinement_plus_ls,-12.501322724253075,0.06506732495996861,0.07088614584953351,0.09047971060107243,0.005280285648146789,1.0,170.61939999985043,8.46181762984989,,
20260703,0.0,2,8,fixed_source_trained_scalar_interpolation_plus_ls,-9.871190459560006,0.06242619996724613,0.016318792265271102,0.1709946678768605,0.005461866450759363,1.0,192.1654000034323,5.831685365156821,,
20260703,0.0,2,8,tensor_nomp3d_known_order_v1,-45.011112250836135,0.001475677622885315,0.0010405076563402519,0.0014836529919104817,8.069493369570204e-05,1.0,924.2717000015546,40.97160715643295,7.0,1.1325779432695282
20260703,0.0,2,9,grid_fft_topk_plus_ls,-8.738919348175065,0.03481765408171284,0.22531710294658566,0.1035444292170045,0.014451846333897038,1.0,7.674199994653463,0.0,,
20260703,0.0,2,9,deterministic_cartesian_local_refinement_plus_ls,-11.922054592591675,0.03481765408171284,0.09052742981744599,0.0960930797650119,0.006411241119034323,1.0,154.00720000616275,3.1831352444166097,,
20260703,0.0,2,9,fixed_source_trained_scalar_interpolation_plus_ls,-12.592330753186394,0.03481765408171284,0.13274532931825492,0.06283508111808389,0.008530122639403276,1.0,187.02250000205822,3.853411405011329,,
20260703,0.0,2,9,tensor_nomp3d_known_order_v1,-42.66400397152135,0.0014893608791389612,0.002310431565332063,0.0015803470862503647,0.00015305645859038712,1.0,1123.5889999952633,33.92508462334629,7.0,0.28153845225111407
20260703,0.0,2,10,grid_fft_topk_plus_ls,-7.579677860834071,13.228610241589935,2.9178794002237036,0.310050207395914,0.2098396662061886,0.5,10.055100006866269,0.0,,
20260703,0.0,2,10,deterministic_cartesian_local_refinement_plus_ls,-11.244560612590554,13.228610241589935,2.9178794002237036,0.5658358920830862,0.21036034256052194,0.5,185.59029999596532,3.6648827517564833,,
20260703,0.0,2,10,fixed_source_trained_scalar_interpolation_plus_ls,-10.900300052225123,13.228610241589935,2.9178794002237036,0.45918919639708844,0.21010644984492105,0.5,183.92849998781458,3.3206221913910525,,
20260703,0.0,2,10,tensor_nomp3d_known_order_v1,-41.05624573529453,0.005049239198333277,0.003951777399262346,0.007667445986706862,0.0003463669314662609,1.0,984.7492999979295,33.47656787446046,6.0,1.8770154695507568
20260703,0.0,2,11,grid_fft_topk_plus_ls,-7.247587027228578,38.786124436514434,1.2512100978411629,6.377832780060375,0.3710226225999272,0.0,10.972500007483177,0.0,,
20260703,0.0,2,11,deterministic_cartesian_local_refinement_plus_ls,-10.543945778647268,38.941989634424445,1.4081624050400139,6.377832780060375,0.3742027282573125,0.5,157.83519999240525,3.2963587514186905,,
20260703,0.0,2,11,fixed_source_trained_scalar_interpolation_plus_ls,-11.773550325496853,38.885875096009116,1.349749567180381,6.377832780060375,0.37300380369249697,0.5,164.91239999595564,4.525963298268275,,
20260703,0.0,2,11,tensor_nomp3d_known_order_v1,-40.964907656259875,0.0037865743671723663,0.004693261245120957,0.0016422994189265456,0.0002992505057090068,1.0,866.2610000028508,33.7173206290313,5.0,3.0099773698852275
20260703,0.0,2,12,grid_fft_topk_plus_ls,-3.1825394457965173,0.2468899985157868,0.24248919050322057,0.26670225216429116,0.017403298344709824,1.0,9.307900007115677,0.0,,
20260703,0.0,2,12,deterministic_cartesian_local_refinement_plus_ls,-12.376581568505816,0.09443808208653186,0.024424121386152357,0.0911312966397045,0.003314338155738374,1.0,164.315699992585,9.194042122709298,,
20260703,0.0,2,12,fixed_source_trained_scalar_interpolation_plus_ls,-12.94398998229635,0.06540994396711323,0.09900412258961529,0.041350592115964195,0.006341867056253219,1.0,148.4197999961907,9.761450536499833,,
20260703,0.0,2,12,tensor_nomp3d_known_order_v1,-42.11604139993371,0.0012406684689891365,0.0018977420897905116,0.0010244129347028775,0.00012323490359361834,1.0,920.3558000008343,38.93350195413719,6.0,1.2162118802601445
20260703,0.0,2,13,grid_fft_topk_plus_ls,-5.591390929493459,10.459779747693846,5.640966951502905,2.7846972499709017,0.37222214415394944,0.0,10.721500002546236,0.0,,
20260703,0.0,2,13,deterministic_cartesian_local_refinement_plus_ls,-14.233325690313992,10.608924829471725,5.479995750261939,2.7846972499709017,0.3629715182886356,0.5,175.38500000955537,8.641934760820533,,
20260703,0.0,2,13,fixed_source_trained_scalar_interpolation_plus_ls,-12.342219658501383,10.554383005185603,5.537123460413981,2.7846972499709017,0.36624636193828575,0.5,172.33760000090115,6.7508287290079245,,
20260703,0.0,2,13,tensor_nomp3d_known_order_v1,-39.34025320182229,0.010187264075062855,0.0038581560729279516,0.010066375743169976,0.0004042736367939991,1.0,913.814800005639,33.748862272328836,5.0,1.8442962568024226
20260703,0.0,2,14,grid_fft_topk_plus_ls,-6.493157348482358,25.558791351871065,1.2628859583905523,8.400856780021979,0.33914840051638684,0.5,11.811000003945082,0.0,,
20260703,0.0,2,14,deterministic_cartesian_local_refinement_plus_ls,-11.284148093306541,25.876132360248512,1.2628859583905523,8.241435612368306,0.336789144104515,0.5,175.30709999846295,4.7909907448241835,,
20260703,0.0,2,14,fixed_source_trained_scalar_interpolation_plus_ls,-12.233075008667978,25.76238339935326,1.2628859583905523,8.298172065832375,0.3376163837390863,0.5,171.77130001073238,5.73991766018562,,
20260703,0.0,2,14,tensor_nomp3d_known_order_v1,-40.09124041190779,0.0021288195367369428,0.00791585175603796,0.008768583435654845,0.0005658011928626451,1.0,981.1707999906503,33.598083063425435,7.0,2.939702648167245
20260703,0.0,2,15,grid_fft_topk_plus_ls,-5.615223431260558,0.1766841496720909,0.17941695336980237,0.03208340074515649,0.011342596264329954,1.0,8.030700002564117,0.0,,
20260703,0.0,2,15,deterministic_cartesian_local_refinement_plus_ls,-19.50548286219464,0.07724618424785515,0.06504264524123905,0.03208340074515649,0.004230246282191671,1.0,166.02760000387207,13.890259430934082,,
20260703,0.0,2,15,fixed_source_trained_scalar_interpolation_plus_ls,-13.162423580303786,0.05806904073959947,0.09178309372368715,0.03208340074515649,0.005841045549049356,1.0,174.57719999947585,7.547200149043228,,
20260703,0.0,2,15,tensor_nomp3d_known_order_v1,-41.474806416522995,0.003761715960673906,0.001049404258806307,0.00015285612657204298,7.202951377098921e-05,1.0,949.9778000026708,35.859582985262435,6.0,0.6544860884592292
20260703,0.0,2,16,grid_fft_topk_plus_ls,-3.813813128413625,0.18018615843945587,0.2447294182678417,0.2619456983806751,0.017405287571401713,1.0,12.194700000691228,0.0,,
20260703,0.0,2,16,deterministic_cartesian_local_refinement_plus_ls,-17.84259414023436,0.05072584698732739,0.023822421989797168,0.043333315814098834,0.0020512541155600934,1.0,175.8914999954868,14.028781011820737,,
20260703,0.0,2,16,fixed_source_trained_scalar_interpolation_plus_ls,-10.855399319353694,0.0405085563450577,0.10086634371848475,0.1189061129711936,0.00732459602051892,1.0,159.81169999577105,7.041586190940069,,
20260703,0.0,2,16,tensor_nomp3d_known_order_v1,-40.0171652642588,0.0022166285357153458,0.0010951802800483834,0.0030855426751383937,0.00011950967171411143,1.0,1010.5618999950821,36.20335213584517,6.0,2.016249130979093
20260703,0.0,2,17,grid_fft_topk_plus_ls,-5.814116882004625,0.22364664482602606,0.15119932002761055,0.18395248631235245,0.011198212773602124,1.0,11.237700004130602,0.0,,
20260703,0.0,2,17,deterministic_cartesian_local_refinement_plus_ls,-15.487138481117995,0.043957176724519986,0.010092502297995127,0.06818370212219324,0.002248527346239025,1.0,169.40060000342783,9.673021599113369,,
20260703,0.0,2,17,fixed_source_trained_scalar_interpolation_plus_ls,-11.687632250593197,0.0866841301474694,0.04932792402977741,0.09634783052395315,0.00436220388212371,1.0,199.87559999572113,5.8735153685885715,,
20260703,0.0,2,17,tensor_nomp3d_known_order_v1,-42.57024275125747,0.002288669769463528,0.001883531648111801,0.001636051902173034,0.00012958319331875598,1.0,974.5048000040697,36.75612586925284,5.0,2.6265723861986174
20260703,0.0,2,18,grid_fft_topk_plus_ls,-3.9333105769746486,0.2210622835986041,0.26017334145040744,0.12124377897626115,0.01678549782344419,1.0,12.706000008620322,0.0,,
20260703,0.0,2,18,deterministic_cartesian_local_refinement_plus_ls,-13.00541377664148,0.0634501351642323,0.035199634867387,0.08784278611452413,0.003552622302530549,1.0,181.084900003043,9.072103199666833,,
20260703,0.0,2,18,fixed_source_trained_scalar_interpolation_plus_ls,-8.859596382896132,0.1194356760392626,0.1157465721272789,0.06632329293722321,0.007582837456643775,1.0,164.4497999950545,4.926285805921484,,
20260703,0.0,2,18,tensor_nomp3d_known_order_v1,-44.046953499892396,0.0011297968867010563,0.00305306099185564,0.0014189530421764012,0.00019609949189474153,1.0,996.6038999991724,40.11364292291775,7.0,0.8469229885203761
20260703,0.0,2,19,grid_fft_topk_plus_ls,-6.593452982123128,0.02050071076724757,0.2251141749899683,0.1617852774083905,0.014951298234749796,1.0,11.56759999867063,0.0,,
20260703,0.0,2,19,deterministic_cartesian_local_refinement_plus_ls,-14.771549335838197,0.02050071076724757,0.09124137530370943,0.030355352830429963,0.005783164308155104,1.0,185.98769999516662,8.17809635371507,,
20260703,0.0,2,19,fixed_source_trained_scalar_interpolation_plus_ls,-13.436406796968711,0.02050071076724757,0.10887421203403129,0.06438758590631284,0.0070977002251210826,1.0,184.8733000078937,6.8429538148455835,,
20260703,0.0,2,19,tensor_nomp3d_known_order_v1,-39.67202850802711,0.002046501121755635,0.0024343921818295454,0.003092123969191028,0.00018094816529512804,1.0,985.3530000109458,33.078575525903986,6.0,1.435968161039951
20260703,0.0,4,0,grid_fft_topk_plus_ls,-4.3882685454067625,20.17590178132951,1.6458470368611466,5.349782050421667,0.25174606298728475,0.75,20.58900000702124,0.0,,
20260703,0.0,4,0,deterministic_cartesian_local_refinement_plus_ls,-12.804433246769083,20.287521226743785,1.8589660641949095,5.4589447947578025,0.2602340207121487,0.75,351.97150000021793,8.41616470136232,,
20260703,0.0,4,0,fixed_source_trained_scalar_interpolation_plus_ls,-12.663281288718856,20.247120324069044,1.7798666580844897,5.419034865271443,0.2570476490624438,0.75,334.5260999922175,8.275012743312093,,
20260703,0.0,4,0,tensor_nomp3d_known_order_v1,-38.730158393451035,0.002733318215172226,0.009698483830577994,0.004842783954207002,0.0006251264326447533,1.0,2709.4119999965187,34.341889848044275,18.0,8.631264112833053
20260703,0.0,4,1,grid_fft_topk_plus_ls,-4.373197789901666,0.22639591358090827,0.19784026058232326,0.23284974559518043,0.014455802900844233,1.0,13.796400002320297,0.0,,
20260703,0.0,4,1,deterministic_cartesian_local_refinement_plus_ls,-12.71469720974774,0.07862975033007337,0.06174151897580149,0.08441978085760943,0.004714627225673824,1.0,290.2633000048809,8.341499419846073,,
20260703,0.0,4,1,fixed_source_trained_scalar_interpolation_plus_ls,-11.576266747193909,0.044251009531666136,0.06946903727231095,0.12353979071490294,0.005820244583356651,1.0,320.00979999429546,7.203068957292243,,
20260703,0.0,4,1,tensor_nomp3d_known_order_v1,-39.95728805869281,0.002517189644185734,0.002625386810088973,0.0025127562792354855,0.00018296757034404017,1.0,2582.816599999205,35.584090268791144,18.0,8.332623771633623
20260703,0.0,4,2,grid_fft_topk_plus_ls,-3.8896361196999374,12.352519525020112,2.53913659538069,7.375802500414624,0.2960149834029544,0.75,13.079199998173863,0.0,,
20260703,0.0,4,2,deterministic_cartesian_local_refinement_plus_ls,-10.806274471646642,12.462871942619767,2.530519531212423,7.5995294882003765,0.3014850344148511,0.75,307.8912000055425,6.9166383519467045,,
20260703,0.0,4,2,fixed_source_trained_scalar_interpolation_plus_ls,-8.128871800763749,12.423001215661403,2.532460017026761,7.51921505308316,0.2994749554496042,0.75,331.98540000012144,4.239235681063811,,
20260703,0.0,4,2,tensor_nomp3d_known_order_v1,-39.773294951908646,0.0015339150628818664,0.002872159893425796,0.003646797349683805,0.00021296685088807057,1.0,2638.9320000016596,35.88365883220871,15.0,3.167766560773024
20260703,0.0,4,3,grid_fft_topk_plus_ls,-5.00545513101359,0.2542806364531197,0.13912169620935788,0.16807907705107045,0.010350834370462551,1.0,12.832399996113963,0.0,,
20260703,0.0,4,3,deterministic_cartesian_local_refinement_plus_ls,-14.118011770464339,0.07283447736900124,0.04421000010152318,0.07232683447543892,0.0036148593667934804,1.0,320.07879999582656,9.112556639450748,,
20260703,0.0,4,3,fixed_source_trained_scalar_interpolation_plus_ls,-11.224014431387715,0.12215435126400671,0.0486511802039249,0.08749667369838433,0.004199146885433467,1.0,326.6678999934811,6.2185593003741255,,
20260703,0.0,4,3,tensor_nomp3d_known_order_v1,-37.75811345260683,0.001303104369945746,0.002057962189731397,0.006561502706139125,0.0002422636600463747,1.0,2640.438799993717,32.75265832159324,18.0,5.772267180198178
20260703,0.0,4,4,grid_fft_topk_plus_ls,-4.731557218235902,0.14443235493032233,0.24968215241342714,0.19887326718517523,0.016834995388606666,1.0,18.356699991272762,0.0,,
20260703,0.0,4,4,deterministic_cartesian_local_refinement_plus_ls,-17.650631303942145,0.05788501688934782,0.031172597598166468,0.05148096916875244,0.0025668086393811212,1.0,319.0522999939276,12.919074085706242,,
20260703,0.0,4,4,fixed_source_trained_scalar_interpolation_plus_ls,-11.907992604799206,0.029886814179432664,0.10635001477800074,0.08447548881685553,0.007155720309124363,1.0,297.6533000037307,7.176435386563305,,
20260703,0.0,4,4,tensor_nomp3d_known_order_v1,-38.999874257389465,0.0018209823055533717,0.0031558134973833944,0.0030027493928303094,0.00021888475262938205,1.0,2658.167199988384,34.268317039153565,15.0,3.9472514178248126
20260703,0.0,4,5,grid_fft_topk_plus_ls,-4.957812679130635,24.89083473154189,3.5801070969287574,0.6674749112683892,0.2971812456806886,0.75,15.618999997968785,0.0,,
20260703,0.0,4,5,deterministic_cartesian_local_refinement_plus_ls,-10.754502430306417,25.115161891910617,3.5801070969287574,0.7623036135565778,0.2985527982525842,0.75,347.95939999457914,5.796689751175782,,
20260703,0.0,4,5,fixed_source_trained_scalar_interpolation_plus_ls,-9.07280930608431,25.03471713067855,3.5801070969287574,0.7237605630383602,0.29804631269253373,0.75,323.48829999682494,4.114996626953674,,
20260703,0.0,4,5,tensor_nomp3d_known_order_v1,-40.45909131836189,0.002408887290030314,0.002301772305570341,0.0034893886567209124,0.00018149532779562118,1.0,2738.3016999956453,35.50127863923126,17.0,5.211301175039652
20260703,0.0,4,6,grid_fft_topk_plus_ls,-8.120046338682197,25.66101743686241,0.09663733758633504,7.630272935010425,0.311582886519975,0.5,16.906699995161034,0.0,,
20260703,0.0,4,6,deterministic_cartesian_local_refinement_plus_ls,-11.63329897321546,25.884037994914465,0.09663733758633504,7.630183766544965,0.31270465695976074,0.75,306.7253999906825,3.513252634533263,,
20260703,0.0,4,6,fixed_source_trained_scalar_interpolation_plus_ls,-14.210015603984838,25.803892894457544,0.09663733758633504,7.630025060169424,0.3122963290206776,0.75,333.87329999823123,6.08996926530264,,
20260703,0.0,4,6,tensor_nomp3d_known_order_v1,-39.12568298520987,0.008965330460632926,0.007411921368718194,0.0035421745447412126,0.0004814091517494401,1.0,2818.9133999985643,31.005636646527673,18.0,3.595640613924135
20260703,0.0,4,7,grid_fft_topk_plus_ls,-5.0136838749637125,8.847467767517394,1.0572000393151697,6.50462937646307,0.2246378300154709,0.75,15.643899998394772,0.0,,
20260703,0.0,4,7,deterministic_cartesian_local_refinement_plus_ls,-12.587808808676408,9.069726303702245,1.0517957983878778,6.615300257749371,0.228207478792148,0.75,345.9201000077883,7.574124933712696,,
20260703,0.0,4,7,fixed_source_trained_scalar_interpolation_plus_ls,-10.48410594432315,8.989638789464523,1.0523528306424477,6.575221618330779,0.22688915158735923,0.75,367.1580000082031,5.470422069359438,,
20260703,0.0,4,7,tensor_nomp3d_known_order_v1,-38.51718967638658,0.0036862835342148757,0.001737409323353175,0.0017600663243613724,0.00012508392099728002,1.0,2612.419500001124,33.50350580142287,14.0,6.300144857359327
20260703,0.0,4,8,grid_fft_topk_plus_ls,-9.104259734795638,2.1673903435595365,3.440612426922266,5.609954121509472,0.27796069504374654,0.5,16.405399990617298,0.0,,
20260703,0.0,4,8,deterministic_cartesian_local_refinement_plus_ls,-13.067049240743067,2.16434653744627,3.535101551024641,5.496651035405126,0.2803696626065133,0.75,364.03250000148546,3.9627895059474287,,
20260703,0.0,4,8,fixed_source_trained_scalar_interpolation_plus_ls,-12.71414202115584,2.1647651286258576,3.4994822445629965,5.5369637219977585,0.2793972991356659,0.75,368.42389999947045,3.609882286360202,,
20260703,0.0,4,8,tensor_nomp3d_known_order_v1,-37.43533372548392,0.004282764237264503,0.011299901284491227,0.0039431492270423345,0.0007176934362836128,1.0,2647.939200003748,28.33107399068828,17.0,2.6430600763553436
20260703,0.0,4,9,grid_fft_topk_plus_ls,-6.366405505444785,18.1241170905944,0.3936795668042812,3.913356895336579,0.1887058176382001,0.5,16.016499997931533,0.0,,
20260703,0.0,4,9,deterministic_cartesian_local_refinement_plus_ls,-15.925111125900365,18.236076771751414,0.14229685957028024,3.9113344980223794,0.1879270842795951,0.75,356.89380000985693,9.55870562045558,,
20260703,0.0,4,9,fixed_source_trained_scalar_interpolation_plus_ls,-16.406131198051877,18.195745613847926,0.2259193053619124,3.911315091603879,0.18800807796883068,0.75,333.66400000522844,10.039725692607092,,
20260703,0.0,4,9,tensor_nomp3d_known_order_v1,-38.16898965028606,0.006314745006227765,0.0371585966527449,0.021276291633262716,0.0024162167889171205,1.0,2478.003699987312,31.802584144841273,15.0,3.8443888315440717
20260703,0.0,4,10,grid_fft_topk_plus_ls,-4.485944029012201,23.816288817808037,2.8017414287497204,3.2368184562135416,0.2747992691916135,0.5,16.312099993228912,0.0,,
20260703,0.0,4,10,deterministic_cartesian_local_refinement_plus_ls,-14.345542464795455,23.95982443236363,2.7354232860524346,3.28784408134212,0.2735395436299491,0.5,321.8061000079615,9.859598435783255,,
20260703,0.0,4,10,fixed_source_trained_scalar_interpolation_plus_ls,-10.836993012762079,23.908100295054965,2.7577718224289214,3.267884357425867,0.2739060603326512,0.5,373.0524999991758,6.3510489837498785,,
20260703,0.0,4,10,tensor_nomp3d_known_order_v1,-36.691585002131056,0.00600939512826633,0.0021682125525248263,0.005059500292926775,0.00021346329860739882,1.0,2751.7631000082474,32.205640973118854,16.0,5.22308988665173
20260703,0.0,4,11,grid_fft_topk_plus_ls,-3.5283462562169894,18.39545953128953,3.4033486927386223,2.8613451870248037,0.27183545651223734,0.5,15.989899999112822,0.0,,
20260703,0.0,4,11,deterministic_cartesian_local_refinement_plus_ls,-11.084069757578096,18.504480237549007,3.2845599852338965,2.8543414013552653,0.26645383340768625,0.75,347.0909999887226,7.555723501361106,,
20260703,0.0,4,11,fixed_source_trained_scalar_interpolation_plus_ls,-7.969991167485145,18.465043389146757,3.3258343305798057,2.8558328051116186,0.2682960213587779,0.75,344.6537999989232,4.441644911268156,,
20260703,0.0,4,11,tensor_nomp3d_known_order_v1,-38.361348046977746,0.006518913186690354,0.009790877779693716,0.0029183915382142507,0.0006207812101048443,1.0,2727.0509999943897,34.833001790760754,15.0,3.526503864898439
20260703,0.0,4,12,grid_fft_topk_plus_ls,-3.7404833219560323,14.899532738233088,0.6693954586165196,6.385094756363652,0.23476332602121694,0.75,12.198399999761023,0.0,,
20260703,0.0,4,12,deterministic_cartesian_local_refinement_plus_ls,-9.259947606171403,14.786410084329724,0.6525347000716882,6.60463598347629,0.2400140230528318,0.75,312.01100000180304,5.5194642842153705,,
20260703,0.0,4,12,fixed_source_trained_scalar_interpolation_plus_ls,-7.513100666888244,14.826721974600908,0.656409588306927,6.524642351023996,0.23806251698540426,0.75,308.95109999983106,3.7726173449322116,,
20260703,0.0,4,12,tensor_nomp3d_known_order_v1,-39.78164493588765,0.0015334377472349212,0.003024670809112873,0.005127001318828349,0.0002480935925396591,1.0,2656.390099989949,36.041161613931614,16.0,2.8368545176382804
20260703,0.0,4,13,grid_fft_topk_plus_ls,-7.820580293455181,1.0398640125837464,0.5430931508100132,7.968728540045306,0.25145672766548455,0.75,15.792899997904897,0.0,,
20260703,0.0,4,13,deterministic_cartesian_local_refinement_plus_ls,-12.084182334059737,1.2565345820612581,0.5351841701363325,7.855699095079701,0.2479532950514943,0.75,361.82669999834616,4.263602040604556,,
20260703,0.0,4,13,fixed_source_trained_scalar_interpolation_plus_ls,-14.645195096381103,1.176119480382558,0.5325950908388197,7.895806032785913,0.2491486217849365,0.75,320.4219000035664,6.824614802925923,,
20260703,0.0,4,13,tensor_nomp3d_known_order_v1,-40.48959117106601,0.004639948599921212,0.0024731738757732464,0.007848273482471224,0.00029216213613677156,1.0,2685.8926999993855,32.66901087761083,19.0,2.4106325443560843
20260703,0.0,4,14,grid_fft_topk_plus_ls,-4.779955670195812,0.17524163625798705,0.213573527383603,0.1926011124127517,0.014706408933258754,1.0,13.11659999191761,0.0,,
20260703,0.0,4,14,deterministic_cartesian_local_refinement_plus_ls,-14.190463174370802,0.07570846475773674,0.05649502788463584,0.05206065311832479,0.003932449642216958,1.0,346.29869999480434,9.41050750417499,,
20260703,0.0,4,14,fixed_source_trained_scalar_interpolation_plus_ls,-10.99010817176625,0.09411457239342731,0.09825838804020758,0.05819157852414957,0.006446800028210319,1.0,386.8293999985326,6.210152501570438,,
20260703,0.0,4,14,tensor_nomp3d_known_order_v1,-39.02449425389898,0.002524699528156965,0.0022460645902055956,0.003192249182183408,0.00017334051665219983,1.0,2600.359000003664,34.24453858370317,19.0,2.8488165833507333
20260703,0.0,4,15,grid_fft_topk_plus_ls,-3.7788062000940292,11.509064635278259,3.0165605046302955,4.914721419190639,0.2592652182756879,0.25,16.44259999739006,0.0,,
20260703,0.0,4,15,deterministic_cartesian_local_refinement_plus_ls,-11.234089170655846,11.548799608255809,3.016314198194743,4.845245357242038,0.2580821151105212,0.5,315.1341000047978,7.455282970561816,,
20260703,0.0,4,15,fixed_source_trained_scalar_interpolation_plus_ls,-8.959312598709833,11.533830365090664,3.015920137515021,4.868146172263868,0.25844387072458735,0.5,348.8539999962086,5.180506398615803,,
20260703,0.0,4,15,tensor_nomp3d_known_order_v1,-39.649170476226224,0.0041906944683084,0.0016767237689043722,0.005310038681515052,0.00019897133213521288,1.0,2648.55759999773,35.87036427613219,18.0,3.4652903289235804
20260703,0.0,4,16,grid_fft_topk_plus_ls,-4.230403396511104,20.623947509137917,1.0118449194437813,7.6015879283251655,0.29392225713122616,0.5,17.23379999748431,0.0,,
20260703,0.0,4,16,deterministic_cartesian_local_refinement_plus_ls,-10.653175104880388,20.398171282582418,1.1734836553983288,7.712504485707884,0.2980999694346903,0.75,355.5483000091044,6.422771708369284,,
20260703,0.0,4,16,fixed_source_trained_scalar_interpolation_plus_ls,-10.225757038125762,20.4786641564069,1.1065240322682863,7.672402975297084,0.29642124781381013,0.75,333.772099998896,5.995353641614658,,
20260703,0.0,4,16,tensor_nomp3d_known_order_v1,-39.15040719524372,0.0033889908777424097,0.007048963496986638,0.007968198209271535,0.0005067527951942975,1.0,2805.6970999896294,34.92000379873262,18.0,1.4578196976852573
20260703,0.0,4,17,grid_fft_topk_plus_ls,-4.546093103772155,22.838013899703533,0.8677690299139645,4.156211663058391,0.2272556587825183,0.0,12.055899991537444,0.0,,
20260703,0.0,4,17,deterministic_cartesian_local_refinement_plus_ls,-9.573805674247751,22.974532871135246,0.82024077395665,4.331866791043992,0.2305851340561206,0.25,330.0569999992149,5.027712570475596,,
20260703,0.0,4,17,fixed_source_trained_scalar_interpolation_plus_ls,-8.596966611307547,22.92529739407185,0.8358312701198043,4.267413388340568,0.229327633612745,0.25,377.82540000625886,4.050873507535392,,
20260703,0.0,4,17,tensor_nomp3d_known_order_v1,-38.70986957941298,0.008179887320625264,0.0011296813815957591,0.0037612220967739793,0.00015127524822545807,1.0,2864.153099988471,34.16377647564082,16.0,5.050500326334407
20260703,0.0,4,18,grid_fft_topk_plus_ls,-5.230418840076969,23.842979360677067,2.9499916827569423,5.357268264513079,0.31099733409997127,0.75,17.524099996080622,0.0,,
20260703,0.0,4,18,deterministic_cartesian_local_refinement_plus_ls,-9.286644344864039,23.954899909748377,2.8337060567893615,5.5807372848305254,0.3111361105056144,0.75,362.3628000059398,4.0562255047870694,,
20260703,0.0,4,18,fixed_source_trained_scalar_interpolation_plus_ls,-9.658803138154985,23.91464025480222,2.874368360650751,5.500174159261334,0.31100308012933875,0.75,345.9242999961134,4.428384298078016,,
20260703,0.0,4,18,tensor_nomp3d_known_order_v1,-39.49911978689246,0.004019044829038853,0.0033443973711824292,0.0036855891363697982,0.00024071241811261403,1.0,2762.909299999592,34.268700946815486,18.0,0.7403755121655214
20260703,0.0,4,19,grid_fft_topk_plus_ls,-5.3573650086809455,0.22729417332274124,0.230960773799174,0.22247851709191507,0.016120188289471447,1.0,15.27899999928195,0.0,,
20260703,0.0,4,19,deterministic_cartesian_local_refinement_plus_ls,-14.030638283143787,0.0650322870785971,0.04989419402145026,0.08234726319225374,0.004074875266630327,1.0,328.24620000610594,8.673273274462842,,
20260703,0.0,4,19,fixed_source_trained_scalar_interpolation_plus_ls,-12.833067512719282,0.09786512580960596,0.09519691273490992,0.06798377635058896,0.00636382304147056,1.0,407.055700008641,7.4757025040383365,,
20260703,0.0,4,19,tensor_nomp3d_known_order_v1,-37.04503023925693,0.005244830309196118,0.004022359054508967,0.004313899926006658,0.00028818953882643264,1.0,2770.0146999995923,31.687665230575988,15.0,1.705207945715553
20260703,0.0,8,0,grid_fft_topk_plus_ls,-4.223284310364241,24.38650778729747,0.7125544978847297,3.4510995296767386,0.22340992780557634,0.5,32.01409999746829,0.0,,
20260703,0.0,8,0,deterministic_cartesian_local_refinement_plus_ls,-9.545325650835577,24.32770738594044,0.7685158997273648,3.5278852872193016,0.224909433852494,0.75,688.5079000057885,5.322041340471337,,
20260703,0.0,8,0,fixed_source_trained_scalar_interpolation_plus_ls,-8.175371316785577,24.348629631150995,0.7450635444340916,3.4976735152502507,0.22427766879945113,0.75,694.1431000013836,3.952087006421337,,
20260703,0.0,8,0,tensor_nomp3d_known_order_v1,-34.88472119697692,0.004772479366456097,0.0065751340473288915,0.009851202085049101,0.0005148187526540583,1.0,10660.0621999969,30.661436886612677,50.0,6.6007723949198525
20260703,0.0,8,1,grid_fft_topk_plus_ls,-5.822803288699151,6.6945257471912285,0.22529928930102563,3.5237586696669814,0.1227172675749577,0.875,33.91280000505503,0.0,,
20260703,0.0,8,1,deterministic_cartesian_local_refinement_plus_ls,-14.301483468760683,6.691414595827191,0.2367435260173427,3.522113999383277,0.12274495734902313,0.875,829.2083999986062,8.47868018006153,,
20260703,0.0,8,1,fixed_source_trained_scalar_interpolation_plus_ls,-11.328012483043942,6.691985424505729,0.1990183677077951,3.5222900731043345,0.1224899446185611,0.875,924.4986999983666,5.505209194344791,,
20260703,0.0,8,1,tensor_nomp3d_known_order_v1,-36.119744915430616,0.040794799865724624,0.004497857995951545,0.01580236658397225,0.0006515090482170589,1.0,11041.162599998643,30.296941626731464,57.0,9.992161460503482
20260703,0.0,8,2,grid_fft_topk_plus_ls,-5.490629032783626,7.839034269723063,1.7895648980702699,2.638741575442791,0.15185629013551044,0.5,35.50759999779984,0.0,,
20260703,0.0,8,2,deterministic_cartesian_local_refinement_plus_ls,-11.14614468845254,7.81921755206276,1.7916193275640355,2.5595284958161164,0.15055900257945015,0.75,603.3609999867622,5.655515655668915,,
20260703,0.0,8,2,fixed_source_trained_scalar_interpolation_plus_ls,-11.068320966523997,7.8254828971726225,1.786411202080964,2.5873286474177077,0.15080097303745765,0.75,582.7009999920847,5.577691933740371,,
20260703,0.0,8,2,tensor_nomp3d_known_order_v1,-32.592428755065406,18.354461816227488,0.5983135461867686,3.704773472313805,0.18805297277860586,0.75,9244.747999997344,27.10179972228178,54.0,12.266709771358727
20260703,0.0,8,3,grid_fft_topk_plus_ls,-5.792343892363542,10.121136248104506,0.47996875911057796,6.382457924222181,0.2166406934680259,0.625,44.70569999830332,0.0,,
20260703,0.0,8,3,deterministic_cartesian_local_refinement_plus_ls,-11.754678109710074,10.165756512478229,0.49892108545966796,6.515310712160328,0.22075835982718103,0.75,641.0958000051323,5.962334217346532,,
20260703,0.0,8,3,fixed_source_trained_scalar_interpolation_plus_ls,-11.478778767908562,10.149299812882624,0.47873570586289066,6.467040284310347,0.21914557862360495,0.75,691.6640999988886,5.68643487554502,,
20260703,0.0,8,3,tensor_nomp3d_known_order_v1,-34.68746186404992,0.0050287918886960745,0.0067189440069382045,0.012518186526799502,0.0005752567148864407,1.0,10566.25879999774,28.895117971686382,49.0,5.67863275879469
20260703,0.0,8,4,grid_fft_topk_plus_ls,-6.3984032545137985,0.19105556397339096,0.1462217499945754,0.2072389293504619,0.011299913742716213,1.0,35.02870000374969,0.0,,
20260703,0.0,8,4,deterministic_cartesian_local_refinement_plus_ls,-14.82749191413153,0.055480909544227026,0.06661584876284894,0.05858480076505536,0.004568836280178936,1.0,693.636099997093,8.429088659617731,,
20260703,0.0,8,4,fixed_source_trained_scalar_interpolation_plus_ls,-12.822463991767323,0.08816898272279573,0.05684889670420888,0.09409866860932527,0.004663229694768535,1.0,659.0450000076089,6.424060737253525,,
20260703,0.0,8,4,tensor_nomp3d_known_order_v1,-34.33832434271763,0.008099970527784594,0.004908057003821256,0.007292230865367941,0.000387340340551121,1.0,10554.682100002537,27.93992108820383,49.0,7.342298718573404
20260703,0.0,8,5,grid_fft_topk_plus_ls,-7.725901272689581,0.1663808789407391,0.17045660861937947,0.16051982037829948,0.011846948641586481,1.0,35.54140000778716,0.0,,
20260703,0.0,8,5,deterministic_cartesian_local_refinement_plus_ls,-15.453521874812141,0.06937446129258978,0.05673406347845131,0.0536423057122108,0.003959427262592546,1.0,795.2273999981117,7.727620602122561,,
20260703,0.0,8,5,fixed_source_trained_scalar_interpolation_plus_ls,-13.447498452166347,0.07569121382235072,0.08156022063948246,0.08191407249026633,0.005734716962351744,1.0,831.2105999939376,5.721597179476766,,
20260703,0.0,8,5,tensor_nomp3d_known_order_v1,-35.139139222230654,0.004897856394775738,0.0033415486892419406,0.0064103165286978,0.0002919078891021999,1.0,12890.171899998677,27.413237949541074,51.0,8.249252619349434
20260703,0.0,8,6,grid_fft_topk_plus_ls,-5.4184268033458665,10.66331849528695,2.411671868428286,2.854520938123596,0.19395045621528773,0.625,47.95690000173636,0.0,,
20260703,0.0,8,6,deterministic_cartesian_local_refinement_plus_ls,-11.02510037541921,8.154781571323936,2.058506649612122,4.358125156885565,0.19788760495084587,0.625,879.6950999967521,5.606673572073344,,
20260703,0.0,8,6,fixed_source_trained_scalar_interpolation_plus_ls,-10.065587717343803,10.662833507906742,2.45677062665376,2.9521381429666973,0.19755341547791477,0.75,946.8885999958729,4.647160913997936,,
20260703,0.0,8,6,tensor_nomp3d_known_order_v1,-35.40001973136545,0.0032996316899307973,0.004333865879490254,0.007627740819454942,0.00036173474847853545,1.0,11663.52969998843,29.98159292801958,53.0,11.313302860356004
20260703,0.0,8,7,grid_fft_topk_plus_ls,-5.524563346999091,9.962546356535471,1.3216294284369468,2.744645711294133,0.1422584578579736,0.625,46.6082000057213,0.0,,
20260703,0.0,8,7,deterministic_cartesian_local_refinement_plus_ls,-13.410587948454076,0.6349689080004364,1.2293407314810891,3.985093092112802,0.14641310544165873,0.875,885.0139999995008,7.886024601454984,,
20260703,0.0,8,7,fixed_source_trained_scalar_interpolation_plus_ls,-11.892998700406004,9.958160783288267,1.3669188910216457,2.815604639554933,0.14523455198155039,0.75,914.9784000037471,6.3684353534069125,,
20260703,0.0,8,7,tensor_nomp3d_known_order_v1,-33.65441034324653,0.007295342575140479,0.009566566026872588,0.013711235534814813,0.0007377919830723962,1.0,12268.97230000759,28.12984699624744,48.0,5.936574313293312
20260703,0.0,8,8,grid_fft_topk_plus_ls,-4.284410256981351,20.22067289248273,2.786344214127429,3.2795267062495848,0.2564878421739818,0.75,39.94660000898875,0.0,,
20260703,0.0,8,8,deterministic_cartesian_local_refinement_plus_ls,-13.995824934384151,20.426113088819697,2.9176184460583623,3.370177892114503,0.26421448955473575,0.75,882.5590000051307,9.7114146774028,,
20260703,0.0,8,8,fixed_source_trained_scalar_interpolation_plus_ls,-12.702138251089268,20.352144080175826,2.8687675019583563,3.3358209015324687,0.2613350630609926,0.75,780.5430000007618,8.417727994107917,,
20260703,0.0,8,8,tensor_nomp3d_known_order_v1,-35.068048980207124,0.024418832838517403,0.007309964580842046,0.003578966603105246,0.0005075781122186389,1.0,10654.385900008492,30.78363872322577,47.0,7.796775128548343
20260703,0.0,8,9,grid_fft_topk_plus_ls,-5.74949949175304,9.669316998353377,1.8547524200286545,4.289514298389693,0.19264767006293462,0.625,40.711399997235276,0.0,,
20260703,0.0,8,9,deterministic_cartesian_local_refinement_plus_ls,-12.521565603570474,10.745235326852324,2.0834456109950446,3.806372936964704,0.1953255308915391,0.625,668.0458000046201,6.772066111817434,,
20260703,0.0,8,9,fixed_source_trained_scalar_interpolation_plus_ls,-11.814940099652578,9.632154379223484,1.9100361112093363,4.286405899216203,0.19456702028409462,0.75,641.9039000029443,6.0654406078995375,,
20260703,0.0,8,9,tensor_nomp3d_known_order_v1,-34.57235277979562,0.006881162091874551,0.007058771448689262,0.00821898994534578,0.0005133151032067056,1.0,11185.462599998573,28.82285328804258,52.0,6.447484558920477
20260703,0.0,8,10,grid_fft_topk_plus_ls,-5.947656688890866,18.623772629391603,1.9233492326603965,5.2089563277057245,0.24923343763831785,0.375,48.89589999220334,0.0,,
20260703,0.0,8,10,deterministic_cartesian_local_refinement_plus_ls,-11.37434726305563,18.735077115981948,2.004056535929019,5.368163742235847,0.2554481490530049,0.625,880.8036999980686,5.426690574164764,,
20260703,0.0,8,10,fixed_source_trained_scalar_interpolation_plus_ls,-11.125277301992684,18.695102803915887,1.9729570941496781,5.31005982727957,0.2531272250167872,0.625,816.386100006639,5.177620613101817,,
20260703,0.0,8,10,tensor_nomp3d_known_order_v1,-35.340481869698216,0.009371435882572398,0.027272462547565643,0.01885794399453333,0.0018050114410266408,1.0,11899.296000003233,29.39282518080735,44.0,4.471044027752685
20260703,0.0,8,11,grid_fft_topk_plus_ls,-4.700193012518886,17.350498172282492,1.4671329038096037,3.9275546236310617,0.20456362622860988,0.625,39.16330001084134,0.0,,
20260703,0.0,8,11,deterministic_cartesian_local_refinement_plus_ls,-13.24334658435394,17.26254664914641,1.4672054159356243,3.977480510747076,0.20505296082384517,0.625,854.6232999942731,8.543153571835054,,
20260703,0.0,8,11,fixed_source_trained_scalar_interpolation_plus_ls,-10.898091385519901,17.2938394497969,1.4646988306843276,3.957838213140744,0.20477254712650925,0.625,893.360499991104,6.197898373001015,,
20260703,0.0,8,11,tensor_nomp3d_known_order_v1,-34.143163280562725,0.006361900175639299,0.00585934187313879,0.011742250723477227,0.0005207956762399308,1.0,11104.680599994026,29.442970268043837,50.0,10.762488826848728
20260703,0.0,8,12,grid_fft_topk_plus_ls,-4.725053568339373,15.885752596770073,2.4609612462459047,2.47136532812331,0.21219023511678042,0.5,36.371799986227416,0.0,,
20260703,0.0,8,12,deterministic_cartesian_local_refinement_plus_ls,-11.559000379448854,15.914344116373021,2.637053147633312,2.496566197030523,0.22070153324829211,0.625,780.2526000014041,6.833946811109481,,
20260703,0.0,8,12,fixed_source_trained_scalar_interpolation_plus_ls,-10.068176444103008,15.903974770557905,2.572273962677439,2.483182199636167,0.21749886187914327,0.625,774.8394000082044,5.343122875763635,,
20260703,0.0,8,12,tensor_nomp3d_known_order_v1,-35.0450225746333,0.009626252467205639,0.015452453164672036,0.00367963079401569,0.000975502907179158,1.0,12274.271600006614,30.319969006293928,52.0,10.209176173788078
20260703,0.0,8,13,grid_fft_topk_plus_ls,-4.6812398618484075,10.259665436475018,2.5175483943092587,5.719262591021563,0.2512487565755344,0.75,51.37060000561178,0.0,,
20260703,0.0,8,13,deterministic_cartesian_local_refinement_plus_ls,-10.390997496219585,10.24870586245797,2.5132964112940925,5.793252555820187,0.2527063645037537,0.75,1077.7782000077423,5.709757634371178,,
20260703,0.0,8,13,fixed_source_trained_scalar_interpolation_plus_ls,-9.041272192650782,10.251922226578575,2.513952037578683,5.76560601388856,0.2521216639399364,0.75,936.9334000075469,4.360032330802374,,
20260703,0.0,8,13,tensor_nomp3d_known_order_v1,-34.59067250104505,0.005175965694943692,0.005929235982853222,0.004656632578022779,0.00040017330002339256,1.0,10087.400999997044,29.90943263919664,51.0,4.391905807590851
20260703,0.0,8,14,grid_fft_topk_plus_ls,-6.5839184708086,4.012611148844729,1.8294618805872929,4.003388878317709,0.172360567276765,0.875,47.37409998779185,0.0,,
20260703,0.0,8,14,deterministic_cartesian_local_refinement_plus_ls,-13.768743117801812,4.011299437274706,1.9761372018392698,4.00070330033458,0.17851316685328386,0.875,830.9460999880685,7.184824646993212,,
20260703,0.0,8,14,fixed_source_trained_scalar_interpolation_plus_ls,-12.172270189068112,4.011406591382289,1.9203612470470364,4.00093810928412,0.17612464086457785,0.875,726.2625000003027,5.588351718259512,,
20260703,0.0,8,14,tensor_nomp3d_known_order_v1,-31.22610765748169,12.397626256678215,1.5720465604571343,3.0519205280161934,0.16772216351194996,0.625,9716.804800002137,24.642189186673093,50.0,5.002652828075115
20260703,0.0,8,15,grid_fft_topk_plus_ls,-6.170118035348695,19.691856938067414,1.0354055768147692,3.27946224344811,0.1958522748626558,0.75,47.154799991403706,0.0,,
20260703,0.0,8,15,deterministic_cartesian_local_refinement_plus_ls,-14.89497028820491,19.691457520937618,1.1233398030640616,3.3850006831913446,0.19946312850447212,0.75,766.1322000058135,8.724852252856214,,
20260703,0.0,8,15,fixed_source_trained_scalar_interpolation_plus_ls,-12.279605417360395,19.691489743300167,1.0866589074790038,3.345635971404089,0.19801570180542977,0.75,805.3863999957684,6.1094873820117,,
20260703,0.0,8,15,tensor_nomp3d_known_order_v1,-37.21473902561543,0.0069589128336910696,0.010075527742364834,0.0065832740804393965,0.0006647009350179162,1.0,10053.713200002676,31.044620990266736,50.0,6.384101562702533
20260703,0.0,8,16,grid_fft_topk_plus_ls,-5.847099460513824,18.05915671053806,1.4618593101172108,3.4579702030802473,0.19982660895551962,0.875,33.37620000820607,0.0,,
20260703,0.0,8,16,deterministic_cartesian_local_refinement_plus_ls,-12.665432200583721,19.81274576436499,1.3963819912973152,3.0475941487430647,0.20160832007818286,0.75,690.3450999961933,6.818332740069898,,
20260703,0.0,8,16,fixed_source_trained_scalar_interpolation_plus_ls,-11.308465505092048,18.160920578201132,1.4577326652391744,3.5032315391305837,0.2010379780747468,0.875,663.114900002256,5.461366044578225,,
20260703,0.0,8,16,tensor_nomp3d_known_order_v1,-34.736826828776294,0.006283576271430245,0.003248271613371531,0.004275934363517691,0.00024795333472579724,1.0,10814.85189999512,28.88972736826247,60.0,7.6007102270083875
20260703,0.0,8,17,grid_fft_topk_plus_ls,-4.128555158372154,20.407363140074985,3.3578076365919958,3.4087202306802293,0.28426790824220366,0.25,52.245799990487285,0.0,,
20260703,0.0,8,17,deterministic_cartesian_local_refinement_plus_ls,-10.167985392685196,20.556235371733408,3.4076611906322802,3.418544070863073,0.2873385900776006,0.5,877.7616000006674,6.039430234313042,,
20260703,0.0,8,17,fixed_source_trained_scalar_interpolation_plus_ls,-9.119185040168343,20.502448335600896,3.387747733987459,3.4137515540851426,0.2861260268934161,0.5,805.9534999920288,4.990629881796189,,
20260703,0.0,8,17,tensor_nomp3d_known_order_v1,-35.0427008350471,0.006072263991332277,0.00924886372602064,0.015951771260831395,0.0007647823498220145,1.0,10072.360899997875,30.914145676674945,46.0,7.3538631466379245
20260703,0.0,8,18,grid_fft_topk_plus_ls,-5.131088965835936,0.64396600598404,1.7642015261160395,2.5785295364953638,0.13666065170254116,0.875,45.96980000496842,0.0,,
20260703,0.0,8,18,deterministic_cartesian_local_refinement_plus_ls,-11.228880778645916,0.7822313271136753,1.836312030104792,2.5726347147901794,0.14025945450858787,0.875,831.0192999924766,6.09779181280998,,
20260703,0.0,8,18,fixed_source_trained_scalar_interpolation_plus_ls,-9.779333786996126,0.7247581222803793,1.808811442224215,2.573616959900538,0.13885528535091368,0.875,745.4922000033548,4.6482448211601906,,
20260703,0.0,8,18,tensor_nomp3d_known_order_v1,-35.715888867514714,0.005681623944626579,0.003877316788584533,0.002696922435408766,0.00026038074155087707,1.0,10641.234000009717,30.584799901678778,50.0,3.566045644944708
20260703,0.0,8,19,grid_fft_topk_plus_ls,-5.346526542129252,11.104833430353274,1.7335908889051048,4.507004436927748,0.19774552410688206,0.75,37.69730000931304,0.0,,
20260703,0.0,8,19,deterministic_cartesian_local_refinement_plus_ls,-13.637322746573442,11.13846428334312,1.7288556671744124,4.669599959827475,0.20135046531187986,0.75,857.4590000062017,8.290796204444192,,
20260703,0.0,8,19,fixed_source_trained_scalar_interpolation_plus_ls,-11.103925458645548,11.125910477188231,1.7297120158457848,4.610301579397185,0.19999783453585446,0.75,770.7287999946857,5.757398916516297,,
20260703,0.0,8,19,tensor_nomp3d_known_order_v1,-33.499211170708215,0.008633016188672184,0.01720301535281576,0.026243349665130464,0.0013539389912714803,1.0,10776.803100001416,28.152684628578964,48.0,7.1867134289174235
20260703,10.0,2,0,grid_fft_topk_plus_ls,-3.355859634485539,0.11461221206389514,0.2565302328228413,0.32665931895026834,0.0190281029189998,1.0,8.395099997869693,0.0,,
20260703,10.0,2,0,deterministic_cartesian_local_refinement_plus_ls,-12.549906482311723,0.07595592826916404,0.04153654337286544,0.09938855249823718,0.004091221016203866,1.0,241.1530999961542,9.194046847826185,,
20260703,10.0,2,0,fixed_source_trained_scalar_interpolation_plus_ls,-10.578163058369512,0.050880808301909206,0.11417251004967377,0.12433370085786365,0.008134737008969785,1.0,178.99850000685547,7.222303423883973,,
20260703,10.0,2,0,tensor_nomp3d_known_order_v1,-54.60784683253647,0.0005828724848226949,0.00036243995158590327,0.00032540802130487926,2.5244411224002022e-05,1.0,1070.4686999961268,51.25198719805093,7.0,0.1694726352999999
20260703,10.0,2,1,grid_fft_topk_plus_ls,-5.361108306712335,0.10955076325991657,0.25016381546802047,0.07619979016764596,0.01583867127389483,1.0,9.553600000799634,0.0,,
20260703,10.0,2,1,deterministic_cartesian_local_refinement_plus_ls,-10.492673285083608,0.0964774895290435,0.09991173122731627,0.07619979016764596,0.006725473982270444,1.0,199.40490000590216,5.131564978371273,,
20260703,10.0,2,1,fixed_source_trained_scalar_interpolation_plus_ls,-13.114219126055813,0.06673890025092763,0.07445822754219096,0.07619979016764596,0.005253430674750095,1.0,228.75219999696128,7.753110819343478,,
20260703,10.0,2,1,tensor_nomp3d_known_order_v1,-52.4235405088923,0.00027570370365610395,0.0008401427497859571,0.0010167824361169734,6.141206767710763e-05,1.0,995.350099998177,47.06243220217996,7.0,0.2755335291317613
20260703,10.0,2,2,grid_fft_topk_plus_ls,-5.13816945791403,0.3011336846257345,0.0860828041767722,0.18578460365963367,0.008257602389576884,1.0,11.47060000221245,0.0,,
20260703,10.0,2,2,deterministic_cartesian_local_refinement_plus_ls,-14.799488264830963,0.0764871442146928,0.07851387755794728,0.03760386771814486,0.005081120217244746,1.0,199.62020000093617,9.661318806916933,,
20260703,10.0,2,2,fixed_source_trained_scalar_interpolation_plus_ls,-10.441668214412266,0.1568122371900242,0.028146597493087212,0.08630689765184955,0.003445258891635379,1.0,205.6633000029251,5.303498756498236,,
20260703,10.0,2,2,tensor_nomp3d_known_order_v1,-49.349455274915556,0.00039462234010954027,0.0007459423975164514,0.001192620005264467,5.9766763821376133e-05,1.0,1042.2727999975905,44.211285817001524,6.0,0.09819319699403109
20260703,10.0,2,3,grid_fft_topk_plus_ls,-6.125302629634982,0.145474010689588,0.1361023504143431,0.2730171495208139,0.012101315102875357,1.0,11.930099994060583,0.0,,
20260703,10.0,2,3,deterministic_cartesian_local_refinement_plus_ls,-13.037704973875632,0.0713370351825064,0.09017643335446454,0.0692247166150695,0.0060626029877975,1.0,253.22650000452995,6.91240234424065,,
20260703,10.0,2,3,fixed_source_trained_scalar_interpolation_plus_ls,-12.992676258771983,0.07089678254365446,0.014709829190089726,0.13464859654785208,0.004342502964257234,1.0,223.64169999491423,6.867373629137001,,
20260703,10.0,2,3,tensor_nomp3d_known_order_v1,-48.87082805025733,0.001398336487375961,0.000829096122679294,0.0006178395524410965,5.636738007480448e-05,1.0,1008.2812000036938,42.74552542062235,7.0,0.262801012257024
20260703,10.0,2,4,grid_fft_topk_plus_ls,-3.097760965416208,0.30898870517114424,0.11242028344600924,0.30006529194647946,0.011963469224893733,1.0,9.716700005810708,0.0,,
20260703,10.0,2,4,deterministic_cartesian_local_refinement_plus_ls,-13.035231973430054,0.08415111238587174,0.046891772734764865,0.07641695020124387,0.00383720120301158,1.0,182.60599998757243,9.937471008013846,,
20260703,10.0,2,4,fixed_source_trained_scalar_interpolation_plus_ls,-7.894789122832494,0.164610057359872,0.010895445806733274,0.15605507692279008,0.005089200367259508,1.0,201.20400001178496,4.797028157416285,,
20260703,10.0,2,4,tensor_nomp3d_known_order_v1,-50.80833480294245,0.00031587350858280243,0.0002735578381774547,0.0004125162138655812,2.1554373346394718e-05,1.0,992.6498999993782,47.71057383752624,5.0,0.023661572150563283
20260703,10.0,2,5,grid_fft_topk_plus_ls,-7.306614069090374,0.25471281587875483,0.11240595241079246,0.05780245375803519,0.0075218710967197774,1.0,11.055499999201857,0.0,,
20260703,10.0,2,5,deterministic_cartesian_local_refinement_plus_ls,-11.86694100245025,0.10371387298252938,0.08832121470108768,0.05780245375803519,0.005864348471837069,1.0,212.84619999642018,4.560326933359876,,
20260703,10.0,2,5,fixed_source_trained_scalar_interpolation_plus_ls,-12.959462177337942,0.13601474825877122,0.06093817435423917,0.05780245375803519,0.004347145566812389,1.0,240.86639999586623,5.652848108247568,,
20260703,10.0,2,5,tensor_nomp3d_known_order_v1,-51.32155503002318,0.0005072618003345974,0.001062573288370441,6.737605521927243e-05,6.6562277463172e-05,1.0,1159.0143000066746,44.014940960932805,7.0,0.19094414995991077
20260703,10.0,2,6,grid_fft_topk_plus_ls,-5.232186260571865,0.02048157719991065,0.23373391215138994,0.20175069618880206,0.01591161281798796,1.0,13.346800013096072,0.0,,
20260703,10.0,2,6,deterministic_cartesian_local_refinement_plus_ls,-14.391670922881799,0.02048157719991065,0.0858104244614457,0.04548587389521226,0.00555062803903724,1.0,227.74180000124034,9.159484662309934,,
20260703,10.0,2,6,fixed_source_trained_scalar_interpolation_plus_ls,-10.806519180637155,0.02048157719991065,0.13590774010443474,0.06531903562191685,0.008737516213635194,1.0,218.09799999755342,5.57433292006529,,
20260703,10.0,2,6,tensor_nomp3d_known_order_v1,-50.601849011776025,0.0006492264714418457,0.0011742112548414234,0.000780041186622473,7.7496824374289e-05,1.0,1141.2730000010924,45.36966275120416,6.0,0.22693032618676887
20260703,10.0,2,7,grid_fft_topk_plus_ls,-4.912560814463315,0.27421944222093936,0.15857329308009566,0.21374509925590404,0.012142090623999381,1.0,11.536800011526793,0.0,,
20260703,10.0,2,7,deterministic_cartesian_local_refinement_plus_ls,-13.24180667128337,0.08163580922804134,0.012560289750930065,0.08803663133098734,0.002931179587521717,1.0,225.7048999890685,8.329245856820055,,
20260703,10.0,2,7,fixed_source_trained_scalar_interpolation_plus_ls,-11.975402162879629,0.045965509658177084,0.05733302591028243,0.12456513199919902,0.005303008737030085,1.0,207.0190999947954,7.062841348416314,,
20260703,10.0,2,7,tensor_nomp3d_known_order_v1,-54.29080199962528,0.0003431688274628803,0.00029412785373948957,0.000684930886072467,2.8341792911286842e-05,1.0,1039.910500010592,49.37824118516197,7.0,0.07995809808254484
20260703,10.0,2,8,grid_fft_topk_plus_ls,-4.600403834479719,0.19325165291004126,0.1689606083264451,0.27240967806669764,0.013647770499339334,1.0,13.946999999461696,0.0,,
20260703,10.0,2,8,deterministic_cartesian_local_refinement_plus_ls,-14.0927170363329,0.0695194614999362,0.07034860438251263,0.06560568293980644,0.00488159308860688,1.0,196.1200999940047,9.49231320185318,,
20260703,10.0,2,8,fixed_source_trained_scalar_interpolation_plus_ls,-10.643163090338055,0.06956083130131896,0.08706824374157104,0.1330352320866454,0.006869622085328755,1.0,192.73290000273846,6.042759255858336,,
20260703,10.0,2,8,tensor_nomp3d_known_order_v1,-51.88592109636363,0.0003702611291095519,0.0006958976699719149,0.0011793917514427762,5.708261816033653e-05,1.0,1085.644599996158,47.28551726188391,7.0,0.3038171643254021
20260703,10.0,2,9,grid_fft_topk_plus_ls,-3.7811098327842756,0.29564494926245466,0.16742544048665792,0.24428810932807876,0.01315712823112445,1.0,7.643299992196262,0.0,,
20260703,10.0,2,9,deterministic_cartesian_local_refinement_plus_ls,-16.818689655944667,0.07751196564104725,0.0198558228421484,0.028336555742998835,0.0016403963368707378,1.0,183.50169999757782,13.03757982316039,,
20260703,10.0,2,9,fixed_source_trained_scalar_interpolation_plus_ls,-9.613871133843746,0.15335733606051688,0.06687473196099929,0.10123183476614277,0.0053770624678779935,1.0,176.78190000879113,5.83276130105947,,
20260703,10.0,2,9,tensor_nomp3d_known_order_v1,-54.85728746946839,0.0002961468084389044,0.0006879544489866465,5.5084846478348945e-05,4.309375078286925e-05,1.0,913.0635000037728,51.076177636684115,5.0,0.07020695983090652
20260703,10.0,2,10,grid_fft_topk_plus_ls,-3.332366152002497,0.2934816916539994,0.20242404846505108,0.2366762894552897,0.014833083882905135,1.0,11.854399999720044,0.0,,
20260703,10.0,2,10,deterministic_cartesian_local_refinement_plus_ls,-11.493971139439473,0.07832778687516528,0.07399545457267076,0.10147780849072191,0.005640820412390882,1.0,191.99579999258276,8.161604987436977,,
20260703,10.0,2,10,fixed_source_trained_scalar_interpolation_plus_ls,-9.277319010817152,0.07542432938473913,0.11121574232990313,0.14439576489666733,0.008308119976766408,1.0,190.77849999302998,5.944952858814655,,
20260703,10.0,2,10,tensor_nomp3d_known_order_v1,-53.6232968067539,0.0010114820491854274,9.137633952804126e-05,0.0003362376130308636,1.4334105216963721e-05,1.0,1118.9048000087496,50.2909306547514,7.0,0.16608959780205745
20260703,10.0,2,11,grid_fft_topk_plus_ls,-4.456910657049413,0.2264016740631514,0.22598343294696788,0.23666490352718794,0.016040961112166366,1.0,11.484899994684383,0.0,,
20260703,10.0,2,11,deterministic_cartesian_local_refinement_plus_ls,-14.027587038736499,0.07375351870661416,0.062074743153696814,0.07768559253510486,0.004612749832645892,1.0,242.98160000762437,9.570676381687086,,
20260703,10.0,2,11,fixed_source_trained_scalar_interpolation_plus_ls,-10.322651713631704,0.1010423494852624,0.0955171367470763,0.13458046000587684,0.007345019247973523,1.0,270.25570000114385,5.865741056582291,,
20260703,10.0,2,11,tensor_nomp3d_known_order_v1,-50.9767175958404,0.0005038480443805045,0.001432964741431989,0.0008789864764079363,9.376060072720693e-05,1.0,1188.0044999998063,46.519806938790985,7.0,0.24300781619206763
20260703,10.0,2,12,grid_fft_topk_plus_ls,-8.888710401808378,0.19174252995961652,0.12633538091513472,0.05133968210527677,0.008195374416160698,1.0,11.308399989502504,0.0,,
20260703,10.0,2,12,deterministic_cartesian_local_refinement_plus_ls,-12.995993480552375,0.05909918477087846,0.09383725669356746,0.05133968210527677,0.006097817595663674,1.0,233.80360000010114,4.107283078743997,,
20260703,10.0,2,12,fixed_source_trained_scalar_interpolation_plus_ls,-12.488172030873253,0.09792158920107337,0.07449339061198221,0.05133968210527677,0.004983577893759782,1.0,254.03310000547208,3.5994616290648747,,
20260703,10.0,2,12,tensor_nomp3d_known_order_v1,-51.50721740076564,0.0006288918446603021,0.0009518840635753416,9.922834227594423e-05,5.977577246683641e-05,1.0,1250.9138000023086,42.61850699895726,8.0,0.12322491748032575
20260703,10.0,2,13,grid_fft_topk_plus_ls,-4.090890484989091,0.23664805573009265,0.09620398196969762,0.273915401352498,0.010622730252875077,1.0,13.375499998801388,0.0,,
20260703,10.0,2,13,deterministic_cartesian_local_refinement_plus_ls,-14.364605585457191,0.03099068496987199,0.08869903881223654,0.052725897128451715,0.005788435111291888,1.0,243.75200000940822,10.2737151004681,,
20260703,10.0,2,13,fixed_source_trained_scalar_interpolation_plus_ls,-9.890928381244025,0.09504335580639807,0.050459102949314286,0.13044000488292753,0.005207009306812354,1.0,221.40999999828637,5.800037896254935,,
20260703,10.0,2,13,tensor_nomp3d_known_order_v1,-52.41783541865659,0.0005220134555432956,0.0005324105876967791,0.0007773064182394369,4.139982888169763e-05,1.0,1223.5225999902468,48.3269449336675,6.0,0.016517805591626286
20260703,10.0,2,14,grid_fft_topk_plus_ls,-4.049316240923378,36.91565412812987,2.1114892465900255,10.03027680341188,0.445915540244888,0.5,13.170199992600828,0.0,,
20260703,10.0,2,14,deterministic_cartesian_local_refinement_plus_ls,-12.890895427032625,36.75625270394311,2.417968508718064,10.188272619400884,0.45460541339795246,0.5,245.46000000555068,8.841579186109247,,
20260703,10.0,2,14,fixed_source_trained_scalar_interpolation_plus_ls,-10.565181547502593,36.81325251272318,2.306598869884331,10.131406301618073,0.4513737273785391,0.5,240.4166000051191,6.515865306579215,,
20260703,10.0,2,14,tensor_nomp3d_known_order_v1,-51.42632324573575,0.0008891362665536093,0.0017894706296628193,0.0012579247617257828,0.0001187524894893144,1.0,1190.776100003859,47.37700700481237,6.0,0.10111488590157337
20260703,10.0,2,15,grid_fft_topk_plus_ls,-4.749666268758509,11.460510353160593,5.5370391805771835,7.779289830212176,0.43229212615155066,0.0,12.354999998933636,0.0,,
20260703,10.0,2,15,deterministic_cartesian_local_refinement_plus_ls,-8.148814178875561,11.770182913062829,5.618978199411528,7.779289830212176,0.4369053879444251,0.5,222.71689999615774,3.399147910117052,,
20260703,10.0,2,15,fixed_source_trained_scalar_interpolation_plus_ls,-8.386955483639042,11.658244359220094,5.637932663298435,7.779289830212176,0.43767536158757886,0.5,272.33210000849795,3.637289214880533,,
20260703,10.0,2,15,tensor_nomp3d_known_order_v1,-51.06087022675542,0.0005305823694260589,0.00030298006742751995,0.0008900023115736831,3.390137713849358e-05,1.0,1291.9714000017848,46.31120395799691,6.0,0.3621242965302848
20260703,10.0,2,16,grid_fft_topk_plus_ls,-4.457338728128823,0.18370123954104847,0.2474266108385633,0.2122688792917116,0.016887926825658525,1.0,12.560600007418543,0.0,,
20260703,10.0,2,16,deterministic_cartesian_local_refinement_plus_ls,-18.480779678455303,0.05232875562467351,0.02357376878834091,0.0284626668883582,0.0017689149030127279,1.0,243.94159999792464,14.02344095032648,,
20260703,10.0,2,16,fixed_source_trained_scalar_interpolation_plus_ls,-11.411089856602526,0.0895728769732784,0.10315902427800412,0.07083675971093563,0.006852693924140543,1.0,228.4176999964984,6.953751128473703,,
20260703,10.0,2,16,tensor_nomp3d_known_order_v1,-51.938363945153164,0.0005030438516832346,0.000552096387331116,0.00030010908862560903,3.597312050563356e-05,1.0,1182.890199997928,47.48102521702434,6.0,0.7646076793735932
20260703,10.0,2,17,grid_fft_topk_plus_ls,-5.446322304251293,0.1258626956000202,0.2533412966131559,0.1299498077733705,0.016375843592680385,1.0,13.522900000680238,0.0,,
20260703,10.0,2,17,deterministic_cartesian_local_refinement_plus_ls,-14.191222779830097,0.06725281386040557,0.04888347490109605,0.06778505328824484,0.0037546681535177606,1.0,250.12620000052266,8.744900475578804,,
20260703,10.0,2,17,fixed_source_trained_scalar_interpolation_plus_ls,-11.86535777398374,0.05251251679722981,0.11348821668605896,0.0563745171938638,0.0073200238584664465,1.0,233.90479999943636,6.419035469732448,,
20260703,10.0,2,17,tensor_nomp3d_known_order_v1,-50.797031086394846,0.0009229052106003257,0.0004214066814293001,0.00039775000904962904,3.000283289109214e-05,1.0,1143.8830999977654,45.350708782143556,7.0,0.08948742808938603
20260703,10.0,2,18,grid_fft_topk_plus_ls,-2.4453015844444876,0.283461832352837,0.29247308346109324,0.2685787484425441,0.020235876523969343,1.0,9.979099995689467,0.0,,
20260703,10.0,2,18,deterministic_cartesian_local_refinement_plus_ls,-12.671565286288047,0.0735752580030649,0.0795499521447156,0.06118960667561423,0.005357828669222389,1.0,217.2061000019312,10.226263701843559,,
20260703,10.0,2,18,fixed_source_trained_scalar_interpolation_plus_ls,-7.117056210243237,0.14356285553095874,0.15184192461237014,0.12882864745079486,0.01036957896903662,1.0,220.84470000118017,4.67175462579875,,
20260703,10.0,2,18,tensor_nomp3d_known_order_v1,-53.48404494137161,0.0003600059517593069,0.0002978441238847442,0.0004239661063026693,2.3021135322537557e-05,1.0,1180.5998999916483,51.03874335692712,6.0,0.08572966003834373
20260703,10.0,2,19,grid_fft_topk_plus_ls,-5.719760657781033,0.06575262480353898,0.19123613281012317,0.2369877180576858,0.014070082173231349,1.0,13.135000001057051,0.0,,
20260703,10.0,2,19,deterministic_cartesian_local_refinement_plus_ls,-13.693583327731558,0.06575262480353898,0.0548716042838062,0.05101816662617051,0.003816677799563198,1.0,241.2423000059789,7.973822669950525,,
20260703,10.0,2,19,fixed_source_trained_scalar_interpolation_plus_ls,-10.486934307011264,0.06575262480353898,0.09596823245257244,0.10072315795069703,0.006793190386847888,1.0,258.659400002216,4.767173649230231,,
20260703,10.0,2,19,tensor_nomp3d_known_order_v1,-54.23780538133791,0.000797620734715042,0.0003774691496295967,0.0004235789947241694,2.776001768326626e-05,1.0,1374.9776000040583,48.518044723556876,6.0,0.1459251760890447
20260703,10.0,4,0,grid_fft_topk_plus_ls,-5.244804210738878,22.381321936187426,1.8869730424492046,5.1128140733260325,0.2645959110019834,0.5,22.169399991980754,0.0,,
20260703,10.0,4,0,deterministic_cartesian_local_refinement_plus_ls,-10.325100280866955,22.490644375333233,1.8869730424492046,4.999425065579993,0.2630411791486393,0.75,534.5720000041183,5.080296070128077,,
20260703,10.0,4,0,fixed_source_trained_scalar_interpolation_plus_ls,-9.32081227364671,22.45110581158601,1.8869730424492046,5.0397434183114145,0.2635858165750462,0.75,558.2951999967918,4.076008062907833,,
20260703,10.0,4,0,tensor_nomp3d_known_order_v1,-49.09767819585053,0.0008569831097041032,0.0009931380532018968,0.0010036387045613594,6.98665348273293e-05,1.0,4045.2782999927877,43.85287398511165,15.0,0.4340032992445064
20260703,10.0,4,1,grid_fft_topk_plus_ls,-4.62057358079904,25.656784052460488,1.5805076231028174,1.8763945715466002,0.23102773201183274,0.5,22.891600005095825,0.0,,
20260703,10.0,4,1,deterministic_cartesian_local_refinement_plus_ls,-11.380720775387907,25.766962893986435,1.4611810858036292,1.7579857384462667,0.22777528431311866,0.75,472.807099999045,6.760147194588867,,
20260703,10.0,4,1,fixed_source_trained_scalar_interpolation_plus_ls,-10.016431636544162,25.727168467903336,1.5020950391486656,1.798856225401527,0.22884943105017905,0.75,461.99589999741875,5.395858055745122,,
20260703,10.0,4,1,tensor_nomp3d_known_order_v1,-46.52830406741802,0.0009057786968849077,0.0017886606653984003,0.000843529241651857,0.00011507490204999154,1.0,3831.2344000005396,41.90773048661898,19.0,0.19164239581559178
20260703,10.0,4,2,grid_fft_topk_plus_ls,-8.059427935016476,8.883805597628193,0.5843600151851848,3.08722537623636,0.12433216972807871,0.75,20.477600002777763,0.0,,
20260703,10.0,4,2,deterministic_cartesian_local_refinement_plus_ls,-17.692793636718402,9.107122272081225,0.5843600151851848,3.0838401835435145,0.12523301150201863,0.75,420.16250001324806,9.633365701701926,,
20260703,10.0,4,2,fixed_source_trained_scalar_interpolation_plus_ls,-15.349221174781672,9.026825057718117,0.5843600151851848,3.0841096550416633,0.12488417304594186,0.75,424.062000005506,7.289793239765196,,
20260703,10.0,4,2,tensor_nomp3d_known_order_v1,-47.831181770037674,0.0007364159615175926,0.002300244307441112,0.001970855416830111,0.00015650810197985,1.0,3448.26109999849,39.7717538350212,17.0,0.30955164018958725
20260703,10.0,4,3,grid_fft_topk_plus_ls,-5.287354376250834,1.61501105020857,2.5545165677688795,3.49826814415413,0.1939089969630539,0.75,22.90029999858234,0.0,,
20260703,10.0,4,3,deterministic_cartesian_local_refinement_plus_ls,-11.57654102224712,1.8320159480755183,2.4336924935228965,3.49826814415413,0.18786184946658907,0.75,476.2285000033444,6.289186645996287,,
20260703,10.0,4,3,fixed_source_trained_scalar_interpolation_plus_ls,-10.165763744130953,1.7532497605297042,2.4752850558027104,3.49826814415413,0.18992736644544328,0.75,427.45230000582524,4.878409367880119,,
20260703,10.0,4,3,tensor_nomp3d_known_order_v1,-50.089787986725995,0.0006320397408103374,0.001303339335322889,0.0012802448659372458,9.088737744746716e-05,1.0,3703.119900004822,44.80243361047516,15.0,0.21821971163015302
20260703,10.0,4,4,grid_fft_topk_plus_ls,-5.677765727238392,20.50981715526187,2.7980876806762933,5.187290559362443,0.28728923916429966,0.25,19.328199996380135,0.0,,
20260703,10.0,4,4,deterministic_cartesian_local_refinement_plus_ls,-10.091385606139943,20.487813063368595,2.879309189601805,5.153998450394779,0.2897328223065573,0.5,449.54619999043643,4.41361987890155,,
20260703,10.0,4,4,fixed_source_trained_scalar_interpolation_plus_ls,-10.160899990055363,20.495553073273186,2.847427968578363,5.165099582560401,0.2887267794183046,0.5,442.9670000099577,4.483134262816971,,
20260703,10.0,4,4,tensor_nomp3d_known_order_v1,-48.0772755519801,0.0011747003833737974,0.0012896205698737647,0.0008990693936077813,8.58497034100458e-05,1.0,3671.803799996269,42.399509824741706,17.0,0.3974951626651076
20260703,10.0,4,5,grid_fft_topk_plus_ls,-4.296028373521326,9.437203065128063,1.8678104733125718,6.90243428879959,0.256106596828931,0.75,21.36909999535419,0.0,,
20260703,10.0,4,5,deterministic_cartesian_local_refinement_plus_ls,-10.500260353702572,9.435999822136168,1.968121979437675,7.1248232479847875,0.2648370733100456,0.75,467.36939999391325,6.204231980181246,,
20260703,10.0,4,5,fixed_source_trained_scalar_interpolation_plus_ls,-8.762063780070404,9.436122403182654,1.9297881766792502,7.044758114257559,0.26162423086382885,0.75,480.40600000240374,4.466035406549079,,
20260703,10.0,4,5,tensor_nomp3d_known_order_v1,-48.31481033799338,0.0011218856927002593,0.0009691714546599188,0.0012101886016953887,7.194557611732148e-05,1.0,3540.719099997659,44.018781964472055,15.0,0.4773386003055827
20260703,10.0,4,6,grid_fft_topk_plus_ls,-4.836577585742992,9.875579049047252,1.6288391464088212,1.950098828858634,0.14152764005433882,0.5,20.77139999892097,0.0,,
20260703,10.0,4,6,deterministic_cartesian_local_refinement_plus_ls,-14.350452491020011,9.986447272989484,1.6172932765206065,2.0300655949764335,0.14257942913798938,0.75,404.22330000728834,9.513874905277019,,
20260703,10.0,4,6,fixed_source_trained_scalar_interpolation_plus_ls,-11.198709014014277,9.94645084180133,1.6169454028646089,1.997433667659475,0.14194186809333215,0.75,438.7600000045495,6.362131428271285,,
20260703,10.0,4,6,tensor_nomp3d_known_order_v1,-48.449308689764266,0.0010568527316446392,0.00024214710446154134,0.004963757987004516,0.00015607253309375227,1.0,3617.9555999988224,43.61273110402127,15.0,0.4006674244390175
20260703,10.0,4,7,grid_fft_topk_plus_ls,-5.572991884885569,0.139012880570462,0.20649730712588044,0.24751490210849922,0.01508556210618589,1.0,14.987700007623062,0.0,,
20260703,10.0,4,7,deterministic_cartesian_local_refinement_plus_ls,-13.173034879970844,0.06886809333309185,0.06493229331483824,0.07730062882920576,0.00475335243234087,1.0,427.7097000012873,7.600042995085275,,
20260703,10.0,4,7,fixed_source_trained_scalar_interpolation_plus_ls,-10.411221653686153,0.06438911306849325,0.11025932448106027,0.13055869068975431,0.008024204632405985,1.0,472.83719999541063,4.838229768800584,,
20260703,10.0,4,7,tensor_nomp3d_known_order_v1,-47.009818698005844,0.001602203637218013,0.0004154985928535833,0.0015323004973716524,5.589245889012651e-05,1.0,3775.9516000078293,41.43682681312028,17.0,0.34913191148851697
20260703,10.0,4,8,grid_fft_topk_plus_ls,-5.596764337065867,0.22726955142272648,0.25178518173657294,0.1322359806243496,0.016366698787539696,1.0,18.665299998247065,0.0,,
20260703,10.0,4,8,deterministic_cartesian_local_refinement_plus_ls,-12.874187117110043,0.086589915754915,0.06572314758458747,0.048167616462145804,0.004426798400190222,1.0,456.08139999967534,7.277422780044176,,
20260703,10.0,4,8,fixed_source_trained_scalar_interpolation_plus_ls,-11.538956747184109,0.07650791627101725,0.11763067873718416,0.04396077407269068,0.007503013542097692,1.0,505.82190000568517,5.942192410118242,,
20260703,10.0,4,8,tensor_nomp3d_known_order_v1,-49.39698831301342,0.0016218933654598504,0.0005359455681726759,0.0007207545860633701,4.230708066366679e-05,1.0,3607.0017000020016,43.80022397594756,18.0,0.24815000535685888
20260703,10.0,4,9,grid_fft_topk_plus_ls,-6.659588144471421,8.643519319397251,2.15006144826218,3.256646801055534,0.18158967887980795,0.25,26.740700006484985,0.0,,
20260703,10.0,4,9,deterministic_cartesian_local_refinement_plus_ls,-11.954973944228453,8.553010889914018,2.0083692582453296,3.4888081184208235,0.1791856990617483,0.5,456.19900000747293,5.295385799757032,,
20260703,10.0,4,9,fixed_source_trained_scalar_interpolation_plus_ls,-12.830466629221922,8.585021567304825,2.0581075686273036,3.403650053664918,0.17988297234906098,0.5,417.7444000088144,6.170878484750501,,
20260703,10.0,4,9,tensor_nomp3d_known_order_v1,-50.19809845635262,0.0018949167035028848,0.0012675725840596355,0.0006842405593065249,8.338285604453143e-05,1.0,3593.682999999146,43.5385103118812,18.0,0.2837713788962247
20260703,10.0,4,10,grid_fft_topk_plus_ls,-3.2082089181612923,16.768532753974995,2.451871727945227,2.6662238493790187,0.2181452134398897,0.5,23.640699990210123,0.0,,
20260703,10.0,4,10,deterministic_cartesian_local_refinement_plus_ls,-8.79495593228823,16.907970067687874,2.2880797856495043,2.528805506290591,0.21010497620040167,0.5,453.48170000943355,5.586747014126939,,
20260703,10.0,4,10,fixed_source_trained_scalar_interpolation_plus_ls,-7.317318567614587,16.857309989744113,2.3455647367827233,2.577161367902216,0.21288800218477796,0.5,479.0367999958107,4.109109649453295,,
20260703,10.0,4,10,tensor_nomp3d_known_order_v1,-46.587396971161716,0.0010342390726738914,0.0015719784314933102,0.0013130498289448764,0.00010677909514272993,1.0,3572.6741999969818,43.379188053000426,15.0,0.45676183392481107
20260703,10.0,4,11,grid_fft_topk_plus_ls,-8.31365851064485,0.18120012946372388,0.11230666515106366,0.19974133609377914,0.009499169496299595,1.0,22.635899993474595,0.0,,
20260703,10.0,4,11,deterministic_cartesian_local_refinement_plus_ls,-13.527231062554694,0.07847674238513441,0.07164144910978189,0.06547077032283881,0.004960913940133545,1.0,429.7833000018727,5.213572551909845,,
20260703,10.0,4,11,fixed_source_trained_scalar_interpolation_plus_ls,-14.596775443556282,0.09945879986207018,0.044640125979620776,0.09116072528913846,0.00406243924588257,1.0,384.40179999452084,6.283116932911433,,
20260703,10.0,4,11,tensor_nomp3d_known_order_v1,-48.211008490693075,0.0008851290222828352,0.000911249800709566,0.0006283303527423336,6.063844620522725e-05,1.0,3651.1392000102205,39.897349980048226,18.0,0.5186043253103838
20260703,10.0,4,12,grid_fft_topk_plus_ls,-5.40419173652192,0.1783391281013307,0.18567001958816626,0.21706523437912528,0.013513540065336407,1.0,25.333400000818074,0.0,,
20260703,10.0,4,12,deterministic_cartesian_local_refinement_plus_ls,-13.790708921600965,0.08070979218549029,0.058673982063118066,0.05244471209588758,0.004065878633645159,1.0,458.75409999280237,8.386517185079045,,
20260703,10.0,4,12,fixed_source_trained_scalar_interpolation_plus_ls,-12.598124261730225,0.06271840550906242,0.07633267535626803,0.099548494799911,0.00571648367187043,1.0,474.8833000048762,7.1939325252083055,,
20260703,10.0,4,12,tensor_nomp3d_known_order_v1,-46.94373900057652,0.0019249112620429328,0.0012506264772946321,0.0008367683960746158,8.378280550316102e-05,1.0,3736.7248999944422,41.539547264054605,16.0,0.3537729050441333
20260703,10.0,4,13,grid_fft_topk_plus_ls,-4.529843535774393,18.639723703897836,1.1379371551670503,6.618084436792277,0.26274839758484236,0.5,25.981400001910515,0.0,,
20260703,10.0,4,13,deterministic_cartesian_local_refinement_plus_ls,-8.976231503399514,18.749481744650655,1.1294648343086748,6.729295944476269,0.2658227733618939,0.75,475.5463999899803,4.446387967625121,,
20260703,10.0,4,13,fixed_source_trained_scalar_interpolation_plus_ls,-7.903944330806693,18.709864820859597,1.1299341979322228,6.689250880078128,0.2646706617359959,0.75,465.6195999996271,3.3741007950323,,
20260703,10.0,4,13,tensor_nomp3d_known_order_v1,-48.331542051057085,0.0010487182094681363,0.0009426107281883636,0.0008555146522626057,6.521226891535404e-05,1.0,3793.5832000075607,43.801698515282695,16.0,0.27524093798398563
20260703,10.0,4,14,grid_fft_topk_plus_ls,-6.5741719417720725,0.18737527951477714,0.15616909257733375,0.10331611308187605,0.010384394494268017,1.0,26.78129999549128,0.0,,
20260703,10.0,4,14,deterministic_cartesian_local_refinement_plus_ls,-14.224361410082961,0.05318814045814911,0.06081534825613479,0.07165878252319635,0.004431093371438924,1.0,444.7701000026427,7.650189468310889,,
20260703,10.0,4,14,fixed_source_trained_scalar_interpolation_plus_ls,-14.41987222435855,0.07523660900790374,0.0487835833817136,0.036057898972630696,0.0033032459647021678,1.0,459.9937000020873,7.845700282586477,,
20260703,10.0,4,14,tensor_nomp3d_known_order_v1,-49.13146773677316,0.0008175876142580383,0.0008563948970283817,0.0008992991054804636,6.079041426679253e-05,1.0,3629.6271000028355,42.55729579500109,16.0,0.19804149765616366
20260703,10.0,4,15,grid_fft_topk_plus_ls,-7.343122541868487,33.46681198762285,3.167172751162651,8.432646940810486,0.42069880761436057,0.5,23.089599999366328,0.0,,
20260703,10.0,4,15,deterministic_cartesian_local_refinement_plus_ls,-12.247746969150617,33.695004573679135,3.3939140229262637,8.43245833184206,0.4286385451260243,0.5,509.5761999982642,4.90462442728213,,
20260703,10.0,4,15,fixed_source_trained_scalar_interpolation_plus_ls,-11.81626314276083,33.613168396770895,3.31143218367725,8.43235337192517,0.42571428248792126,0.5,477.05439999117516,4.473140600892343,,
20260703,10.0,4,15,tensor_nomp3d_known_order_v1,-46.9579989613915,0.004498254572962393,0.0005865343746118311,0.004857212318334736,0.00016005750060368453,1.0,3882.319299998926,39.614876419523014,18.0,0.42870320322119054
20260703,10.0,4,16,grid_fft_topk_plus_ls,-4.722387901845094,8.609339334674939,2.4640046167243925,0.45756836663746714,0.16865503419091019,0.75,17.41900001070462,0.0,,
20260703,10.0,4,16,deterministic_cartesian_local_refinement_plus_ls,-10.908101213290333,8.608112368486124,2.6794064961298996,0.418254193935247,0.1809346344927377,0.75,454.25549999345094,6.185713311445239,,
20260703,10.0,4,16,fixed_source_trained_scalar_interpolation_plus_ls,-8.89380051446384,8.608382770860944,2.599292084389236,0.4259668771258507,0.17632932891947767,0.75,466.4747999922838,4.171412612618745,,
20260703,10.0,4,16,tensor_nomp3d_known_order_v1,-49.33251184817184,0.0007649583116002504,0.0012343448781290654,0.0006918685889723206,8.034157932462356e-05,1.0,3892.2057999880053,44.610123946326745,18.0,0.4681363970406332
20260703,10.0,4,17,grid_fft_topk_plus_ls,-5.5031053025755,0.21476387217016768,0.17862977392780216,0.11471807385291105,0.011845248134629985,1.0,25.4962000035448,0.0,,
20260703,10.0,4,17,deterministic_cartesian_local_refinement_plus_ls,-14.522583044602468,0.06352152085134655,0.07414716192845483,0.05133291129733751,0.004929033558660851,1.0,494.38740000186954,9.019477742026968,,
20260703,10.0,4,17,fixed_source_trained_scalar_interpolation_plus_ls,-12.713079306283248,0.08642604875534281,0.0789147502822002,0.024199648277715265,0.005035287160743849,1.0,490.2809999912279,7.209974003707748,,
20260703,10.0,4,17,tensor_nomp3d_known_order_v1,-50.28068727050707,0.0003151426731234719,0.0005848472080634906,0.0003883775448339168,3.859380473144302e-05,1.0,3731.7794999980833,44.777581967931575,17.0,0.2317325389757238
20260703,10.0,4,18,grid_fft_topk_plus_ls,-4.858576729823961,0.18508112863886664,0.18190912455908637,0.2362514526980277,0.013633003895665099,1.0,22.106699994765222,0.0,,
20260703,10.0,4,18,deterministic_cartesian_local_refinement_plus_ls,-14.4343012940697,0.07779549314082508,0.05678689909808474,0.0646218926238061,0.004128461534712956,1.0,441.32230000104755,9.57572456424574,,
20260703,10.0,4,18,fixed_source_trained_scalar_interpolation_plus_ls,-11.876721473525807,0.08616024402882279,0.04777700600373257,0.11806509311939695,0.0047939893246371715,1.0,444.9951999995392,7.018144743701846,,
20260703,10.0,4,18,tensor_nomp3d_known_order_v1,-48.082044393851476,0.0007306486786615767,0.00123297221959929,0.0008937383266645738,8.216441953717747e-05,1.0,3512.9868000076385,43.22346766402752,16.0,0.10603732439274496
20260703,10.0,4,19,grid_fft_topk_plus_ls,-4.956985179600108,19.965994271989143,1.7591613508462711,7.096336777087941,0.2925701842904652,0.5,21.026500005973503,0.0,,
20260703,10.0,4,19,deterministic_cartesian_local_refinement_plus_ls,-9.440595749505432,19.913148357844758,1.8197392797651972,7.190654667116996,0.2960261896407669,0.5,474.0639999945415,4.483610569905324,,
20260703,10.0,4,19,fixed_source_trained_scalar_interpolation_plus_ls,-9.368804686139855,19.931941595302675,1.793422271971144,7.155804600183163,0.2946481229380213,0.5,426.5723999997135,4.411819506539747,,
20260703,10.0,4,19,tensor_nomp3d_known_order_v1,-51.67573884872546,0.0006652607864104143,0.0009573878333587281,0.0014554584694405413,7.534028244522458e-05,1.0,3532.290000002831,46.71875366912535,17.0,0.2993384329058368
20260703,10.0,8,0,grid_fft_topk_plus_ls,-4.4239732134462315,9.152975860976792,1.9382787802777706,5.0799007505764315,0.21210705995625176,0.5,47.884800005704165,0.0,,
20260703,10.0,8,0,deterministic_cartesian_local_refinement_plus_ls,-11.417050590956887,9.133882352862173,1.9919726475285355,5.210000886589992,0.2170248205480367,0.625,781.4255000121193,6.993077377510655,,
20260703,10.0,8,0,fixed_source_trained_scalar_interpolation_plus_ls,-9.899780419958056,9.140087401022724,1.9695933567037842,5.1618191163338345,0.21511010400422617,0.625,876.2627999967663,5.475807206511824,,
20260703,10.0,8,0,tensor_nomp3d_known_order_v1,-45.22354337108969,0.003025866143978816,0.0016041778248164014,0.0012119670108650363,0.00010975225843898029,1.0,12004.904000001261,40.79957015764346,51.0,0.7029818141095192
20260703,10.0,8,1,grid_fft_topk_plus_ls,-5.295583565886551,19.03088483896051,1.709685393235941,4.953565396813959,0.23976269563928382,0.5,50.999099999899045,0.0,,
20260703,10.0,8,1,deterministic_cartesian_local_refinement_plus_ls,-12.503831259837847,18.924269711791965,1.8821901018013512,5.021505782951617,0.24560408159430913,0.625,832.2403999918606,7.2082476939512965,,
20260703,10.0,8,1,fixed_source_trained_scalar_interpolation_plus_ls,-11.77306744096761,18.96224691683778,1.8154998283783321,4.996701638302058,0.24331714627198814,0.625,814.3844000005629,6.4774838750810595,,
20260703,10.0,8,1,tensor_nomp3d_known_order_v1,-43.040470107241845,0.003272541131943778,0.0022408324311773134,0.007326914067451309,0.0002696176673629616,1.0,12128.907599995728,37.74488654135529,48.0,1.1046857525637206
20260703,10.0,8,2,grid_fft_topk_plus_ls,-6.5551537218287494,21.17061740306633,1.9820173088176782,4.111646684315735,0.24333177057153274,0.5,48.294199994415976,0.0,,
20260703,10.0,8,2,deterministic_cartesian_local_refinement_plus_ls,-13.152536034391147,21.192617949241377,2.0514738194299578,4.185307496816756,0.2468975842944064,0.625,789.0462999930605,6.597382312562398,,
20260703,10.0,8,2,fixed_source_trained_scalar_interpolation_plus_ls,-12.31429056551034,21.184467962163577,2.025081461003006,4.157681764806581,0.2455442625928749,0.625,901.9058999983827,5.759136843681591,,
20260703,10.0,8,2,tensor_nomp3d_known_order_v1,-43.955488028344575,0.003913325127480063,0.007025027960029475,0.006520427527074158,0.0004850068244019866,1.0,11460.508000003756,37.40033430651582,48.0,0.46710268827629575
20260703,10.0,8,3,grid_fft_topk_plus_ls,-6.561046765672116,17.837816691110003,2.1187130690227334,6.748136753924366,0.2853517933035659,0.375,51.524199996492825,0.0,,
20260703,10.0,8,3,deterministic_cartesian_local_refinement_plus_ls,-10.418029731698397,17.809635608980994,2.203917467145071,6.8492029853878025,0.2900776690438554,0.375,946.393000005628,3.8569829660262807,,
20260703,10.0,8,3,fixed_source_trained_scalar_interpolation_plus_ls,-9.764921856702713,17.81965019799529,2.17010789835583,6.811690826542765,0.28825114324855,0.375,932.2332000010647,3.2038750910305973,,
20260703,10.0,8,3,tensor_nomp3d_known_order_v1,-45.40426825773867,0.0020376100427892886,0.002600143936031648,0.0026020320324630615,0.00018241290614514523,1.0,12116.562000010163,38.843221492066554,51.0,0.9329352725144313
20260703,10.0,8,4,grid_fft_topk_plus_ls,-5.717313711860074,20.368229201584306,1.698939840865453,4.176157960259004,0.23157689983708565,0.625,43.46139999688603,0.0,,
20260703,10.0,8,4,deterministic_cartesian_local_refinement_plus_ls,-12.381749526378522,20.328403619803687,1.856509223277638,4.179349398844156,0.23610035147575353,0.75,883.1463999958942,6.664435814518448,,
20260703,10.0,8,4,fixed_source_trained_scalar_interpolation_plus_ls,-11.504802407125652,20.34235157359418,1.797629930217044,4.176988240890516,0.23434651587343808,0.75,968.5209000017494,5.787488695265578,,
20260703,10.0,8,4,tensor_nomp3d_known_order_v1,-44.8051312290771,0.0036921134697615685,0.002228142272113297,0.0014755377539621799,0.00014950329535450284,1.0,12585.548999995808,39.087817517217026,49.0,0.7233928884700791
20260703,10.0,8,5,grid_fft_topk_plus_ls,-5.376728349848957,17.138082545425657,1.9442440573991653,4.4176287315704625,0.22748819619165286,0.125,48.76499999954831,0.0,,
20260703,10.0,8,5,deterministic_cartesian_local_refinement_plus_ls,-11.366170772269797,17.09005272367386,1.947478099612499,4.406412254342459,0.22716304379677235,0.5,880.555199997616,5.98944242242084,,
20260703,10.0,8,5,fixed_source_trained_scalar_interpolation_plus_ls,-10.557937184144542,17.106969165163424,1.9444514066753182,4.408452669341448,0.22717813911171067,0.5,926.221000001533,5.181208834295585,,
20260703,10.0,8,5,tensor_nomp3d_known_order_v1,-45.71462315078786,0.002551525816705348,0.004671160434080596,0.003324598898930888,0.0003105231375236536,1.0,12451.657300000079,40.3378948009389,50.0,0.4378204472593265
20260703,10.0,8,6,grid_fft_topk_plus_ls,-4.8894691620954065,16.03019937403386,1.856254531572861,5.580687452188808,0.24404479715558852,0.75,51.01799999829382,0.0,,
20260703,10.0,8,6,deterministic_cartesian_local_refinement_plus_ls,-11.973359879315854,16.320144003534242,2.1710277723649796,5.021984751312515,0.24351044110307143,0.625,961.2742000026628,7.083890717220448,,
20260703,10.0,8,6,fixed_source_trained_scalar_interpolation_plus_ls,-10.824593481538791,16.280803734509853,2.17631495743999,5.047760140024131,0.2440539075936801,0.625,975.9710999933304,5.935124319443385,,
20260703,10.0,8,6,tensor_nomp3d_known_order_v1,-45.105693587002484,0.0021052979089766174,0.0022451551192042138,0.008923764213514917,0.00031261477772001904,1.0,12570.250300006592,40.216224424907075,50.0,0.4596023575832257
20260703,10.0,8,7,grid_fft_topk_plus_ls,-4.103159968360506,6.391586828054177,0.3800211193236557,0.754968597930351,0.06011801280438751,0.875,67.6722000062,0.0,,
20260703,10.0,8,7,deterministic_cartesian_local_refinement_plus_ls,-13.283384374335654,6.46706235172293,0.4037009896212451,0.8907033887644279,0.06296065742940976,0.875,862.5815999985207,9.180224405975148,,
20260703,10.0,8,7,fixed_source_trained_scalar_interpolation_plus_ls,-10.726251035252615,6.438895348245083,0.38229183497846353,0.836824443402636,0.06152421215023579,0.875,866.5609000017866,6.623091066892108,,
20260703,10.0,8,7,tensor_nomp3d_known_order_v1,-44.193896144673566,0.004127334501245893,0.002073211220094195,0.00091142354731173,0.00013653136288839876,1.0,12611.917999995057,40.09073617631306,51.0,0.8707477029082031
20260703,10.0,8,8,grid_fft_topk_plus_ls,-7.061464779936281,17.449616995616505,1.2283595405635188,4.433463705859041,0.20898200035005965,0.5,44.749499997124076,0.0,,
20260703,10.0,8,8,deterministic_cartesian_local_refinement_plus_ls,-11.182049561302643,17.553044470877694,1.2256463565766649,4.459031723727491,0.20997729489434652,0.75,908.8182000123197,4.120584781366362,,
20260703,10.0,8,8,fixed_source_trained_scalar_interpolation_plus_ls,-12.207555797503613,17.515539520155354,1.225432168967038,4.449239395110391,0.20957802654277133,0.75,967.5277000060305,5.146091017567332,,
20260703,10.0,8,8,tensor_nomp3d_known_order_v1,-44.91492855194625,0.0020494090854240856,0.0026885223042884474,0.0026547697192496303,0.0001880796141131605,1.0,12186.182799996459,37.85346377200997,51.0,0.8314288069374101
20260703,10.0,8,9,grid_fft_topk_plus_ls,-5.228796359211049,2.729409640186357,0.37159487515921097,1.8504216488856613,0.06586263593009048,0.875,57.38520000886638,0.0,,
20260703,10.0,8,9,deterministic_cartesian_local_refinement_plus_ls,-13.062796428250753,2.879060289649093,0.4366397252586616,1.7632599267945852,0.06547426384597235,0.875,925.4402000078699,7.834000069039703,,
20260703,10.0,8,9,fixed_source_trained_scalar_interpolation_plus_ls,-12.598757307195402,2.8225216748289252,0.4074446249067476,1.7921188087102875,0.0653539686070788,0.875,839.7972999955527,7.369960947984353,,
20260703,10.0,8,9,tensor_nomp3d_known_order_v1,-43.27738399850668,0.002235949740677894,0.0021000492839169287,0.002050258629552037,0.0001470970906655715,1.0,11867.066100006923,38.04858763929563,48.0,0.5995013575579726
20260703,10.0,8,10,grid_fft_topk_plus_ls,-6.792749283925747,0.13831928886247546,0.216351366489706,0.14152758718337097,0.014267857409056851,1.0,40.96179999760352,0.0,,
20260703,10.0,8,10,deterministic_cartesian_local_refinement_plus_ls,-15.161250627442286,0.0727740346417637,0.06378775286995973,0.041284630673125086,0.004228684385574648,1.0,916.8694999971194,8.368501343516538,,
20260703,10.0,8,10,fixed_source_trained_scalar_interpolation_plus_ls,-14.11610201290758,0.05456778417310079,0.09586898462464907,0.06247196661753777,0.006316234829287638,1.0,890.3250000003027,7.323352728981834,,
20260703,10.0,8,10,tensor_nomp3d_known_order_v1,-43.47762965777441,0.0015704594071718296,0.0023885862843526793,0.0014939273664134195,0.0001568966094091899,1.0,11682.1542000107,36.684880373848664,49.0,1.0751306587147251
20260703,10.0,8,11,grid_fft_topk_plus_ls,-5.7016578353279925,11.278954469891145,0.9776067566348565,1.0753270951658591,0.11237021209096665,0.75,48.892199993133545,0.0,,
20260703,10.0,8,11,deterministic_cartesian_local_refinement_plus_ls,-15.505210374670874,11.357123130123975,0.9673031705713567,1.1110503048389313,0.1128408458031246,0.875,889.319499998237,9.803552539342881,,
20260703,10.0,8,11,fixed_source_trained_scalar_interpolation_plus_ls,-11.640241138063205,11.328809266483363,0.9687556282134101,1.0924165579063152,0.11253772703798469,0.875,875.4546999989543,5.938583302735212,,
20260703,10.0,8,11,tensor_nomp3d_known_order_v1,-45.38116101747864,0.004327115348501695,0.0017363040283632071,0.0021906954344096813,0.000132687068175364,1.0,11141.70139998896,39.67950318215065,49.0,0.8325681541092869
20260703,10.0,8,12,grid_fft_topk_plus_ls,-3.693519543919583,28.58911342865541,1.9348695366214372,5.754092390316615,0.3111973594511373,0.375,45.35659999237396,0.0,,
20260703,10.0,8,12,deterministic_cartesian_local_refinement_plus_ls,-10.322625297084667,28.721464380897963,1.831418816601499,5.913852999103243,0.3124182613157787,0.625,777.2559000004549,6.629105753165083,,
20260703,10.0,8,12,fixed_source_trained_scalar_interpolation_plus_ls,-8.336903664833065,28.67386329861256,1.8671741171206306,5.855408042288159,0.31190265151010954,0.625,795.0147000083234,4.643384120913481,,
20260703,10.0,8,12,tensor_nomp3d_known_order_v1,-46.1594443086027,0.0023306964115490107,0.0016412240705208593,0.002677073316380943,0.0001336122847160161,1.0,11320.762100003776,42.465924764683116,47.0,0.6935484157928057
20260703,10.0,8,13,grid_fft_topk_plus_ls,-5.994387207394319,15.434615086290412,0.9947426744026301,1.8750549774365917,0.14778009703766246,0.75,41.09020000032615,0.0,,
20260703,10.0,8,13,deterministic_cartesian_local_refinement_plus_ls,-12.185434856855197,10.9104296880924,0.9631431310601498,3.243549543929309,0.14547549546737235,0.75,804.047300000093,6.191047649460878,,
20260703,10.0,8,13,fixed_source_trained_scalar_interpolation_plus_ls,-11.454299320798345,10.92960303526988,0.9678364216239143,3.2810307578851883,0.1465022067381996,0.75,833.6464000021806,5.459912113404026,,
20260703,10.0,8,13,tensor_nomp3d_known_order_v1,-44.23813208536878,0.0028151387222033076,0.0009322777792703864,0.0020371496108129573,8.905898482261885e-05,1.0,12065.511399996467,38.243744877974464,51.0,0.5141427455679253
20260703,10.0,8,14,grid_fft_topk_plus_ls,-4.390276545280907,1.752915530243462,1.483779458181433,1.662793585214897,0.10718036138139662,0.875,50.45799999788869,0.0,,
20260703,10.0,8,14,deterministic_cartesian_local_refinement_plus_ls,-10.19161401901443,1.9045254788011885,1.393775599756934,1.647264071630423,0.10227214428613067,0.875,871.4675000082934,5.801337473733524,,
20260703,10.0,8,14,fixed_source_trained_scalar_interpolation_plus_ls,-8.844067444271563,1.8473385647103446,1.4230839845082535,1.6506400767437124,0.10382610163848485,0.875,841.3841000001412,4.453790898990656,,
20260703,10.0,8,14,tensor_nomp3d_known_order_v1,-45.51360282793627,0.001547023106820026,0.00190748011567412,0.0012381388908417879,0.00012592039861632266,1.0,12052.719100000104,41.12332628265536,53.0,0.7009170985473124
20260703,10.0,8,15,grid_fft_topk_plus_ls,-4.688344367734462,10.81053512605158,2.234923602141225,1.5849452193146618,0.17057982098415694,0.625,53.910499991616234,0.0,,
20260703,10.0,8,15,deterministic_cartesian_local_refinement_plus_ls,-14.456270328170325,10.857497798290032,2.4190263942445314,1.47315225063476,0.17936727169285968,0.75,848.4824999904959,9.767925960435862,,
20260703,10.0,8,15,fixed_source_trained_scalar_interpolation_plus_ls,-12.297134515121988,10.840235135325294,2.3501201847257254,1.5122094998634803,0.17601118493046053,0.75,892.0261000021128,7.608790147387525,,
20260703,10.0,8,15,tensor_nomp3d_known_order_v1,-44.9514118916034,0.0021752633431227453,0.0029087725880874377,0.001439569303169941,0.00018805108420899444,1.0,11537.798499994096,40.26306752386894,47.0,0.8728686407132511
20260703,10.0,8,16,grid_fft_topk_plus_ls,-5.256633518728915,20.964680485554016,2.400946553729606,4.474902939558031,0.2624866030347448,0.5,57.85400001332164,0.0,,
20260703,10.0,8,16,deterministic_cartesian_local_refinement_plus_ls,-12.379969277856684,20.92152988937841,2.466241193007121,4.5061965899778755,0.2651504787285866,0.625,892.3136999947019,7.1233357591277695,,
20260703,10.0,8,16,fixed_source_trained_scalar_interpolation_plus_ls,-11.10051070277364,20.93671359726358,2.440380303152851,4.49388325097539,0.2640827179488758,0.625,891.252200002782,5.843877184044725,,
20260703,10.0,8,16,tensor_nomp3d_known_order_v1,-45.42047483613963,0.005823464453923656,0.010384519144924947,0.006329899119341499,0.0006800305316033737,1.0,12009.172799997032,40.163841317410714,45.0,0.8159957875711198
20260703,10.0,8,17,grid_fft_topk_plus_ls,-4.782037711090855,16.54021846785882,0.22419350939325103,1.009813792822741,0.1337538386572119,0.875,57.35479999566451,0.0,,
20260703,10.0,8,17,deterministic_cartesian_local_refinement_plus_ls,-14.34217382987088,16.698426668021156,0.07902079973666142,1.073541277109385,0.13479153770812702,0.875,942.9683999915142,9.560136118780026,,
20260703,10.0,8,17,fixed_source_trained_scalar_interpolation_plus_ls,-11.297198426851258,16.641598642465492,0.1087400663642998,1.047006285922082,0.13423846663588912,0.875,846.0631999914767,6.515160715760403,,
20260703,10.0,8,17,tensor_nomp3d_known_order_v1,-45.50908941865606,0.0016653257034670646,0.001043539636257878,0.0032768503743935283,0.0001221030723425116,1.0,11973.661199997878,40.7270517075652,53.0,0.9681989755572592
20260703,10.0,8,18,grid_fft_topk_plus_ls,-5.005995056502063,14.963359305267423,3.066100892261536,1.2278061132393017,0.22772929975900044,0.625,43.58299999148585,0.0,,
20260703,10.0,8,18,deterministic_cartesian_local_refinement_plus_ls,-13.57666680488122,15.06793875553914,3.1712464702211176,1.243756330194845,0.2337790760549899,0.75,848.6514000105672,8.570671748379159,,
20260703,10.0,8,18,fixed_source_trained_scalar_interpolation_plus_ls,-11.479724912824397,15.030139035957562,3.1323764829919494,1.2333600339199475,0.23151879260902586,0.75,765.2219999872614,6.4737298563223336,,
20260703,10.0,8,18,tensor_nomp3d_known_order_v1,-44.40928015680542,0.0040631876665552765,0.004106220990848451,0.0025929920326351456,0.000270992919576951,1.0,12290.737599993008,39.40328510030336,51.0,1.0586380599309135
20260703,10.0,8,19,grid_fft_topk_plus_ls,-6.152214667234914,17.83751176672421,1.776367039332307,1.7740865009620062,0.18660032586949474,0.375,50.67570001119748,0.0,,
20260703,10.0,8,19,deterministic_cartesian_local_refinement_plus_ls,-13.258482045869668,17.75340124345121,1.8541114255074471,1.8200020743820364,0.18947469979081694,0.625,812.5416999973822,7.106267378634754,,
20260703,10.0,8,19,fixed_source_trained_scalar_interpolation_plus_ls,-11.794927089605737,17.7834017104134,1.8226671287170002,1.801677712026235,0.18827986371651184,0.625,802.3378000070807,5.642712422370823,,
20260703,10.0,8,19,tensor_nomp3d_known_order_v1,-45.15943598901976,0.0034061471266125473,0.0030590203514078793,0.002866924614442712,0.00021280950272466217,1.0,12000.072900002124,39.00722132178485,47.0,0.9495017287287781
20260703,20.0,2,0,grid_fft_topk_plus_ls,-3.252779618730046,0.277263786252079,0.22170019365442806,0.24231467508838653,0.015938266086880724,1.0,8.068600000115111,0.0,,
20260703,20.0,2,0,deterministic_cartesian_local_refinement_plus_ls,-15.111411650304449,0.05548242325204387,0.08043523227357137,0.03904282474773267,0.005191267667310903,1.0,207.8507999976864,11.858632031574402,,
20260703,20.0,2,0,fixed_source_trained_scalar_interpolation_plus_ls,-8.803144737931834,0.13366721738672666,0.12623315552995845,0.10181893956157188,0.008570879652290824,1.0,216.27220000664238,5.550365119201788,,
20260703,20.0,2,0,tensor_nomp3d_known_order_v1,-61.63539252878428,0.000290905391288285,0.0001527569045517127,0.00021204086724534518,1.1841611721661089e-05,1.0,1326.141199999256,58.382612910054235,6.0,0.016655312324376056
20260703,20.0,2,1,grid_fft_topk_plus_ls,-5.051638327329055,0.17536661185371627,0.16838294240812893,0.19350949611074975,0.01221468429783514,1.0,12.069499993231148,0.0,,
20260703,20.0,2,1,deterministic_cartesian_local_refinement_plus_ls,-16.747554216844875,0.05204677716571593,0.07593931499663029,0.05203657397087817,0.005033503713748346,1.0,233.8084999937564,11.69591588951582,,
20260703,20.0,2,1,fixed_source_trained_scalar_interpolation_plus_ls,-15.013079340736986,0.03338382019975462,0.04709345495673167,0.059247301238010544,0.0034870115681617927,1.0,216.0161999927368,9.961441013407931,,
20260703,20.0,2,1,tensor_nomp3d_known_order_v1,-59.98361132407652,0.0007347895284832237,0.00013331047602387728,0.00013910226076961627,1.101228447664859e-05,1.0,1393.7126999953762,54.93197299674746,7.0,0.042835803957951724
20260703,20.0,2,2,grid_fft_topk_plus_ls,-5.340804481720794,0.23167108086636376,0.1598845331408725,0.22005386247112624,0.01226459694123215,1.0,12.410000010277145,0.0,,
20260703,20.0,2,2,deterministic_cartesian_local_refinement_plus_ls,-15.218471382952558,0.09064730288312264,0.03468751013408105,0.020396424001769102,0.0023680956167076534,1.0,228.38049998972565,9.877666901231763,,
20260703,20.0,2,2,fixed_source_trained_scalar_interpolation_plus_ls,-11.96851690507179,0.1366565741565454,0.06409137220878679,0.07726593460748153,0.004797463249858358,1.0,240.0402000057511,6.627712423350995,,
20260703,20.0,2,2,tensor_nomp3d_known_order_v1,-60.62604753119424,0.00018650435508902425,0.0008338983193696395,0.00018397674214427147,5.2455031541109234e-05,1.0,1198.5015999962343,55.28524304947344,6.0,0.005150578792301257
20260703,20.0,2,3,grid_fft_topk_plus_ls,-7.259165549471284,36.195871997472196,2.1089886358512455,8.416031088757823,0.40805456585601557,0.0,10.01630000246223,0.0,,
20260703,20.0,2,3,deterministic_cartesian_local_refinement_plus_ls,-11.18484203058057,36.195871997472196,2.2153002533592048,8.416031088757823,0.4102490930523217,0.5,204.92849999573082,3.925676481109287,,
20260703,20.0,2,3,fixed_source_trained_scalar_interpolation_plus_ls,-10.758331743415715,36.195871997472196,2.171139376783564,8.416031088757823,0.40932583902600317,0.5,213.91210000729188,3.499166193944431,,
20260703,20.0,2,3,tensor_nomp3d_known_order_v1,-61.18076141938965,0.0007513465032318677,0.00012752259100113857,8.301219878333301e-05,1.023272496261327e-05,1.0,1239.0814999962458,53.92159586991836,6.0,0.02259759196808658
20260703,20.0,2,4,grid_fft_topk_plus_ls,-4.853075392501042,41.22266502065405,2.323043492349385,5.886948757607769,0.3982984400798255,0.5,11.661799988360144,0.0,,
20260703,20.0,2,4,deterministic_cartesian_local_refinement_plus_ls,-10.634051674580963,41.381473570350494,2.631061239694219,5.886948757607769,0.4066977650669895,0.5,216.62540000397712,5.780976282079921,,
20260703,20.0,2,4,fixed_source_trained_scalar_interpolation_plus_ls,-9.502260715339276,41.32453668011796,2.519320961173532,5.886948757607769,0.40356856814525144,0.5,225.52880000148434,4.649185322838234,,
20260703,20.0,2,4,tensor_nomp3d_known_order_v1,-60.88099114421479,0.00047666385599715505,0.0009162225231423318,0.0006002375888531053,6.037270746246932e-05,1.0,1281.2522000022,56.02791575171375,6.0,0.02482018886085019
20260703,20.0,2,5,grid_fft_topk_plus_ls,-3.5581177804926996,0.23314531578589753,0.29621270719495424,0.156810660509489,0.019237281487513195,1.0,12.46759999776259,0.0,,
20260703,20.0,2,5,deterministic_cartesian_local_refinement_plus_ls,-14.00040324707799,0.07030189885371937,0.07121425206859221,0.04110067269740713,0.004664950072408516,1.0,243.26380000275094,10.442285466585291,,
20260703,20.0,2,5,fixed_source_trained_scalar_interpolation_plus_ls,-8.704868215769006,0.10488125084386904,0.15178127212013393,0.0638053243901149,0.009728182846198741,1.0,232.33329999493435,5.1467504352763065,,
20260703,20.0,2,5,tensor_nomp3d_known_order_v1,-60.650645954792644,0.00012529959016352156,0.00016885706583945754,0.000491869345529009,1.8670862603639663e-05,1.0,1182.6677999924868,57.09252817429994,6.0,0.039792725576846016
20260703,20.0,2,6,grid_fft_topk_plus_ls,-4.827457888139086,0.12155449841202708,0.2371823592060411,0.17050182362913777,0.015780978538516035,1.0,15.810099997906946,0.0,,
20260703,20.0,2,6,deterministic_cartesian_local_refinement_plus_ls,-17.20866726288642,0.0377034738478367,0.06657476948971086,0.029131320204575716,0.004269518660612297,1.0,245.84849999519065,12.381209374747332,,
20260703,20.0,2,6,fixed_source_trained_scalar_interpolation_plus_ls,-11.24336874364757,0.019622341943019733,0.10654809351894082,0.07166703177972275,0.007027444327251189,1.0,243.22039999242406,6.415910855508485,,
20260703,20.0,2,6,tensor_nomp3d_known_order_v1,-61.568646851596114,0.0002943868028741002,0.00022586937102132148,0.00014416859322804228,1.4995733400114156e-05,1.0,1154.1025000042282,56.74118896345703,6.0,0.011639598064920634
20260703,20.0,2,7,grid_fft_topk_plus_ls,-3.570220436304916,0.2356796062582397,0.2268652528395296,0.2497474603948098,0.0162895168718945,1.0,11.445399999502115,0.0,,
20260703,20.0,2,7,deterministic_cartesian_local_refinement_plus_ls,-11.739302783372093,0.07807896805938654,0.07054060266175124,0.10173281405527936,0.005469597459289352,1.0,206.33069999166764,8.169082347067176,,
20260703,20.0,2,7,fixed_source_trained_scalar_interpolation_plus_ls,-8.460049409297373,0.11030086469303214,0.12571993809906407,0.13168834611598892,0.008911688273447516,1.0,200.8882999944035,4.889828972992456,,
20260703,20.0,2,7,tensor_nomp3d_known_order_v1,-63.733582808209434,0.00020063499279937726,0.00014854295597878996,0.00010836518333302896,1.0005806520438837e-05,1.0,1169.8592000029748,60.16336237190452,7.0,0.01128789365026167
20260703,20.0,2,8,grid_fft_topk_plus_ls,-5.061713512452112,14.291263470010572,1.4453879989473357,5.809999351721131,0.23149837075915483,0.5,12.734000003547408,0.0,,
20260703,20.0,2,8,deterministic_cartesian_local_refinement_plus_ls,-8.706705886393753,14.449826951530166,1.749681393123901,5.809999351721131,0.24014049448124364,0.5,224.3151000002399,3.6449923739416406,,
20260703,20.0,2,8,fixed_source_trained_scalar_interpolation_plus_ls,-8.540910228704398,14.392844988027964,1.6383387537075618,5.809999351721131,0.2368408454365038,0.5,235.91630000737496,3.479196716252286,,
20260703,20.0,2,8,tensor_nomp3d_known_order_v1,-68.78108416410284,5.42806684825432e-05,7.20264131857717e-06,0.0002940835455394335,9.210896727039864e-06,1.0,1225.079399999231,63.71937065165072,5.0,0.006436002191801418
20260703,20.0,2,9,grid_fft_topk_plus_ls,-5.748234479225916,11.267976793685154,2.6946386650260763,4.061097710715834,0.22851482333221484,0.0,12.10690000152681,0.0,,
20260703,20.0,2,9,deterministic_cartesian_local_refinement_plus_ls,-9.49927943762692,11.41744218362935,2.534072790013621,4.220079206275078,0.22457108043901877,0.5,254.15609999618027,3.7510449584010033,,
20260703,20.0,2,9,fixed_source_trained_scalar_interpolation_plus_ls,-11.582313327709329,11.36286744282178,2.590466305297425,4.162451165248788,0.22586149028606134,0.5,225.22620001109317,5.834078848483413,,
20260703,20.0,2,9,tensor_nomp3d_known_order_v1,-64.13851415147906,5.909336709458162e-05,0.00015823430820727612,0.0006253572903922671,2.1907172266812372e-05,1.0,1189.6865000016987,58.39027967225314,6.0,0.0099435494156314
20260703,20.0,2,10,grid_fft_topk_plus_ls,-3.8558783260852048,0.2793593011190503,0.20437352231637135,0.1210503567229162,0.013499310476960421,1.0,11.211100005311891,0.0,,
20260703,20.0,2,10,deterministic_cartesian_local_refinement_plus_ls,-12.479291916846563,0.08029702274341997,0.07358226663668134,0.0674383901573763,0.005097517017919103,1.0,244.55859999579843,8.62341359076136,,
20260703,20.0,2,10,fixed_source_trained_scalar_interpolation_plus_ls,-8.818570786975455,0.14299448222601555,0.11231104733064619,0.048457484976514816,0.007267300017402482,1.0,248.51510000007693,4.96269246089025,,
20260703,20.0,2,10,tensor_nomp3d_known_order_v1,-60.38645791844432,0.00016047983294899541,0.00027747208048793957,0.00042388962998374805,2.1858365355032428e-05,1.0,1193.1613000051584,56.53057959235912,7.0,0.04004069637463738
20260703,20.0,2,11,grid_fft_topk_plus_ls,-5.912643556367616,38.72189194100326,4.024797407025772,3.4430319603044524,0.4078837377534017,0.0,8.840599999530241,0.0,,
20260703,20.0,2,11,deterministic_cartesian_local_refinement_plus_ls,-10.91619346873307,38.72189194100326,3.8635807248122735,3.5667398367938548,0.40280051663481786,0.5,204.39070000429638,5.003549912365454,,
20260703,20.0,2,11,fixed_source_trained_scalar_interpolation_plus_ls,-10.594263276664462,38.72189194100326,3.920587197538956,3.5188104653021006,0.4045367723682979,0.5,230.49889999674633,4.681619720296846,,
20260703,20.0,2,11,tensor_nomp3d_known_order_v1,-64.38570894087631,9.136647595772758e-05,0.0004015299430877167,0.0003683367134852537,2.761868661672541e-05,1.0,1203.2999999937601,58.4730653845087,5.0,0.013079878868133395
20260703,20.0,2,12,grid_fft_topk_plus_ls,-6.056360014056901,0.2004656915895515,0.13656020205046365,0.14881983741672572,0.009845176235419511,1.0,11.06170000275597,0.0,,
20260703,20.0,2,12,deterministic_cartesian_local_refinement_plus_ls,-12.64886573221554,0.06949028937108556,0.0900096900761484,0.07625572260328033,0.00613358125993589,1.0,197.5479999964591,6.592505718158639,,
20260703,20.0,2,12,fixed_source_trained_scalar_interpolation_plus_ls,-14.145182856649814,0.07650594227969677,0.07784662476117071,0.005162137024170649,0.004904643253597301,1.0,205.9019000007538,8.088822842592913,,
20260703,20.0,2,12,tensor_nomp3d_known_order_v1,-64.91003467381381,0.00016840055591655338,6.217577308451202e-05,6.31718509989159e-05,4.552902093818555e-06,1.0,1159.7716999967815,58.85367465975691,7.0,0.03720587955398502
20260703,20.0,2,13,grid_fft_topk_plus_ls,-3.399909082781187,0.31759549494175365,0.2509037494966642,0.17595848657821125,0.01680181863863888,1.0,9.945700003299862,0.0,,
20260703,20.0,2,13,deterministic_cartesian_local_refinement_plus_ls,-14.77011215410819,0.09303123888059811,0.027389334039481236,0.01757686565427573,0.001939156145933786,1.0,240.53470000217203,11.370203071327003,,
20260703,20.0,2,13,fixed_source_trained_scalar_interpolation_plus_ls,-8.567904631249844,0.17331345192182177,0.10671024466620621,0.07393703149368787,0.007186979392256376,1.0,231.73939999833237,5.167995548468657,,
20260703,20.0,2,13,tensor_nomp3d_known_order_v1,-59.44653001800021,0.00019694880636651402,0.00044093221000169913,0.0002896733766201527,2.9047708305876165e-05,1.0,1119.7297999897273,56.046620935219025,5.0,0.01685817276186869
20260703,20.0,2,14,grid_fft_topk_plus_ls,-4.825966039019437,0.1320250825210557,0.28251378063633736,0.23484428420279652,0.01914932574493762,1.0,11.882200007676147,0.0,,
20260703,20.0,2,14,deterministic_cartesian_local_refinement_plus_ls,-18.06795977927991,0.03471478036142207,0.06103476180783407,0.044987465017540584,0.0040745207196258215,1.0,208.48009998735506,13.241993740260472,,
20260703,20.0,2,14,fixed_source_trained_scalar_interpolation_plus_ls,-11.766232738656097,0.03459552914742103,0.13904872346350308,0.09701213220825504,0.009208116056834623,1.0,217.30900001421105,6.94026669963666,,
20260703,20.0,2,14,tensor_nomp3d_known_order_v1,-61.34194556118129,0.0005372992553114818,0.0002475337465327895,0.000239399722376225,1.769001763701752e-05,1.0,1106.9614999869373,56.51597952216186,5.0,0.005183976473226953
20260703,20.0,2,15,grid_fft_topk_plus_ls,-7.622701284976923,0.1895734278555712,0.04889284833924998,0.13304141955443313,0.005368108961680807,1.0,10.1859999995213,0.0,,
20260703,20.0,2,15,deterministic_cartesian_local_refinement_plus_ls,-16.051618630206917,0.049033205722899986,0.04889284833924998,0.045692243096442674,0.00339463177829431,1.0,204.72579999477603,8.428917345229994,,
20260703,20.0,2,15,fixed_source_trained_scalar_interpolation_plus_ls,-16.528355066124533,0.052682634377526155,0.04889284833924998,0.043126747982366424,0.003365064239821999,1.0,211.1255999916466,8.90565378114761,,
20260703,20.0,2,15,tensor_nomp3d_known_order_v1,-60.999859165969575,0.00015420900971156859,0.0003490064079491842,0.00020954918087885663,2.2806485220179687e-05,1.0,1083.1935000023805,53.377157880992655,6.0,0.007962405210533657
20260703,20.0,2,16,grid_fft_topk_plus_ls,-4.341336407488646,0.21706622824957356,0.2539519198769273,0.09917120978161675,0.016260396268788526,1.0,12.766799991368316,0.0,,
20260703,20.0,2,16,deterministic_cartesian_local_refinement_plus_ls,-13.73812878652052,0.07804663857909147,0.040828502736168275,0.06387156259623325,0.0032965636572906544,1.0,205.7038999919314,9.396792379031874,,
20260703,20.0,2,16,fixed_source_trained_scalar_interpolation_plus_ls,-9.962957404545575,0.12232641720267215,0.11192241694773189,0.01794864211556719,0.007082376478215679,1.0,226.113600001554,5.6216209970569295,,
20260703,20.0,2,16,tensor_nomp3d_known_order_v1,-62.898583760875766,0.00010801498363775663,0.0001157101158685173,9.550049451379557e-05,7.868851171084604e-06,1.0,1172.8707000002032,58.55724735338712,6.0,0.00319637276891369
20260703,20.0,2,17,grid_fft_topk_plus_ls,-6.760489737042617,0.155830662487984,0.09945884720250812,0.18986932140371818,0.00867919500000301,1.0,12.18180000432767,0.0,,
20260703,20.0,2,17,deterministic_cartesian_local_refinement_plus_ls,-16.536645493173502,0.0416383399086421,0.06093420318789989,0.05229827205319568,0.004156999132642782,1.0,215.20580000651535,9.776155756130885,,
20260703,20.0,2,17,fixed_source_trained_scalar_interpolation_plus_ls,-13.301693364201164,0.06316616484866633,0.010357837709893876,0.09405502031226291,0.0030498557259508166,1.0,195.62549999682233,6.541203627158547,,
20260703,20.0,2,17,tensor_nomp3d_known_order_v1,-61.526307822802046,0.00025505414105017843,0.0002354716368984175,0.00014781392609158293,1.5553031516893887e-05,1.0,1108.353999996325,54.76581808575943,6.0,0.012674520492586449
20260703,20.0,2,18,grid_fft_topk_plus_ls,-4.141940253464343,0.15636955209140088,0.14249751888161513,0.31485992998670675,0.013327572228507414,1.0,10.329299999284558,0.0,,
20260703,20.0,2,18,deterministic_cartesian_local_refinement_plus_ls,-14.279370269093803,0.0030204646552730286,0.05830293627080227,0.09019723481261116,0.00460691575067734,1.0,176.74180000904016,10.13743001562946,,
20260703,20.0,2,18,fixed_source_trained_scalar_interpolation_plus_ls,-9.522743350471446,0.054250675759364986,0.060288885064267904,0.1705423692865429,0.006540711176556132,1.0,203.0222000030335,5.380803097007103,,
20260703,20.0,2,18,tensor_nomp3d_known_order_v1,-64.92997478118384,7.599591471928202e-05,9.842416480305214e-05,8.677560296415053e-05,6.748859230092094e-06,1.0,1065.963599990937,60.7880345277195,7.0,0.013065898012070348
20260703,20.0,2,19,grid_fft_topk_plus_ls,-4.710425809912139,0.2784154461610293,0.18027279163715437,0.07090138930305505,0.011687033002243866,1.0,11.702300005708821,0.0,,
20260703,20.0,2,19,deterministic_cartesian_local_refinement_plus_ls,-12.535546031869643,0.0802356370431098,0.05357285625947908,0.07090138930305505,0.004063650144525276,1.0,219.62059999350458,7.825120221957504,,
20260703,20.0,2,19,fixed_source_trained_scalar_interpolation_plus_ls,-14.821733896087185,0.05289306306887404,0.04292710521521779,0.07090138930305505,0.0035040165585043725,1.0,237.29760000423994,10.111308086175047,,
20260703,20.0,2,19,tensor_nomp3d_known_order_v1,-60.09985491989802,5.539351522834116e-05,0.0002878196974347784,0.00023999034734167006,1.9494286456092137e-05,1.0,1041.5162999997847,55.38942910998588,6.0,0.0453974353997785
20260703,20.0,4,0,grid_fft_topk_plus_ls,-5.497956289602857,0.1838802975178465,0.14412400689650887,0.20527526001179072,0.011151395020590702,1.0,15.51820000167936,0.0,,
20260703,20.0,4,0,deterministic_cartesian_local_refinement_plus_ls,-15.675027494616247,0.051154991185181874,0.05538862822278441,0.04890485759751056,0.0038051719676713835,1.0,387.3413000110304,10.177071205013391,,
20260703,20.0,4,0,fixed_source_trained_scalar_interpolation_plus_ls,-12.08358125375134,0.07113189531789935,0.05990820708865717,0.10395064719941073,0.004988066258357004,1.0,398.8112000079127,6.585624964148484,,
20260703,20.0,4,0,tensor_nomp3d_known_order_v1,-61.63934678005938,0.00019757064417421096,0.00030562937064544324,0.00021845877722819642,2.0343752907006345e-05,1.0,3146.113900002092,56.14139049045652,16.0,0.08268446414825811
20260703,20.0,4,1,grid_fft_topk_plus_ls,-3.708969872939071,0.2916681944885428,0.1638898017384704,0.25700747926832895,0.013214324349093705,1.0,17.25639999494888,0.0,,
20260703,20.0,4,1,deterministic_cartesian_local_refinement_plus_ls,-13.844001735289552,0.073823603280353,0.061984427797310906,0.06996961367646395,0.004485724347356134,1.0,392.8077000018675,10.13503186235048,,
20260703,20.0,4,1,fixed_source_trained_scalar_interpolation_plus_ls,-8.84680226472088,0.14941162200770222,0.07915801070036808,0.12311906301166271,0.006375115337380663,1.0,454.0176999871619,5.137832391781809,,
20260703,20.0,4,1,tensor_nomp3d_known_order_v1,-57.478969075862445,0.0001531413394190631,0.0004225235491383881,0.00040841216873471953,2.9354561785166513e-05,1.0,3464.808999997331,53.76999920292337,17.0,0.029440793067404734
20260703,20.0,4,2,grid_fft_topk_plus_ls,-4.809547537657884,0.1985162871990956,0.1996900673296654,0.20321478301008944,0.014088995344121932,1.0,20.42109999456443,0.0,,
20260703,20.0,4,2,deterministic_cartesian_local_refinement_plus_ls,-14.50686110736793,0.06708049362696619,0.0472446329207731,0.05612712636944357,0.003474195150842271,1.0,423.5960000078194,9.697313569710047,,
20260703,20.0,4,2,fixed_source_trained_scalar_interpolation_plus_ls,-11.855281227794299,0.09095351924750253,0.06383616541753613,0.08990069985174175,0.004931106799564688,1.0,431.94779999612365,7.045733690136415,,
20260703,20.0,4,2,tensor_nomp3d_known_order_v1,-59.04255526635757,0.0002816338511811926,9.32010146607106e-05,0.00027990848218419626,1.0737084654683378e-05,1.0,3674.441900002421,54.23300772869968,17.0,0.023385063647062047
20260703,20.0,4,3,grid_fft_topk_plus_ls,-5.800081721766564,14.597846760285956,1.4404959386538705,7.56018710409562,0.27736045525982933,0.75,22.32200000435114,0.0,,
20260703,20.0,4,3,deterministic_cartesian_local_refinement_plus_ls,-11.922871730131943,14.70981060231934,1.65501085282611,7.55968582956652,0.28233947238544066,0.75,424.15219999384135,6.122790008365379,,
20260703,20.0,4,3,fixed_source_trained_scalar_interpolation_plus_ls,-10.969684445586484,14.669618442008797,1.5732455492134705,7.55967291995356,0.28037871546923054,0.75,432.93170000833925,5.16960272381992,,
20260703,20.0,4,3,tensor_nomp3d_known_order_v1,-60.278362929638135,0.00031703672458425347,0.0002955100559923973,0.0003590008926088763,2.175117703937145e-05,1.0,3399.671200008015,54.47828120787157,17.0,0.06907568977898156
20260703,20.0,4,4,grid_fft_topk_plus_ls,-4.838439153137385,20.899581097140373,1.171711713496573,0.866638149986114,0.18098640765078006,0.5,24.589100008597597,0.0,,
20260703,20.0,4,4,deterministic_cartesian_local_refinement_plus_ls,-9.579005942214849,21.008908787948055,1.1559984741414508,0.8513578879360384,0.18129318093116212,0.75,434.8481999913929,4.740566789077464,,
20260703,20.0,4,4,fixed_source_trained_scalar_interpolation_plus_ls,-8.245433349456741,20.969409993347092,1.1591424731748574,0.8534588888982357,0.1811020325013015,0.75,400.1270000007935,3.4069941963193564,,
20260703,20.0,4,4,tensor_nomp3d_known_order_v1,-57.47043501710549,0.0002656707960958822,0.000987688743043303,0.000326212172844882,6.260102698115557e-05,1.0,3427.888999998686,52.6319958639681,17.0,0.037287777903527455
20260703,20.0,4,5,grid_fft_topk_plus_ls,-5.534295813512681,0.1469109261091282,0.1936195078979064,0.24284643333227396,0.014330003346067207,1.0,22.95060000324156,0.0,,
20260703,20.0,4,5,deterministic_cartesian_local_refinement_plus_ls,-12.079329350933572,0.07417920555158485,0.09424870261781927,0.06104110037211219,0.006218765497289369,1.0,449.15539999783505,6.54503353742089,,
20260703,20.0,4,5,fixed_source_trained_scalar_interpolation_plus_ls,-10.214806896550474,0.07377181928215826,0.11535881556670835,0.12158094195760338,0.008170108756640747,1.0,425.1300000032643,4.680511083037793,,
20260703,20.0,4,5,tensor_nomp3d_known_order_v1,-57.9897226912214,0.0006137815596541857,0.00037917611794971337,0.0003442479757460864,2.646397666125039e-05,1.0,3482.5530999951297,52.45542687770872,18.0,0.02396778988545594
20260703,20.0,4,6,grid_fft_topk_plus_ls,-4.419599447106414,0.23169327038414642,0.2378889294333587,0.21185991790783396,0.016375844042090252,1.0,24.178400009986944,0.0,,
20260703,20.0,4,6,deterministic_cartesian_local_refinement_plus_ls,-15.152616979522804,0.06923402208632533,0.055384802216918425,0.06159380183876277,0.0039974706425267665,1.0,468.04409999458585,10.73301753241639,,
20260703,20.0,4,6,fixed_source_trained_scalar_interpolation_plus_ls,-12.495555621805828,0.043991828473014034,0.11621446420428828,0.08289158408883868,0.0077191407121945475,1.0,459.82699999876786,8.075956174699414,,
20260703,20.0,4,6,tensor_nomp3d_known_order_v1,-57.75026086879359,0.00038044382698291954,0.0008262396633307383,0.00034913053275266155,5.2863567654786605e-05,1.0,3664.7022000106517,53.330661421687175,18.0,0.011397339631249639
20260703,20.0,4,7,grid_fft_topk_plus_ls,-4.912196814417243,24.62463989043727,2.99988213587682,8.447246243640906,0.376625962009322,0.5,20.128300006035715,0.0,,
20260703,20.0,4,7,deterministic_cartesian_local_refinement_plus_ls,-9.015913372075802,24.83840108525053,3.2628620806582727,8.447246243640906,0.3859092606821657,0.5,429.6373999968637,4.10371655765856,,
20260703,20.0,4,7,fixed_source_trained_scalar_interpolation_plus_ls,-8.79943933667409,24.761717008989393,3.16569253162962,8.447246243640906,0.38243134117120564,0.5,390.22070000646636,3.887242522256848,,
20260703,20.0,4,7,tensor_nomp3d_known_order_v1,-57.509703696368746,0.00045077799394940897,0.0007019847520296185,0.0003692649121901713,4.55026934480565e-05,1.0,3649.633500011987,52.5975068819515,17.0,0.057198749625430326
20260703,20.0,4,8,grid_fft_topk_plus_ls,-4.653418800565839,11.457967608360445,1.9518360531396521,5.492212618085176,0.22880542620163843,0.5,19.43060000485275,0.0,,
20260703,20.0,4,8,deterministic_cartesian_local_refinement_plus_ls,-13.316748877824207,11.569297874885219,2.031311083247399,5.377866524300494,0.22919672920223508,0.75,430.5045000073733,8.663330077258369,,
20260703,20.0,4,8,fixed_source_trained_scalar_interpolation_plus_ls,-11.706486983684234,11.529051581729092,1.9981257345115861,5.418283619080709,0.22886281067959022,0.75,432.56580000161193,7.053068183118396,,
20260703,20.0,4,8,tensor_nomp3d_known_order_v1,-57.230652458501936,0.0003915587386194464,0.00011065042752056731,0.0010462711166410305,3.355906215401825e-05,1.0,3859.4387999910396,52.5772336579361,18.0,0.020214920280452874
20260703,20.0,4,9,grid_fft_topk_plus_ls,-4.475158601200203,19.923650378733175,2.6055727814480574,6.032271943244985,0.2937397490745075,0.75,19.341899998835288,0.0,,
20260703,20.0,4,9,deterministic_cartesian_local_refinement_plus_ls,-9.890472845715514,19.923324277306225,2.821131920071679,5.917510172932787,0.299186308668444,0.75,412.2219000128098,5.4153142445153115,,
20260703,20.0,4,9,fixed_source_trained_scalar_interpolation_plus_ls,-8.73374702701468,19.923368040084167,2.740587522378106,5.95812578663812,0.29704161424818376,0.75,421.742999998969,4.258588425814477,,
20260703,20.0,4,9,tensor_nomp3d_known_order_v1,-59.555589437714154,0.000170581371870187,0.0003118497553335288,0.00026243365176632457,2.1187664233843457e-05,1.0,3622.7747999946587,55.080430836513955,16.0,0.029563404405405877
20260703,20.0,4,10,grid_fft_topk_plus_ls,-5.427652385047307,27.547131189987436,1.6675483648718876,3.881143291810404,0.2681204850075335,0.25,22.841099998913705,0.0,,
20260703,20.0,4,10,deterministic_cartesian_local_refinement_plus_ls,-12.35515988915493,27.588520188314373,1.8264723199184807,4.124942711406975,0.2758678773300639,0.25,443.56040000275243,6.927507504107623,,
20260703,20.0,4,10,fixed_source_trained_scalar_interpolation_plus_ls,-10.675691013081924,27.57365398527677,1.765446370303039,4.037173234678895,0.27294173074582656,0.25,439.532300006249,5.2480386280346165,,
20260703,20.0,4,10,tensor_nomp3d_known_order_v1,-58.17630078935903,0.0004882229786826228,0.0010143391136279204,0.0007994542391207712,6.824788254354074e-05,1.0,3577.2194000019226,52.74864840431172,16.0,0.06365285639365433
20260703,20.0,4,11,grid_fft_topk_plus_ls,-7.424435481588897,0.1219402895533126,0.15741890315311274,0.20924487617861648,0.011851770129412404,1.0,19.4274000095902,0.0,,
20260703,20.0,4,11,deterministic_cartesian_local_refinement_plus_ls,-16.063101652519613,0.0439916525849828,0.024102459929216783,0.06517651545732497,0.00255651865934046,1.0,398.90790000208654,8.638666170930716,,
20260703,20.0,4,11,fixed_source_trained_scalar_interpolation_plus_ls,-13.394859129909499,0.06047799124592777,0.05854994054369913,0.09837374263623193,0.004802584611457544,1.0,405.0355999934254,5.970423648320602,,
20260703,20.0,4,11,tensor_nomp3d_known_order_v1,-58.47777904202709,0.0003111296794423579,0.0005039121181791234,0.00021738202647977607,3.231036534394324e-05,1.0,3745.6008000008296,51.05334356043819,16.0,0.024817265485181362
20260703,20.0,4,12,grid_fft_topk_plus_ls,-6.30107496680594,27.085887422508595,2.5259460143454078,4.6399913216750255,0.3012084444015939,0.5,21.219700007350184,0.0,,
20260703,20.0,4,12,deterministic_cartesian_local_refinement_plus_ls,-17.25105383715454,27.199224787858977,2.5259460143454078,4.590272247052958,0.30108783350423185,0.5,435.1390999945579,10.9499788703486,,
20260703,20.0,4,12,fixed_source_trained_scalar_interpolation_plus_ls,-13.358638983145442,27.158320341389246,2.5259460143454078,4.607505977798592,0.3011195291577417,0.5,431.72940000658855,7.0575640163395015,,
20260703,20.0,4,12,tensor_nomp3d_known_order_v1,-58.57813907747922,0.0005401926108651444,0.0006533871781672701,0.0006797289189942319,4.622390126426559e-05,1.0,3497.697300001164,52.27706411067328,15.0,0.043486905326254315
20260703,20.0,4,13,grid_fft_topk_plus_ls,-3.921241451945317,9.509855935146057,3.108187650862569,3.937462200065414,0.2416562024421352,0.5,22.06309999746736,0.0,,
20260703,20.0,4,13,deterministic_cartesian_local_refinement_plus_ls,-12.85045980880126,9.396447380509546,3.2008826857798374,3.819615813089322,0.24425107010428881,0.75,416.6642000054708,8.929218356855943,,
20260703,20.0,4,13,fixed_source_trained_scalar_interpolation_plus_ls,-9.464170745123765,9.43675099178651,3.1652460629002728,3.8607208274087874,0.24316047036417482,0.75,406.54260000155773,5.542929293178448,,
20260703,20.0,4,13,tensor_nomp3d_known_order_v1,-59.12253795331158,0.0007633125891952887,0.0002020475190665829,0.0004678833648632751,2.0219088694060557e-05,1.0,3549.3947000068147,55.20129650136626,17.0,0.040190133624708566
20260703,20.0,4,14,grid_fft_topk_plus_ls,-6.233615655472383,17.567998076257325,1.8829692855478128,1.3479154881709758,0.18563875490909096,0.5,20.13000000442844,0.0,,
20260703,20.0,4,14,deterministic_cartesian_local_refinement_plus_ls,-9.436689326405316,17.56774242196251,1.9612202845078681,1.4481600551027958,0.1894992525685915,0.75,458.30250000290107,3.203073670932933,,
20260703,20.0,4,14,fixed_source_trained_scalar_interpolation_plus_ls,-9.691557928092314,17.567751169342422,1.9297990756120902,1.4089585087157614,0.1879442121867379,0.75,436.12149999535177,3.4579422726199303,,
20260703,20.0,4,14,tensor_nomp3d_known_order_v1,-58.4956183376018,0.00047759227368951446,0.0004079256252642644,0.0004180632069863977,2.8889708219088898e-05,1.0,3563.8236999948276,52.26200268212941,16.0,0.02041725872288587
20260703,20.0,4,15,grid_fft_topk_plus_ls,-5.210375890776752,18.024024446174185,1.886483507751297,0.9251645654641074,0.18591859318403836,0.75,23.818300003767945,0.0,,
20260703,20.0,4,15,deterministic_cartesian_local_refinement_plus_ls,-12.850223507257253,18.247756600237174,1.765310123643669,0.9168818531434033,0.18253114158537348,0.75,455.3310000046622,7.639847616480501,,
20260703,20.0,4,15,fixed_source_trained_scalar_interpolation_plus_ls,-11.23853301373086,18.167398698536886,1.8072197001698544,0.9166882318458583,0.18363965638865345,0.75,451.97920000646263,6.028157122954108,,
20260703,20.0,4,15,tensor_nomp3d_known_order_v1,-55.42461827243996,0.00035780255191220864,0.00020179749686822878,0.0010344616990244995,3.481257493192769e-05,1.0,3537.198799996986,50.214242381663205,16.0,0.03610326345964617
20260703,20.0,4,16,grid_fft_topk_plus_ls,-5.655062691627892,0.14626416205300538,0.2349269024568789,0.1963429045416655,0.015954348002662117,1.0,17.230199999175966,0.0,,
20260703,20.0,4,16,deterministic_cartesian_local_refinement_plus_ls,-14.77233177854312,0.04073273712518733,0.07392155974999662,0.0793080854033195,0.00525251591835704,1.0,460.4165000055218,9.117269086915227,,
20260703,20.0,4,16,fixed_source_trained_scalar_interpolation_plus_ls,-13.060084881606244,0.05391874526094107,0.10786005643233589,0.09546867641927931,0.007383941693721732,1.0,488.3333999896422,7.405022189978352,,
20260703,20.0,4,16,tensor_nomp3d_known_order_v1,-56.141012537392704,0.00014270196655083128,0.0006598333322778314,0.000602128641096179,4.534321961560274e-05,1.0,3383.2321999943815,50.485949845764814,18.0,0.009824126047425902
20260703,20.0,4,17,grid_fft_topk_plus_ls,-6.361682582507793,21.885330034923236,0.1636302122618869,4.517550335430424,0.22196485821174167,0.5,16.037399997003376,0.0,,
20260703,20.0,4,17,deterministic_cartesian_local_refinement_plus_ls,-11.16682834146189,21.885159674817068,0.08387389807016978,4.614932234383499,0.22373942063322189,0.75,396.58800000324845,4.805145758954097,,
20260703,20.0,4,17,fixed_source_trained_scalar_interpolation_plus_ls,-10.629863909326172,21.88515421366626,0.10580261511889333,4.578076096936963,0.2230351621433299,0.75,456.4155000116443,4.268181326818379,,
20260703,20.0,4,17,tensor_nomp3d_known_order_v1,-59.2195566776724,0.0005109016202720059,0.0005506028951165644,0.0003611540654079981,3.6435412548797274e-05,1.0,3362.0484999992186,52.857874095164604,16.0,0.04103159618134127
20260703,20.0,4,18,grid_fft_topk_plus_ls,-7.085435957238031,0.18346489777213426,0.09729621964655048,0.241226159427258,0.009790779501589889,1.0,16.662499998346902,0.0,,
20260703,20.0,4,18,deterministic_cartesian_local_refinement_plus_ls,-12.238487274433831,0.07510206643263216,0.05512912325334893,0.07507274257345767,0.004209517400168329,1.0,402.7298000000883,5.1530513171958,,
20260703,20.0,4,18,fixed_source_trained_scalar_interpolation_plus_ls,-14.028390892327353,0.08334231105995973,0.049310971865190775,0.0639567904530359,0.003730532820917464,1.0,430.9872000012547,6.942954935089322,,
20260703,20.0,4,18,tensor_nomp3d_known_order_v1,-59.02547013173308,0.0003608561030495297,0.0002435356956756364,0.0002995845211001872,1.809070019633569e-05,1.0,3416.487299997243,51.94003417449505,18.0,0.0257383875772676
20260703,20.0,4,19,grid_fft_topk_plus_ls,-6.729644857110547,0.18773227965343878,0.18756741735063628,0.15659870462745637,0.012787781474054237,1.0,21.015499994973652,0.0,,
20260703,20.0,4,19,deterministic_cartesian_local_refinement_plus_ls,-17.749374037402717,0.05397301706577952,0.0497884833251304,0.06431721035323701,0.003728367781489829,1.0,458.4462000057101,11.01972918029217,,
20260703,20.0,4,19,fixed_source_trained_scalar_interpolation_plus_ls,-13.244855796498667,0.09312164523432229,0.09149190173241994,0.07495592697177322,0.00622208146233864,1.0,455.5162000033306,6.51521093938812,,
20260703,20.0,4,19,tensor_nomp3d_known_order_v1,-58.00326627655669,0.0003722135638408234,0.0002975640360777609,0.00017229817052851198,1.9578642885314517e-05,1.0,3748.6980999965454,51.27362141944614,17.0,0.02562758076603923
20260703,20.0,8,0,grid_fft_topk_plus_ls,-4.7031247219221575,0.24640351063229546,0.1832191792645267,0.1585400677113031,0.012624639993305278,1.0,49.368499996489845,0.0,,
20260703,20.0,8,0,deterministic_cartesian_local_refinement_plus_ls,-14.489069822729604,0.07210304434871524,0.07097261397045873,0.06052132740751927,0.004854947427176092,1.0,849.8796000058064,9.785945100807446,,
20260703,20.0,8,0,fixed_source_trained_scalar_interpolation_plus_ls,-10.29704438475999,0.12204899704532743,0.10435608504503471,0.0743859943514348,0.00698946217518789,1.0,874.8732000094606,5.593919662837833,,
20260703,20.0,8,0,tensor_nomp3d_known_order_v1,-55.80843940968484,0.00047797660721496333,0.00037262113585550356,0.00046112698203331303,2.7639966771052953e-05,1.0,12667.12749999715,51.10531468776268,53.0,0.1295154507804303
20260703,20.0,8,1,grid_fft_topk_plus_ls,-5.1279654890665585,15.934933324630538,2.3811423193867696,2.9784915110525247,0.21519635364239584,0.5,43.05690000182949,0.0,,
20260703,20.0,8,1,deterministic_cartesian_local_refinement_plus_ls,-13.157559295679135,15.963294354809667,2.4767276698497556,3.037247460076308,0.22028094821115574,0.625,921.8877999956021,8.029593806612578,,
20260703,20.0,8,1,fixed_source_trained_scalar_interpolation_plus_ls,-11.519893254801248,15.952962262239256,2.4405474472725097,3.0144101006169146,0.21834296602709102,0.625,906.8455999949947,6.39192776573469,,
20260703,20.0,8,1,tensor_nomp3d_known_order_v1,-56.49203755776446,0.00044859151854336024,0.00030774658349658906,0.0007040742749788199,2.943361124475356e-05,1.0,12931.198500009486,51.3640720686979,51.0,0.07104672844035405
20260703,20.0,8,2,grid_fft_topk_plus_ls,-5.891540872435054,23.285824224245328,0.9730511389919109,4.291609069981867,0.23405096996504776,0.5,50.315399988903664,0.0,,
20260703,20.0,8,2,deterministic_cartesian_local_refinement_plus_ls,-12.055870500802586,23.30508746494494,0.887133331957586,4.390016463135655,0.2346159399068562,0.75,967.260699995677,6.164329628367532,,
20260703,20.0,8,2,fixed_source_trained_scalar_interpolation_plus_ls,-12.716829251681439,23.297972989229837,0.9148563555879264,4.353029815966754,0.2343154898866995,0.75,921.4531000034185,6.825288379246385,,
20260703,20.0,8,2,tensor_nomp3d_known_order_v1,-54.53421750095195,0.0005480887951165711,0.0010428599189305791,0.0009868774629341534,7.223368011409491e-05,1.0,12365.787700007786,48.642676628516895,49.0,0.0878453558620115
20260703,20.0,8,3,grid_fft_topk_plus_ls,-5.192055851586156,9.720924448299114,1.465359076423672,2.780836552643043,0.14733367238217465,0.625,45.291999995242804,0.0,,
20260703,20.0,8,3,deterministic_cartesian_local_refinement_plus_ls,-12.745223529633062,9.722295875980855,1.4935533760474597,2.8579312778445356,0.14986409128112668,0.75,949.6606000029715,7.553167678046906,,
20260703,20.0,8,3,fixed_source_trained_scalar_interpolation_plus_ls,-11.032659118893438,9.721355946720484,1.4786085564905103,2.8277387423355833,0.14871778484659628,0.75,949.227899996913,5.840603267307282,,
20260703,20.0,8,3,tensor_nomp3d_known_order_v1,-55.619977518980704,0.0006340456608701857,0.0003872455292076367,0.0010110510751692803,4.010711421024785e-05,1.0,12876.92270000116,50.42792166739455,48.0,0.05377840727198334
20260703,20.0,8,4,grid_fft_topk_plus_ls,-6.157719928504158,22.994850386496193,2.219275837323286,4.4609768467413655,0.26635699125659174,0.5,52.29069999768399,0.0,,
20260703,20.0,8,4,deterministic_cartesian_local_refinement_plus_ls,-11.921489507633549,23.021707684714553,2.349943060985219,4.5589790086257125,0.2724278828840104,0.625,834.0576000045985,5.763769579129391,,
20260703,20.0,8,4,fixed_source_trained_scalar_interpolation_plus_ls,-10.80736466280432,23.011841375854587,2.3011628155346107,4.522844102509278,0.2701527214004991,0.625,836.0497999965446,4.6496447343001615,,
20260703,20.0,8,4,tensor_nomp3d_known_order_v1,-55.03253340996973,0.0010683976433605968,0.000892973951620013,0.0007328622534868449,6.090174504684087e-05,1.0,12387.981200008653,48.87481348146557,48.0,0.04064429298402042
20260703,20.0,8,5,grid_fft_topk_plus_ls,-4.733406027585306,7.218195187649213,1.9166675073700024,4.367408841578909,0.19015082851035603,0.375,39.521099999547005,0.0,,
20260703,20.0,8,5,deterministic_cartesian_local_refinement_plus_ls,-11.803269863772506,7.318507544491982,1.9772608071351674,4.4386039871532565,0.19437143559565484,0.5,766.650200006552,7.0698638361872,,
20260703,20.0,8,5,fixed_source_trained_scalar_interpolation_plus_ls,-9.971976870403838,7.281547978563212,1.9542912683895612,4.4119238294642935,0.1927795710690056,0.5,988.9854000066407,5.238570842818532,,
20260703,20.0,8,5,tensor_nomp3d_known_order_v1,-55.370378379146665,0.0005551304365447457,0.0004663577619748258,0.0009634219582082834,4.2128439339070075e-05,1.0,12367.354600006365,50.63697235156136,53.0,0.05675468434070312
20260703,20.0,8,6,grid_fft_topk_plus_ls,-5.4156579044314315,0.19432610954047638,0.20633124481592532,0.16476062722377816,0.013968315130094751,1.0,45.557999997981824,0.0,,
20260703,20.0,8,6,deterministic_cartesian_local_refinement_plus_ls,-14.745724255062111,0.07590309301850014,0.05497570002790861,0.03707238331300537,0.00367420164975179,1.0,845.8262000058312,9.33006635063068,,
20260703,20.0,8,6,fixed_source_trained_scalar_interpolation_plus_ls,-12.068077973864131,0.09215686043840692,0.09196220751976007,0.05770465297955929,0.006066752926426155,1.0,847.9741000046488,6.6524200694327,,
20260703,20.0,8,6,tensor_nomp3d_known_order_v1,-54.77393477752728,0.0005050325344167682,0.0004175406954661149,0.0005987147982675634,3.235184764947822e-05,1.0,13459.236499998951,49.358276873095846,52.0,0.08964556570102471
20260703,20.0,8,7,grid_fft_topk_plus_ls,-5.292495367630558,17.685808598920985,0.7256980523672825,3.3320300810839223,0.1788587252009496,0.625,44.696099997963756,0.0,,
20260703,20.0,8,7,deterministic_cartesian_local_refinement_plus_ls,-12.738001721036902,17.707390768961023,0.8578708517114287,3.217687163424921,0.1792297450987172,0.75,883.9081000041915,7.445506353406344,,
20260703,20.0,8,7,fixed_source_trained_scalar_interpolation_plus_ls,-11.296400089033249,17.699419095885872,0.8003939089414203,3.258199465601675,0.1788573900700859,0.75,859.6657000016421,6.003904721402691,,
20260703,20.0,8,7,tensor_nomp3d_known_order_v1,-54.17820861511192,0.0004506993336627769,0.0003770191397032848,0.0006351094099302964,3.100896587011046e-05,1.0,12828.980499994941,48.88571324748136,48.0,0.14052098938944932
20260703,20.0,8,8,grid_fft_topk_plus_ls,-5.426399979438996,15.178074677476852,1.017896371439032,1.4055112072497324,0.1415534826662089,0.875,46.86360000050627,0.0,,
20260703,20.0,8,8,deterministic_cartesian_local_refinement_plus_ls,-13.228233729387828,15.335821321253094,1.0060834709451507,1.4751213005434343,0.14294616327112883,0.875,922.3057000053814,7.801833749948832,,
20260703,20.0,8,8,fixed_source_trained_scalar_interpolation_plus_ls,-11.968795547467348,15.278760906069339,1.0074457900556995,1.447567861994299,0.1423343137007883,0.875,943.027199988137,6.542395568028352,,
20260703,20.0,8,8,tensor_nomp3d_known_order_v1,-55.23558017225719,0.0003125105837964139,0.000655769886745174,0.0007250735147625333,4.6895538295556794e-05,1.0,13767.530299999635,49.80918019281819,52.0,0.11584212430518037
20260703,20.0,8,9,grid_fft_topk_plus_ls,-4.474202429539179,18.274507945596344,0.21035909870910227,2.5451024001882567,0.1639565210382129,0.875,49.65190000075381,0.0,,
20260703,20.0,8,9,deterministic_cartesian_local_refinement_plus_ls,-11.568838227042729,18.353382696710035,0.16161230880525074,2.5390295526258715,0.16418614759709138,0.875,854.2948999966029,7.09463579750355,,
20260703,20.0,8,9,fixed_source_trained_scalar_interpolation_plus_ls,-9.37514318218825,18.32497976785931,0.1397147855027858,2.5397743959140415,0.16392506173497584,0.875,995.6404999975348,4.9009407526490705,,
20260703,20.0,8,9,tensor_nomp3d_known_order_v1,-56.06170747419814,0.0005280443916259751,0.00035978097816371477,0.00046912365140672267,2.715826983414428e-05,1.0,13789.44340000453,51.587505044658954,51.0,0.09041530980514827
20260703,20.0,8,10,grid_fft_topk_plus_ls,-4.552541862497005,13.199857976427722,1.8193686721594355,2.7811495421745613,0.17640332398825817,0.625,41.260600002715364,0.0,,
20260703,20.0,8,10,deterministic_cartesian_local_refinement_plus_ls,-10.782403439378923,13.205230217622773,1.8591776961217317,2.8315917652439926,0.17881639478456593,0.75,845.5965999892214,6.229861576881918,,
20260703,20.0,8,10,fixed_source_trained_scalar_interpolation_plus_ls,-9.322821563505885,13.202866096934523,1.8410754702558454,2.812599188091591,0.17777838895931714,0.75,943.1745999900158,4.77027970100888,,
20260703,20.0,8,10,tensor_nomp3d_known_order_v1,-56.32502877112585,0.0003362517405441184,0.0005704884695936833,0.0006455211170325239,4.105056506248352e-05,1.0,13731.397700001253,51.77248690862885,49.0,0.0605512367896099
20260703,20.0,8,11,grid_fft_topk_plus_ls,-8.644969400874869,11.215025807469654,1.7303657341810268,6.162608207412346,0.23761397852112615,0.375,51.336099990294315,0.0,,
20260703,20.0,8,11,deterministic_cartesian_local_refinement_plus_ls,-13.305770104123535,11.249360184147474,1.7785300028897113,6.162608207412346,0.23909757164579928,0.5,901.4948999974877,4.6608007032486665,,
20260703,20.0,8,11,fixed_source_trained_scalar_interpolation_plus_ls,-13.264988050368398,11.236430532210578,1.7544014298152173,6.162608207412346,0.23836299442083891,0.5,835.6282000022475,4.620018649493529,,
20260703,20.0,8,11,tensor_nomp3d_known_order_v1,-56.28584599300284,0.0008351152479457688,0.00225472263789012,0.001786094469960261,0.00015171164936787074,1.0,13095.161300007021,47.64087659212797,49.0,0.048028146361720314
20260703,20.0,8,12,grid_fft_topk_plus_ls,-7.34090718088132,17.881444421932276,1.719999726783513,0.8392862546551185,0.17821304312932953,0.625,54.635699998470955,0.0,,
20260703,20.0,8,12,deterministic_cartesian_local_refinement_plus_ls,-14.194468568248036,17.971465542636263,1.7346397226019066,0.8151321678481064,0.1792077527122839,0.75,929.59339999652,6.853561387366716,,
20260703,20.0,8,12,fixed_source_trained_scalar_interpolation_plus_ls,-13.467080928070077,17.938917779219807,1.7281495877431285,0.8185488615390994,0.17877847353609702,0.75,879.6928999945521,6.126173747188757,,
20260703,20.0,8,12,tensor_nomp3d_known_order_v1,-54.985724764230426,0.0013354670522121757,0.0005561126251310181,0.0003419959567527659,3.783022902073081e-05,1.0,13329.35919999727,47.64481758334911,48.0,0.08399521310254832
20260703,20.0,8,13,grid_fft_topk_plus_ls,-4.582275070842287,14.853803122028626,0.3820171088951955,5.005334558350794,0.19622123352620988,0.875,58.538999990560114,0.0,,
20260703,20.0,8,13,deterministic_cartesian_local_refinement_plus_ls,-14.418921248741903,14.77318507648006,0.41297136193270534,5.161919641169253,0.20001961109049265,0.875,974.092299991753,9.836646177899617,,
20260703,20.0,8,13,fixed_source_trained_scalar_interpolation_plus_ls,-11.557048990823658,14.801759342371257,0.3911600071801682,5.105261919613707,0.19855183430978923,0.875,1156.3260000111768,6.974773919981371,,
20260703,20.0,8,13,tensor_nomp3d_known_order_v1,-54.7240073766564,0.0012211178175894543,0.0003528026841522005,0.0005278858386488385,2.9143669239499283e-05,1.0,12430.811099999119,50.141732305814116,48.0,0.10903468070170151
20260703,20.0,8,14,grid_fft_topk_plus_ls,-4.4885694752055185,5.271195741474196,0.8210617340273332,4.484880880179295,0.15482891272188407,0.875,43.796199999633245,0.0,,
20260703,20.0,8,14,deterministic_cartesian_local_refinement_plus_ls,-11.648537504261435,5.427077100237319,0.8809033084603166,4.4813456477495475,0.15633511505416242,0.875,906.1730000103125,7.159968029055917,,
20260703,20.0,8,14,fixed_source_trained_scalar_interpolation_plus_ls,-8.852861683285088,5.3704248619563355,0.8557148407570313,4.481800560249839,0.1556805851613636,0.875,977.5655999983428,4.364292208079569,,
20260703,20.0,8,14,tensor_nomp3d_known_order_v1,-56.33412426633757,0.0006083401767951808,0.0006396375264974812,0.00035247893621595105,4.173853606596458e-05,1.0,12721.416300002602,51.84555479113205,56.0,0.0834478410974144
20260703,20.0,8,15,grid_fft_topk_plus_ls,-5.239126748909157,27.496132370618056,2.35587299861322,3.3604515434336917,0.28080783972084217,0.625,46.84750000888016,0.0,,
20260703,20.0,8,15,deterministic_cartesian_local_refinement_plus_ls,-11.434622300013524,27.726998452413056,2.425456126532254,3.3751832000082636,0.2846536478557831,0.625,904.685800007428,6.195495551104368,,
20260703,20.0,8,15,fixed_source_trained_scalar_interpolation_plus_ls,-10.83569623840502,27.64413047048168,2.3986500555105392,3.366892678458233,0.2831747102215425,0.625,1005.1306000095792,5.596569489495864,,
20260703,20.0,8,15,tensor_nomp3d_known_order_v1,-54.13506724290996,0.0007446694828804661,0.000659752429355206,0.0013784522061020064,5.991434190416591e-05,1.0,12868.87009999191,48.895940494000804,48.0,0.08624885508388805
20260703,20.0,8,16,grid_fft_topk_plus_ls,-5.373564610697513,9.061570447333128,1.8232335044839063,5.026695479317874,0.20657264719553112,0.625,42.412199996761046,0.0,,
20260703,20.0,8,16,deterministic_cartesian_local_refinement_plus_ls,-12.488144276516591,9.162941042752946,1.990400705339453,5.093318122215206,0.21432155264834898,0.75,876.1420999944676,7.114579665819078,,
20260703,20.0,8,16,fixed_source_trained_scalar_interpolation_plus_ls,-11.36037507711685,9.126293480798774,1.9284365995869908,5.068414659366712,0.21141698992812258,0.75,858.0758000025526,5.986810466419336,,
20260703,20.0,8,16,tensor_nomp3d_known_order_v1,-55.75266575320363,0.0008426313216572866,0.0009639907656656765,0.0004776910158695667,6.241930895314088e-05,1.0,12233.42259999481,50.379101142506116,48.0,0.13184568310314804
20260703,20.0,8,17,grid_fft_topk_plus_ls,-5.7644183746977395,2.1020310494997716,0.7979429074362218,4.362874856340737,0.1461006413966794,0.875,47.67040000297129,0.0,,
20260703,20.0,8,17,deterministic_cartesian_local_refinement_plus_ls,-11.275124966747912,2.0198929888202763,0.9313026168083247,4.437144746915782,0.15120786390660546,0.875,928.2896999939112,5.510706592050172,,
20260703,20.0,8,17,fixed_source_trained_scalar_interpolation_plus_ls,-10.10005169143081,2.0482635452604856,0.8792669831390238,4.409539490328207,0.14921242361996595,0.875,896.8511999992188,4.3356333167330705,,
20260703,20.0,8,17,tensor_nomp3d_known_order_v1,-53.92788554267344,0.0006604982760096899,0.0005819904779831553,0.0007206866312348203,4.3092231771445996e-05,1.0,11633.112299998174,48.163467167975696,50.0,0.08581331766126638
20260703,20.0,8,18,grid_fft_topk_plus_ls,-6.234665556138968,0.21356535462571943,1.4077793718468445,0.14156978624762792,0.08811316231780725,0.875,37.526800006162375,0.0,,
20260703,20.0,8,18,deterministic_cartesian_local_refinement_plus_ls,-14.197948573790669,0.21038857873547825,1.3223596457715587,0.10523362982593257,0.0827292075672353,0.875,704.5518999948399,7.9632830176517,,
20260703,20.0,8,18,fixed_source_trained_scalar_interpolation_plus_ls,-12.742137639426703,0.17791694683586862,1.3508772266936406,0.10665922862229539,0.08450702471694456,0.875,819.7715999995125,6.507472083287735,,
20260703,20.0,8,18,tensor_nomp3d_known_order_v1,-55.27725831412336,0.000569454717491583,0.00034404660548672324,0.0007592368631696953,3.232797469437169e-05,1.0,13057.83550000342,49.04259275798439,52.0,0.059463870619239384
20260703,20.0,8,19,grid_fft_topk_plus_ls,-6.1438704876626975,18.338725733839116,1.800833291075532,4.669396216766781,0.23342425298016092,0.75,56.31160001212265,0.0,,
20260703,20.0,8,19,deterministic_cartesian_local_refinement_plus_ls,-11.565627974992278,18.47391174322755,1.79859154461743,4.815050319892931,0.2368716486490192,0.75,836.2272999947891,5.421757487329581,,
20260703,20.0,8,19,fixed_source_trained_scalar_interpolation_plus_ls,-12.90301793378134,18.425184076838207,1.7981816282845349,4.761726529630763,0.23557159381652343,0.75,1021.001700006309,6.759147446118643,,
20260703,20.0,8,19,tensor_nomp3d_known_order_v1,-53.66999808740049,0.0007824151146878189,0.001071246862284487,0.002229907603160401,9.682976825437536e-05,1.0,13351.657499995781,47.52612759973779,47.0,0.08048624197018853
20260703,30.0,2,0,grid_fft_topk_plus_ls,-5.185310596624316,0.14112093543593845,0.2131252315326282,0.20945545600590992,0.014882539456653278,1.0,13.156100001651794,0.0,,
20260703,30.0,2,0,deterministic_cartesian_local_refinement_plus_ls,-13.97287419285403,0.04936358788737861,0.06293863442927043,0.07350165789421188,0.004571467884572798,1.0,234.48590000043623,8.787563596229715,,
20260703,30.0,2,0,fixed_source_trained_scalar_interpolation_plus_ls,-11.314314448443332,0.05363878166137975,0.08468219628630207,0.11558210146826058,0.00642134955137745,1.0,236.84789999970235,6.129003851819016,,
20260703,30.0,2,0,tensor_nomp3d_known_order_v1,-70.59557535962806,0.00011122307171381776,4.608185061844929e-05,6.476005916602539e-05,3.6256968375169676e-06,1.0,1392.7419999963604,65.41026476300374,7.0,0.0017778072496053609
20260703,30.0,2,1,grid_fft_topk_plus_ls,-6.683631388581993,0.2134295279680871,0.1515209420877451,0.13381848913390357,0.01048570370733607,1.0,11.696799992932938,0.0,,
20260703,30.0,2,1,deterministic_cartesian_local_refinement_plus_ls,-11.86972637218257,0.07849293625925748,0.06903385824809458,0.09078888800621783,0.005200134072700685,1.0,220.76919999381062,5.186094983600576,,
20260703,30.0,2,1,fixed_source_trained_scalar_interpolation_plus_ls,-12.787724405956588,0.09289613574448444,0.07390467773510331,0.07671430082324164,0.005254466595823391,1.0,224.07620000012685,6.104093017374595,,
20260703,30.0,2,1,tensor_nomp3d_known_order_v1,-71.48234015255734,5.0528684249801826e-05,5.914473553407857e-05,8.800476505280476e-05,4.624240793191122e-06,1.0,1380.9104999963893,64.79870876397536,7.0,0.004094537401397041
20260703,30.0,2,2,grid_fft_topk_plus_ls,-5.426131967708802,0.14423607512692108,0.22180801319508683,0.20039352730065954,0.015253489530630151,1.0,14.342100010253489,0.0,,
20260703,30.0,2,2,deterministic_cartesian_local_refinement_plus_ls,-19.070183947704873,0.05462657857015914,0.012922813849682599,0.04622058129648559,0.001709018629857223,1.0,219.85619999759365,13.644051979996071,,
20260703,30.0,2,2,fixed_source_trained_scalar_interpolation_plus_ls,-13.059616950265397,0.05955458306088173,0.07802385827664302,0.09966291620964607,0.005804872219606965,1.0,221.65429999586195,7.633484982556595,,
20260703,30.0,2,2,tensor_nomp3d_known_order_v1,-71.22525272616068,3.409183159090091e-05,7.836252117846888e-05,0.00011199628608675215,6.025543593405595e-06,1.0,1225.9852999995928,65.79912075845188,6.0,0.0014254488792066794
20260703,30.0,2,3,grid_fft_topk_plus_ls,-6.651989636818358,36.68380560390845,5.126673132838276,0.22411412306066045,0.4299433174658011,0.5,10.552499996265396,0.0,,
20260703,30.0,2,3,deterministic_cartesian_local_refinement_plus_ls,-9.4767534428351,36.68380560390845,5.126673132838276,0.42353932711201997,0.43008997605669796,0.5,218.84260000661016,2.824763806016742,,
20260703,30.0,2,3,fixed_source_trained_scalar_interpolation_plus_ls,-9.215930361926944,36.68380560390845,5.126673132838276,0.3225599905590574,0.43000443333295174,0.5,216.54760000819806,2.5639407251085853,,
20260703,30.0,2,3,tensor_nomp3d_known_order_v1,-71.50447606963559,0.00017123512687237342,0.00012477150094202997,7.100024149400881e-05,8.217343978693053e-06,1.0,1258.683399995789,64.85248643281723,7.0,0.002201649124621915
20260703,30.0,2,4,grid_fft_topk_plus_ls,-9.105870639914803,0.2505109826116594,0.07812621355185717,0.1690364962864013,0.007454968494373395,1.0,16.41709999239538,0.0,,
20260703,30.0,2,4,deterministic_cartesian_local_refinement_plus_ls,-12.598556399691496,0.09595518699617854,0.07812621355185717,0.0645390617999884,0.0053359385380023945,1.0,251.97610000032,3.492685759776693,,
20260703,30.0,2,4,fixed_source_trained_scalar_interpolation_plus_ls,-12.701924459027188,0.07147593248691955,0.07812621355185717,0.08418451613148688,0.005574526525744523,1.0,210.23340000829194,3.5960538191123845,,
20260703,30.0,2,4,tensor_nomp3d_known_order_v1,-69.87975212052093,5.321013463689178e-05,8.539221945733766e-05,8.674456523510718e-05,6.000398877934644e-06,1.0,1410.4796000028728,60.77388148060613,7.0,0.0023730768297284942
20260703,30.0,2,5,grid_fft_topk_plus_ls,-9.786075831054582,0.12534166886711556,0.10491335760253785,0.14665520102023671,0.008059647434578912,1.0,13.341300000320189,0.0,,
20260703,30.0,2,5,deterministic_cartesian_local_refinement_plus_ls,-16.021390939862833,0.0521695171119696,0.056589630567836696,0.01696827760796687,0.0035995294903885347,1.0,210.34000000508968,6.235315108808251,,
20260703,30.0,2,5,fixed_source_trained_scalar_interpolation_plus_ls,-19.87069909128391,0.03942611970716333,0.013367754087974491,0.0454755440017865,0.0016770404089014256,1.0,210.85450000828132,10.084623260229328,,
20260703,30.0,2,5,tensor_nomp3d_known_order_v1,-70.12479306729864,2.1715513040160002e-05,0.00014866108761765173,7.027046841857825e-05,9.54879979254496e-06,1.0,1450.606099999277,60.33871723624406,6.0,0.0009077345011821291
20260703,30.0,2,6,grid_fft_topk_plus_ls,-3.230736038342823,0.30163277676486644,0.2194582029215517,0.2437765915911893,0.015865678663404714,1.0,15.628799999831244,0.0,,
20260703,30.0,2,6,deterministic_cartesian_local_refinement_plus_ls,-13.156375411696546,0.07666321584338863,0.07009775178360858,0.06760460571702426,0.004900622765758555,1.0,256.62619998911396,9.925639373353723,,
20260703,30.0,2,6,fixed_source_trained_scalar_interpolation_plus_ls,-8.010849902114167,0.15721040315641527,0.12075483599923884,0.11214664646499306,0.008411330157037445,1.0,251.37539999559522,4.780113863771344,,
20260703,30.0,2,6,tensor_nomp3d_known_order_v1,-68.66854810255349,0.00014282833337710122,5.285240151787592e-05,8.932201435111814e-05,4.4663371363512476e-06,1.0,1330.7060000079218,65.43781206421066,6.0,0.00044671450839714537
20260703,30.0,2,7,grid_fft_topk_plus_ls,-7.486445515230096,0.06794085083758539,0.12327974272545106,0.25254803906663575,0.01104238059885816,1.0,12.640700006159022,0.0,,
20260703,30.0,2,7,deterministic_cartesian_local_refinement_plus_ls,-12.620416046773077,0.06794085083758539,0.10130031147669412,0.06051982123803523,0.006628990442863111,1.0,204.9022999999579,5.133970531542981,,
20260703,30.0,2,7,fixed_source_trained_scalar_interpolation_plus_ls,-12.132981281772118,0.06794085083758539,0.07880981600764637,0.11641767961701749,0.006146448572431497,1.0,206.16810000501573,4.646535766542022,,
20260703,30.0,2,7,tensor_nomp3d_known_order_v1,-71.70693364280721,4.786386507945169e-05,0.00011937668680296493,0.00011474927249629934,8.28648144284128e-06,1.0,1296.1745000066003,64.22048812757711,8.0,0.005103386787497467
20260703,30.0,2,8,grid_fft_topk_plus_ls,-6.3551462113621735,0.06976927618603523,0.19280287599305573,0.1722614473159043,0.013209180811274639,1.0,10.320899993530475,0.0,,
20260703,30.0,2,8,deterministic_cartesian_local_refinement_plus_ls,-12.626266478993628,0.06976927618603523,0.07473636861220603,0.06317285565154235,0.005100277964071173,1.0,196.84899999992922,6.271120267631455,,
20260703,30.0,2,8,fixed_source_trained_scalar_interpolation_plus_ls,-10.616825700445231,0.06976927618603523,0.10525237179672087,0.08584380124581831,0.007125112374483369,1.0,242.29949999426026,4.261679489083058,,
20260703,30.0,2,8,tensor_nomp3d_known_order_v1,-71.03167032004629,0.00017424212885760166,0.00014626048734886187,0.00012271273938022976,1.0006075157118824e-05,1.0,1312.682700008736,64.67652410868412,7.0,0.0036406430543217435
20260703,30.0,2,9,grid_fft_topk_plus_ls,-5.253557841625622,14.650615190176438,5.609794130592619,9.956225514804594,0.48252734306918815,0.5,12.468999993870966,0.0,,
20260703,30.0,2,9,deterministic_cartesian_local_refinement_plus_ls,-9.245997535280202,14.809232698009115,5.609794130592619,10.272331623228412,0.48924671405534814,0.5,239.60789998818655,3.992439693654579,,
20260703,30.0,2,9,fixed_source_trained_scalar_interpolation_plus_ls,-9.12056201997519,14.752236479362564,5.609794130592619,10.158838834063028,0.4868213899384395,0.5,251.77519999851938,3.867004178349567,,
20260703,30.0,2,9,tensor_nomp3d_known_order_v1,-69.82424254764769,9.292574780205756e-05,7.696439852451141e-05,9.926995483830707e-05,5.769692684128138e-06,1.0,1171.443500003079,64.57068470602206,6.0,0.002257361594339631
20260703,30.0,2,10,grid_fft_topk_plus_ls,-4.562524458354079,0.0811163357136007,0.24897381773272756,0.18894387242510755,0.016655484147426163,1.0,14.338900000439025,0.0,,
20260703,30.0,2,10,deterministic_cartesian_local_refinement_plus_ls,-12.285593305021784,0.0811163357136007,0.1037779253581701,0.03844560989961753,0.0066268229605815614,1.0,202.55919999908656,7.723068846667705,,
20260703,30.0,2,10,fixed_source_trained_scalar_interpolation_plus_ls,-9.642400863221749,0.0811163357136007,0.13218719854458053,0.04577762064821734,0.008408552985734867,1.0,211.00290000322275,5.07987640486767,,
20260703,30.0,2,10,tensor_nomp3d_known_order_v1,-68.27827294180436,0.00012317064127336484,4.6538130046297645e-05,0.00018230161478511214,6.468467451223942e-06,1.0,1246.8646000052104,63.715748483450284,7.0,0.004030518329492664
20260703,30.0,2,11,grid_fft_topk_plus_ls,-5.047788770316004,27.02652970011421,4.145845857490814,0.09506666378275216,0.3342629352130317,0.5,10.472300011315383,0.0,,
20260703,30.0,2,11,deterministic_cartesian_local_refinement_plus_ls,-8.960080362540918,27.343720256607295,4.303861253675151,0.20788870964062983,0.343559669355033,0.5,224.6613999886904,3.912291592224914,,
20260703,30.0,2,11,fixed_source_trained_scalar_interpolation_plus_ls,-10.816150428830527,27.2297104736374,4.246584730667419,0.13907518180635223,0.34017220504759205,0.5,230.1276000071084,5.768361658514523,,
20260703,30.0,2,11,tensor_nomp3d_known_order_v1,-72.70450113747765,7.970801720243233e-05,1.913138895083608e-05,7.611385476550383e-05,2.7340525810650878e-06,1.0,1308.1914999929722,67.65671236716165,7.0,0.0036522826397679124
20260703,30.0,2,12,grid_fft_topk_plus_ls,-8.468346357413669,44.73408776515265,0.1575507009637772,4.851613590899586,0.38108168203034143,0.0,14.200599995092489,0.0,,
20260703,30.0,2,12,deterministic_cartesian_local_refinement_plus_ls,-13.49089361365875,44.89056938607641,0.1575507009637772,4.851613590899586,0.38220314329031635,0.5,202.51529999950435,5.0225472562450815,,
20260703,30.0,2,12,fixed_source_trained_scalar_interpolation_plus_ls,-12.971338423339397,44.83427471427472,0.1575507009637772,4.851613590899586,0.38179962322661537,0.5,199.28620000428054,4.502992065925728,,
20260703,30.0,2,12,tensor_nomp3d_known_order_v1,-71.14684954764628,0.00011369937760579298,0.0003990881600175999,0.0006895298458330191,3.297348629987811e-05,1.0,1187.2106000082567,62.67850319023262,7.0,0.0011610150473837064
20260703,30.0,2,13,grid_fft_topk_plus_ls,-3.887602601356892,0.23928477926677433,0.08366435591429316,0.30989663906586434,0.011163443061709098,1.0,13.059199991403148,0.0,,
20260703,30.0,2,13,deterministic_cartesian_local_refinement_plus_ls,-11.700122311532095,0.08470212868238695,0.08366435591429316,0.08527625021664455,0.0059061127477383875,1.0,213.19819999916945,7.812519710175202,,
20260703,30.0,2,13,fixed_source_trained_scalar_interpolation_plus_ls,-7.937413458077687,0.13888773818402453,0.08366435591429316,0.16558999805144478,0.007436223498355128,1.0,213.6568999994779,4.049810856720795,,
20260703,30.0,2,13,tensor_nomp3d_known_order_v1,-71.81551421309138,5.4917241053487646e-05,3.860965221017238e-05,9.401698694093439e-05,3.826116663099811e-06,1.0,1296.7957000073511,67.92791161173449,7.0,0.002031809240458127
20260703,30.0,2,14,grid_fft_topk_plus_ls,-8.803913319524169,0.15779808987796243,0.12832187423579566,0.08519317703073799,0.008539896938026832,1.0,10.567699995590374,0.0,,
20260703,30.0,2,14,deterministic_cartesian_local_refinement_plus_ls,-13.475016489986968,0.06760053982257185,0.03086622522080409,0.08519317703073799,0.0033299052474019468,1.0,214.81750000384636,4.6711031704628,,
20260703,30.0,2,14,fixed_source_trained_scalar_interpolation_plus_ls,-15.313044099501544,0.014599636250350939,0.02626029399037923,0.08519317703073799,0.003129623362828899,1.0,239.6339000115404,6.509130779977376,,
20260703,30.0,2,14,tensor_nomp3d_known_order_v1,-71.7543631150881,2.9407475855282646e-05,9.216122285665932e-05,5.570320512381206e-05,6.02174291435851e-06,1.0,1382.0628999965265,62.95044979556393,7.0,0.005884924568901837
20260703,30.0,2,15,grid_fft_topk_plus_ls,-4.062168464078114,0.2259184168621178,0.22950927362582826,0.15634237523602162,0.015255983415961454,1.0,11.55879998987075,0.0,,
20260703,30.0,2,15,deterministic_cartesian_local_refinement_plus_ls,-15.459396068997624,0.03659517147715694,0.0757067659530678,0.01654489119949468,0.004768415318373049,1.0,223.53909999947064,11.39722760491951,,
20260703,30.0,2,15,fixed_source_trained_scalar_interpolation_plus_ls,-9.984596622745524,0.08659777024400096,0.1293158149715192,0.05576693588587786,0.008295622522477971,1.0,196.37270001112483,5.92242815866741,,
20260703,30.0,2,15,tensor_nomp3d_known_order_v1,-70.40875717329686,2.9842966240333834e-05,3.408543326308068e-05,5.7842486415307934e-05,2.803576632767499e-06,1.0,1325.8331999968505,66.34658870921875,6.0,0.004075967238918057
20260703,30.0,2,16,grid_fft_topk_plus_ls,-6.183917069408271,14.167570520659861,3.6713705073305793,0.8481680553168431,0.25613609904206086,0.0,14.585500000976026,0.0,,
20260703,30.0,2,16,deterministic_cartesian_local_refinement_plus_ls,-11.163709383763486,14.326337145697593,3.8010106706117948,0.8481680553168431,0.263942952826771,0.5,201.46569999633357,4.9797923143552145,,
20260703,30.0,2,16,fixed_source_trained_scalar_interpolation_plus_ls,-11.557129335389755,14.269281197666757,3.7512278877416794,0.8481680553168431,0.26095528725260914,0.5,216.36819999548607,5.373212265981484,,
20260703,30.0,2,16,tensor_nomp3d_known_order_v1,-69.7262076218449,9.31571268944623e-05,0.00021631714066521902,0.00013556352390871863,1.4186683657683356e-05,1.0,1265.2012999897124,63.54229055243663,7.0,0.0007219422094533853
20260703,30.0,2,17,grid_fft_topk_plus_ls,-5.369089095070998,0.17982472154180984,0.17632083618870828,0.20407914954192216,0.012809660757430459,1.0,14.462100007222034,0.0,,
20260703,30.0,2,17,deterministic_cartesian_local_refinement_plus_ls,-15.15676020786308,0.06410373610831752,0.06714192053131937,0.02356983808238553,0.004289854241496709,1.0,224.85430000233464,9.787671112792083,,
20260703,30.0,2,17,fixed_source_trained_scalar_interpolation_plus_ls,-15.627676023427126,0.05079814573909693,0.048883227454342065,0.060278088443342544,0.0036111002204592076,1.0,242.70199998863973,10.258586928356127,,
20260703,30.0,2,17,tensor_nomp3d_known_order_v1,-74.42092598954062,8.939663318249364e-05,4.3449789066264155e-05,6.5718033599058885e-06,2.811494638980329e-06,1.0,1318.7674999935552,69.05183689446962,6.0,0.003019173146841324
20260703,30.0,2,18,grid_fft_topk_plus_ls,-4.992808148878979,40.786979092131496,5.129238108382074,1.5031546428094942,0.4544371219316702,0.0,12.817399998311885,0.0,,
20260703,30.0,2,18,deterministic_cartesian_local_refinement_plus_ls,-7.090151094472141,40.786979092131496,5.129238108382074,1.7547221136231181,0.4553168839360058,0.5,216.14220000628848,2.0973429455931623,,
20260703,30.0,2,18,fixed_source_trained_scalar_interpolation_plus_ls,-7.087352874021945,40.786979092131496,5.129238108382074,1.6550012719017464,0.4549521002713299,0.5,213.93490000627935,2.094544725142966,,
20260703,30.0,2,18,tensor_nomp3d_known_order_v1,-67.53284959012115,5.3943796769840374e-05,6.326611887717601e-05,0.00015755871348117868,6.3289564431096335e-06,1.0,1250.715800008038,62.54004144124217,6.0,0.0035456397671382936
20260703,30.0,2,19,grid_fft_topk_plus_ls,-3.929926502515069,0.2862799620592323,0.18056025135641515,0.169335691495185,0.01266318704315201,1.0,14.196499992976896,0.0,,
20260703,30.0,2,19,deterministic_cartesian_local_refinement_plus_ls,-13.975393661921522,0.07524385928343337,0.04533920218135354,0.06764400068816356,0.003583836359424256,1.0,232.97549999551848,10.045467159406453,,
20260703,30.0,2,19,fixed_source_trained_scalar_interpolation_plus_ls,-9.78333603781004,0.1460980185048698,0.036838757180770364,0.08594615419099867,0.0037171946564806763,1.0,219.07539998937864,5.85340953529497,,
20260703,30.0,2,19,tensor_nomp3d_known_order_v1,-73.40028279354699,6.927556623180549e-05,2.0820480821904428e-05,4.040813565037394e-05,1.892298102195971e-06,1.0,1155.0444000022253,69.47035629103192,7.0,0.0024323256835966133
20260703,30.0,4,0,grid_fft_topk_plus_ls,-4.905565863563817,30.905086805863654,0.3502200193255985,2.6547125920454513,0.25623740365188136,0.5,13.70619999943301,0.0,,
20260703,30.0,4,0,deterministic_cartesian_local_refinement_plus_ls,-14.173953494496592,30.792186439986676,0.1463158587114477,2.7593606934000845,0.25571519337928356,0.75,388.38799999211915,9.268387630932775,,
20260703,30.0,4,0,fixed_source_trained_scalar_interpolation_plus_ls,-11.499794849315787,30.83251983619341,0.20051818183609105,2.71914288013277,0.25573468695210494,0.75,454.97020000766497,6.59422898575197,,
20260703,30.0,4,0,tensor_nomp3d_known_order_v1,-68.68896989127204,0.0004786450898017181,0.00016805925184884966,0.0001053151622372184,1.1625073590555373e-05,1.0,3334.810700005619,63.78340402770822,16.0,0.008626367835574817
20260703,30.0,4,1,grid_fft_topk_plus_ls,-4.881338280857498,0.2000283360838271,0.15068132715065272,0.2779727792931129,0.012907007540106877,1.0,28.328300002613105,0.0,,
20260703,30.0,4,1,deterministic_cartesian_local_refinement_plus_ls,-13.685935160550983,0.05783744322208019,0.07728731077740957,0.07227041279339073,0.005351456368386187,1.0,471.2583999935305,8.804596879693484,,
20260703,30.0,4,1,fixed_source_trained_scalar_interpolation_plus_ls,-10.867740902026672,0.0880179173643606,0.07839809705551211,0.13922866062413486,0.006588776526130926,1.0,481.97789999539964,5.986402621169174,,
20260703,30.0,4,1,tensor_nomp3d_known_order_v1,-69.44615117912727,0.00013011626359398575,5.1788151098505215e-05,6.025302406154307e-05,3.880114746108017e-06,1.0,3536.434800000279,64.56481289826978,18.0,0.0031595389189704544
20260703,30.0,4,2,grid_fft_topk_plus_ls,-4.19201542951517,19.103459262695694,0.19308342280032487,4.166003749560795,0.19841559133877631,0.5,21.943500003544614,0.0,,
20260703,30.0,4,2,deterministic_cartesian_local_refinement_plus_ls,-8.752576735891768,19.10292525963359,0.059255075610517384,4.263152123201582,0.2000881648293634,0.75,441.1603000044124,4.560561306376599,,
20260703,30.0,4,2,fixed_source_trained_scalar_interpolation_plus_ls,-7.467060998735535,19.103040333890792,0.09892044525262238,4.226213138416803,0.19938357858742037,0.75,453.61810000031255,3.2750455692203655,,
20260703,30.0,4,2,tensor_nomp3d_known_order_v1,-68.24624923026433,0.00012096387529827636,7.484808239561626e-05,7.219835846440249e-05,5.278943737713455e-06,1.0,3689.9839999969117,64.05423380074916,19.0,0.0025988816290211762
20260703,30.0,4,3,grid_fft_topk_plus_ls,-2.7407604886937715,0.2704779752916866,0.2703919422158717,0.2461468248686125,0.01868760098736438,1.0,22.180200001457706,0.0,,
20260703,30.0,4,3,deterministic_cartesian_local_refinement_plus_ls,-11.656287619758208,0.07270974493695918,0.0803560968501442,0.0891436407743845,0.005771141253655968,1.0,459.7382999927504,8.915527131064437,,
20260703,30.0,4,3,fixed_source_trained_scalar_interpolation_plus_ls,-10.955404166032963,0.05837680399944952,0.11344576337036182,0.09665213830401753,0.007720356073312312,1.0,453.6545000009937,8.214643677339192,,
20260703,30.0,4,3,tensor_nomp3d_known_order_v1,-67.74081457224904,9.52789604525654e-05,0.00012430888037551135,0.0001949012343534775,9.900119462091905e-06,1.0,3535.7279000018025,65.00005408355527,17.0,0.00274923056369513
20260703,30.0,4,4,grid_fft_topk_plus_ls,-5.798292309158549,2.402512401332834,2.452660920798251,0.3861883933440904,0.1549069717040735,0.5,17.939600002137013,0.0,,
20260703,30.0,4,4,deterministic_cartesian_local_refinement_plus_ls,-14.024114819786512,2.3998260921339036,2.447269899258684,0.1325771041228478,0.1541548416129488,0.75,434.3635999975959,8.225822510627962,,
20260703,30.0,4,4,fixed_source_trained_scalar_interpolation_plus_ls,-11.757689555602921,2.400182401811091,2.4480135986887466,0.19622718256814678,0.1542675554335228,0.75,470.46910000790376,5.959397246444372,,
20260703,30.0,4,4,tensor_nomp3d_known_order_v1,-69.18470036277344,0.0002327731628165352,5.6724423513798536e-05,0.00010837837150866022,5.229402618261758e-06,1.0,3474.57759999088,63.38640805361489,16.0,0.006490091806971215
20260703,30.0,4,5,grid_fft_topk_plus_ls,-5.91347477181008,0.1870453902297685,0.1886918648237222,0.18887510239663022,0.013268519903995158,1.0,27.928800001973286,0.0,,
20260703,30.0,4,5,deterministic_cartesian_local_refinement_plus_ls,-12.318635353749121,0.09661188555633056,0.09179908432712723,0.052396965068894345,0.006014070051351849,1.0,470.4281999875093,6.405160581939041,,
20260703,30.0,4,5,fixed_source_trained_scalar_interpolation_plus_ls,-11.256694640254745,0.0989541645404959,0.08076024118051821,0.07621674172310788,0.005634527812552943,1.0,405.58779999264516,5.343219868444665,,
20260703,30.0,4,5,tensor_nomp3d_known_order_v1,-64.28027404015081,0.0001226683815793662,0.00012937995346406396,0.00013650203712142864,9.192492601371998e-06,1.0,3595.4968000005465,58.366799268340735,17.0,0.004896373509472363
20260703,30.0,4,6,grid_fft_topk_plus_ls,-4.182383179652865,0.2329150568776588,0.1767971847066085,0.24101051877513943,0.013495718259918089,1.0,21.694800001569092,0.0,,
20260703,30.0,4,6,deterministic_cartesian_local_refinement_plus_ls,-15.723169838817006,0.04207251943001749,0.06850139063423742,0.02893101123067766,0.004388082731715234,1.0,464.94459999667015,11.54078665916414,,
20260703,30.0,4,6,fixed_source_trained_scalar_interpolation_plus_ls,-11.571796598931412,0.09447387862853691,0.050677150278638006,0.09848944535175072,0.00447766780596346,1.0,475.2258000080474,7.389413419278547,,
20260703,30.0,4,6,tensor_nomp3d_known_order_v1,-66.90002936826086,9.615798569828632e-05,0.00011958151628807534,0.00010249665089851302,8.165907655410927e-06,1.0,3425.086499992176,62.71764618860799,16.0,0.005742137640019075
20260703,30.0,4,7,grid_fft_topk_plus_ls,-5.48946385489965,27.35544402643449,0.6547935175796422,2.6713281847265744,0.2330609671210396,0.75,18.20449999650009,0.0,,
20260703,30.0,4,7,deterministic_cartesian_local_refinement_plus_ls,-8.673756662580544,27.46784008133346,0.6529684843126375,2.8885493930719583,0.2363548231471019,0.75,435.30850000388455,3.184292807680894,,
20260703,30.0,4,7,fixed_source_trained_scalar_interpolation_plus_ls,-8.507290209113341,27.42754012092511,0.6513933715069598,2.8095908220416654,0.23511949713391123,0.75,456.4591999951517,3.0178263542136907,,
20260703,30.0,4,7,tensor_nomp3d_known_order_v1,-67.28605652564941,4.0355501460443925e-05,0.00017849295969253387,0.00010232784007012516,1.1609352662274604e-05,1.0,3653.495799997472,61.79659267074976,22.0,0.005221504925073265
20260703,30.0,4,8,grid_fft_topk_plus_ls,-6.487391497380081,10.645275552002996,0.6473740440935835,6.839802814548462,0.23289510568358052,0.5,25.080999999772757,0.0,,
20260703,30.0,4,8,deterministic_cartesian_local_refinement_plus_ls,-11.138497476979055,10.75129929041701,0.6473740440935835,6.839802814548462,0.233192176629048,0.75,498.55390000448097,4.651105979598974,,
20260703,30.0,4,8,fixed_source_trained_scalar_interpolation_plus_ls,-10.18123624229625,10.712504414450281,0.6473740440935835,6.839802814548462,0.23308317859754948,0.75,488.8904999970691,3.69384474491617,,
20260703,30.0,4,8,tensor_nomp3d_known_order_v1,-70.04240804807901,0.00014767350071850571,6.481184902854984e-05,9.621921219656918e-05,5.175004370434278e-06,1.0,3393.936400010716,63.55501655069893,14.0,0.0038821199695464005
20260703,30.0,4,9,grid_fft_topk_plus_ls,-4.723016703695977,0.16322224136386054,0.28046262727397153,0.1559562360889688,0.0182384537136966,1.0,23.460399999748915,0.0,,
20260703,30.0,4,9,deterministic_cartesian_local_refinement_plus_ls,-15.181582988919615,0.05444237678817181,0.06782398192515983,0.04179887068262314,0.004456031284240468,1.0,430.7915999961551,10.458566285223638,,
20260703,30.0,4,9,fixed_source_trained_scalar_interpolation_plus_ls,-11.612554627319618,0.052105462141118754,0.1395802182617639,0.0332179335574937,0.008794733122288624,1.0,368.9994000014849,6.8895379236236405,,
20260703,30.0,4,9,tensor_nomp3d_known_order_v1,-69.40895760626181,5.304055820994585e-05,8.587148931054554e-05,0.00015974011946961493,7.341315272912055e-06,1.0,3434.220600000117,64.68594090256583,17.0,0.004970694012312942
20260703,30.0,4,10,grid_fft_topk_plus_ls,-7.901480678525099,28.82895528588839,2.3597485730814673,7.033155186933217,0.3475404886285792,0.25,18.553000001702458,0.0,,
20260703,30.0,4,10,deterministic_cartesian_local_refinement_plus_ls,-9.596753661375011,28.82087716265689,2.5541309317354064,7.144958206621412,0.35501423836256646,0.25,450.5243000021437,1.6952729828499127,,
20260703,30.0,4,10,fixed_source_trained_scalar_interpolation_plus_ls,-9.727611118643022,28.823719576311436,2.4833466999697116,7.104921202943799,0.35227133300627056,0.25,402.61989999271464,1.8261304401179235,,
20260703,30.0,4,10,tensor_nomp3d_known_order_v1,-67.4287785167206,9.799948895587897e-05,7.716773743265764e-05,0.00020566042746566145,8.071693762905996e-06,1.0,3664.6211999905063,59.5272978381955,16.0,0.00511907718797395
20260703,30.0,4,11,grid_fft_topk_plus_ls,-7.271844452136139,0.13149908226974796,0.21381417299222802,0.19817237958289882,0.014764394619994866,1.0,22.863299993332475,0.0,,
20260703,30.0,4,11,deterministic_cartesian_local_refinement_plus_ls,-12.598100472344056,0.0720827990894513,0.07199233780929049,0.063532372894413,0.004950210581741184,1.0,475.6456999893999,5.326256020207917,,
20260703,30.0,4,11,fixed_source_trained_scalar_interpolation_plus_ls,-10.836806508856027,0.08135200189343253,0.11780868243567909,0.08902924735691585,0.007896757133142682,1.0,492.8437000053236,3.564962056719888,,
20260703,30.0,4,11,tensor_nomp3d_known_order_v1,-66.6947821955579,0.0001786467625359879,0.00016786360710673796,0.00016455905614622273,1.1767071704448e-05,1.0,3453.748599989922,59.42293774342177,17.0,0.003884302100635461
20260703,30.0,4,12,grid_fft_topk_plus_ls,-4.996871465283647,0.21663318139806534,0.16316754920688256,0.2237706485767851,0.012480493395960105,1.0,20.23229999758769,0.0,,
20260703,30.0,4,12,deterministic_cartesian_local_refinement_plus_ls,-11.987904178848854,0.0893623055579271,0.08592119021540746,0.07694130016690748,0.0059250584069607155,1.0,446.8954999902053,6.9910327135652075,,
20260703,30.0,4,12,fixed_source_trained_scalar_interpolation_plus_ls,-14.057613904904454,0.03958234683463762,0.09194588531164322,0.036964232526375984,0.005869716742255659,1.0,425.8158000011463,9.060742439620807,,
20260703,30.0,4,12,tensor_nomp3d_known_order_v1,-69.08076791754439,0.00010264954726489087,6.785691831365511e-05,8.47032649496017e-05,5.063218182307815e-06,1.0,3498.7320999935037,64.08389645226075,18.0,0.003746118259853388
20260703,30.0,4,13,grid_fft_topk_plus_ls,-5.650872694448898,13.9043666617855,3.9387278774739807,4.154408124349873,0.29875495109229716,0.25,23.14029999251943,0.0,,
20260703,30.0,4,13,deterministic_cartesian_local_refinement_plus_ls,-10.900160941563911,14.049435867147048,4.1098264614546896,4.126988783029157,0.3076679484506258,0.5,449.1820999974152,5.249288247115013,,
20260703,30.0,4,13,fixed_source_trained_scalar_interpolation_plus_ls,-11.795741300470663,13.997246547351837,4.0457966828186,4.136124707997256,0.30430920863425787,0.5,453.87029999983497,6.144868606021765,,
20260703,30.0,4,13,tensor_nomp3d_known_order_v1,-68.14674435702082,0.00015849290538326487,0.00025562749967326866,0.00019472563832685568,1.7141123472830515e-05,1.0,3432.7542999963043,62.49587166257192,16.0,0.003914852955871044
20260703,30.0,4,14,grid_fft_topk_plus_ls,-7.5496553136156885,0.17739433046246536,0.16669985868516177,0.14828470921635442,0.01148668230691205,1.0,17.45320000918582,0.0,,
20260703,30.0,4,14,deterministic_cartesian_local_refinement_plus_ls,-16.391375470016758,0.06357852418468295,0.052312643008753615,0.06978463422558359,0.003961359376489928,1.0,455.78040000691544,8.84172015640107,,
20260703,30.0,4,14,fixed_source_trained_scalar_interpolation_plus_ls,-15.730544684072447,0.04718607139103303,0.07673997952322584,0.047667893180508535,0.005035759208225106,1.0,474.4540999963647,8.180889370456757,,
20260703,30.0,4,14,tensor_nomp3d_known_order_v1,-67.45845453003766,0.0001196354226295956,0.00011476644115778396,0.00011182124130564879,8.033369960838282e-06,1.0,3429.0774000110105,59.90879921642197,17.0,0.001394489249322846
20260703,30.0,4,15,grid_fft_topk_plus_ls,-5.202597285389325,3.8778872179921406,3.611211645922801,5.852215590364065,0.29206916237053,0.75,21.713299996918067,0.0,,
20260703,30.0,4,15,deterministic_cartesian_local_refinement_plus_ls,-15.468673584814086,3.9886833386210325,3.4969954204424676,6.07399980949426,0.29115162508670733,0.75,462.6023000018904,10.26607629942476,,
20260703,30.0,4,15,fixed_source_trained_scalar_interpolation_plus_ls,-12.852884181645006,3.948629984182573,3.5370842810359213,5.99407035366883,0.29139216650172767,0.75,427.2098000074038,7.650286896255681,,
20260703,30.0,4,15,tensor_nomp3d_known_order_v1,-68.06644798976266,0.00032731678592420855,0.00016307685444710306,0.0001418022563049869,1.1404329423725446e-05,1.0,3634.792600001674,62.86385070437334,17.0,0.0020388571737859885
20260703,30.0,4,16,grid_fft_topk_plus_ls,-7.871186646977801,5.472166947716853,3.8919737038677877,1.9979756386826741,0.25474650791342573,0.5,26.630100008333102,0.0,,
20260703,30.0,4,16,deterministic_cartesian_local_refinement_plus_ls,-13.322434002306299,5.571108056951389,3.8902301315762844,1.993386026597086,0.25473825715260445,0.75,497.1174000093015,5.451247355328498,,
20260703,30.0,4,16,fixed_source_trained_scalar_interpolation_plus_ls,-12.503054294848031,5.534042835268243,3.8904806978220203,1.994301457838326,0.254710889314534,0.75,465.83970000210684,4.63186764787023,,
20260703,30.0,4,16,tensor_nomp3d_known_order_v1,-69.53788848715847,0.00025234248761230195,8.061737786218196e-05,0.00031610894226201874,1.1263069904525321e-05,1.0,3548.7772000051336,61.666701840180664,16.0,0.006084454145640367
20260703,30.0,4,17,grid_fft_topk_plus_ls,-6.712880130106128,18.860862848227654,2.8028763540697827,5.750989718121548,0.2910306399213483,0.25,15.248199997586198,0.0,,
20260703,30.0,4,17,deterministic_cartesian_local_refinement_plus_ls,-12.836182597891415,18.833704886110787,2.8172820681489155,5.906223318810864,0.29448223959154496,0.25,415.9542999987025,6.123302467785288,,
20260703,30.0,4,17,fixed_source_trained_scalar_interpolation_plus_ls,-11.847566716435864,18.843356926836776,2.811097454603274,5.849370105696803,0.2931779877772662,0.25,421.24609999882523,5.134686586329736,,
20260703,30.0,4,17,tensor_nomp3d_known_order_v1,-68.18779608781745,0.0003254332572078742,0.00021290324045369007,0.0007085203736477115,2.5956910176310517e-05,1.0,3267.727400001604,61.47491595771132,16.0,0.0022306066477386487
20260703,30.0,4,18,grid_fft_topk_plus_ls,-6.300580541074173,14.626919093522641,2.4482492462074763,6.635344421105456,0.2819005769099348,0.5,19.973800008301623,0.0,,
20260703,30.0,4,18,deterministic_cartesian_local_refinement_plus_ls,-11.419453358258094,14.513907959068401,2.538046106015088,6.634864299949851,0.28462211393919234,0.75,436.06810001074336,5.118872817183921,,
20260703,30.0,4,18,fixed_source_trained_scalar_interpolation_plus_ls,-10.659770965925919,14.55427600524071,2.5027767179884552,6.6348169958624394,0.28352473531157163,0.75,493.4699000004912,4.359190424851746,,
20260703,30.0,4,18,tensor_nomp3d_known_order_v1,-67.76673876847858,0.00018783863717268125,0.00017607926889566744,0.000124877768431846,1.1768241425083123e-05,1.0,3614.6923000051174,61.4661582274044,15.0,0.002360594054181641
20260703,30.0,4,19,grid_fft_topk_plus_ls,-6.814806700987997,23.59745971783837,0.9210490044286862,7.105352833390623,0.2942845378057588,0.75,17.858400009572506,0.0,,
20260703,30.0,4,19,deterministic_cartesian_local_refinement_plus_ls,-9.60328327286491,23.597170965086352,1.1359063967804082,7.105352833390623,0.29720183834886965,0.75,409.0991999983089,2.788476571876913,,
20260703,30.0,4,19,fixed_source_trained_scalar_interpolation_plus_ls,-9.258843668491775,23.59721272045235,1.0571107762709728,7.105352833390623,0.2960642707473853,0.75,409.2298000032315,2.444036967503777,,
20260703,30.0,4,19,tensor_nomp3d_known_order_v1,-70.24767407341352,0.00014039580326994579,6.80022021039238e-05,0.00010177694426453817,5.4205627641351545e-06,1.0,3228.618799999822,63.43286737242552,17.0,0.001819124059640927
20260703,30.0,8,0,grid_fft_topk_plus_ls,-5.636505590411664,29.291124746254674,2.0963096731163646,4.886015445511649,0.30470645489513337,0.375,43.13390000606887,0.0,,
20260703,30.0,8,0,deterministic_cartesian_local_refinement_plus_ls,-13.34575054310463,29.412312055358605,2.111807234341544,5.001711769164011,0.3076558866800086,0.375,698.8686999975471,7.709244952692966,,
20260703,30.0,8,0,fixed_source_trained_scalar_interpolation_plus_ls,-13.201723737904151,29.368751847013474,2.1035067811781065,4.958833644252687,0.3064997678726588,0.375,787.7899000013713,7.565218147492487,,
20260703,30.0,8,0,tensor_nomp3d_known_order_v1,-65.89868260389365,0.0001308373928574358,0.0002296138844848076,0.00030349929945049076,1.7232097538220787e-05,1.0,11331.363899997086,60.26217701348198,47.0,0.007848792055154964
20260703,30.0,8,1,grid_fft_topk_plus_ls,-6.14268209313141,20.877720648431115,1.5975117705572277,0.8203993993162745,0.19295118042433182,0.75,31.76930001063738,0.0,,
20260703,30.0,8,1,deterministic_cartesian_local_refinement_plus_ls,-11.025085148492186,21.036147521165915,1.567874278667387,0.7282902230790123,0.19269063858771482,0.75,700.6861999980174,4.8824030553607765,,
20260703,30.0,8,1,fixed_source_trained_scalar_interpolation_plus_ls,-10.806689937757042,20.97927811985785,1.5753224181456118,0.7587278789510599,0.19266420244293292,0.75,746.1068000120576,4.664007844625632,,
20260703,30.0,8,1,tensor_nomp3d_known_order_v1,-65.53142376242829,9.325223737734802e-05,0.00021143772146763444,0.0002251596306608203,1.4989058452549799e-05,1.0,11855.65119999228,59.38874166929688,56.0,0.006092792251045738
20260703,30.0,8,2,grid_fft_topk_plus_ls,-4.456617980873933,19.074723232272664,1.6238580976433283,1.2015098579829468,0.18416726399164182,0.625,36.231099991709925,0.0,,
20260703,30.0,8,2,deterministic_cartesian_local_refinement_plus_ls,-12.51547058593516,19.210831713703236,1.6833254875264907,1.2682962323115958,0.1875232213914336,0.75,787.7319999970496,8.058852605061228,,
20260703,30.0,8,2,fixed_source_trained_scalar_interpolation_plus_ls,-9.810668042799474,19.16190140281496,1.6596486722795414,1.2389368128144274,0.1861969129812677,0.75,909.397399998852,5.354050061925541,,
20260703,30.0,8,2,tensor_nomp3d_known_order_v1,-65.66878842601547,0.0001311513899154029,0.0002153720127034845,0.0003169149844731733,1.6742843788167182e-05,1.0,11653.03010000207,61.21217044514154,44.0,0.005659903947275587
20260703,30.0,8,3,grid_fft_topk_plus_ls,-4.733648759139006,2.754467959164705,1.832599379247686,2.553524640859807,0.14124295955000593,0.625,51.02759999863338,0.0,,
20260703,30.0,8,3,deterministic_cartesian_local_refinement_plus_ls,-13.022221981597497,2.749300812200443,1.849270588542216,2.6026069971538695,0.14295017281959338,0.75,809.1738000075566,8.28857322245849,,
20260703,30.0,8,3,fixed_source_trained_scalar_interpolation_plus_ls,-10.103477185366268,2.7490365082906107,1.8409494400101136,2.5834501134089147,0.14218893872524654,0.75,890.9773000050336,5.3698284262272615,,
20260703,30.0,8,3,tensor_nomp3d_known_order_v1,-65.60760077651119,0.00011478705068291019,0.00011437706369042471,0.00024411211607575057,1.04928677504974e-05,1.0,11811.172900008387,60.87395201737218,51.0,0.007128576648239548
20260703,30.0,8,4,grid_fft_topk_plus_ls,-5.254319494142289,26.308517591716594,0.3696830752407047,3.445362966335188,0.2331757220947116,0.5,41.43570001178887,0.0,,
20260703,30.0,8,4,deterministic_cartesian_local_refinement_plus_ls,-10.985702294470395,26.314411234577815,0.36701570066576494,3.442455581832558,0.2331579179275709,0.75,841.2152999953832,5.731382800328106,,
20260703,30.0,8,4,fixed_source_trained_scalar_interpolation_plus_ls,-10.228219592404065,26.31202458061941,0.3476469709379872,3.442229471317734,0.23302222567956266,0.75,877.6724999916041,4.973900098261776,,
20260703,30.0,8,4,tensor_nomp3d_known_order_v1,-63.867441884639746,0.00032461474954136065,0.00023175571991353665,0.00010848465152848042,1.5090796018006798e-05,1.0,11691.670200001681,58.61312239049746,51.0,0.011593602232743968
20260703,30.0,8,5,grid_fft_topk_plus_ls,-4.817571105676236,21.334846849674015,2.7859419370272485,3.2481429999308453,0.2615399174188439,0.75,43.08439999294933,0.0,,
20260703,30.0,8,5,deterministic_cartesian_local_refinement_plus_ls,-11.050983085107625,21.334346784372393,2.915846428030173,3.252003422697161,0.2670573785370014,0.75,822.7017000026535,6.233411979431389,,
20260703,30.0,8,5,fixed_source_trained_scalar_interpolation_plus_ls,-9.961977934524077,21.334355400108613,2.8674707985319845,3.2481595567916304,0.26495736989295315,0.75,939.7057000023779,5.144406828847841,,
20260703,30.0,8,5,tensor_nomp3d_known_order_v1,-66.46385894583923,7.669234172338295e-05,0.00021941211314654936,0.0001485500803683818,1.4490077260921306e-05,1.0,12174.011800001608,61.646287840163,50.0,0.009237910974132523
20260703,30.0,8,6,grid_fft_topk_plus_ls,-6.363132907666187,6.158679228965577,0.8513007030272021,4.797488623136298,0.16619986248311297,0.5,50.83640001248568,0.0,,
20260703,30.0,8,6,deterministic_cartesian_local_refinement_plus_ls,-12.59231353595436,6.374492560784224,0.8173629412755798,4.858987213951088,0.16776832568432296,0.5,923.4381999995094,6.229180628288174,,
20260703,30.0,8,6,fixed_source_trained_scalar_interpolation_plus_ls,-12.566363107410538,6.296562617116923,0.8261611376308722,4.8358526252267025,0.16710295266905253,0.5,944.1451000020606,6.203230199744351,,
20260703,30.0,8,6,tensor_nomp3d_known_order_v1,-64.50670502767092,0.00030331055952616276,0.0005722346302712533,0.0002718868378119111,3.6836343242358145e-05,1.0,12544.325499999104,58.143572120004734,59.0,0.005737313285407671
20260703,30.0,8,7,grid_fft_topk_plus_ls,-3.859218786782069,14.975267152778832,2.275866710270572,1.556506758522541,0.19048958962226534,0.625,46.83249999652617,0.0,,
20260703,30.0,8,7,deterministic_cartesian_local_refinement_plus_ls,-10.381962436524937,14.987877277033775,2.378723568017257,1.634546432161956,0.19601704020144878,0.75,988.503500004299,6.522743649742868,,
20260703,30.0,8,7,fixed_source_trained_scalar_interpolation_plus_ls,-9.18270544176502,14.982732028675393,2.339304748860892,1.6015975800297264,0.19386247448740035,0.75,926.7289000126766,5.3234866549829505,,
20260703,30.0,8,7,tensor_nomp3d_known_order_v1,-65.48021959455824,0.0002000742968062784,0.0002168204972359073,0.00016268260226747793,1.4557670837301126e-05,1.0,12043.044000005466,61.62100080777617,48.0,0.011678547668346105
20260703,30.0,8,8,grid_fft_topk_plus_ls,-5.017311235923515,16.51118923730563,0.6227703413984378,1.4138591256033917,0.14179747278261193,0.875,43.96919999271631,0.0,,
20260703,30.0,8,8,deterministic_cartesian_local_refinement_plus_ls,-14.991418139370927,16.43101104948991,0.5949444268215623,1.556929027115512,0.1422252567873933,0.875,782.5810000067577,9.974106903447412,,
20260703,30.0,8,8,fixed_source_trained_scalar_interpolation_plus_ls,-11.640975148861774,16.459589433393838,0.595361633549751,1.5024270958190853,0.14186085194739537,0.875,819.338900008006,6.623663912938259,,
20260703,30.0,8,8,tensor_nomp3d_known_order_v1,-65.66190177667742,0.00017974306342665735,0.00020208245416006578,0.0002177548915507617,1.4415218499201325e-05,1.0,12658.769599991501,60.64459054075391,49.0,0.004692721386698235
20260703,30.0,8,9,grid_fft_topk_plus_ls,-5.24517832693271,23.18747200309015,1.8707628611980562,1.828770344581395,0.2230538540347566,0.5,50.77000000164844,0.0,,
20260703,30.0,8,9,deterministic_cartesian_local_refinement_plus_ls,-15.873508069621687,23.151829153773843,2.027032538868852,1.8763643676399886,0.2284813921314371,0.75,857.523200000287,10.628329742688976,,
20260703,30.0,8,9,fixed_source_trained_scalar_interpolation_plus_ls,-12.901725333533221,23.16431589371388,1.9673300358972186,1.8571136395787946,0.22635662332956905,0.75,874.2230999923777,7.656547006600511,,
20260703,30.0,8,9,tensor_nomp3d_known_order_v1,-64.14201667511448,0.00025378962551761815,0.0002200143360297291,0.0005548724555096981,2.2219041126214327e-05,1.0,11690.107499991427,58.89683834818177,45.0,0.013204282182365936
20260703,30.0,8,10,grid_fft_topk_plus_ls,-5.386683525458395,12.549129143662439,1.8241418296740308,6.300911422168213,0.24775160536223823,0.375,36.78899999067653,0.0,,
20260703,30.0,8,10,deterministic_cartesian_local_refinement_plus_ls,-11.408481598405462,12.561934609659968,1.9944890064394831,6.368426372633347,0.25451285734261964,0.5,894.8822999955155,6.0217980729470675,,
20260703,30.0,8,10,fixed_source_trained_scalar_interpolation_plus_ls,-10.106801458083536,12.556887376653815,1.9299465083738203,6.343874604366135,0.251942129863832,0.5,890.1756999985082,4.720117932625142,,
20260703,30.0,8,10,tensor_nomp3d_known_order_v1,-64.87574735330129,0.00025102088445832187,0.00012220852812501392,0.00016083094438094838,9.351246357100658e-06,1.0,12379.02490000124,59.4890638278429,51.0,0.009658995005883698
20260703,30.0,8,11,grid_fft_topk_plus_ls,-5.57035158967318,0.17606695963372854,0.2109286877140831,0.17959295029309705,0.014393830953633011,1.0,49.73450000397861,0.0,,
20260703,30.0,8,11,deterministic_cartesian_local_refinement_plus_ls,-11.620192831470979,0.0858743315779481,0.07032400827709492,0.09662614821075458,0.005374580028121586,1.0,799.3462000013096,6.0498412417977985,,
20260703,30.0,8,11,fixed_source_trained_scalar_interpolation_plus_ls,-10.024607697553167,0.08430101180279213,0.1018747458958224,0.11479991766063825,0.00733789945058218,1.0,788.7720000144327,4.454256107879987,,
20260703,30.0,8,11,tensor_nomp3d_known_order_v1,-64.3366434059586,0.00011969122872952717,0.00023250486531344153,0.000233158254142781,1.6282785299560756e-05,1.0,12218.110699992394,58.76629181628542,51.0,0.005714017142464534
20260703,30.0,8,12,grid_fft_topk_plus_ls,-4.9592762279551925,20.102937483445075,2.552660497507728,6.245711285716148,0.29700855202124044,0.5,48.210099994321354,0.0,,
20260703,30.0,8,12,deterministic_cartesian_local_refinement_plus_ls,-11.136318864148624,20.219929958257193,2.5286631776558854,6.456100583904041,0.3010571098350692,0.625,797.493799997028,6.177042636193431,,
20260703,30.0,8,12,fixed_source_trained_scalar_interpolation_plus_ls,-10.913014920291701,20.177754763107266,2.535274956357828,6.380079768069742,0.299514998530958,0.625,806.0491999931401,5.9537386923365085,,
20260703,30.0,8,12,tensor_nomp3d_known_order_v1,-66.25501472928265,0.0003640809240302355,0.00033584582994684663,0.0002497330536097653,2.2574117648018803e-05,1.0,12057.383700011997,61.295738501327456,52.0,0.00940999474065809
20260703,30.0,8,13,grid_fft_topk_plus_ls,-4.886361015809984,12.495580833071552,1.6452728410992588,5.071179747515301,0.21264534595134987,0.5,51.34689999977127,0.0,,
20260703,30.0,8,13,deterministic_cartesian_local_refinement_plus_ls,-12.344831097901404,12.55344250150818,1.7090133585299798,5.168233276463211,0.2170533516765358,0.625,817.0376999914879,7.458470082091419,,
20260703,30.0,8,13,fixed_source_trained_scalar_interpolation_plus_ls,-10.59916011825213,12.532115714880408,1.683012491665307,5.132557703149099,0.2153511463701268,0.625,783.805900005973,5.712799102442145,,
20260703,30.0,8,13,tensor_nomp3d_known_order_v1,-64.79213911247555,0.00023016865673682854,0.00040558682507039936,0.000392495567376157,2.8218015663058686e-05,1.0,11812.239200007753,59.90577809666557,46.0,0.007235064057616833
20260703,30.0,8,14,grid_fft_topk_plus_ls,-3.8115035628302847,15.974512963283187,1.5254838204376306,4.222418068367103,0.20512544850561862,0.625,56.20799999451265,0.0,,
20260703,30.0,8,14,deterministic_cartesian_local_refinement_plus_ls,-12.050438857587222,15.845613220450032,1.556593890829433,4.272152816507872,0.20642971336459195,0.625,793.0344000051264,8.238935294756939,,
20260703,30.0,8,14,fixed_source_trained_scalar_interpolation_plus_ls,-8.949148794167034,15.89152373596053,1.5426999146559508,4.253042784378627,0.20585152783462865,0.625,818.3016999973916,5.137645231336749,,
20260703,30.0,8,14,tensor_nomp3d_known_order_v1,-65.04563502242176,0.0002372353439882046,0.00024478882582673833,0.0001358947028402831,1.5985564327879342e-05,1.0,12115.243699998246,61.23413145959148,50.0,0.00912284160896646
20260703,30.0,8,15,grid_fft_topk_plus_ls,-6.377905444499072,14.391813453230085,0.7434679193364067,1.68957897944646,0.13262274577141758,0.75,40.634299992234446,0.0,,
20260703,30.0,8,15,deterministic_cartesian_local_refinement_plus_ls,-13.299235214057,14.311567220126134,0.7284345418404887,1.7467390825165678,0.13248995656912105,0.875,796.7036999907577,6.921329769557927,,
20260703,30.0,8,15,fixed_source_trained_scalar_interpolation_plus_ls,-11.630231317096307,14.340150569242653,0.7308738875803465,1.7231153625266062,0.13242896093706222,0.875,820.408799991128,5.252325872597234,,
20260703,30.0,8,15,tensor_nomp3d_known_order_v1,-65.35706960155014,0.0001362125796748531,0.00012189238876792602,0.00012039279826604659,8.563016653629758e-06,1.0,11658.796799994889,58.979164157051066,52.0,0.013348379847645475
20260703,30.0,8,16,grid_fft_topk_plus_ls,-6.521579198857984,15.202039916317647,2.6228835075569794,5.918849899034014,0.27420825621879,0.5,41.248599998652935,0.0,,
20260703,30.0,8,16,deterministic_cartesian_local_refinement_plus_ls,-11.778112303573412,15.271468918427033,2.6640386483257386,6.004039185145868,0.2777789356811799,0.625,806.6855999932159,5.256533104715428,,
20260703,30.0,8,16,fixed_source_trained_scalar_interpolation_plus_ls,-12.337425812981774,15.246357875125973,2.6469035034049404,5.9720912490604015,0.27637878925026177,0.5,778.9404999930412,5.81584661412379,,
20260703,30.0,8,16,tensor_nomp3d_known_order_v1,-64.2092395205865,0.0004998395463226258,0.0003999076587537027,0.0002925174875728673,2.6898354603591132e-05,1.0,10280.662599994685,57.68766032172851,45.0,0.010104372872913336
20260703,30.0,8,17,grid_fft_topk_plus_ls,-4.5364068334521255,3.969031385863862,0.7987389736180193,3.5944260516023294,0.1267703157497421,0.875,39.99260001000948,0.0,,
20260703,30.0,8,17,deterministic_cartesian_local_refinement_plus_ls,-12.692165695685066,3.9657429144910012,0.8507320702174869,3.7484543310837193,0.13232017166512602,0.875,794.7083000035491,8.15575886223294,,
20260703,30.0,8,17,fixed_source_trained_scalar_interpolation_plus_ls,-10.134565158984607,3.965820583892015,0.8263495941404401,3.692265658138561,0.13015624476174212,0.875,773.2417000079295,5.598158325532482,,
20260703,30.0,8,17,tensor_nomp3d_known_order_v1,-66.03561936098636,0.00014784267465691868,0.00012716935211079725,0.00020189277118107607,1.0213299317919891e-05,1.0,10459.093199999188,61.49921252753423,53.0,0.006628147358229697
20260703,30.0,8,18,grid_fft_topk_plus_ls,-6.272241412405739,15.251913026024965,1.6761524077875436,4.2034913643836385,0.20598015114943494,0.75,31.996999998227693,0.0,,
20260703,30.0,8,18,deterministic_cartesian_local_refinement_plus_ls,-10.911438479896384,15.194684234368895,1.662800440706598,4.1780996078897905,0.20479133665665725,0.75,689.7946999961277,4.639197067490645,,
20260703,30.0,8,18,fixed_source_trained_scalar_interpolation_plus_ls,-10.498838275909732,15.214819079093079,1.6636640049500893,4.185646069825006,0.2050602871597111,0.75,743.9530999981798,4.2265968635039926,,
20260703,30.0,8,18,tensor_nomp3d_known_order_v1,-63.93986863451792,0.0002087346133421783,0.00030071013123442126,0.00018560322874298503,1.9736497171705686e-05,1.0,11574.909399991157,57.66762722211218,54.0,0.007861528120231966
20260703,30.0,8,19,grid_fft_topk_plus_ls,-7.145025721172281,22.210143098091372,2.2832850041957453,3.1488504245197615,0.24526666403968397,0.25,54.51810000522528,0.0,,
20260703,30.0,8,19,deterministic_cartesian_local_refinement_plus_ls,-11.659005268716555,22.145516840864772,2.236369111223955,3.1484674835507667,0.24320799005501179,0.5,813.4423000010429,4.513979547544274,,
20260703,30.0,8,19,fixed_source_trained_scalar_interpolation_plus_ls,-11.522502930375584,22.1685814710512,2.2516666257737725,3.1460627260416385,0.2438563396405909,0.5,859.9482999998145,4.3774772092033025,,
20260703,30.0,8,19,tensor_nomp3d_known_order_v1,-65.09342278760523,0.00019067153147376707,0.00021175475656947957,0.00015514370375039374,1.4173248058820636e-05,1.0,11115.134300009231,57.94839706643295,47.0,0.009160902581116726
20260704,0.0,2,0,grid_fft_topk_plus_ls,-5.364046773081979,0.0907382666825972,0.17106146933579164,0.23458960140322765,0.012982672339358068,1.0,9.74599999608472,0.0,,
20260704,0.0,2,0,deterministic_cartesian_local_refinement_plus_ls,-12.604801240534867,0.07684868946828458,0.054410604881487516,0.07880094719739086,0.0042413460307874455,1.0,159.09810000448488,7.240754467452888,,
20260704,0.0,2,0,fixed_source_trained_scalar_interpolation_plus_ls,-11.294341205536181,0.03034678459792595,0.02723907818462212,0.13369270179378026,0.0045176699514043,1.0,151.20809999643825,5.930294432454202,,
20260704,0.0,2,0,tensor_nomp3d_known_order_v1,-39.93931283222981,0.00295846628085149,0.001191816895975901,0.0028932116109009038,0.00011940369481088922,1.0,993.8270000129705,34.57526605914783,7.0,1.4861617925741486
20260704,0.0,2,1,grid_fft_topk_plus_ls,-6.539019056601304,44.08093408177687,3.6809206285222493,0.14826872006468161,0.4141824556812314,0.0,11.703700001817197,0.0,,
20260704,0.0,2,1,deterministic_cartesian_local_refinement_plus_ls,-12.119372404574476,43.921710567667105,3.8033132145584054,0.07673226326750203,0.41743782830469583,0.5,183.28050000127405,5.580353347973172,,
20260704,0.0,2,1,fixed_source_trained_scalar_interpolation_plus_ls,-15.030208910737443,43.97865934856947,3.7560741388956367,0.003849422649772048,0.41612404420168464,0.0,177.05640000349376,8.491189854136138,,
20260704,0.0,2,1,tensor_nomp3d_known_order_v1,-43.4180158666974,0.006382048020023298,0.0006501165873217707,0.009930836066640346,0.0003169338114941494,1.0,996.9390999904135,36.8789968100961,7.0,1.9865022730755009
20260704,0.0,2,2,grid_fft_topk_plus_ls,-4.614917691211259,0.26158177925570075,0.13751446787920713,0.16166648937057138,0.010176831717238828,1.0,10.826600002474152,0.0,,
20260704,0.0,2,2,deterministic_cartesian_local_refinement_plus_ls,-13.519817270318802,0.09766233429456066,0.0637078982081083,0.013602241481392328,0.004076409705230898,1.0,179.45709999185055,8.904899579107543,,
20260704,0.0,2,2,fixed_source_trained_scalar_interpolation_plus_ls,-16.335109252193966,0.03915021707589603,0.05965264276051857,0.06049195339322056,0.004191325654182234,1.0,155.15390000655316,11.720191560982707,,
20260704,0.0,2,2,tensor_nomp3d_known_order_v1,-44.80897820471105,0.0028224345453667803,0.0003535347445739341,0.0016133044463854046,5.929749914765992e-05,1.0,1036.8088999966858,40.19406051349979,7.0,1.3381175788787312
20260704,0.0,2,3,grid_fft_topk_plus_ls,-4.286207933933325,0.14045233849306973,0.27381838660286545,0.22602406858276264,0.01854644306725484,1.0,12.930800003232434,0.0,,
20260704,0.0,2,3,deterministic_cartesian_local_refinement_plus_ls,-13.258957244204678,0.08482180092913483,0.04937589071093248,0.07064740483347892,0.00385182602587963,1.0,218.27939999639057,8.972749310271354,,
20260704,0.0,2,3,fixed_source_trained_scalar_interpolation_plus_ls,-9.28823605962886,0.07657639094947229,0.129522213857481,0.12521488301582864,0.00901113021279414,1.0,208.4675999940373,5.002028125695534,,
20260704,0.0,2,3,tensor_nomp3d_known_order_v1,-45.638284783825085,0.0016332589097518822,0.0011631021639622503,0.001799148137525478,9.278083167985656e-05,1.0,1018.999599997187,41.35207684989176,7.0,1.025415032681003
20260704,0.0,2,4,grid_fft_topk_plus_ls,-5.332637028189488,0.05478743026421305,0.22997466191680682,0.26347155544312856,0.016570111603856578,1.0,8.36949999211356,0.0,,
20260704,0.0,2,4,deterministic_cartesian_local_refinement_plus_ls,-12.144406119038894,0.05478743026421305,0.08293127518285234,0.09442183782125961,0.005979577301583304,1.0,157.51710000040475,6.811769090849406,,
20260704,0.0,2,4,fixed_source_trained_scalar_interpolation_plus_ls,-13.292005344047254,0.05478743026421305,0.1082429764075639,0.03858078842233312,0.006885095493161192,1.0,163.09089999413118,7.959368315857766,,
20260704,0.0,2,4,tensor_nomp3d_known_order_v1,-42.07462432733301,0.0015591397066738336,0.0033739696152945875,0.0016518918491579258,0.00021744109032969448,1.0,1023.5141000011936,36.741987299143524,7.0,3.0050511344160644
20260704,0.0,2,5,grid_fft_topk_plus_ls,-3.249505182402503,43.62875057305014,1.5369353218313064,10.775261234909637,0.4886621541297891,0.5,11.696200002916157,0.0,,
20260704,0.0,2,5,deterministic_cartesian_local_refinement_plus_ls,-7.835234188506553,43.94637495367127,1.3702717772130724,10.933315121895236,0.4918805595514621,0.5,178.88820001098793,4.58572900610405,,
20260704,0.0,2,5,fixed_source_trained_scalar_interpolation_plus_ls,-7.001236688015037,43.83257254885079,1.4281131691283007,10.876448144340571,0.49067083200292166,0.5,172.68619999231305,3.7517315056125344,,
20260704,0.0,2,5,tensor_nomp3d_known_order_v1,-41.323028401000215,0.004938503662432099,0.002781215901398512,0.0025134862181997314,0.0001946113958429267,1.0,1084.468899993226,38.073523218597714,7.0,1.15941217569508
20260704,0.0,2,6,grid_fft_topk_plus_ls,-4.198868562132719,23.868906571496552,4.0780774353154685,11.191132501250351,0.4712144618787473,0.0,12.51580000098329,0.0,,
20260704,0.0,2,6,deterministic_cartesian_local_refinement_plus_ls,-7.030389820028206,23.868906571496552,4.212664241692153,11.27796665106728,0.47781493790554846,0.5,173.28819999238476,2.8315212578954867,,
20260704,0.0,2,6,fixed_source_trained_scalar_interpolation_plus_ls,-6.8620615605838005,23.868906571496552,4.1614773329367525,11.292552321777983,0.476397108716113,0.5,189.25619999936316,2.6631929984510814,,
20260704,0.0,2,6,tensor_nomp3d_known_order_v1,-44.73028843059041,0.0031026603618410937,0.002860440124892224,0.0011845973641409278,0.00018417202301804878,1.0,942.764299994451,40.5314198684577,6.0,2.921466871333469
20260704,0.0,2,7,grid_fft_topk_plus_ls,-8.314526943971813,0.14117372193320588,0.08644326279018903,0.17832262565421114,0.007839598987693068,1.0,9.509600000455976,0.0,,
20260704,0.0,2,7,deterministic_cartesian_local_refinement_plus_ls,-17.653564663808815,0.019503416114271626,0.08261458771438587,0.05305340081937026,0.00542519420230242,1.0,166.00270000344608,9.339037719837002,,
20260704,0.0,2,7,fixed_source_trained_scalar_interpolation_plus_ls,-18.23343289342072,0.0395275078213911,0.03519434748181597,0.03945591160769578,0.0025404902392838747,1.0,175.94939999980852,9.918905949448906,,
20260704,0.0,2,7,tensor_nomp3d_known_order_v1,-42.158610806323594,0.0032646363301154445,0.0010509892746422688,0.002134046538500233,9.701896610112657e-05,1.0,1096.91350000503,33.84408386235178,6.0,1.8328533418707855
20260704,0.0,2,8,grid_fft_topk_plus_ls,-2.882526628971372,0.25378075763992003,0.2340157880264355,0.27720407167290945,0.017114074571284492,1.0,10.383100001490675,0.0,,
20260704,0.0,2,8,deterministic_cartesian_local_refinement_plus_ls,-10.868766736358598,0.1102364235264044,0.08628391994928727,0.06915421943159293,0.005873127174018422,1.0,190.38140001066495,7.986240107387227,,
20260704,0.0,2,8,fixed_source_trained_scalar_interpolation_plus_ls,-9.10303050109113,0.042085570678151635,0.13627337659985844,0.13765501916505452,0.009547442019001571,1.0,176.6600999981165,6.2205038721197585,,
20260704,0.0,2,8,tensor_nomp3d_known_order_v1,-38.29327158265795,0.0047722153338821734,0.0031305234668226713,0.0023517538132301822,0.00021230421162644737,1.0,1063.175199989928,35.41074495368658,7.0,0.42749330228995913
20260704,0.0,2,9,grid_fft_topk_plus_ls,-7.0943570609140805,0.16802405705770676,0.09630391815436083,0.17965495004123047,0.008334919538139134,1.0,10.181799996644258,0.0,,
20260704,0.0,2,9,deterministic_cartesian_local_refinement_plus_ls,-12.149404140452901,0.06899626019967608,0.09630391815436083,0.06026161072725283,0.006329708180050349,1.0,151.54099999926984,5.055047079538821,,
20260704,0.0,2,9,fixed_source_trained_scalar_interpolation_plus_ls,-11.42663217996115,0.08571407651492156,0.09630391815436083,0.047453888296629484,0.006235047077969717,1.0,157.0767000084743,4.332275119047069,,
20260704,0.0,2,9,tensor_nomp3d_known_order_v1,-43.237386969151,0.0008256955051373786,0.0022842082424836176,0.0023458925180826584,0.0001606148212461188,1.0,942.1734000061406,36.14302990823692,7.0,1.0847109492959945
20260704,0.0,2,10,grid_fft_topk_plus_ls,-2.3645947127011544,29.58095299019464,5.066227946075542,6.216099017905477,0.4374956452292188,0.0,10.749600012786686,0.0,,
20260704,0.0,2,10,deterministic_cartesian_local_refinement_plus_ls,-11.454678018382026,29.42111234617183,5.220504364452913,6.518649187783414,0.44809445310903595,0.5,160.13469999597874,9.09008330568087,,
20260704,0.0,2,10,fixed_source_trained_scalar_interpolation_plus_ls,-7.09152606693573,29.47825038907063,5.164664120229487,6.408322135844253,0.4442251718351119,0.5,156.66890000284184,4.7269313542345754,,
20260704,0.0,2,10,tensor_nomp3d_known_order_v1,-41.87284638255172,0.00900026027449021,0.017399245379050583,0.006726028174020038,0.0011098094249990832,1.0,932.1207000029972,39.508251669850566,7.0,2.7409909665222196
20260704,0.0,2,11,grid_fft_topk_plus_ls,-2.854266329121425,0.2855004674138972,0.20117498462973507,0.25262688604147543,0.015013023272909628,1.0,7.729799996013753,0.0,,
20260704,0.0,2,11,deterministic_cartesian_local_refinement_plus_ls,-12.108112468427812,0.06803495988779244,0.023903363559026072,0.10691902254399936,0.003698402549863575,1.0,159.80120000313036,9.253846139306386,,
20260704,0.0,2,11,fixed_source_trained_scalar_interpolation_plus_ls,-7.708037080780717,0.14325504214058948,0.056764231934554175,0.1362146483475768,0.00565320774336577,1.0,166.6101000009803,4.853770751659292,,
20260704,0.0,2,11,tensor_nomp3d_known_order_v1,-40.24195244313723,0.002995355836277509,0.0022832763136492614,0.00321119404651804,0.00017601804852664674,1.0,950.0798999943072,37.38768611401581,7.0,0.8623212218562948
20260704,0.0,2,12,grid_fft_topk_plus_ls,-4.281631442463704,0.08202960837258104,0.19437117064962559,0.30409609529597353,0.015436854637120514,1.0,12.038500004564412,0.0,,
20260704,0.0,2,12,deterministic_cartesian_local_refinement_plus_ls,-12.569513513158455,0.08202960837258104,0.041878481726838536,0.08095133082234315,0.003696083816106258,1.0,163.7068999989424,8.287882070694751,,
20260704,0.0,2,12,fixed_source_trained_scalar_interpolation_plus_ls,-9.337222176560573,0.08202960837258104,0.05493207600175095,0.16025996861354463,0.0061056728693544594,1.0,166.32419999223202,5.055590734096869,,
20260704,0.0,2,12,tensor_nomp3d_known_order_v1,-38.847299281266054,0.0035914731624371622,0.0029612768154208178,0.0003633407294526541,0.00018753860400291868,1.0,999.8167000012472,34.56566783880235,6.0,3.521867918345072
20260704,0.0,2,13,grid_fft_topk_plus_ls,-5.984809310609602,38.21368712961253,2.6247082785555294,4.941854599266454,0.3740171610248274,0.5,8.19759999285452,0.0,,
20260704,0.0,2,13,deterministic_cartesian_local_refinement_plus_ls,-9.087188194669768,38.21368712961253,2.932661657335874,4.941854599266454,0.3828498862080913,0.5,167.30359999928623,3.1023788840601654,,
20260704,0.0,2,13,fixed_source_trained_scalar_interpolation_plus_ls,-9.091358957373876,38.21368712961253,2.818001991976394,4.941854599266454,0.3794711774966586,0.5,157.82400000898633,3.1065496467642735,,
20260704,0.0,2,13,tensor_nomp3d_known_order_v1,-39.890944499716106,0.007397791346472275,0.0015649916432974049,0.00038630039853769233,0.00011425061829976841,1.0,972.755299997516,33.90613518910651,6.0,2.9449537221733335
20260704,0.0,2,14,grid_fft_topk_plus_ls,-7.294373279685807,0.2213883602991152,0.25145748171795523,0.11491331113863283,0.016213656169752406,1.0,10.564299998804927,0.0,,
20260704,0.0,2,14,deterministic_cartesian_local_refinement_plus_ls,-11.094401156928289,0.07708876497210033,0.08460031934675585,0.10333484357990748,0.0062248214227714595,1.0,153.8373999937903,3.8000278772424814,,
20260704,0.0,2,14,fixed_source_trained_scalar_interpolation_plus_ls,-13.318084939122588,0.09863389170703701,0.12489791072876595,0.07592529125064662,0.008195049153074497,1.0,164.0387999941595,6.023711659436781,,
20260704,0.0,2,14,tensor_nomp3d_known_order_v1,-43.19122896273256,0.000573773127824377,0.005926067917355121,0.002697265424908724,0.00037987577712568716,1.0,1010.0202000030549,35.89685568304675,6.0,1.2515860508894272
20260704,0.0,2,15,grid_fft_topk_plus_ls,-5.207650724018685,0.26122679516578834,0.1353656717507021,0.15635374628739035,0.009980788148715745,1.0,10.69419999839738,0.0,,
20260704,0.0,2,15,deterministic_cartesian_local_refinement_plus_ls,-14.996761934632161,0.04234100726883358,0.0903299613746524,0.004930496216389703,0.005657403632074461,1.0,186.05010000464972,9.789111210613477,,
20260704,0.0,2,15,fixed_source_trained_scalar_interpolation_plus_ls,-12.761754873285092,0.11810763270710438,0.01274981750637847,0.05432416084552788,0.0020900583461863575,1.0,181.8797000014456,7.554104149266407,,
20260704,0.0,2,15,tensor_nomp3d_known_order_v1,-43.88974240947542,0.0015513438931433394,0.0017653088187505556,0.0005041604167593612,0.00011210806454040483,1.0,1065.69830000808,38.68209168545673,7.0,1.8237814942992934
20260704,0.0,2,16,grid_fft_topk_plus_ls,-3.7125487628742815,10.519218507502604,5.534040607286574,10.81351754976368,0.4904861028976393,0.0,7.3671999998623505,0.0,,
20260704,0.0,2,16,deterministic_cartesian_local_refinement_plus_ls,-9.018581117625939,10.358345747615514,5.621754208428607,10.962638261031323,0.49735813488107955,0.5,160.01870000036433,5.3060323547516575,,
20260704,0.0,2,16,fixed_source_trained_scalar_interpolation_plus_ls,-8.133686981659334,10.41567809774467,5.635344568193718,10.9081419206435,0.49686162586140065,0.5,160.91679999954067,4.421138218785053,,
20260704,0.0,2,16,tensor_nomp3d_known_order_v1,-43.42525760594536,0.0014969266082583707,0.006470940777131504,0.0038266629261312314,0.0004219047404380623,1.0,1012.2416999947745,39.71270884307108,7.0,4.90031546297933
20260704,0.0,2,17,grid_fft_topk_plus_ls,-3.2814659874333207,0.21274432385941186,0.2174672083724327,0.20689967408895976,0.015142686624851964,1.0,10.225100006209686,0.0,,
20260704,0.0,2,17,deterministic_cartesian_local_refinement_plus_ls,-16.39956749193143,0.02749994984318945,0.07496720162663534,0.07453427148740918,0.005236864926225106,1.0,165.5925999948522,13.118101504498107,,
20260704,0.0,2,17,fixed_source_trained_scalar_interpolation_plus_ls,-9.095177453255133,0.07110288148683405,0.09436827814148657,0.11435169649888507,0.006918454601054892,1.0,188.19710001116619,5.813711465821812,,
20260704,0.0,2,17,tensor_nomp3d_known_order_v1,-43.765376680110144,0.004266839360558875,0.00033832051192167413,0.0007849281922746161,4.6475644928391654e-05,1.0,947.6827999897068,40.48391069267682,7.0,2.0841141398417147
20260704,0.0,2,18,grid_fft_topk_plus_ls,-5.245325878249538,0.1120106474202497,0.29959816602731615,0.046357219575019454,0.0188012161244745,1.0,11.496699997223914,0.0,,
20260704,0.0,2,18,deterministic_cartesian_local_refinement_plus_ls,-12.422644273256045,0.10030900650069219,0.07562027524485018,0.046357219575019454,0.005005033059431512,1.0,200.3917999973055,7.177318395006507,,
20260704,0.0,2,18,fixed_source_trained_scalar_interpolation_plus_ls,-9.86680462600759,0.07164664405378318,0.15548353645264332,0.046357219575019454,0.009841038308954476,1.0,162.7794000087306,4.621478747758053,,
20260704,0.0,2,18,tensor_nomp3d_known_order_v1,-38.97086000726951,0.0006396713672961149,0.005016778665472129,0.001490571233288531,0.0003170291307700642,1.0,917.9480000020703,33.72553412901997,7.0,1.3782905343339298
20260704,0.0,2,19,grid_fft_topk_plus_ls,-4.690481715844915,0.26214700189248324,0.19154296291837627,0.037807431248444594,0.012202686615620623,1.0,10.962699991068803,0.0,,
20260704,0.0,2,19,deterministic_cartesian_local_refinement_plus_ls,-13.456691206072172,0.08364403353204918,0.07839304822232791,0.037807431248444594,0.005082190888399034,1.0,193.85809999948833,8.766209490227258,,
20260704,0.0,2,19,fixed_source_trained_scalar_interpolation_plus_ls,-10.069337634683908,0.13214438284855207,0.07379567717729447,0.037807431248444594,0.004871793151746846,1.0,175.39780000515748,5.378855918838993,,
20260704,0.0,2,19,tensor_nomp3d_known_order_v1,-42.10365924211264,0.0029698574118384746,0.001643281682910136,0.0015644922522628313,0.00011609022992795152,1.0,858.7701000069501,37.413177526267724,6.0,1.6602660318159375
20260704,0.0,4,0,grid_fft_topk_plus_ls,-6.9848405215394616,33.318787605495125,0.5513565999468121,5.44634342134147,0.31290986174193447,0.5,17.91540000704117,0.0,,
20260704,0.0,4,0,deterministic_cartesian_local_refinement_plus_ls,-13.186262403721491,33.40316778178573,0.7620185255615266,5.595973942446875,0.3177271262756151,0.5,326.7414000001736,6.2014218821820295,,
20260704,0.0,4,0,fixed_source_trained_scalar_interpolation_plus_ls,-13.623580134277217,33.37275948286574,0.683413089013866,5.541808640741631,0.31590129310083415,0.5,303.2655999995768,6.638739612737756,,
20260704,0.0,4,0,tensor_nomp3d_known_order_v1,-37.278046379321424,0.010431654572340429,0.0022934867265306295,0.007029511276792511,0.00027467233287803726,1.0,2359.5416999887675,30.293205857781963,16.0,2.635267771119964
20260704,0.0,4,1,grid_fft_topk_plus_ls,-6.821671496551441,17.895596421816833,0.6377202318032009,3.5445646487424782,0.18276965344876217,0.5,13.018599987844937,0.0,,
20260704,0.0,4,1,deterministic_cartesian_local_refinement_plus_ls,-13.188477586989535,18.11770797141412,0.7214252938948744,3.5439586169179176,0.18529212941553116,0.75,379.0099000034388,6.366806090438094,,
20260704,0.0,4,1,fixed_source_trained_scalar_interpolation_plus_ls,-13.106957056514473,18.037682101800552,0.686286481721786,3.543765200287728,0.18428785496180541,0.75,362.88250000507105,6.2852855599630315,,
20260704,0.0,4,1,tensor_nomp3d_known_order_v1,-39.025576576305646,0.017047964401704252,0.023437614376277838,0.013075811896449716,0.0015265964029934974,1.0,2597.595800005365,32.20390507975421,15.0,1.3989976244567401
20260704,0.0,4,2,grid_fft_topk_plus_ls,-3.9057985649202323,20.59785229313629,1.9318477736429904,1.0908711540423055,0.20404865262156266,0.5,12.636100000236183,0.0,,
20260704,0.0,4,2,deterministic_cartesian_local_refinement_plus_ls,-12.197215779629001,20.819908550201728,1.9291284072600985,0.9491512677142137,0.2046310055104755,0.75,341.9986999942921,8.291417214708769,,
20260704,0.0,4,2,fixed_source_trained_scalar_interpolation_plus_ls,-9.000847783947835,20.73996645549255,1.9293488263471312,0.9963818480901925,0.2043627251618856,0.75,354.12730000098236,5.095049219027603,,
20260704,0.0,4,2,tensor_nomp3d_known_order_v1,-38.59201757263574,0.003183828962156287,0.002711339155400635,0.010232933877975484,0.00036275842585598364,1.0,2445.2578000054928,34.68621900771551,17.0,0.949698633418548
20260704,0.0,4,3,grid_fft_topk_plus_ls,-6.692015345283125,1.9687800317999749,0.6325829301857517,1.9334176430098706,0.07382546696539413,0.75,19.321099985972978,0.0,,
20260704,0.0,4,3,deterministic_cartesian_local_refinement_plus_ls,-12.175740866729834,2.0762392296819376,0.7278406116246435,2.1514699076177703,0.08278156067552563,0.75,365.55300001055,5.483725521446709,,
20260704,0.0,4,3,fixed_source_trained_scalar_interpolation_plus_ls,-13.874212784199962,2.0355550320814073,0.6889271186456056,2.071815341813884,0.0793643501580649,0.75,363.8708999933442,7.182197438916837,,
20260704,0.0,4,3,tensor_nomp3d_known_order_v1,-37.30244987434589,0.0032320004200214283,0.004067484408060599,0.009739314419260996,0.0003973604648546089,1.0,2705.203599995002,30.610434529062765,18.0,2.145049684115399
20260704,0.0,4,4,grid_fft_topk_plus_ls,-3.3298258700878067,0.266699455818413,0.2509493405812992,0.22504512467769922,0.017314675285759494,1.0,19.946400003391318,0.0,,
20260704,0.0,4,4,deterministic_cartesian_local_refinement_plus_ls,-13.341167696851798,0.07901181412043737,0.0832620061528001,0.03851593067336967,0.005376807723188801,1.0,344.3152999971062,10.011341826763992,,
20260704,0.0,4,4,fixed_source_trained_scalar_interpolation_plus_ls,-9.27513417917812,0.14404765169923062,0.09770139124951571,0.10178366473829323,0.006976454519630837,1.0,284.9519000010332,5.945308309090314,,
20260704,0.0,4,4,tensor_nomp3d_known_order_v1,-38.29817564672383,0.0031271959570795295,0.003448591371863632,0.002539983491602688,0.0002309834942307303,1.0,2730.7674000039697,34.96834977663602,18.0,3.454925403982223
20260704,0.0,4,5,grid_fft_topk_plus_ls,-5.733199505556666,0.18249305795065787,0.139951362608523,0.24325572677491597,0.011675978882579336,1.0,13.661599994520657,0.0,,
20260704,0.0,4,5,deterministic_cartesian_local_refinement_plus_ls,-15.341260410536606,0.06487063927470756,0.02345676127861038,0.05968377526154859,0.0024258624670768325,1.0,317.17619999835733,9.60806090497994,,
20260704,0.0,4,5,fixed_source_trained_scalar_interpolation_plus_ls,-12.55057709285754,0.07680678627906855,0.03934966204952291,0.12144126878981669,0.004561886787781532,1.0,346.23049999936484,6.817377587300875,,
20260704,0.0,4,5,tensor_nomp3d_known_order_v1,-36.62376701295079,0.004521008531155163,0.005787798083814929,0.002119343916017572,0.00036944256355712126,1.0,2474.310100005823,30.890567507394127,15.0,2.0139041565299634
20260704,0.0,4,6,grid_fft_topk_plus_ls,-5.5114486863559575,6.568631704307598,0.15427399218231125,6.66617873550047,0.21476236741907237,0.75,19.28059999772813,0.0,,
20260704,0.0,4,6,deterministic_cartesian_local_refinement_plus_ls,-12.221429378951456,6.679625245186533,0.11095700497442135,6.88864224939617,0.22161345710847116,0.75,362.9458999930648,6.709980692595498,,
20260704,0.0,4,6,fixed_source_trained_scalar_interpolation_plus_ls,-11.817086225073577,6.639217568635057,0.11625960169839375,6.808535991737205,0.2191183910310717,0.75,347.53889999410603,6.30563753871762,,
20260704,0.0,4,6,tensor_nomp3d_known_order_v1,-38.18195289533202,0.008560312458329673,0.002308543386757157,0.0031911993054094807,0.00018771128100652541,1.0,2680.204300006153,32.67050420897606,19.0,3.253978400193453
20260704,0.0,4,7,grid_fft_topk_plus_ls,-5.577127612204302,0.20387919168722254,0.18869640356845735,0.17954119897139972,0.013156891808386055,1.0,17.495400010375306,0.0,,
20260704,0.0,4,7,deterministic_cartesian_local_refinement_plus_ls,-14.065980133003151,0.05260991443135756,0.07630454008967183,0.04734087075177745,0.005010114485563054,1.0,321.33299999986775,8.488852520798849,,
20260704,0.0,4,7,fixed_source_trained_scalar_interpolation_plus_ls,-13.591968192431887,0.07088253962549729,0.10329148528257216,0.06522214757807772,0.006792435559055868,1.0,331.6839000035543,8.014840580227585,,
20260704,0.0,4,7,tensor_nomp3d_known_order_v1,-35.947815254580476,0.00457797969415586,0.002614680118151082,0.0029979150343196373,0.00019173236673329002,1.0,2785.934300001827,30.370687642376176,17.0,2.5379288531553654
20260704,0.0,4,8,grid_fft_topk_plus_ls,-6.628751731143263,0.15183527576319195,0.12334962777848515,0.21035186947278964,0.010200590880673726,1.0,14.669700001832098,0.0,,
20260704,0.0,4,8,deterministic_cartesian_local_refinement_plus_ls,-12.855193489920904,0.07824553676090978,0.07679496812347814,0.06124457535379404,0.005203234259180204,1.0,298.9406999986386,6.226441758777641,,
20260704,0.0,4,8,fixed_source_trained_scalar_interpolation_plus_ls,-14.0666962190267,0.023422861359233906,0.05844346282955104,0.09759422540090718,0.0047620607187275595,1.0,301.18189999484457,7.437944487883437,,
20260704,0.0,4,8,tensor_nomp3d_known_order_v1,-38.115651723166636,0.0023943781922559585,0.0031976769899891926,0.0021524225534649143,0.00021169837496715026,1.0,2602.3339000093983,31.486899992023375,19.0,6.147682504943974
20260704,0.0,4,9,grid_fft_topk_plus_ls,-5.695084062187532,0.23076352461539046,0.1927676020683215,0.19762348120855228,0.013658097405147378,1.0,13.593499999842606,0.0,,
20260704,0.0,4,9,deterministic_cartesian_local_refinement_plus_ls,-15.372288000085614,0.05318546586889284,0.0589520048446307,0.0502977453996618,0.004027252384914819,1.0,317.7591999992728,9.677203937898081,,
20260704,0.0,4,9,fixed_source_trained_scalar_interpolation_plus_ls,-12.764051920436321,0.11025774674595373,0.0624525434700234,0.08295397513384366,0.004764209923499009,1.0,376.0731000074884,7.068967858248789,,
20260704,0.0,4,9,tensor_nomp3d_known_order_v1,-39.17119024108304,0.006424332309270802,0.00257658901207196,0.001384123729565016,0.00017413442493592341,1.0,2583.56489999278,33.476106178895506,17.0,6.297494588406608
20260704,0.0,4,10,grid_fft_topk_plus_ls,-2.603731324180375,8.47327975277782,3.373365056042117,0.2473604944696556,0.22111850298733465,0.5,18.846899998607114,0.0,,
20260704,0.0,4,10,deterministic_cartesian_local_refinement_plus_ls,-10.34724542735777,8.245875027069413,3.579390798869709,0.18718136092619536,0.23287613279116479,0.75,371.7392000107793,7.743514103177395,,
20260704,0.0,4,10,fixed_source_trained_scalar_interpolation_plus_ls,-10.324579880251619,8.326445805346138,3.502858238164443,0.12373068446535938,0.22842120936979698,0.75,341.66809999442194,7.720848556071244,,
20260704,0.0,4,10,tensor_nomp3d_known_order_v1,-38.717887038875325,0.0018977255804740155,0.0037690147763495634,0.004013144192997224,0.00026727849510415795,1.0,2717.6012999989325,36.11415571469495,17.0,3.228372518369725
20260704,0.0,4,11,grid_fft_topk_plus_ls,-4.17472326218174,31.64647941628712,0.22411029842396935,4.076380092952019,0.27847854123910726,0.75,17.056299999239855,0.0,,
20260704,0.0,4,11,deterministic_cartesian_local_refinement_plus_ls,-10.132730713935697,31.64628105342435,0.027207778644941814,4.294872772420279,0.28132262467924346,0.75,337.6453000091715,5.958007451753957,,
20260704,0.0,4,11,fixed_source_trained_scalar_interpolation_plus_ls,-8.535889301368451,31.646260156398906,0.08260344080141759,4.215521126292107,0.2801903180064224,0.75,331.97469999140594,4.3611660391867115,,
20260704,0.0,4,11,tensor_nomp3d_known_order_v1,-39.03855219927277,0.002965925084654934,0.0028853198665850744,0.001212508485598831,0.0001857213928835009,1.0,2629.5629999949597,34.86382893709103,17.0,2.7693731756304087
20260704,0.0,4,12,grid_fft_topk_plus_ls,-4.02809467220763,21.50707505703937,2.674602140442978,4.533503968440815,0.2761274597679979,0.75,15.432000000146218,0.0,,
20260704,0.0,4,12,deterministic_cartesian_local_refinement_plus_ls,-11.65588981740317,21.618974788047083,2.664919175955136,4.754416537943907,0.2798976303939584,0.75,341.10119999968447,7.627795145195539,,
20260704,0.0,4,12,fixed_source_trained_scalar_interpolation_plus_ls,-9.195017954384502,21.578770150401166,2.665663533963059,4.674333805366984,0.2784147935544366,0.75,335.7084000017494,5.166923282176872,,
20260704,0.0,4,12,tensor_nomp3d_known_order_v1,-39.22015268629477,0.00458099690125971,0.005728619024918469,0.004015588040243938,0.0003810768649237873,1.0,2586.381100001745,35.19205801408714,15.0,3.084717326188403
20260704,0.0,4,13,grid_fft_topk_plus_ls,-6.210400086889642,1.5281105698253938,2.479841440424846,3.0650565465055246,0.1825892628221072,0.75,19.880199994076975,0.0,,
20260704,0.0,4,13,deterministic_cartesian_local_refinement_plus_ls,-14.557057722998232,1.5233839216701404,2.6939986243583265,3.0643890091826043,0.19406737617811443,0.75,373.0862999946112,8.34665763610859,,
20260704,0.0,4,13,fixed_source_trained_scalar_interpolation_plus_ls,-12.99132378674538,1.5241240560179075,2.615436105705853,3.0636786436779775,0.18981213871971553,0.75,326.42589999886695,6.780923699855737,,
20260704,0.0,4,13,tensor_nomp3d_known_order_v1,-39.98987278905032,0.020599443120375448,0.015576359483025723,0.018675740957106085,0.0011464092486369822,1.0,2668.8736000069184,33.779472702160675,16.0,3.293911963620177
20260704,0.0,4,14,grid_fft_topk_plus_ls,-5.493482517555392,0.15523900698342244,0.21482512760353695,0.22669251120424708,0.015229206920387895,1.0,15.679599993745796,0.0,,
20260704,0.0,4,14,deterministic_cartesian_local_refinement_plus_ls,-14.832058134696798,0.0534262103909514,0.0463376930345196,0.06858639146198117,0.0036270492287170356,1.0,298.0600000009872,9.338575617141405,,
20260704,0.0,4,14,fixed_source_trained_scalar_interpolation_plus_ls,-12.416147044938494,0.04164433604395061,0.0957925816447232,0.1126666301441278,0.006953180126955719,1.0,324.2573000025004,6.922664527383103,,
20260704,0.0,4,14,tensor_nomp3d_known_order_v1,-36.61594536223472,0.0033944505187475426,0.0034910028477804617,0.002900003648240773,0.0002377436416570556,1.0,2535.9003000048688,31.122462844679326,17.0,4.530713530741009
20260704,0.0,4,15,grid_fft_topk_plus_ls,-6.65599446473832,15.348238774545033,3.1491854223928866,0.1659052842634823,0.23053103386004248,0.5,13.8470999954734,0.0,,
20260704,0.0,4,15,deterministic_cartesian_local_refinement_plus_ls,-14.404149369187955,15.569565084526744,3.2583090729928292,0.22988645910609673,0.23731462677693801,0.75,327.36369999474846,7.748154904449636,,
20260704,0.0,4,15,fixed_source_trained_scalar_interpolation_plus_ls,-12.540104234944296,15.489830777216806,3.2187554390923476,0.18722334571580204,0.23483814132129674,0.75,359.25290000159293,5.884109770205977,,
20260704,0.0,4,15,tensor_nomp3d_known_order_v1,-37.827604463821146,0.009572880708607836,0.014347440196749044,0.035458632236084336,0.0014274233313431104,1.0,2656.044599993038,31.171609999082825,17.0,2.157491429366272
20260704,0.0,4,16,grid_fft_topk_plus_ls,-4.859462540093634,0.1356625590068647,0.2470101567987618,0.19488979456218372,0.0166298269805075,1.0,14.016200002515689,0.0,,
20260704,0.0,4,16,deterministic_cartesian_local_refinement_plus_ls,-14.641604897215997,0.049927752907307686,0.08597665378523649,0.044291427543868014,0.005562628976752412,1.0,379.9351000052411,9.782142357122362,,
20260704,0.0,4,16,fixed_source_trained_scalar_interpolation_plus_ls,-11.166988265266482,0.048704140463888775,0.12229628949486733,0.07830991796336573,0.008034728622822696,1.0,367.2167000040645,6.307525725172848,,
20260704,0.0,4,16,tensor_nomp3d_known_order_v1,-38.66403549851932,0.001514187271030277,0.0033733964354507426,0.0032001076782399275,0.00023365138479707217,1.0,2684.4913000095403,33.80457295842568,17.0,3.9833854887237257
20260704,0.0,4,17,grid_fft_topk_plus_ls,-4.753408627611103,14.121962670070737,3.4414437392744937,0.2667782541395012,0.24187918890243376,0.75,16.487000000779517,0.0,,
20260704,0.0,4,17,deterministic_cartesian_local_refinement_plus_ls,-13.405844646288404,14.232999968944117,3.4399447599848356,0.3868587995543783,0.24235111921627214,0.75,286.7314000031911,8.652436018677301,,
20260704,0.0,4,17,fixed_source_trained_scalar_interpolation_plus_ls,-10.338462545331131,14.192929581738376,3.4400587817145376,0.32264441057766574,0.24212210857990127,0.75,400.20620000723284,5.585053917720028,,
20260704,0.0,4,17,tensor_nomp3d_known_order_v1,-36.99482321111647,0.0048829743452432585,0.0025833384124943595,0.00409999632307738,0.00020961910715536368,1.0,2692.747799999779,32.24141458350537,16.0,4.6046117735758845
20260704,0.0,4,18,grid_fft_topk_plus_ls,-5.1910044423226775,19.361537715050826,0.8356692190263239,0.6482773399113554,0.1613025504915571,0.5,12.260500006959774,0.0,,
20260704,0.0,4,18,deterministic_cartesian_local_refinement_plus_ls,-11.609337559489504,19.361062619243942,0.7150441706626215,0.6424583088385577,0.1589948804936079,0.75,361.7076999944402,6.418333117166826,,
20260704,0.0,4,18,fixed_source_trained_scalar_interpolation_plus_ls,-10.068919536916347,19.3611576147084,0.7546796715247015,0.6308623103517155,0.1596644259027328,0.75,383.8182999897981,4.87791509459367,,
20260704,0.0,4,18,tensor_nomp3d_known_order_v1,-38.52283563195752,0.0029351451911622515,0.0033280578471401472,0.005181993946857501,0.00026460351333509316,1.0,2864.3748000031337,33.33183118963484,17.0,2.890417101888257
20260704,0.0,4,19,grid_fft_topk_plus_ls,-5.766746257293372,0.21642625988661854,0.16170577585632184,0.22983458944663307,0.012513527471718881,1.0,16.724300003261305,0.0,,
20260704,0.0,4,19,deterministic_cartesian_local_refinement_plus_ls,-12.28016491711595,0.07470037859088036,0.055926984274631546,0.09613183858124777,0.004645793610442886,1.0,369.1912000067532,6.5134186598225785,,
20260704,0.0,4,19,fixed_source_trained_scalar_interpolation_plus_ls,-11.511934782059683,0.05384890218447387,0.051417114942585836,0.13794603341293618,0.005393248318852243,1.0,337.4050999991596,5.745188524766311,,
20260704,0.0,4,19,tensor_nomp3d_known_order_v1,-38.08581491735815,0.003746587489384224,0.004702436446516015,0.001682525016796562,0.00029999972644797194,1.0,2607.7903999976115,32.31906866006478,17.0,2.4768537024159993
20260704,0.0,8,0,grid_fft_topk_plus_ls,-5.757375051758704,12.462484950687363,2.9606695576949407,6.027397042991271,0.2814215930192947,0.25,39.065799996024,0.0,,
20260704,0.0,8,0,deterministic_cartesian_local_refinement_plus_ls,-11.812320452503362,12.459207558136747,3.0647230214490206,5.985760317007945,0.2848749488819599,0.375,725.9663000004366,6.054945400744659,,
20260704,0.0,8,0,fixed_source_trained_scalar_interpolation_plus_ls,-10.771369471998643,12.459622420070236,3.0252311797126197,6.000460412007611,0.2835259592651244,0.25,698.9653000055114,5.013994420239939,,
20260704,0.0,8,0,tensor_nomp3d_known_order_v1,-34.38791769297852,0.009551885995506949,0.006676416892520818,0.007193729592281191,0.0004798175957717339,1.0,10685.18889999541,28.630542641219815,47.0,8.780652052538274
20260704,0.0,8,1,grid_fft_topk_plus_ls,-3.7714780141066258,13.17367081278459,2.6519623205558447,1.25972655321912,0.19903362171613193,0.5,59.9965000001248,0.0,,
20260704,0.0,8,1,deterministic_cartesian_local_refinement_plus_ls,-9.926905396073701,13.204040296369369,2.829141083798367,1.3019375905637198,0.2087160013647928,0.625,985.5027000012342,6.155427381967076,,
20260704,0.0,8,1,fixed_source_trained_scalar_interpolation_plus_ls,-8.91638890523746,13.192842852171207,2.76437136120865,1.2756294770617391,0.2050924442883294,0.625,869.1582000028575,5.144910891130834,,
20260704,0.0,8,1,tensor_nomp3d_known_order_v1,-34.4031618529804,0.006697663390497254,0.005802042766759872,0.008399263894350584,0.0004507005218733967,1.0,10283.619199995883,30.631683838873776,51.0,4.1565069968971615
20260704,0.0,8,2,grid_fft_topk_plus_ls,-7.542711826396795,9.714745551183563,2.0322840835596043,5.596718781472585,0.22909147385462134,0.625,30.58009999222122,0.0,,
20260704,0.0,8,2,deterministic_cartesian_local_refinement_plus_ls,-11.491263773415225,9.713598601736443,2.0814205089375744,5.67275278401144,0.2326110587214073,0.75,651.5003999957116,3.94855194701843,,
20260704,0.0,8,2,fixed_source_trained_scalar_interpolation_plus_ls,-11.694952307471883,9.713335464227367,2.0604334009500658,5.645257702620792,0.23122314686368972,0.75,683.3585999993375,4.152240481075088,,
20260704,0.0,8,2,tensor_nomp3d_known_order_v1,-35.319275129154676,0.008298840188303508,0.008224208427469806,0.002884519505407325,0.0005258691573896734,1.0,9136.05539999844,27.77656330275788,48.0,8.486336985770079
20260704,0.0,8,3,grid_fft_topk_plus_ls,-5.760624552893532,14.148612416756048,2.5749677158967614,4.272664301511185,0.2365295701724031,0.5,28.988999998546205,0.0,,
20260704,0.0,8,3,deterministic_cartesian_local_refinement_plus_ls,-12.104202621514986,14.148411571853003,2.6633849990755314,4.313716705148868,0.24103805315193913,0.75,652.801799995359,6.343578068621454,,
20260704,0.0,8,3,fixed_source_trained_scalar_interpolation_plus_ls,-10.480989742967708,14.148432086783558,2.6295778384372763,4.297538864560778,0.23929970234445772,0.75,805.9845999960089,4.720365190074176,,
20260704,0.0,8,3,tensor_nomp3d_known_order_v1,-34.42704311576981,0.0081358279105199,0.011721189435995873,0.01821664216068286,0.000929932037049209,1.0,10277.784500009147,28.66641856287628,45.0,6.760225440588327
20260704,0.0,8,4,grid_fft_topk_plus_ls,-5.321083229568185,16.695228428824947,1.4717548107598097,3.557206862498343,0.19450115310036659,0.625,38.36770000634715,0.0,,
20260704,0.0,8,4,deterministic_cartesian_local_refinement_plus_ls,-15.41917387563332,16.774033653393136,1.5171294230324899,3.5726388222244467,0.19654234721763172,0.75,696.8168000021251,10.098090646065135,,
20260704,0.0,8,4,fixed_source_trained_scalar_interpolation_plus_ls,-11.685472452411553,16.74572737251834,1.496186236436486,3.566101033882882,0.19564991149650857,0.75,707.7342999982648,6.364389222843368,,
20260704,0.0,8,4,tensor_nomp3d_known_order_v1,-34.77653489688598,0.006560715642773661,0.0050698120858217776,0.007491534500540166,0.0003972872543571636,1.0,10683.487200003583,29.455451667317792,48.0,8.63624602925805
20260704,0.0,8,5,grid_fft_topk_plus_ls,-6.33922714069071,16.432175051787965,2.5236690238550707,3.0753723558907953,0.22493393138824752,0.75,43.249700000160374,0.0,,
20260704,0.0,8,5,deterministic_cartesian_local_refinement_plus_ls,-12.46909462677191,16.43185372090698,2.408694704116744,3.2741693464021284,0.22273773544808,0.75,857.1598999988055,6.129867486081199,,
20260704,0.0,8,5,fixed_source_trained_scalar_interpolation_plus_ls,-11.227838056845385,16.431880262624368,2.448703414547114,3.2009954943014693,0.22340227839639157,0.75,762.3291000054451,4.888610916154676,,
20260704,0.0,8,5,tensor_nomp3d_known_order_v1,-31.190147494200392,1.8276099625319258,1.8480398279531716,3.5181247494730297,0.16009935410601178,0.875,12585.04510000057,24.850920353509682,46.0,7.875522120757587
20260704,0.0,8,6,grid_fft_topk_plus_ls,-4.844629085921641,10.486405342592116,2.163791742314293,3.525603359694137,0.19271561440763416,0.75,40.66889999376144,0.0,,
20260704,0.0,8,6,deterministic_cartesian_local_refinement_plus_ls,-11.926658281528074,10.49224469184302,2.1345360710405417,3.5870312022413424,0.19256750976636008,0.75,968.704600003548,7.082029195606433,,
20260704,0.0,8,6,fixed_source_trained_scalar_interpolation_plus_ls,-11.303486557407181,10.48966878385638,2.1420041647376182,3.56332027484193,0.1924529434616973,0.75,968.3525000000373,6.4588574714855405,,
20260704,0.0,8,6,tensor_nomp3d_known_order_v1,-34.91159741476015,0.005618914645609395,0.0054009637899361815,0.00644771590419693,0.00039556617655381603,1.0,11459.852800006047,30.066968328838513,50.0,7.458156561987336
20260704,0.0,8,7,grid_fft_topk_plus_ls,-5.87508390569187,12.754382891869705,2.1033913788472707,3.272510892364819,0.19408612828078173,0.75,51.621299993712455,0.0,,
20260704,0.0,8,7,deterministic_cartesian_local_refinement_plus_ls,-13.076912808730313,12.674256116227422,2.2397058288724345,3.1904023177117966,0.19834174302453383,0.875,894.0219999931287,7.201828903038443,,
20260704,0.0,8,7,fixed_source_trained_scalar_interpolation_plus_ls,-11.40706554456641,12.702777019952027,2.18721852730931,3.2191408522617,0.19661093742595334,0.875,870.938300009584,5.531981638874541,,
20260704,0.0,8,7,tensor_nomp3d_known_order_v1,-35.81785263233867,0.004413556907535893,0.005534975990098068,0.004928546950375534,0.0003802392848484985,1.0,12532.451100007165,29.9427687266468,52.0,7.979322280691292
20260704,0.0,8,8,grid_fft_topk_plus_ls,-6.242723215320253,16.991148633311187,0.29217343778993604,1.5435116155756,0.14241083120535766,0.75,42.257499997504056,0.0,,
20260704,0.0,8,8,deterministic_cartesian_local_refinement_plus_ls,-12.091330121986674,16.910720035095945,0.08911493975649244,1.4563431204108896,0.13984498753260585,0.875,786.5516000019852,5.848606906666421,,
20260704,0.0,8,8,fixed_source_trained_scalar_interpolation_plus_ls,-11.975643503648687,16.939177418845524,0.1402323327360641,1.4852081663668035,0.14051379961951113,0.875,923.8497999904212,5.732920288328434,,
20260704,0.0,8,8,tensor_nomp3d_known_order_v1,-34.13543305301917,0.006813029635304739,0.007201973195964732,0.0067586922888658125,0.0005000533945297599,1.0,10545.131499995477,27.892709837698916,51.0,6.2803911316657475
20260704,0.0,8,9,grid_fft_topk_plus_ls,-5.516284664862104,10.112546858955124,0.6585575810351332,4.512461153819531,0.166795900211718,0.625,33.90379999473225,0.0,,
20260704,0.0,8,9,deterministic_cartesian_local_refinement_plus_ls,-11.683062878997895,10.274364571064934,0.6398951654394875,4.613142098205434,0.16977870410370233,0.75,635.0317000033101,6.166778214135791,,
20260704,0.0,8,9,fixed_source_trained_scalar_interpolation_plus_ls,-10.37530263015778,10.216145871750232,0.6432567111630798,4.575914521890345,0.1686261489288233,0.75,692.8187000012258,4.859017965295676,,
20260704,0.0,8,9,tensor_nomp3d_known_order_v1,-33.5542003032742,0.006309282691041538,0.008422680541277268,0.012131385941913068,0.000650589167614697,1.0,11064.199900007225,28.037915638412095,45.0,5.4918018083218225
20260704,0.0,8,10,grid_fft_topk_plus_ls,-4.604930604448846,25.662635035552253,0.8980638937665837,7.610672718942377,0.31608736488623257,0.125,40.573100006440654,0.0,,
20260704,0.0,8,10,deterministic_cartesian_local_refinement_plus_ls,-13.478010576591984,25.652646224359632,0.898860844307232,7.632009305976457,0.3165487880494287,0.375,834.3721000128426,8.873079972143138,,
20260704,0.0,8,10,fixed_source_trained_scalar_interpolation_plus_ls,-11.367686349943506,25.655911645741124,0.8912613788850903,7.623040379613798,0.31626983117721186,0.375,929.7976999951061,6.76275574549466,,
20260704,0.0,8,10,tensor_nomp3d_known_order_v1,-35.35032253767451,0.014052420612769135,0.012168295845017474,0.004723660738357972,0.0007824519339745019,1.0,12083.698499991442,30.74539193322566,51.0,6.48495092726708
20260704,0.0,8,11,grid_fft_topk_plus_ls,-4.879540279757558,16.53818850472167,0.9845744555418757,1.809661758636763,0.15387857636132987,0.625,44.35699999157805,0.0,,
20260704,0.0,8,11,deterministic_cartesian_local_refinement_plus_ls,-12.681658435833743,16.615135864599562,1.0707644644215706,1.693670218229207,0.15533666247734976,0.75,853.9401000016369,7.802118156076185,,
20260704,0.0,8,11,fixed_source_trained_scalar_interpolation_plus_ls,-11.269723991873448,16.587360470308752,1.0330064725578203,1.7323210088748502,0.15457106895955333,0.75,942.2476999898208,6.39018371211589,,
20260704,0.0,8,11,tensor_nomp3d_known_order_v1,-35.27379174773004,0.003696047624234455,0.008673827971208413,0.007014416254433573,0.0005854660604167187,1.0,10983.781000002637,30.39425146797248,50.0,4.871079994702816
20260704,0.0,8,12,grid_fft_topk_plus_ls,-4.694494409963873,16.35034186433172,2.936813320564319,6.290159905592236,0.2977355234001544,0.25,41.69299999193754,0.0,,
20260704,0.0,8,12,deterministic_cartesian_local_refinement_plus_ls,-10.727877031636222,17.662659499711513,2.8658277807289503,6.028219281919837,0.294297029671736,0.5,801.127800004906,6.033382621672349,,
20260704,0.0,8,12,fixed_source_trained_scalar_interpolation_plus_ls,-9.876271236925488,17.69163761738875,2.9167727083749906,5.990056769056281,0.29559454095343035,0.5,872.8466000029584,5.181776826961615,,
20260704,0.0,8,12,tensor_nomp3d_known_order_v1,-35.853922969167336,0.0034519457370941354,0.0067349244887131504,0.006511737797500789,0.00046831678544246213,1.0,12477.308400004404,31.159428559203462,50.0,3.8542190621611
20260704,0.0,8,13,grid_fft_topk_plus_ls,-6.763157054571252,15.371338475195826,1.4560831707821735,3.276595323813563,0.18217481630488785,0.25,47.95100000046659,0.0,,
20260704,0.0,8,13,deterministic_cartesian_local_refinement_plus_ls,-10.964485277272045,15.344494573401818,1.5758191217368527,3.270904433565004,0.1857929691381394,0.375,955.4877999908058,4.201328222700793,,
20260704,0.0,8,13,fixed_source_trained_scalar_interpolation_plus_ls,-11.19055448308078,15.354064875789819,1.528318644045533,3.270942846703427,0.1842857447637144,0.375,795.1917000027606,4.427397428509527,,
20260704,0.0,8,13,tensor_nomp3d_known_order_v1,-34.02107306498538,0.008304942863976976,0.011088406751160736,0.010871432074927235,0.0007745398376975466,1.0,10229.686599996057,27.257916010414128,56.0,7.295359747057677
20260704,0.0,8,14,grid_fft_topk_plus_ls,-4.056532732376165,9.712325794246787,1.5530168241081432,3.3514660045730214,0.16170281903569797,0.625,37.91780000028666,0.0,,
20260704,0.0,8,14,deterministic_cartesian_local_refinement_plus_ls,-10.653608410260883,9.665806284606298,1.6475104162930763,3.3498697764154235,0.16511722872113033,0.625,678.3258000068599,6.597075677884718,,
20260704,0.0,8,14,fixed_source_trained_scalar_interpolation_plus_ls,-8.622378637284205,9.682114122475587,1.61205572829032,3.3478355619726483,0.16376269035392763,0.625,796.8645999935688,4.56584590490804,,
20260704,0.0,8,14,tensor_nomp3d_known_order_v1,-35.690200617430975,0.005760772400964371,0.004276132133968359,0.0042264036246122,0.00030149022429338716,1.0,9753.378100009286,31.63366788505481,50.0,5.293830949236384
20260704,0.0,8,15,grid_fft_topk_plus_ls,-5.067158914553081,20.18379737910642,1.5809841405880896,6.579059708343804,0.27730510267201725,0.125,46.24130000593141,0.0,,
20260704,0.0,8,15,deterministic_cartesian_local_refinement_plus_ls,-11.741120200199154,20.15508209274075,1.6117424832997467,6.662003972973425,0.27979198580975434,0.25,721.6244000010192,6.673961285646072,,
20260704,0.0,8,15,fixed_source_trained_scalar_interpolation_plus_ls,-9.70675725777883,20.165152776485115,1.596702253650519,6.630996783519047,0.27877826605999806,0.25,644.5759000052931,4.6395983432257495,,
20260704,0.0,8,15,tensor_nomp3d_known_order_v1,-35.192264652805896,0.013042164213776724,0.010268380552901123,0.0064538053393295835,0.0006803902889868456,1.0,9936.200099997222,30.125105738252813,49.0,12.296236987285674
20260704,0.0,8,16,grid_fft_topk_plus_ls,-7.048005682456075,25.577777857638186,1.0396297600953779,6.120449124796426,0.28413818719730827,0.5,32.378100004279986,0.0,,
20260704,0.0,8,16,deterministic_cartesian_local_refinement_plus_ls,-11.404611909339968,25.46707498150486,1.0810521267131488,6.166009235432068,0.28509542836158025,0.625,703.3616999979131,4.356606226883893,,
20260704,0.0,8,16,fixed_source_trained_scalar_interpolation_plus_ls,-12.229699223361425,25.506485599350746,1.0636730236298053,6.155046374028538,0.2848236460062915,0.625,785.8231999998679,5.181693540905351,,
20260704,0.0,8,16,tensor_nomp3d_known_order_v1,-34.43999599530049,0.013483918644567815,0.009696786555046476,0.006674765607455319,0.0006495391077576943,1.0,10624.695499995141,27.391990312844417,51.0,9.364696046794615
20260704,0.0,8,17,grid_fft_topk_plus_ls,-5.049607874325373,26.06820547561915,3.58985279734024,3.3272361829900983,0.3203553806490067,0.25,49.32059999555349,0.0,,
20260704,0.0,8,17,deterministic_cartesian_local_refinement_plus_ls,-10.094309030992934,26.045723589304934,3.5678980853916076,3.5071166703886782,0.3211584661992615,0.5,801.8131999997422,5.044701156667561,,
20260704,0.0,8,17,fixed_source_trained_scalar_interpolation_plus_ls,-9.797759329598774,26.05330158562215,3.5747580209247807,3.4418837836509204,0.320804578322901,0.5,783.355899999151,4.748151455273401,,
20260704,0.0,8,17,tensor_nomp3d_known_order_v1,-35.257736151526544,0.009304283402083497,0.014626967619863509,0.00940120177478939,0.0009629797543293073,1.0,10221.043899990036,30.20812827720117,49.0,8.735068593373544
20260704,0.0,8,18,grid_fft_topk_plus_ls,-6.331883232122807,0.17786599092179894,0.15817096704505312,0.20215951093724777,0.011813903543710938,1.0,36.88959999999497,0.0,,
20260704,0.0,8,18,deterministic_cartesian_local_refinement_plus_ls,-15.245467668688379,0.055977877990188954,0.0562247481839346,0.06637587058516872,0.004103934207838839,1.0,752.9595999949379,8.913584436565571,,
20260704,0.0,8,18,fixed_source_trained_scalar_interpolation_plus_ls,-13.988298986198052,0.08672665028146202,0.0718987114086223,0.07632651176015179,0.005132381279276546,1.0,809.6701000031317,7.656415754075245,,
20260704,0.0,8,18,tensor_nomp3d_known_order_v1,-35.643344140544826,0.005842588008462577,0.005559176587301419,0.005567806686546888,0.0003912516701725866,1.0,10425.296800007345,29.31146090842202,51.0,6.294250972899026
20260704,0.0,8,19,grid_fft_topk_plus_ls,-4.556057101246309,12.37460313901584,2.2261663762225954,4.3532525984010135,0.21728246642743,0.75,71.41009999031667,0.0,,
20260704,0.0,8,19,deterministic_cartesian_local_refinement_plus_ls,-10.747555560345104,12.269352243829507,2.394171918978506,4.4880478597535145,0.2263832762717338,0.75,815.5684000084875,6.191498459098795,,
20260704,0.0,8,19,fixed_source_trained_scalar_interpolation_plus_ls,-9.971863230753735,12.30673030995983,2.3310379412041047,4.438776242152268,0.22295875666081444,0.75,736.6600999957882,5.415806129507426,,
20260704,0.0,8,19,tensor_nomp3d_known_order_v1,-34.96689725198516,0.001986578726447391,0.008502965213513706,0.006579671660011531,0.0005700366668427089,1.0,10815.944699992542,30.41084015073885,52.0,12.034945281375315
20260704,10.0,2,0,grid_fft_topk_plus_ls,-5.914422103445009,0.25036596332197336,0.1720936684398693,0.20392009483904072,0.01265397443554952,1.0,7.8504999983124435,0.0,,
20260704,10.0,2,0,deterministic_cartesian_local_refinement_plus_ls,-11.984669820946772,0.0928960421538296,0.07808441744687511,0.05933482812279273,0.00527085529241667,1.0,190.0286000018241,6.070247717501763,,
20260704,10.0,2,0,fixed_source_trained_scalar_interpolation_plus_ls,-11.747209776709397,0.12786145227750303,0.05368692530057476,0.10645120121982163,0.004829392680485012,1.0,188.57410000055097,5.832787673264388,,
20260704,10.0,2,0,tensor_nomp3d_known_order_v1,-48.75315968581902,0.0010722588675318207,0.0006006265876516737,0.00021333764890461317,3.903600146286815e-05,1.0,972.6017000066349,42.83873758237401,5.0,0.32041643107646456
20260704,10.0,2,1,grid_fft_topk_plus_ls,-8.148392047578136,0.09636874706288952,0.1938625055207343,0.08213334437660602,0.012408139178766342,1.0,13.015599994105287,0.0,,
20260704,10.0,2,1,deterministic_cartesian_local_refinement_plus_ls,-14.67526145559498,0.06273414602697971,0.03618233898368053,0.07782774575890533,0.0033569799521317853,1.0,208.77460000338033,6.526869408016843,,
20260704,10.0,2,1,fixed_source_trained_scalar_interpolation_plus_ls,-23.20205557990135,0.005787002847265913,0.05158868307876279,0.022033525737658582,0.0032973027316221958,1.0,210.4061999998521,15.053663532323215,,
20260704,10.0,2,1,tensor_nomp3d_known_order_v1,-50.74327956795243,0.000951218870163978,0.0006284457090510084,0.0016560414085801515,6.539244708867754e-05,1.0,1032.2026000067126,42.59488752037429,7.0,0.29679993843951324
20260704,10.0,2,2,grid_fft_topk_plus_ls,-3.6863626839263293,29.55597961789295,2.8242850208764705,4.217918166120652,0.31913950293715065,0.5,10.897000000113621,0.0,,
20260704,10.0,2,2,deterministic_cartesian_local_refinement_plus_ls,-10.918496144730785,29.87352547886377,2.6616172646984677,4.055042239563729,0.31336896948838583,0.5,211.2768000079086,7.232133460804455,,
20260704,10.0,2,2,fixed_source_trained_scalar_interpolation_plus_ls,-8.878770031092838,29.759719160608306,2.718844143429249,4.1126916023031805,0.31535452736991226,0.5,187.24519999523181,5.192407347166508,,
20260704,10.0,2,2,tensor_nomp3d_known_order_v1,-52.755248885845454,0.001586732507230384,0.00033615692020178684,0.001126998116544537,4.2842008053881585e-05,1.0,1103.6472999985563,49.06888620191913,5.0,0.2738284580574636
20260704,10.0,2,3,grid_fft_topk_plus_ls,-4.215349353914884,0.07856759429668385,0.2643596117540217,0.25145156006958974,0.018306145136371108,1.0,10.574800005997531,0.0,,
20260704,10.0,2,3,deterministic_cartesian_local_refinement_plus_ls,-11.363928060975088,0.07856759429668385,0.08508023910586285,0.09564665361885348,0.0061307908589334995,1.0,189.70099999569356,7.148578707060204,,
20260704,10.0,2,3,fixed_source_trained_scalar_interpolation_plus_ls,-8.871326534612308,0.07856759429668385,0.13429384487317264,0.1299096894528375,0.009343785465892648,1.0,191.3118999946164,4.655977180697424,,
20260704,10.0,2,3,tensor_nomp3d_known_order_v1,-51.98397365951798,0.0008262015895913536,0.001033763641262179,0.0005569454885930121,6.72239756214361e-05,1.0,1042.2940999997081,47.7686243056031,8.0,0.19565283628992414
20260704,10.0,2,4,grid_fft_topk_plus_ls,-3.2087008783060216,0.22391551515217764,0.2779847618142685,0.12006714849713108,0.01786045808784744,1.0,10.213599991402589,0.0,,
20260704,10.0,2,4,deterministic_cartesian_local_refinement_plus_ls,-12.883437778460635,0.07533240189018177,0.05989928053440789,0.05135267239252897,0.004115457460217224,1.0,182.5542000005953,9.674736900154613,,
20260704,10.0,2,4,fixed_source_trained_scalar_interpolation_plus_ls,-8.253261791170846,0.1256107744201782,0.1354156931051813,0.032196784482756105,0.00857938582795243,1.0,176.3487999996869,5.044560912864824,,
20260704,10.0,2,4,tensor_nomp3d_known_order_v1,-48.17946709608379,0.0005824561987120145,0.0010657647627210615,0.00132763127262835,7.860618294649533e-05,1.0,1136.1337999987882,44.97076621777777,6.0,0.27499510573860075
20260704,10.0,2,5,grid_fft_topk_plus_ls,-4.193685736771547,26.987211560851538,2.66529844548628,9.678666575711333,0.40457732469509994,0.0,12.844400000176392,0.0,,
20260704,10.0,2,5,deterministic_cartesian_local_refinement_plus_ls,-7.576249322931608,27.142243162800547,2.5043534190809473,9.518847561553084,0.3974275660407124,0.5,248.69890000263695,3.382563586160061,,
20260704,10.0,2,5,fixed_source_trained_scalar_interpolation_plus_ls,-7.82500500254379,27.086294347968472,2.560875441594341,9.575774582343339,0.3999291927140457,0.5,207.8133000031812,3.631319265772243,,
20260704,10.0,2,5,tensor_nomp3d_known_order_v1,-53.07273304583602,0.0004236406288811609,0.0005492232892754865,0.0016809105971318699,6.283707761447787e-05,1.0,1158.1788000039523,48.87904730906447,7.0,0.1816711884944006
20260704,10.0,2,6,grid_fft_topk_plus_ls,-4.7559162258920376,0.22604774948897466,0.12636766097222385,0.24522808429850096,0.01114558994172418,1.0,10.606099996948615,0.0,,
20260704,10.0,2,6,deterministic_cartesian_local_refinement_plus_ls,-18.025973705025823,0.006171483791618037,0.0714426062655185,0.03457529676044384,0.004594283085233214,1.0,185.91709999600425,13.270057479133786,,
20260704,10.0,2,6,fixed_source_trained_scalar_interpolation_plus_ls,-13.628322124044365,0.08176118314818023,0.05635774073937788,0.10326953316004221,0.004819716782065003,1.0,218.21360000467394,8.872405898152326,,
20260704,10.0,2,6,tensor_nomp3d_known_order_v1,-55.108317864580165,7.463560848973281e-05,0.0011287097124605997,0.00041990709449391423,7.17567817369238e-05,1.0,1120.4844000021694,50.35240163868813,6.0,0.15844080096635443
20260704,10.0,2,7,grid_fft_topk_plus_ls,-4.758602171321548,19.03600845103534,5.173146551539741,5.837465149950024,0.39991439692040726,0.5,10.926700007985346,0.0,,
20260704,10.0,2,7,deterministic_cartesian_local_refinement_plus_ls,-14.817765116691987,19.3531697179128,5.329689289369901,5.995674822121847,0.4110052723233685,0.5,195.41420000314247,10.059162945370439,,
20260704,10.0,2,7,fixed_source_trained_scalar_interpolation_plus_ls,-12.955834372409365,19.239445328992883,5.27306514082773,5.938527714372374,0.40699659925382115,0.5,200.05489999311976,8.197232201087818,,
20260704,10.0,2,7,tensor_nomp3d_known_order_v1,-53.620658436718315,0.0028468566280926686,0.00047001283800606294,0.004100511064750152,0.0001333330837990296,1.0,1039.1938999964623,48.86205626539677,6.0,0.1109762810600643
20260704,10.0,2,8,grid_fft_topk_plus_ls,-3.5561525859100698,0.2630395375484934,0.21728884949027522,0.23677900690706102,0.01560143338259453,1.0,13.389100000495091,0.0,,
20260704,10.0,2,8,deterministic_cartesian_local_refinement_plus_ls,-13.504051232835222,0.06562315733281257,0.009143938603222865,0.0983423979832101,0.003167650144652585,1.0,202.94030000513885,9.947898646925152,,
20260704,10.0,2,8,fixed_source_trained_scalar_interpolation_plus_ls,-9.500430132229146,0.12610817371625427,0.07296325956963061,0.1210251001411213,0.006005822233697974,1.0,213.498700002674,5.944277546319077,,
20260704,10.0,2,8,tensor_nomp3d_known_order_v1,-55.32157495022042,0.00016119412226097907,0.0001545063397243753,0.0004008568117642392,1.5866846797905624e-05,1.0,1011.896700001671,51.76542236431035,6.0,0.39205001963290875
20260704,10.0,2,9,grid_fft_topk_plus_ls,-5.974368494115831,0.10844990237704057,0.1241022675005613,0.24339261460626313,0.010896375471274023,1.0,7.952800006023608,0.0,,
20260704,10.0,2,9,deterministic_cartesian_local_refinement_plus_ls,-11.256962198958988,0.07602383690681154,0.0813258941576335,0.10640731390950002,0.006102905556548038,1.0,165.77930000494234,5.282593704843157,,
20260704,10.0,2,9,fixed_source_trained_scalar_interpolation_plus_ls,-10.355008394563452,0.04586144677117981,0.06278710824969812,0.15054074439800152,0.006136695951349142,1.0,172.45790000015404,4.380639900447621,,
20260704,10.0,2,9,tensor_nomp3d_known_order_v1,-49.34410185054404,0.0014224103270446826,0.0005776063675747228,0.0003873394882106591,3.9664136069879185e-05,1.0,956.3105999986874,43.36973335642821,7.0,0.0423493800116359
20260704,10.0,2,10,grid_fft_topk_plus_ls,-4.723101585844042,0.11101073671967776,0.2389118808565442,0.24250011670651436,0.016767366968552785,1.0,11.952600005315617,0.0,,
20260704,10.0,2,10,deterministic_cartesian_local_refinement_plus_ls,-17.043580164121423,0.06548441691281873,0.03447147678811483,0.039211080558729516,0.002530797170152756,1.0,195.26210000913125,12.320478578277381,,
20260704,10.0,2,10,fixed_source_trained_scalar_interpolation_plus_ls,-11.364926540870744,0.03670348678973058,0.09780087545925796,0.10201833935090354,0.006899953517429554,1.0,209.21159999852534,6.641824955026702,,
20260704,10.0,2,10,tensor_nomp3d_known_order_v1,-50.88338746358589,0.0008500668191751456,0.0009725208664841334,0.0005567273880782431,6.357125736625009e-05,1.0,1183.680899994215,46.16028587774185,6.0,0.10242891540091494
20260704,10.0,2,11,grid_fft_topk_plus_ls,-3.846115127597826,0.20086729535555967,0.2834410122039368,0.24109497188850018,0.019314516087707106,1.0,14.802500008954667,0.0,,
20260704,10.0,2,11,deterministic_cartesian_local_refinement_plus_ls,-15.035750500509856,0.068302053277676,0.060472186844535515,0.0383420753674091,0.004000638306693055,1.0,287.8112000034889,11.18963537291203,,
20260704,10.0,2,11,fixed_source_trained_scalar_interpolation_plus_ls,-9.412309157116463,0.10781499879230443,0.13956567714453685,0.10060395990262773,0.009310296211455751,1.0,261.2622000015108,5.566194029518637,,
20260704,10.0,2,11,tensor_nomp3d_known_order_v1,-51.7642373566601,0.00028979548719958376,0.0002446735815160204,0.0006726158088392453,2.609181338795994e-05,1.0,1104.5317000098294,47.91812222906227,6.0,0.25858913413361867
20260704,10.0,2,12,grid_fft_topk_plus_ls,-3.9253629472676788,0.2257015169815788,0.24300307645792235,0.23102774026752335,0.01690852055190124,1.0,13.970700005302206,0.0,,
20260704,10.0,2,12,deterministic_cartesian_local_refinement_plus_ls,-14.29587896326262,0.07157040599769864,0.03470388408306636,0.08285520154647665,0.0034236322390881206,1.0,220.87289999763016,10.37051601599494,,
20260704,10.0,2,12,fixed_source_trained_scalar_interpolation_plus_ls,-9.554679176652877,0.1253429530190298,0.10139687215524607,0.10900588960260041,0.007261138748790963,1.0,256.2434999999823,5.629316229385198,,
20260704,10.0,2,12,tensor_nomp3d_known_order_v1,-50.794649546152336,0.001010312529936262,0.00041162141688007325,0.0008364363435484093,3.751497400459758e-05,1.0,1176.636000003782,46.869286598884656,6.0,0.4291711534274183
20260704,10.0,2,13,grid_fft_topk_plus_ls,-11.338889324864018,42.98370761763425,4.487715238314169,9.90814901134488,0.5360123982892742,0.0,14.704300003359094,0.0,,
20260704,10.0,2,13,deterministic_cartesian_local_refinement_plus_ls,-14.176286705390087,43.1394896330308,4.487715238314169,9.90814901134488,0.5367757128926091,0.5,206.89580000180285,2.8373973805260686,,
20260704,10.0,2,13,fixed_source_trained_scalar_interpolation_plus_ls,-14.45069426656713,43.083434260002846,4.487715238314169,9.90814901134488,0.5365008548774465,0.0,199.58919999771751,3.1118049417031113,,
20260704,10.0,2,13,tensor_nomp3d_known_order_v1,-53.3181142296755,0.0010336627366569339,0.000310095268882262,0.0015343459104943137,5.2343818488811006e-05,1.0,1231.750799997826,41.97922490481148,5.0,0.24593662595961224
20260704,10.0,2,14,grid_fft_topk_plus_ls,-6.992386396530161,2.31528874495604,5.567317281668606,4.139292353575231,0.3716633630587618,0.0,14.673300000140443,0.0,,
20260704,10.0,2,14,deterministic_cartesian_local_refinement_plus_ls,-14.992906281482494,2.416476256224193,5.4065833901450775,4.139292353575231,0.36231578946978577,0.5,235.0406000041403,8.000519884952332,,
20260704,10.0,2,14,fixed_source_trained_scalar_interpolation_plus_ls,-14.260931220653346,2.3746196904229198,5.463617618423492,4.139292353575231,0.36562585106323325,0.0,238.32869999750983,7.268544824123184,,
20260704,10.0,2,14,tensor_nomp3d_known_order_v1,-53.33212652349944,0.001885777322138013,0.0006573503137171294,0.0008378062643156105,5.0896425474388274e-05,1.0,1169.0187000058359,46.339740126969275,6.0,0.4461617213871713
20260704,10.0,2,15,grid_fft_topk_plus_ls,-4.04812246456737,0.18376675295236802,0.1532727929243424,0.22033092245224326,0.011884311740157359,1.0,14.684399997349828,0.0,,
20260704,10.0,2,15,deterministic_cartesian_local_refinement_plus_ls,-12.35363091854147,0.047087566474558,0.08338435988235415,0.06660134314093433,0.005623795203649845,1.0,252.50500001129694,8.305508453974099,,
20260704,10.0,2,15,fixed_source_trained_scalar_interpolation_plus_ls,-8.657732888428104,0.0877350688377562,0.08400688084005214,0.12005147625345919,0.0064893295235009954,1.0,230.31970000010915,4.609610423860734,,
20260704,10.0,2,15,tensor_nomp3d_known_order_v1,-51.175638823903284,0.0004577390592061866,0.00046659902679496674,0.0006770965090736655,3.620705437268614e-05,1.0,1373.7407999869902,47.127516359335914,7.0,0.4152565105775624
20260704,10.0,2,16,grid_fft_topk_plus_ls,-4.119240810031406,5.5160459056038365,0.32208459967110137,9.868875215075064,0.3120486187268978,0.5,11.77649998862762,0.0,,
20260704,10.0,2,16,deterministic_cartesian_local_refinement_plus_ls,-10.669192129027248,5.3534336498606505,0.09797459416475493,9.868875215075064,0.3112856049780474,0.5,214.89590000419412,6.549951318995842,,
20260704,10.0,2,16,fixed_source_trained_scalar_interpolation_plus_ls,-8.490145181659246,5.4111483267663685,0.11923512163497728,9.868875215075064,0.3113754750787345,0.5,226.29890000098385,4.37090437162784,,
20260704,10.0,2,16,tensor_nomp3d_known_order_v1,-51.531828366445225,0.0016807945847309572,0.002331380408411389,0.0014793962660508617,0.000153432467614639,1.0,1204.0742000099272,47.41258755641382,6.0,0.039650195743636756
20260704,10.0,2,17,grid_fft_topk_plus_ls,-7.459310643370857,24.887610649237715,0.15338211069289703,7.905587870160925,0.3145316716334903,0.5,14.94420001108665,0.0,,
20260704,10.0,2,17,deterministic_cartesian_local_refinement_plus_ls,-11.703621961421252,24.72839651999568,0.15338211069289703,8.222150389671894,0.321611255674306,0.5,227.28199999255594,4.244311318050395,,
20260704,10.0,2,17,fixed_source_trained_scalar_interpolation_plus_ls,-13.205148437615879,24.7852907819851,0.15338211069289703,8.108422054586008,0.31904861540789176,0.5,236.52489999949466,5.745837794245022,,
20260704,10.0,2,17,tensor_nomp3d_known_order_v1,-50.80155004104016,0.0029812040070568177,0.0015785809904627778,0.0022346073984838223,0.00012309729852713605,1.0,1124.8396000009961,43.3422393976693,6.0,0.013664598001485583
20260704,10.0,2,18,grid_fft_topk_plus_ls,-10.923350483010237,0.1644800768416938,0.11242188871457834,0.05041818041625563,0.007314607945705549,1.0,11.98909999220632,0.0,,
20260704,10.0,2,18,deterministic_cartesian_local_refinement_plus_ls,-13.2068224862324,0.025196397831003275,0.10945220872502437,0.05041818041625563,0.007022620784661945,1.0,227.00430000259075,2.2834720032221636,,
20260704,10.0,2,18,fixed_source_trained_scalar_interpolation_plus_ls,-13.445095955964472,0.06539591365781108,0.07998388314259001,0.05041818041625563,0.00526624794738273,1.0,241.26439999963623,2.521745472954235,,
20260704,10.0,2,18,tensor_nomp3d_known_order_v1,-54.456563126354816,0.0002457821222984527,0.000753112386513592,0.00017126320280980747,4.741171590878249e-05,1.0,1209.7135999938473,43.53321264334458,7.0,0.06543615050898476
20260704,10.0,2,19,grid_fft_topk_plus_ls,-6.9510855057805525,38.901765562993226,3.4819690696899195,11.14523528754365,0.5109130482190928,0.5,14.88259999314323,0.0,,
20260704,10.0,2,19,deterministic_cartesian_local_refinement_plus_ls,-10.622379967787385,39.2194267801446,3.4819690696899195,11.14523528754365,0.5123932042253686,0.5,275.6907000002684,3.6712944620068324,,
20260704,10.0,2,19,fixed_source_trained_scalar_interpolation_plus_ls,-10.224822216861124,39.10560311551317,3.4819690696899195,11.14523528754365,0.5118619467706362,0.5,279.18539999518543,3.2737367110805717,,
20260704,10.0,2,19,tensor_nomp3d_known_order_v1,-51.19709117820886,0.0016854773889491224,0.0043783539457521795,0.00037628186163968035,0.00027421598692219925,1.0,1382.5592000066536,44.2460056724283,6.0,0.05716762264403705
20260704,10.0,4,0,grid_fft_topk_plus_ls,-4.7607414644107156,9.593085312034622,3.595575573312986,6.177197112479066,0.305583017858493,0.75,23.70330000121612,0.0,,
20260704,10.0,4,0,deterministic_cartesian_local_refinement_plus_ls,-14.381218124816755,9.480154288953313,3.476025906943106,6.397861189783123,0.3043960706589469,0.75,567.3743000079412,9.62047666040604,,
20260704,10.0,4,0,fixed_source_trained_scalar_interpolation_plus_ls,-12.550192879084037,9.520288283740657,3.517647428176982,6.318119921867118,0.30471355036998654,0.75,575.076099994476,7.789451414673321,,
20260704,10.0,4,0,tensor_nomp3d_known_order_v1,-47.341431408162684,0.004150891113230942,0.002485541065727213,0.0035719581614363396,0.00019402050478918025,1.0,3936.396800010698,42.58068994375197,15.0,0.4476432085802451
20260704,10.0,4,1,grid_fft_topk_plus_ls,-6.8654346069444205,22.86266799889872,0.11756591667640222,0.3866148097375315,0.17917346921956326,0.5,22.951900013140403,0.0,,
20260704,10.0,4,1,deterministic_cartesian_local_refinement_plus_ls,-10.19686928401117,22.862066924885262,0.11756591667640222,0.25269250327869325,0.17893530600607632,0.75,448.47119999758434,3.331434677066749,,
20260704,10.0,4,1,fixed_source_trained_scalar_interpolation_plus_ls,-10.364461299200759,22.862027664648583,0.11756591667640222,0.27759061847068467,0.1789710249528453,0.75,468.23260000383016,3.4990266922563382,,
20260704,10.0,4,1,tensor_nomp3d_known_order_v1,-46.449241930389846,0.0013315539253297374,0.0007954932169377013,0.0014072326792532355,6.71864562952192e-05,1.0,3803.0724999989616,39.58380732344543,17.0,0.13246403185523895
20260704,10.0,4,2,grid_fft_topk_plus_ls,-8.561256254492562,29.576949227247706,0.9817596674531056,1.0240052148768717,0.24121020601224075,0.5,23.70370000426192,0.0,,
20260704,10.0,4,2,deterministic_cartesian_local_refinement_plus_ls,-14.895654866709533,29.6876162967753,0.9817596674531056,1.0164331697807434,0.24200740209680469,0.75,417.1370999974897,6.334398612216971,,
20260704,10.0,4,2,fixed_source_trained_scalar_interpolation_plus_ls,-14.650104186836446,29.64774168920078,0.9817596674531056,1.0177227937436686,0.24171416359539505,0.75,437.32579999777954,6.088847932343883,,
20260704,10.0,4,2,tensor_nomp3d_known_order_v1,-50.5798832233642,0.003099115245467848,0.0008904112468204483,0.0006283431068293897,6.378695329336398e-05,1.0,3423.032200007583,42.01862696887164,15.0,0.3033326969078931
20260704,10.0,4,3,grid_fft_topk_plus_ls,-2.3800357564784793,0.24884528884438734,0.26990388205801275,0.2633483162371184,0.018869799740904428,1.0,25.049199990462512,0.0,,
20260704,10.0,4,3,deterministic_cartesian_local_refinement_plus_ls,-11.789284099664199,0.0652649156344461,0.07804563716127724,0.07540802015115922,0.0054411872150419115,1.0,439.67709998833016,9.40924834318572,,
20260704,10.0,4,3,fixed_source_trained_scalar_interpolation_plus_ls,-9.82451187461179,0.12720288852615141,0.06175057477621217,0.105019051850376,0.005162668459759926,1.0,445.1223000069149,7.444476118133311,,
20260704,10.0,4,3,tensor_nomp3d_known_order_v1,-50.657657564328275,0.0002362802177138814,0.0008879909698280063,0.00067591011310609,5.941163016728608e-05,1.0,3767.155900000944,48.2776218078498,16.0,0.18536294147083848
20260704,10.0,4,4,grid_fft_topk_plus_ls,-6.930797132774203,7.104693283550115,0.8760432250743101,4.037634315832448,0.14832097223159432,0.75,20.358199995826,0.0,,
20260704,10.0,4,4,deterministic_cartesian_local_refinement_plus_ls,-13.694057247215856,7.327857993276313,0.8649733723264617,4.035656491073233,0.14867688912451854,0.75,449.4965000048978,6.763260114441652,,
20260704,10.0,4,4,fixed_source_trained_scalar_interpolation_plus_ls,-13.036814389960698,7.24733194287457,0.8655991247566057,4.036004439042898,0.14845926807239596,0.75,472.51399999368005,6.106017257186495,,
20260704,10.0,4,4,tensor_nomp3d_known_order_v1,-47.591660204797456,0.0016575677165268211,0.0015140907602734057,0.0013239401030108557,0.00010408840419265784,1.0,3644.5292999997037,40.660863072023254,16.0,0.29703225031483665
20260704,10.0,4,5,grid_fft_topk_plus_ls,-5.975769985809796,21.54975345979899,1.9118755161348613,2.0167283929195907,0.21585756820118832,0.5,18.643499992322177,0.0,,
20260704,10.0,4,5,deterministic_cartesian_local_refinement_plus_ls,-12.929637763410541,21.65874998750177,1.9049380029113412,2.0152096436883338,0.21626956598753921,0.75,469.7213000035845,6.953867777600745,,
20260704,10.0,4,5,fixed_source_trained_scalar_interpolation_plus_ls,-13.426057151323946,21.619110808499737,1.9043723041473073,2.0150318765894757,0.2160062548019079,0.75,521.7036999965785,7.450287165514149,,
20260704,10.0,4,5,tensor_nomp3d_known_order_v1,-47.553116868997726,0.001889838579029605,0.003140653121880745,0.0028908018729294493,0.00021658473396049874,1.0,3543.134999999893,41.57734688318793,16.0,0.14861624579430227
20260704,10.0,4,6,grid_fft_topk_plus_ls,-3.6452146852886025,23.922014965579848,0.41255911245848065,5.17249370465498,0.24843639192092637,0.75,22.149299999000505,0.0,,
20260704,10.0,4,6,deterministic_cartesian_local_refinement_plus_ls,-12.632080172337423,24.033681222365754,0.5713267941412196,5.058962787334332,0.2480389418516664,0.75,443.6926000053063,8.98686548704882,,
20260704,10.0,4,6,fixed_source_trained_scalar_interpolation_plus_ls,-9.824917747162852,23.993512954047713,0.4942635506929955,5.099335999971249,0.24796231080768058,0.75,439.90759999724105,6.17970306187425,,
20260704,10.0,4,6,tensor_nomp3d_known_order_v1,-49.951758224172224,0.0015816352846040236,0.0011445147517422278,0.000932296619243673,7.821982488973473e-05,1.0,3699.3218999996316,46.30654353888362,17.0,0.4552655886902631
20260704,10.0,4,7,grid_fft_topk_plus_ls,-5.662566539608116,17.441206310278208,0.2305413180308814,2.522649523939578,0.15807863594382732,0.5,17.04089999839198,0.0,,
20260704,10.0,4,7,deterministic_cartesian_local_refinement_plus_ls,-13.458552231208571,17.550104451941834,0.07747615112544062,2.63207004447349,0.15996272859075647,0.75,456.30059999530204,7.795985691600455,,
20260704,10.0,4,7,fixed_source_trained_scalar_interpolation_plus_ls,-10.920446896405,17.510689588974696,0.11898499331391098,2.592297350531997,0.15916239153947906,0.75,463.7530999898445,5.257880356796884,,
20260704,10.0,4,7,tensor_nomp3d_known_order_v1,-47.32823711605904,0.0013810801336433282,0.0005832381128098255,0.002497301013564827,8.680747450615087e-05,1.0,3707.991300005233,41.66567057645093,17.0,0.42739556247130206
20260704,10.0,4,8,grid_fft_topk_plus_ls,-4.567501029915215,23.862649061443346,2.903991986568225,4.9292914760816995,0.3023665100489009,0.25,23.646899993764237,0.0,,
20260704,10.0,4,8,deterministic_cartesian_local_refinement_plus_ls,-10.773519831318726,23.81358218991271,2.767593074506183,4.934164697521004,0.297166280642328,0.5,497.5594999996247,6.206018801403511,,
20260704,10.0,4,8,fixed_source_trained_scalar_interpolation_plus_ls,-9.90392537553329,23.83073642712284,2.8151279097405273,4.931535463346745,0.2989464288456458,0.5,464.1791000030935,5.3364243456180755,,
20260704,10.0,4,8,tensor_nomp3d_known_order_v1,-51.07062940610938,0.0007477201378997802,0.0009619156605218848,0.001053462394179769,6.879155566229238e-05,1.0,3656.4981999981683,46.50312837619417,18.0,0.3794171409860527
20260704,10.0,4,9,grid_fft_topk_plus_ls,-5.389460872437145,30.614550800063487,1.8760131683179218,1.7035307875184507,0.2716376277299706,0.5,17.117199997301213,0.0,,
20260704,10.0,4,9,deterministic_cartesian_local_refinement_plus_ls,-10.776846310827732,30.838226069325245,2.0711821824994296,1.786271882442088,0.2791365233996544,0.5,399.10650000092573,5.387385438390587,,
20260704,10.0,4,9,fixed_source_trained_scalar_interpolation_plus_ls,-10.229473269261433,30.758130108943337,1.9983936211592006,1.7546065153399908,0.2763140882451431,0.5,460.85439999296796,4.840012396824288,,
20260704,10.0,4,9,tensor_nomp3d_known_order_v1,-47.63058348061176,0.0016910889334511296,0.002063161878885012,0.0014891975740787154,0.0001377235169425513,1.0,3587.472600003821,42.241122608174614,18.0,0.6009988613359769
20260704,10.0,4,10,grid_fft_topk_plus_ls,-5.4852665856384295,9.410240028421558,0.6435240127623214,5.045629347800322,0.17856143551272688,0.5,24.426899995887652,0.0,,
20260704,10.0,4,10,deterministic_cartesian_local_refinement_plus_ls,-12.807933707210701,9.295920447475412,0.6308106038481808,5.147261526394946,0.18083701023485343,0.75,455.2760000078706,7.322667121572271,,
20260704,10.0,4,10,fixed_source_trained_scalar_interpolation_plus_ls,-12.704266123060838,9.336393756706837,0.6307971356908956,5.109108770529164,0.1799051075242964,0.75,452.88979999895673,7.218999537422409,,
20260704,10.0,4,10,tensor_nomp3d_known_order_v1,-49.35571689072276,0.0019589386080105255,0.0008509305271445726,0.001050273535426673,6.434196343361097e-05,1.0,3585.575399993104,43.87045030508433,16.0,0.558342468127248
20260704,10.0,4,11,grid_fft_topk_plus_ls,-6.437589631432637,0.22522812600415867,0.14548930930872342,0.15506233991074128,0.010452803505312568,1.0,17.762000003131106,0.0,,
20260704,10.0,4,11,deterministic_cartesian_local_refinement_plus_ls,-13.046414763146233,0.06669138373161268,0.06360988650886935,0.060374273667460336,0.004431323535957705,1.0,389.90180000837427,6.608825131713596,,
20260704,10.0,4,11,fixed_source_trained_scalar_interpolation_plus_ls,-11.934165388409884,0.09686634291357334,0.06601956475804165,0.07163332294366909,0.004754942710417567,1.0,445.9244000026956,5.496575756977247,,
20260704,10.0,4,11,tensor_nomp3d_known_order_v1,-47.19770305365159,0.0009208873036453459,0.0017329322946994844,0.001912229072307922,0.00012390867142241188,1.0,3655.249899995397,40.76011342221895,15.0,0.2855130202277438
20260704,10.0,4,12,grid_fft_topk_plus_ls,-3.0790029476564924,29.2467715858985,3.3649084921485057,7.237743077855075,0.3841795927529485,0.25,21.509600002900697,0.0,,
20260704,10.0,4,12,deterministic_cartesian_local_refinement_plus_ls,-9.343607366511238,29.052843359039482,3.2665790935664316,7.526979893544853,0.3853922184346936,0.5,484.954799991101,6.264604418854745,,
20260704,10.0,4,12,fixed_source_trained_scalar_interpolation_plus_ls,-7.901275250264254,29.214445724296418,3.3003630030286315,7.412616236136241,0.38509739434617635,0.5,514.095599995926,4.822272302607761,,
20260704,10.0,4,12,tensor_nomp3d_known_order_v1,-46.25255744494382,0.002424713377304549,0.0008794790149442425,0.002011387589978784,8.562195234744934e-05,1.0,3815.3368000057526,43.17355449728733,18.0,0.449396941414166
20260704,10.0,4,13,grid_fft_topk_plus_ls,-9.447821728250815,0.08740425061792143,0.09747835658831003,0.14865722578784443,0.007691853425021229,1.0,23.172600005636923,0.0,,
20260704,10.0,4,13,deterministic_cartesian_local_refinement_plus_ls,-12.209938135257017,0.08740425061792143,0.07740894187925006,0.0582626970612931,0.005214218461055858,1.0,459.577999994508,2.762116407006202,,
20260704,10.0,4,13,fixed_source_trained_scalar_interpolation_plus_ls,-11.811145396348142,0.08740425061792143,0.06587727059518143,0.0847530596577516,0.004943016023339956,1.0,475.2442000026349,2.363323668097326,,
20260704,10.0,4,13,tensor_nomp3d_known_order_v1,-47.32102292631916,0.0018705331491047706,0.0012981613103136343,0.0018896865318503322,0.00010140847566127537,1.0,3726.950600001146,37.873201198068344,17.0,0.6305350891496176
20260704,10.0,4,14,grid_fft_topk_plus_ls,-6.847385347429091,17.899972833688437,0.7206998942954133,8.859125298439691,0.31341631069239995,0.25,21.633700001984835,0.0,,
20260704,10.0,4,14,deterministic_cartesian_local_refinement_plus_ls,-10.737740940294602,18.057932572496238,0.7365241888674062,9.099009786837462,0.32073890623117957,0.5,438.7369000032777,3.890355592865511,,
20260704,10.0,4,14,fixed_source_trained_scalar_interpolation_plus_ls,-10.886114213889467,18.001287169274544,0.718857290256397,9.012877305076483,0.31800138310092524,0.5,470.05620000709314,4.038728866460376,,
20260704,10.0,4,14,tensor_nomp3d_known_order_v1,-48.781203923232,0.0011674383201059635,0.00167613623507361,0.0012734587483249763,0.00011243318290178992,1.0,3713.237100004335,41.93381857580291,16.0,0.22483710695654413
20260704,10.0,4,15,grid_fft_topk_plus_ls,-5.3026995988854075,29.0438299011165,1.8879065668998596,5.830451997277208,0.3140157595376821,0.75,26.072200009366497,0.0,,
20260704,10.0,4,15,deterministic_cartesian_local_refinement_plus_ls,-13.385563048225968,29.15558100507782,2.108852511908938,5.827923311588162,0.3200368017437691,0.75,522.5705000048038,8.082863449340561,,
20260704,10.0,4,15,fixed_source_trained_scalar_interpolation_plus_ls,-10.940436187698605,29.11541458090433,2.028916924139625,5.82832979220312,0.3177944532971429,0.75,487.64310000115074,5.637736588813198,,
20260704,10.0,4,15,tensor_nomp3d_known_order_v1,-47.29696069224368,0.0010423595317843994,0.0023597706234906525,0.002967285794432811,0.00017440401207715345,1.0,3752.4969999940367,41.994261093358276,17.0,0.30751206654983204
20260704,10.0,4,16,grid_fft_topk_plus_ls,-3.399893698217227,25.025797065728966,3.955604270111036,7.215334641054948,0.38753960479655475,0.0,21.256300009554252,0.0,,
20260704,10.0,4,16,deterministic_cartesian_local_refinement_plus_ls,-7.754661964664775,25.170949416571027,4.209736870478952,7.23058827086432,0.3986886319176595,0.25,456.54970000032336,4.354768266447548,,
20260704,10.0,4,16,fixed_source_trained_scalar_interpolation_plus_ls,-7.539054239967248,25.118722152697064,4.115947061645929,7.224324613762241,0.39452965302105336,0.25,441.29960000282153,4.139160541750021,,
20260704,10.0,4,16,tensor_nomp3d_known_order_v1,-47.019535945320285,0.001865760573516335,0.002312891180531558,0.0018426329674037178,0.0001562835123806488,1.0,3887.844299999415,43.61964224710306,19.0,0.5198116040457577
20260704,10.0,4,17,grid_fft_topk_plus_ls,-5.572638866798102,7.873811113888961,2.668661775583484,7.089643337804523,0.28405695072995607,0.5,19.156199996359646,0.0,,
20260704,10.0,4,17,deterministic_cartesian_local_refinement_plus_ls,-9.746388282190223,7.872452110064756,2.7530296258276303,7.088954011530354,0.2871659512274139,0.75,483.67650000727735,4.173749415392121,,
20260704,10.0,4,17,fixed_source_trained_scalar_interpolation_plus_ls,-9.478108631364513,7.872754011194385,2.7177727511676526,7.088790477879282,0.28584761450900104,0.75,504.3446999916341,3.905469764566411,,
20260704,10.0,4,17,tensor_nomp3d_known_order_v1,-46.83117460423997,0.0007818025756223624,0.0026827796765853816,0.000941654561289005,0.0001703458724167154,1.0,3706.2240000086604,41.25853573744187,16.0,0.3273973729598645
20260704,10.0,4,18,grid_fft_topk_plus_ls,-3.549798411696923,0.2552574795992504,0.28803840543062204,0.1608907929249298,0.018797403958314432,1.0,19.60040000267327,0.0,,
20260704,10.0,4,18,deterministic_cartesian_local_refinement_plus_ls,-13.299638296296905,0.07020351749906192,0.0707315703930939,0.06903159690300552,0.004949472720782381,1.0,440.5232999997679,9.749839884599982,,
20260704,10.0,4,18,fixed_source_trained_scalar_interpolation_plus_ls,-11.62694765442218,0.07830000931482867,0.11205348817703759,0.0600061788686394,0.007275806647528289,1.0,417.42890000750776,8.077149242725257,,
20260704,10.0,4,18,tensor_nomp3d_known_order_v1,-46.859414179633575,0.0010404345622777396,0.0006694187705061536,0.0011882575964544855,5.652794681524372e-05,1.0,3473.0555999994976,43.30961576793665,17.0,0.31232843726605014
20260704,10.0,4,19,grid_fft_topk_plus_ls,-3.978237468617632,7.9229095866948605,2.165905604126581,3.0545986384170805,0.17682762783712538,0.75,17.23489999130834,0.0,,
20260704,10.0,4,19,deterministic_cartesian_local_refinement_plus_ls,-10.510300982904987,7.922381947996697,2.3754776581561567,3.048168666823326,0.1869410082056543,0.75,407.8281000111019,6.532063514287355,,
20260704,10.0,4,19,fixed_source_trained_scalar_interpolation_plus_ls,-8.350823756192655,7.922203682782012,2.298201047345885,3.049518850289335,0.18315022059641725,0.75,396.4336000062758,4.372586287575023,,
20260704,10.0,4,19,tensor_nomp3d_known_order_v1,-47.66906184674828,0.0017561710796053928,0.000559797384211479,0.0017595340669888696,6.660144937436944e-05,1.0,3578.761199998553,43.69082437813064,18.0,0.44022597366110633
20260704,10.0,8,0,grid_fft_topk_plus_ls,-3.915566265017834,12.238688179924697,2.6155282008420953,3.188297254267343,0.21399014169851266,0.625,44.37889999826439,0.0,,
20260704,10.0,8,0,deterministic_cartesian_local_refinement_plus_ls,-10.942136586058105,12.289952853807383,2.7150115982327696,3.2996395634654485,0.22055717128538563,0.625,861.7452000034973,7.026570321040271,,
20260704,10.0,8,0,fixed_source_trained_scalar_interpolation_plus_ls,-8.897569618338633,12.271324257061123,2.6776409843494435,3.256635875007838,0.21807106609700003,0.625,951.2275999877602,4.982003353320799,,
20260704,10.0,8,0,tensor_nomp3d_known_order_v1,-45.044649457736405,0.002276388836776092,0.0015839462650308865,0.0012851235648889774,0.00010830258760076803,1.0,11955.707800007076,41.12908319271857,51.0,0.6160645869036556
20260704,10.0,8,1,grid_fft_topk_plus_ls,-5.6919779801882,8.396490439302127,2.1964046466944196,2.1258307078660645,0.16601441666522154,0.75,34.53050000825897,0.0,,
20260704,10.0,8,1,deterministic_cartesian_local_refinement_plus_ls,-12.50919198481737,8.47512960552445,2.343551358365081,2.035470781160479,0.17287016454999574,0.875,760.6328999972902,6.817214004629171,,
20260704,10.0,8,1,fixed_source_trained_scalar_interpolation_plus_ls,-13.12013580666975,8.446537985517912,2.2890893113322064,2.0637042910536736,0.1702410835020379,0.875,829.1275999945356,7.428157826481551,,
20260704,10.0,8,1,tensor_nomp3d_known_order_v1,-46.712803951302206,0.0016601743919208674,0.0020472674663350216,0.0015752385415426324,0.00013770883986155937,1.0,12315.966800000751,41.02082597111401,50.0,0.9511823346544276
20260704,10.0,8,2,grid_fft_topk_plus_ls,-5.376347139661122,12.326125243527498,1.2255715672731833,3.3217816148141024,0.16098503843554496,0.625,36.96129999298137,0.0,,
20260704,10.0,8,2,deterministic_cartesian_local_refinement_plus_ls,-9.87669383481619,12.273523029784428,1.3593240622867218,3.3920475490475273,0.1662781774550263,0.75,847.7674000023399,4.500346695155069,,
20260704,10.0,8,2,fixed_source_trained_scalar_interpolation_plus_ls,-9.53233283083632,12.292029724784442,1.30577602956148,3.36662319388047,0.16416731937047319,0.75,920.6650999985868,4.155985691175199,,
20260704,10.0,8,2,tensor_nomp3d_known_order_v1,-45.3802180381689,0.0020902267302966102,0.00196794765452369,0.0024318576834809385,0.00014549977570251367,1.0,11542.422999991686,40.00387089850778,49.0,0.5500330913674615
20260704,10.0,8,3,grid_fft_topk_plus_ls,-4.654429764094032,4.866439617584377,1.3693470342434368,1.840753417028196,0.10990477946548224,0.625,44.97319999791216,0.0,,
20260704,10.0,8,3,deterministic_cartesian_local_refinement_plus_ls,-14.231227326957585,5.006591952031424,1.429820659710322,1.850428755560793,0.1134002940923121,0.75,987.7590999967651,9.576797562863554,,
20260704,10.0,8,3,fixed_source_trained_scalar_interpolation_plus_ls,-11.273316986137461,4.955540909790682,1.4043276523147328,1.8438171526191196,0.1119039894323817,0.75,816.1753000022145,6.618887222043429,,
20260704,10.0,8,3,tensor_nomp3d_known_order_v1,-47.01876756538424,0.0014713176401368565,0.0018315464052127209,0.0023435293778647564,0.000136379229703512,1.0,12001.21190000209,42.364337801290205,46.0,0.427071904061502
20260704,10.0,8,4,grid_fft_topk_plus_ls,-5.636494976515577,4.9317810118624275,0.8035482908241472,6.225304604779734,0.20457972076978212,0.5,49.46509998990223,0.0,,
20260704,10.0,8,4,deterministic_cartesian_local_refinement_plus_ls,-11.056559196358247,4.877713667236926,0.7982095550721515,6.222777884525527,0.20434375773984872,0.625,932.9326000006404,5.42006421984267,,
20260704,10.0,8,4,fixed_source_trained_scalar_interpolation_plus_ls,-9.805532915250966,4.895954486357422,0.79282026053654,6.223332187359329,0.20430490847511035,0.625,970.6214000034379,4.169037938735389,,
20260704,10.0,8,4,tensor_nomp3d_known_order_v1,-46.0663243176078,0.0031961300887077635,0.005600128861608412,0.002657483143588532,0.0003605909357509338,1.0,12454.230400006054,40.42982934109222,50.0,0.8609017386017894
20260704,10.0,8,5,grid_fft_topk_plus_ls,-4.048128009403773,1.062626124267471,2.5319276638680877,3.60635066248995,0.19445177662143548,0.75,48.62899999716319,0.0,,
20260704,10.0,8,5,deterministic_cartesian_local_refinement_plus_ls,-13.473835352540922,1.1151586227495558,2.524404575257941,3.7549589292203382,0.19682021576696196,0.875,876.918800000567,9.425707343137148,,
20260704,10.0,8,5,fixed_source_trained_scalar_interpolation_plus_ls,-10.93752319752268,1.0899848597729487,2.524797608151811,3.6998762757769423,0.19580999263209706,0.875,1008.5488999902736,6.889395188118907,,
20260704,10.0,8,5,tensor_nomp3d_known_order_v1,-45.39701059448693,0.0011344552211319564,0.0029293142319250206,0.001548522409968307,0.0001895767436181309,1.0,12583.182799993665,41.34888258508315,52.0,0.5533757690950296
20260704,10.0,8,6,grid_fft_topk_plus_ls,-6.829892319360247,19.141037968086444,2.2366505123815164,6.5258584890770255,0.28895007861772776,0.375,60.46579999383539,0.0,,
20260704,10.0,8,6,deterministic_cartesian_local_refinement_plus_ls,-12.1463557798444,19.263964151437563,2.2885468157427233,6.512345064975073,0.2907328328737111,0.625,916.8954000051599,5.316463460484154,,
20260704,10.0,8,6,fixed_source_trained_scalar_interpolation_plus_ls,-11.71836960597355,19.2195829609866,2.267535655742077,6.516852383577342,0.290008182576211,0.5,1025.6464999984019,4.888477286613303,,
20260704,10.0,8,6,tensor_nomp3d_known_order_v1,-45.0586367715598,0.012099083008485199,0.0034067793985753264,0.015905296071778496,0.0005489267446679635,1.0,12286.295899990364,38.22874445219955,47.0,0.4880223853786269
20260704,10.0,8,7,grid_fft_topk_plus_ls,-4.983266897985274,14.606164389526837,1.5905970594831143,4.512739970288436,0.2068612402142564,0.5,41.12060001352802,0.0,,
20260704,10.0,8,7,deterministic_cartesian_local_refinement_plus_ls,-12.162488474083808,14.777106301048773,1.5259766091506866,4.564797845632742,0.20681616712694975,0.625,812.2354999941308,7.179221576098534,,
20260704,10.0,8,7,fixed_source_trained_scalar_interpolation_plus_ls,-10.088675077092834,14.715481068598537,1.5480168859058694,4.544945459410953,0.2067608276046846,0.625,913.2518999977037,5.10540817910756,,
20260704,10.0,8,7,tensor_nomp3d_known_order_v1,-45.69430629238642,0.00285452895900226,0.0031479333277826082,0.004239318072903085,0.0002382369849079675,1.0,12314.518699990003,40.71103939440115,44.0,1.364123924307767
20260704,10.0,8,8,grid_fft_topk_plus_ls,-5.453524870482713,16.313159345384836,1.7994185074463624,2.9067408433945467,0.19272211764242034,0.625,49.072400011937134,0.0,,
20260704,10.0,8,8,deterministic_cartesian_local_refinement_plus_ls,-10.681789810822666,16.470834716147536,1.744155660883309,2.8979475902367944,0.19142236125749423,0.75,909.1926999972202,5.228264940339953,,
20260704,10.0,8,8,fixed_source_trained_scalar_interpolation_plus_ls,-10.281709632011452,16.414060933088468,1.761254983381952,2.90059791435657,0.19177517251556836,0.75,967.3436000011861,4.828184761528739,,
20260704,10.0,8,8,tensor_nomp3d_known_order_v1,-44.78358484266765,0.0013244249532142144,0.0015588858031167828,0.0019412536432629962,0.00011523836046990011,1.0,12700.604400000884,39.33005997218494,60.0,1.4309459957792756
20260704,10.0,8,9,grid_fft_topk_plus_ls,-5.913918740160052,7.6632004428561205,2.559311368607446,2.2485661404267976,0.18468363595264867,0.75,41.33680000086315,0.0,,
20260704,10.0,8,9,deterministic_cartesian_local_refinement_plus_ls,-12.589780343140621,7.676839764238952,2.506749236792597,2.185389518617696,0.181127278201758,0.75,823.7165000027744,6.675861602980569,,
20260704,10.0,8,9,fixed_source_trained_scalar_interpolation_plus_ls,-10.434093106917473,7.671579374724897,2.52339173482938,2.2065721837798,0.18226361195113877,0.75,938.0766999965999,4.520174366757421,,
20260704,10.0,8,9,tensor_nomp3d_known_order_v1,-44.32188302810093,0.0020560210749319702,0.0037906822529148983,0.001761379985018434,0.00024375750917552817,1.0,12036.72779999033,38.40796428794088,51.0,1.3195093848798298
20260704,10.0,8,10,grid_fft_topk_plus_ls,-5.292712118957383,13.028736246604673,0.7046306730329105,2.474794712440557,0.1352077193245803,0.75,50.845500009018,0.0,,
20260704,10.0,8,10,deterministic_cartesian_local_refinement_plus_ls,-13.888511665742724,13.107566507485572,0.7165754620310475,2.46985726938697,0.13582838737516192,0.875,926.7809000011766,8.59579954678534,,
20260704,10.0,8,10,fixed_source_trained_scalar_interpolation_plus_ls,-11.121074165839111,13.079115506476896,0.7020369376755458,2.4704491054976807,0.13537417810621274,0.875,903.9271000074223,5.828362046881728,,
20260704,10.0,8,10,tensor_nomp3d_known_order_v1,-44.81016831835771,0.0020362286716473846,0.001485235467549848,0.0020408850467387124,0.00011374334008008724,1.0,11696.798199991463,39.51745619940033,50.0,0.7555997558037402
20260704,10.0,8,11,grid_fft_topk_plus_ls,-6.160592385845175,13.162137631827656,2.0420566974736483,1.6714935090095913,0.172021214691965,0.625,46.81469999195542,0.0,,
20260704,10.0,8,11,deterministic_cartesian_local_refinement_plus_ls,-11.589009242549693,13.222595887474546,2.1878424493932376,1.6664104251841767,0.17911146026725658,0.75,787.0264999946812,5.428416856704518,,
20260704,10.0,8,11,fixed_source_trained_scalar_interpolation_plus_ls,-10.422310672568019,13.200482940658611,2.134739701426725,1.667360203968406,0.1764984432690486,0.75,865.2520999894477,4.261718286722844,,
20260704,10.0,8,11,tensor_nomp3d_known_order_v1,-44.76528956978182,0.0009751340190078094,0.0012021392358333488,0.0027131974667974463,0.00011354302022468547,1.0,11226.236900009098,38.60469718393664,52.0,0.5871190477434207
20260704,10.0,8,12,grid_fft_topk_plus_ls,-4.494903195516166,8.445371234811699,0.2498075853806852,4.193271415544303,0.14754140354787318,0.875,38.865399998030625,0.0,,
20260704,10.0,8,12,deterministic_cartesian_local_refinement_plus_ls,-12.043123983232904,8.523389990549482,0.28308739986046055,4.1899749449665,0.1479579589566795,0.875,774.6029999980237,7.548220787716739,,
20260704,10.0,8,12,fixed_source_trained_scalar_interpolation_plus_ls,-9.295435873686904,8.495107293656071,0.23734603508171326,4.190635024770538,0.14756216403227101,0.875,750.2722000062931,4.800532678170738,,
20260704,10.0,8,12,tensor_nomp3d_known_order_v1,-45.73929024311589,0.0012970207856694146,0.001484728017926781,0.001810769358054735,0.00010915914525818183,1.0,11348.466999988887,41.24438704759972,48.0,0.8936549992785748
20260704,10.0,8,13,grid_fft_topk_plus_ls,-6.760392687996767,9.879767154015198,1.5126768578382774,4.7485784618382,0.1921363624847113,0.5,41.42770000908058,0.0,,
20260704,10.0,8,13,deterministic_cartesian_local_refinement_plus_ls,-12.191889367272912,9.96311269666364,1.530617139167618,4.747149829224103,0.19291797844443692,0.625,770.8041000005323,5.431496679276146,,
20260704,10.0,8,13,fixed_source_trained_scalar_interpolation_plus_ls,-12.362923941179105,9.932689686523121,1.5160840111006488,4.747355056892286,0.19237812758028766,0.625,822.6739999954589,5.602531253182338,,
20260704,10.0,8,13,tensor_nomp3d_known_order_v1,-45.747031146095274,0.0028163959068426203,0.0041171285295905635,0.005001908819224994,0.0003018786175403069,1.0,12030.229099997086,38.98663845809851,53.0,0.9504219177853219
20260704,10.0,8,14,grid_fft_topk_plus_ls,-4.44283972670899,12.31568101105613,1.7137600536507327,3.634534448616766,0.18338581221058273,0.75,64.28109999978915,0.0,,
20260704,10.0,8,14,deterministic_cartesian_local_refinement_plus_ls,-11.572467233082989,12.315020655877182,1.7715944082810346,3.5482825382537926,0.18387970900441872,0.875,821.0487000033027,7.129627506373999,,
20260704,10.0,8,14,fixed_source_trained_scalar_interpolation_plus_ls,-9.115799605032787,12.315079951456543,1.747362623563338,3.5777806735940842,0.18353208735607568,0.875,824.9709000083385,4.672959878323797,,
20260704,10.0,8,14,tensor_nomp3d_known_order_v1,-46.88505469187259,0.001580117866605606,0.0014109978387581341,0.0007781253800704245,9.230758593128763e-05,1.0,11841.873799989116,42.4422149651636,51.0,0.45587323423924453
20260704,10.0,8,15,grid_fft_topk_plus_ls,-5.253921227020344,13.797176474489376,2.1359992309917106,3.4782044790476307,0.2031141996504118,0.625,48.3405999984825,0.0,,
20260704,10.0,8,15,deterministic_cartesian_local_refinement_plus_ls,-9.905745118557146,13.775165613764289,2.21481544223803,3.490807310395443,0.2065033119660749,0.75,870.0460999971256,4.651823891536802,,
20260704,10.0,8,15,fixed_source_trained_scalar_interpolation_plus_ls,-10.586340115755469,13.782470865121885,2.1842572608644826,3.4840042193722844,0.2051449705912703,0.75,923.739799996838,5.332418888735125,,
20260704,10.0,8,15,tensor_nomp3d_known_order_v1,-46.2432943425586,0.0013784505256226771,0.0017097463403171395,0.0017031939513977763,0.0001198654751116595,1.0,11797.480299996096,40.98937311553826,54.0,0.8577577746897349
20260704,10.0,8,16,grid_fft_topk_plus_ls,-5.507589873079346,1.799775908935093,0.442465911979789,2.4130452645022054,0.08153999548391863,0.75,55.6940999958897,0.0,,
20260704,10.0,8,16,deterministic_cartesian_local_refinement_plus_ls,-13.091749403723465,1.7947752999415663,0.4337177783864279,2.4035260934655756,0.0810737768979091,0.875,908.5840999905486,7.584159530644119,,
20260704,10.0,8,16,fixed_source_trained_scalar_interpolation_plus_ls,-11.177422416249506,1.795757695973505,0.42162140439145857,2.4048229786024917,0.08086313306118474,0.875,899.5885000040289,5.66983254317016,,
20260704,10.0,8,16,tensor_nomp3d_known_order_v1,-46.34908214108541,0.005658226316058713,0.004837156697177269,0.0009032906874014875,0.00030683815339089686,1.0,11986.428300006082,40.841492268006064,50.0,0.43164245012059843
20260704,10.0,8,17,grid_fft_topk_plus_ls,-6.285769225486673,13.354186624471234,0.8401055744061325,0.4106878403389168,0.11750028167299466,0.875,51.61029999726452,0.0,,
20260704,10.0,8,17,deterministic_cartesian_local_refinement_plus_ls,-13.708684685342476,13.432936954091227,0.9759899122551137,0.30403841029568485,0.12175635968621927,0.875,851.6888000012841,7.422915459855803,,
20260704,10.0,8,17,fixed_source_trained_scalar_interpolation_plus_ls,-11.064238731524762,13.404574147449523,0.9233379639038064,0.3353523700342729,0.12002944055801532,0.875,840.1766000024509,4.778469506038089,,
20260704,10.0,8,17,tensor_nomp3d_known_order_v1,-45.11816685060669,0.0024224000945502347,0.0034402903387095616,0.0035451752903630164,0.00024262039876518272,1.0,11781.48130000045,38.83239762512002,46.0,0.5503035309994206
20260704,10.0,8,18,grid_fft_topk_plus_ls,-5.913000392528225,21.893735249572412,0.30953748609075665,1.3899455554380178,0.17753102767685303,0.75,36.75530001055449,0.0,,
20260704,10.0,8,18,deterministic_cartesian_local_refinement_plus_ls,-11.47764859041189,21.97199911341674,0.3397423047975119,1.3020433048513183,0.17768603440793249,0.875,857.9958999907831,5.564648197883665,,
20260704,10.0,8,18,fixed_source_trained_scalar_interpolation_plus_ls,-11.58607570416555,21.943774433236424,0.31571336653929877,1.3309104263856002,0.17750880137690458,0.875,787.6613999978872,5.673075311637325,,
20260704,10.0,8,18,tensor_nomp3d_known_order_v1,-44.734748323405356,0.0017370240110061196,0.0018149122658956366,0.0012669183706544155,0.0001209067570963015,1.0,12124.331600003643,38.82174793087713,52.0,0.6478300308911031
20260704,10.0,8,19,grid_fft_topk_plus_ls,-4.717401441559577,27.810805092628584,1.438645386539827,1.9705385680243097,0.24307173146096453,0.5,43.67129999445751,0.0,,
20260704,10.0,8,19,deterministic_cartesian_local_refinement_plus_ls,-10.386181607370712,27.839907976704016,1.5098097623477043,2.0575185440705317,0.24565116827958322,0.5,775.5552000016905,5.668780165811135,,
20260704,10.0,8,19,fixed_source_trained_scalar_interpolation_plus_ls,-9.901169216642549,27.829255096557734,1.479812672445979,2.0232102286110067,0.24458386367507537,0.5,795.7920000044396,5.183767775082972,,
20260704,10.0,8,19,tensor_nomp3d_known_order_v1,-45.32248470896349,0.0008666184410419694,0.0020460974387625447,0.002656033622485443,0.0001526059850062551,1.0,11843.600399995921,40.60508326740391,45.0,0.649504038670172
20260704,20.0,2,0,grid_fft_topk_plus_ls,-4.824427133256478,2.7388960075828397,3.748197250104039,10.714092279039166,0.40919193285708966,0.5,13.180599999031983,0.0,,
20260704,20.0,2,0,deterministic_cartesian_local_refinement_plus_ls,-10.779143104225001,2.897439887523471,4.060212966561508,10.872143521844954,0.42466613663131014,0.5,187.39110000024084,5.954715970968524,,
20260704,20.0,2,0,fixed_source_trained_scalar_interpolation_plus_ls,-11.12986873658263,2.8396369952535485,3.9476359655239937,10.815275949635105,0.4190408083888911,0.5,180.7322000095155,6.305441603326152,,
20260704,20.0,2,0,tensor_nomp3d_known_order_v1,-65.68772224612295,0.0004773284312621131,0.0003586739803491376,8.132351909561833e-05,2.2866839464633814e-05,1.0,1299.093300011009,60.86329511286647,7.0,0.04509666757606384
20260704,20.0,2,1,grid_fft_topk_plus_ls,-4.007794432162464,24.693113270033827,0.045101847020512585,6.282733637126724,0.2752666389280765,0.0,13.064200000371784,0.0,,
20260704,20.0,2,1,deterministic_cartesian_local_refinement_plus_ls,-9.712503375006412,24.533309718389948,0.045101847020512585,6.5852462983819064,0.28123491430969483,0.5,236.32279998855665,5.704708942843948,,
20260704,20.0,2,1,fixed_source_trained_scalar_interpolation_plus_ls,-8.387030566677433,24.590414991022513,0.045101847020512585,6.474952744164984,0.2790297460918974,0.5,221.32009999768343,4.3792361345149695,,
20260704,20.0,2,1,tensor_nomp3d_known_order_v1,-62.321600611569856,6.370664012569345e-05,0.0004311832861940606,0.0002810850869762301,2.83487383598347e-05,1.0,1408.9956999960123,58.31380617940739,7.0,0.010465921689741878
20260704,20.0,2,2,grid_fft_topk_plus_ls,-4.115867855783507,0.26356786826411954,0.1531004530767819,0.23043717405355704,0.012151470679979846,1.0,12.983499997062609,0.0,,
20260704,20.0,2,2,deterministic_cartesian_local_refinement_plus_ls,-17.564757492404368,0.03872288439361676,0.042859273029900995,0.04312805281570495,0.003013870026783741,1.0,227.2858000069391,13.448889636620862,,
20260704,20.0,2,2,fixed_source_trained_scalar_interpolation_plus_ls,-10.668319350861747,0.11916824194407079,0.061271256446166635,0.09258465897459434,0.004889017648345336,1.0,237.52900000545196,6.55245149507824,,
20260704,20.0,2,2,tensor_nomp3d_known_order_v1,-61.83821758566892,0.0002922250347194877,9.947507340683524e-05,0.0002542796657257966,1.0344482897520493e-05,1.0,1201.17489999393,57.722349729885416,5.0,0.020164321960164183
20260704,20.0,2,3,grid_fft_topk_plus_ls,-2.5331812831376705,14.965272857834231,1.591606444235496,5.158974805178125,0.22261173308401738,0.5,13.944400008767843,0.0,,
20260704,20.0,2,3,deterministic_cartesian_local_refinement_plus_ls,-8.54649573502799,14.804692904935656,1.8952718430463578,5.314883882488093,0.23451015971773945,0.5,204.46959999389946,6.01331445189032,,
20260704,20.0,2,3,fixed_source_trained_scalar_interpolation_plus_ls,-6.3030591158216,14.86200136361529,1.784324079016928,5.258480729959615,0.23004715049661614,0.5,219.36850000929553,3.769877832683929,,
20260704,20.0,2,3,tensor_nomp3d_known_order_v1,-59.002811808470156,0.00036737775577113855,0.000802563829078145,0.00027726218613002867,5.098391788218895e-05,1.0,1211.9830000010552,56.469630525332484,5.0,0.008060883545752452
20260704,20.0,2,4,grid_fft_topk_plus_ls,-3.339914110628417,0.23579688845593244,0.25453918674344206,0.26077280769169786,0.017969110278217144,1.0,12.542800002847798,0.0,,
20260704,20.0,2,4,deterministic_cartesian_local_refinement_plus_ls,-12.806851631291812,0.04014533580991262,0.07411499671972971,0.09654161007898573,0.00553690930742267,1.0,210.59070000774227,9.466937520663395,,
20260704,20.0,2,4,fixed_source_trained_scalar_interpolation_plus_ls,-10.826172704348911,0.09647424035399263,0.12283966805642083,0.035237937673941726,0.007792584201671381,1.0,208.02389999153093,7.486258593720494,,
20260704,20.0,2,4,tensor_nomp3d_known_order_v1,-61.232072171427845,0.00023650389010953084,0.0001514238881565558,0.000249059372503728,1.2391845671156094e-05,1.0,1256.4019999990705,57.89215806079943,7.0,0.017213005068699966
20260704,20.0,2,5,grid_fft_topk_plus_ls,-6.832506342127261,12.938252223461953,2.877620067382868,10.040105852784865,0.37550605529706027,0.0,13.139000002411194,0.0,,
20260704,20.0,2,5,deterministic_cartesian_local_refinement_plus_ls,-17.81131058397189,13.087982789709441,2.877620067382868,9.880116822085617,0.3716588831977851,0.5,230.9393000032287,10.978804241844628,,
20260704,20.0,2,5,fixed_source_trained_scalar_interpolation_plus_ls,-16.043391119067795,13.033448895611633,2.877620067382868,9.937116297747858,0.37302342852488357,0.5,248.24780000199098,9.210884776940535,,
20260704,20.0,2,5,tensor_nomp3d_known_order_v1,-63.00356851251502,0.0006153047944044173,0.0005157405100496905,0.0012036484836805271,4.9768853078857665e-05,1.0,1155.8349999977509,56.171062170387756,4.0,0.011851521148801197
20260704,20.0,2,6,grid_fft_topk_plus_ls,-6.470824485791896,0.11045980597026932,0.19531327520952474,0.16087990983365164,0.013230012667489792,1.0,12.176400006865151,0.0,,
20260704,20.0,2,6,deterministic_cartesian_local_refinement_plus_ls,-15.118609063950492,0.06187092368228395,0.05031386794413375,0.055758914763399975,0.003627457209406663,1.0,232.20739999669604,8.647784578158596,,
20260704,20.0,2,6,fixed_source_trained_scalar_interpolation_plus_ls,-12.85019546051391,0.031749722877472755,0.09729594725718917,0.0737931165418946,0.006508290406078156,1.0,250.2396000054432,6.379370974722015,,
20260704,20.0,2,6,tensor_nomp3d_known_order_v1,-59.35686704820676,0.0002387653844114709,6.560132088231249e-05,0.000403768009052321,1.3397680650623008e-05,1.0,1170.357499999227,52.886042562414865,6.0,0.0027558733256387658
20260704,20.0,2,7,grid_fft_topk_plus_ls,-9.442895428966999,35.29947048407794,4.294559394285887,1.9308815775835484,0.3895354226102309,0.0,11.046700004953891,0.0,,
20260704,20.0,2,7,deterministic_cartesian_local_refinement_plus_ls,-12.098372782636659,35.29947048407794,4.42187726919339,1.9308815775835484,0.3950605503066587,0.5,201.3238000072306,2.65547735366966,,
20260704,20.0,2,7,fixed_source_trained_scalar_interpolation_plus_ls,-12.101344569224446,35.29947048407794,4.373388202451466,1.9308815775835484,0.39294646392140525,0.0,218.79769999941345,2.6584491402574475,,
20260704,20.0,2,7,tensor_nomp3d_known_order_v1,-64.7238150680755,0.0006267630762354373,0.0007349559612916508,0.0004235859602494845,4.805410893694627e-05,1.0,1127.4345999991056,55.2809196391085,5.0,0.04508027450913733
20260704,20.0,2,8,grid_fft_topk_plus_ls,-5.53684885493192,0.1927292498286872,0.11213091510309063,0.23161484164041954,0.01018674932957405,1.0,11.751599988201633,0.0,,
20260704,20.0,2,8,deterministic_cartesian_local_refinement_plus_ls,-15.463580221880257,0.04415519361475255,0.04729642426201953,0.07669776877206087,0.0038212259000995202,1.0,197.3254999902565,9.926731366948337,,
20260704,20.0,2,8,fixed_source_trained_scalar_interpolation_plus_ls,-11.5302837128979,0.093455756412936,0.010950302314604194,0.1065312150107243,0.0034762601561235946,1.0,219.7052999981679,5.99343485796598,,
20260704,20.0,2,8,tensor_nomp3d_known_order_v1,-60.14238935445482,0.00019573156257948385,0.00048678324045021694,0.00026868230944585963,3.1598313591164095e-05,1.0,1220.9269000013592,54.6055404995229,6.0,0.002372309359977575
20260704,20.0,2,9,grid_fft_topk_plus_ls,-4.995652019952409,0.17970834860222884,0.21667643896933556,0.1817479262553307,0.014752034707239186,1.0,12.086999995517544,0.0,,
20260704,20.0,2,9,deterministic_cartesian_local_refinement_plus_ls,-14.494733258067367,0.07701225555339576,0.019121394892100404,0.06668251222911216,0.00247640208012637,1.0,214.41680000862107,9.499081238114957,,
20260704,20.0,2,9,fixed_source_trained_scalar_interpolation_plus_ls,-12.411233734483867,0.061112922284487926,0.07354932834404483,0.09415016748863826,0.005478624403841056,1.0,227.1510999999009,7.4155817145314575,,
20260704,20.0,2,9,tensor_nomp3d_known_order_v1,-67.00101840152458,9.371132252374984e-05,0.00010540084759867433,0.00014699621919342989,8.064323098343906e-06,1.0,1138.9478999917628,62.005366381572166,7.0,0.01383460674913751
20260704,20.0,2,10,grid_fft_topk_plus_ls,-5.082865195855395,0.21021937262776116,0.20935331965645199,0.11800766166595854,0.013693173394546261,1.0,9.886900006677024,0.0,,
20260704,20.0,2,10,deterministic_cartesian_local_refinement_plus_ls,-16.44205675578589,0.032590530861860756,0.0566596631566413,0.04722633940195547,0.003844890680372419,1.0,262.6576000038767,11.359191559930498,,
20260704,20.0,2,10,fixed_source_trained_scalar_interpolation_plus_ls,-11.76092491894433,0.06978225759752237,0.1092552252511775,0.024493842236754895,0.0068928116572596985,1.0,219.49649999442045,6.678059723088935,,
20260704,20.0,2,10,tensor_nomp3d_known_order_v1,-66.64986097217194,4.444725452476045e-05,0.0002852072546661481,0.0001321239695818261,1.8300682198825805e-05,1.0,1235.8045000000857,61.56699577631654,5.0,0.006607913358416254
20260704,20.0,2,11,grid_fft_topk_plus_ls,-5.944079813527162,0.1617144142929105,0.21674713245168256,0.19373060700352035,0.014891643058749484,1.0,11.262700005318038,0.0,,
20260704,20.0,2,11,deterministic_cartesian_local_refinement_plus_ls,-15.802025681458144,0.009701899928550214,0.01971933063763811,0.0763781375817033,0.0026873021061814485,1.0,188.11400000413414,9.857945867930981,,
20260704,20.0,2,11,fixed_source_trained_scalar_interpolation_plus_ls,-14.490940424128414,0.06005396947888013,0.07372505320107811,0.07448103332042853,0.005183579387755312,1.0,210.92939999653026,8.546860610601252,,
20260704,20.0,2,11,tensor_nomp3d_known_order_v1,-64.4671416700132,0.00020982617267010324,7.920654565078184e-05,0.00019756668999460034,8.08155412059633e-06,1.0,1264.3004999990808,58.523061856486045,6.0,0.008266608037630699
20260704,20.0,2,12,grid_fft_topk_plus_ls,-4.071312911241847,0.11698279803421097,0.2971373037803119,0.21829163305508983,0.019805422069536324,1.0,12.786100007360801,0.0,,
20260704,20.0,2,12,deterministic_cartesian_local_refinement_plus_ls,-13.471599794988018,0.053866159422224696,0.08066875163526938,0.0594993507624489,0.005390177553749291,1.0,186.84910000592936,9.40028688374617,,
20260704,20.0,2,12,fixed_source_trained_scalar_interpolation_plus_ls,-11.536880744344849,0.030734185714581624,0.0818588876100758,0.11626340919619067,0.0062795961074058404,1.0,191.8158000044059,7.465567833103002,,
20260704,20.0,2,12,tensor_nomp3d_known_order_v1,-61.792318977100166,0.00020952154346983942,0.0001823659381969805,0.0002576452769093151,1.4050485673154674e-05,1.0,1083.6778999946546,57.72100606585832,6.0,0.0376613499992846
20260704,20.0,2,13,grid_fft_topk_plus_ls,-4.092666069290977,0.15470598662296461,0.21945003724555404,0.28322812083243054,0.016368179495956394,1.0,14.116999998805113,0.0,,
20260704,20.0,2,13,deterministic_cartesian_local_refinement_plus_ls,-16.021100123064194,0.022356380100342837,0.060508383641012145,0.05835847375982769,0.004202167340502458,1.0,206.34720000089146,11.928434053773216,,
20260704,20.0,2,13,fixed_source_trained_scalar_interpolation_plus_ls,-9.458842293635765,0.05543294277378636,0.11737328295004328,0.13883135931229657,0.008533719149719416,1.0,235.0259999948321,5.366176224344788,,
20260704,20.0,2,13,tensor_nomp3d_known_order_v1,-59.93071674131049,0.00021804494138770192,0.00019582284392658084,0.000374367490722705,1.701644533442204e-05,1.0,1157.2478999878513,55.83805067201951,5.0,0.009118165928754094
20260704,20.0,2,14,grid_fft_topk_plus_ls,-5.365274834720871,0.21163537635602184,0.17732758293099685,0.15978617520262725,0.012267814463874026,1.0,12.48400000622496,0.0,,
20260704,20.0,2,14,deterministic_cartesian_local_refinement_plus_ls,-15.98899117767443,0.029817416782073843,0.06486681352423927,0.05613180945504846,0.004423521272202582,1.0,224.1141999984393,10.623716342953559,,
20260704,20.0,2,14,fixed_source_trained_scalar_interpolation_plus_ls,-13.374272257252942,0.07051502448970051,0.04821066909063573,0.07312058457972478,0.003821514367231501,1.0,193.46120000409428,8.00899742253207,,
20260704,20.0,2,14,tensor_nomp3d_known_order_v1,-63.4951894533685,0.0001625742746107487,0.00018314204509857178,0.00015666248615085277,1.2514018271215894e-05,1.0,1127.4526000051992,58.12991461864763,6.0,0.005026671034998247
20260704,20.0,2,15,grid_fft_topk_plus_ls,-4.7045628412447895,0.05987088852718725,0.20783530803639721,0.24971865018375905,0.01516077567810648,1.0,10.86909999139607,0.0,,
20260704,20.0,2,15,deterministic_cartesian_local_refinement_plus_ls,-16.600150012479794,0.05987088852718725,0.07220003226221271,0.028018551233771085,0.004620400009074942,1.0,216.05889999773353,11.895587171235004,,
20260704,20.0,2,15,fixed_source_trained_scalar_interpolation_plus_ls,-10.542479812274028,0.05987088852718725,0.11399734339362992,0.10581593157054539,0.007868711606537201,1.0,211.26100000401493,5.837916971029238,,
20260704,20.0,2,15,tensor_nomp3d_known_order_v1,-63.086809326582156,9.514443053215489e-05,0.00015376080250208878,0.00014362988550492195,1.063257360912906e-05,1.0,1111.755300007644,58.38224648533737,6.0,0.014041404014631362
20260704,20.0,2,16,grid_fft_topk_plus_ls,-4.304943767037937,0.1297938432225328,0.24240695212578484,0.26223483328803276,0.017254543450394448,1.0,12.206400002469309,0.0,,
20260704,20.0,2,16,deterministic_cartesian_local_refinement_plus_ls,-14.540202132054063,0.0792639759726925,0.029524014290628058,0.061802127670653524,0.0027419709283940763,1.0,204.6894999948563,10.235258365016126,,
20260704,20.0,2,16,fixed_source_trained_scalar_interpolation_plus_ls,-10.424415960653606,0.06516991213214526,0.09982058021537119,0.12425524671299534,0.007366083335489008,1.0,211.82119999139104,6.119472193615669,,
20260704,20.0,2,16,tensor_nomp3d_known_order_v1,-61.61149473435849,0.0003442289602210455,0.0001545744031180057,9.609330439898702e-05,1.0468178907622302e-05,1.0,1207.4910999945132,57.30655096732055,7.0,0.005259531091805695
20260704,20.0,2,17,grid_fft_topk_plus_ls,-6.898016704020531,0.11344404329974639,0.22683764165684314,0.0573474919246951,0.014317628190683638,1.0,11.603299994021654,0.0,,
20260704,20.0,2,17,deterministic_cartesian_local_refinement_plus_ls,-14.571226688183991,0.05785691614603941,0.06819243611451435,0.0573474919246951,0.0046455184768286846,1.0,213.65419999347068,7.67320998416346,,
20260704,20.0,2,17,fixed_source_trained_scalar_interpolation_plus_ls,-13.325182976666756,0.03063998635813243,0.09886151002187936,0.0573474919246951,0.006437940142191648,1.0,212.88320000167005,6.427166272646225,,
20260704,20.0,2,17,tensor_nomp3d_known_order_v1,-62.997323522342974,0.00010777926964559416,0.00022102182134744298,0.00014287008768941735,1.454184651235684e-05,1.0,1058.3004999934928,56.09930681832245,6.0,0.02118643084244983
20260704,20.0,2,18,grid_fft_topk_plus_ls,-3.663622075226395,0.3351362751868101,0.10526797427041358,0.20159928118217266,0.009477946543885707,1.0,14.319299996714108,0.0,,
20260704,20.0,2,18,deterministic_cartesian_local_refinement_plus_ls,-13.264491939819159,0.10109731770638557,0.056399703985545724,0.0318922814683484,0.0037473448652232746,1.0,185.3689999989001,9.600869864592763,,
20260704,20.0,2,18,fixed_source_trained_scalar_interpolation_plus_ls,-11.14395777582473,0.13299479599243996,0.013842346609200322,0.0597453433580644,0.002305187822098931,1.0,186.01659999694675,7.480335700598334,,
20260704,20.0,2,18,tensor_nomp3d_known_order_v1,-63.33307435359659,6.733321594270838e-05,0.00013125209424487034,0.00010618080506474172,8.86454999110794e-06,1.0,1067.140200000722,59.669452278370194,7.0,0.033661467450942034
20260704,20.0,2,19,grid_fft_topk_plus_ls,-5.574602419894027,31.852047411569277,5.011820279213832,3.712120273884937,0.4165318639588271,0.5,11.665400001220405,0.0,,
20260704,20.0,2,19,deterministic_cartesian_local_refinement_plus_ls,-8.31103312130339,32.16936622385924,5.011820279213832,3.712120273884937,0.41801762526754593,0.5,205.69109999632929,2.736430701409364,,
20260704,20.0,2,19,fixed_source_trained_scalar_interpolation_plus_ls,-8.305232861728065,32.055375546049646,5.011820279213832,3.712120273884937,0.4174828084149188,0.5,214.79009999893606,2.7306304418340384,,
20260704,20.0,2,19,tensor_nomp3d_known_order_v1,-61.05395258304998,0.0003392830437748753,4.7477240078134855e-05,0.0001393538772058131,5.898756645431578e-06,1.0,1108.3892999886302,55.47935016315595,6.0,0.0040935418521850855
20260704,20.0,4,0,grid_fft_topk_plus_ls,-3.5624393098072735,34.95265683799504,4.015831437057546,6.662157535021043,0.42533013980805784,0.25,21.580800006631762,0.0,,
20260704,20.0,4,0,deterministic_cartesian_local_refinement_plus_ls,-9.860573618244686,34.953658429390416,4.170617933835017,6.844903534068106,0.43390128175125275,0.5,359.5789000100922,6.298134308437413,,
20260704,20.0,4,0,fixed_source_trained_scalar_interpolation_plus_ls,-8.137710392668737,34.953050092554356,4.114447114950277,6.778529958769655,0.4307746480861052,0.5,385.63419999263715,4.575271082861463,,
20260704,20.0,4,0,tensor_nomp3d_known_order_v1,-60.069164328429295,0.0002673272651337146,0.00024623371056816166,0.0005528602573309682,2.323128271882926e-05,1.0,3183.4898000088288,56.50672501862202,15.0,0.0357820702670845
20260704,20.0,4,1,grid_fft_topk_plus_ls,-5.07980791154178,27.14870047009973,0.8701961804871817,2.149048389151577,0.22902886141347775,0.5,22.9243000067072,0.0,,
20260704,20.0,4,1,deterministic_cartesian_local_refinement_plus_ls,-14.15715917143556,27.258888888458458,0.9680356176686757,2.031438311620936,0.23030964297499637,0.75,365.96409999765456,9.07735125989378,,
20260704,20.0,4,1,fixed_source_trained_scalar_interpolation_plus_ls,-13.15462087123339,27.219109762240087,0.9294967328574913,2.0715118821704133,0.2297502342029436,0.75,402.14879999984987,8.074812959691611,,
20260704,20.0,4,1,tensor_nomp3d_known_order_v1,-56.270163012225076,0.0008554215802596236,0.00032539378440721924,0.0012838943989210703,4.547539059436037e-05,1.0,3415.909899995313,51.1903551006833,17.0,0.02961189691780578
20260704,20.0,4,2,grid_fft_topk_plus_ls,-3.642479761059269,27.664022419618394,3.6111869815994617,4.6194902399475115,0.34422340876944907,0.75,22.2009999997681,0.0,,
20260704,20.0,4,2,deterministic_cartesian_local_refinement_plus_ls,-10.650272322715256,27.88783082261031,3.7217607282707013,4.502148077519389,0.34838290384393794,0.75,429.5465999894077,7.007792561655988,,
20260704,20.0,4,2,fixed_source_trained_scalar_interpolation_plus_ls,-8.520426213873474,27.807530274599934,3.6809677275540507,4.543553923001672,0.34681960022790975,0.75,420.28739998931997,4.877946452814205,,
20260704,20.0,4,2,tensor_nomp3d_known_order_v1,-57.51328696634934,0.0009160975263216294,0.0004118037930781024,0.00020372011750998572,2.7462394557906304e-05,1.0,3494.4886000012048,53.87080720529007,16.0,0.027917178247664723
20260704,20.0,4,3,grid_fft_topk_plus_ls,-6.320780542600844,0.10755043197028696,0.16348825170490433,0.1744026522266722,0.01161108299806918,1.0,25.703100007376634,0.0,,
20260704,20.0,4,3,deterministic_cartesian_local_refinement_plus_ls,-15.775025351673584,0.05554302258335002,0.03800896990399051,0.07341917524873455,0.0033310091195611785,1.0,470.59250000165775,9.45424480907274,,
20260704,20.0,4,3,fixed_source_trained_scalar_interpolation_plus_ls,-13.444681772097235,0.05668455794816112,0.04208131444140296,0.09237619981226355,0.0039302427647692215,1.0,461.88529999926686,7.123901229496391,,
20260704,20.0,4,3,tensor_nomp3d_known_order_v1,-59.10714948320753,0.0004004410545451058,0.00016787614292076606,0.00025969081712741047,1.3628403489524445e-05,1.0,3148.607600000105,52.786368940606685,16.0,0.021673688015547112
20260704,20.0,4,4,grid_fft_topk_plus_ls,-5.4779848815251295,0.18462835089449942,0.17388514562258942,0.2536376859355292,0.013528280850143685,1.0,18.512599999667145,0.0,,
20260704,20.0,4,4,deterministic_cartesian_local_refinement_plus_ls,-13.218792676250576,0.06265667508686204,0.09068031394254181,0.0705744938228665,0.006101181582902865,1.0,417.18250000849366,7.7408077947254466,,
20260704,20.0,4,4,fixed_source_trained_scalar_interpolation_plus_ls,-12.2687903747718,0.055584123647451945,0.08589491203115263,0.1323096825144372,0.006790006976415985,1.0,461.8200000113575,6.790805493246671,,
20260704,20.0,4,4,tensor_nomp3d_known_order_v1,-59.971224800726304,0.0002563344684824523,0.00032479179796429815,0.0001873133080480845,2.1221300322037508e-05,1.0,3390.1690000056988,54.49323991920117,18.0,0.03274195217694339
20260704,20.0,4,5,grid_fft_topk_plus_ls,-5.238902050562345,14.122878651830257,2.668749706355774,7.124734122704976,0.2992776421129377,0.25,22.343799995724112,0.0,,
20260704,20.0,4,5,deterministic_cartesian_local_refinement_plus_ls,-16.798472636218733,14.230488304895726,2.748067467038905,7.060543215019868,0.30090268578152735,0.5,429.741500003729,11.559570585656388,,
20260704,20.0,4,5,fixed_source_trained_scalar_interpolation_plus_ls,-13.518870090141116,14.191434201304386,2.7188613991759825,7.082774152998485,0.30026326213688564,0.5,504.94980000075884,8.27996803957877,,
20260704,20.0,4,5,tensor_nomp3d_known_order_v1,-62.68002512004122,0.00024547490214947977,0.0003201872390592786,0.00028282306151585065,2.1960424205245007e-05,1.0,3304.242799989879,57.44112306947888,14.0,0.04459206018474019
20260704,20.0,4,6,grid_fft_topk_plus_ls,-4.737028718003212,0.21505942648654983,0.17787039042396968,0.18999419678132035,0.012714563107556663,1.0,20.29819999006577,0.0,,
20260704,20.0,4,6,deterministic_cartesian_local_refinement_plus_ls,-14.687775912169146,0.07075017550901624,0.060665694376296334,0.04154209487379629,0.004045626104533351,1.0,427.65300000610296,9.950747194165935,,
20260704,20.0,4,6,fixed_source_trained_scalar_interpolation_plus_ls,-9.919098173426592,0.11813679545143241,0.08873035694881547,0.09063885680585367,0.006295147579637334,1.0,477.47339999477845,5.18206945542338,,
20260704,20.0,4,6,tensor_nomp3d_known_order_v1,-59.77175687544773,0.00022566754757656626,0.0002556584884777256,0.00031987594125083027,1.8930086570824202e-05,1.0,3643.6093999946024,55.03472815744452,16.0,0.031897553262674606
20260704,20.0,4,7,grid_fft_topk_plus_ls,-5.789305352325612,0.2139677940938728,0.14711955845240574,0.25340852472317177,0.012249598481786072,1.0,26.53190000273753,0.0,,
20260704,20.0,4,7,deterministic_cartesian_local_refinement_plus_ls,-15.210918391542048,0.07026652401157488,0.04493590798558986,0.05475783645971902,0.003334237415814644,1.0,431.0251999995671,9.421613039216435,,
20260704,20.0,4,7,fixed_source_trained_scalar_interpolation_plus_ls,-13.129499551657553,0.10409451141305687,0.05681757738245604,0.11525012803101478,0.005122786261242509,1.0,483.84169999917503,7.340194199331941,,
20260704,20.0,4,7,tensor_nomp3d_known_order_v1,-55.893428607956196,0.0005018328806409563,0.0004529361986721477,0.0002898989446193655,2.9980233777458645e-05,1.0,3525.600500011933,50.10412325563058,16.0,0.021448585437417598
20260704,20.0,4,8,grid_fft_topk_plus_ls,-4.758687869793592,0.24918568878817338,0.16379140918189372,0.21680246868372158,0.012429278750077944,1.0,23.269400000572205,0.0,,
20260704,20.0,4,8,deterministic_cartesian_local_refinement_plus_ls,-13.495613317749651,0.07340878037120917,0.06941270631619921,0.05901091893937891,0.004748723801765996,1.0,446.56520000717137,8.73692544795606,,
20260704,20.0,4,8,fixed_source_trained_scalar_interpolation_plus_ls,-12.257645760121964,0.09076768499746302,0.08295175781208265,0.08619577483980224,0.005885347551955082,1.0,417.4767999938922,7.498957890328372,,
20260704,20.0,4,8,tensor_nomp3d_known_order_v1,-59.16386679729338,0.00024744840883174997,0.0003579555660969008,0.00018978977776032662,2.3225622061580468e-05,1.0,3702.315299990005,54.40517892749979,20.0,0.024168702253780597
20260704,20.0,4,9,grid_fft_topk_plus_ls,-3.9604314060051022,0.22943660745406974,0.1950801310068957,0.2073078093462536,0.013922624845586146,1.0,20.981199995731004,0.0,,
20260704,20.0,4,9,deterministic_cartesian_local_refinement_plus_ls,-13.720661145551338,0.052161619711013754,0.059343519539662805,0.07431000884645009,0.004394892590239584,1.0,529.7945999918738,9.760229739546237,,
20260704,20.0,4,9,fixed_source_trained_scalar_interpolation_plus_ls,-9.190559946131575,0.10894435676795526,0.0846189510283381,0.11452256345102656,0.006442253219893792,1.0,492.2029000008479,5.230128540126473,,
20260704,20.0,4,9,tensor_nomp3d_known_order_v1,-57.09982674746571,0.00027355813645907654,0.000215029169922635,0.0005428227857988486,2.1747033760317526e-05,1.0,3696.7280999961076,53.13939534146061,17.0,0.010151425177213434
20260704,20.0,4,10,grid_fft_topk_plus_ls,-6.037360501943844,19.822885242759746,1.7958674434173616,6.472417672493102,0.2783740523490357,0.0,21.82310000353027,0.0,,
20260704,20.0,4,10,deterministic_cartesian_local_refinement_plus_ls,-11.133948471380341,19.973639933716296,1.7958674434173616,6.527351840831643,0.28027787692725,0.5,443.98979999823496,5.096587969436497,,
20260704,20.0,4,10,fixed_source_trained_scalar_interpolation_plus_ls,-9.916966445794452,19.91927759547316,1.7958674434173616,6.5066166143366955,0.2795700181134277,0.5,446.9129999924917,3.879605943850608,,
20260704,20.0,4,10,tensor_nomp3d_known_order_v1,-58.96742861394958,0.0007078020514311608,0.0006245359227143666,0.0008509967439883234,4.7554321501611363e-05,1.0,3600.151399994502,52.930068112005735,16.0,0.027865611941857694
20260704,20.0,4,11,grid_fft_topk_plus_ls,-3.8191676499437532,0.19709249858267194,0.19819137099087222,0.2611854291977645,0.014913976881581577,1.0,20.8033999952022,0.0,,
20260704,20.0,4,11,deterministic_cartesian_local_refinement_plus_ls,-15.382362820814857,0.06857348468809757,0.037323318267784136,0.056772617213266006,0.002979281580645983,1.0,429.9497999891173,11.563195170871104,,
20260704,20.0,4,11,fixed_source_trained_scalar_interpolation_plus_ls,-9.699648913722456,0.09055858423281626,0.0789436230853814,0.1219010118799636,0.0062734554229497115,1.0,416.9785999984015,5.8804812637787025,,
20260704,20.0,4,11,tensor_nomp3d_known_order_v1,-58.79400228314579,0.00029713824335093024,0.0004051422527711099,0.00048786561027683024,2.9647868770754656e-05,1.0,3490.164000002551,54.974834633202036,15.0,0.03657194081564841
20260704,20.0,4,12,grid_fft_topk_plus_ls,-7.99319218721108,17.910821937068793,2.4180418105313355,6.007701520754466,0.27868628187847483,0.5,23.435700000845827,0.0,,
20260704,20.0,4,12,deterministic_cartesian_local_refinement_plus_ls,-14.181176733890943,17.910821937068793,2.5276326910333946,5.921900764277583,0.2806842628628442,0.5,448.95659999747295,6.187984546679863,,
20260704,20.0,4,12,fixed_source_trained_scalar_interpolation_plus_ls,-13.635430361138408,17.910821937068793,2.4877758789887165,5.9510557559641075,0.2798943479361175,0.5,550.2422999998089,5.6422381739273275,,
20260704,20.0,4,12,tensor_nomp3d_known_order_v1,-55.84600042775335,0.0006570020575530002,0.0006170468830433145,0.0009653534821856052,4.923112940090279e-05,1.0,3553.7706999894,47.852808240542274,18.0,0.048729599138684396
20260704,20.0,4,13,grid_fft_topk_plus_ls,-5.315872411633156,24.035603389880492,2.5187420303180144,5.419643441681995,0.29786950217016417,0.75,22.518500001751818,0.0,,
20260704,20.0,4,13,deterministic_cartesian_local_refinement_plus_ls,-11.566269728832449,24.035360020200415,2.7362713309853444,5.305218732032796,0.30330250471001813,0.75,428.29429999983404,6.250397317199293,,
20260704,20.0,4,13,fixed_source_trained_scalar_interpolation_plus_ls,-10.690119885105652,24.035326130245164,2.657140793562281,5.345657191451501,0.30124043031751563,0.75,442.7657000051113,5.374247473472496,,
20260704,20.0,4,13,tensor_nomp3d_known_order_v1,-58.3167265988784,0.0004492384760056439,0.0002887397489159035,0.0001139792822456523,1.8726216627426294e-05,1.0,3538.7779000011506,53.00085418724524,18.0,0.034692473347265135
20260704,20.0,4,14,grid_fft_topk_plus_ls,-4.371504285756635,22.63996372914937,2.6361422868433317,3.353483340109589,0.26346239593938814,0.75,20.267799991415814,0.0,,
20260704,20.0,4,14,deterministic_cartesian_local_refinement_plus_ls,-9.489417737919103,22.639683232086064,2.851821515981071,3.4603196959691553,0.2733974252551937,0.75,486.3249000045471,5.117913452162468,,
20260704,20.0,4,14,fixed_source_trained_scalar_interpolation_plus_ls,-8.278383977920253,22.639719424260036,2.773372097058028,3.420746538416041,0.26973417906176195,0.75,423.5391999973217,3.906879692163618,,
20260704,20.0,4,14,tensor_nomp3d_known_order_v1,-57.229190146825545,0.00013285418899018712,0.00046795645062563165,0.00038221318394697604,3.160923236547476e-05,1.0,3386.0107000073185,52.85768586106891,15.0,0.05921616799342122
20260704,20.0,4,15,grid_fft_topk_plus_ls,-4.225195354669317,0.09729398358668738,0.23153972585909322,0.28074495060064797,0.01694003493323063,1.0,21.796000000904314,0.0,,
20260704,20.0,4,15,deterministic_cartesian_local_refinement_plus_ls,-13.758314253232358,0.06280695166137101,0.05193147733108552,0.07783692176456747,0.0040855887535801464,1.0,519.8913999920478,9.53311889856304,,
20260704,20.0,4,15,fixed_source_trained_scalar_interpolation_plus_ls,-10.686625514934116,0.05488779255075302,0.11045655037933726,0.10838890736501985,0.007701653966240723,1.0,456.44500000344124,6.461430160264799,,
20260704,20.0,4,15,tensor_nomp3d_known_order_v1,-57.14516280754555,0.0003963594282642813,0.0002214051258384772,0.0002799189392769787,1.6661096015538563e-05,1.0,3594.35709999525,52.919967452876236,19.0,0.03583017045012696
20260704,20.0,4,16,grid_fft_topk_plus_ls,-3.1334352071987874,31.668082712262255,0.6494955505064224,1.8902239326981027,0.25757951748026126,0.5,22.96480000950396,0.0,,
20260704,20.0,4,16,deterministic_cartesian_local_refinement_plus_ls,-8.886576316652938,31.779939970473194,0.6399687992785005,2.073779797801339,0.25969782139329667,0.75,466.29440000106115,5.753141109454151,,
20260704,20.0,4,16,fixed_source_trained_scalar_interpolation_plus_ls,-8.337066700223371,31.739748067461406,0.6411315923299449,1.998367115250744,0.2588301798018151,0.75,434.3619000137551,5.2036314930245835,,
20260704,20.0,4,16,tensor_nomp3d_known_order_v1,-59.858535271775104,0.0003232067644761907,0.00019276355169548686,0.0003294773718623073,1.604788364971502e-05,1.0,3398.392299990519,56.72510006457632,17.0,0.05098450621815677
20260704,20.0,4,17,grid_fft_topk_plus_ls,-4.063492981239824,13.89506074542134,3.437433242552189,1.663194896699965,0.24625525657134328,0.5,20.948400007910095,0.0,,
20260704,20.0,4,17,deterministic_cartesian_local_refinement_plus_ls,-11.716324660597056,13.78183927334127,3.529306050899151,1.7645291926267912,0.2515746531129774,0.75,490.97109999274835,7.652831679357233,,
20260704,20.0,4,17,fixed_source_trained_scalar_interpolation_plus_ls,-9.267246068462919,13.822172553999478,3.493772511055888,1.7255575492588788,0.2494997195050185,0.75,411.400600001798,5.203753087223095,,
20260704,20.0,4,17,tensor_nomp3d_known_order_v1,-59.3759123032574,0.00012342599733098896,0.0003752947923056698,0.00021352472126178485,2.4405622884629195e-05,1.0,3272.118100008811,55.312419322017575,16.0,0.05781921491875716
20260704,20.0,4,18,grid_fft_topk_plus_ls,-7.951252863419867,0.1451830154580743,0.11787799134040249,0.16526078718348342,0.009068392098537789,1.0,18.937399989226833,0.0,,
20260704,20.0,4,18,deterministic_cartesian_local_refinement_plus_ls,-12.673150503243464,0.07350765215140595,0.07665315562867256,0.06789793581865528,0.005271039102055626,1.0,412.2213000082411,4.721897639823597,,
20260704,20.0,4,18,fixed_source_trained_scalar_interpolation_plus_ls,-12.318056269779959,0.0720963827672822,0.0541205665936094,0.08319021137505023,0.0043031626958891156,1.0,429.35099999886006,4.366803406360091,,
20260704,20.0,4,18,tensor_nomp3d_known_order_v1,-58.741624147529386,0.0002593198404866535,0.00021275788604629446,0.0004243208673805342,1.8887899010394273e-05,1.0,3366.5832999977283,50.79037128410952,17.0,0.08824638558614284
20260704,20.0,4,19,grid_fft_topk_plus_ls,-4.373129771258539,8.009084623280732,0.36691754973129426,6.170674116734456,0.20402402678468723,0.5,21.45600000221748,0.0,,
20260704,20.0,4,19,deterministic_cartesian_local_refinement_plus_ls,-13.761970785297258,8.119633126284832,0.3973583277670706,6.2801178263005975,0.2077407820476632,0.75,461.33479999843985,9.388841014038718,,
20260704,20.0,4,19,fixed_source_trained_scalar_interpolation_plus_ls,-10.578081763633872,8.07950159762004,0.3553725328612993,6.240449523566821,0.20617485713018516,0.75,456.9806000072276,6.2049519923753325,,
20260704,20.0,4,19,tensor_nomp3d_known_order_v1,-58.412129107550086,0.00017462098495184362,0.0004186049519629623,0.0006906780854311655,3.394421005043223e-05,1.0,3700.6357999925967,54.038999336291546,18.0,0.0566639794939577
20260704,20.0,8,0,grid_fft_topk_plus_ls,-4.946873187406976,7.530001170456277,0.8429812660617623,2.209414153347377,0.10489851826041488,0.875,47.94430000765715,0.0,,
20260704,20.0,8,0,deterministic_cartesian_local_refinement_plus_ls,-12.122693428883553,7.60749252761052,0.9797477367459401,2.202985378160802,0.10964203338698615,0.875,893.4139999910258,7.175820241476576,,
20260704,20.0,8,0,fixed_source_trained_scalar_interpolation_plus_ls,-10.94527287420374,7.579163756164917,0.9236804038405341,2.203639971759353,0.10761532595515352,0.875,818.0310999887297,5.9983996867967635,,
20260704,20.0,8,0,tensor_nomp3d_known_order_v1,-55.916988603922526,0.0005149696052080256,0.0004807509087405413,0.0005793789147382619,3.5310291382199306e-05,1.0,12390.60490000702,50.97011541651555,49.0,0.03485045120684292
20260704,20.0,8,1,grid_fft_topk_plus_ls,-4.811841821503185,8.909971411898804,1.2145181664937825,4.610590142811944,0.1771064171346018,0.25,47.277200006647035,0.0,,
20260704,20.0,8,1,deterministic_cartesian_local_refinement_plus_ls,-11.546739740206897,8.857039692688206,1.213447761650739,4.72635372663704,0.17987405651920543,0.5,877.8649000014411,6.734897918703712,,
20260704,20.0,8,1,fixed_source_trained_scalar_interpolation_plus_ls,-11.492591750575825,8.875210362426438,1.2102308189088637,4.682279499594425,0.17871465119379665,0.5,850.8849999925587,6.68074992907264,,
20260704,20.0,8,1,tensor_nomp3d_known_order_v1,-57.551542801728175,0.0006515348375602398,0.0010299887321115683,0.000862936212483409,6.997974848451596e-05,1.0,12940.289199992549,52.73970098022499,51.0,0.12235834510177945
20260704,20.0,8,2,grid_fft_topk_plus_ls,-5.364449051406673,17.687126806699556,2.6146617160601004,1.7174527229467613,0.22063389861335816,0.5,48.17449999973178,0.0,,
20260704,20.0,8,2,deterministic_cartesian_local_refinement_plus_ls,-13.418533191259478,17.872957454889796,2.5688663448300804,1.751133730442873,0.21970312343053522,0.5,933.634200002416,8.054084139852804,,
20260704,20.0,8,2,fixed_source_trained_scalar_interpolation_plus_ls,-12.000675337999889,17.806107046984025,2.584232516871791,1.736218417060176,0.21995999216146056,0.5,945.6850999995368,6.636226286593216,,
20260704,20.0,8,2,tensor_nomp3d_known_order_v1,-54.80788542803934,0.002470094342166197,0.004539719775499769,0.003134631899952891,0.0003007858767292803,1.0,12053.493200000958,49.44343637663267,44.0,0.10523683742935253
20260704,20.0,8,3,grid_fft_topk_plus_ls,-6.607587473791332,7.070203249795305,1.7386012646020585,2.1514479103441744,0.1392077942329784,0.875,48.12649999803398,0.0,,
20260704,20.0,8,3,deterministic_cartesian_local_refinement_plus_ls,-12.600702188652074,7.227328544967474,1.7319202335776944,2.1489764155985562,0.13933762386054938,0.875,969.824100000551,5.9931147148607415,,
20260704,20.0,8,3,fixed_source_trained_scalar_interpolation_plus_ls,-12.369782014286981,7.170547929208238,1.7317976015680279,2.1491850393350918,0.13915564091071334,0.875,894.8732000135351,5.762194540495649,,
20260704,20.0,8,3,tensor_nomp3d_known_order_v1,-56.01855411015167,0.0005036783380599493,0.0009376371778526634,0.0006743534653060022,6.240040695527753e-05,1.0,13065.708599999198,49.410966636360335,49.0,0.057353142704092905
20260704,20.0,8,4,grid_fft_topk_plus_ls,-3.9627744769704747,3.503685341819687,1.3254879300757365,4.579199340769976,0.16760018517246014,0.5,49.42010001104791,0.0,,
20260704,20.0,8,4,deterministic_cartesian_local_refinement_plus_ls,-11.112660438430275,3.4960669719085016,1.2089152838023427,4.754421992632514,0.168907156000911,0.625,814.8366999957943,7.1498859614598,,
20260704,20.0,8,4,fixed_source_trained_scalar_interpolation_plus_ls,-9.488410925486765,3.4971335286982708,1.2472496116927438,4.689949718467305,0.16823569244506256,0.625,816.956199996639,5.525636448516289,,
20260704,20.0,8,4,tensor_nomp3d_known_order_v1,-55.216526160073,0.000610234561777761,0.0008372630820925475,0.0008519853388129797,5.8905968424948475e-05,1.0,12721.952600011718,51.25375168310253,58.0,0.11635253120839001
20260704,20.0,8,5,grid_fft_topk_plus_ls,-4.890979845517792,0.21777647701155653,0.15765116213172267,0.1881983871143761,0.011600375074738552,1.0,59.20010000409093,0.0,,
20260704,20.0,8,5,deterministic_cartesian_local_refinement_plus_ls,-15.821943979080995,0.06211495101488853,0.04960807283613583,0.061484897478276485,0.0036797293490453955,1.0,895.5671000003349,10.930964133563203,,
20260704,20.0,8,5,fixed_source_trained_scalar_interpolation_plus_ls,-11.867857024546124,0.08844562824044166,0.06827245862570319,0.07988726374678223,0.0049917318021982515,1.0,810.4590000002645,6.976877179028332,,
20260704,20.0,8,5,tensor_nomp3d_known_order_v1,-52.75850350607419,0.0008694373722809257,0.0006125535349694466,0.0010865193396556883,5.162076908623798e-05,1.0,12547.76459999266,47.8675236605564,52.0,0.10462523791422286
20260704,20.0,8,6,grid_fft_topk_plus_ls,-5.302903323332687,19.504374676695246,1.0583585368690185,3.1839854352393964,0.19363540939132023,0.5,60.708000004524365,0.0,,
20260704,20.0,8,6,deterministic_cartesian_local_refinement_plus_ls,-13.596963297616583,19.578719889173104,0.9684356764402505,3.244364830888297,0.19323334800679953,0.75,811.2865000002785,8.294059974283895,,
20260704,20.0,8,6,fixed_source_trained_scalar_interpolation_plus_ls,-11.810365263056951,19.55183323092082,0.9979262401896292,3.219939186706003,0.19325433550387586,0.75,786.0992999922018,6.507461939724264,,
20260704,20.0,8,6,tensor_nomp3d_known_order_v1,-54.94494502044,0.0012277556057933513,0.00040618980888357806,0.0007151470101063518,3.5156005258174186e-05,1.0,13431.36110001069,49.64204169710732,57.0,0.04330106180850578
20260704,20.0,8,7,grid_fft_topk_plus_ls,-5.234436114758072,1.0796681526018952,0.15032936239845476,5.203058945154918,0.16308510426594638,0.875,52.9060999979265,0.0,,
20260704,20.0,8,7,deterministic_cartesian_local_refinement_plus_ls,-13.238049036551216,0.9835057399307602,0.1015889181009962,5.119443143342772,0.16029280627184356,0.875,943.6448000051314,8.003612921793144,,
20260704,20.0,8,7,fixed_source_trained_scalar_interpolation_plus_ls,-10.904358977934079,1.014691661783465,0.0673424808564136,5.148551640726536,0.16114238773571124,0.875,843.0948999885004,5.669922863176007,,
20260704,20.0,8,7,tensor_nomp3d_known_order_v1,-55.710236073731636,0.00013720510323994838,0.0003648238113615746,0.0007069825836073642,3.176738273530643e-05,1.0,12927.085500006797,50.47579995897357,50.0,0.07718900184401692
20260704,20.0,8,8,grid_fft_topk_plus_ls,-4.830140960242883,4.2865524113419555,2.0144652680269313,1.7668262893245938,0.14149855283203147,0.625,54.771299997810274,0.0,,
20260704,20.0,8,8,deterministic_cartesian_local_refinement_plus_ls,-13.30229494733047,4.294073684175238,1.9566271506448594,1.6675258120029477,0.1370968641392479,0.75,893.7348999897949,8.472153987087587,,
20260704,20.0,8,8,fixed_source_trained_scalar_interpolation_plus_ls,-12.294674156679227,4.290195480042303,1.9734826006416033,1.7003302347085045,0.13842028069323078,0.75,900.7279999932507,7.464533196436344,,
20260704,20.0,8,8,tensor_nomp3d_known_order_v1,-56.46463042041055,0.00040031407693525025,0.0003504876189291696,0.0006877714849929419,3.084759046619844e-05,1.0,13582.775999995647,51.63448946016767,52.0,0.11350637007698265
20260704,20.0,8,9,grid_fft_topk_plus_ls,-3.635708652209898,15.273531236745423,0.9363675972076033,1.0403534895288873,0.1368219066870459,0.75,45.04189999715891,0.0,,
20260704,20.0,8,9,deterministic_cartesian_local_refinement_plus_ls,-11.055257912966848,15.199096835561148,0.9774947331488707,1.0109260032905787,0.1372235830822019,0.75,982.3865000071237,7.41954926075695,,
20260704,20.0,8,9,fixed_source_trained_scalar_interpolation_plus_ls,-8.328029557308374,15.225314484639457,0.959186094620619,1.0136992756719234,0.13691593155897122,0.75,867.052200002945,4.692320905098477,,
20260704,20.0,8,9,tensor_nomp3d_known_order_v1,-55.54981633311556,0.0005118690618095447,0.0004437452268422653,0.0003676751668791386,3.0285102869376695e-05,1.0,14456.088200007798,51.91410768090566,65.0,0.06849862503689558
20260704,20.0,8,10,grid_fft_topk_plus_ls,-7.367603799265268,7.834599650199915,0.45110718165086633,4.538323997355006,0.1570189980986835,0.625,64.03639999916777,0.0,,
20260704,20.0,8,10,deterministic_cartesian_local_refinement_plus_ls,-15.696485240174873,7.908941509063491,0.4318558017723057,4.51184131066802,0.15628802501017752,0.75,868.592400001944,8.328881440909605,,
20260704,20.0,8,10,fixed_source_trained_scalar_interpolation_plus_ls,-13.311431779452555,7.881663553227915,0.43384611337562307,4.520698598069193,0.15647528879587294,0.75,876.9476000015857,5.943827980187287,,
20260704,20.0,8,10,tensor_nomp3d_known_order_v1,-54.866000798178824,0.0015598853559976944,0.00046379120308433696,0.00046075240295392124,3.458429949817935e-05,1.0,13482.508800007054,47.498396998913556,49.0,0.06245370041377188
20260704,20.0,8,11,grid_fft_topk_plus_ls,-7.401359464550841,22.635874462947015,1.7989841502892674,5.0336216389982535,0.26202831224212775,0.5,85.98049999272916,0.0,,
20260704,20.0,8,11,deterministic_cartesian_local_refinement_plus_ls,-11.548895159248534,22.665034462913347,1.832693996823137,5.107545310635741,0.26448020761338226,0.5,1037.2785999934422,4.147535694697694,,
20260704,20.0,8,11,fixed_source_trained_scalar_interpolation_plus_ls,-13.325603048610134,22.65450084075368,1.815494536147383,5.080196264350716,0.2634453332334235,0.5,895.2062000025762,5.924243584059293,,
20260704,20.0,8,11,tensor_nomp3d_known_order_v1,-54.75343231412943,0.0016654589094126085,0.0007060727644982946,0.0044643919442168695,0.00014690262377476968,1.0,12894.085699997959,47.35207284957858,46.0,0.09220533800688144
20260704,20.0,8,12,grid_fft_topk_plus_ls,-5.601289807882864,9.500624587554963,1.5078645022407127,2.04147588048504,0.1358696379504027,0.875,50.52800000703428,0.0,,
20260704,20.0,8,12,deterministic_cartesian_local_refinement_plus_ls,-14.3197380294471,9.499963717838039,1.652426989455847,2.111603367843302,0.14327881513754,0.875,909.3276999919908,8.718448221564236,,
20260704,20.0,8,12,fixed_source_trained_scalar_interpolation_plus_ls,-12.72615588566511,9.49989414275158,1.5962496631489995,2.0843218589668293,0.14037112102067,0.875,892.2665999998571,7.1248660777822455,,
20260704,20.0,8,12,tensor_nomp3d_known_order_v1,-55.360353690754465,0.001417989683082673,0.000440053564314681,0.0004863927488680881,3.3319518569801856e-05,1.0,13098.47689999151,49.7590638828716,51.0,0.0646538101222553
20260704,20.0,8,13,grid_fft_topk_plus_ls,-6.71967276337453,10.655565398893536,2.065775984508876,0.1882455553178585,0.15373435891262513,0.875,50.69460000959225,0.0,,
20260704,20.0,8,13,deterministic_cartesian_local_refinement_plus_ls,-13.769484738177379,10.654555662844944,2.0558294982861187,0.1045155285808678,0.15313021506776028,0.875,1095.9390999923926,7.049811974802849,,
20260704,20.0,8,13,fixed_source_trained_scalar_interpolation_plus_ls,-13.467364976398805,10.654439420974157,2.055862071086726,0.0898024481456428,0.15312231299292786,0.875,988.6293000017758,6.747692213024275,,
20260704,20.0,8,13,tensor_nomp3d_known_order_v1,-55.41862293532042,0.0003597846243127964,0.0007613035311533272,0.0005476675636966114,5.0643923329649916e-05,1.0,12972.392800002126,48.69895017194589,55.0,0.15606758135553586
20260704,20.0,8,14,grid_fft_topk_plus_ls,-4.965535443147001,0.15107576654450539,0.21873895502849322,0.2024907837161828,0.0151107865883445,1.0,55.49400000018068,0.0,,
20260704,20.0,8,14,deterministic_cartesian_local_refinement_plus_ls,-13.169257801385822,0.07709215346615189,0.0683522295915778,0.06626025811105717,0.0047854333183440555,1.0,895.013100001961,8.20372235823882,,
20260704,20.0,8,14,fixed_source_trained_scalar_interpolation_plus_ls,-10.909425599338105,0.05709983570676085,0.0997497661369538,0.101131695844144,0.007003867356220721,1.0,934.0338999900268,5.943890156191104,,
20260704,20.0,8,14,tensor_nomp3d_known_order_v1,-56.096191235081285,0.0004733222957450749,0.00053026650291802,0.00024130083018049516,3.418924915317275e-05,1.0,12300.115099991672,51.13065579193429,49.0,0.028643879019279603
20260704,20.0,8,15,grid_fft_topk_plus_ls,-6.150169731129935,13.347249770471208,0.7605696884827176,2.4959988072131636,0.13862533929375925,0.625,48.41170000145212,0.0,,
20260704,20.0,8,15,deterministic_cartesian_local_refinement_plus_ls,-11.773932751719299,13.448775617420644,0.751372110166474,2.4881090087120272,0.13888955004175724,0.75,1011.3574999995762,5.623763020589363,,
20260704,20.0,8,15,fixed_source_trained_scalar_interpolation_plus_ls,-10.458024484219134,13.412021490472931,0.7527485877545765,2.489476767572289,0.138725579743432,0.75,962.1043999941321,4.307854753089199,,
20260704,20.0,8,15,tensor_nomp3d_known_order_v1,-56.79743682455275,0.0006431141644441905,0.0004142449108634582,0.0005192150976284608,3.0964783449184796e-05,1.0,13091.223700001137,50.64726709342281,49.0,0.07267301553745886
20260704,20.0,8,16,grid_fft_topk_plus_ls,-6.4796648324816575,11.714038107154426,1.9835240665517981,5.703447363851742,0.23560707568403497,0.5,40.498100002878346,0.0,,
20260704,20.0,8,16,deterministic_cartesian_local_refinement_plus_ls,-11.025337287337278,11.787767793814467,2.041762986518052,5.654250814582153,0.236614722386041,0.75,813.0918999959249,4.54567245485562,,
20260704,20.0,8,16,fixed_source_trained_scalar_interpolation_plus_ls,-11.057334868669415,11.760863211126177,2.0185811477642246,5.671403251605086,0.2361564861420341,0.75,885.4692999884719,4.577670036187757,,
20260704,20.0,8,16,tensor_nomp3d_known_order_v1,-55.09469518995906,0.0007426804915842716,0.0006266229384253582,0.001024050906102743,5.090757250305421e-05,1.0,12339.462300005835,48.6150303574774,51.0,0.059733680813254204
20260704,20.0,8,17,grid_fft_topk_plus_ls,-5.77985209304183,19.445841418935586,1.4997825366639936,0.3921738084170438,0.1789318014116901,0.875,45.0966999924276,0.0,,
20260704,20.0,8,17,deterministic_cartesian_local_refinement_plus_ls,-13.452993527700421,19.44550188480229,1.408573148698775,0.5108069223763374,0.17630708418680188,0.875,892.6004000095418,7.673141434658591,,
20260704,20.0,8,17,fixed_source_trained_scalar_interpolation_plus_ls,-11.814429752960208,19.445511262388752,1.4383615854289384,0.45926931966885065,0.17710634929517416,0.875,947.2028000018327,6.034577659918378,,
20260704,20.0,8,17,tensor_nomp3d_known_order_v1,-56.65289223281174,0.0007934268870538132,0.0009268149378278184,0.0002365973705115959,5.87239588290132e-05,1.0,11461.839999989024,50.873040139769905,47.0,0.09499114150446838
20260704,20.0,8,18,grid_fft_topk_plus_ls,-6.939754726844792,2.5984641646114115,0.7324171620816486,1.817064225888599,0.07570929573131054,0.75,42.35099999641534,0.0,,
20260704,20.0,8,18,deterministic_cartesian_local_refinement_plus_ls,-12.418209815285444,2.675516501989871,0.7453028793413727,1.8134476656713119,0.07627751327692889,0.875,672.3664000019198,5.4784550884406515,,
20260704,20.0,8,18,fixed_source_trained_scalar_interpolation_plus_ls,-12.953106188774262,2.6465349121770467,0.7318243096607304,1.8135408165695108,0.07570603073816448,0.875,708.4631999896374,6.01335146192947,,
20260704,20.0,8,18,tensor_nomp3d_known_order_v1,-53.514628057042025,0.0007487825660183443,0.0007693800792766113,0.0007436748044226938,5.372707767477105e-05,1.0,12487.97289999493,46.574873330197235,47.0,0.044788468456251423
20260704,20.0,8,19,grid_fft_topk_plus_ls,-4.803320444405134,15.18959338703593,2.5442124534729054,3.253527589479543,0.22294579641202455,0.5,46.29529999510851,0.0,,
20260704,20.0,8,19,deterministic_cartesian_local_refinement_plus_ls,-9.745367216999828,15.192634221827461,2.7365012351294333,3.208011579362633,0.23106221840574576,0.625,935.8025000110501,4.9420467725946935,,
20260704,20.0,8,19,fixed_source_trained_scalar_interpolation_plus_ls,-9.057107456215538,15.19116242743655,2.6648758024390435,3.2234814559102714,0.22797576102962475,0.625,873.1316000048537,4.253787011810404,,
20260704,20.0,8,19,tensor_nomp3d_known_order_v1,-55.61286977320925,0.00039985897748318874,0.0004053171858725054,0.0010040610698840524,4.044744452233006e-05,1.0,13530.835199999274,50.80954932880411,51.0,0.08883544625340382
20260704,30.0,2,0,grid_fft_topk_plus_ls,-4.212401237290867,0.24794045919299348,0.027564412336034735,0.29471782143561875,0.009567805719554597,1.0,17.485500007751398,0.0,,
20260704,30.0,2,0,deterministic_cartesian_local_refinement_plus_ls,-12.13616087988029,0.10516037045565593,0.027564412336034735,0.07474088003787183,0.0030163220418846005,1.0,276.1876000004122,7.923759642589423,,
20260704,30.0,2,0,fixed_source_trained_scalar_interpolation_plus_ls,-11.503300545160592,0.152621433952183,0.027564412336034735,0.07481139643925293,0.003139305339702541,1.0,265.88839999749325,7.290899307869725,,
20260704,30.0,2,0,tensor_nomp3d_known_order_v1,-73.00352313403532,3.4590508777151905e-05,8.595150328106094e-05,2.9865625910689e-05,5.459132680317817e-06,1.0,1307.1984999987762,68.79112189674446,5.0,0.000569164327580278
20260704,30.0,2,1,grid_fft_topk_plus_ls,-4.797497649333803,0.0832384485529231,0.1692349598070806,0.29361045895991933,0.014017359077913181,1.0,12.846700003137812,0.0,,
20260704,30.0,2,1,deterministic_cartesian_local_refinement_plus_ls,-12.465003383606854,0.0832384485529231,0.07360305069053963,0.06972565268412066,0.005131507195459969,1.0,227.52980000223033,7.6675057342730515,,
20260704,30.0,2,1,fixed_source_trained_scalar_interpolation_plus_ls,-9.339308506087864,0.0832384485529231,0.08896534001181927,0.1495101076181961,0.00729174666756116,1.0,235.86349999823142,4.541810856754061,,
20260704,30.0,2,1,tensor_nomp3d_known_order_v1,-70.25032118474013,6.309738010463724e-05,0.00010310493438095963,8.597826813328318e-05,6.99913516748921e-06,1.0,1349.2583000042941,65.45282353540632,6.0,0.0024646218496870735
20260704,30.0,2,2,grid_fft_topk_plus_ls,-5.305307547943027,0.16959944453471773,0.21468611784002642,0.13037183947323142,0.014085227520400284,1.0,12.17000000178814,0.0,,
20260704,30.0,2,2,deterministic_cartesian_local_refinement_plus_ls,-14.692314847505036,0.06809367822858899,0.01444509546304222,0.09519699974682032,0.0031540692816050247,1.0,243.01220000779722,9.38700729956201,,
20260704,30.0,2,2,fixed_source_trained_scalar_interpolation_plus_ls,-13.98529783240501,0.08635932890075385,0.07071996585399813,0.01634012801047617,0.004500257687985722,1.0,250.6686999986414,8.679990284461983,,
20260704,30.0,2,2,tensor_nomp3d_known_order_v1,-71.60097588957247,6.527302866287947e-05,1.1959546956628472e-05,5.301381065937319e-05,1.8876843585424922e-06,1.0,1334.612600010587,66.29566834162944,7.0,0.0030789877280670407
20260704,30.0,2,3,grid_fft_topk_plus_ls,-3.343960843327415,0.2725013053333112,0.21711375547165243,0.20267696068544602,0.015125534008546007,1.0,14.292100007878616,0.0,,
20260704,30.0,2,3,deterministic_cartesian_local_refinement_plus_ls,-17.942502388041447,0.06229462849666786,0.0334433100490126,0.04363249559076836,0.002542635162612482,1.0,199.71250000526197,14.598541544714031,,
20260704,30.0,2,3,fixed_source_trained_scalar_interpolation_plus_ls,-9.482616199387728,0.13207728128962543,0.07720548804385502,0.10056337221192639,0.005850181694690022,1.0,239.19339998974465,6.138655356060313,,
20260704,30.0,2,3,tensor_nomp3d_known_order_v1,-75.14559133643884,6.54677412621035e-05,7.155232564272464e-05,1.9737249488946112e-05,4.5432359587733675e-06,1.0,1115.15209999925,71.80163049311143,5.0,0.0013253124039826897
20260704,30.0,2,4,grid_fft_topk_plus_ls,-3.159772962659156,23.970781668462234,3.7819026765072317,3.759510596183321,0.3236411944688883,0.0,11.552600000868551,0.0,,
20260704,30.0,2,4,deterministic_cartesian_local_refinement_plus_ls,-6.941197473911665,24.12547685776345,3.617567129714891,3.599911635440183,0.31512018127739455,0.5,200.04309999058023,3.781424511252509,,
20260704,30.0,2,4,fixed_source_trained_scalar_interpolation_plus_ls,-6.372543062126068,24.069593485865244,3.675674045745267,3.656270334909888,0.318105529065743,0.5,221.5703000110807,3.212770099466912,,
20260704,30.0,2,4,tensor_nomp3d_known_order_v1,-70.72083279808331,7.706046193980565e-05,5.976629409234343e-05,1.693188830356681e-05,3.820416109830046e-06,1.0,1343.8605999981519,67.56105983542415,7.0,0.00039838041245862405
20260704,30.0,2,5,grid_fft_topk_plus_ls,-4.132133328356295,0.19303431679822594,0.27277422394336,0.20067896178461953,0.018227727343321294,1.0,11.673800006974488,0.0,,
20260704,30.0,2,5,deterministic_cartesian_local_refinement_plus_ls,-15.468787229393133,0.04529525525953294,0.04875651530305355,0.06682818142365202,0.003711130025228779,1.0,190.13730000006035,11.336653901036838,,
20260704,30.0,2,5,fixed_source_trained_scalar_interpolation_plus_ls,-10.24387429134455,0.05498435329690683,0.1285792350151279,0.10709410150041195,0.008715813810516481,1.0,213.38050000485964,6.1117409629882555,,
20260704,30.0,2,5,tensor_nomp3d_known_order_v1,-72.05148888626951,5.763875599326958e-05,8.26230950261588e-05,3.356362585161909e-05,5.288591369724106e-06,1.0,1385.6789999990724,67.91935555791322,6.0,0.0009177238872413117
20260704,30.0,2,6,grid_fft_topk_plus_ls,-6.07117293770333,0.26551727130353325,0.06704106382624443,0.108007295658649,0.005766434284864682,1.0,11.187999989488162,0.0,,
20260704,30.0,2,6,deterministic_cartesian_local_refinement_plus_ls,-15.167230042393507,0.04074264130830912,0.06704106382624443,0.05323870194849231,0.0045195024461352346,1.0,218.86980000999756,9.096057104690178,,
20260704,30.0,2,6,fixed_source_trained_scalar_interpolation_plus_ls,-11.73847774789881,0.12113390475294199,0.06704106382624443,0.013354528876216592,0.004315833101355667,1.0,295.9582000039518,5.667304810195479,,
20260704,30.0,2,6,tensor_nomp3d_known_order_v1,-68.52736960235619,0.00010080878524363483,0.00014164246800458602,4.830490410225908e-05,9.014900286564564e-06,1.0,1419.037700004992,62.45619666465286,6.0,0.0023534685802101014
20260704,30.0,2,7,grid_fft_topk_plus_ls,-4.3589272554526275,0.2501642558854355,0.17021445595593052,0.23947385045868774,0.013152907599536554,1.0,13.399999996181577,0.0,,
20260704,30.0,2,7,deterministic_cartesian_local_refinement_plus_ls,-13.089840373063108,0.11082012995900323,0.03926332868154747,0.03431434864680789,0.0028144922223487957,1.0,245.9153000090737,8.73091311761048,,
20260704,30.0,2,7,fixed_source_trained_scalar_interpolation_plus_ls,-9.221858552707712,0.1564436733323592,0.07447105340236415,0.09825649580804754,0.005708388331613191,1.0,225.57189999497496,4.862931297255084,,
20260704,30.0,2,7,tensor_nomp3d_known_order_v1,-71.95309047259853,3.1804430914398635e-05,4.746075381693514e-05,7.671748235899542e-05,3.822078748797982e-06,1.0,1317.0925000013085,67.5941632171459,7.0,0.002157614310270845
20260704,30.0,2,8,grid_fft_topk_plus_ls,-6.474797197098536,31.86227967848151,4.88161403903249,3.363253363584072,0.40754888490851354,0.5,11.660100004519336,0.0,,
20260704,30.0,2,8,deterministic_cartesian_local_refinement_plus_ls,-11.73953608243287,32.18011955917833,4.88161403903249,3.5200124852358705,0.4103561909433418,0.5,209.07750001060776,5.264738885334334,,
20260704,30.0,2,8,fixed_source_trained_scalar_interpolation_plus_ls,-11.650372703324079,32.06621577433465,4.88161403903249,3.4630156262708782,0.40933711282515617,0.5,258.7154999928316,5.175575506225543,,
20260704,30.0,2,8,tensor_nomp3d_known_order_v1,-70.81811477943168,0.00023083485703223323,0.00012633057528258924,0.00021116014084762025,1.0446878168421636e-05,1.0,1226.8727000046056,64.34331758233314,6.0,0.0006273624394581797
20260704,30.0,2,9,grid_fft_topk_plus_ls,-6.012565154088376,3.477630864409202,0.8305530011557665,3.34707439665147,0.11988784612662076,0.5,11.511799995787442,0.0,,
20260704,30.0,2,9,deterministic_cartesian_local_refinement_plus_ls,-10.30337822693131,3.791560438678692,0.8305530011557665,3.185966524266159,0.11612287868365512,0.5,224.07359999488108,4.2908130728429335,,
20260704,30.0,2,9,fixed_source_trained_scalar_interpolation_plus_ls,-10.360971609026352,3.6782732932948705,0.8305530011557665,3.2427819022693267,0.11742897420264897,0.5,240.12270000821445,4.348406454937976,,
20260704,30.0,2,9,tensor_nomp3d_known_order_v1,-74.25609824858286,6.169911750369249e-05,9.206686169845335e-05,7.460426920578029e-05,6.227220118545463e-06,1.0,1277.5765999977011,68.24353309449448,7.0,0.005011815762591717
20260704,30.0,2,10,grid_fft_topk_plus_ls,-4.3694744856058385,0.21274117688454453,0.23168708716114436,0.1749326353659008,0.015566946147830158,1.0,13.829000003170222,0.0,,
20260704,30.0,2,10,deterministic_cartesian_local_refinement_plus_ls,-13.906875580444167,0.08358929099804316,0.06291435205519402,0.05608334832104189,0.004354292830058465,1.0,241.81249999674037,9.537401094838328,,
20260704,30.0,2,10,fixed_source_trained_scalar_interpolation_plus_ls,-11.197805088300575,0.09515719200546477,0.10062613421132864,0.036609087393634804,0.006435423779604837,1.0,235.68850000447128,6.828330602694736,,
20260704,30.0,2,10,tensor_nomp3d_known_order_v1,-71.25838360665082,6.103975042006399e-05,9.50571116782389e-05,4.282057415471751e-05,6.108546554211254e-06,1.0,1131.749199994374,66.88890912104499,5.0,0.0019528992109147103
20260704,30.0,2,11,grid_fft_topk_plus_ls,-5.961869021159266,0.1884667561364511,0.15985536182717303,0.11456271553538,0.010714674197572245,1.0,10.662399989087135,0.0,,
20260704,30.0,2,11,deterministic_cartesian_local_refinement_plus_ls,-15.32330326233067,0.07562958245800938,0.041343204326252235,0.06011732949428619,0.0032488918017907287,1.0,210.8314000070095,9.361434241171404,,
20260704,30.0,2,11,fixed_source_trained_scalar_interpolation_plus_ls,-14.225603371069255,0.06894915384076349,0.06655222954522552,0.03466011452750276,0.004331845724981446,1.0,220.53340000275057,8.263734349909988,,
20260704,30.0,2,11,tensor_nomp3d_known_order_v1,-70.9903073578156,3.84984835163229e-05,0.00010246898838019813,2.5603704255941977e-05,6.4611033697977175e-06,1.0,1226.9255999999586,65.02843833665634,7.0,0.007979289887088716
20260704,30.0,2,12,grid_fft_topk_plus_ls,-5.063764657396992,0.13964246870894048,0.27880861721240674,0.06938119124849372,0.01759376334974885,1.0,13.027100008912385,0.0,,
20260704,30.0,2,12,deterministic_cartesian_local_refinement_plus_ls,-14.65881350763689,0.07086992001892035,0.05739453445471792,0.06938119124849372,0.004227905474931338,1.0,232.32629999984056,9.595048850239898,,
20260704,30.0,2,12,fixed_source_trained_scalar_interpolation_plus_ls,-10.779115453592425,0.06624457575737175,0.13532581895716414,0.06938119124849372,0.00874666958345278,1.0,245.66250000498258,5.715350796195433,,
20260704,30.0,2,12,tensor_nomp3d_known_order_v1,-72.96469088352373,3.626160237623429e-05,2.7322091218508696e-05,4.753304400985029e-05,2.28094142497418e-06,1.0,1220.482600008836,67.90092622612674,6.0,0.0021848657809839045
20260704,30.0,2,13,grid_fft_topk_plus_ls,-6.4532581035718035,0.14873271699438867,0.1262281129023367,0.22398176873852052,0.010610494118709717,1.0,12.32549999258481,0.0,,
20260704,30.0,2,13,deterministic_cartesian_local_refinement_plus_ls,-13.220367130176669,0.0660737395529456,0.0329656231684487,0.08592778708654321,0.003423746994836535,1.0,197.01180000265595,6.7671090266048655,,
20260704,30.0,2,13,fixed_source_trained_scalar_interpolation_plus_ls,-13.34389403348145,0.0700385585153242,0.024182238427967087,0.10520068142737606,0.0036594395108350847,1.0,201.59970001259353,6.890635929909646,,
20260704,30.0,2,13,tensor_nomp3d_known_order_v1,-69.6174204551938,3.689903954200968e-05,0.00010495367258589827,6.94799177346852e-05,6.915622085434566e-06,1.0,1191.6764000052353,63.16416235162199,6.0,0.00303163993532288
20260704,30.0,2,14,grid_fft_topk_plus_ls,-4.5969344221794275,0.07482288963724461,0.21467941574818256,0.26401174218061535,0.015761934659891143,1.0,12.178499993751757,0.0,,
20260704,30.0,2,14,deterministic_cartesian_local_refinement_plus_ls,-14.124597128651663,0.07482288963724461,0.0687215468819093,0.04972581658629369,0.004604808639545595,1.0,196.0972000088077,9.527662706472235,,
20260704,30.0,2,14,fixed_source_trained_scalar_interpolation_plus_ls,-10.17319913503523,0.07482288963724461,0.08887013978870495,0.12210502728396705,0.006764101930406582,1.0,206.72560000093654,5.576264712855802,,
20260704,30.0,2,14,tensor_nomp3d_known_order_v1,-69.62390877412953,7.490322103388218e-05,3.4139761163206384e-05,6.828571732847695e-05,3.073908619643701e-06,1.0,1254.2256000015186,65.0269743519501,6.0,0.003090997483749404
20260704,30.0,2,15,grid_fft_topk_plus_ls,-3.5610111955698005,35.84760919867414,3.0178563712368534,6.133615069481889,0.3882638074037889,0.0,11.450000005424954,0.0,,
20260704,30.0,2,15,deterministic_cartesian_local_refinement_plus_ls,-8.390980022710217,36.00387981944337,3.0178563712368534,6.289418187711215,0.39156645246643407,0.5,205.0974000012502,4.829968827140416,,
20260704,30.0,2,15,fixed_source_trained_scalar_interpolation_plus_ls,-6.964274087407787,35.94759580580379,3.0178563712368534,6.233142297020791,0.3903702218729747,0.5,254.35810000635684,3.403262891837987,,
20260704,30.0,2,15,tensor_nomp3d_known_order_v1,-71.83263805117859,4.236494324933114e-05,5.713469369541121e-05,1.9859040799728753e-05,3.639524870286929e-06,1.0,1289.0440999908606,68.27162685560879,5.0,0.0008342528959115992
20260704,30.0,2,16,grid_fft_topk_plus_ls,-2.3115456588772485,0.21524979691630752,0.3250328070890348,0.24179473192487314,0.02173944101668967,1.0,10.191699999268167,0.0,,
20260704,30.0,2,16,deterministic_cartesian_local_refinement_plus_ls,-11.275130279677255,0.08714482981249308,0.09928313293918296,0.085068096327534,0.006784905537816197,1.0,214.6260000008624,8.963584620800006,,
20260704,30.0,2,16,fixed_source_trained_scalar_interpolation_plus_ls,-8.496607495456246,0.09914145786232413,0.12274308531803602,0.1180837079379996,0.00854797675403602,1.0,194.98169999860693,6.185061836578997,,
20260704,30.0,2,16,tensor_nomp3d_known_order_v1,-72.56687893312717,8.515008542646603e-05,4.34807363825279e-05,6.020444536433501e-05,3.3715305594179343e-06,1.0,1361.0054000018863,70.25533327424992,7.0,0.002243567093925041
20260704,30.0,2,17,grid_fft_topk_plus_ls,-3.9432709333462124,10.52184281694045,1.6556014089319835,1.7033361235406967,0.1424696430360871,0.0,13.990100007504225,0.0,,
20260704,30.0,2,17,deterministic_cartesian_local_refinement_plus_ls,-8.758454857710325,10.361078114603778,1.6556014089319835,1.798042353341841,0.14288638896980702,0.5,230.6280000047991,4.815183924364112,,
20260704,30.0,2,17,fixed_source_trained_scalar_interpolation_plus_ls,-7.480540573022056,10.418371458630864,1.6556014089319835,1.756452241610537,0.142635258479927,0.5,224.61990000738297,3.5372696396758436,,
20260704,30.0,2,17,tensor_nomp3d_known_order_v1,-70.37491011531274,3.507641795757013e-05,0.0002708769621591076,5.893796369639295e-05,1.7031906388509847e-05,1.0,1250.3617999900598,66.43163918196653,6.0,0.001875407542396163
20260704,30.0,2,18,grid_fft_topk_plus_ls,-6.497433794002103,0.230559444451457,0.14479190283528617,0.056914905642454494,0.009396872432035918,1.0,13.13369999115821,0.0,,
20260704,30.0,2,18,deterministic_cartesian_local_refinement_plus_ls,-14.058093218254186,0.04715953221326664,0.08333399531426851,0.056914905642454494,0.005516003610133548,1.0,231.58510000212118,7.560659424252083,,
20260704,30.0,2,18,fixed_source_trained_scalar_interpolation_plus_ls,-12.729009299285618,0.09394549832212529,0.07840019752029581,0.056914905642454494,0.005264236664166942,1.0,245.8943000092404,6.231575505283515,,
20260704,30.0,2,18,tensor_nomp3d_known_order_v1,-70.79523317769558,5.755828251132848e-05,2.950905643609367e-05,0.00014069202413176819,4.78894836162331e-06,1.0,1318.5650999948848,64.29779938369347,7.0,0.0006788474774865796
20260704,30.0,2,19,grid_fft_topk_plus_ls,-6.279053243729741,0.1554816583259968,0.15327186168578164,0.16149549057764287,0.010895488823556778,1.0,13.13230000960175,0.0,,
20260704,30.0,2,19,deterministic_cartesian_local_refinement_plus_ls,-13.79901044417493,0.08149240183600771,0.07331787818907412,0.06562067020713426,0.00506049156044525,1.0,221.44430001208093,7.51995720044519,,
20260704,30.0,2,19,fixed_source_trained_scalar_interpolation_plus_ls,-20.936631938730116,0.03581652722888841,0.0150386906777816,0.02160024073912353,0.0011905371299666702,1.0,228.5903000010876,14.657578695000375,,
20260704,30.0,2,19,tensor_nomp3d_known_order_v1,-69.17171397756033,8.90257767372099e-05,6.691374754685346e-06,0.00010044329641446256,3.242073128519329e-06,1.0,1283.0550000071526,62.89266073383059,7.0,0.000909427635406621
20260704,30.0,4,0,grid_fft_topk_plus_ls,-4.327201898978607,0.18826464511773386,0.23028385289082026,0.262417821924205,0.016630196215969013,1.0,21.18989999871701,0.0,,
20260704,30.0,4,0,deterministic_cartesian_local_refinement_plus_ls,-14.252961258953459,0.05479598719860547,0.05889472373391418,0.07972527165471584,0.004465376282055428,1.0,456.39930000470486,9.925759359974851,,
20260704,30.0,4,0,fixed_source_trained_scalar_interpolation_plus_ls,-12.1130001763569,0.07675693193468539,0.06132608621135335,0.09151281115071193,0.004819635200311219,1.0,412.05269999045413,7.785798277378293,,
20260704,30.0,4,0,tensor_nomp3d_known_order_v1,-69.61799175970765,7.097626036306167e-05,0.00011054931328641564,7.110772848722421e-05,7.279020820845557e-06,1.0,3314.189999990049,65.29078986072905,16.0,0.003728751183001239
20260704,30.0,4,1,grid_fft_topk_plus_ls,-5.7266040240165275,15.585983263362483,0.055015801642231535,4.524651593712849,0.18663147448025183,0.75,20.231599992257543,0.0,,
20260704,30.0,4,1,deterministic_cartesian_local_refinement_plus_ls,-12.257808800467574,15.809572328775683,0.055015801642231535,4.407487447148696,0.1850344763764823,0.75,411.5799999999581,6.531204776451046,,
20260704,30.0,4,1,fixed_source_trained_scalar_interpolation_plus_ls,-10.113998705413414,15.729042454182256,0.055015801642231535,4.44881543759906,0.18558064307035116,0.75,470.87970000575297,4.387394681396886,,
20260704,30.0,4,1,tensor_nomp3d_known_order_v1,-71.27560448397584,0.00013727047028083873,4.8422007603513364e-05,7.577206863942977e-05,3.9894720514167775e-06,1.0,3656.0594999900786,65.54900045995932,18.0,0.004153855101641998
20260704,30.0,4,2,grid_fft_topk_plus_ls,-5.52630992074706,20.38284864320386,0.9391230264445268,6.361692689977204,0.2613913055027261,0.5,20.635399996535853,0.0,,
20260704,30.0,4,2,deterministic_cartesian_local_refinement_plus_ls,-14.063688029920197,20.494764870938447,0.9188017844536284,6.577789537140242,0.2668104316029848,0.75,430.8289999898989,8.537378109173137,,
20260704,30.0,4,2,fixed_source_trained_scalar_interpolation_plus_ls,-12.797894854479441,20.45447578510125,0.922983134189948,6.499221106685028,0.2647901682252427,0.75,431.8266000045696,7.271584933732381,,
20260704,30.0,4,2,tensor_nomp3d_known_order_v1,-68.38013289474543,0.00037421854120448146,0.00041644505118084145,0.00021646513575696746,2.7050942021573913e-05,1.0,3483.0800000054296,62.85382297399837,16.0,0.001787198929130591
20260704,30.0,4,3,grid_fft_topk_plus_ls,-4.149522221778689,11.836038457534148,3.3747955005274064,1.8387355009738462,0.23736358093188697,0.5,21.10559999709949,0.0,,
20260704,30.0,4,3,deterministic_cartesian_local_refinement_plus_ls,-9.661875330799107,11.943296174453101,3.260743032770811,1.717242337032765,0.23047557609927224,0.75,444.4521999976132,5.5123531090204185,,
20260704,30.0,4,3,fixed_source_trained_scalar_interpolation_plus_ls,-8.686764683752953,11.904145040543195,3.301154637392489,1.7584041228579346,0.23288959428411338,0.75,438.5245000012219,4.537242461974264,,
20260704,30.0,4,3,tensor_nomp3d_known_order_v1,-68.47190689878657,6.87346522798327e-05,0.00011083927414006377,0.00012582776521869306,7.983704322615807e-06,1.0,3699.968599990825,64.32238467700788,16.0,0.0036818977646214624
20260704,30.0,4,4,grid_fft_topk_plus_ls,-3.215952453804332,0.23020498943114007,0.312928798799864,0.20774425314767136,0.020685695570419056,1.0,19.700699995155446,0.0,,
20260704,30.0,4,4,deterministic_cartesian_local_refinement_plus_ls,-12.23371954279931,0.04657770708302021,0.09076958133415636,0.09462542814039203,0.006407852841244331,1.0,453.39949999470264,9.017767088994978,,
20260704,30.0,4,4,fixed_source_trained_scalar_interpolation_plus_ls,-9.728602745487148,0.09344659124487534,0.14138464591889785,0.06121064598739504,0.009070631167803173,1.0,382.08910000685137,6.5126502916828155,,
20260704,30.0,4,4,tensor_nomp3d_known_order_v1,-68.86373148539873,5.6854259971333796e-05,5.195540512529228e-05,0.00010702161561052027,4.682612882030027e-06,1.0,3571.514600000228,65.6477790315944,18.0,0.0023060710244718575
20260704,30.0,4,5,grid_fft_topk_plus_ls,-6.163170910545121,0.17864607907818633,0.1746996569051504,0.14260832448992775,0.011875479679993587,1.0,18.654500003322028,0.0,,
20260704,30.0,4,5,deterministic_cartesian_local_refinement_plus_ls,-13.127585111777131,0.044552639376701064,0.08615790765984763,0.07121249023107042,0.005836979498585735,1.0,433.8807000021916,6.96441420123201,,
20260704,30.0,4,5,fixed_source_trained_scalar_interpolation_plus_ls,-12.339048788215838,0.06304480722506503,0.09937499790695736,0.0686974720031311,0.006589921798813881,1.0,392.3973000055412,6.175877877670716,,
20260704,30.0,4,5,tensor_nomp3d_known_order_v1,-66.35732199666204,0.00020023943481831428,0.00018589002183174547,0.0001282137152943783,1.2388768662549064e-05,1.0,3594.6535000111908,60.19415108611692,17.0,0.004567705307818429
20260704,30.0,4,6,grid_fft_topk_plus_ls,-6.822749477009119,0.12035887444527785,0.22615715930895225,0.09312881923873793,0.014461918303640799,1.0,25.721700003487058,0.0,,
20260704,30.0,4,6,deterministic_cartesian_local_refinement_plus_ls,-15.168982371471992,0.05919414364186366,0.05283160683110802,0.03664600270346028,0.003525387958020111,1.0,413.86689999490045,8.346232894462872,,
20260704,30.0,4,6,fixed_source_trained_scalar_interpolation_plus_ls,-12.542671787656117,0.0672855620241748,0.1066724965776329,0.032534984545516406,0.00676456548447166,1.0,441.25679999706335,5.719922310646997,,
20260704,30.0,4,6,tensor_nomp3d_known_order_v1,-70.19032380203258,8.159116849726186e-05,6.673118879978952e-05,9.103922499044616e-05,5.088706921195667e-06,1.0,3569.1992999927606,63.36757432502346,17.0,0.0075698407622079135
20260704,30.0,4,7,grid_fft_topk_plus_ls,-6.419145593893454,0.2074688748127049,0.16993422415148288,0.18698516304299573,0.012230062766780039,1.0,26.697599998442456,0.0,,
20260704,30.0,4,7,deterministic_cartesian_local_refinement_plus_ls,-15.959669129110157,0.02825345690337207,0.053725197219698616,0.05669240685831072,0.003802947481317791,1.0,427.02460000873543,9.540523535216703,,
20260704,30.0,4,7,fixed_source_trained_scalar_interpolation_plus_ls,-13.17538799774798,0.06548885155120078,0.07984391654106386,0.0936193051044774,0.005807190760502146,1.0,411.56570000748616,6.756242403854527,,
20260704,30.0,4,7,tensor_nomp3d_known_order_v1,-69.78949149095675,5.325026179727207e-05,5.479464182681947e-05,7.147531681905939e-05,4.109791614450071e-06,1.0,3520.955599989975,63.370345897063295,16.0,0.004494426156597727
20260704,30.0,4,8,grid_fft_topk_plus_ls,-3.5082063408745325,17.943831027921995,0.2687516513402815,4.05862986679945,0.18979121750922853,0.75,20.419499996933155,0.0,,
20260704,30.0,4,8,deterministic_cartesian_local_refinement_plus_ls,-11.982895824892719,18.1673179928009,0.28363506323820836,3.942139749039405,0.1887729611139406,0.75,483.7517999985721,8.474689484018185,,
20260704,30.0,4,8,fixed_source_trained_scalar_interpolation_plus_ls,-10.182267044315834,18.08664400007409,0.2566482479268339,3.982783444240266,0.18898230596598511,0.75,450.25409999652766,6.6740607034413015,,
20260704,30.0,4,8,tensor_nomp3d_known_order_v1,-68.82674391607067,0.0001300274868157224,7.522723033950607e-05,0.00010843439510880799,5.883907765637775e-06,1.0,3725.1643000054173,65.31853757519613,17.0,0.0023067045240923105
20260704,30.0,4,9,grid_fft_topk_plus_ls,-4.762008305638049,0.20606181244391916,0.18530967565861112,0.23623690361053484,0.01382862534785187,1.0,16.993199998978525,0.0,,
20260704,30.0,4,9,deterministic_cartesian_local_refinement_plus_ls,-14.498185554777416,0.06893453230878534,0.07616063273273099,0.04673610617108042,0.005008101799568133,1.0,450.21559999440797,9.736177249139367,,
20260704,30.0,4,9,fixed_source_trained_scalar_interpolation_plus_ls,-10.963362406755085,0.08135355402399227,0.10100238426480834,0.09873817021438488,0.007055084797299027,1.0,450.13649998873007,6.201354101117036,,
20260704,30.0,4,9,tensor_nomp3d_known_order_v1,-68.36962487540586,0.00010175433347736054,8.081546012324672e-05,7.79103758898715e-05,5.663212442666246e-06,1.0,3473.7970999995014,63.60761656976781,17.0,0.003286167130584876
20260704,30.0,4,10,grid_fft_topk_plus_ls,-6.671456360144705,3.558267643863873,2.47741662990402,6.36487840706033,0.253594046630773,0.5,21.808899997267872,0.0,,
20260704,30.0,4,10,deterministic_cartesian_local_refinement_plus_ls,-15.843026597444556,3.5559607311346464,2.5661750328938293,6.363538803848597,0.25698436474159997,0.75,427.4230000009993,9.17157023729985,,
20260704,30.0,4,10,fixed_source_trained_scalar_interpolation_plus_ls,-13.195790184631885,3.5563779822015533,2.5307294488294203,6.363789955444436,0.2556140695090547,0.75,407.02119999332353,6.52433382448718,,
20260704,30.0,4,10,tensor_nomp3d_known_order_v1,-70.07676476984783,0.0003304828204341664,0.00014842567779102823,0.0002885193115908224,1.3191435334931633e-05,1.0,3729.9450999998953,63.405308409703125,18.0,0.0011092078881034734
20260704,30.0,4,11,grid_fft_topk_plus_ls,-5.534485866906843,20.65691644762752,1.8933110278169358,7.325683427976943,0.3040633135257222,0.5,20.36450000014156,0.0,,
20260704,30.0,4,11,deterministic_cartesian_local_refinement_plus_ls,-8.449067104710855,20.85424009884834,1.794925221545014,7.4074838860446395,0.30448960216917287,0.5,460.0382000062382,2.9145812378040112,,
20260704,30.0,4,11,fixed_source_trained_scalar_interpolation_plus_ls,-8.398290878638432,20.783447736653432,1.8291732925396185,7.377311192994388,0.30427488313298995,0.5,441.7070000054082,2.863805011731589,,
20260704,30.0,4,11,tensor_nomp3d_known_order_v1,-67.50876788227737,9.413382517756865e-05,6.735232248453279e-05,0.00020808434909050217,7.781078140535613e-06,1.0,3651.8617999972776,61.97428201537053,17.0,0.00555606034152528
20260704,30.0,4,12,grid_fft_topk_plus_ls,-3.776319969581095,13.09446435307034,1.6390348739185745,4.874659736887166,0.2101538943071465,0.5,17.327299996395595,0.0,,
20260704,30.0,4,12,deterministic_cartesian_local_refinement_plus_ls,-11.544951291428948,13.09629624999149,1.5616729704075438,5.117828898227995,0.21347895704687445,0.5,425.5782999971416,7.768631321847852,,
20260704,30.0,4,12,fixed_source_trained_scalar_interpolation_plus_ls,-9.6145526058235,13.095196012403317,1.5861434935886338,5.029214049718115,0.21211858831187366,0.5,426.3000000064494,5.838232636242404,,
20260704,30.0,4,12,tensor_nomp3d_known_order_v1,-68.72939056298279,0.0001801409161882727,0.0001751420481118043,0.0001187352864249937,1.16435163424681e-05,1.0,3488.8180999987526,64.95307059340169,18.0,0.003883896697814949
20260704,30.0,4,13,grid_fft_topk_plus_ls,-4.936785861396583,16.130535251579744,3.556978557441506,0.4898950628021098,0.25600315563899806,0.5,14.256700000260025,0.0,,
20260704,30.0,4,13,deterministic_cartesian_local_refinement_plus_ls,-12.30608005123031,16.23939301386303,3.5540399053721203,0.48115754856874543,0.2562474828832614,0.75,446.5790999965975,7.369294189833727,,
20260704,30.0,4,13,fixed_source_trained_scalar_interpolation_plus_ls,-10.524898191116591,16.199868731440738,3.554274058900352,0.4812915955289634,0.25610768175432275,0.75,438.43249999918044,5.588112329720008,,
20260704,30.0,4,13,tensor_nomp3d_known_order_v1,-68.556046845871,0.00018594951064425716,0.0002553116064568889,0.00018511115610681452,1.7035214044513097e-05,1.0,3398.7492000014754,63.61926098447441,16.0,0.0074436099718833
20260704,30.0,4,14,grid_fft_topk_plus_ls,-5.659663819912534,0.23614007822190544,0.17057313930960571,0.0922158412929164,0.011196473283987042,1.0,15.365799990831874,0.0,,
20260704,30.0,4,14,deterministic_cartesian_local_refinement_plus_ls,-13.014099320934205,0.07906343871561644,0.06476888768886367,0.08626035454571539,0.00490252378653567,1.0,477.1029000112321,7.354435501021671,,
20260704,30.0,4,14,fixed_source_trained_scalar_interpolation_plus_ls,-10.764665809369614,0.123501151596329,0.08539892824595517,0.07008784525729402,0.005849470565476819,1.0,499.5733999967342,5.1050019894570795,,
20260704,30.0,4,14,tensor_nomp3d_known_order_v1,-66.71003485721357,0.00010556994384363747,0.00017232599372291136,0.00016241573424156458,1.1934899360648481e-05,1.0,3519.7768999933032,61.05037103730103,18.0,0.004194406309318914
20260704,30.0,4,15,grid_fft_topk_plus_ls,-4.920037983042779,0.20604147090602712,0.18002284538537672,0.18587886525182393,0.01276428312918385,1.0,21.359999998821877,0.0,,
20260704,30.0,4,15,deterministic_cartesian_local_refinement_plus_ls,-16.190808965264992,0.04954696939889488,0.04256506605831902,0.050557286975015894,0.0031182129495183216,1.0,422.95809999632183,11.270770982222214,,
20260704,30.0,4,15,fixed_source_trained_scalar_interpolation_plus_ls,-10.830175658051909,0.08972188901960977,0.08336347982151905,0.09052342300824692,0.005969935686430501,1.0,423.5037000034936,5.910137675009129,,
20260704,30.0,4,15,tensor_nomp3d_known_order_v1,-66.87706275947585,9.336386060362167e-05,0.00014818797308303777,0.00011425979553805071,9.952955895169087e-06,1.0,3531.7943999980344,61.957024776433066,15.0,0.006191856060885346
20260704,30.0,4,16,grid_fft_topk_plus_ls,-6.571448833465188,5.378405564578904,1.3229340161103869,5.014378800245971,0.1820900932181531,0.5,20.172299991827458,0.0,,
20260704,30.0,4,16,deterministic_cartesian_local_refinement_plus_ls,-9.803226243394759,5.380542398362942,1.270376194913166,4.9340739512726195,0.17845336576881998,0.5,475.82690000126604,3.2317774099295713,,
20260704,30.0,4,16,fixed_source_trained_scalar_interpolation_plus_ls,-9.121859241463586,5.379506952348875,1.2883137959494604,4.9609268677405165,0.17967662623363087,0.5,468.003600006341,2.550410407998398,,
20260704,30.0,4,16,tensor_nomp3d_known_order_v1,-67.33165338738144,8.273742316975605e-05,0.00015710264299083628,5.972418459860455e-05,1.0015602210355362e-05,1.0,3908.9099999982864,60.760204553916246,18.0,0.005052260010880591
20260704,30.0,4,17,grid_fft_topk_plus_ls,-6.091679693787057,25.013390583544943,0.45175119755510185,2.3349981608770283,0.21049812983873603,0.75,16.174800010048784,0.0,,
20260704,30.0,4,17,deterministic_cartesian_local_refinement_plus_ls,-8.94594216200137,25.125844602156633,0.65064297060253,2.331632088982948,0.21329494572529992,0.75,464.977200012072,2.854262468214312,,
20260704,30.0,4,17,fixed_source_trained_scalar_interpolation_plus_ls,-9.416590261291793,25.085518985382325,0.5721622839070212,2.331590594496703,0.21212282091296097,0.75,456.20279999275226,3.3249105675047357,,
20260704,30.0,4,17,tensor_nomp3d_known_order_v1,-69.25346238234104,0.00013309439656440417,0.00014831157767053273,6.985479109306306e-05,9.579647642173037e-06,1.0,3208.703299998888,63.161782688553984,17.0,0.003292257699958733
20260704,30.0,4,18,grid_fft_topk_plus_ls,-8.650654204003128,11.591682940208587,2.429345693336395,2.387843274243686,0.1918928688746044,0.5,22.956400003749877,0.0,,
20260704,30.0,4,18,deterministic_cartesian_local_refinement_plus_ls,-12.248251174229118,11.478158035172639,2.429345693336395,2.469157470191765,0.19248041092511065,0.75,430.2486999949906,3.5975969702259896,,
20260704,30.0,4,18,fixed_source_trained_scalar_interpolation_plus_ls,-14.742501558262397,11.518432553768873,2.429345693336395,2.4367729281110773,0.19222404968786905,0.5,389.6466000005603,6.091847354259269,,
20260704,30.0,4,18,tensor_nomp3d_known_order_v1,-69.81166136318484,0.0002332430572723454,0.0001012938113813227,0.00018684767725946313,8.803072563144536e-06,1.0,3703.3363999944413,61.16100715918171,17.0,0.006741309602538258
20260704,30.0,4,19,grid_fft_topk_plus_ls,-5.9920385671932594,0.14682994289585335,0.15945700792731893,0.23069771568239728,0.012353636271902307,1.0,23.632999989786185,0.0,,
20260704,30.0,4,19,deterministic_cartesian_local_refinement_plus_ls,-12.489367394162652,0.07440869335105581,0.08120276454726144,0.08875814573849963,0.00581280284563006,1.0,457.85990000877064,6.497328826969393,,
20260704,30.0,4,19,fixed_source_trained_scalar_interpolation_plus_ls,-12.27449547955825,0.07386238663714527,0.06789726980610787,0.09782049064967746,0.005261704181904546,1.0,436.13009998807684,6.282456912364991,,
20260704,30.0,4,19,tensor_nomp3d_known_order_v1,-70.60877261715008,7.314742968788613e-05,4.033604742668812e-05,4.146988868884642e-05,2.891621063228986e-06,1.0,3241.2578999937978,64.61673404995682,18.0,0.0036068593348631954
20260704,30.0,8,0,grid_fft_topk_plus_ls,-5.899089812050189,10.739700046227906,0.8219347182156662,6.097933581434183,0.21445771683449236,0.625,45.14410000410862,0.0,,
20260704,30.0,8,0,deterministic_cartesian_local_refinement_plus_ls,-11.934530536431867,10.73838075347485,0.8337521772685951,6.137898370443054,0.21574140540823394,0.75,830.506600002991,6.035440724381678,,
20260704,30.0,8,0,fixed_source_trained_scalar_interpolation_plus_ls,-12.325849719278189,10.738379100286899,0.8198391041440489,6.122548735256082,0.21510625269821035,0.75,707.0825999981025,6.426759907228,,
20260704,30.0,8,0,tensor_nomp3d_known_order_v1,-65.09426276983606,0.0003121096277800654,0.00015542964006533396,0.00024059545842049804,1.2523725253653323e-05,1.0,11527.69589998934,59.19517295778587,51.0,0.010859665214727351
20260704,30.0,8,1,grid_fft_topk_plus_ls,-4.98040738444747,13.08090012380615,0.9739935872205826,1.7024815826140218,0.13030713914328795,0.75,38.24660000100266,0.0,,
20260704,30.0,8,1,deterministic_cartesian_local_refinement_plus_ls,-12.160643190030822,13.21693375546116,1.0230514880386046,1.588983733072943,0.13121043046083178,0.75,788.5442999977386,7.180235805583352,,
20260704,30.0,8,1,fixed_source_trained_scalar_interpolation_plus_ls,-10.867552036561934,13.167776738134554,0.9992305672230558,1.627854870291673,0.13065585348357076,0.75,769.3239999935031,5.887144652114464,,
20260704,30.0,8,1,tensor_nomp3d_known_order_v1,-65.21922841209832,0.00022512183774061286,0.0002796767066416887,0.00014623055128519307,1.8152648771382003e-05,1.0,11419.387000001734,60.23882102765085,48.0,0.0059589751863096205
20260704,30.0,8,2,grid_fft_topk_plus_ls,-4.780214611477068,24.84075117663361,2.350786659537573,5.108097700828184,0.29108479460620573,0.625,41.67199999210425,0.0,,
20260704,30.0,8,2,deterministic_cartesian_local_refinement_plus_ls,-12.272149500740193,26.223989165205374,2.7069124090218026,4.358792637211204,0.2985800917503877,0.5,853.6492999992333,7.491934889263125,,
20260704,30.0,8,2,fixed_source_trained_scalar_interpolation_plus_ls,-10.420508997592268,26.227694883075728,2.6772365109743554,4.291716704482378,0.2965993165606918,0.5,782.6780000032159,5.6402943861152,,
20260704,30.0,8,2,tensor_nomp3d_known_order_v1,-65.16479750308905,0.0006933411160686037,0.00018730811715517382,0.00020303833746956505,1.4375238056562255e-05,1.0,11532.7183999907,60.38458289161198,47.0,0.0065348254592809485
20260704,30.0,8,3,grid_fft_topk_plus_ls,-5.155449695349871,22.385398387176416,2.486535021465887,5.191223640964065,0.2846999471619391,0.375,50.959700005478226,0.0,,
20260704,30.0,8,3,deterministic_cartesian_local_refinement_plus_ls,-12.151094836537347,22.47038567684354,2.632679455658357,5.225627553519671,0.29079057333625485,0.5,843.118200005847,6.995645141187476,,
20260704,30.0,8,3,fixed_source_trained_scalar_interpolation_plus_ls,-11.607914653539758,22.439569044909266,2.5770693621965775,5.212497179806932,0.2884599531184326,0.5,832.5552999885986,6.452464958189887,,
20260704,30.0,8,3,tensor_nomp3d_known_order_v1,-67.1292634590114,0.0002682479166415627,0.00019078631208587662,0.00016328664616051215,1.3138293319461922e-05,1.0,11713.70300000126,61.973813763661525,48.0,0.005748476131214377
20260704,30.0,8,4,grid_fft_topk_plus_ls,-7.2089686920684,9.743046939875645,2.5822923583866246,2.004434686975247,0.1891170606722737,0.5,38.53499999968335,0.0,,
20260704,30.0,8,4,deterministic_cartesian_local_refinement_plus_ls,-11.695338242384182,9.84747860101049,2.5610559728367455,2.0258727616030274,0.18854136183373726,0.625,846.164200003841,4.486369550315781,,
20260704,30.0,8,4,fixed_source_trained_scalar_interpolation_plus_ls,-12.198759506831557,9.809395905399017,2.567547688842824,2.0164197705433335,0.18866608422989753,0.625,903.1979999999749,4.989790814763157,,
20260704,30.0,8,4,tensor_nomp3d_known_order_v1,-66.70935741901334,0.00024094268995800776,0.000171230052491248,0.00017258468429373855,1.2130988091166426e-05,1.0,11546.312599995872,59.50038872694494,53.0,0.008256189626033871
20260704,30.0,8,5,grid_fft_topk_plus_ls,-4.961649594513899,13.867759695049715,1.5929100472318831,2.939019168246653,0.17345004397370634,0.625,46.0665999999037,0.0,,
20260704,30.0,8,5,deterministic_cartesian_local_refinement_plus_ls,-14.722489571274927,13.942073321174629,1.6067655945839192,2.9944962756336655,0.1752303971052943,0.75,872.708099996089,9.760839976761028,,
20260704,30.0,8,5,fixed_source_trained_scalar_interpolation_plus_ls,-11.805931669946794,13.91524735085767,1.5981815290412014,2.97303801638927,0.17443497973869004,0.75,850.559800004703,6.844282075432895,,
20260704,30.0,8,5,tensor_nomp3d_known_order_v1,-65.02864973870852,0.0002242012231835512,7.702413451337715e-05,0.00019956544762702628,8.070664099100819e-06,1.0,12044.494500005385,60.06700014419462,47.0,0.007652734959221102
20260704,30.0,8,6,grid_fft_topk_plus_ls,-5.052618646292033,6.172750866824742,1.847760039298188,0.16261528246895676,0.12525263809594755,0.625,57.7017000032356,0.0,,
20260704,30.0,8,6,deterministic_cartesian_local_refinement_plus_ls,-11.752821880429503,6.126071628493146,1.894505978968453,0.12347295976485989,0.12777163271241906,0.75,1012.9468999948585,6.7002032341374695,,
20260704,30.0,8,6,fixed_source_trained_scalar_interpolation_plus_ls,-9.802136799266117,6.1422353083300125,1.8736359055088194,0.1220314995143679,0.1266102480299413,0.75,986.9062999932794,4.749518152974084,,
20260704,30.0,8,6,tensor_nomp3d_known_order_v1,-64.36785277416328,0.00024969792792889345,0.00020222982550604832,0.00018190127659156724,1.3995412881088101e-05,1.0,12189.39909999608,59.31523412787125,51.0,0.005430728554525859
20260704,30.0,8,7,grid_fft_topk_plus_ls,-4.332996307074042,0.23048160520987915,0.21926422630817863,0.17224365017169865,0.014832897000339499,1.0,44.91090000374243,0.0,,
20260704,30.0,8,7,deterministic_cartesian_local_refinement_plus_ls,-13.487303134807773,0.1112600086320082,0.09966817336856884,0.24511492019700104,0.009911225957430216,0.875,885.3966000024229,9.15430682773373,,
20260704,30.0,8,7,fixed_source_trained_scalar_interpolation_plus_ls,-10.59383086701456,0.12382023419499787,0.09511189488289708,0.18613196424628128,0.008372924996957997,1.0,865.470099990489,6.260834559940518,,
20260704,30.0,8,7,tensor_nomp3d_known_order_v1,-49.44290316403175,0.002466344604430805,0.00025630065998040984,0.007166192479742079,0.0002253410029901109,1.0,12546.165399995516,45.10990685695771,63.0,0.01387587412673786
20260704,30.0,8,8,grid_fft_topk_plus_ls,-6.583558813218565,13.907730542492127,0.4829764063879341,3.3640927917175363,0.1541713158449119,0.5,39.66809999838006,0.0,,
20260704,30.0,8,8,deterministic_cartesian_local_refinement_plus_ls,-13.578926845204887,13.841092694591515,0.41999978586540304,3.3771223003270885,0.1533609303224164,0.625,804.4534000073327,6.995368031986321,,
20260704,30.0,8,8,fixed_source_trained_scalar_interpolation_plus_ls,-12.343625543728113,13.864833847875865,0.42516141845388056,3.371168296466068,0.15341944175777605,0.625,801.1925000027986,5.760066730509547,,
20260704,30.0,8,8,tensor_nomp3d_known_order_v1,-66.15463912933048,0.005272289075494846,0.0036563058926087954,0.04443055471413636,0.0014077373376970674,1.0,11831.232700002147,59.57108031611191,46.0,0.0030321143590499727
20260704,30.0,8,9,grid_fft_topk_plus_ls,-4.398914915659338,17.711422098087514,0.1910528110140548,4.628287300448908,0.20051922978019254,0.875,56.68599999626167,0.0,,
20260704,30.0,8,9,deterministic_cartesian_local_refinement_plus_ls,-14.341912872735312,17.869253987314416,0.20122402831039285,4.54389442392469,0.19952539109692677,0.875,980.1545000082115,9.942997957075974,,
20260704,30.0,8,9,fixed_source_trained_scalar_interpolation_plus_ls,-10.21308918733894,17.812489903812377,0.1823296211090982,4.573338743785414,0.19980142342564183,0.875,949.1776999930153,5.814174271679601,,
20260704,30.0,8,9,tensor_nomp3d_known_order_v1,-66.10633981670739,0.0001469307683680057,0.0001843763714913932,0.0001807898628458558,1.2885192060918452e-05,1.0,11840.479599995888,61.70742490104805,49.0,0.0073671944002356975
20260704,30.0,8,10,grid_fft_topk_plus_ls,-8.274041231755382,5.923439074193277,1.691415888185505,1.7398589201505048,0.12756587430984534,0.75,35.537599993404,0.0,,
20260704,30.0,8,10,deterministic_cartesian_local_refinement_plus_ls,-13.905655189601042,5.922359932369093,1.6850951220834633,1.7963557583760792,0.128000026666875,0.875,855.60660000192,5.63161395784566,,
20260704,30.0,8,10,fixed_source_trained_scalar_interpolation_plus_ls,-13.523457765878808,5.922377976018812,1.6856362212027256,1.7730533900685892,0.12771029020119945,0.75,910.6118999916362,5.2494165341234265,,
20260704,30.0,8,10,tensor_nomp3d_known_order_v1,-65.25348719893593,0.00017174195001833407,0.0002471487082092522,0.000473097663510289,2.1423801909693354e-05,1.0,12272.488400005386,56.979445967180546,48.0,0.0053785449092431
20260704,30.0,8,11,grid_fft_topk_plus_ls,-5.479012478220837,3.4515159723483,1.1788976374425848,2.7130172725025368,0.11551608652467191,0.75,45.368899998720735,0.0,,
20260704,30.0,8,11,deterministic_cartesian_local_refinement_plus_ls,-9.97482486909082,3.4465299726251066,1.2280436403098423,2.7116723173661557,0.11745985866878378,0.875,878.9823999977671,4.495812390869983,,
20260704,30.0,8,11,fixed_source_trained_scalar_interpolation_plus_ls,-9.348076281970162,3.447261474002417,1.2058593162908935,2.711081149092714,0.1165464696127312,0.875,849.9454999982845,3.8690638037493246,,
20260704,30.0,8,11,tensor_nomp3d_known_order_v1,-65.31085615468692,0.00012885549850802838,0.0001749144662802824,8.40806173254895e-05,1.1288457098160747e-05,1.0,12325.887300001341,59.83184367646608,57.0,0.0048908526737055195
20260704,30.0,8,12,grid_fft_topk_plus_ls,-4.5146054621940905,14.062923030378796,2.5538890431125973,4.358120716829476,0.23684732671563294,0.375,50.964900001417845,0.0,,
20260704,30.0,8,12,deterministic_cartesian_local_refinement_plus_ls,-13.565584166535405,17.15333851228056,1.5124226063827342,5.461898018381772,0.23670061276783036,0.75,876.9865000067512,9.050978704341315,,
20260704,30.0,8,12,fixed_source_trained_scalar_interpolation_plus_ls,-11.279486160585272,17.09006866004672,1.5121399730799605,5.4942388308945835,0.23714474344733333,0.75,857.5543000042671,6.764880698391181,,
20260704,30.0,8,12,tensor_nomp3d_known_order_v1,-64.50627686565143,0.00018935930863742728,0.00021211176610629005,0.0001127744364256902,1.379696305285916e-05,1.0,11923.86219999753,59.99167140345734,53.0,0.015680119445925213
20260704,30.0,8,13,grid_fft_topk_plus_ls,-5.170273406023002,10.136933021716635,2.47244563841398,3.8941132340196902,0.21203627207561038,0.75,47.732200007885695,0.0,,
20260704,30.0,8,13,deterministic_cartesian_local_refinement_plus_ls,-11.74039201506461,10.303459213295502,2.39813467661855,3.824984756600171,0.2079235783541012,0.75,903.2271000032779,6.570118609041609,,
20260704,30.0,8,13,fixed_source_trained_scalar_interpolation_plus_ls,-10.4466748696254,10.243359580363247,2.42320556648439,3.8485583642253363,0.20929803464334687,0.75,849.1322000045329,5.276401463602399,,
20260704,30.0,8,13,tensor_nomp3d_known_order_v1,-66.10386864405251,0.00010983366472612362,0.00012921568893325256,0.00020738203467659595,1.0390239654122562e-05,1.0,12086.792300004163,60.93359523802951,53.0,0.013983926310583823
20260704,30.0,8,14,grid_fft_topk_plus_ls,-5.516437446387476,8.79053468151296,1.5057252480133474,2.6342730282281903,0.14265144853108802,0.75,50.78770000545774,0.0,,
20260704,30.0,8,14,deterministic_cartesian_local_refinement_plus_ls,-13.299911789304616,8.776017052244118,1.5549343938717186,2.705470134212014,0.14592280182415263,0.75,909.8285000072792,7.78347434291714,,
20260704,30.0,8,14,fixed_source_trained_scalar_interpolation_plus_ls,-11.617665788872376,8.780638508979033,1.5351275908798854,2.679107571172165,0.14463994240049072,0.75,800.0642999977572,6.1012283424849,,
20260704,30.0,8,14,tensor_nomp3d_known_order_v1,-63.60870084357173,0.00016499248010577903,0.0001616951779918184,0.0001335500873529902,1.1009510961982034e-05,1.0,11793.281000005663,58.092263397184254,49.0,0.00932137020634943
20260704,30.0,8,15,grid_fft_topk_plus_ls,-6.147536750881336,25.935270486807426,2.187389360137101,3.551806008551259,0.26844806026455303,0.625,45.42039999796543,0.0,,
20260704,30.0,8,15,deterministic_cartesian_local_refinement_plus_ls,-12.173415807346927,25.93501731946933,2.1781531872335327,3.667259688707959,0.26966644084694835,0.625,921.7881000076886,6.025879056465591,,
20260704,30.0,8,15,fixed_source_trained_scalar_interpolation_plus_ls,-10.770396167182433,25.935023846103928,2.178128481100455,3.6243343369370113,0.26909836701134426,0.625,831.3374999997905,4.622859416301097,,
20260704,30.0,8,15,tensor_nomp3d_known_order_v1,-64.31285066305826,0.0003020501779940456,0.00031424828597384946,0.00017823943939444136,2.055098896747556e-05,1.0,11552.037200002815,58.16531391217692,48.0,0.005752914114571584
20260704,30.0,8,16,grid_fft_topk_plus_ls,-5.092723263107828,24.262487584904747,1.048315704575891,1.3186371613252112,0.20474459179233795,0.625,38.683799997670576,0.0,,
20260704,30.0,8,16,deterministic_cartesian_local_refinement_plus_ls,-14.103962232812137,24.156081628679345,1.2365782897648014,1.385717407995162,0.20847868708493286,0.75,705.2811000030488,9.011238969704308,,
20260704,30.0,8,16,fixed_source_trained_scalar_interpolation_plus_ls,-11.619835065919242,24.19402688091799,1.1633036290728582,1.3588695113025027,0.20692140063815503,0.75,820.0218999991193,6.5271118028114135,,
20260704,30.0,8,16,tensor_nomp3d_known_order_v1,-63.519497816275,0.0015298656468578557,0.0012981247052864275,0.0005494477863327524,8.378663161039948e-05,1.0,10404.174700001022,58.42677455316717,48.0,0.003332058596141493
20260704,30.0,8,17,grid_fft_topk_plus_ls,-8.303492612961973,19.413374581492317,2.2264600775698065,4.10794156109027,0.24258259369367174,0.625,38.1377000012435,0.0,,
20260704,30.0,8,17,deterministic_cartesian_local_refinement_plus_ls,-13.339446993341808,19.412544210250577,2.3120566952843364,4.10794156109027,0.24568649449451732,0.75,753.4473999985494,5.035954380379835,,
20260704,30.0,8,17,fixed_source_trained_scalar_interpolation_plus_ls,-13.493936253819571,19.412654231833375,2.2785856827560202,4.10794156109027,0.24446248283117586,0.75,730.3929999907268,5.190443640857598,,
20260704,30.0,8,17,tensor_nomp3d_known_order_v1,-65.66760771568327,0.0003397610760251026,0.000261216577806505,0.00017823242246019233,1.7453007435779474e-05,1.0,10263.56749999104,57.3641151027213,48.0,0.011177995307880426
20260704,30.0,8,18,grid_fft_topk_plus_ls,-3.8982354239303825,1.5516213445350073,1.1574386303115536,3.9511965462898377,0.14361774292535162,0.875,41.40450000704732,0.0,,
20260704,30.0,8,18,deterministic_cartesian_local_refinement_plus_ls,-12.144132981846866,1.4533978809401908,1.0666633482379413,4.1055141689533645,0.14502946973863473,0.875,755.3136000060476,8.245897557916484,,
20260704,30.0,8,18,fixed_source_trained_scalar_interpolation_plus_ls,-9.385073583870513,1.4844230816640276,1.0960553608255996,4.049315584553593,0.1443602049106286,0.875,825.5474000034155,5.486838159940131,,
20260704,30.0,8,18,tensor_nomp3d_known_order_v1,-65.56866744916361,0.00010738190032157407,0.00015046564235346915,9.917543753610285e-05,9.937111089979206e-06,1.0,11256.201900003362,61.67043202523323,51.0,0.009084262950718142
20260704,30.0,8,19,grid_fft_topk_plus_ls,-6.668846512017204,18.32412182407205,1.5150153583287258,3.2101766694278746,0.19880541786297273,0.75,41.224300002795644,0.0,,
20260704,30.0,8,19,deterministic_cartesian_local_refinement_plus_ls,-12.570841596492278,18.306038394712733,1.562136080797353,3.3173320388976157,0.20182325309790572,0.75,851.141799998004,5.9019950844750735,,
20260704,30.0,8,19,fixed_source_trained_scalar_interpolation_plus_ls,-11.854917895024816,18.312356907387937,1.543073379054016,3.2778114250560306,0.20065140626400707,0.75,800.0088999979198,5.1860713830076115,,
20260704,30.0,8,19,tensor_nomp3d_known_order_v1,-64.04325591088197,0.00017615051837120322,0.00024423201532858583,0.0002614056253892967,1.7367504089308874e-05,1.0,11244.91080000007,57.37440939886476,48.0,0.006373346835286441
