user_index,sample_index,snr_db,l_value,grid_channel_nmse_db,source_alpha_channel_nmse_db,source_alpha_gain_vs_grid_db,bounded_refine_channel_nmse_db,bounded_gain_vs_grid_db,oracle_alpha_channel_nmse_db,oracle_alpha_gain_vs_grid_db,source_alpha_gap_vs_oracle_db,oracle_alpha,support_recall,dominant_energy_recall,delay_bin_rmse,tx_bin_rmse,noise_variance,rx_x_m,rx_y_m,rx_z_m
1247.0,0.0,0.0,4.0,-1.1339661322393741,-1.1712162822388592,0.03725014999948506,-1.1814990645755385,0.0475329323361644,-1.1898267454912972,0.05586061325192304,0.01861046325243798,1.2,0.75,0.23372967611563336,1.5,1.224744871391589,1.0,274.62298583984375,298.3710021972656,2.0
4991.0,1.0,0.0,4.0,-2.3427649548623335,-4.8826295327761144,2.539864577913781,-5.005931038897609,2.6631660840352755,-5.126859121974597,2.7840941671122637,0.2442295891984827,0.8,1.0,0.42417433906896973,0.0,0.0,1.0000000000000002,263.2229919433594,302.5710144042969,2.0
9983.0,2.0,0.0,4.0,-1.8662698308512893,-2.715555458245932,0.8492856273946428,-2.746587222110337,0.8803173912590478,-2.7682922166979624,0.9020223858466732,0.05273675845203041,0.8,1.0,0.36262111364234817,0.0,0.0,1.0,248.0229949951172,308.1709899902344,2.0
18719.0,3.0,0.0,4.0,-3.0127556495974757,-3.343490499007942,0.3307348494104665,-3.3634549189218954,0.35069926932441975,-3.3637363283623185,0.35098067876484285,0.020245829354376355,1.2,0.75,0.5087502601712939,0.0,1.224744871391589,0.9999999999999999,257.62298583984375,317.77099609375,2.0
19967.0,4.0,0.0,4.0,-3.0929411872298473,-4.14259244878455,1.0496512615547022,-4.090252295106104,0.9973111078762571,-4.175974470733787,1.0830332835039398,0.03338202194923756,0.8,1.0,0.5134606427576167,0.0,0.0,1.0,253.822998046875,319.1709899902344,2.0
33694.0,5.0,0.0,4.0,-2.1609932191813046,-6.237942312974427,4.0769490937931225,-6.795320609579921,4.634327390398616,-6.9594459499948504,4.798452730813546,0.7215036370204233,0.8,1.0,0.3978452249888679,0.0,0.0,1.0000000000000004,248.0229949951172,334.3710021972656,2.0
44926.0,6.0,0.0,4.0,-1.446831430220523,-2.094559222977436,0.647727792756913,-2.1518208253248425,0.7049893951043196,-2.1518208253248425,0.7049893951043196,0.057261602347406626,1.0,0.75,0.2878936639621277,1.5,1.5,1.0,250.0229949951172,346.77099609375,2.0
46173.0,7.0,0.0,4.0,-2.575507754716048,-3.2322014400348835,0.6566936853188357,-3.5019279226271376,0.9264201679110897,-3.545697382358981,0.9701896276429332,0.3134959423240975,1.2,0.75,0.4488898493435619,0.0,0.5,0.9999999999999999,246.0229949951172,348.1709899902344,2.0
51165.0,8.0,0.0,4.0,-3.8156406024087417,-6.172960318734939,2.357319716326197,-6.557571107977993,2.7419305055692513,-6.557571107977993,2.7419305055692513,0.38461078924305436,1.0,1.0,0.5970070207800247,0.0,0.0,1.0000000000000002,267.02301025390625,353.5710144042969,2.0
57405.0,9.0,0.0,4.0,-2.9496789047400993,-3.9585732310659183,1.008894326325819,-3.923225993721315,0.9735470889812157,-3.9970391621602697,1.0473602574201704,0.03846593109435137,0.8,1.0,0.5024332013158427,0.0,0.0,1.0000000000000002,248.0229949951172,360.5710144042969,2.0
64893.0,10.0,0.0,4.0,-4.443223619893123,-6.29762390809678,1.8544002882036565,-5.148411864915747,0.7051882450226241,-6.334869549836189,1.8916459299430661,0.037245641739409585,0.6,1.0,0.6464064185410365,0.0,0.0,1.0000000000000002,261.4230041503906,368.77099609375,2.0
66141.0,11.0,0.0,4.0,-4.240056716363296,-6.070341920542982,1.8302852041796864,-5.898598723024615,1.6585420066613192,-6.095795346103461,1.8557386297401655,0.025453425560479026,0.8,0.75,0.6300624777729629,0.0,1.224744871391589,1.0,257.62298583984375,370.1709899902344,2.0
72380.0,12.0,0.0,4.0,-2.140323208355674,-3.7587735279290335,1.6184503195733595,-3.982835035799427,1.842511827443753,-3.982835035799427,1.842511827443753,0.22406150787039358,1.0,1.0,0.3920858035094716,0.0,0.0,1.0,274.62298583984375,376.97100830078125,2.0
73628.0,13.0,0.0,4.0,-2.3888019334280557,-4.522903370899383,2.134101437471327,-4.853632491230745,2.4648305578026894,-4.853632491230745,2.4648305578026894,0.3307291203313625,1.0,1.0,0.42855665985872854,0.0,0.0,1.0000000000000002,270.822998046875,378.3710021972656,2.0
77372.0,14.0,0.0,4.0,-3.719019717560346,-6.957159087422707,3.238139369862361,-8.21980029719241,4.500780579632064,-8.289256605801778,4.570236888241432,1.3320975183790713,1.2,1.0,0.5923873712682067,0.0,0.0,1.0,259.4230041503906,382.5710144042969,2.0
78620.0,15.0,0.0,4.0,-2.221184458900515,-4.678218094758328,2.4570336358578126,-5.2057735375911784,2.9845890786906635,-5.2057735375911784,2.9845890786906635,0.5275554428328508,1.0,1.0,0.4044154002940594,0.0,0.0,1.0000000000000002,255.6230010986328,383.97100830078125,2.0
79868.0,16.0,0.0,4.0,-1.6964586028592967,-3.3212267164491656,1.6247681135898688,-3.770280611990163,2.0738220091308666,-3.770280611990163,2.0738220091308666,0.4490538955409975,1.0,0.75,0.32888879528344234,0.5,1.0,1.0000000000000002,251.822998046875,385.3710021972656,2.0
87356.0,17.0,0.0,4.0,-2.743585541668459,-5.67769757633111,2.9341120346626512,-6.691698022655876,3.948112480987417,-6.691698022655876,3.948112480987417,1.0140004463247658,1.0,1.0,0.47271002022943687,0.0,0.0,1.0,265.2229919433594,393.5710144042969,2.0
88604.0,18.0,0.0,4.0,-2.7778734975628967,-7.620428852801387,4.84255535523849,-7.273860368043143,4.495986870480246,-8.03811750675606,5.260244009193164,0.4176886539546736,0.8,1.0,0.48136235286758455,0.0,0.0,0.9999999999999998,261.4230041503906,394.97100830078125,2.0
93595.0,19.0,0.0,4.0,-1.1544843361916937,-2.2153226215450346,1.060838285353341,-2.619610841001516,1.4651265048098225,-2.7427623685125857,1.588278032320892,0.5274397469675511,1.2,0.75,0.24550893428929288,0.5,0.0,1.0,246.0229949951172,400.5710144042969,2.0
94843.0,20.0,0.0,4.0,-1.1644770402069866,-1.5142633922083657,0.3497863520013791,-2.083984619977939,0.9195075797709522,-2.096508403918934,0.9320313637119473,0.5822450117105682,1.2,0.5,0.24817339664573104,0.5,0.7071067811865476,1.0,278.4230041503906,401.77099609375,2.0
97339.0,21.0,0.0,4.0,-3.094318712816097,-5.383919115483428,2.2896004026673307,-6.089970761037202,2.995652048221105,-6.169244474584859,3.074925761768762,0.7853253591014315,1.2,1.0,0.5121772950859061,0.0,0.0,0.9999999999999998,270.822998046875,404.5710144042969,2.0
106075.0,22.0,0.0,4.0,-1.8750263673402545,-1.880790095965211,0.0057637286249565545,-1.8316448556572664,-0.043381511682988094,-1.9035955254545467,0.02856915811429217,0.022805429489335616,0.2,0.75,0.3626752631083266,0.5,1.0,0.9999999999999998,244.22300720214844,414.3710021972656,2.0
109819.0,23.0,0.0,4.0,-2.7401640262626086,-3.9799176088950725,1.239753582632464,-3.8042545155554257,1.0640904892928171,-4.000491247897628,1.2603272216350194,0.02057363900255549,0.8,0.75,0.4726761777485278,0.5,0.5,1.0000000000000004,269.02301025390625,418.3710021972656,2.0
111067.0,24.0,0.0,4.0,-5.023286272435054,-7.606426331064256,2.583140058629202,-7.0212708608777845,1.9979845884427307,-7.56447968734709,2.541193414912036,-0.041946643717166054,0.6,1.0,0.7028226154565121,0.0,0.0,1.0,265.2229919433594,419.77099609375,2.0
114810.0,25.0,0.0,4.0,-2.7492005673207087,-4.195369293618168,1.4461687262974596,-4.522034565527222,1.7728339982065133,-4.522034565527222,1.7728339982065133,0.3266652719090537,1.0,0.75,0.47380799971279564,0.5,1.5,1.0,253.6230010986328,423.97100830078125,2.0
126042.0,26.0,0.0,4.0,-1.632407725910148,-4.525764547814554,2.8933568219044066,-6.06325196886761,4.430844242957463,-6.06325196886761,4.430844242957463,1.537487421053056,1.0,0.75,0.3322655387940599,0.5,0.5,0.9999999999999999,255.6230010986328,436.3710021972656,2.0
127290.0,27.0,0.0,4.0,-1.816686542313393,-3.9748461518236393,2.158159609510246,-4.03219590824065,2.2155093659272573,-4.055209339866917,2.2385227975535242,0.08036318804327802,0.8,0.75,0.34633116806239056,0.5,0.0,1.0,251.822998046875,437.77099609375,2.0
134778.0,28.0,0.0,4.0,-1.9529943978513733,-3.0209686192358647,1.0679742213844914,-3.3497326850604385,1.3967382872090652,-3.383257799330393,1.4302634014790196,0.36228918009452826,1.2,0.75,0.3744922830669557,0.0,0.5,1.0,265.2229919433594,445.97100830078125,2.0
136025.0,29.0,0.0,4.0,-2.1205900154719473,-3.258265397901128,1.1376753824291805,-3.2941017540351867,1.1735117385632394,-3.305567705941601,1.1849776904696538,0.047302308040473307,0.8,0.75,0.3990237490215512,0.5,1.0,1.0,261.2229919433594,447.3710021972656,2.0
138521.0,30.0,0.0,4.0,-1.752995638313204,-2.752965444541806,0.9999698062286022,-2.9717111578048607,1.2187155194916568,-2.9717111578048607,1.2187155194916568,0.2187457132630546,1.0,0.5,0.34419322326873864,0.7071067811865476,1.8708286933869707,0.9999999999999998,253.6230010986328,450.1709899902344,2.0
139769.0,31.0,0.0,4.0,-3.3488855444742565,-4.0015952715504515,0.652709727076195,-4.0137453422511165,0.66485979777686,-4.026779173570377,0.6778936290961206,0.025183902019925597,0.8,1.0,0.5435213977259111,0.0,0.0,1.0000000000000004,249.822998046875,451.5710144042969,2.0
143513.0,32.0,0.0,4.0,-2.3301091648272894,-2.3298510472027085,-0.00025811762458083365,-2.2276137458743035,-0.10249541895298586,-2.3301091648272942,4.884981308350689e-15,0.00025811762458571863,0.0,1.0,0.4173558322542483,0.0,0.0,1.0,274.62298583984375,455.5710144042969,2.0
154745.0,33.0,0.0,4.0,-2.8047697413629895,-2.6542507664363506,-0.1505189749266389,-2.5263191773108757,-0.27845056405211377,-2.804769741362976,-1.3322676295501878e-14,0.15051897492662558,0.0,1.0,0.47706392903283784,0.0,0.0,0.9999999999999998,276.62298583984375,467.97100830078125,2.0
157241.0,34.0,0.0,4.0,-3.6754285681158345,-3.518328868500368,-0.15709969961546655,-3.2991883627127883,-0.37624020540304626,-3.715280330104085,0.039851761988250356,0.1969514616037169,0.2,1.0,0.5764998288539697,0.0,0.0,1.0000000000000002,269.02301025390625,470.77099609375,2.0
162232.0,35.0,0.0,4.0,-2.2411509392610305,-2.8196278974453275,0.578476958184297,-3.002453499110728,0.7613025598496974,-3.011351408099772,0.7702004688387416,0.1917235106544446,1.2,1.0,0.4119912912896409,0.0,0.0,0.9999999999999999,253.6230010986328,476.3710021972656,2.0
174712.0,36.0,0.0,4.0,-1.6128105100481027,-2.4045466624976313,0.7917361524495286,-2.371317424167289,0.7585069141191865,-2.416495793330254,0.8036852832821515,0.011949130832622945,0.8,0.75,0.3117447289851829,1.118033988749895,0.0,1.0,251.822998046875,490.1709899902344,2.0
178456.0,37.0,0.0,4.0,-1.4837009311160183,-2.2251812792573507,0.7414803481413323,-2.3308104369310803,0.847109505815062,-2.3308104369310803,0.847109505815062,0.1056291576737296,1.0,0.5,0.2913762067020284,0.0,1.224744871391589,1.0,276.62298583984375,494.1709899902344,2.0
179704.0,38.0,0.0,4.0,-1.1736516200329008,-2.1161551794129925,0.9425035593800917,-2.5537770779389897,1.3801254579060889,-2.648859765036475,1.4752081450035741,0.5327045856234824,1.2,0.75,0.24466002616595964,0.7071067811865476,1.4142135623730951,1.0,272.822998046875,495.5710144042969,2.0
180952.0,39.0,0.0,4.0,-1.2012026102036346,-1.7349417062258392,0.5337390960222046,-1.6038368668099383,0.4026342566063037,-1.740513173809239,0.5393105636056044,0.0055714675833997696,0.6,0.75,0.24509356428695397,0.0,1.0,0.9999999999999998,269.02301025390625,496.97100830078125,2.0
183447.0,40.0,0.0,4.0,-2.4174407943557337,-2.683589237088472,0.2661484427327383,-2.776931211124249,0.35949041676851534,-2.791263238395623,0.3738224440398894,0.1076740013071511,1.2,1.0,0.4359712897031161,0.0,0.0,1.0000000000000002,261.2229919433594,499.77099609375,2.0
189687.0,41.0,0.0,4.0,-0.8855117901422735,-1.274031696105209,0.3885199059629354,-1.4556859961088555,0.570174205966582,-1.5039578746556734,0.6184460845133999,0.2299261785504645,1.2,0.5,0.19634195368150503,0.5,1.3228756555322954,1.0,278.4230041503906,506.5710144042969,2.0
200919.0,42.0,0.0,4.0,-2.6374888842744406,-2.5765522849827245,-0.06093659929171613,-2.398628678920294,-0.23886020535414643,-2.6761618539105907,0.03867296963615008,0.09960956892786621,0.2,0.75,0.46209185192852487,0.0,1.0,0.9999999999999999,244.22300720214844,519.1710205078125,2.0
204662.0,43.0,0.0,4.0,-2.099866290103298,-2.8827396115049657,0.7828733214016679,-2.8037000863184396,0.7038337962151417,-2.880402323256737,0.7805360331534392,-0.0023372882482286528,0.6,0.75,0.3952114074200317,0.0,1.0,0.9999999999999999,268.822998046875,523.1710205078125,2.0
213398.0,44.0,0.0,4.0,-2.6025941009279623,-3.5980998383054,0.9955057373774379,-3.479332134795721,0.8767380338677588,-3.6069745857004136,1.0043804847724513,0.008874747395013483,0.6,1.0,0.45310827594985437,0.0,0.0,0.9999999999999998,278.4230041503906,532.77099609375,2.0
215894.0,45.0,0.0,4.0,-1.3479102417977593,-2.490159950583924,1.1422497087861645,-2.5329230066852126,1.1850127648874533,-2.5751260631612363,1.227215821363477,0.08496611257731246,0.8,0.5,0.2724707026216873,0.5,1.8027756377319946,0.9999999999999998,270.822998046875,535.5709838867188,2.0
227125.0,46.0,0.0,4.0,-1.361016738964278,-2.2213588832471047,0.8603421442828267,-2.5553999818433804,1.1943832428791024,-2.5581085002801136,1.1970917613158356,0.3367496170330089,1.2,0.75,0.27613994632347116,1.0,0.5,1.0,272.62298583984375,547.9710083007812,2.0
230869.0,47.0,0.0,4.0,-1.8219958232375495,-1.9615713897391054,0.1395755665015559,-1.8417355692697472,0.019739746032197747,-2.0021365086472906,0.18014068540974115,0.04056511890818526,0.4,0.75,0.3593575797449998,1.0,1.4142135623730951,1.0,261.2229919433594,552.1710205078125,2.0
232117.0,48.0,0.0,4.0,-2.189685677078962,-2.4672806258017603,0.2775949487227982,-2.4415001159534064,0.2518144388744443,-2.465071938087445,0.27538626100848296,-0.0022086877143152606,0.6,0.75,0.40253091386517625,0.0,0.5,1.0,257.4230041503906,553.5709838867188,2.0
244597.0,49.0,0.0,4.0,-3.5568858233698766,-3.821498511035179,0.26461268766530255,-3.8220994807523527,0.26521365738247615,-3.841191172734604,0.2843053493647276,0.019692661699425074,0.8,1.0,0.5686597537932778,0.0,0.0,1.0,255.6230010986328,567.3709716796875,2.0
248341.0,50.0,0.0,4.0,-1.5662879851887623,-2.09926446115869,0.5329764759699278,-2.0156489797970547,0.4493609946082924,-2.1014282685003156,0.5351402833115533,0.0021638073416254677,0.8,0.75,0.31240702607345283,0.7071067811865476,1.118033988749895,1.0,244.22300720214844,571.5709838867188,2.0
252084.0,51.0,0.0,4.0,-1.684053897920736,-1.7376523296776205,0.0535984317568845,-1.7298841796170474,0.045830281696311426,-1.7382312315602602,0.05417733363952415,0.0005789018826396486,0.6,0.75,0.32899410377253585,0.5,1.0,0.9999999999999998,268.822998046875,575.5709838867188,2.0
255828.0,52.0,0.0,4.0,-2.91486750002278,-4.148946080175806,1.2340785801530259,-3.945029565067974,1.030162065045194,-4.151032500025083,1.2361650000023032,0.0020864198492773767,0.8,1.0,0.49470862575508845,0.0,0.0,1.0,257.4230041503906,579.77099609375,2.0
259572.0,53.0,0.0,4.0,-1.540484280163995,-2.2946030030764426,0.7541187229124475,-2.6329618423852788,1.0924775622212837,-2.7483922820507005,1.2079080018867054,0.4537892789742579,1.2,0.75,0.3098073482463096,0.0,1.224744871391589,1.0,246.0229949951172,583.9710083007812,2.0
260820.0,54.0,0.0,4.0,-1.6842625219289027,-1.3574272204350268,-0.32683530149387585,-1.2521467387295881,-0.43211578319931454,-1.684262521928904,1.3322676295501878e-15,0.3268353014938772,0.0,0.5,0.32882700218723054,0.0,0.7071067811865476,1.0,278.4230041503906,585.1710205078125,2.0
264564.0,55.0,0.0,4.0,-1.678060523409328,-1.9742830502221431,0.29622252681281513,-2.023358652151518,0.3452981287421901,-2.0611142210840514,0.3830536976747234,0.08683117086190828,1.2,0.75,0.3293700033675973,0.5,0.0,1.0000000000000002,267.02301025390625,589.3709716796875,2.0
269556.0,56.0,0.0,4.0,-1.294320719277176,-2.079389659140353,0.7850689398631769,-2.2031295424181394,0.9088088231409635,-2.2031295424181394,0.9088088231409635,0.12373988327778651,1.0,0.75,0.26358378821621614,0.5,1.4142135623730951,1.0000000000000004,251.822998046875,594.9710083007812,2.0
270804.0,57.0,0.0,4.0,-1.382959446308145,-1.9454997335419395,0.5625402872337946,-1.9409921057527098,0.5580326594445648,-1.9761961712134348,0.5932367249052899,0.030696437671495325,0.8,0.5,0.28911004653170613,0.7071067811865476,0.8660254037844386,1.0,248.0229949951172,596.3709716796875,2.0
272051.0,58.0,0.0,4.0,-1.6491921190154943,-2.042037715847302,0.39284559683180764,-2.282980463429705,0.6337883444142107,-2.428384284763613,0.7791921657481187,0.38634656891631103,1.2,0.75,0.3251373410004885,0.5,1.5,1.0,244.0229949951172,597.77099609375,2.0
273299.0,59.0,0.0,4.0,-1.5743339415239244,-1.9698961474576322,0.39556220593370783,-1.9573512746218755,0.38301733309795116,-1.9717453293673415,0.3974113878434171,0.0018491819097092854,0.8,0.75,0.31489583336212207,0.7071067811865476,1.224744871391589,1.0,276.4230041503906,598.9710083007812,2.0
279539.0,60.0,0.0,4.0,-3.529568592336554,-3.9342347309597274,0.4046661386231736,-3.711197768124328,0.18162917578777416,-3.939680996671826,0.4101124043352722,0.005446265712098608,0.6,1.0,0.5592518654261905,0.0,0.0,1.0000000000000002,257.4230041503906,605.9710083007812,2.0
285779.0,61.0,0.0,4.0,-3.674482658849753,-4.2356638079192,0.5611811490694469,-4.288142306205506,0.6136596473557532,-4.288142306205506,0.6136596473557532,0.05247849828630624,1.0,1.0,0.5764991105747752,0.0,0.0,1.0,274.62298583984375,612.77099609375,2.0
287027.0,62.0,0.0,4.0,-4.3447364783608,-4.565684677044748,0.22094819868394833,-4.344553439988708,-0.00018303837209199258,-4.588222826716583,0.2434863483557832,0.022538149671834873,0.4,1.0,0.6366224286443163,0.0,0.0,1.0000000000000002,270.822998046875,614.1710205078125,2.0
304498.0,63.0,0.0,4.0,-3.7980164554379314,-4.92476441396446,1.1267479585265283,-5.038323177218958,1.2403067217810264,-5.038323177218958,1.2403067217810264,0.1135587632544981,1.0,1.0,0.5876288158453101,0.0,0.0,1.0000000000000002,253.6230010986328,633.5709838867188,2.0
311986.0,64.0,0.0,4.0,-2.2923763123477925,-2.445823791121426,0.15344747877363352,-2.319776207171299,0.027399894823506354,-2.451830919843454,0.15945460749566154,0.006007128722028021,0.6,1.0,0.4167947318165541,0.0,0.0,1.0,267.02301025390625,641.77099609375,2.0
316977.0,65.0,0.0,4.0,-1.2557850046843209,-1.4149715895095907,0.15918658482526982,-1.6046260758315936,0.3488410711472727,-1.7527823197692602,0.4969973150849394,0.33781073025966957,1.2,0.5,0.27337541379095714,0.5,0.7071067811865476,1.0000000000000002,251.6230010986328,647.3709716796875,2.0
319473.0,66.0,0.0,4.0,-2.1186646249697922,-3.7091734353312096,1.5905088103614173,-4.386980284231291,2.268315659261499,-4.569846514805804,2.451181889836012,0.8606730794745947,1.2,1.0,0.3955254439256922,0.0,0.0,1.0,244.0229949951172,650.1710205078125,2.0
323217.0,67.0,0.0,4.0,-2.5575737590233594,-4.6722152951719504,2.114641536148591,-4.953028521896349,2.3954547628729896,-4.953028521896349,2.3954547628729896,0.28081322672439857,1.0,1.0,0.45351181281170994,0.0,0.0,1.0,268.822998046875,654.1710205078125,2.0
336945.0,68.0,0.0,4.0,-2.5061880247472668,-3.4475438772115203,0.9413558524642536,-3.451216319393504,0.9450282946462374,-3.501745785428134,0.9955577606808674,0.05420190821661386,0.8,0.75,0.4470356087654038,0.0,0.8660254037844386,1.0,263.2229919433594,669.3709716796875,2.0
340688.0,69.0,0.0,4.0,-4.198693304487788,-4.70386535108857,0.5051720466007819,-4.717702283450094,0.5190089789623054,-4.7199967694485,0.5213034649607113,0.016131418359929484,0.8,1.0,0.6245824019368356,0.0,0.0,1.0000000000000002,251.6230010986328,673.5709838867188,2.0
353168.0,70.0,0.0,4.0,-1.8624912033693186,-3.21109747541817,1.3486062720488512,-3.7566771830943435,1.894185979725025,-4.071739324645164,2.2092481212758455,0.8606418492269943,1.2,0.75,0.35402002216847295,0.5,0.0,0.9999999999999998,249.822998046875,687.3709716796875,2.0
355664.0,71.0,0.0,4.0,-2.056237412740918,-2.2639429633695656,0.20770555062864737,-2.4018643449617416,0.3456269322208234,-2.4644461770808017,0.4082087643398835,0.20050321371123614,1.2,1.0,0.3811845781972316,0.0,0.0,1.0,278.4230041503906,689.9710083007812,2.0
359408.0,72.0,0.0,4.0,-1.8347232609776718,-3.265462044204284,1.4307387832266123,-3.0583612404424807,1.223637979464809,-3.27933796342083,1.4446147024431584,0.013875919216546073,0.8,0.75,0.35384843894524876,1.0,1.3228756555322954,1.0,267.02301025390625,694.1710205078125,2.0
361904.0,73.0,0.0,4.0,-2.080811345926753,-3.3937645678055492,1.312953221878796,-3.741377999633038,1.6605666537062849,-3.769882507272879,1.689071161346126,0.37611793946732996,1.2,0.75,0.3857316256268238,0.0,1.0,1.0,259.4230041503906,696.9710083007812,2.0
363151.0,74.0,0.0,4.0,-1.6752966462346768,-2.074412424713052,0.3991157784783752,-2.097931784089557,0.42263513785488005,-2.10592493772666,0.430628291491983,0.0315125130136078,0.8,0.5,0.3320982806512312,0.0,1.118033988749895,0.9999999999999998,255.42300415039062,698.3709716796875,2.0
365647.0,75.0,0.0,4.0,-1.7151674366223002,-3.487728177111016,1.7725607404887156,-3.753403732856121,2.038236296233821,-3.753403732856121,2.038236296233821,0.2656755557451054,1.0,1.0,0.3371035088453778,0.0,0.0,1.0000000000000002,247.822998046875,701.1710205078125,2.0
370639.0,76.0,0.0,4.0,-1.6584149746471128,-2.535007290839546,0.8765923161924332,-2.526989844448853,0.8685748698017401,-2.578443636213963,0.92002866156685,0.043436345374416874,0.8,0.75,0.31790043094288395,0.5,0.7071067811865476,0.9999999999999998,268.822998046875,706.5709838867188,2.0
383119.0,77.0,0.0,4.0,-2.9795551890755845,-3.9670997710244578,0.9875445819488733,-3.9747338486369053,0.9951786595613208,-4.017222072376639,1.0376668833010547,0.05012230135218143,0.8,0.75,0.5091601280726765,0.0,1.0,0.9999999999999998,267.02301025390625,720.3709716796875,2.0
395598.0,78.0,0.0,4.0,-1.8840814670332966,-2.5745434480736558,0.6904619810403592,-2.645350621544686,0.7612691545113894,-2.645350621544686,0.7612691545113894,0.07080717347103027,1.0,1.0,0.3560409486701272,0.0,0.0,1.0,265.02301025390625,734.1710205078125,2.0
403086.0,79.0,0.0,4.0,-1.2859138745404146,-1.7677910281228493,0.48187715358243466,-1.7841249916271271,0.4982111170867125,-1.7936819948731932,0.5077681203327786,0.02589096675034397,0.8,0.5,0.2651416334394205,0.7071067811865476,0.7071067811865476,1.0000000000000004,278.4230041503906,742.3709716796875,2.0
408077.0,80.0,0.0,4.0,-1.2544045020509318,-2.2519636906555225,0.9975591886045907,-2.451145692013191,1.1967411899622593,-2.451145692013191,1.1967411899622593,0.19918200135766861,1.0,1.0,0.2632291483741,0.0,0.0,1.0,263.02301025390625,747.9710083007812,2.0
410573.0,81.0,0.0,4.0,-1.9095865628946893,-3.8474414755040294,1.93785491260934,-4.060706692726966,2.151120129832277,-4.07377612816059,2.164189565265901,0.22633465265656083,0.8,1.0,0.35980850168986594,0.0,0.0,0.9999999999999998,255.42300415039062,750.77099609375,2.0
411821.0,82.0,0.0,4.0,-1.7820226548261262,-2.3962579964862467,0.6142353416601205,-2.481431297439978,0.6994086426138519,-2.481431297439978,0.6994086426138519,0.08517330095373143,1.0,0.75,0.33991411469537514,0.0,0.8660254037844386,1.0,251.6230010986328,752.1710205078125,2.0
416813.0,83.0,0.0,4.0,-1.5721108293050867,-1.8932358616062763,0.3211250323011896,-1.9356981952200656,0.36358736591497887,-1.9356981952200656,0.36358736591497887,0.04246233361378926,1.0,1.0,0.31007150861204813,0.0,0.0,1.0,272.62298583984375,757.5709838867188,2.0
418061.0,84.0,0.0,4.0,-2.213573074804554,-2.6766915507800677,0.4631184759755138,-2.6172885979861777,0.40371552318162385,-2.6749951777987575,0.4614221029942036,-0.0016963729813102013,0.8,1.0,0.4044604001167491,0.0,0.0,1.0,268.822998046875,758.9710083007812,2.0
419309.0,85.0,0.0,4.0,-3.9985409445604487,-5.302096968058922,1.3035560234984729,-5.645963671113378,1.6474227265529295,-5.760504197819002,1.7619632532585534,0.4584072297600805,1.2,1.0,0.6099732459140266,0.0,0.0,0.9999999999999999,265.02301025390625,760.3709716796875,2.0
420557.0,86.0,0.0,4.0,-1.7689656049342521,-1.730391216536979,-0.03857438839727312,-1.7623197479504733,-0.006645856983778842,-1.8474595383185277,0.07849393338427557,0.11706832178154869,1.2,0.75,0.3427933888622802,1.0,0.0,1.0,261.2229919433594,761.77099609375,2.0
423053.0,87.0,0.0,4.0,-5.047026095242908,-4.944221926733941,-0.10280416850896668,-4.873722285649065,-0.1733038095938424,-5.047026095242913,5.329070518200751e-15,0.102804168508972,0.0,0.75,0.6992088126389537,0.0,1.0,0.9999999999999998,253.6230010986328,764.5709838867188,2.0
428045.0,88.0,0.0,4.0,-1.4527531633194086,-1.8004950755789426,0.347741912259534,-1.8341557815523184,0.3814026182329098,-1.8341557815523184,0.3814026182329098,0.03366070597337578,1.0,0.75,0.2886282893604744,1.0,0.5,1.0,274.62298583984375,769.9710083007812,2.0
444268.0,89.0,0.0,4.0,-2.3144933226555207,-5.402663017014237,3.088169694358716,-5.956708320952922,3.6422149982974013,-5.956708320952922,3.6422149982974013,0.5540453039386852,1.0,1.0,0.42457665050733406,0.0,0.0,1.0000000000000002,261.2229919433594,787.9710083007812,2.0
445516.0,90.0,0.0,4.0,-1.2024290930073964,-2.536999588491018,1.3345704954836215,-3.024503126515104,1.8220740335077075,-3.138619657013128,1.9361905640057318,0.6016200685221103,1.2,0.5,0.25199807204510594,0.8660254037844386,1.224744871391589,0.9999999999999998,257.4230041503906,789.3709716796875,2.0
450508.0,91.0,0.0,4.0,-1.0912776597021847,-1.4427045205385327,0.351426860836348,-1.4565232106499963,0.36524555094781164,-1.4626786720798322,0.37140101237764744,0.019974151541299445,0.8,0.75,0.2247519452635357,0.5,0.0,0.9999999999999997,278.4230041503906,794.77099609375,2.0
455499.0,92.0,0.0,4.0,-4.0303010321417245,-4.684959068813858,0.6546580366721333,-4.296767836225295,0.2664668040835707,-4.7010070713684575,0.670706039226733,0.016048002554599705,0.6,0.75,0.6131312316162427,0.0,1.0,1.0000000000000002,263.02301025390625,800.3709716796875,2.0
456747.0,93.0,0.0,4.0,-2.9798665263313797,-3.0093610821527808,0.029494555821401036,-2.819736302878046,-0.16013022345333372,-3.0607697499718824,0.08090322364050273,0.051408667819101694,0.4,1.0,0.49905831775534365,0.0,0.0,1.0,259.2229919433594,801.77099609375,2.0
459243.0,94.0,0.0,4.0,-1.4630538914793219,-1.629525328108881,0.1664714366295592,-1.6046897747405175,0.1416358832611957,-1.6295808484255958,0.16652695694627395,5.5520316714741114e-05,0.6,1.0,0.2907030849706236,0.0,0.0,1.0000000000000002,251.6230010986328,804.5709838867188,2.0
469227.0,95.0,0.0,4.0,-2.899749088025681,-3.9965901615496966,1.0968410735240157,-4.209089601614272,1.309340513588591,-4.209089601614272,1.309340513588591,0.21249944006457522,1.0,1.0,0.4927654969332879,0.0,0.0,0.9999999999999998,257.4230041503906,815.5709838867188,2.0
485450.0,96.0,0.0,4.0,-3.073517795231306,-3.844933290072981,0.7714154948416749,-3.7425866595453305,0.6690688643140246,-3.8391732027795022,0.7656554075481963,-0.005760087293478655,0.8,1.0,0.5145453965706158,0.0,0.0,1.0,244.0229949951172,833.5709838867188,2.0
486698.0,97.0,0.0,4.0,-1.139394476565351,-1.4460423611416906,0.3066478845763396,-1.481695130411718,0.3423006538463671,-1.4914349161284552,0.35204043956310427,0.045392554986764644,1.2,1.0,0.23869814786911314,0.0,0.0,0.9999999999999999,276.4230041503906,834.77099609375,2.0
487946.0,98.0,0.0,4.0,-1.429555533661556,-1.6584742003206556,0.22891866665909966,-1.6588820231591357,0.22932648949757972,-1.6679822959537303,0.2384267622921743,0.009508095633074642,0.8,1.0,0.29236293054410856,0.0,0.0,0.9999999999999999,272.62298583984375,836.1710205078125,2.0
495434.0,99.0,0.0,4.0,-3.2287486629174156,-2.987635187455371,-0.24111347546204476,-2.8456794825855125,-0.38306918033190307,-3.2287486629174182,2.6645352591003757e-15,0.24111347546204742,0.0,1.0,0.5349424790389504,0.0,0.0,0.9999999999999999,249.822998046875,844.5709838867188,2.0
1247.0,0.0,0.0,8.0,-1.702553281936914,-2.018910182450633,0.3163569005137188,-2.128880914943942,0.42632763300702803,-2.1634516085211066,0.4608983265841926,0.14454142607047382,1.2,0.625,0.3480719221089859,1.2747548783981961,0.6123724356957945,1.0,274.62298583984375,298.3710021972656,2.0
4991.0,1.0,0.0,8.0,-3.4831230301037452,-5.939680205102347,2.4565571749986015,-5.8576387305998745,2.3745157004961293,-6.047659158952144,2.564536128848399,0.1079789538497975,0.8,0.875,0.5720101199971626,0.7071067811865476,0.3535533905932738,1.0000000000000002,263.2229919433594,302.5710144042969,2.0
9983.0,2.0,0.0,8.0,-2.841654594149561,-3.73536828984155,0.8937136956919893,-3.7999613642215238,0.958306770071963,-3.7999613642215238,0.958306770071963,0.06459307437997364,1.0,0.75,0.5011983253517619,0.0,1.0,1.0,248.0229949951172,308.1709899902344,2.0
18719.0,3.0,0.0,8.0,-6.542408993720713,-6.542408993720704,-8.881784197001252e-15,-6.542408993720702,-1.0658141036401503e-14,-6.542408993720715,1.7763568394002505e-15,1.0658141036401503e-14,1.2,1.0,0.799568695977436,0.0,0.0,0.9999999999999999,257.62298583984375,317.77099609375,2.0
19967.0,4.0,0.0,8.0,-4.757143215206629,-4.978885540895213,0.22174232568858443,-4.949504646050892,0.19236143084426338,-4.977693600057885,0.220550384851256,-0.0011919408373284313,0.6,1.0,0.6759954935144109,0.0,0.0,1.0,253.822998046875,319.1709899902344,2.0
33694.0,5.0,0.0,8.0,-3.80699305084499,-7.190556280150612,3.383563229305622,-7.381997224811272,3.575004173966282,-7.478309809904906,3.6713167590599163,0.28775352975429414,0.8,0.875,0.5933063893296581,0.7905694150420949,0.3535533905932738,1.0000000000000004,248.0229949951172,334.3710021972656,2.0
44926.0,6.0,0.0,8.0,-2.436838256294524,-3.9835086796495185,1.5466704233549944,-4.135106218440024,1.6982679621454997,-4.135106218440024,1.6982679621454997,0.1515975387905053,1.0,0.75,0.44347454188425606,0.8660254037844386,0.8660254037844386,1.0,250.0229949951172,346.77099609375,2.0
46173.0,7.0,0.0,8.0,-8.250634317697184,-10.344114124581036,2.0934798068838525,-9.53402066673581,1.2833863490386257,-10.330550988469913,2.079916670772729,-0.013563136111123697,0.6,1.0,0.8574858885267792,0.0,0.0,0.9999999999999999,246.0229949951172,348.1709899902344,2.0
51165.0,8.0,0.0,8.0,-6.092944149719825,-7.702345902756749,1.6094017530369236,-7.861922597746958,1.7689784480271324,-7.861922597746958,1.7689784480271324,0.15957669499020888,1.0,1.0,0.7772334449121208,0.0,0.0,1.0000000000000002,267.02301025390625,353.5710144042969,2.0
57405.0,9.0,0.0,8.0,-4.157133560378055,-4.438100845259007,0.28096728488095213,-4.46292556210382,0.3057920017257647,-4.46292556210382,0.3057920017257647,0.024824716844812578,1.0,0.75,0.6382495464882576,0.5,0.7905694150420949,1.0000000000000002,248.0229949951172,360.5710144042969,2.0
64893.0,10.0,0.0,8.0,-10.756810147794445,-10.756810147794376,-6.927791673660977e-14,-10.756810147794369,-7.638334409421077e-14,-10.75681014779438,-6.572520305780927e-14,3.552713678800501e-15,1.2,1.0,0.9258932449152258,0.0,0.0,1.0000000000000002,261.4230041503906,368.77099609375,2.0
66141.0,11.0,0.0,8.0,-7.003727668545897,-7.956033156988375,0.9523054884424775,-7.068972624633401,0.06524495608750325,-7.97756261429603,0.9738349457501325,0.021529457307654987,0.6,0.875,0.8209260711142101,0.0,0.7071067811865476,1.0,257.62298583984375,370.1709899902344,2.0
72380.0,12.0,0.0,8.0,-2.9900112777135543,-4.3320331540843116,1.3420218763707572,-4.648448859174784,1.6584375814612295,-4.739058344408704,1.7490470666951499,0.40702519032439266,1.2,0.625,0.5253718591676275,1.118033988749895,0.6123724356957945,1.0,274.62298583984375,376.97100830078125,2.0
73628.0,13.0,0.0,8.0,-3.5966472328099903,-5.180603936642662,1.5839567038326714,-5.555660065235309,1.9590128324253189,-5.683317265088244,2.086670032278254,0.5027133284455827,1.2,0.875,0.5774235680235554,0.0,0.7071067811865476,1.0000000000000002,270.822998046875,378.3710021972656,2.0
77372.0,14.0,0.0,8.0,-5.527763364536943,-8.40856176854134,2.8807984040043966,-9.241490018854575,3.7137266543176324,-9.325615262240996,3.797851897704053,0.9170534936996564,1.2,0.875,0.7456265729905958,0.5,0.6123724356957945,1.0,259.4230041503906,382.5710144042969,2.0
78620.0,15.0,0.0,8.0,-3.222541727066087,-5.574860979704461,2.352319252638374,-6.125174108793746,2.902632381727659,-6.233853888697352,3.011312161631265,0.6589929089928912,1.2,0.75,0.5387625241071351,0.3535533905932738,0.9354143466934853,1.0000000000000002,255.6230010986328,383.97100830078125,2.0
79868.0,16.0,0.0,8.0,-3.2037936160414726,-5.832353049078931,2.628559433037458,-6.374005937874142,3.1702123218326697,-6.374005937874142,3.1702123218326697,0.5416528887952117,1.0,0.75,0.5396065020411425,0.3535533905932738,0.7905694150420949,1.0000000000000002,251.822998046875,385.3710021972656,2.0
87356.0,17.0,0.0,8.0,-4.16185483004021,-7.023045484189822,2.8611906541496124,-7.569790393243192,3.407935563202982,-7.739286937609889,3.5774321075696793,0.716241453420067,1.2,0.875,0.6353937280128772,0.7905694150420949,0.7905694150420949,1.0,265.2229919433594,393.5710144042969,2.0
88604.0,18.0,0.0,8.0,-4.272752471477368,-9.059028710852582,4.786276239375214,-9.068659876881457,4.795907405404089,-9.416660172261636,5.143907700784268,0.35763146140905455,0.8,0.875,0.6413931693923126,0.3535533905932738,0.3535533905932738,0.9999999999999998,261.4230041503906,394.97100830078125,2.0
93595.0,19.0,0.0,8.0,-2.570796141072265,-3.3690548592005354,0.7982587181282703,-3.641719555218956,1.0709234141466908,-3.641719555218956,1.0709234141466908,0.27266469601842047,1.0,0.75,0.4612969005735308,0.3535533905932738,0.8660254037844386,1.0,246.0229949951172,400.5710144042969,2.0
94843.0,20.0,0.0,8.0,-2.768377438851072,-4.594295230771352,1.82591779192028,-5.22638227939321,2.458004840542138,-5.22638227939321,2.458004840542138,0.6320870486218579,1.0,0.75,0.488447141197537,0.3535533905932738,0.8660254037844386,1.0,278.4230041503906,401.77099609375,2.0
97339.0,21.0,0.0,8.0,-4.080190828430883,-6.126737839991163,2.04654701156028,-6.658274637856161,2.5780838094252783,-6.825900894235888,2.745710065805005,0.6991630542447247,1.2,0.625,0.6356374704188343,0.3535533905932738,0.8660254037844386,0.9999999999999998,270.822998046875,404.5710144042969,2.0
106075.0,22.0,0.0,8.0,-4.421964664897667,-4.847298355076806,0.4253336901791389,-4.753470101559442,0.3315054366617751,-4.856284708694487,0.43432004379682,0.008986353617681075,0.6,0.875,0.6568069792568306,0.0,0.8660254037844386,0.9999999999999998,244.22300720214844,414.3710021972656,2.0
109819.0,23.0,0.0,8.0,-5.433732866958154,-5.790775386015298,0.3570425190571438,-5.202983336857732,-0.23074953010042254,-5.994316743578133,0.5605838766199787,0.20354135756283487,0.4,0.875,0.7264951195465039,0.0,0.7905694150420949,1.0000000000000004,269.02301025390625,418.3710021972656,2.0
111067.0,24.0,0.0,8.0,-7.9333017075065335,-8.029560902111355,0.09625919460482102,-8.049658301854116,0.11635659434758239,-8.051117342049809,0.11781563454327504,0.02155643993845402,1.2,0.875,0.8662582488079558,1.7677669529663689,0.5,1.0,265.2229919433594,419.77099609375,2.0
114810.0,25.0,0.0,8.0,-5.703329021293348,-6.775964882212303,1.0726358609189557,-6.305103723972474,0.6017747026791262,-6.902783815103652,1.199454793810304,0.12681893289134827,0.4,0.875,0.7433934540229962,0.5,0.6123724356957945,1.0,253.6230010986328,423.97100830078125,2.0
126042.0,26.0,0.0,8.0,-3.649812403323476,-7.441905462681454,3.7920930593579785,-7.775579345813574,4.125766942490098,-7.775579345813574,4.125766942490098,0.33367388313211954,1.0,1.0,0.5886681530402691,0.0,0.0,0.9999999999999999,255.6230010986328,436.3710021972656,2.0
127290.0,27.0,0.0,8.0,-3.111253209856926,-6.048231472642248,2.9369782627853223,-6.158910127305608,3.0476569174486823,-6.191782576378425,3.080529366521499,0.14355110373617652,0.8,0.75,0.5239850931323548,0.8660254037844386,0.7071067811865476,1.0,251.822998046875,437.77099609375,2.0
134778.0,28.0,0.0,8.0,-3.3999037219468913,-4.707261818427347,1.3073580964804559,-4.648565158759001,1.2486614368121098,-4.771609029816421,1.3717053078695298,0.06434721138907395,0.8,0.875,0.5659285811214279,0.0,1.0,1.0,265.2229919433594,445.97100830078125,2.0
136025.0,29.0,0.0,8.0,-4.159541596811368,-5.224348889604124,1.0648072927927554,-4.9544669861612745,0.7949253893499062,-5.2896825631725815,1.1301409663612132,0.06533367356845776,0.4,1.0,0.6328467809579952,0.0,0.0,1.0,261.2229919433594,447.3710021972656,2.0
138521.0,30.0,0.0,8.0,-4.118089136549141,-4.507860086577118,0.3897709500279767,-4.574810793515908,0.45672165696676714,-4.777806589411203,0.6597174528620622,0.2699465028340855,1.2,0.875,0.6326324869424205,0.3535533905932738,0.0,0.9999999999999998,253.6230010986328,450.1709899902344,2.0
139769.0,31.0,0.0,8.0,-6.451424792154464,-8.104639739599293,1.6532149474448286,-7.345765169855069,0.8943403777006047,-8.1218943305224,1.6704695383679358,0.017254590923107216,0.6,0.875,0.787387680594187,0.3535533905932738,0.6123724356957945,1.0000000000000004,249.822998046875,451.5710144042969,2.0
143513.0,32.0,0.0,8.0,-4.367629346503719,-3.331549707865162,-1.0360796386385571,-3.0458930767236616,-1.3217362697800574,-4.367629346503723,3.552713678800501e-15,1.0360796386385607,0.0,0.875,0.6447286545119695,0.3535533905932738,0.3535533905932738,1.0,274.62298583984375,455.5710144042969,2.0
154745.0,33.0,0.0,8.0,-4.440389127212977,-4.853685138903851,0.41329601169087393,-4.605326049185826,0.16493692197284915,-4.864811611141536,0.4244224839285593,0.01112647223768537,0.6,0.875,0.6524024973778162,0.3535533905932738,0.5,0.9999999999999998,276.62298583984375,467.97100830078125,2.0
157241.0,34.0,0.0,8.0,-5.473256860150793,-5.542187502615876,0.06893064246508285,-5.29678979857795,-0.17646706157284342,-5.611953462601505,0.13869660245071191,0.06976595998562907,0.4,0.875,0.7315099480792978,0.3535533905932738,0.7071067811865476,1.0000000000000002,269.02301025390625,470.77099609375,2.0
162232.0,35.0,0.0,8.0,-3.7813743470337795,-4.880784882642523,1.0994105356087434,-4.927044911473574,1.1456705644397949,-4.964252042355849,1.1828776953220692,0.08346715971332586,0.8,1.0,0.5957439271706847,0.0,0.0,0.9999999999999999,253.6230010986328,476.3710021972656,2.0
174712.0,36.0,0.0,8.0,-2.8830752481042166,-4.8311840612141435,1.948108813109927,-5.222806036006928,2.339730787902712,-5.222806036006928,2.339730787902712,0.39162197479278493,1.0,0.75,0.4911332773747278,0.7905694150420949,0.8660254037844386,1.0,251.822998046875,490.1709899902344,2.0
178456.0,37.0,0.0,8.0,-3.419966649501384,-4.334232558759736,0.9142659092583525,-3.8881052067631625,0.46813855726177867,-4.349291897128102,0.9293252476267178,0.01505933836836526,0.6,0.875,0.549242271155454,0.3535533905932738,0.5,1.0,276.62298583984375,494.1709899902344,2.0
179704.0,38.0,0.0,8.0,-2.1527432590605806,-3.972484449142861,1.8197411900822802,-4.175938814397791,2.0231955553372107,-4.367027361342371,2.2142841022817907,0.39454291219951054,1.2,0.625,0.41109520041125114,0.7905694150420949,0.7905694150420949,1.0,272.822998046875,495.5710144042969,2.0
180952.0,39.0,0.0,8.0,-2.289897865608996,-3.466404904916152,1.1765070393071562,-3.855310245484071,1.5654123798750752,-3.881295488738127,1.5913976231291311,0.41489058382197497,1.2,0.875,0.4175725936900594,0.3535533905932738,0.8660254037844386,0.9999999999999998,269.02301025390625,496.97100830078125,2.0
183447.0,40.0,0.0,8.0,-4.046329684009475,-3.9182455528712445,-0.12808413113823036,-3.7469873898567316,-0.29934229415274327,-4.075947447408492,0.029617763399016894,0.15770189453724726,0.2,0.875,0.6232086978719377,0.3535533905932738,0.7071067811865476,1.0000000000000002,261.2229919433594,499.77099609375,2.0
189687.0,41.0,0.0,8.0,-1.6788809622060832,-2.741054291495264,1.0621733292891808,-2.8192399712045906,1.1403590089985074,-2.8192399712045906,1.1403590089985074,0.07818567970932655,1.0,0.5,0.34194200303803335,0.6123724356957945,0.6123724356957945,1.0,278.4230041503906,506.5710144042969,2.0
200919.0,42.0,0.0,8.0,-4.681893362850152,-4.976171207482289,0.2942778446321368,-4.90794666378334,0.22605330093318798,-4.9784482133556125,0.29655485050546027,0.0022770058733234677,0.6,0.875,0.673701062164259,0.3535533905932738,0.5,0.9999999999999999,244.22300720214844,519.1710205078125,2.0
204662.0,43.0,0.0,8.0,-3.9621511592781484,-4.381212605177242,0.4190614458990938,-4.269067090539006,0.3069159312608578,-4.4806225811015645,0.5184714218234161,0.09940997592432232,0.4,0.875,0.6194866991614684,0.0,0.5,0.9999999999999999,268.822998046875,523.1710205078125,2.0
213398.0,44.0,0.0,8.0,-4.452362137597084,-5.3089770387153745,0.8566149011182906,-4.9826630834070675,0.5303009458099837,-5.428057721525704,0.9756955839286201,0.11908068281032946,0.4,0.875,0.6491590297360226,0.3535533905932738,0.0,0.9999999999999998,278.4230041503906,532.77099609375,2.0
215894.0,45.0,0.0,8.0,-2.915881635609501,-4.295353511629924,1.3794718760204225,-4.249488569729271,1.33360693411977,-4.350425697874166,1.4345440622646648,0.05507218624424226,0.8,0.75,0.4981675958416368,0.3535533905932738,0.8660254037844386,0.9999999999999998,270.822998046875,535.5709838867188,2.0
227125.0,46.0,0.0,8.0,-2.698419114263863,-3.4739929312724582,0.7755738170085951,-3.772486035402384,1.0740669211385208,-3.9186275966936615,1.2202084824297983,0.4446346654212032,1.2,0.75,0.47661535915808695,0.5,0.9354143466934853,1.0,272.62298583984375,547.9710083007812,2.0
230869.0,47.0,0.0,8.0,-3.612574241535493,-4.293254820884755,0.6806805793492621,-4.089773770152055,0.47719952861656223,-4.302120269896561,0.6895460283610677,0.008865449011805637,0.6,0.75,0.5869744790191433,0.7905694150420949,0.9354143466934853,1.0,261.2229919433594,552.1710205078125,2.0
232117.0,48.0,0.0,8.0,-3.7328623892753643,-4.112669238765763,0.3798068494903988,-3.675604224357945,-0.05725816491741931,-4.187656750457339,0.45479436118197514,0.07498751169157636,0.4,0.75,0.5920183880566741,0.7071067811865476,0.3535533905932738,1.0,257.4230041503906,553.5709838867188,2.0
244597.0,49.0,0.0,8.0,-7.164144902865129,-7.770946578148614,0.606801675283485,-7.6645680897634625,0.5004231868983338,-7.772596546035659,0.6084516431705307,0.0016499678870456336,0.6,0.875,0.8220924220366216,0.5,0.5,1.0,255.6230010986328,567.3709716796875,2.0
248341.0,50.0,0.0,8.0,-2.5215714410063397,-3.795665115912563,1.2740936749062235,-3.522844322502858,1.0012728814965182,-3.7759409928411065,1.2543695518347668,-0.019724123071456656,0.6,0.75,0.46137451869262447,0.0,0.6123724356957945,1.0,244.22300720214844,571.5709838867188,2.0
252084.0,51.0,0.0,8.0,-3.383196941834612,-2.99579309027519,-0.38740385155942203,-2.8755390757155226,-0.5076578661190894,-3.3831969418345924,-1.9539925233402755e-14,0.3874038515594025,0.0,0.875,0.5537689563961236,0.3535533905932738,0.3535533905932738,0.9999999999999998,268.822998046875,575.5709838867188,2.0
255828.0,52.0,0.0,8.0,-4.272239905586156,-5.834400989147326,1.5621610835611701,-5.778777997121486,1.5065380915353295,-5.9029093001521105,1.6306693945659543,0.06850831100478416,0.8,0.75,0.6457547918437065,0.6123724356957945,0.5,1.0,257.4230041503906,579.77099609375,2.0
259572.0,53.0,0.0,8.0,-3.581150741295114,-6.990460607896594,3.4093098666014803,-7.515407113653412,3.934256372358298,-7.515407113653412,3.934256372358298,0.5249465057568177,1.0,1.0,0.5858059005731051,0.0,0.0,1.0,246.0229949951172,583.9710083007812,2.0
260820.0,54.0,0.0,8.0,-4.512252733162504,-7.802989745917076,3.2907370127545716,-6.711935130823297,2.1996823976607924,-7.721929214812651,3.2096764816501464,-0.08106053110442524,0.6,1.0,0.6652226544511327,0.0,0.0,1.0,278.4230041503906,585.1710205078125,2.0
264564.0,55.0,0.0,8.0,-2.6984934733428503,-3.938423772039128,1.2399302986962777,-4.2235756763727785,1.5250822030299283,-4.2235756763727785,1.5250822030299283,0.28515190433365056,1.0,0.625,0.4840756178601101,0.7905694150420949,0.7071067811865476,1.0000000000000002,267.02301025390625,589.3709716796875,2.0
269556.0,56.0,0.0,8.0,-2.697203680943287,-3.802216671985863,1.1050129910425759,-4.220708587581947,1.5235049066386597,-4.220708587581947,1.5235049066386597,0.4184919155960838,1.0,0.875,0.47651593836010253,0.5,0.5,1.0000000000000004,251.822998046875,594.9710083007812,2.0
270804.0,57.0,0.0,8.0,-3.19312570015365,-4.573220900232797,1.3800952000791469,-4.154736748577506,0.9616110484238565,-4.57195063259017,1.3788249324365198,-0.0012702676426270543,0.6,0.875,0.5446418853010895,0.0,0.3535533905932738,1.0,248.0229949951172,596.3709716796875,2.0
272051.0,58.0,0.0,8.0,-3.475235394846303,-5.165436507096156,1.690201112249853,-5.327176336853307,1.8519409420070039,-5.327176336853307,1.8519409420070039,0.16173982975715084,1.0,0.75,0.563721518393874,0.3535533905932738,0.7071067811865476,1.0,244.0229949951172,597.77099609375,2.0
273299.0,59.0,0.0,8.0,-2.9448967178633216,-4.074033564018062,1.12913684615474,-3.093348174652795,0.14845145678947347,-4.1306317091440246,1.185734991280703,0.05659814512596295,0.6,0.875,0.5132444229694294,0.3535533905932738,0.5,1.0,276.4230041503906,598.9710083007812,2.0
279539.0,60.0,0.0,8.0,-4.390785333472803,-4.8549009272576,0.46411559378479694,-4.5995114616685955,0.20872612819579217,-4.867664114546037,0.4768787810732338,0.01276318728843684,0.6,0.875,0.6430639536793169,0.5,0.5,1.0000000000000002,257.4230041503906,605.9710083007812,2.0
285779.0,61.0,0.0,8.0,-5.450094764460766,-6.027368482529583,0.5772737180688168,-6.07852324486567,0.6284284804049038,-6.07852324486567,0.6284284804049038,0.05115476233608707,1.0,0.75,0.7276580095656311,0.5,0.7071067811865476,1.0,274.62298583984375,612.77099609375,2.0
287027.0,62.0,0.0,8.0,-6.008060843926151,-6.022351866044927,0.014291022118776198,-6.031146607746676,0.023085763820525074,-6.033970961480751,0.025910117554600376,0.011619095435824178,0.8,0.875,0.7657207192009025,1.4142135623730951,0.5,1.0000000000000002,270.822998046875,614.1710205078125,2.0
304498.0,63.0,0.0,8.0,-5.476530951775642,-6.657219423672575,1.180688471896933,-6.743057311977013,1.2665263602013717,-6.755005949099974,1.2784749973243326,0.09778652542739952,0.8,0.75,0.7332219990168087,0.5,0.3535533905932738,1.0000000000000002,253.6230010986328,633.5709838867188,2.0
311986.0,64.0,0.0,8.0,-3.830878112197058,-5.341135477961964,1.5102573657649057,-5.7442370588171565,1.9133589466200984,-5.960578606159031,2.1297004939619733,0.6194431281970676,1.2,0.875,0.5978678209989144,0.3535533905932738,0.0,1.0,267.02301025390625,641.77099609375,2.0
316977.0,65.0,0.0,8.0,-2.5818518718577375,-3.556798993310075,0.9749471214523378,-3.600281769205022,1.0184298973472847,-3.600281769205022,1.0184298973472847,0.04348277589494698,1.0,0.875,0.4771854131250611,0.0,0.5,1.0000000000000002,251.6230010986328,647.3709716796875,2.0
319473.0,66.0,0.0,8.0,-5.81069975220723,-9.417303275583409,3.6066035233761786,-10.542519116987386,4.731819364780155,-10.542519116987386,4.731819364780155,1.1252158414039766,1.0,1.0,0.7537471393857043,0.0,0.0,1.0,244.0229949951172,650.1710205078125,2.0
323217.0,67.0,0.0,8.0,-4.036434608547184,-6.8245812200736005,2.7881466115264164,-7.665856116379862,3.629421507832678,-7.8922253536705975,3.8557907451234135,1.067644133596997,1.2,0.875,0.6216312804514189,0.0,0.6123724356957945,1.0,268.822998046875,654.1710205078125,2.0
336945.0,68.0,0.0,8.0,-4.853512768283895,-5.918758451970128,1.065245683686233,-5.757203006028861,0.9036902377449652,-5.911423066165349,1.0579102978814534,-0.007335385804779548,0.8,0.875,0.694357719434578,0.3535533905932738,0.6123724356957945,1.0,263.2229919433594,669.3709716796875,2.0
340688.0,69.0,0.0,8.0,-6.838088836629783,-6.710533034504604,-0.1275558021251788,-6.461753277958227,-0.3763355586715562,-6.934012957154537,0.09592412052475385,0.22347992264993266,0.2,1.0,0.8066091102898649,0.0,0.0,1.0000000000000002,251.6230010986328,673.5709838867188,2.0
353168.0,70.0,0.0,8.0,-3.2544190731967975,-5.292582241000884,2.038163167804086,-5.534999240893415,2.280580167696618,-5.561001608403205,2.3065825352064078,0.26841936740232164,1.2,0.875,0.5425959795313047,0.3535533905932738,0.7071067811865476,0.9999999999999998,249.822998046875,687.3709716796875,2.0
355664.0,71.0,0.0,8.0,-4.420742081831362,-4.550919356568878,0.13017727473751606,-4.452104340405109,0.03136225857374697,-4.548060102176685,0.12731802034532347,-0.0028592543921925895,0.8,1.0,0.6506624573930576,0.0,0.0,1.0,278.4230041503906,689.9710083007812,2.0
359408.0,72.0,0.0,8.0,-3.101435054760838,-4.659307433556432,1.5578723787955937,-4.282711649455063,1.181276594694225,-4.6458209846722855,1.5443859299114475,-0.013486448884146185,0.6,0.75,0.5313414175202511,0.7905694150420949,0.5,1.0,267.02301025390625,694.1710205078125,2.0
361904.0,73.0,0.0,8.0,-3.6993614099908183,-5.358888700901362,1.6595272909105439,-5.488029756435973,1.7886683464451543,-5.50447802047937,1.8051166104885517,0.1455893195780078,0.8,1.0,0.5865820425327993,0.0,0.0,1.0,259.4230041503906,696.9710083007812,2.0
363151.0,74.0,0.0,8.0,-3.9691031435655773,-5.428442581909014,1.4593394383434366,-5.189761709272156,1.2206585657065792,-5.428314555273687,1.4592114117081096,-0.00012802663532696101,0.8,0.875,0.6191715562232083,0.3535533905932738,0.3535533905932738,0.9999999999999998,255.42300415039062,698.3709716796875,2.0
365647.0,75.0,0.0,8.0,-3.1325526759139355,-3.9797019056509555,0.84714922973702,-4.17312166914611,1.0405689932321747,-4.322146712449921,1.1895940365359858,0.34244480679896583,1.2,0.75,0.5297480226910556,0.5,0.5,1.0000000000000002,247.822998046875,701.1710205078125,2.0
370639.0,76.0,0.0,8.0,-2.9954567994130405,-3.0097369891031907,0.014280189690150102,-2.7461599913630113,-0.2492968080500293,-3.1978637703720825,0.20240697095904192,0.18812678126889182,0.2,0.875,0.5071588729035093,0.3535533905932738,0.3535533905932738,0.9999999999999998,268.822998046875,706.5709838867188,2.0
383119.0,77.0,0.0,8.0,-4.804114288790075,-5.020657983402349,0.21654369461227407,-4.900139189351387,0.09602490056131252,-5.021344158622863,0.21722986983278858,0.0006861752205145066,0.6,0.875,0.703387815342257,0.3535533905932738,0.3535533905932738,0.9999999999999998,267.02301025390625,720.3709716796875,2.0
395598.0,78.0,0.0,8.0,-3.1547080951678925,-4.450114153635538,1.2954060584676457,-4.470300408244871,1.3155923130769782,-4.534995458481318,1.3802873633134256,0.08488130484577994,0.8,0.75,0.5303431641650485,0.7071067811865476,1.0606601717798212,1.0,265.02301025390625,734.1710205078125,2.0
403086.0,79.0,0.0,8.0,-2.9805178654943933,-3.2648155154817315,0.2842976499873382,-2.9394619192648586,-0.04105594622953479,-3.370227070891861,0.3897092053974678,0.10541155541012959,0.4,0.875,0.5090923904714358,0.7071067811865476,0.0,1.0000000000000004,278.4230041503906,742.3709716796875,2.0
408077.0,80.0,0.0,8.0,-2.0234694203997527,-3.230555684439316,1.2070862640395634,-3.464987055766557,1.4415176353668042,-3.464987055766557,1.4415176353668042,0.2344313713272408,1.0,0.625,0.39294306552241953,0.5,1.3228756555322954,1.0,263.02301025390625,747.9710083007812,2.0
410573.0,81.0,0.0,8.0,-3.0169242175193633,-4.8754797920610775,1.8585555745417142,-5.0680141582921845,2.051089940772821,-5.0680141582921845,2.051089940772821,0.19253436623110698,1.0,0.75,0.5067750129970189,0.3535533905932738,0.9354143466934853,0.9999999999999998,255.42300415039062,750.77099609375,2.0
411821.0,82.0,0.0,8.0,-3.2631259310627323,-4.107893552879557,0.8447676218168247,-4.0948893778630175,0.8317634468002852,-4.136554407943725,0.873428476880993,0.028660855064168267,0.8,0.875,0.536360015471261,0.3535533905932738,0.7071067811865476,1.0,251.6230010986328,752.1710205078125,2.0
416813.0,83.0,0.0,8.0,-1.96181133030805,-2.808514788189474,0.8467034578814239,-3.024548327466227,1.0627369971581768,-3.032900504725966,1.071089174417916,0.2243857165364922,1.2,0.625,0.3924177354358441,3.0413812651491097,1.0606601717798212,1.0,272.62298583984375,757.5709838867188,2.0
418061.0,84.0,0.0,8.0,-3.0424349693311714,-3.457422284211411,0.41498731488023965,-3.3472643247311957,0.3048293554000243,-3.457438130923862,0.4150031615926908,1.5846712451139666e-05,0.6,0.75,0.5142786266639768,1.0,0.7905694150420949,1.0,268.822998046875,758.9710083007812,2.0
419309.0,85.0,0.0,8.0,-5.813259846194172,-5.9584239501353595,0.1451641039411875,-5.9375416982646385,0.12428185207046649,-5.973725502069857,0.16046565587568473,0.015301551934497226,0.4,0.875,0.7752250290464688,8.131727983645296,1.0606601717798212,0.9999999999999999,265.02301025390625,760.3709716796875,2.0
420557.0,86.0,0.0,8.0,-3.5326332117355017,-3.8669718242670497,0.33433861253154795,-3.9324644677966876,0.39983125606118586,-3.9324644677966876,0.39983125606118586,0.0654926435296379,1.0,0.875,0.5729469528494247,0.0,0.7071067811865476,1.0,261.2229919433594,761.77099609375,2.0
423053.0,87.0,0.0,8.0,-8.051395130896795,-7.97346857945235,-0.07792655144444538,-7.947375792974606,-0.10401933792218898,-8.051395130896804,8.881784197001252e-15,0.07792655144445426,0.0,0.875,0.8656648376107738,1.0606601717798212,0.7071067811865476,0.9999999999999998,253.6230010986328,764.5709838867188,2.0
428045.0,88.0,0.0,8.0,-2.837103405849341,-3.743530123649335,0.9064267177999938,-3.7766487552147017,0.9395453493653605,-3.795819408978405,0.958716003129064,0.05228928532907018,0.8,1.0,0.4878548005627339,0.0,0.0,1.0,274.62298583984375,769.9710083007812,2.0
444268.0,89.0,0.0,8.0,-4.0952767465818605,-7.540046086029518,3.4447693394476575,-7.673768346798381,3.5784916002165206,-7.798718014185743,3.703441267603883,0.2586719281562253,0.8,0.875,0.6288076038754477,0.0,0.3535533905932738,1.0000000000000002,261.2229919433594,787.9710083007812,2.0
445516.0,90.0,0.0,8.0,-2.3776834433357297,-3.961141599601232,1.5834581562655021,-4.509100392547275,2.131416949211545,-4.595370396519667,2.217686953183937,0.634228796918435,1.2,0.875,0.4343172193915914,0.0,0.3535533905932738,0.9999999999999998,257.4230041503906,789.3709716796875,2.0
450508.0,91.0,0.0,8.0,-2.2098142331271116,-3.103918459731183,0.8941042266040715,-3.3180197240709886,1.108205490943877,-3.3547278432220615,1.14491361009495,0.25080938349087845,1.2,0.875,0.4125871062485569,0.7071067811865476,0.3535533905932738,0.9999999999999997,278.4230041503906,794.77099609375,2.0
455499.0,92.0,0.0,8.0,-7.032817152325862,-6.684166279143988,-0.3486508731818736,-6.396446703265479,-0.636370449060383,-7.121239460583526,0.08842230825766428,0.4370731814395379,0.2,0.875,0.825025994119969,0.0,0.3535533905932738,1.0000000000000002,263.02301025390625,800.3709716796875,2.0
456747.0,93.0,0.0,8.0,-4.866066490495656,-5.01683797203129,0.15077148153563424,-4.780097190805926,-0.08596929968972944,-5.048511173290503,0.1824446827948476,0.03167320125921336,0.4,0.875,0.688884393948828,0.0,1.0606601717798212,1.0,259.2229919433594,801.77099609375,2.0
459243.0,94.0,0.0,8.0,-2.2246922296503766,-2.6989429932875453,0.47425076363716867,-2.803209913455598,0.5785176838052215,-2.803209913455598,0.5785176838052215,0.10426692016805283,1.0,0.75,0.41833862449608294,1.118033988749895,0.0,1.0000000000000002,251.6230010986328,804.5709838867188,2.0
469227.0,95.0,0.0,8.0,-4.4360695967041055,-5.598328250677036,1.1622586539729305,-5.644527392526228,1.208457795822122,-5.668113284829555,1.232043688125449,0.06978503415251858,0.8,0.875,0.6492435531196633,0.3535533905932738,0.5,0.9999999999999998,257.4230041503906,815.5709838867188,2.0
485450.0,96.0,0.0,8.0,-4.425207462444322,-5.1866958484750665,0.7614883860307442,-4.99057743864601,0.5653699762016879,-5.179834048084456,0.7546265856401337,-0.006861800390610462,0.6,0.875,0.6527600434153172,1.0606601717798212,0.7071067811865476,1.0,244.0229949951172,833.5709838867188,2.0
486698.0,97.0,0.0,8.0,-2.182393393643993,-3.3761227639563725,1.1937293703123792,-3.660639932594658,1.478246538950665,-3.677635808792816,1.4952424151488226,0.30151304483644337,1.2,0.875,0.40612561591988344,0.0,0.3535533905932738,0.9999999999999999,276.4230041503906,834.77099609375,2.0
487946.0,98.0,0.0,8.0,-2.5633188852133775,-2.9457019475336015,0.382383062320224,-3.0647965977598366,0.5014777125464591,-3.0647965977598366,0.5014777125464591,0.11909465022623511,1.0,0.75,0.460181247579289,0.7071067811865476,0.7905694150420949,0.9999999999999999,272.62298583984375,836.1710205078125,2.0
495434.0,99.0,0.0,8.0,-5.943335781077847,-5.979725734895651,0.03638995381780408,-5.965308697683009,0.021972916605162318,-5.984309090608119,0.040973309530271784,0.004583355712467707,0.8,0.875,0.769238998159937,0.3535533905932738,0.0,0.9999999999999999,249.822998046875,844.5709838867188,2.0
1247.0,0.0,0.0,16.0,-3.01346508730873,-3.5505075424086807,0.5370424550999506,-3.705930841638558,0.6924657543298278,-3.7170717653133343,0.7036066780046042,0.16656422290465356,1.2,0.75,0.5453351784789922,1.3228756555322954,0.6614378277661477,1.0,274.62298583984375,298.3710021972656,2.0
4991.0,1.0,0.0,16.0,-4.76099678173793,-6.7342255808566245,1.9732287991186945,-6.70134344715256,1.94034666541463,-6.739422618823861,1.978425837085931,0.005197037967236362,0.8,0.875,0.7068739408922184,1.3693063937629153,0.5,1.0000000000000002,263.2229919433594,302.5710144042969,2.0
9983.0,2.0,0.0,16.0,-4.1602250987326626,-5.104155869089753,0.94393077035709,-5.140297949156906,0.9800728504242437,-5.154164807202125,0.9939397084694628,0.050008938112372725,0.8,0.8125,0.6580742194430833,0.3535533905932738,0.9682458365518543,1.0,248.0229949951172,308.1709899902344,2.0
18719.0,3.0,0.0,16.0,-8.16860990068826,-9.09073361054812,0.9221237098598607,-9.35816258779437,1.1895526871061097,-9.35816258779437,1.1895526871061097,0.26742897724624903,1.0,0.875,0.8854129938085061,0.25,0.6123724356957945,0.9999999999999999,257.62298583984375,317.77099609375,2.0
19967.0,4.0,0.0,16.0,-5.563844912528212,-5.9118788937758024,0.3480339812475908,-5.9219236904619805,0.35807877793376885,-5.9320003706570015,0.3681554581287898,0.02012147688119903,0.8,0.8125,0.7860575482453706,7.7014609003746815,0.4330127018922193,1.0,253.822998046875,319.1709899902344,2.0
33694.0,5.0,0.0,16.0,-5.970448714009158,-8.382665683169005,2.4122169691598474,-8.25509781817974,2.2846491041705823,-8.387206809642588,2.4167580956334307,0.00454112647358329,0.6,0.875,0.7778676670904229,0.5590169943749475,0.5,1.0000000000000004,248.0229949951172,334.3710021972656,2.0
44926.0,6.0,0.0,16.0,-4.045059791814971,-5.484478416376276,1.4394186245613048,-5.415263328893233,1.370203537078262,-5.491229510482048,1.4461697186670772,0.006751094105772459,0.6,0.875,0.6367510957460122,0.3535533905932738,0.7071067811865476,1.0,250.0229949951172,346.77099609375,2.0
46173.0,7.0,0.0,16.0,-7.120163037779893,-8.155274469855371,1.0351114320754782,-7.589165463547501,0.4690024257676084,-8.170329228073033,1.0501661902931403,0.015054758217662112,0.6,0.6875,0.8811852144348478,10.917302780449024,0.6614378277661477,0.9999999999999999,246.0229949951172,348.1709899902344,2.0
51165.0,8.0,0.0,16.0,-6.779458036048597,-7.646523769738457,0.8670657336898602,-7.481752451117432,0.7022944150688346,-7.658855399267079,0.8793973632184819,0.012331629528621768,0.6,0.8125,0.8429472511299055,6.837397165588672,0.7905694150420949,1.0000000000000002,267.02301025390625,353.5710144042969,2.0
57405.0,9.0,0.0,16.0,-5.117094430874454,-5.280008781176518,0.16291435030206358,-5.127600808273672,0.010506377399218003,-5.394050037382742,0.2769556065082881,0.11404125620622452,0.4,0.8125,0.7337746665464182,0.4330127018922193,0.6614378277661477,1.0000000000000002,248.0229949951172,360.5710144042969,2.0
64893.0,10.0,0.0,16.0,-8.78242526379674,-8.527438547758429,-0.2549867160383119,-8.440244637766657,-0.3421806260300837,-8.7824252637967,-4.085620730620576e-14,0.25498671603827106,0.0,0.6875,0.9397266091942916,5.606915373001451,0.82915619758885,1.0000000000000002,261.4230041503906,368.77099609375,2.0
66141.0,11.0,0.0,16.0,-7.206174689765503,-7.4582708629382735,0.2520961731727702,-7.023196807954212,-0.18297788181129082,-7.538839367875571,0.33266467811006795,0.08056850493729772,0.4,0.75,0.8842534192762018,6.75,0.5,1.0,257.62298583984375,370.1709899902344,2.0
72380.0,12.0,0.0,16.0,-6.357636452895351,-8.256712320191985,1.8990758672966344,-8.127049055576103,1.7694126026807524,-8.252260251152487,1.8946237982571361,-0.004452069039498241,0.6,1.0,0.8061465385159211,0.0,0.0,1.0,274.62298583984375,376.97100830078125,2.0
73628.0,13.0,0.0,16.0,-6.148380581762751,-8.750702506063583,2.6023219243008313,-8.45513908541851,2.306758503655759,-8.74379583431535,2.5954152525525984,-0.006906671748232895,0.6,0.9375,0.7829529653510361,0.0,0.3535533905932738,1.0000000000000002,270.822998046875,378.3710021972656,2.0
77372.0,14.0,0.0,16.0,-6.156689350849149,-8.187298130862047,2.030608780012898,-8.251706700325734,2.095017349476585,-8.27839924083837,2.121709889989221,0.09110110997632326,0.8,0.75,0.8210654253789257,7.786205751198718,0.7071067811865476,1.0,259.4230041503906,382.5710144042969,2.0
78620.0,15.0,0.0,16.0,-5.542502694603478,-8.37300295489051,2.8305002602870317,-8.555257021184557,3.0127543265810797,-8.555257021184557,3.0127543265810797,0.18225406629404795,1.0,0.875,0.7518036050481203,0.5590169943749475,0.5590169943749475,1.0000000000000002,255.6230010986328,383.97100830078125,2.0
79868.0,16.0,0.0,16.0,-5.951221714832123,-9.450181735979369,3.498960021147246,-8.403324649003737,2.4521029341716147,-9.497793583721842,3.5465718688897194,0.0476118477424734,0.6,0.9375,0.7878986738275823,0.7905694150420949,0.25,1.0000000000000002,251.822998046875,385.3710021972656,2.0
87356.0,17.0,0.0,16.0,-5.428496122970171,-7.360912602816128,1.9324164798459567,-8.289331734414034,2.8608356114438633,-8.72358708567112,3.2950909627009493,1.3626744828549926,1.2,0.875,0.7583427109126295,7.0089228844380935,0.3535533905932738,1.0,265.2229919433594,393.5710144042969,2.0
88604.0,18.0,0.0,16.0,-7.02418538400245,-10.618858871442916,3.594673487440465,-10.666094650838328,3.641909266835878,-10.685204198344056,3.661018814341606,0.06634532690114092,0.8,1.0,0.8273679909374736,0.0,0.0,0.9999999999999998,261.4230041503906,394.97100830078125,2.0
93595.0,19.0,0.0,16.0,-4.931222173847936,-7.5845719712095665,2.6533497973616305,-6.674464418166411,1.7432422443184752,-7.549642843098233,2.6184206692502974,-0.034929128111333085,0.6,0.875,0.739380334037828,0.4330127018922193,0.3535533905932738,1.0,246.0229949951172,400.5710144042969,2.0
94843.0,20.0,0.0,16.0,-5.855662012569002,-8.836920492048039,2.9812584794790364,-8.768844322990388,2.9131823104213854,-8.832337953419353,2.9766759408503507,-0.0045825386286857395,0.8,0.8125,0.7739852468817108,0.4330127018922193,0.5,1.0,278.4230041503906,401.77099609375,2.0
97339.0,21.0,0.0,16.0,-5.929152676149561,-7.921135924769173,1.9919832486196114,-8.270520635753918,2.341367959604357,-8.432990632183488,2.5038379560339266,0.5118547074143152,1.2,0.875,0.7926063860225712,0.3535533905932738,0.5,0.9999999999999998,270.822998046875,404.5710144042969,2.0
106075.0,22.0,0.0,16.0,-5.803661179571453,-6.340366841542656,0.5367056619712036,-6.347734028170233,0.5440728485987805,-6.354972431910433,0.55131125233898,0.014605590367776422,1.2,0.8125,0.8022428481407357,2.0,0.6614378277661477,0.9999999999999998,244.22300720214844,414.3710021972656,2.0
109819.0,23.0,0.0,16.0,-8.368455230359412,-7.3313346578664085,-1.037120572493004,-6.541434089366857,-1.8270211409925556,-8.368455230359404,-8.881784197001252e-15,1.037120572492995,0.0,0.8125,0.9006641145722274,7.2886898685566255,0.5590169943749475,1.0000000000000004,269.02301025390625,418.3710021972656,2.0
111067.0,24.0,0.0,16.0,-7.6515330763361415,-7.64654060321936,-0.004992473116781859,-7.6405849247081905,-0.010948151627951042,-7.651533076336152,1.0658141036401503e-14,0.004992473116792517,0.0,0.6875,0.9047426128973497,6.800735254367722,1.0307764064044151,1.0,265.2229919433594,419.77099609375,2.0
114810.0,25.0,0.0,16.0,-8.129768457276608,-8.882047469566873,0.7522790122902645,-7.819392459657761,-0.3103759976188467,-9.418466421941403,1.2886979646647951,0.5364189523745306,0.4,0.875,0.8815375655125749,2.947456530637899,0.6614378277661477,1.0,253.6230010986328,423.97100830078125,2.0
126042.0,26.0,0.0,16.0,-5.224749052264701,-8.624015265678599,3.399266213413898,-8.516303426238142,3.291554373973441,-8.618325493455487,3.3935764411907856,-0.005689772223112399,0.8,0.75,0.7465094918893155,0.9682458365518543,0.7071067811865476,0.9999999999999999,255.6230010986328,436.3710021972656,2.0
127290.0,27.0,0.0,16.0,-5.565419247792259,-9.326622636171146,3.7612033883788873,-9.175653052193365,3.6102338044011058,-9.374963198536157,3.8095439507438984,0.04834056236501105,0.8,0.875,0.7530822315044897,0.5,0.3535533905932738,1.0,251.822998046875,437.77099609375,2.0
134778.0,28.0,0.0,16.0,-5.36578560028935,-7.451368261237297,2.0855826609479475,-7.276130056352381,1.9103444560630312,-7.440762026272995,2.074976425983645,-0.010606234964302352,0.8,0.875,0.7492041703673035,0.3535533905932738,0.6614378277661477,1.0,265.2229919433594,445.97100830078125,2.0
136025.0,29.0,0.0,16.0,-6.121156512417523,-7.548881978590818,1.4277254661732952,-7.314682002713774,1.1935254902962509,-7.645797861375424,1.5246413489579016,0.09691588278460639,0.4,0.875,0.7947253844834026,0.6614378277661477,0.25,1.0,261.2229919433594,447.3710021972656,2.0
138521.0,30.0,0.0,16.0,-5.907499962048056,-6.574681708743796,0.6671817466957402,-6.032181199033857,0.12468123698580147,-6.842143170163882,0.9346432081158262,0.2674614614200861,0.4,0.875,0.7890142138717253,0.3535533905932738,0.5590169943749475,0.9999999999999998,253.6230010986328,450.1709899902344,2.0
139769.0,31.0,0.0,16.0,-9.56743668546643,-9.095407391145104,-0.47202929432132557,-8.227065081724769,-1.3403716037416604,-10.103177155903483,0.5357404704370534,1.007769764758379,0.2,0.875,0.9243007180569219,0.6123724356957945,0.5590169943749475,1.0000000000000004,249.822998046875,451.5710144042969,2.0
143513.0,32.0,0.0,16.0,-6.034977072709471,-5.3938049024496495,-0.6411721702598214,-4.967689133349972,-1.067287939359499,-6.034977072709476,5.329070518200751e-15,0.6411721702598268,0.0,0.8125,0.7971462709525011,0.8660254037844386,0.3535533905932738,1.0,274.62298583984375,455.5710144042969,2.0
154745.0,33.0,0.0,16.0,-5.963637748964952,-7.083534286718089,1.119896537753137,-6.708837872193056,0.7452001232281047,-7.123061289399827,1.159423540434875,0.03952700268173803,0.6,0.8125,0.7809494610048654,0.5590169943749475,0.5590169943749475,0.9999999999999998,276.62298583984375,467.97100830078125,2.0
157241.0,34.0,0.0,16.0,-6.331332068888994,-6.6421287489474565,0.3107966800584627,-6.36391998406875,0.032587915179756344,-6.66887655324159,0.33754448435259654,0.026747804294133815,0.4,0.6875,0.8012126624466919,0.8660254037844386,0.4330127018922193,1.0000000000000002,269.02301025390625,470.77099609375,2.0
162232.0,35.0,0.0,16.0,-5.787417763316637,-6.760080978549837,0.9726632152332,-6.714348982768148,0.9269312194515109,-6.757315093288537,0.9698973299719,-0.0027658852612999496,0.6,0.9375,0.7652764597926657,0.3535533905932738,0.3535533905932738,0.9999999999999999,253.6230010986328,476.3710021972656,2.0
174712.0,36.0,0.0,16.0,-5.620363291927793,-7.623147050906831,2.002783758979038,-7.319585193392248,1.6992219014644547,-7.646800705601175,2.0264374136733814,0.02365365469434355,0.6,0.875,0.7529715770929757,0.3535533905932738,0.5,1.0,251.822998046875,490.1709899902344,2.0
178456.0,37.0,0.0,16.0,-6.438525292846772,-9.698504396981305,3.2599791041345325,-10.024887578646407,3.586362285799635,-10.06292397133565,3.6243986784888778,0.36441957435434524,0.8,0.9375,0.8068636861831304,0.25,0.3535533905932738,1.0,276.62298583984375,494.1709899902344,2.0
179704.0,38.0,0.0,16.0,-3.9052567878302296,-6.499776895645489,2.5945201078152595,-6.4611064369472535,2.555849649117024,-6.631658944550464,2.726402156720235,0.13188204890497524,0.8,0.75,0.6378014914559585,0.4330127018922193,0.4330127018922193,1.0,272.822998046875,495.5710144042969,2.0
180952.0,39.0,0.0,16.0,-4.485420000636474,-7.084039418628337,2.5986194179918627,-8.47785998646202,3.9924399858255457,-8.494476958920696,4.009056958284222,1.4104375402923592,1.2,0.875,0.6680987649536504,0.3535533905932738,0.5,0.9999999999999998,269.02301025390625,496.97100830078125,2.0
183447.0,40.0,0.0,16.0,-6.0280003807026175,-8.183263777523294,2.1552633968206765,-8.52127820087842,2.493277820175803,-8.52382363137927,2.4958232506766533,0.34055985385597687,1.2,0.875,0.7920445321541545,0.0,0.3535533905932738,1.0000000000000002,261.2229919433594,499.77099609375,2.0
189687.0,41.0,0.0,16.0,-3.913725193556318,-4.726071165213318,0.8123459716569998,-5.667801282863341,1.7540760893070226,-6.209840120726742,2.296114927170424,1.4837689555134244,1.2,0.875,0.6231959968160512,0.25,0.3535533905932738,1.0,278.4230041503906,506.5710144042969,2.0
200919.0,42.0,0.0,16.0,-7.916352342855678,-7.408000311494259,-0.5083520313614187,-7.001381063870127,-0.9149712789855506,-7.916352342855651,-2.6645352591003757e-14,0.5083520313613921,0.0,0.875,0.8683351828798902,0.7905694150420949,0.6123724356957945,0.9999999999999999,244.22300720214844,519.1710205078125,2.0
204662.0,43.0,0.0,16.0,-7.380842043652436,-6.225978978601035,-1.1548630650514005,-5.3213427154506965,-2.0594993282017393,-7.380842043652437,8.881784197001252e-16,1.1548630650514013,0.0,0.875,0.8505028622218516,0.3535533905932738,0.25,0.9999999999999999,268.822998046875,523.1710205078125,2.0
213398.0,44.0,0.0,16.0,-7.799714230932514,-9.77958054168844,1.9798663107559253,-9.118029454484477,1.3183152235519628,-10.081301157811184,2.2815869268786706,0.30172061612274526,0.4,1.0,0.856812946277351,0.0,0.0,0.9999999999999998,278.4230041503906,532.77099609375,2.0
215894.0,45.0,0.0,16.0,-6.008544832802537,-8.41417089322514,2.4056260604226036,-7.984714648405394,1.9761698156028569,-8.41751917564323,2.4089743428406933,0.0033482824180897097,0.6,0.875,0.7884129643466109,0.3535533905932738,0.25,0.9999999999999998,270.822998046875,535.5709838867188,2.0
227125.0,46.0,0.0,16.0,-5.120308520076723,-6.267266849191493,1.1469583291147707,-6.106677788439658,0.9863692683629353,-6.273843982477264,1.1535354624005416,0.00657713328577092,0.6,0.875,0.7265373676841401,0.3535533905932738,0.3535533905932738,1.0,272.62298583984375,547.9710083007812,2.0
230869.0,47.0,0.0,16.0,-6.363908261642697,-6.279689621874036,-0.08421863976866106,-5.760076141895669,-0.603832119747028,-6.696603995108275,0.33269573346557824,0.4169143732342393,0.2,0.875,0.8129478468079361,0.6123724356957945,0.4330127018922193,1.0,261.2229919433594,552.1710205078125,2.0
232117.0,48.0,0.0,16.0,-6.805600943367577,-6.327663967845588,-0.4779369755219891,-5.705998691545451,-1.0996022518221258,-7.08100616985733,0.2754052264897533,0.7533422020117424,0.2,0.8125,0.8234216551073413,0.3535533905932738,0.5590169943749475,1.0,257.4230041503906,553.5709838867188,2.0
244597.0,49.0,0.0,16.0,-8.089151977756767,-8.05685681185004,-0.032295165906727874,-7.845136585439789,-0.2440153923169781,-8.279608773384098,0.19045679562733042,0.2227519615340583,0.2,0.75,0.9111161142853005,2.4238399287081647,0.5590169943749475,1.0,255.6230010986328,567.3709716796875,2.0
248341.0,50.0,0.0,16.0,-5.420814239843762,-9.505167062061274,4.084352822217512,-9.161037121853594,3.7402228820098324,-9.57505669595615,4.154242456112388,0.06988963389487601,0.8,0.9375,0.7428991811459087,0.3535533905932738,0.25,1.0,244.22300720214844,571.5709838867188,2.0
252084.0,51.0,0.0,16.0,-5.0570039959212965,-6.322659414343951,1.2656554184226545,-6.776653151208257,1.7196491552869606,-6.776653151208257,1.7196491552869606,0.4539937368643061,1.0,0.8125,0.7235993827093051,0.8660254037844386,0.6123724356957945,0.9999999999999998,268.822998046875,575.5709838867188,2.0
255828.0,52.0,0.0,16.0,-5.541638644890286,-6.833177452471135,1.2915388075808494,-7.022826588040294,1.4811879431500081,-7.143136712235422,1.601498067345136,0.3099592597642866,1.2,0.8125,0.7694158656120528,4.860555523805895,0.5590169943749475,1.0,257.4230041503906,579.77099609375,2.0
259572.0,53.0,0.0,16.0,-6.267804911320683,-8.507819304218899,2.2400143928982157,-8.496256988142255,2.228452076821572,-8.53381628608916,2.2660113747684765,0.025996981870260782,0.8,0.9375,0.7982028227165175,0.25,0.4330127018922193,1.0,246.0229949951172,583.9710083007812,2.0
260820.0,54.0,0.0,16.0,-6.938904610860068,-9.133873374722597,2.194968763862529,-9.298260403190724,2.359355792330656,-9.298260403190724,2.359355792330656,0.16438702846812703,1.0,0.875,0.8458018008664796,0.8660254037844386,0.6123724356957945,1.0,278.4230041503906,585.1710205078125,2.0
264564.0,55.0,0.0,16.0,-5.119002350620549,-7.521999066603609,2.4029967159830603,-7.43185937909356,2.3128570284730117,-7.530879375071273,2.4118770244507246,0.0088803084676643,0.8,0.8125,0.7288991182988335,0.4330127018922193,0.4330127018922193,1.0000000000000002,267.02301025390625,589.3709716796875,2.0
269556.0,56.0,0.0,16.0,-5.358719965553133,-7.566816654328128,2.2080966887749947,-7.454536088411276,2.0958161228581424,-7.5861146105252,2.227394644972067,0.01929795619707253,0.8,0.9375,0.7295363110725779,0.5590169943749475,0.4330127018922193,1.0000000000000004,251.822998046875,594.9710083007812,2.0
270804.0,57.0,0.0,16.0,-5.62478859008691,-6.90664901917097,1.2818604290840607,-6.4293789201120655,0.8045903300251558,-6.9322455478745715,1.3074569577876618,0.025596528703601074,0.6,0.8125,0.7711617803191387,0.5,0.75,1.0,248.0229949951172,596.3709716796875,2.0
272051.0,58.0,0.0,16.0,-6.680254081551899,-8.548891005587741,1.868636924035842,-8.557305284371127,1.8770512028192279,-8.79469314560908,2.1144390640571817,0.2458021400213397,1.2,0.875,0.8202372517011524,0.6123724356957945,0.4330127018922193,1.0,244.0229949951172,597.77099609375,2.0
273299.0,59.0,0.0,16.0,-6.4449757546941475,-9.340497042690211,2.895521287996064,-8.674658032896932,2.2296822782027848,-9.29639271871191,2.851416964017763,-0.044104323978301,0.6,1.0,0.8052876277525131,0.0,0.0,1.0,276.4230041503906,598.9710083007812,2.0
279539.0,60.0,0.0,16.0,-4.446655277074961,-5.0606005986668245,0.6139453215918635,-4.92160611827302,0.4749508411980594,-5.054622622412755,0.6079673453377943,-0.005977976254069262,0.6,0.5625,0.6983138808684529,9.00694176732591,0.6123724356957945,1.0000000000000002,257.4230041503906,605.9710083007812,2.0
285779.0,61.0,0.0,16.0,-5.430915135629925,-6.232158113399962,0.8012429777700376,-6.459489500833722,1.0285743652037969,-6.57670389124419,1.145788755614265,0.34454577784422735,1.2,0.625,0.7757582318527528,1.8540496217739157,1.0307764064044151,1.0,274.62298583984375,612.77099609375,2.0
287027.0,62.0,0.0,16.0,-6.948552562617328,-7.516377713854715,0.5678251512373871,-7.605224460964919,0.6566718983475912,-7.605224460964919,0.6566718983475912,0.08884674711020413,1.0,0.75,0.8392912000894558,3.605551275463989,0.82915619758885,1.0000000000000002,270.822998046875,614.1710205078125,2.0
304498.0,63.0,0.0,16.0,-7.320582019700423,-8.378541117929277,1.0579590982288538,-8.323897732184044,1.0033157124836203,-8.378785484862389,1.0582034651619656,0.0002443669331118059,0.6,0.9375,0.8444961797541852,0.5,0.25,1.0000000000000002,253.6230010986328,633.5709838867188,2.0
311986.0,64.0,0.0,16.0,-5.894809092176448,-8.70175230995806,2.806943217781612,-9.075925708159836,3.181116615983388,-9.075925708159836,3.181116615983388,0.3741733982017763,1.0,0.8125,0.7766233428465324,0.25,0.5590169943749475,1.0,267.02301025390625,641.77099609375,2.0
316977.0,65.0,0.0,16.0,-4.746537923901226,-6.783940167164299,2.037402243263073,-7.46895702693158,2.7224191030303544,-7.524551484552657,2.7780135606514316,0.7406113173883586,1.2,0.875,0.7083164011747956,0.3535533905932738,0.5590169943749475,1.0000000000000002,251.6230010986328,647.3709716796875,2.0
319473.0,66.0,0.0,16.0,-7.011571742592145,-8.910679379269364,1.8991076366772193,-9.100923166766625,2.08935142417448,-9.100923166766625,2.08935142417448,0.1902437874972609,1.0,0.75,0.8597999591163341,8.302860952707807,0.4330127018922193,1.0,244.0229949951172,650.1710205078125,2.0
323217.0,67.0,0.0,16.0,-6.78809543632643,-10.416674082714712,3.6285786463882816,-10.561543010658953,3.773447574332523,-10.701084566735137,3.9129891304087066,0.2844104840204249,1.2,0.9375,0.820119136764991,0.0,0.25,1.0,268.822998046875,654.1710205078125,2.0
336945.0,68.0,0.0,16.0,-7.1740598403682245,-7.994404571419627,0.820344731051402,-7.6688047559192505,0.49474491555102595,-7.9971373487599084,0.8230775083916839,0.002732777340281878,0.6,0.9375,0.8468188615943899,1.75,0.0,1.0,263.2229919433594,669.3709716796875,2.0
340688.0,69.0,0.0,16.0,-6.585211764276536,-7.152549562565662,0.5673377982891257,-6.993117790279728,0.40790602600319126,-7.158560579813966,0.5733488155374298,0.006011017248304107,0.6,0.6875,0.844798852465656,4.905354217587146,0.7071067811865476,1.0000000000000002,251.6230010986328,673.5709838867188,2.0
353168.0,70.0,0.0,16.0,-6.198583033819088,-7.136195747974046,0.937612714154958,-7.098883715646157,0.9003006818270691,-7.137734750360192,0.9391517165411036,0.0015390023861456825,0.6,0.875,0.7936031459816797,0.5590169943749475,0.82915619758885,0.9999999999999998,249.822998046875,687.3709716796875,2.0
355664.0,71.0,0.0,16.0,-7.592763120615221,-7.9594318035075595,0.3666686828923389,-7.607351441972501,0.014588321357280165,-8.016553736142338,0.4237906155271176,0.057121932634778716,0.4,0.875,0.8555341965731228,0.3535533905932738,0.8660254037844386,1.0,278.4230041503906,689.9710083007812,2.0
359408.0,72.0,0.0,16.0,-6.132551705400202,-6.714682539651237,0.5821308342510356,-6.441531986027611,0.30898028062740934,-6.958167436940704,0.8256157315405019,0.24348489728946632,0.4,1.0,0.7847924787521873,0.0,0.0,1.0,267.02301025390625,694.1710205078125,2.0
361904.0,73.0,0.0,16.0,-5.905980879978925,-7.040194807185914,1.1342139272069893,-7.366765723863969,1.460784843885044,-7.412671996083727,1.5066911161048022,0.3724771888978129,1.2,0.875,0.7763930853132758,1.3228756555322954,0.6614378277661477,1.0,259.4230041503906,696.9710083007812,2.0
363151.0,74.0,0.0,16.0,-6.778721968529089,-7.783112650840637,1.0043906823115485,-7.170792500153908,0.3920705316248192,-8.007425745933006,1.2287037774039167,0.2243130950923682,0.4,0.9375,0.8163722008426839,0.25,0.4330127018922193,0.9999999999999998,255.42300415039062,698.3709716796875,2.0
365647.0,75.0,0.0,16.0,-5.972396435057843,-8.678387750812199,2.705991315754356,-8.546023810064213,2.57362737500637,-8.6953236619827,2.722927226924857,0.016935911170500972,0.8,0.9375,0.7840011678576623,1.25,0.75,1.0000000000000002,247.822998046875,701.1710205078125,2.0
370639.0,76.0,0.0,16.0,-5.038052015759892,-7.51530522059584,2.4772532048359484,-7.469642460588782,2.43159044482889,-7.5447679851830465,2.506715969423155,0.029462764587206536,0.8,0.875,0.7235790156173364,3.824264635194589,0.25,0.9999999999999998,268.822998046875,706.5709838867188,2.0
383119.0,77.0,0.0,16.0,-5.859032223773086,-6.193456576042378,0.33442435226929135,-6.04217744215526,0.18314521838217335,-6.1947827597856255,0.33575053601253924,0.0013261837432478885,0.6,0.8125,0.8069334709318992,1.2747548783981961,0.6614378277661477,0.9999999999999998,267.02301025390625,720.3709716796875,2.0
395598.0,78.0,0.0,16.0,-5.554745262733112,-6.548797601655442,0.9940523389223301,-6.172340560129196,0.6175952973960834,-6.567883041746709,1.0131377790135971,0.019085440091267003,0.6,0.875,0.7696455000522726,7.110731326663946,0.4330127018922193,1.0,265.02301025390625,734.1710205078125,2.0
403086.0,79.0,0.0,16.0,-6.034582973803129,-8.457593082508788,2.4230101087056592,-8.502920345719739,2.4683373719166095,-8.605833413121891,2.571250439318762,0.1482403306131026,0.8,1.0,0.7833501730763852,0.0,0.0,1.0000000000000004,278.4230041503906,742.3709716796875,2.0
408077.0,80.0,0.0,16.0,-3.5074658968404564,-5.103995384964377,1.5965294881239207,-5.680185244584809,2.1727193477443527,-5.992224610130997,2.48475871329054,0.8882292251666195,1.2,0.75,0.6000246922678346,0.5,0.5,1.0,263.02301025390625,747.9710083007812,2.0
410573.0,81.0,0.0,16.0,-4.711112486562207,-6.534479466840921,1.8233669802787134,-6.595639025142588,1.8845265385803804,-6.595639025142588,1.8845265385803804,0.06115955830166708,1.0,0.8125,0.6969143450051892,0.9354143466934853,0.5590169943749475,0.9999999999999998,255.42300415039062,750.77099609375,2.0
411821.0,82.0,0.0,16.0,-4.867621313971454,-6.222263301649863,1.3546419876784093,-6.09526863011162,1.2276473161401658,-6.244432037972131,1.376810724000677,0.02216873632226779,0.8,0.875,0.706979278013585,0.6123724356957945,0.3535533905932738,1.0,251.6230010986328,752.1710205078125,2.0
416813.0,83.0,0.0,16.0,-3.5383579340293476,-5.192895203361688,1.6545372693323408,-5.530502445208675,1.992144511179327,-5.530502445208675,1.992144511179327,0.3376072418469862,1.0,0.6875,0.6004366081985949,1.4577379737113252,0.9354143466934853,1.0,272.62298583984375,757.5709838867188,2.0
418061.0,84.0,0.0,16.0,-4.625864954411788,-5.396980082523988,0.7711151281122,-5.33521947998965,0.7093545255778624,-5.400002135312716,0.7741371809009285,0.0030220527887285797,0.8,0.8125,0.6813802301650218,0.6123724356957945,0.6123724356957945,1.0,268.822998046875,758.9710083007812,2.0
419309.0,85.0,0.0,16.0,-6.548531084224377,-5.9880528451316835,-0.5604782390926939,-5.815633388461654,-0.7328976957627233,-6.5485310842243685,-8.881784197001252e-15,0.560478239092685,0.0,0.75,0.8476101787152932,6.128825336065631,0.5590169943749475,0.9999999999999999,265.02301025390625,760.3709716796875,2.0
420557.0,86.0,0.0,16.0,-6.106003963858033,-6.979378569953352,0.8733746060953189,-7.101500123205282,0.9954961593472493,-7.101500123205282,0.9954961593472493,0.12212155325193041,1.0,0.9375,0.7903176084618668,1.0307764064044151,0.5,1.0,261.2229919433594,761.77099609375,2.0
423053.0,87.0,0.0,16.0,-7.130313547088428,-7.159934230909041,0.029620683820613003,-7.146822082064505,0.01650853497607674,-7.176657881103625,0.04634433401519722,0.016723650194584216,0.4,0.5625,0.8872918928217615,10.514870422406545,0.5590169943749475,0.9999999999999998,253.6230010986328,764.5709838867188,2.0
428045.0,88.0,0.0,16.0,-4.578837789662306,-5.577001843130947,0.9981640534686411,-5.423879616632363,0.845041826970057,-5.576399917062132,0.9975621273998261,-0.0006019260688150396,0.8,0.8125,0.6732332683794984,0.75,0.5,1.0,274.62298583984375,769.9710083007812,2.0
444268.0,89.0,0.0,16.0,-6.018668946223448,-9.159254545229816,3.140585599006368,-9.230022020726285,3.2113530745028367,-9.230022020726285,3.2113530745028367,0.07076747549646889,1.0,0.875,0.7985450944151817,7.0089228844380935,0.5,1.0000000000000002,261.2229919433594,787.9710083007812,2.0
445516.0,90.0,0.0,16.0,-4.368817453989078,-6.19364503574915,1.824827581760072,-6.607765088367651,2.2389476343785724,-6.607765088367651,2.2389476343785724,0.41412005261850027,1.0,0.8125,0.6691787944793114,0.5,0.7905694150420949,0.9999999999999998,257.4230041503906,789.3709716796875,2.0
450508.0,91.0,0.0,16.0,-3.9183839745460194,-5.023529116832225,1.1051451422862053,-5.536118486329481,1.6177345117834614,-5.7072703492088985,1.7888863746628791,0.6837412323766738,1.2,0.8125,0.618596170219176,0.3535533905932738,0.6123724356957945,0.9999999999999997,278.4230041503906,794.77099609375,2.0
455499.0,92.0,0.0,16.0,-8.316022150754604,-7.911825698703846,-0.4041964520507575,-7.507147498242216,-0.8088746525123875,-8.316022150754568,-3.552713678800501e-14,0.40419645205072197,0.0,0.75,0.9123535514926013,7.106335201775948,0.82915619758885,1.0000000000000002,263.02301025390625,800.3709716796875,2.0
456747.0,93.0,0.0,16.0,-6.605295401118173,-6.899508776509507,0.2942133753913341,-6.822277215857454,0.21698181473928102,-6.899524472643698,0.2942290715255247,1.5696134190612554e-05,0.6,0.875,0.8330795891438565,5.777110004145672,0.6123724356957945,1.0,259.2229919433594,801.77099609375,2.0
459243.0,94.0,0.0,16.0,-3.836837535850872,-5.163241037102015,1.3264035012511428,-5.577368634552981,1.7405310987021085,-5.577368634552981,1.7405310987021085,0.4141275974509657,1.0,0.8125,0.6190371812067089,0.25,0.7905694150420949,1.0000000000000002,251.6230010986328,804.5709838867188,2.0
469227.0,95.0,0.0,16.0,-5.52572443970147,-6.8574082154048135,1.3316837757033433,-6.904572047739878,1.3788476080384076,-6.941401727841726,1.4156772881402562,0.08399351243691289,0.8,0.6875,0.7472977130720769,0.82915619758885,0.9682458365518543,0.9999999999999998,257.4230041503906,815.5709838867188,2.0
485450.0,96.0,0.0,16.0,-5.023290945390269,-5.703401185711272,0.6801102403210022,-5.462913185604533,0.43962224021426355,-5.711647175853537,0.6883562304632678,0.008245990142265569,0.6,0.6875,0.7428805213100861,4.795831523312719,0.8660254037844386,1.0,244.0229949951172,833.5709838867188,2.0
486698.0,97.0,0.0,16.0,-4.418815925490628,-5.628532411066133,1.2097164855755054,-5.558241531916096,1.1394256064254682,-5.677611295732136,1.2587953702415087,0.0490788846660033,0.8,0.875,0.6659514561440975,0.25,0.6123724356957945,0.9999999999999999,276.4230041503906,834.77099609375,2.0
487946.0,98.0,0.0,16.0,-4.270442995810376,-5.260300294363171,0.9898572985527956,-5.292520345960363,1.0220773501499876,-5.311493313612874,1.0410503178024983,0.051193019249702765,1.2,0.75,0.6631435734588143,0.5590169943749475,0.82915619758885,0.9999999999999999,272.62298583984375,836.1710205078125,2.0
495434.0,99.0,0.0,16.0,-7.292012678964194,-7.797313542358375,0.5053008633941811,-7.544424709851281,0.2524120308870872,-7.863599697739017,0.5715870187748227,0.06628615538064153,0.4,0.8125,0.8665925028341341,0.75,0.5,0.9999999999999999,249.822998046875,844.5709838867188,2.0
1247.0,0.0,10.0,4.0,-1.2326023097863061,-1.3217678107800357,0.08916550099372955,-1.319735662829108,0.08713335304280179,-1.323723616093884,0.09112130630757775,0.0019558053138482023,0.8,1.0,0.24797499650695776,0.0,0.0,0.1,274.62298583984375,298.3710021972656,2.0
4991.0,1.0,10.0,4.0,-2.3923416781719657,-4.919269070759846,2.52692739258788,-5.149490004798177,2.7571483266262113,-5.211823315878876,2.81948163770691,0.29255424511902994,0.8,1.0,0.42417433906896973,0.0,0.0,0.10000000000000002,263.2229919433594,302.5710144042969,2.0
9983.0,2.0,10.0,4.0,-1.9526036768100425,-2.8610236622456964,0.9084199854356538,-2.823059447765873,0.8704557709558305,-2.899031543505979,0.9464278666959363,0.03800788126028243,0.8,1.0,0.36262111364234817,0.0,0.0,0.1,248.0229949951172,308.1709899902344,2.0
18719.0,3.0,10.0,4.0,-3.188710730086428,-4.123828070385386,0.9351173402989579,-4.104875868656181,0.9161651385697525,-4.174806891724911,0.9860961616384829,0.05097882133952503,0.8,1.0,0.5210583386659319,0.0,0.0,0.09999999999999999,257.62298583984375,317.77099609375,2.0
19967.0,4.0,10.0,4.0,-3.123057417091977,-4.03743127272994,0.9143738556379626,-4.22137260755874,1.0983151904667627,-4.2556157177489355,1.1325583006569584,0.2181844450189958,1.2,1.0,0.5134606427576167,0.0,0.0,0.1,253.822998046875,319.1709899902344,2.0
33694.0,5.0,10.0,4.0,-2.1968528768615014,-6.591737317242467,4.394884440380966,-6.7293338086316155,4.532480931770114,-7.167975815450021,4.971122938588519,0.5762384982075535,0.8,1.0,0.3978452249888679,0.0,0.0,0.10000000000000005,248.0229949951172,334.3710021972656,2.0
44926.0,6.0,10.0,4.0,-1.6193042306812044,-3.2164500349239002,1.5971458042426958,-3.456833424418102,1.8375291937368976,-3.456833424418102,1.8375291937368976,0.2403833894942018,1.0,1.0,0.3115082070059099,0.0,0.0,0.1,250.0229949951172,346.77099609375,2.0
46173.0,7.0,10.0,4.0,-2.735693545161662,-3.5154167709259054,0.7797232257642435,-3.5709198054276503,0.8352262602659883,-3.576967715369358,0.8412741702076962,0.06155094444345277,0.8,0.75,0.46772424330122986,0.0,1.224744871391589,0.09999999999999999,246.0229949951172,348.1709899902344,2.0
51165.0,8.0,10.0,4.0,-3.942050271293004,-6.94338644621589,3.001336174922886,-6.90051160593654,2.958461334643536,-7.149287738374412,3.2072374670814074,0.20590129215852127,0.8,1.0,0.5970070207800247,0.0,0.0,0.10000000000000002,267.02301025390625,353.5710144042969,2.0
57405.0,9.0,10.0,4.0,-3.0253061338277902,-4.0723433172414945,1.0470371834137042,-4.038297820132492,1.0129916863047015,-4.113403978779643,1.0880978449518528,0.04106066153814858,0.8,1.0,0.5024332013158427,0.0,0.0,0.10000000000000002,248.0229949951172,360.5710144042969,2.0
64893.0,10.0,10.0,4.0,-4.491964738640579,-5.987525650602374,1.4955609119617952,-5.975618764531343,1.4836540258907638,-6.0520683757879254,1.5601036371473462,0.06454272518555104,0.8,1.0,0.6464064185410365,0.0,0.0,0.10000000000000002,261.4230041503906,368.77099609375,2.0
66141.0,11.0,10.0,4.0,-4.5067192816076656,-7.536337931963173,3.0296186503555074,-7.791435291261121,3.2847160096534553,-7.828947069876969,3.322227788269304,0.2926091379137965,0.8,1.0,0.6464052376753917,0.0,0.0,0.1,257.62298583984375,370.1709899902344,2.0
72380.0,12.0,10.0,4.0,-2.1523317720331177,-3.60372866594017,1.4513968939070523,-4.17977840268863,2.027446630655512,-4.372819765299166,2.2204879932660484,0.7690910993589961,1.2,1.0,0.3920858035094716,0.0,0.0,0.1,274.62298583984375,376.97100830078125,2.0
73628.0,13.0,10.0,4.0,-2.418769782009704,-4.563982804258301,2.1452130222485972,-4.993218518754368,2.5744487367446642,-4.993218518754368,2.5744487367446642,0.429235714496067,1.0,1.0,0.42855665985872854,0.0,0.0,0.10000000000000002,270.822998046875,378.3710021972656,2.0
77372.0,14.0,10.0,4.0,-3.892615393804122,-8.231771120544938,4.339155726740816,-9.130710692524243,5.238095298720121,-9.130710692524243,5.238095298720121,0.8989395719793052,1.0,1.0,0.5923873712682067,0.0,0.0,0.1,259.4230041503906,382.5710144042969,2.0
78620.0,15.0,10.0,4.0,-2.2454431001600286,-5.380352577724096,3.134909477564068,-5.390413832410603,3.1449707322505747,-5.648591613172549,3.4031485130125203,0.2682390354484525,0.8,1.0,0.4044154002940594,0.0,0.0,0.10000000000000002,255.6230010986328,383.97100830078125,2.0
79868.0,16.0,10.0,4.0,-1.9841601304056475,-5.097384429236415,3.113224298830768,-5.302261404926613,3.3181012745209655,-5.463772296731335,3.479612166325688,0.3663878674949199,0.8,1.0,0.36746719817596485,0.0,0.0,0.10000000000000002,251.822998046875,385.3710021972656,2.0
87356.0,17.0,10.0,4.0,-2.774469935355661,-6.408687947123733,3.6342180117680716,-6.6612920223199765,3.8868220869643153,-6.852557456603618,4.078087521247957,0.44386950947988524,0.8,1.0,0.47271002022943687,0.0,0.0,0.1,265.2229919433594,393.5710144042969,2.0
88604.0,18.0,10.0,4.0,-2.846575993158175,-6.960761749989027,4.114185756830852,-7.710624308181658,4.864048315023483,-7.710624308181658,4.864048315023483,0.749862558192631,1.0,1.0,0.48136235286758455,0.0,0.0,0.09999999999999998,261.4230041503906,394.97100830078125,2.0
93595.0,19.0,10.0,4.0,-1.2790469868465228,-2.3194734476076313,1.0404264607611085,-2.4110901000483933,1.1320431132018705,-2.4183865672880516,1.1393395804415287,0.09891311968042027,0.8,0.75,0.2559383410887898,0.0,1.0,0.1,246.0229949951172,400.5710144042969,2.0
94843.0,20.0,10.0,4.0,-1.382487902464968,-2.97381559451545,1.5913276920504817,-3.608178298529307,2.225690396064339,-3.608178298529307,2.225690396064339,0.6343627040138573,1.0,0.75,0.2744602320741566,0.0,0.5,0.1,278.4230041503906,401.77099609375,2.0
97339.0,21.0,10.0,4.0,-3.111949506073133,-5.415461873924617,2.303512367851484,-6.130855856637223,3.01890635056409,-6.21719972471907,3.1052502186459368,0.8017378507944528,1.2,1.0,0.5121772950859061,0.0,0.0,0.09999999999999998,270.822998046875,404.5710144042969,2.0
106075.0,22.0,10.0,4.0,-2.1921571491568925,-2.9981180853618055,0.8059609362049129,-3.162217861480409,0.9700607123235163,-3.162217861480409,0.9700607123235163,0.16409977611860338,1.0,0.75,0.3968382107107676,0.5,0.5,0.09999999999999998,244.22300720214844,414.3710021972656,2.0
109819.0,23.0,10.0,4.0,-2.8393047362980983,-4.020727792666881,1.181423056368783,-4.39974629827094,1.5604415619728416,-4.39974629827094,1.5604415619728416,0.3790185056040585,1.0,1.0,0.48066614614172987,0.0,0.0,0.10000000000000005,269.02301025390625,418.3710021972656,2.0
111067.0,24.0,10.0,4.0,-5.255679409014026,-7.3234000867354885,2.0677206777214625,-7.812221312223377,2.556541903209351,-7.922038108244477,2.666358699230451,0.5986380215089886,1.2,1.0,0.7028226154565121,0.0,0.0,0.1,265.2229919433594,419.77099609375,2.0
114810.0,25.0,10.0,4.0,-2.7829894541319784,-4.217434267960676,1.4344448138286974,-4.566375817535681,1.7833863634037024,-4.566375817535681,1.7833863634037024,0.348941549575005,1.0,0.75,0.47380799971279564,0.5,1.5,0.1,253.6230010986328,423.97100830078125,2.0
126042.0,26.0,10.0,4.0,-1.9332628000714116,-3.732024710869697,1.7987619107982853,-4.207799040906826,2.274536240835414,-4.207799040906826,2.274536240835414,0.4757743300371291,1.0,1.0,0.3600999510902846,0.0,0.0,0.09999999999999999,255.6230010986328,436.3710021972656,2.0
127290.0,27.0,10.0,4.0,-1.9042102111586292,-3.531530525838593,1.627320314679964,-3.926591466046041,2.022381254887412,-3.973091290563453,2.068881079404824,0.44156076472485983,1.2,0.75,0.35552588386304784,0.5,0.5,0.1,251.822998046875,437.77099609375,2.0
134778.0,28.0,10.0,4.0,-2.0993409954755418,-3.2587686113241783,1.1594276158486365,-3.438023333307076,1.3386823378315342,-3.438023333307076,1.3386823378315342,0.1792547219828977,1.0,1.0,0.3837797731169042,0.0,0.0,0.1,265.2229919433594,445.97100830078125,2.0
136025.0,29.0,10.0,4.0,-2.2694098172236186,-2.205860813085148,-0.06354900413847053,-2.0519621560387247,-0.2174476611848939,-2.442738020096055,0.17332820287243633,0.23687720701090687,0.2,1.0,0.4073270893621728,0.0,0.0,0.1,261.2229919433594,447.3710021972656,2.0
138521.0,30.0,10.0,4.0,-2.1494706177409633,-3.131445880395824,0.9819752626548608,-3.0542714321237483,0.904800814382785,-3.1297285012037213,0.980257883462758,-0.001717379192102797,0.6,0.75,0.39067896398782975,0.5,1.0,0.09999999999999998,253.6230010986328,450.1709899902344,2.0
139769.0,31.0,10.0,4.0,-3.389647077081624,-4.169006912676106,0.779359835594482,-4.234892039973683,0.8452449628920595,-4.234892039973683,0.8452449628920595,0.06588512729757756,1.0,1.0,0.5435213977259111,0.0,0.0,0.10000000000000005,249.822998046875,451.5710144042969,2.0
143513.0,32.0,10.0,4.0,-2.3382014511272535,-2.110508422893158,-0.22769302823409543,-2.166259473608597,-0.17194197751865659,-2.338201451127261,7.549516567451064e-15,0.22769302823410298,0.0,1.0,0.4173558322542483,0.0,0.0,0.1,274.62298583984375,455.5710144042969,2.0
154745.0,33.0,10.0,4.0,-2.811752489206193,-2.868002495970355,0.05625000676416203,-2.739330815404748,-0.07242167380144515,-2.9062842461158285,0.09453175690963533,0.0382817501454733,0.4,1.0,0.47706392903283784,0.0,0.0,0.09999999999999998,276.62298583984375,467.97100830078125,2.0
157241.0,34.0,10.0,4.0,-3.7172806014424746,-3.8965940498159206,0.17931344837344598,-3.9567349547639754,0.23945435332150078,-3.983520242171452,0.26623964072897754,0.08692619235553156,1.2,1.0,0.5764998288539697,0.0,0.0,0.10000000000000002,269.02301025390625,470.77099609375,2.0
162232.0,35.0,10.0,4.0,-2.299826855646154,-2.8210366428163987,0.5212097871702448,-3.1259626822380637,0.8261358265919099,-3.275685727981128,0.9758588723349741,0.45464908516472935,1.2,1.0,0.4119912912896409,0.0,0.0,0.09999999999999999,253.6230010986328,476.3710021972656,2.0
174712.0,36.0,10.0,4.0,-1.6193084692531499,-2.729250090666204,1.109941621413054,-2.8177389773702965,1.1984305081171467,-2.821974411374397,1.2026659421212473,0.09272432070819336,0.8,1.0,0.31217952723137604,0.0,0.0,0.1,251.822998046875,490.1709899902344,2.0
178456.0,37.0,10.0,4.0,-1.4933938549791916,-3.5796888506995654,2.086294995720374,-3.0417381126899623,1.5483442577107707,-3.533030581974464,2.039636726995272,-0.04665826872510159,0.6,0.5,0.29158313859484053,0.0,1.4142135623730951,0.1,276.62298583984375,494.1709899902344,2.0
179704.0,38.0,10.0,4.0,-1.2966658729948841,-1.820940012537484,0.5242741395425998,-1.8834028202359692,0.586736947241085,-1.8834028202359692,0.586736947241085,0.06246280769848522,1.0,1.0,0.2586634799004926,0.0,0.0,0.1,272.822998046875,495.5710144042969,2.0
180952.0,39.0,10.0,4.0,-1.2914441171719688,-2.08735258481543,0.7959084676434611,-2.206848274328696,0.9154041571567273,-2.206848274328696,0.9154041571567273,0.11949568951326617,1.0,1.0,0.258380957542421,0.0,0.0,0.09999999999999998,269.02301025390625,496.97100830078125,2.0
183447.0,40.0,10.0,4.0,-2.4812553652994023,-2.7096803428257665,0.22842497752636426,-2.763343920664188,0.2820885553647856,-2.7663299382013533,0.28507457290195104,0.05664959537558678,1.2,1.0,0.4359712897031161,0.0,0.0,0.10000000000000002,261.2229919433594,499.77099609375,2.0
189687.0,41.0,10.0,4.0,-1.1135420883783567,-2.0345303747947896,0.9209882864164329,-2.062572721050291,0.9490306326719342,-2.120376145108568,1.0068340567302114,0.08584577031377849,0.8,0.75,0.22717474914320226,0.5,0.7071067811865476,0.1,278.4230041503906,506.5710144042969,2.0
200919.0,42.0,10.0,4.0,-2.8411160054111857,-2.843343193671013,0.002227188259827262,-2.702989218482339,-0.13812678692884672,-2.902525285306889,0.06140927989570333,0.059182091635876066,0.2,1.0,0.48105926303017743,0.0,0.0,0.09999999999999999,244.22300720214844,519.1710205078125,2.0
204662.0,43.0,10.0,4.0,-2.21488201078297,-3.0259535312837453,0.8110715205007755,-2.9125788313932386,0.6976968206102687,-3.0248866163508485,0.8100046055678787,-0.0010669149328967897,0.6,1.0,0.4007133115243613,0.0,0.0,0.09999999999999999,268.822998046875,523.1710205078125,2.0
213398.0,44.0,10.0,4.0,-2.6113468599708405,-3.6176401971966223,1.0062933372257818,-3.500384777812515,0.8890379178416743,-3.6261558758804635,1.014809015909623,0.008515678683841177,0.6,1.0,0.45310827594985437,0.0,0.0,0.09999999999999998,278.4230041503906,532.77099609375,2.0
215894.0,45.0,10.0,4.0,-1.6158629598454375,-2.34696594367091,0.7311029838254723,-2.4422445459719646,0.8263815861265271,-2.4422445459719646,0.8263815861265271,0.09527860230105478,1.0,0.75,0.31161702590351853,0.5,0.5,0.09999999999999998,270.822998046875,535.5709838867188,2.0
227125.0,46.0,10.0,4.0,-1.5804469855316978,-2.847950994338708,1.26750400880701,-3.093425398567052,1.5129784130353543,-3.093425398567052,1.5129784130353543,0.24547440422834432,1.0,1.0,0.3055015020280015,0.0,0.0,0.1,272.62298583984375,547.9710083007812,2.0
230869.0,47.0,10.0,4.0,-2.1644864832217117,-2.2225421957625673,0.05805571254085562,-2.202716107407399,0.03822962418568743,-2.303640292900485,0.13915380967877322,0.0810980971379176,0.2,0.75,0.39297393808829517,0.5,1.5,0.1,261.2229919433594,552.1710205078125,2.0
232117.0,48.0,10.0,4.0,-2.360213553578409,-2.7739963022047216,0.4137827486263128,-2.644868268238929,0.2846547146605203,-2.7770576328737224,0.41684407929531364,0.003061330669000828,0.6,1.0,0.41958584695329404,0.0,0.0,0.1,257.4230041503906,553.5709838867188,2.0
244597.0,49.0,10.0,4.0,-3.6452971566748245,-3.9065590664316434,0.26126190975681896,-3.8491402777153305,0.20384312104050606,-3.9044709620465174,0.259173805371693,-0.002088104385125966,0.8,1.0,0.5686597537932778,0.0,0.0,0.1,255.6230010986328,567.3709716796875,2.0
248341.0,50.0,10.0,4.0,-1.6888033092761814,-2.2251377862096664,0.536334476933485,-2.0943998780164534,0.40559656874027206,-2.2175919643947783,0.528788655118597,-0.007545821814888054,0.6,1.0,0.32256924167659756,0.0,0.0,0.1,244.22300720214844,571.5709838867188,2.0
252084.0,51.0,10.0,4.0,-2.0237099918539605,-2.3589974673750254,0.33528747552106486,-2.4083146387257157,0.3846046468717552,-2.4083146387257157,0.3846046468717552,0.04931717135069036,1.0,0.75,0.3733699356854985,0.0,1.224744871391589,0.09999999999999998,268.822998046875,575.5709838867188,2.0
255828.0,52.0,10.0,4.0,-2.9533081130066186,-4.136654525109035,1.1833464121024169,-4.524136890595102,1.5708287775884835,-4.592111095944482,1.6388029829378632,0.45545657083544633,1.2,1.0,0.49470862575508845,0.0,0.0,0.1,257.4230041503906,579.77099609375,2.0
259572.0,53.0,10.0,4.0,-1.607726111825242,-2.1761677148737375,0.5684416030484956,-2.260984484728505,0.653258372903263,-2.260984484728505,0.653258372903263,0.0848167698547675,1.0,0.75,0.3098073482463096,0.0,1.224744871391589,0.1,246.0229949951172,583.9710083007812,2.0
260820.0,54.0,10.0,4.0,-1.831256326700683,-3.0207340798236375,1.1894777531229546,-2.8451013646375385,1.0138450379368555,-3.0347683658772455,1.2035120391765626,0.014034286053608014,0.8,0.75,0.3450499777820864,0.0,1.118033988749895,0.1,278.4230041503906,585.1710205078125,2.0
264564.0,55.0,10.0,4.0,-1.9804550155854248,-2.4337272600305866,0.4532722444451618,-2.4060285430173547,0.4255735274319299,-2.4391343621551878,0.45867934656976295,0.00540710212460116,0.8,1.0,0.3672659789723704,0.0,0.0,0.10000000000000002,267.02301025390625,589.3709716796875,2.0
269556.0,56.0,10.0,4.0,-1.4442321768460622,-2.190289441548815,0.746057264702753,-2.313954150241882,0.8697219733958197,-2.313954150241882,0.8697219733958197,0.12366470869306667,1.0,0.75,0.28410097226499303,1.0,0.0,0.10000000000000005,251.822998046875,594.9710083007812,2.0
270804.0,57.0,10.0,4.0,-1.636391321694171,-2.7672758653383065,1.1308845436441355,-3.1438004453728725,1.5074091236787015,-3.183187875532113,1.5467965538379418,0.4159120101938063,1.2,0.75,0.31477611096302793,0.7071067811865476,1.118033988749895,0.1,248.0229949951172,596.3709716796875,2.0
272051.0,58.0,10.0,4.0,-1.6921799242198876,-2.0946384040102064,0.4024584797903188,-2.409293298243517,0.7171133740236293,-2.612576225196259,0.9203963009763716,0.5179378211860528,1.2,0.75,0.32326653971467667,0.5,1.0,0.1,244.0229949951172,597.77099609375,2.0
273299.0,59.0,10.0,4.0,-1.6573102410444454,-1.6419251382285374,-0.015385102815907992,-1.4452189849292822,-0.2120912561151631,-1.7726428441796833,0.11533260313523797,0.13071770595114596,0.2,0.75,0.3181984909279116,0.0,1.0,0.1,276.4230041503906,598.9710083007812,2.0
279539.0,60.0,10.0,4.0,-3.552494251209362,-3.8968274050276577,0.34433315381829566,-3.7440325214568135,0.19153827024745151,-3.89796235420061,0.34546810299124786,0.0011349491729522043,0.6,1.0,0.5592518654261905,0.0,0.0,0.10000000000000002,257.4230041503906,605.9710083007812,2.0
285779.0,61.0,10.0,4.0,-3.7247903124574187,-4.294123062609293,0.5693327501518741,-4.339632619079876,0.6148423066224575,-4.340305460748753,0.6155151482913341,0.04618239813946001,0.8,1.0,0.5764991105747752,0.0,0.0,0.1,274.62298583984375,612.77099609375,2.0
287027.0,62.0,10.0,4.0,-4.387205101369957,-4.605794797869084,0.2185896964991274,-4.47262451366985,0.0854194122998937,-4.612117088185857,0.22491198681590063,0.006322290316773227,0.6,1.0,0.6366224286443163,0.0,0.0,0.10000000000000002,270.822998046875,614.1710205078125,2.0
304498.0,63.0,10.0,4.0,-3.8427486540168254,-4.831399489253271,0.9886508352364456,-4.4693560481782555,0.6266073941614301,-4.810981802507205,0.9682331484903792,-0.020417686746066366,0.6,1.0,0.5876288158453101,0.0,0.0,0.10000000000000002,253.6230010986328,633.5709838867188,2.0
311986.0,64.0,10.0,4.0,-2.325349492671479,-2.686840623776959,0.36149113110548026,-2.7107766562584246,0.38542716358694573,-2.720187309595408,0.3948378169239293,0.03334668581844902,0.8,1.0,0.4167947318165541,0.0,0.0,0.1,267.02301025390625,641.77099609375,2.0
316977.0,65.0,10.0,4.0,-1.4179372465105424,-2.0954607452821365,0.6775234987715941,-2.2378349080468727,0.8198976615363303,-2.24679855853318,0.8288613120226374,0.15133781325104323,1.2,0.75,0.27993545491255906,0.0,0.5,0.10000000000000002,251.6230010986328,647.3709716796875,2.0
319473.0,66.0,10.0,4.0,-2.151543372817155,-2.090478484507069,-0.06106488831008594,-2.044089071463056,-0.10745430135409917,-2.2068271066220086,0.05528373380485352,0.11634862211493946,0.2,0.75,0.3913841475810438,0.0,1.3228756555322954,0.1,244.0229949951172,650.1710205078125,2.0
323217.0,67.0,10.0,4.0,-2.620780695069706,-5.688239226419398,3.067458531349692,-6.030206759662393,3.409426064592687,-6.12983451818476,3.5090538231150536,0.4415952917653616,0.8,1.0,0.45351181281170994,0.0,0.0,0.1,268.822998046875,654.1710205078125,2.0
336945.0,68.0,10.0,4.0,-2.85535537487628,-4.793686805981108,1.9383314311048276,-5.0392061585035695,2.1838507836272893,-5.0392061585035695,2.1838507836272893,0.2455193525224617,1.0,1.0,0.4821939140420844,0.0,0.0,0.1,263.2229919433594,669.3709716796875,2.0
340688.0,69.0,10.0,4.0,-4.246641826843015,-4.755607426766677,0.5089655999236617,-4.204118129500767,-0.042523697342248035,-4.89731949103011,0.6506776641870955,0.14171206426343375,0.4,1.0,0.6245824019368356,0.0,0.0,0.10000000000000002,251.6230010986328,673.5709838867188,2.0
353168.0,70.0,10.0,4.0,-2.0835793563488543,-4.005764814381675,1.9221854580328208,-4.49981246511858,2.4162331087697253,-4.5106543076988,2.427074951349946,0.5048894933171253,1.2,1.0,0.38211947014652636,0.0,0.0,0.09999999999999998,249.822998046875,687.3709716796875,2.0
355664.0,71.0,10.0,4.0,-2.081188208348643,-1.8254074836177896,-0.2557807247308532,-1.8678165056284637,-0.21337170272017913,-2.081188208348644,1.3322676295501878e-15,0.25578072473085456,0.0,1.0,0.3811845781972316,0.0,0.0,0.1,278.4230041503906,689.9710083007812,2.0
359408.0,72.0,10.0,4.0,-2.0326071946004265,-3.0787631024737347,1.0461559078733083,-3.3991718726508147,1.3665646780503882,-3.477838112353047,1.4452309177526206,0.3990750098793123,1.2,1.0,0.3743994008601766,0.0,0.0,0.1,267.02301025390625,694.1710205078125,2.0
361904.0,73.0,10.0,4.0,-2.1136199732599352,-3.5577015894580875,1.4440816161981522,-3.164364618736636,1.0507446454767009,-3.546702567020787,1.4330825937608518,-0.010999022437300443,0.8,0.75,0.3857316256268238,0.0,1.0,0.1,259.4230041503906,696.9710083007812,2.0
363151.0,74.0,10.0,4.0,-2.165201877955066,-2.663397183383234,0.49819530542816803,-2.6354503873233353,0.4702485093682691,-2.683758160433944,0.5185562824788779,0.020360977050709828,0.8,1.0,0.39286159157156375,0.0,0.0,0.09999999999999998,255.42300415039062,698.3709716796875,2.0
365647.0,75.0,10.0,4.0,-1.7788014058436925,-3.3932783963693502,1.6144769905256577,-3.5504466198889033,1.7716452140452108,-3.559129699327382,1.7803282934836897,0.16585130295803197,0.8,1.0,0.3371035088453778,0.0,0.0,0.10000000000000002,247.822998046875,701.1710205078125,2.0
370639.0,76.0,10.0,4.0,-1.6763172416951737,-5.058249166028651,3.3819319243334776,-6.314522345259083,4.638205103563909,-6.314522345259083,4.638205103563909,1.2562731792304316,1.0,1.0,0.3225665966970066,0.0,0.0,0.09999999999999998,268.822998046875,706.5709838867188,2.0
383119.0,77.0,10.0,4.0,-3.2433670166666415,-4.328421237990968,1.0850542213243264,-4.5443736366215335,1.301006619954892,-4.60771731961255,1.3643503029459083,0.2792960816215819,1.2,1.0,0.5268658981744851,0.0,0.0,0.09999999999999998,267.02301025390625,720.3709716796875,2.0
395598.0,78.0,10.0,4.0,-1.9062877213105691,-2.613702462482757,0.7074147411721878,-2.7170708075358982,0.8107830862253291,-2.7170708075358982,0.8107830862253291,0.1033683450531413,1.0,1.0,0.3560409486701272,0.0,0.0,0.1,265.02301025390625,734.1710205078125,2.0
403086.0,79.0,10.0,4.0,-1.4558147955996272,-2.083137071201972,0.6273222756023449,-2.1177478240410212,0.661933028441394,-2.132192532771021,0.6763777371713937,0.04905546156904883,0.8,0.75,0.28521369123119217,1.0,0.7071067811865476,0.10000000000000005,278.4230041503906,742.3709716796875,2.0
408077.0,80.0,10.0,4.0,-1.3212136011741318,-2.1386853837766524,0.8174717826025206,-2.3510723343558757,1.029858733181744,-2.370141928558453,1.0489283273843213,0.23145654478180067,1.2,1.0,0.2632291483741,0.0,0.0,0.1,263.02301025390625,747.9710083007812,2.0
410573.0,81.0,10.0,4.0,-1.9352865836930548,-3.8878392442733265,1.9525526605802717,-3.9698622968529507,2.034575713159896,-4.067520651958444,2.132234068265389,0.1796814076851172,0.8,1.0,0.35980850168986594,0.0,0.0,0.09999999999999998,255.42300415039062,750.77099609375,2.0
411821.0,82.0,10.0,4.0,-1.8313828735321183,-2.6488328704577557,0.8174499969256375,-2.8123113533905726,0.9809284798584543,-2.8123113533905726,0.9809284798584543,0.16347848293281686,1.0,1.0,0.3446778947995764,0.0,0.0,0.1,251.6230010986328,752.1710205078125,2.0
416813.0,83.0,10.0,4.0,-1.6036960602754882,-1.7248403367848297,0.12114427650934156,-1.5606605543222132,-0.04303550595327499,-1.7305585705727458,0.1268625102972576,0.005718233787916027,0.6,1.0,0.31007150861204813,0.0,0.0,0.1,272.62298583984375,757.5709838867188,2.0
418061.0,84.0,10.0,4.0,-2.2445442858301616,-2.5940895892270306,0.34954530339686896,-2.4546122690804566,0.21006798325029497,-2.5927207075104093,0.34817642168024765,-0.0013688817166213063,0.6,1.0,0.4044604001167491,0.0,0.0,0.1,268.822998046875,758.9710083007812,2.0
419309.0,85.0,10.0,4.0,-4.081093114164386,-4.373234453707602,0.29214133954321664,-4.243585403121649,0.16249228895726375,-4.368548775942571,0.2874556617781856,-0.004685677765031038,0.6,0.75,0.609796502277482,0.0,1.0,0.09999999999999999,265.02301025390625,760.3709716796875,2.0
420557.0,86.0,10.0,4.0,-1.9534152205483606,-1.7627457425254205,-0.1906694780229401,-1.7836915892721588,-0.16972363127620183,-1.9534152205483568,-3.774758283725532e-15,0.19066947802293632,0.0,0.75,0.3637005705958333,0.0,0.8660254037844386,0.1,261.2229919433594,761.77099609375,2.0
423053.0,87.0,10.0,4.0,-5.531948023504388,-6.773669261647676,1.2417212381432883,-6.936003193864428,1.4040551703600403,-6.9519399786938365,1.4199919551894489,0.1782707170461606,1.2,1.0,0.720833663587879,0.0,0.0,0.09999999999999998,253.6230010986328,764.5709838867188,2.0
428045.0,88.0,10.0,4.0,-1.6029838345255498,-1.880651904901454,0.27766807037590424,-1.8834675199754218,0.280483685449872,-1.8955484684436066,0.29256463391805676,0.014896563542152519,0.8,1.0,0.3090526176195573,0.0,0.0,0.1,274.62298583984375,769.9710083007812,2.0
444268.0,89.0,10.0,4.0,-2.395118268877243,-5.564854737838056,3.1697364689608127,-6.126512411621475,3.7313941427442314,-6.126512411621475,3.7313941427442314,0.5616576737834187,1.0,1.0,0.42457665050733406,0.0,0.0,0.10000000000000002,261.2229919433594,787.9710083007812,2.0
445516.0,90.0,10.0,4.0,-1.3757800522197026,-2.567529279011018,1.1917492267913152,-2.9195887970648933,1.5438087448451907,-3.002262179610258,1.6264821273905556,0.4347329005992404,1.2,0.75,0.2720150736530367,0.0,1.5,0.09999999999999998,257.4230041503906,789.3709716796875,2.0
450508.0,91.0,10.0,4.0,-1.1976925342791198,-1.8160660609423538,0.618373526663234,-1.9692143610900856,0.7715218268109658,-1.9737645454465935,0.7760720111674737,0.15769848450423973,1.2,0.75,0.24187694788176556,0.0,0.7071067811865476,0.09999999999999996,278.4230041503906,794.77099609375,2.0
455499.0,92.0,10.0,4.0,-4.520400418426805,-5.420445795696663,0.9000453772698584,-4.962496985397019,0.44209656697021416,-5.438747650837011,0.9183472324102064,0.01830185514034799,0.6,1.0,0.6476236667846351,0.0,0.0,0.10000000000000002,263.02301025390625,800.3709716796875,2.0
456747.0,93.0,10.0,4.0,-2.997102533670687,-2.876433035475288,-0.12066949819539907,-2.7180375602560796,-0.27906497341460756,-3.0415738422209393,0.044471308550252164,0.16514080674565124,0.2,1.0,0.49905831775534365,0.0,0.0,0.1,259.2229919433594,801.77099609375,2.0
459243.0,94.0,10.0,4.0,-1.4859822646684222,-1.6225271099901377,0.1365448453217155,-1.6272490080856972,0.14126674341727496,-1.6272490080856972,0.14126674341727496,0.004721898095559451,1.0,1.0,0.2907030849706236,0.0,0.0,0.10000000000000002,251.6230010986328,804.5709838867188,2.0
469227.0,95.0,10.0,4.0,-2.946007207967462,-4.042998896783544,1.096991688816082,-4.262926239632614,1.3169190316651522,-4.266074563024715,1.3200673550572533,0.22307566624117126,1.2,1.0,0.4927654969332879,0.0,0.0,0.09999999999999998,257.4230041503906,815.5709838867188,2.0
485450.0,96.0,10.0,4.0,-3.1346442287269256,-3.9339855457807023,0.7993413170537766,-3.804643636098751,0.6699994073718254,-3.9262906207045063,0.7916463919775807,-0.0076949250761959576,0.6,1.0,0.5145453965706158,0.0,0.0,0.1,244.0229949951172,833.5709838867188,2.0
486698.0,97.0,10.0,4.0,-1.1298311000720465,-1.4934797014397316,0.3636486013676852,-1.4679110664472204,0.3380799663751739,-1.5028035934780735,0.372972493406027,0.00932389203834183,0.8,0.75,0.23081292303739676,1.5,0.5,0.09999999999999999,276.4230041503906,834.77099609375,2.0
487946.0,98.0,10.0,4.0,-1.5007123669967584,-1.7310462895927157,0.2303339225959573,-1.7295041913270182,0.2287918243302598,-1.7414620012604867,0.2407496342637283,0.010415711667771,0.8,1.0,0.29236293054410856,0.0,0.0,0.09999999999999999,272.62298583984375,836.1710205078125,2.0
495434.0,99.0,10.0,4.0,-3.3198557148639365,-3.077319984771822,-0.2425357300921145,-2.8901459491000447,-0.42970976576389175,-3.3277625186597835,0.007906803795846962,0.25044253388796145,0.2,1.0,0.5349424790389504,0.0,0.0,0.09999999999999999,249.822998046875,844.5709838867188,2.0
1247.0,0.0,10.0,8.0,-2.2769606898989143,-2.708780822277684,0.4318201323787698,-2.704823798660702,0.4278631087617879,-2.7304759708172326,0.4535152809183183,0.02169514853954846,0.8,0.875,0.40934655109208273,0.0,0.7071067811865476,0.1,274.62298583984375,298.3710021972656,2.0
4991.0,1.0,10.0,8.0,-3.691829817172694,-6.006941037032087,2.315111219859393,-6.0326501721455745,2.3408203549728803,-6.065893348100432,2.374063530927738,0.058952311068344976,0.8,1.0,0.5737797034166646,0.0,0.0,0.10000000000000002,263.2229919433594,302.5710144042969,2.0
9983.0,2.0,10.0,8.0,-3.198344458203162,-4.137065446359646,0.9387209881564837,-4.096507319716677,0.8981628615135149,-4.1611687746152155,0.9628243164120533,0.0241033282555696,0.8,0.875,0.5233371676885133,0.0,1.0606601717798212,0.1,248.0229949951172,308.1709899902344,2.0
18719.0,3.0,10.0,8.0,-6.952602125677743,-6.952602125677738,-4.440892098500626e-15,-6.952602125677737,-5.329070518200751e-15,-6.952602125677738,-4.440892098500626e-15,0.0,0.0,1.0,0.799568695977436,0.0,0.0,0.09999999999999999,257.62298583984375,317.77099609375,2.0
19967.0,4.0,10.0,8.0,-4.833585238270927,-5.215121167313971,0.3815359290430438,-5.2309945975628835,0.39740935929195675,-5.232031275671032,0.3984460374001051,0.016910108357061304,0.8,0.875,0.6727808097846655,0.0,1.0606601717798212,0.1,253.822998046875,319.1709899902344,2.0
33694.0,5.0,10.0,8.0,-3.9864764024220607,-7.269449635131332,3.2829732327092715,-7.182929670126411,3.1964532677043502,-7.252936369184535,3.2664599667624747,-0.016513265946796807,0.6,1.0,0.6020661980019735,0.0,0.0,0.10000000000000005,248.0229949951172,334.3710021972656,2.0
44926.0,6.0,10.0,8.0,-2.818457690376413,-4.121617087850014,1.303159397473601,-4.249372363536482,1.430914673160069,-4.249372363536482,1.430914673160069,0.12775527568646794,1.0,1.0,0.47813328093638574,0.0,0.0,0.1,250.0229949951172,346.77099609375,2.0
46173.0,7.0,10.0,8.0,-8.439018345257491,-10.728408344655564,2.2893899993980735,-9.806675722797253,1.3676573775397625,-10.720460388255438,2.2814420429979467,-0.007947956400126799,0.6,1.0,0.8574858885267792,0.0,0.0,0.09999999999999999,246.0229949951172,348.1709899902344,2.0
51165.0,8.0,10.0,8.0,-6.5009325372609545,-8.145893943328828,1.644961406067873,-8.188109329381577,1.6871767921206224,-8.211279828318006,1.710347291057051,0.06538588498917797,0.8,1.0,0.7772334449121208,0.0,0.0,0.10000000000000002,267.02301025390625,353.5710144042969,2.0
57405.0,9.0,10.0,8.0,-4.56434681169133,-4.760182326467325,0.19583551477599492,-4.694885691938957,0.13053888024762728,-4.7686331382913,0.20428632659996993,0.008450811823975002,0.4,0.875,0.6516212021426742,0.5,0.7905694150420949,0.10000000000000002,248.0229949951172,360.5710144042969,2.0
64893.0,10.0,10.0,8.0,-11.161952269979299,-11.21184585687535,0.049893586896050834,-10.05154554563365,-1.1104067243456495,-11.564918802129064,0.4029665321497653,0.35307294525371447,0.4,1.0,0.9258932449152258,0.0,0.0,0.10000000000000002,261.4230041503906,368.77099609375,2.0
66141.0,11.0,10.0,8.0,-7.527571129842341,-10.255728999420002,2.728157869577661,-9.629545585875782,2.1019744560334406,-10.22157885098251,2.694007721140169,-0.03415014843749198,0.6,1.0,0.8244346893299132,0.0,0.0,0.1,257.62298583984375,370.1709899902344,2.0
72380.0,12.0,10.0,8.0,-3.412172888891434,-4.970593956690672,1.5584210677992374,-5.102951047269128,1.690778158377694,-5.102951047269128,1.690778158377694,0.13235709057845657,1.0,0.75,0.5459290197768789,0.0,0.7905694150420949,0.1,274.62298583984375,376.97100830078125,2.0
73628.0,13.0,10.0,8.0,-3.6531708862217913,-6.023892657956101,2.37072177173431,-6.195797220804843,2.5426263345830513,-6.2332700232194105,2.580099136997619,0.2093773652633093,0.8,0.75,0.5716052249464132,0.7905694150420949,0.8660254037844386,0.10000000000000002,270.822998046875,378.3710021972656,2.0
77372.0,14.0,10.0,8.0,-5.945761454634667,-9.282500398461313,3.3367389438266457,-10.178575774741654,4.232814320106987,-10.178575774741654,4.232814320106987,0.8960753762803417,1.0,1.0,0.7467036475179805,0.0,0.0,0.1,259.4230041503906,382.5710144042969,2.0
78620.0,15.0,10.0,8.0,-3.5794857944473595,-6.2334969440043295,2.65401114955697,-7.0898030127311475,3.510317218283788,-7.0898030127311475,3.510317218283788,0.856306068726818,1.0,1.0,0.5628982125792676,0.0,0.0,0.10000000000000002,255.6230010986328,383.97100830078125,2.0
79868.0,16.0,10.0,8.0,-3.4588782529587423,-6.9011323224635746,3.4422540695048323,-6.973802412645746,3.514924159687004,-7.087478011624201,3.628599758665459,0.18634568916062655,0.8,0.875,0.5503487350549994,0.0,0.7905694150420949,0.10000000000000002,251.822998046875,385.3710021972656,2.0
87356.0,17.0,10.0,8.0,-4.487089030074757,-7.683241274301981,3.196152244227224,-7.775684838693463,3.288595808618706,-7.835376386786629,3.3482873567118716,0.15213511248464773,0.8,1.0,0.6457459168305265,0.0,0.0,0.1,265.2229919433594,393.5710144042969,2.0
88604.0,18.0,10.0,8.0,-4.519375774721821,-8.009095252622139,3.4897194779003176,-8.974572484659184,4.455196709937363,-9.11743486217717,4.598059087455349,1.1083396095550313,1.2,0.875,0.6478857763137383,0.0,0.7071067811865476,0.09999999999999998,261.4230041503906,394.97100830078125,2.0
93595.0,19.0,10.0,8.0,-2.839046859372118,-5.848787701882858,3.00974084251074,-6.122216728866908,3.28316986949479,-6.132428075632175,3.293381216260057,0.28364037374931694,0.8,0.875,0.48139230426277235,0.0,0.5,0.1,246.0229949951172,400.5710144042969,2.0
94843.0,20.0,10.0,8.0,-3.0836187189746154,-6.399961177299367,3.316342458324752,-6.895599705014995,3.8119809860403793,-6.895599705014995,3.8119809860403793,0.4956385277156272,1.0,1.0,0.5107204192746382,0.0,0.0,0.1,278.4230041503906,401.77099609375,2.0
97339.0,21.0,10.0,8.0,-4.5846830931839575,-6.558462869497189,1.9737797763132319,-7.111762606018358,2.5270795128344004,-7.338338800977503,2.7536557077935457,0.7798759314803139,1.2,0.875,0.653045084788152,0.5,0.7905694150420949,0.09999999999999998,270.822998046875,404.5710144042969,2.0
106075.0,22.0,10.0,8.0,-4.776692414434328,-5.312886761834702,0.5361943474003734,-5.072581459781836,0.2958890453475078,-5.331348220468975,0.5546558060346465,0.018461458634273065,0.4,1.0,0.6682334419188851,0.0,0.0,0.09999999999999998,244.22300720214844,414.3710021972656,2.0
109819.0,23.0,10.0,8.0,-5.563326556985321,-6.665126085167655,1.101799528182334,-6.253293816934225,0.6899672599489044,-6.67915202068888,1.1158254637035592,0.014025935521225108,0.6,0.875,0.7233355090964433,0.3535533905932738,0.8660254037844386,0.10000000000000005,269.02301025390625,418.3710021972656,2.0
111067.0,24.0,10.0,8.0,-8.82866503358208,-8.828665033582087,7.105427357601002e-15,-8.828665033582087,7.105427357601002e-15,-8.828665033582087,7.105427357601002e-15,0.0,0.6,1.0,0.87134976566271,0.0,0.0,0.1,265.2229919433594,419.77099609375,2.0
114810.0,25.0,10.0,8.0,-5.941661192106688,-6.956357471892133,1.0146962797854453,-6.48714073353843,0.5454795414317424,-7.121025374726945,1.1793641826202572,0.16466790283481192,0.4,1.0,0.7466385115355344,0.0,0.0,0.1,253.6230010986328,423.97100830078125,2.0
126042.0,26.0,10.0,8.0,-3.797832826447865,-7.905701431641878,4.107868605194014,-8.192891755017609,4.395058928569744,-8.23707481359695,4.439241987149085,0.33137338195507127,0.8,0.875,0.5839991885914327,0.0,0.7905694150420949,0.09999999999999999,255.6230010986328,436.3710021972656,2.0
127290.0,27.0,10.0,8.0,-3.463805332641463,-6.875075261650466,3.4112699290090025,-7.256507530780807,3.792702198139344,-7.256507530780807,3.792702198139344,0.38143226913034134,1.0,1.0,0.5507952973723107,0.0,0.0,0.1,251.822998046875,437.77099609375,2.0
134778.0,28.0,10.0,8.0,-3.615203401060276,-4.803605261010425,1.1884018599501491,-4.819950234296471,1.2047468332361948,-4.851245727286286,1.23604232622601,0.04764046627586094,0.8,0.875,0.5659285811214279,0.0,1.0,0.1,265.2229919433594,445.97100830078125,2.0
136025.0,29.0,10.0,8.0,-4.339818797801637,-5.444496579481326,1.1046777816796887,-5.171094617782964,0.831275819981327,-5.512127842407045,1.1723090446054076,0.06763126292571897,0.4,1.0,0.6328467809579952,0.0,0.0,0.1,261.2229919433594,447.3710021972656,2.0
138521.0,30.0,10.0,8.0,-4.391842915392086,-5.149308651303431,0.757465735911345,-4.905958810416277,0.5141158950241911,-5.253434104256126,0.8615911888640397,0.10412545295269471,0.4,1.0,0.637323877690462,0.0,0.0,0.09999999999999998,253.6230010986328,450.1709899902344,2.0
139769.0,31.0,10.0,8.0,-6.686781466454784,-7.701135353916088,1.0143538874613043,-7.28046840248891,0.5936869360341257,-7.7026779153310905,1.0158964488763065,0.0015425614150021971,0.6,1.0,0.7880411227598462,0.0,0.0,0.10000000000000005,249.822998046875,451.5710144042969,2.0
143513.0,32.0,10.0,8.0,-4.4674823847635174,-3.503489296078151,-0.9639930886853665,-3.2060908892124074,-1.26139149555111,-4.467482384763523,5.329070518200751e-15,0.9639930886853718,0.0,0.875,0.6447286545119695,0.3535533905932738,0.3535533905932738,0.1,274.62298583984375,455.5710144042969,2.0
154745.0,33.0,10.0,8.0,-4.643087755100697,-4.667754895844843,0.02466714074414611,-4.232670574810376,-0.41041718029032115,-4.839792138664335,0.19670438356363817,0.17203724281949206,0.4,0.875,0.6582262418923001,0.5,0.6123724356957945,0.09999999999999998,276.62298583984375,467.97100830078125,2.0
157241.0,34.0,10.0,8.0,-5.6770635899690705,-5.930737024938013,0.2536734349689427,-5.775773412532796,0.09870982256372596,-5.956181521165746,0.2791179311966756,0.025444496227732927,0.4,0.875,0.7315099480792978,0.3535533905932738,0.7071067811865476,0.10000000000000002,269.02301025390625,470.77099609375,2.0
162232.0,35.0,10.0,8.0,-3.914269832029787,-5.023770295426418,1.1095004633966314,-5.4800296380974824,1.5657598060676956,-5.606431820572344,1.6921619885425572,0.5826615251459257,1.2,1.0,0.5957439271706847,0.0,0.0,0.09999999999999999,253.6230010986328,476.3710021972656,2.0
174712.0,36.0,10.0,8.0,-3.10639527341377,-4.160987829993853,1.0545925565800829,-5.709850904661955,2.6034556312481856,-5.751763413953956,2.645368140540186,1.5907755839601032,1.2,0.875,0.5127971181912199,0.0,0.7071067811865476,0.1,251.822998046875,490.1709899902344,2.0
178456.0,37.0,10.0,8.0,-3.6478408959201265,-8.336719518512117,4.688878622591991,-8.192558790766334,4.544717894846208,-8.80158972038225,5.153748824462124,0.4648702018701325,0.8,1.0,0.5694676596083662,0.0,0.0,0.1,276.62298583984375,494.1709899902344,2.0
179704.0,38.0,10.0,8.0,-2.4849545655127483,-3.0375337151326103,0.552579149619862,-3.0087363825853863,0.523781817072638,-3.035119567820815,0.5501650023080669,-0.002414147311795123,0.6,1.0,0.43659321469282997,0.0,0.0,0.1,272.822998046875,495.5710144042969,2.0
180952.0,39.0,10.0,8.0,-2.4427279605002696,-2.558563477865255,0.11583551736498521,-2.5261885008455427,0.08346054034527306,-2.6412970593132363,0.1985690988129667,0.08273358144798149,0.4,0.75,0.43220691120915034,0.3535533905932738,0.7905694150420949,0.09999999999999998,269.02301025390625,496.97100830078125,2.0
183447.0,40.0,10.0,8.0,-4.233921225774231,-4.761073339422181,0.5271521136479498,-4.8986002692439605,0.6646790434697296,-4.8986002692439605,0.6646790434697296,0.13752692982177983,1.0,0.875,0.6243064804618365,0.3535533905932738,0.7071067811865476,0.10000000000000002,261.2229919433594,499.77099609375,2.0
189687.0,41.0,10.0,8.0,-2.1061836271253487,-2.6343759848775585,0.5281923577522099,-2.607871296276504,0.5016876691511554,-2.6314332505731217,0.525249623447773,-0.0029427343044368115,0.6,0.875,0.38561535731795504,0.5,0.5,0.1,278.4230041503906,506.5710144042969,2.0
200919.0,42.0,10.0,8.0,-4.925712264898317,-5.024553488162818,0.0988412232645004,-4.994015469036844,0.06830320413852675,-5.046392225112458,0.12067996021414107,0.02183873694964067,0.4,1.0,0.6796037240806962,0.0,0.0,0.09999999999999999,244.22300720214844,519.1710205078125,2.0
204662.0,43.0,10.0,8.0,-4.19636300587277,-4.558728327514129,0.3623653216413594,-4.464419368068983,0.2680563621962131,-4.620070545802523,0.42370753992975363,0.06134221828839426,0.4,0.875,0.6225994843068058,0.0,0.3535533905932738,0.09999999999999999,268.822998046875,523.1710205078125,2.0
213398.0,44.0,10.0,8.0,-4.820251726328733,-5.644692819945764,0.8244410936170308,-5.488386402286929,0.6681346759581963,-5.756838180647048,0.9365864543183147,0.11214536070128389,0.4,1.0,0.672606270905507,0.0,0.0,0.09999999999999998,278.4230041503906,532.77099609375,2.0
215894.0,45.0,10.0,8.0,-3.4225005859748077,-4.370700249280931,0.9481996633061236,-4.187569270816653,0.7650686848418458,-4.382868289233169,0.9603677032583615,0.012168039952237919,0.6,1.0,0.5463933609467351,0.0,0.0,0.09999999999999998,270.822998046875,535.5709838867188,2.0
227125.0,46.0,10.0,8.0,-3.011494338423302,-4.356215524582871,1.344721186159569,-4.381782716240588,1.3702883778172859,-4.407531160106145,1.3960368216828427,0.051315635523273784,0.8,1.0,0.5019171294371023,0.0,0.0,0.1,272.62298583984375,547.9710083007812,2.0
230869.0,47.0,10.0,8.0,-4.0605261537274195,-4.6219742691811785,0.561448115453759,-4.292738076031323,0.23221192230390386,-4.638061744900192,0.5775355911727722,0.016087475719013256,0.6,1.0,0.608818518064243,0.0,0.0,0.1,261.2229919433594,552.1710205078125,2.0
232117.0,48.0,10.0,8.0,-4.346547047654531,-4.344443470461891,-0.0021035771926403157,-4.058703585797599,-0.2878434618569319,-4.47767766814131,0.13113062048677904,0.13323419767941935,0.2,1.0,0.6328913462603926,0.0,0.0,0.1,257.4230041503906,553.5709838867188,2.0
244597.0,49.0,10.0,8.0,-8.186661557206026,-8.428729944576355,0.24206838737032932,-7.764300705218947,-0.4223608519870794,-8.65573680104734,0.4690752438413135,0.22700685647098418,0.4,1.0,0.8490330165919902,0.0,0.0,0.1,255.6230010986328,567.3709716796875,2.0
248341.0,50.0,10.0,8.0,-3.0311884607569652,-6.222853630924304,3.1916651701673384,-6.654304125213605,3.6231156644566394,-6.654304125213605,3.6231156644566394,0.43145049428930093,1.0,1.0,0.5039893003881936,0.0,0.0,0.1,244.22300720214844,571.5709838867188,2.0
252084.0,51.0,10.0,8.0,-3.654459288534624,-3.819761477090788,0.16530218855616408,-3.614733005529982,-0.03972628300464187,-3.8595512837935733,0.2050919952589494,0.03978980670278531,0.4,1.0,0.5709698703057605,0.0,0.0,0.09999999999999998,268.822998046875,575.5709838867188,2.0
255828.0,52.0,10.0,8.0,-4.831522176221573,-6.469081811987005,1.6375596357654318,-7.139500509627611,2.307978333406038,-7.373150482734136,2.541628306512563,0.9040686707471313,1.2,0.875,0.6728465628960351,0.5,0.7071067811865476,0.1,257.4230041503906,579.77099609375,2.0
259572.0,53.0,10.0,8.0,-3.8142920205864135,-7.764829412916054,3.9505373923296405,-7.639924915676433,3.8256328950900196,-8.16953781872153,4.355245798135116,0.40470840580547573,0.8,1.0,0.5858059005731051,0.0,0.0,0.1,246.0229949951172,583.9710083007812,2.0
260820.0,54.0,10.0,8.0,-4.731970662493593,-8.951997424112552,4.220026761618959,-7.3907368375327405,2.6587661750391476,-8.856207930842713,4.12423726834912,-0.0957894932698391,0.6,1.0,0.6652226544511327,0.0,0.0,0.1,278.4230041503906,585.1710205078125,2.0
264564.0,55.0,10.0,8.0,-3.284773111612302,-3.5627779745433603,0.2780048629310583,-3.3881109085956638,0.10333779698336176,-3.6316552810231655,0.3468821694108635,0.06887730647980517,0.4,1.0,0.5323435760696237,0.0,0.0,0.10000000000000002,267.02301025390625,589.3709716796875,2.0
269556.0,56.0,10.0,8.0,-2.8467842800197407,-4.44964142962063,1.6028571496008897,-4.886261597878004,2.0394773178582635,-4.886261597878004,2.0394773178582635,0.4366201682573738,1.0,1.0,0.4823398129576705,0.0,0.0,0.10000000000000005,251.822998046875,594.9710083007812,2.0
270804.0,57.0,10.0,8.0,-3.461827415257441,-6.013395979719731,2.5515685644622903,-6.455244581201778,2.993417165944337,-6.455244581201778,2.993417165944337,0.44184860148204663,1.0,1.0,0.5517939154960894,0.0,0.0,0.1,248.0229949951172,596.3709716796875,2.0
272051.0,58.0,10.0,8.0,-3.834441070396964,-5.673913091883779,1.8394720214868148,-5.589483710558085,1.755042640161121,-5.732669162196638,1.898228091799674,0.05875607031285934,0.8,0.875,0.5879735274890906,0.0,0.3535533905932738,0.1,244.0229949951172,597.77099609375,2.0
273299.0,59.0,10.0,8.0,-3.074091931814996,-2.9258595369217266,-0.14823239489326934,-2.5185657417773237,-0.5555261900376722,-3.1936400674463474,0.11954813563135147,0.2677805305246208,0.2,0.75,0.5090619223498113,0.0,0.9354143466934853,0.1,276.4230041503906,598.9710083007812,2.0
279539.0,60.0,10.0,8.0,-4.509336802756588,-5.205075337511875,0.6957385347552876,-4.926874578391564,0.41753777563497607,-5.206720389807908,0.6973835870513208,0.0016450522960331782,0.6,0.875,0.6477320811915105,1.4142135623730951,0.3535533905932738,0.10000000000000002,257.4230041503906,605.9710083007812,2.0
285779.0,61.0,10.0,8.0,-5.734099089097593,-6.126848949418383,0.39274986032078996,-5.760072017600294,0.02597292850270083,-6.1721220894169075,0.4380230003193146,0.04527313999852467,0.4,1.0,0.7350595308562868,0.0,0.0,0.1,274.62298583984375,612.77099609375,2.0
287027.0,62.0,10.0,8.0,-6.552224605211635,-6.624772599730656,0.07254799451902105,-6.512910391012038,-0.039314214199597686,-6.653344560017617,0.10111995480598157,0.028571960286960518,0.4,1.0,0.7809591835564812,0.0,0.0,0.10000000000000002,270.822998046875,614.1710205078125,2.0
304498.0,63.0,10.0,8.0,-6.104054380728342,-6.593651943652754,0.4895975629244118,-6.549378335555707,0.44532395482736487,-6.590438950030805,0.4863845693024631,-0.003212993621948712,0.8,0.875,0.7561619151034404,0.5,0.6123724356957945,0.10000000000000002,253.6230010986328,633.5709838867188,2.0
311986.0,64.0,10.0,8.0,-4.1166564593261405,-5.191073927610161,1.0744174682840208,-4.990568800476801,0.8739123411506604,-5.185826398127686,1.0691699388015454,-0.0052475294824754215,0.6,1.0,0.6152452490838383,0.0,0.0,0.1,267.02301025390625,641.77099609375,2.0
316977.0,65.0,10.0,8.0,-2.861931202925458,-4.204585333373291,1.3426541304478334,-4.265924944868019,1.4039937419425614,-4.283015429279334,1.4210842263538757,0.07843009590604222,0.8,0.875,0.48459841344196797,0.0,0.7071067811865476,0.10000000000000002,251.6230010986328,647.3709716796875,2.0
319473.0,66.0,10.0,8.0,-6.059024581641736,-9.655624050550216,3.5965994689084804,-11.098882829635707,5.039858247993972,-11.124231105942656,5.06520652430092,1.4686070553924395,1.2,1.0,0.7537471393857043,0.0,0.0,0.1,244.0229949951172,650.1710205078125,2.0
323217.0,67.0,10.0,8.0,-4.167536991183229,-7.788987319750712,3.621450328567483,-8.68766571417804,4.520128722994811,-8.726379073152774,4.558842081969545,0.9373917534020624,1.2,0.875,0.6186324421759269,0.0,0.5,0.1,268.822998046875,654.1710205078125,2.0
336945.0,68.0,10.0,8.0,-5.168462013677985,-5.963411716522043,0.7949497028440584,-5.712340667348363,0.5438786536703786,-5.957631558212798,0.789169544534813,-0.005780158309245387,0.6,1.0,0.6971171938651355,0.0,0.0,0.1,263.2229919433594,669.3709716796875,2.0
340688.0,69.0,10.0,8.0,-7.1086930459114726,-6.865731406133989,-0.24296163977748364,-6.337254577108519,-0.7714384688029536,-7.302882549966724,0.19418950405525148,0.4371511438327351,0.2,1.0,0.8066091102898649,0.0,0.0,0.10000000000000002,251.6230010986328,673.5709838867188,2.0
353168.0,70.0,10.0,8.0,-3.916730336248564,-5.074767433262756,1.158037097014192,-5.420492723337704,1.50376238708914,-5.6628777943553725,1.7461474581068086,0.5881103610926166,1.2,0.875,0.595992621286821,0.0,0.3535533905932738,0.09999999999999998,249.822998046875,687.3709716796875,2.0
355664.0,71.0,10.0,8.0,-4.551439278994337,-4.709776927330454,0.15833764833611674,-4.505711669945473,-0.04572760904886408,-4.712079105676504,0.16063982668216692,0.0023021783460501766,0.6,1.0,0.6506624573930576,0.0,0.0,0.1,278.4230041503906,689.9710083007812,2.0
359408.0,72.0,10.0,8.0,-3.567591232442742,-4.887635959135955,1.320044726693213,-5.180032662355623,1.6124414299128813,-5.22645690777393,1.6588656753311875,0.3388209486379745,1.2,0.875,0.5616773309844865,0.7071067811865476,0.3535533905932738,0.1,267.02301025390625,694.1710205078125,2.0
361904.0,73.0,10.0,8.0,-3.8248358638459736,-5.707862071681459,1.8830262078354858,-5.05797398862326,1.2331381247772866,-5.691929119664188,1.8670932558182143,-0.015932952017271518,0.6,1.0,0.5865820425327993,0.0,0.0,0.1,259.4230041503906,696.9710083007812,2.0
363151.0,74.0,10.0,8.0,-4.188845927379083,-6.163829743497752,1.9749838161186695,-5.979953668269641,1.791107740890558,-6.2268289684968625,2.03798304111778,0.06299922499911048,0.8,1.0,0.6213092247854013,0.0,0.0,0.09999999999999998,255.42300415039062,698.3709716796875,2.0
365647.0,75.0,10.0,8.0,-3.4819583720575773,-5.23133280497142,1.749374432913843,-5.271438859851353,1.7894804877937753,-5.332938573036582,1.8509802009790048,0.10160576806516186,0.8,1.0,0.5529131313611529,0.0,0.0,0.10000000000000002,247.822998046875,701.1710205078125,2.0
370639.0,76.0,10.0,8.0,-3.2866274385395986,-6.191991965664073,2.9053645271244743,-6.827132603312517,3.5405051647729184,-6.942355204485856,3.6557277659462573,0.7503632388217829,1.2,1.0,0.533343725933184,0.0,0.0,0.09999999999999998,268.822998046875,706.5709838867188,2.0
383119.0,77.0,10.0,8.0,-5.584823756116655,-5.856763079884803,0.271939323768148,-5.889063793021634,0.3042400369049796,-5.889063793021634,0.3042400369049796,0.03230071313683158,1.0,1.0,0.7252391409124637,0.0,0.0,0.09999999999999998,267.02301025390625,720.3709716796875,2.0
395598.0,78.0,10.0,8.0,-3.75027065880913,-5.152347841812625,1.4020771830034948,-5.2399038602759145,1.4896332014667846,-5.263423002580355,1.513152343771225,0.11107516076773027,0.8,1.0,0.5800372048707771,0.0,0.0,0.1,265.02301025390625,734.1710205078125,2.0
403086.0,79.0,10.0,8.0,-3.1842361305037956,-5.222425469431499,2.0381893389277037,-5.555488140651371,2.3712520101475754,-5.555488140651371,2.3712520101475754,0.33306267121987165,1.0,1.0,0.5213717837771774,0.0,0.0,0.10000000000000005,278.4230041503906,742.3709716796875,2.0
408077.0,80.0,10.0,8.0,-2.378138747247065,-3.424004960524476,1.045866213277411,-3.6546869415033734,1.2765481942563084,-3.6546869415033734,1.2765481942563084,0.23068198097889736,1.0,0.875,0.4227781788395436,0.0,1.0606601717798212,0.1,263.02301025390625,747.9710083007812,2.0
410573.0,81.0,10.0,8.0,-3.0562542884891513,-4.5540504253024165,1.4977961368132653,-4.633051371898407,1.576797083409256,-4.633051371898407,1.576797083409256,0.07900094659599066,1.0,0.75,0.5061348699729649,1.5,0.8660254037844386,0.09999999999999998,255.42300415039062,750.77099609375,2.0
411821.0,82.0,10.0,8.0,-3.398998178520689,-4.532628564676933,1.1336303861562436,-4.523978815060861,1.124980636540172,-4.578813258043112,1.1798150795224225,0.04618469336617892,0.8,1.0,0.544499280883763,0.0,0.0,0.1,251.6230010986328,752.1710205078125,2.0
416813.0,83.0,10.0,8.0,-2.668312208614961,-3.0618310887606395,0.3935188801456784,-2.8281507928560963,0.15983858424113517,-3.0602437158109437,0.3919315071959826,-0.0015873729496957978,0.6,1.0,0.4614313521405985,0.0,0.0,0.1,272.62298583984375,757.5709838867188,2.0
418061.0,84.0,10.0,8.0,-3.390673714281322,-3.756514262325595,0.365840548044273,-3.5951065073660713,0.20443279308474915,-3.7582674428272824,0.3675937285459603,0.0017531805016872681,0.6,1.0,0.5432308142445903,0.0,0.0,0.1,268.822998046875,758.9710083007812,2.0
419309.0,85.0,10.0,8.0,-6.785079920243015,-7.088521917390961,0.30344199714794584,-6.892325082974776,0.10724516273176121,-7.100180304015243,0.3151003837722284,0.011658386624282535,0.4,1.0,0.7922860167074549,0.0,0.0,0.09999999999999999,265.02301025390625,760.3709716796875,2.0
420557.0,86.0,10.0,8.0,-3.853480015652033,-3.893635634238266,0.04015561858623329,-3.6471430494179886,-0.20633696623404418,-3.9833074196121245,0.12982740396009174,0.08967178537385845,0.4,0.875,0.590335375039814,0.3535533905932738,0.5,0.1,261.2229919433594,761.77099609375,2.0
423053.0,87.0,10.0,8.0,-8.790767812178531,-8.662434483835273,-0.12833332834325795,-8.659883625463301,-0.13088418671522994,-8.790767812178542,1.0658141036401503e-14,0.1283333283432686,0.0,0.875,0.8692742788781859,0.0,0.3535533905932738,0.09999999999999998,253.6230010986328,764.5709838867188,2.0
428045.0,88.0,10.0,8.0,-2.863049254695065,-3.642378098103717,0.7793288434086518,-3.7085548896792098,0.8455056349841445,-3.7085548896792098,0.8455056349841445,0.06617679157549272,1.0,0.875,0.4855038291331193,0.7071067811865476,1.0,0.1,274.62298583984375,769.9710083007812,2.0
444268.0,89.0,10.0,8.0,-4.509436052157481,-8.204106285894694,3.694670233737213,-7.898103531052487,3.388667478895006,-8.174647327331336,3.6652112751738546,-0.02945895856335845,0.6,1.0,0.6471426269918393,0.0,0.0,0.10000000000000002,261.2229919433594,787.9710083007812,2.0
445516.0,90.0,10.0,8.0,-2.6755421837161997,-4.174117906759437,1.4985757230432375,-4.754942682942522,2.079400499226322,-5.009028058328564,2.3334858746123643,0.8349101515691268,1.2,0.875,0.4618001565877572,0.0,0.3535533905932738,0.09999999999999998,257.4230041503906,789.3709716796875,2.0
450508.0,91.0,10.0,8.0,-2.305797714977578,-3.2458002960232317,0.9400025810456536,-3.457279845673935,1.151482130696357,-3.4723486023564414,1.1665508873788633,0.22654830633320966,1.2,0.875,0.4138291721929665,1.0606601717798212,0.7071067811865476,0.09999999999999996,278.4230041503906,794.77099609375,2.0
455499.0,92.0,10.0,8.0,-7.749116377597934,-7.73329827912379,-0.015818098474143838,-7.356222893735951,-0.3928934838619833,-7.995720174063896,0.24660379646596198,0.2624218949401058,0.2,0.875,0.833727429321973,0.0,1.0606601717798212,0.10000000000000002,263.02301025390625,800.3709716796875,2.0
456747.0,93.0,10.0,8.0,-5.041538232867925,-4.7453825066968305,-0.29615572617109454,-4.7208232323406545,-0.32071500052727053,-5.041538232867909,-1.5987211554602254e-14,0.29615572617107855,0.0,0.875,0.688884393948828,0.0,1.0606601717798212,0.1,259.2229919433594,801.77099609375,2.0
459243.0,94.0,10.0,8.0,-2.4205746678447597,-3.1121189110957586,0.6915442432509988,-3.2028691385571797,0.78229447071242,-3.2028691385571797,0.78229447071242,0.09075022746142114,1.0,0.875,0.42854654339144765,0.7071067811865476,0.0,0.10000000000000002,251.6230010986328,804.5709838867188,2.0
469227.0,95.0,10.0,8.0,-4.576678878939144,-5.179243932465707,0.602565053526563,-5.427935413689583,0.8512565347504388,-5.487081714676752,0.9104028357376084,0.3078377822110454,1.2,0.875,0.652116219745529,0.0,0.3535533905932738,0.09999999999999998,257.4230041503906,815.5709838867188,2.0
485450.0,96.0,10.0,8.0,-4.700795409356661,-5.412454602614285,0.7116591932576242,-5.385287589333028,0.6844921799763668,-5.420276495272418,0.7194810859157572,0.007821892658133045,0.8,0.875,0.6620766172636737,0.3535533905932738,0.7071067811865476,0.1,244.0229949951172,833.5709838867188,2.0
486698.0,97.0,10.0,8.0,-2.238040959929597,-3.4530630769258304,1.2150221169962334,-3.598187864073587,1.3601469041439902,-3.598187864073587,1.3601469041439902,0.14512478714775678,1.0,0.875,0.40612561591988344,0.0,0.3535533905932738,0.09999999999999999,276.4230041503906,834.77099609375,2.0
487946.0,98.0,10.0,8.0,-2.962590086012714,-3.238667878429628,0.2760777924169142,-3.28358873941232,0.3209986533996063,-3.290175165217769,0.327585079205055,0.05150728678814076,1.2,1.0,0.4952134024034115,0.0,0.0,0.09999999999999999,272.62298583984375,836.1710205078125,2.0
495434.0,99.0,10.0,8.0,-6.58510120992876,-7.386292778171811,0.801191568243051,-6.972765691335178,0.38766448140641874,-7.377366995274609,0.7922657853458492,-0.008925782897201806,0.6,1.0,0.7820225967328623,0.0,0.0,0.09999999999999999,249.822998046875,844.5709838867188,2.0
1247.0,0.0,10.0,16.0,-3.9710721633520634,-4.763288298584021,0.7922161352319574,-4.734451940606511,0.7633797772544475,-4.782039935497579,0.8109677721455157,0.0187516369135583,0.8,0.9375,0.601416805187321,0.5,0.3535533905932738,0.1,274.62298583984375,298.3710021972656,2.0
4991.0,1.0,10.0,16.0,-5.464670010315342,-8.084677854604411,2.620007844289069,-8.042057405479547,2.5773873951642043,-8.138921246908932,2.67425123659359,0.05424339230452091,0.8,0.9375,0.7185531171345658,1.118033988749895,0.6123724356957945,0.10000000000000002,263.2229919433594,302.5710144042969,2.0
9983.0,2.0,10.0,16.0,-5.025411188116147,-6.14305173186585,1.1176405437497037,-5.983700519885443,0.9582893317692962,-6.131055294856633,1.1056441067404865,-0.011996437009217154,0.6,0.9375,0.6893313633354585,0.3535533905932738,0.5590169943749475,0.1,248.0229949951172,308.1709899902344,2.0
18719.0,3.0,10.0,16.0,-9.652424283275819,-10.945787203061933,1.293362919786114,-10.916120375154584,1.2636960918787654,-10.991112761615236,1.3386884783394173,0.045325558553303225,0.8,0.9375,0.8944892621780309,0.3535533905932738,0.5,0.09999999999999999,257.62298583984375,317.77099609375,2.0
19967.0,4.0,10.0,16.0,-7.516179241214881,-7.702085236138054,0.18590599492317317,-7.657636960832531,0.14145771961764986,-7.7011880764541925,0.18500883523931133,-0.0008971596838618368,0.6,0.9375,0.8254964500711125,0.5,0.25,0.1,253.822998046875,319.1709899902344,2.0
33694.0,5.0,10.0,16.0,-6.54486715982763,-9.509238417506884,2.964371257679254,-9.182352290445518,2.637485130617888,-9.531285422754754,2.986418262927124,0.022047005247870288,0.6,0.9375,0.781468892694238,0.5590169943749475,0.4330127018922193,0.10000000000000005,248.0229949951172,334.3710021972656,2.0
44926.0,6.0,10.0,16.0,-4.572972914300212,-6.535842310497118,1.9628693961969068,-6.731066462791491,2.158093548491279,-6.793880948982148,2.220908034681936,0.2580386384850293,1.2,0.875,0.6528882554529729,0.0,0.5590169943749475,0.1,250.0229949951172,346.77099609375,2.0
46173.0,7.0,10.0,16.0,-10.885515901957463,-13.0795681275373,2.1940522255798367,-11.567566193658358,0.6820502917008948,-13.372260827982512,2.4867449260250485,0.2926927004452118,0.4,0.9375,0.9206050010503127,0.25,0.25,0.09999999999999999,246.0229949951172,348.1709899902344,2.0
51165.0,8.0,10.0,16.0,-9.181421835623794,-10.339273426365793,1.1578515907419984,-10.03873954445768,0.8573177088338859,-10.414999335072997,1.2335774994492024,0.07572590870720397,0.4,0.9375,0.8817373524764667,0.0,0.4330127018922193,0.10000000000000002,267.02301025390625,353.5710144042969,2.0
57405.0,9.0,10.0,16.0,-6.482372183639484,-7.03326937997957,0.5508971963400864,-6.847182438355279,0.3648102547157954,-7.039372950846086,0.5570007672066017,0.006103570866515362,0.6,0.9375,0.7775160253159816,0.3535533905932738,0.5,0.10000000000000002,248.0229949951172,360.5710144042969,2.0
64893.0,10.0,10.0,16.0,-13.336860518169981,-13.545160485881846,0.20829996771186465,-11.680460865089927,-1.6563996530800544,-14.031033962353757,0.6941734441837752,0.4858734764719106,0.4,0.875,0.9582808575211393,0.5590169943749475,0.5,0.10000000000000002,261.4230041503906,368.77099609375,2.0
66141.0,11.0,10.0,16.0,-10.164550147630191,-12.48145818967676,2.3169080420465686,-11.888899810080575,1.7243496624503845,-12.508840162708246,2.3442900150780552,0.027381973031486595,0.6,0.875,0.9061947601252041,0.0,0.5,0.1,257.62298583984375,370.1709899902344,2.0
72380.0,12.0,10.0,16.0,-7.057036431509342,-9.735447240749659,2.678410809240317,-9.521002465414226,2.4639660339048834,-9.723524895614407,2.666488464105065,-0.011922345135252144,0.8,1.0,0.8061465385159211,0.0,0.0,0.1,274.62298583984375,376.97100830078125,2.0
73628.0,13.0,10.0,16.0,-6.84619743827676,-9.947394322306769,3.101196884030009,-9.757546896634878,2.911349458358118,-9.925556506230569,3.079359067953809,-0.021837816076200056,0.6,1.0,0.7973047396487942,0.0,0.0,0.10000000000000002,270.822998046875,378.3710021972656,2.0
77372.0,14.0,10.0,16.0,-8.398335905001508,-12.584519481574688,4.18618357657318,-12.516865576667236,4.118529671665728,-12.698126006018642,4.299790101017134,0.11360652444395392,0.8,0.9375,0.857960341383611,0.5590169943749475,0.25,0.1,259.4230041503906,382.5710144042969,2.0
78620.0,15.0,10.0,16.0,-6.326890155644885,-10.201991531290343,3.8751013756454578,-9.936186513145218,3.609296357500333,-10.182443504095769,3.8555533484508837,-0.019548027194574047,0.8,1.0,0.769701190266521,0.0,0.0,0.10000000000000002,255.6230010986328,383.97100830078125,2.0
79868.0,16.0,10.0,16.0,-7.197505854848404,-11.521431713667617,4.323925858819213,-11.018582378925698,3.821076524077294,-11.532819376266339,4.335313521417935,0.011387662598721704,0.6,1.0,0.8117875542294307,0.0,0.0,0.10000000000000002,251.822998046875,385.3710021972656,2.0
87356.0,17.0,10.0,16.0,-6.98654556828134,-10.214876227647062,3.2283306593657226,-10.770113609651498,3.783568041370158,-10.770113609651498,3.783568041370158,0.5552373820044352,1.0,0.9375,0.8020305081863963,0.4330127018922193,0.3535533905932738,0.1,265.2229919433594,393.5710144042969,2.0
88604.0,18.0,10.0,16.0,-7.565347287959706,-11.700842745781891,4.135495457822185,-12.211086675179576,4.64573938721987,-12.413808596810457,4.848461308850751,0.7129658510285655,1.2,1.0,0.8273679909374736,0.0,0.0,0.09999999999999998,261.4230041503906,394.97100830078125,2.0
93595.0,19.0,10.0,16.0,-6.230052026704776,-9.116829658116101,2.8867776314113254,-9.078157893198556,2.84810586649378,-9.127271614275568,2.897219587570792,0.010441956159466415,0.8,0.9375,0.7646911597194399,0.3535533905932738,0.6123724356957945,0.1,246.0229949951172,400.5710144042969,2.0
94843.0,20.0,10.0,16.0,-6.650270177999454,-10.251006863861212,3.600736685861758,-9.978514198471824,3.3282440204723702,-10.241941603780983,3.591671425781529,-0.00906526008022901,0.6,0.9375,0.7879527172726333,0.25,0.25,0.1,278.4230041503906,401.77099609375,2.0
97339.0,21.0,10.0,16.0,-7.297148658504408,-10.844552882323516,3.5474042238191075,-10.83841787002185,3.5412692115174416,-10.909673519706448,3.61252486120204,0.0651206373829325,0.8,1.0,0.81629591846635,0.0,0.0,0.09999999999999998,270.822998046875,404.5710144042969,2.0
106075.0,22.0,10.0,16.0,-7.48095636469608,-8.114068950354326,0.633112585658246,-8.359679574863497,0.8787232101674167,-8.359679574863497,0.8787232101674167,0.2456106245091707,1.0,0.9375,0.823594651824994,0.0,0.4330127018922193,0.09999999999999998,244.22300720214844,414.3710021972656,2.0
109819.0,23.0,10.0,16.0,-10.336890391546344,-9.470875569403253,-0.8660148221430912,-8.158788809661356,-2.178101581884988,-10.734083498928946,0.39719310738260205,1.2632079295256933,0.2,0.9375,0.9106148805739814,0.5,0.0,0.10000000000000005,269.02301025390625,418.3710021972656,2.0
111067.0,24.0,10.0,16.0,-11.235071881516953,-12.227792554905756,0.9927206733888028,-12.05028089809828,0.8152090165813259,-12.263117193572754,1.0280453120558004,0.03532463866699764,0.8,0.875,0.9292756948235915,0.7905694150420949,0.3535533905932738,0.1,265.2229919433594,419.77099609375,2.0
114810.0,25.0,10.0,16.0,-10.072758589492095,-11.053076084758152,0.9803174952660569,-10.581383689348357,0.5086250998562623,-11.580958248270845,1.50819965877875,0.5278821635126931,0.4,0.9375,0.9038193955751115,0.4330127018922193,0.3535533905932738,0.1,253.6230010986328,423.97100830078125,2.0
126042.0,26.0,10.0,16.0,-6.248550638645362,-9.852048396260084,3.603497757614722,-9.400505572353753,3.1519549337083905,-9.867249817684296,3.6186991790389342,0.015201421424212214,0.6,0.875,0.7654030303641067,1.0,0.5,0.09999999999999999,255.6230010986328,436.3710021972656,2.0
127290.0,27.0,10.0,16.0,-6.192518471904962,-10.050674621749105,3.8581561498441426,-10.224395082592505,4.031876610687543,-10.224395082592505,4.031876610687543,0.1737204608434002,1.0,0.9375,0.7618652614054597,0.5590169943749475,0.25,0.1,251.822998046875,437.77099609375,2.0
134778.0,28.0,10.0,16.0,-6.079200677319596,-8.060928139490883,1.9817274621712873,-7.839474715459786,1.7602740381401896,-8.062822910293342,1.9836222329737456,0.0018947708024583676,0.6,0.875,0.7555150030544778,0.4330127018922193,0.4330127018922193,0.1,265.2229919433594,445.97100830078125,2.0
136025.0,29.0,10.0,16.0,-7.256524324841167,-8.852347566662976,1.595823241821809,-8.292852712032532,1.0363283871913653,-9.189814937602005,1.933290612760838,0.337467370939029,0.4,0.9375,0.8148268219585153,0.3535533905932738,0.5590169943749475,0.1,261.2229919433594,447.3710021972656,2.0
138521.0,30.0,10.0,16.0,-6.912409605895001,-7.615294716213672,0.7028851103186708,-7.072598801435287,0.1601891955402861,-7.995889505049526,1.0834798991545247,0.38059478883585385,0.4,0.9375,0.7997658890067463,0.25,0.0,0.09999999999999998,253.6230010986328,450.1709899902344,2.0
139769.0,31.0,10.0,16.0,-11.595324574137283,-12.169329041496002,0.5740044673587192,-10.403474761874033,-1.19184981226325,-13.07307278614722,1.4777482120099368,0.9037437446512175,0.4,0.9375,0.9358821084906975,0.3535533905932738,0.25,0.10000000000000005,249.822998046875,451.5710144042969,2.0
143513.0,32.0,10.0,16.0,-8.052726630464285,-8.236796130362938,0.18406949989865318,-7.078135988596231,-0.9745906418680539,-8.592466720729787,0.5397400902655018,0.35567059036684867,0.4,0.9375,0.8470883696872186,0.25,0.4330127018922193,0.1,274.62298583984375,455.5710144042969,2.0
154745.0,33.0,10.0,16.0,-6.784877148567458,-8.59426115619848,1.8093840076310217,-8.895204321509583,2.1103271729421254,-8.971269034581312,2.186391886013854,0.3770078783828321,1.2,0.875,0.7933846158567736,0.0,0.5,0.09999999999999998,276.62298583984375,467.97100830078125,2.0
157241.0,34.0,10.0,16.0,-7.861851664739986,-7.861915248822184,6.3584082197643e-05,-7.317175601242046,-0.5446760634979402,-8.060804860081339,0.19895319534135236,0.19888961125915472,0.4,0.9375,0.8397736645713458,0.25,0.0,0.10000000000000002,269.02301025390625,470.77099609375,2.0
162232.0,35.0,10.0,16.0,-6.284983396233173,-7.092213807393768,0.807230411160595,-7.288663235737843,1.0036798395046702,-7.381980633518762,1.0969972372855894,0.2897668261249944,1.2,0.875,0.7683022575358843,0.3535533905932738,0.4330127018922193,0.09999999999999999,253.6230010986328,476.3710021972656,2.0
174712.0,36.0,10.0,16.0,-6.715960313049143,-10.401235981703149,3.685275668654006,-9.49205139453673,2.7760910814875874,-10.454545867712959,3.738585554663816,0.053309886009810015,0.6,1.0,0.7908785640317865,0.0,0.0,0.1,251.822998046875,490.1709899902344,2.0
178456.0,37.0,10.0,16.0,-7.097498391899885,-10.700366536659931,3.6028681447600466,-11.228772098359487,4.131273706459602,-11.619038513792155,4.52154012189227,0.9186719771322238,1.2,1.0,0.8087073926561227,0.0,0.0,0.1,276.62298583984375,494.1709899902344,2.0
179704.0,38.0,10.0,16.0,-5.374564824197373,-7.319539632774966,1.9449748085775935,-7.41792899327475,2.0433641690773774,-7.445518911618654,2.0709540874212813,0.12597927884368776,0.8,1.0,0.7127703629339682,0.0,0.0,0.1,272.822998046875,495.5710144042969,2.0
180952.0,39.0,10.0,16.0,-5.047610901894885,-5.510182884752107,0.4625719828572219,-6.285192382437161,1.2375814805422767,-6.942373442474325,1.89476254057944,1.432190557722218,1.2,0.9375,0.6905356759924677,0.25,0.4330127018922193,0.09999999999999998,269.02301025390625,496.97100830078125,2.0
183447.0,40.0,10.0,16.0,-6.951652836522726,-10.211382066961844,3.2597292304391186,-10.339545580285803,3.387892743763077,-10.509034737635032,3.557381901112306,0.29765267067318746,0.8,1.0,0.8007925801497093,0.0,0.0,0.10000000000000002,261.2229919433594,499.77099609375,2.0
189687.0,41.0,10.0,16.0,-4.440285713898054,-7.092858766946163,2.6525730530481093,-8.487998609855014,4.04771289595696,-8.487998609855014,4.04771289595696,1.3951398429088506,1.0,0.875,0.6432739800811655,0.5,0.5,0.1,278.4230041503906,506.5710144042969,2.0
200919.0,42.0,10.0,16.0,-8.885517844383804,-8.193356738036542,-0.6921611063472621,-7.591129250641472,-1.2943885937423323,-8.933088211483351,0.04757036709954754,0.7397314734468097,0.2,0.9375,0.8743080022935227,0.4330127018922193,0.3535533905932738,0.09999999999999999,244.22300720214844,519.1710205078125,2.0
204662.0,43.0,10.0,16.0,-8.304327568582377,-7.359219440943554,-0.9451081276388225,-6.478469427925612,-1.8258581406567647,-8.30926668206574,0.0049391134833634,0.9500472411221859,0.2,0.9375,0.8567289903043417,0.25,0.5,0.09999999999999999,268.822998046875,523.1710205078125,2.0
213398.0,44.0,10.0,16.0,-8.319225383982019,-10.347663602796686,2.0284382188146672,-9.51294137119413,1.1937159872121104,-10.809731553766483,2.4905061697844637,0.46206795096979647,0.4,1.0,0.856812946277351,0.0,0.0,0.09999999999999998,278.4230041503906,532.77099609375,2.0
215894.0,45.0,10.0,16.0,-7.189892712362488,-10.42500731991619,3.2351146075537027,-9.277084006303593,2.087191293941105,-10.605438521917986,3.415545809555498,0.1804312020017953,0.4,0.9375,0.8115617331384553,0.25,0.0,0.09999999999999998,270.822998046875,535.5709838867188,2.0
227125.0,46.0,10.0,16.0,-5.922749009897244,-7.13005890383679,1.207309893939546,-6.491733009907998,0.5689840000107536,-7.155228117303649,1.2324791074064043,0.02516921346685841,0.6,0.9375,0.747807412545394,0.3535533905932738,0.4330127018922193,0.1,272.62298583984375,547.9710083007812,2.0
230869.0,47.0,10.0,16.0,-7.672575249211829,-8.777930413156138,1.105355163944309,-7.926034559841964,0.25345931063013527,-9.060880482888138,1.3883052336763084,0.2829500697319993,0.4,1.0,0.8326811483503305,0.0,0.0,0.1,261.2229919433594,552.1710205078125,2.0
232117.0,48.0,10.0,16.0,-7.9636023769695905,-7.0225586923454895,-0.941043684624101,-6.388532332642626,-1.5750700443269645,-8.017526773801606,0.05392439683201555,0.9949680814561166,0.2,0.9375,0.841939833189335,0.25,0.6123724356957945,0.1,257.4230041503906,553.5709838867188,2.0
244597.0,49.0,10.0,16.0,-11.249958166332679,-12.331356360776118,1.0813981944434392,-11.933678693303458,0.6837205269707791,-12.336671080384992,1.0867129140523133,0.0053147196088740856,0.6,0.875,0.9287931971561818,0.25,0.25,0.1,255.6230010986328,567.3709716796875,2.0
248341.0,50.0,10.0,16.0,-5.7423108867183235,-9.058260355190002,3.315949468471679,-8.762114432329694,3.0198035456113708,-9.031846568343125,3.289535681624802,-0.02641378684687723,0.8,0.9375,0.7370374824634169,0.25,0.4330127018922193,0.1,244.22300720214844,571.5709838867188,2.0
252084.0,51.0,10.0,16.0,-5.979860734104305,-7.543383516574216,1.563522782469911,-7.820757355557658,1.8408966214533535,-8.170473122507076,2.190612388402771,0.6270896059328601,1.2,0.9375,0.7516851082598298,0.25,0.3535533905932738,0.09999999999999998,268.822998046875,575.5709838867188,2.0
255828.0,52.0,10.0,16.0,-7.15187470393591,-8.558012560017323,1.406137856081413,-8.735595287322122,1.5837205833862118,-8.797008106031527,1.6451334020956168,0.2389955460142037,1.2,0.875,0.8099861094088472,0.82915619758885,0.4330127018922193,0.1,257.4230041503906,579.77099609375,2.0
259572.0,53.0,10.0,16.0,-6.9276493944716755,-10.316695370749368,3.3890459762776928,-10.058116446283629,3.1304670518119533,-10.283617891500905,3.355968497029229,-0.033077479248463604,0.6,0.9375,0.7989439203426267,0.25,0.3535533905932738,0.1,246.0229949951172,583.9710083007812,2.0
260820.0,54.0,10.0,16.0,-8.516234442858142,-11.422252324124031,2.906017881265889,-10.83973661380872,2.3235021709505776,-11.46868017259694,2.9524457297387983,0.04642784847290926,0.6,0.875,0.8624065607978871,0.25,0.3535533905932738,0.1,278.4230041503906,585.1710205078125,2.0
264564.0,55.0,10.0,16.0,-5.923916540002133,-8.16366885060852,2.239752310606387,-9.163130270721737,3.2392137307196043,-9.226931160582525,3.3030146205803925,1.0632623099740055,1.2,0.875,0.7480282184507325,0.25,0.5,0.10000000000000002,267.02301025390625,589.3709716796875,2.0
269556.0,56.0,10.0,16.0,-5.931389933856485,-7.928634656009336,1.9972447221528515,-7.585347677864411,1.6539577440079265,-7.941795535369033,2.0104056015125478,0.013160879359696231,0.6,1.0,0.7477127248747368,0.0,0.0,0.10000000000000005,251.822998046875,594.9710083007812,2.0
270804.0,57.0,10.0,16.0,-7.186414332632207,-8.886601429489101,1.7001870968568937,-7.713737095219889,0.5273227625876817,-9.428920915977368,2.242506583345161,0.5423194864882674,0.4,1.0,0.8125124114204375,0.0,0.0,0.1,248.0229949951172,596.3709716796875,2.0
272051.0,58.0,10.0,16.0,-7.644711022716535,-10.607250641862949,2.9625396191464137,-10.535072589355401,2.890361566638866,-10.650143134881374,3.005432112164838,0.04289249301842446,0.8,0.9375,0.8308909531248724,0.0,0.5590169943749475,0.1,244.0229949951172,597.77099609375,2.0
273299.0,59.0,10.0,16.0,-7.037960820009581,-9.605225125450986,2.5672643054414044,-8.38097258528329,1.343011765273709,-9.624529908527146,2.5865690885175647,0.019304783076160348,0.6,1.0,0.8052876277525131,0.0,0.0,0.1,276.4230041503906,598.9710083007812,2.0
279539.0,60.0,10.0,16.0,-6.41621156049175,-8.372080750068134,1.9558691895763847,-7.940077770242125,1.5238662097503752,-8.358388584086029,1.9421770235942795,-0.013692165982105209,0.6,0.875,0.7746455479209281,1.299038105676658,0.6614378277661477,0.10000000000000002,257.4230041503906,605.9710083007812,2.0
285779.0,61.0,10.0,16.0,-7.701810230344641,-9.027292602215608,1.325482371870967,-8.447764097906795,0.7459538675621538,-9.069210630094132,1.3674003997494903,0.04191802787852339,0.6,0.9375,0.834240211542648,0.9354143466934853,0.25,0.1,274.62298583984375,612.77099609375,2.0
287027.0,62.0,10.0,16.0,-8.43024032070536,-9.378685120558439,0.9484447998530783,-9.633235903277932,1.202995582572571,-9.715611035425937,1.2853707147205764,0.3369259148674981,1.2,0.875,0.860300936164687,0.5590169943749475,0.6123724356957945,0.10000000000000002,270.822998046875,614.1710205078125,2.0
304498.0,63.0,10.0,16.0,-8.061831638518282,-8.714695862013865,0.6528642234955839,-8.557968335040622,0.49613669652234016,-8.728759503176017,0.666927864657735,0.014063641162151086,0.4,0.9375,0.8464280978839627,0.0,0.75,0.10000000000000002,253.6230010986328,633.5709838867188,2.0
311986.0,64.0,10.0,16.0,-6.807245292482838,-10.434555840829594,3.627310548346756,-11.114450262200544,4.307204969717706,-11.114450262200544,4.307204969717706,0.6798944213709497,1.0,0.9375,0.7957195174190344,0.3535533905932738,0.4330127018922193,0.1,267.02301025390625,641.77099609375,2.0
316977.0,65.0,10.0,16.0,-5.658360122860833,-7.997261765700852,2.3389016428400193,-8.405783322611109,2.7474231997502763,-8.51360450769739,2.855244384836558,0.5163427419965387,1.2,1.0,0.7314821039268593,0.0,0.0,0.10000000000000002,251.6230010986328,647.3709716796875,2.0
319473.0,66.0,10.0,16.0,-9.408596164859306,-14.36172358703055,4.953127422171244,-14.70506234903752,5.296466184178215,-14.713161018745765,5.304564853886459,0.35143743171521535,0.8,0.9375,0.8887943687515925,0.3535533905932738,0.4330127018922193,0.1,244.0229949951172,650.1710205078125,2.0
323217.0,67.0,10.0,16.0,-7.387368633606477,-11.69433297907849,4.3069643454720135,-11.806839442282522,4.419470808676045,-11.80750317562576,4.420134542019283,0.11317019654726934,1.2,0.9375,0.820119136764991,0.0,0.25,0.1,268.822998046875,654.1710205078125,2.0
336945.0,68.0,10.0,16.0,-8.451364844718437,-9.725665278398775,1.274300433680338,-8.840363065407828,0.38899822068939116,-9.765951071504338,1.3145862267859005,0.04028579310556246,0.6,1.0,0.8600689392091815,0.0,0.0,0.1,263.2229919433594,669.3709716796875,2.0
340688.0,69.0,10.0,16.0,-9.409250480903857,-10.309309756054288,0.900059275150431,-9.482007676799398,0.07275719589554086,-10.473088518187087,1.0638380372832295,0.1637787621327984,0.4,1.0,0.8878488441975868,0.0,0.0,0.10000000000000002,251.6230010986328,673.5709838867188,2.0
353168.0,70.0,10.0,16.0,-6.9594649740267815,-8.458928781268124,1.4994638072413426,-7.985844134012719,1.0263791599859378,-8.48943305281505,1.5299680787882686,0.03050427154692592,0.6,1.0,0.8020050492985673,0.0,0.0,0.09999999999999998,249.822998046875,687.3709716796875,2.0
355664.0,71.0,10.0,16.0,-8.572157572630703,-9.189869893261278,0.6177123206305755,-8.343724503803397,-0.22843306882730552,-9.214362329998607,0.6422047573679048,0.02449243673732937,0.6,1.0,0.8636459982427172,0.0,0.0,0.1,278.4230041503906,689.9710083007812,2.0
359408.0,72.0,10.0,16.0,-6.580495335862755,-7.407742443714186,0.8272471078514307,-7.2417176233346705,0.6612222874719151,-7.459530285434352,0.8790349495715963,0.051787841720165595,0.4,1.0,0.7847924787521873,0.0,0.0,0.1,267.02301025390625,694.1710205078125,2.0
361904.0,73.0,10.0,16.0,-6.858411693082323,-8.926389503402039,2.0679778103197153,-8.482936145675074,1.624524452592751,-8.949822835445092,2.0914111423627686,0.023433332043053312,0.6,1.0,0.7962335042258626,0.0,0.0,0.1,259.4230041503906,696.9710083007812,2.0
363151.0,74.0,10.0,16.0,-7.486245961851251,-8.775351420468409,1.2891054586171578,-8.046746238670321,0.5605002768190701,-9.03419278822733,1.5479468263760783,0.2588413677589205,0.4,0.9375,0.8261987729927862,0.25,0.25,0.09999999999999998,255.42300415039062,698.3709716796875,2.0
365647.0,75.0,10.0,16.0,-6.747711697640283,-9.678887880513265,2.9311761828729823,-9.410671360777053,2.6629596631367702,-9.66903671490537,2.9213250172650875,-0.009851165607894785,0.6,1.0,0.7911434836616691,0.0,0.0,0.10000000000000002,247.822998046875,701.1710205078125,2.0
370639.0,76.0,10.0,16.0,-5.898878335284134,-9.217416847400205,3.3185385121160715,-9.150927205823336,3.2520488705392028,-9.218371976268982,3.319493640984848,0.0009551288687763559,0.8,1.0,0.7470668572701193,0.0,0.0,0.09999999999999998,268.822998046875,706.5709838867188,2.0
383119.0,77.0,10.0,16.0,-7.833568985487385,-7.85043471813923,0.0168657326518451,-7.763753439467253,-0.06981554602013151,-7.880820849930126,0.04725186444274154,0.030386131790896442,0.4,0.9375,0.8382337324435866,0.5,0.5590169943749475,0.09999999999999998,267.02301025390625,720.3709716796875,2.0
395598.0,78.0,10.0,16.0,-6.784947659981043,-7.614411060923308,0.8294634009422648,-7.153958926831575,0.3690112668505323,-7.745396778615854,0.960449118634811,0.1309857176925462,0.4,0.9375,0.7947181658143176,0.0,0.5590169943749475,0.1,265.02301025390625,734.1710205078125,2.0
403086.0,79.0,10.0,16.0,-6.560480068334559,-9.95967735463286,3.3991972862982998,-10.200818678431345,3.6403386100967854,-10.200818678431345,3.6403386100967854,0.24114132379848563,1.0,0.9375,0.7830199325506783,0.25,0.25,0.10000000000000005,278.4230041503906,742.3709716796875,2.0
408077.0,80.0,10.0,16.0,-4.569394821433214,-6.545310343296368,1.9759155218631541,-6.766655863621435,2.197261042188221,-6.766655863621435,2.197261042188221,0.22134552032506694,1.0,0.9375,0.6535417443323969,0.3535533905932738,0.3535533905932738,0.1,263.02301025390625,747.9710083007812,2.0
410573.0,81.0,10.0,16.0,-5.653738942419705,-7.45142806825948,1.7976891258397751,-7.405278163582149,1.751539221162444,-7.451819308743294,1.798080366323589,0.00039124048381378174,0.8,0.9375,0.7304661189053132,0.75,0.5590169943749475,0.09999999999999998,255.42300415039062,750.77099609375,2.0
411821.0,82.0,10.0,16.0,-5.705659274751077,-7.64805500005311,1.942395725302033,-7.8164539656218945,2.1107946908708177,-7.8164539656218945,2.1107946908708177,0.16839896556878475,1.0,1.0,0.7342589180928278,0.0,0.0,0.1,251.6230010986328,752.1710205078125,2.0
416813.0,83.0,10.0,16.0,-4.351227893800478,-5.587853690757877,1.2366257969573988,-5.21440900132049,0.8631811075200124,-5.561535617352623,1.2103077235521456,-0.026318073405253273,0.8,0.875,0.6372115480259122,0.4330127018922193,0.6123724356957945,0.1,272.62298583984375,757.5709838867188,2.0
418061.0,84.0,10.0,16.0,-5.390050976182011,-6.626872911567112,1.2368219353851009,-6.379969830421876,0.9899188542398649,-6.617026052371107,1.2269750761890954,-0.009846859196005475,0.8,0.9375,0.7139682083205804,0.0,0.6123724356957945,0.1,268.822998046875,758.9710083007812,2.0
419309.0,85.0,10.0,16.0,-9.462184464894191,-8.397917119181487,-1.0642673457127039,-7.971707839827364,-1.4904766250668269,-9.462184464894182,-8.881784197001252e-15,1.064267345712695,0.0,1.0,0.8898671021380895,0.0,0.0,0.09999999999999999,265.02301025390625,760.3709716796875,2.0
420557.0,86.0,10.0,16.0,-6.848198618554654,-7.227847617095674,0.3796489985410201,-6.77234215680574,-0.0758564617489137,-7.3823852201994296,0.5341866016447758,0.15453760310375575,0.4,0.9375,0.7972923496214948,0.0,0.3535533905932738,0.1,261.2229919433594,761.77099609375,2.0
423053.0,87.0,10.0,16.0,-10.792000402184803,-10.884596718917269,0.09259631673246638,-10.740692041409229,-0.05130836077557355,-10.894871303305308,0.10287090112050556,0.010274584388039187,0.4,0.875,0.9195824883577617,0.6614378277661477,0.4330127018922193,0.09999999999999998,253.6230010986328,764.5709838867188,2.0
428045.0,88.0,10.0,16.0,-5.261784499300271,-6.914698375372578,1.652913876072307,-6.846350834730103,1.584566335429832,-6.99409094186889,1.7323064425686194,0.07939256649631243,0.8,1.0,0.7067210234939286,0.0,0.0,0.1,274.62298583984375,769.9710083007812,2.0
444268.0,89.0,10.0,16.0,-7.1308575314663045,-11.113717002516825,3.9828594710505207,-11.342661253848556,4.2118037223822515,-11.342661253848556,4.2118037223822515,0.2289442513317308,1.0,0.9375,0.8082450981714882,0.0,0.25,0.10000000000000002,261.2229919433594,787.9710083007812,2.0
445516.0,90.0,10.0,16.0,-5.093802922524846,-7.423864455369092,2.3300615328442458,-7.565044128343619,2.4712412058187727,-7.5656505794627105,2.4718476569378645,0.14178612409361868,0.8,0.9375,0.6947832109036534,0.5,0.4330127018922193,0.09999999999999998,257.4230041503906,789.3709716796875,2.0
450508.0,91.0,10.0,16.0,-4.465832404617753,-5.975867699002887,1.5100352943851334,-6.338250103473041,1.8724176988552879,-6.338250103473041,1.8724176988552879,0.36238240447015446,1.0,1.0,0.6463026056488589,0.0,0.0,0.09999999999999996,278.4230041503906,794.77099609375,2.0
455499.0,92.0,10.0,16.0,-11.61078426823358,-11.508669665453104,-0.10211460278047646,-11.033822642185571,-0.5769616260480088,-11.668521653457354,0.05773738522377414,0.1598519880042506,0.2,1.0,0.9346396974593889,0.0,0.0,0.10000000000000002,263.02301025390625,800.3709716796875,2.0
456747.0,93.0,10.0,16.0,-8.543135717582254,-8.58586300396518,0.042727286382925556,-8.154322621121475,-0.38881309646077966,-8.585504638303041,0.04236892072078646,-0.00035836566213909293,0.6,0.9375,0.8634262401389233,0.7071067811865476,0.0,0.1,259.2229919433594,801.77099609375,2.0
459243.0,94.0,10.0,16.0,-4.666507842330065,-6.424001713111107,1.7574938707810412,-6.463489757417392,1.7969819150873265,-6.544304307637068,1.8777964653070027,0.12030259452596148,0.8,0.9375,0.6614908301133535,0.5,0.7071067811865476,0.10000000000000002,251.6230010986328,804.5709838867188,2.0
469227.0,95.0,10.0,16.0,-6.760486193978111,-8.738959588359089,1.9784733943809778,-8.730835043769416,1.9703488497913044,-8.816948269356114,2.056462075378003,0.07798868099702538,0.8,0.9375,0.79208817288267,0.0,0.75,0.09999999999999998,257.4230041503906,815.5709838867188,2.0
485450.0,96.0,10.0,16.0,-6.839125885892665,-7.3704356903515595,0.5313098044588944,-7.200281946959681,0.3611560610670157,-7.39620008993473,0.5570742040420651,0.025764399583170672,0.4,0.9375,0.7946407344570617,0.4330127018922193,0.4330127018922193,0.1,244.0229949951172,833.5709838867188,2.0
486698.0,97.0,10.0,16.0,-4.929926293112702,-6.189716465392641,1.2597901722799385,-5.911486390958293,0.9815600978455912,-6.202079559862823,1.272153266750121,0.012363094470182467,0.6,0.9375,0.6831492852437057,0.3535533905932738,0.3535533905932738,0.09999999999999999,276.4230041503906,834.77099609375,2.0
487946.0,98.0,10.0,16.0,-5.678358061494269,-6.497162227169695,0.8188041656754264,-6.73031453800437,1.0519564765101013,-6.890473884764861,1.212115823270592,0.3933116575951656,1.2,0.9375,0.7320975519340917,0.25,0.0,0.09999999999999999,272.62298583984375,836.1710205078125,2.0
495434.0,99.0,10.0,16.0,-9.355521243958032,-9.163766245233072,-0.19175499872496005,-8.434090432569123,-0.9214308113889089,-9.695327351647947,0.33980610768991504,0.5315611064148751,0.2,0.9375,0.8874418660481925,0.75,0.25,0.09999999999999999,249.822998046875,844.5709838867188,2.0
1247.0,0.0,20.0,4.0,-1.2301513041178045,-1.3821776992298966,0.15202639511209215,-1.3598299997610888,0.12967869564328427,-1.3806790632898667,0.15052775917206218,-0.0014986359400299687,0.8,0.75,0.2468261070550457,1.5,1.0,0.01,274.62298583984375,298.3710021972656,2.0
4991.0,1.0,20.0,4.0,-2.3969479490866816,-4.67041535168203,2.2734674025953487,-5.257322102000797,2.860374152914116,-5.257322102000797,2.860374152914116,0.586906750318767,1.0,1.0,0.42417433906896973,0.0,0.0,0.010000000000000002,263.2229919433594,302.5710144042969,2.0
9983.0,2.0,20.0,4.0,-1.9167359554032308,-2.766969121453862,0.8502331660506313,-2.8266009986527854,0.9098650432495545,-2.8379328571144997,0.9211969017112689,0.07096373566063763,0.8,0.75,0.3569418725209127,0.0,1.224744871391589,0.01,248.0229949951172,308.1709899902344,2.0
18719.0,3.0,20.0,4.0,-3.1966245126071597,-4.158319820488862,0.9616953078817025,-4.069507419718679,0.8728829071115194,-4.17446442173909,0.9778399091319305,0.016144601250227986,0.8,1.0,0.5210583386659319,0.0,0.0,0.009999999999999998,257.62298583984375,317.77099609375,2.0
19967.0,4.0,20.0,4.0,-3.128365922271899,-4.044391660776485,0.9160257385045862,-4.228741519113737,1.1003755968418383,-4.263032766091422,1.1346668438195233,0.21864110531493708,1.2,1.0,0.5134606427576167,0.0,0.0,0.01,253.822998046875,319.1709899902344,2.0
33694.0,5.0,20.0,4.0,-2.202563195579274,-6.477915656665556,4.275352461086282,-6.826621382743314,4.62405818716404,-7.140675731344799,4.938112535765525,0.6627600746792428,0.8,1.0,0.3978452249888679,0.0,0.0,0.010000000000000004,248.0229949951172,334.3710021972656,2.0
44926.0,6.0,20.0,4.0,-1.6205323838067176,-3.2425157966674196,1.621983412860702,-3.2667210489330785,1.6461886651263609,-3.3693413359740925,1.7488089521673749,0.12682553930667284,0.8,1.0,0.3115082070059099,0.0,0.0,0.01,250.0229949951172,346.77099609375,2.0
46173.0,7.0,20.0,4.0,-2.786081096634752,-3.9188827752791426,1.1328016786443906,-3.8845968237551993,1.0985157271204473,-3.9757702273704987,1.1896891307357467,0.05688745209135604,0.8,1.0,0.47357037461108603,0.0,0.0,0.009999999999999998,246.0229949951172,348.1709899902344,2.0
51165.0,8.0,20.0,4.0,-3.94614724829729,-6.952508833737799,3.0063615854405086,-6.910536387228648,2.9643891389313577,-7.159268168503569,3.213120920206279,0.20675933476577057,0.8,1.0,0.5970070207800247,0.0,0.0,0.010000000000000002,267.02301025390625,353.5710144042969,2.0
57405.0,9.0,20.0,4.0,-3.0302942538894313,-4.079120235009538,1.0488259811201064,-4.045015610670086,1.014721356780655,-4.120268389394381,1.0899741355049497,0.041148154384843316,0.8,1.0,0.5024332013158427,0.0,0.0,0.010000000000000002,248.0229949951172,360.5710144042969,2.0
64893.0,10.0,20.0,4.0,-4.514338474526131,-5.995251445634349,1.4809129711082178,-6.342110469234873,1.8277719947087423,-6.42974221727651,1.915403742750379,0.4344907716421611,1.2,1.0,0.6464064185410365,0.0,0.0,0.010000000000000002,261.4230041503906,368.77099609375,2.0
66141.0,11.0,20.0,4.0,-4.5145229063801455,-7.548107371472938,3.033584465092792,-7.802698570180755,3.28817566380061,-7.840936671392521,3.3264137650123757,0.2928292999195836,0.8,1.0,0.6464052376753917,0.0,0.0,0.01,257.62298583984375,370.1709899902344,2.0
72380.0,12.0,20.0,4.0,-2.1607933655832983,-3.6122458744373236,1.4514525088540253,-4.188179867549129,2.027386501965831,-4.381019168331351,2.2202258027480526,0.7687732938940273,1.2,1.0,0.3920858035094716,0.0,0.0,0.01,274.62298583984375,376.97100830078125,2.0
73628.0,13.0,20.0,4.0,-2.4285346070476352,-4.3938926169952355,1.9653580099476002,-5.236738967329107,2.808204360281472,-5.511037303485972,3.082502696438337,1.1171446864907368,1.2,1.0,0.42855665985872854,0.0,0.0,0.010000000000000002,270.822998046875,378.3710021972656,2.0
77372.0,14.0,20.0,4.0,-3.8958646713327285,-8.244897557200689,4.3490328858679606,-9.148489645692319,5.25262497435959,-9.148489645692319,5.25262497435959,0.9035920884916298,1.0,1.0,0.5923873712682067,0.0,0.0,0.01,259.4230041503906,382.5710144042969,2.0
78620.0,15.0,20.0,4.0,-2.2501349414409684,-5.385789984995269,3.135655043554301,-5.395102966480073,3.144968025039105,-5.65374695498757,3.4036120135466015,0.26795696999230056,0.8,1.0,0.4044154002940594,0.0,0.0,0.010000000000000002,255.6230010986328,383.97100830078125,2.0
79868.0,16.0,20.0,4.0,-1.988887004545174,-5.108606991478336,3.1197199869331618,-5.311034889221715,3.322147884676541,-5.4748896346148,3.486002630069626,0.3662826431364641,0.8,1.0,0.36746719817596485,0.0,0.0,0.010000000000000002,251.822998046875,385.3710021972656,2.0
87356.0,17.0,20.0,4.0,-2.7789037322012,-6.41716995511884,3.6382662229176406,-6.670834798746446,3.8919310665452462,-6.862185846557227,4.083282114356027,0.4450158914383868,0.8,1.0,0.47271002022943687,0.0,0.0,0.01,265.2229919433594,393.5710144042969,2.0
88604.0,18.0,20.0,4.0,-2.851112111752875,-7.639329645982662,4.788217534229787,-8.05873414200411,5.207622030251234,-8.41008259302394,5.558970481271065,0.7707529470412782,0.8,1.0,0.48136235286758455,0.0,0.0,0.009999999999999998,261.4230041503906,394.97100830078125,2.0
93595.0,19.0,20.0,4.0,-1.306493416669353,-2.2774523754088807,0.9709589587395278,-2.381490317453283,1.0749969007839302,-2.381490317453283,1.0749969007839302,0.10403794204440242,1.0,0.75,0.25987322498735166,0.7071067811865476,1.224744871391589,0.01,246.0229949951172,400.5710144042969,2.0
94843.0,20.0,20.0,4.0,-1.426227407108553,-2.228039865328081,0.8018124582195281,-2.142886385740526,0.716658978631973,-2.2292022946005976,0.8029748874920446,0.0011624292725165297,0.8,1.0,0.279961771618581,0.0,0.0,0.01,278.4230041503906,401.77099609375,2.0
97339.0,21.0,20.0,4.0,-3.116500781519125,-5.424452676563058,2.307951895043933,-6.143751833022879,3.0272510515037543,-6.231825865317946,3.115325083798821,0.8073731887548883,1.2,1.0,0.5121772950859061,0.0,0.0,0.009999999999999998,270.822998046875,404.5710144042969,2.0
106075.0,22.0,20.0,4.0,-2.232405111727327,-3.2694528191067262,1.0370477073793993,-3.2828928230372374,1.0504877113099105,-3.3543596607656068,1.1219545490382798,0.08490684165888052,0.8,1.0,0.4020090501732185,0.0,0.0,0.009999999999999998,244.22300720214844,414.3710021972656,2.0
109819.0,23.0,20.0,4.0,-2.8450934318593024,-4.030458985976143,1.1853655541168404,-4.411583854692898,1.5664904228335956,-4.411583854692898,1.5664904228335956,0.3811248687167552,1.0,1.0,0.48066614614172987,0.0,0.0,0.010000000000000004,269.02301025390625,418.3710021972656,2.0
111067.0,24.0,20.0,4.0,-5.269059387499424,-7.347189872687757,2.078130485188333,-7.839276758289113,2.570217370789689,-7.949694833275807,2.6806354457763826,0.6025049605880497,1.2,1.0,0.7028226154565121,0.0,0.0,0.01,265.2229919433594,419.77099609375,2.0
114810.0,25.0,20.0,4.0,-2.828708218213073,-3.491100548444942,0.662392330231869,-3.5046510910194026,0.6759428728063295,-3.518793817066989,0.6900855988539156,0.027693268622046574,1.2,1.0,0.4787618483234902,0.0,0.0,0.01,253.6230010986328,423.97100830078125,2.0
126042.0,26.0,20.0,4.0,-1.9379044297834038,-3.7415667364928034,1.8036623067093995,-4.217417943516798,2.279513513733394,-4.217417943516798,2.279513513733394,0.47585120702399486,1.0,1.0,0.3600999510902846,0.0,0.0,0.009999999999999998,255.6230010986328,436.3710021972656,2.0
127290.0,27.0,20.0,4.0,-1.9412203510073758,-3.8020494636625903,1.8608291126552146,-4.054958821265357,2.1137384702579816,-4.054958821265357,2.1137384702579816,0.2529093576027668,1.0,1.0,0.36050594107071193,0.0,0.0,0.01,251.822998046875,437.77099609375,2.0
134778.0,28.0,20.0,4.0,-2.1018820189231975,-3.2624200650448474,1.16053804612165,-3.4419110246860223,1.3400290057628248,-3.4419110246860223,1.3400290057628248,0.1794909596411749,1.0,1.0,0.3837797731169042,0.0,0.0,0.01,265.2229919433594,445.97100830078125,2.0
136025.0,29.0,20.0,4.0,-2.271447432046246,-2.2084138600601646,-0.0630335719860815,-2.054580384455078,-0.21686704759116804,-2.4450179898748363,0.1735705578285902,0.23660412981467172,0.2,1.0,0.4073270893621728,0.0,0.0,0.01,261.2229919433594,447.3710021972656,2.0
138521.0,30.0,20.0,4.0,-2.2637607921089584,-2.0797105859369,-0.18405020617205858,-1.908199330503157,-0.3555614616058014,-2.3935830061987358,0.12982221408977734,0.3138724202618359,0.2,1.0,0.4063197898904054,0.0,0.0,0.009999999999999998,253.6230010986328,450.1709899902344,2.0
139769.0,31.0,20.0,4.0,-3.40500691511985,-4.662725225721923,1.257718310602073,-5.220246174519154,1.8152392593993043,-5.307557423307694,1.902550508187844,0.6448321975857709,1.2,1.0,0.5435213977259111,0.0,0.0,0.010000000000000004,249.822998046875,451.5710144042969,2.0
143513.0,32.0,20.0,4.0,-2.3455555527029808,-2.082514635676112,-0.2630409170268688,-2.0770533234596,-0.26850222924338096,-2.3455555527029857,4.884981308350689e-15,0.2630409170268737,0.0,1.0,0.4173558322542483,0.0,0.0,0.01,274.62298583984375,455.5710144042969,2.0
154745.0,33.0,20.0,4.0,-2.814980396015974,-2.74418429362225,-0.07079610239372425,-2.6476994454373064,-0.16728095057866765,-2.836220955936396,0.02124055992042173,0.09203666231414598,0.2,1.0,0.47706392903283784,0.0,0.0,0.009999999999999998,276.62298583984375,467.97100830078125,2.0
157241.0,34.0,20.0,4.0,-3.7306020767758663,-3.83497361655895,0.10437153978308356,-2.986367768112563,-0.7442343086633034,-3.9064701345658843,0.17586805779001802,0.07149651800693446,0.4,1.0,0.5764998288539697,0.0,0.0,0.010000000000000002,269.02301025390625,470.77099609375,2.0
162232.0,35.0,20.0,4.0,-2.305407204237258,-2.829381264658357,0.5239740604210992,-3.1361785341503623,0.8307713299131043,-3.2869247601623117,0.9815175559250537,0.45754349550395457,1.2,1.0,0.4119912912896409,0.0,0.0,0.009999999999999998,253.6230010986328,476.3710021972656,2.0
174712.0,36.0,20.0,4.0,-1.6249132016075931,-2.768634994200088,1.143721792592495,-2.860271873673405,1.235358672065812,-2.8650269053671846,1.2401137037595915,0.09639191116709656,0.8,1.0,0.31217952723137604,0.0,0.0,0.01,251.822998046875,490.1709899902344,2.0
178456.0,37.0,20.0,4.0,-1.5241973080347062,-2.5647633993793333,1.040566091344627,-2.3017317010132463,0.7775343929785401,-2.5582751091719014,1.0340778011371952,-0.006488290207431913,0.6,1.0,0.2960723544882258,0.0,0.0,0.01,276.62298583984375,494.1709899902344,2.0
179704.0,38.0,20.0,4.0,-1.2995379785695915,-1.8259877542625267,0.5264497756929352,-1.8888196026815214,0.5892816241119299,-1.8888196026815214,0.5892816241119299,0.0628318484189947,1.0,1.0,0.2586634799004926,0.0,0.0,0.01,272.822998046875,495.5710144042969,2.0
180952.0,39.0,20.0,4.0,-1.2804317190528742,-2.110266797618362,0.8298350785654875,-2.1795076746625206,0.8990759556096464,-2.1795076746625206,0.8990759556096464,0.06924087704415882,1.0,0.75,0.2555695961691564,0.0,1.0,0.009999999999999998,269.02301025390625,496.97100830078125,2.0
183447.0,40.0,20.0,4.0,-2.4865916922555646,-2.7144125295875074,0.2278208373319428,-2.768176314130624,0.2815846218750595,-2.7713057334594278,0.2847140412038631,0.05689320387192032,1.2,1.0,0.4359712897031161,0.0,0.0,0.010000000000000002,261.2229919433594,499.77099609375,2.0
189687.0,41.0,20.0,4.0,-1.1247935132913431,-1.4415369974364904,0.3167434841451473,-1.5098153385692237,0.38502182527788054,-1.5098153385692237,0.38502182527788054,0.06827834113273323,1.0,1.0,0.228239763431307,0.0,0.0,0.01,278.4230041503906,506.5710144042969,2.0
200919.0,42.0,20.0,4.0,-2.8475500670704657,-2.850246427519631,0.002696360449165436,-2.709094468622444,-0.1384555984480218,-2.9095431604662148,0.0619930933957491,0.05929673294658366,0.2,1.0,0.48105926303017743,0.0,0.0,0.009999999999999998,244.22300720214844,519.1710205078125,2.0
204662.0,43.0,20.0,4.0,-2.2232844230407043,-3.0590624743625003,0.8357780513217961,-2.9402920117138773,0.717007588673173,-3.0583857139267034,0.8351012908859992,-0.000676760435796897,0.6,1.0,0.4007133115243613,0.0,0.0,0.009999999999999998,268.822998046875,523.1710205078125,2.0
213398.0,44.0,20.0,4.0,-2.6206237882000676,-3.6277778061085604,1.0071540179084928,-3.5089330247023387,0.8883092365022711,-3.636559575808771,1.0159357876087034,0.008781769700210607,0.6,1.0,0.45310827594985437,0.0,0.0,0.009999999999999998,278.4230041503906,532.77099609375,2.0
215894.0,45.0,20.0,4.0,-1.652645155974766,-2.8312141465539318,1.1785689905791659,-3.0485363974682422,1.3958912414934763,-3.0485363974682422,1.3958912414934763,0.21732225091431046,1.0,1.0,0.3166111997908621,0.0,0.0,0.009999999999999998,270.822998046875,535.5709838867188,2.0
227125.0,46.0,20.0,4.0,-1.58284815443783,-2.7732855970371255,1.1904374425992956,-3.091890680002897,1.509042525565067,-3.091890680002897,1.509042525565067,0.3186050829657714,1.0,1.0,0.3055015020280015,0.0,0.0,0.01,272.62298583984375,547.9710083007812,2.0
230869.0,47.0,20.0,4.0,-2.2065661394814766,-2.3701368970793566,0.16357075759787998,-2.2972730097154623,0.09070687023398571,-2.400275352900427,0.1937092134189502,0.03013845582107022,0.4,1.0,0.3984071052320358,0.0,0.0,0.01,261.2229919433594,552.1710205078125,2.0
232117.0,48.0,20.0,4.0,-2.3619198372363166,-2.857656178213153,0.4957363409768365,-2.592155444657483,0.23023560742116622,-2.8697655608773607,0.5078457236410441,0.01210938266420758,0.6,1.0,0.41958584695329404,0.0,0.0,0.01,257.4230041503906,553.5709838867188,2.0
244597.0,49.0,20.0,4.0,-3.651015887382392,-3.916461147689022,0.26544526030662974,-3.8614271626438867,0.2104112752614946,-3.9155527177895926,0.26453683040720044,-0.0009084298994292972,0.8,1.0,0.5686597537932778,0.0,0.0,0.01,255.6230010986328,567.3709716796875,2.0
248341.0,50.0,20.0,4.0,-1.6907495765300946,-2.2420854586978365,0.5513358821677419,-2.1740000775479422,0.4832505010178476,-2.250107482661492,0.5593579061313974,0.008022023963655478,0.8,1.0,0.32256924167659756,0.0,0.0,0.01,244.22300720214844,571.5709838867188,2.0
252084.0,51.0,20.0,4.0,-2.029418610191539,-2.364007803110097,0.33458919291855826,-2.4132941224431517,0.38387551225161287,-2.4132941224431517,0.38387551225161287,0.04928631933305461,1.0,0.75,0.3733699356854985,0.0,1.224744871391589,0.009999999999999998,268.822998046875,575.5709838867188,2.0
255828.0,52.0,20.0,4.0,-2.963132165675903,-4.1475693414568715,1.1844371757809684,-4.534420659563947,1.5712884938880443,-4.601604140496026,1.6384719748201233,0.4540347990391549,1.2,1.0,0.49470862575508845,0.0,0.0,0.01,257.4230041503906,579.77099609375,2.0
259572.0,53.0,20.0,4.0,-1.6128674611405418,-1.9888552573479088,0.375987796207367,-1.8628305209079952,0.24996305976745337,-1.997028327688135,0.3841608665475933,0.008173070340226296,0.6,1.0,0.3102945391396048,0.0,0.0,0.01,246.0229949951172,583.9710083007812,2.0
260820.0,54.0,20.0,4.0,-1.859348636000016,-3.136490853501846,1.2771422175018299,-2.736879540720285,0.8775309047202691,-3.1472296915660936,1.2878810555660776,0.010738838064247691,0.6,1.0,0.34833047087107033,0.0,0.0,0.01,278.4230041503906,585.1710205078125,2.0
264564.0,55.0,20.0,4.0,-1.98729674695453,-2.628981898470351,0.6416851515158211,-2.4899101805216284,0.5026134335670984,-2.62174756346766,0.6344508165131302,-0.007234335002690884,0.6,1.0,0.3672659789723704,0.0,0.0,0.010000000000000002,267.02301025390625,589.3709716796875,2.0
269556.0,56.0,20.0,4.0,-1.4610547743946176,-2.4541972940929693,0.9931425196983517,-2.6430077874494353,1.1819530130548177,-2.6430077874494353,1.1819530130548177,0.18881049335646605,1.0,1.0,0.2857373122461577,0.0,0.0,0.010000000000000004,251.822998046875,594.9710083007812,2.0
270804.0,57.0,20.0,4.0,-1.6802192765281267,-3.0240625399546737,1.343843263426547,-3.283306601689033,1.6030873251609061,-3.283306601689033,1.6030873251609061,0.2592440617343592,1.0,1.0,0.32090427804875626,0.0,0.0,0.01,248.0229949951172,596.3709716796875,2.0
272051.0,58.0,20.0,4.0,-1.7121632857471178,-2.371415646955482,0.6592523612083641,-2.753568121846868,1.0414048360997503,-2.753568121846868,1.0414048360997503,0.38215247489138626,1.0,1.0,0.32585196660777715,0.0,0.0,0.01,244.0229949951172,597.77099609375,2.0
273299.0,59.0,20.0,4.0,-1.669882307459438,-2.0456118338713627,0.3757295264119247,-1.9288383558535225,0.2589560483940845,-2.04036345837825,0.3704811509188122,-0.005248375493112523,0.6,1.0,0.31926694017924895,0.0,0.0,0.01,276.4230041503906,598.9710083007812,2.0
279539.0,60.0,20.0,4.0,-3.5574509613812615,-3.903896087799838,0.3464451264185766,-3.7520679657884544,0.19461700440719287,-3.9048771259673036,0.34742616458604214,0.000981038167465531,0.6,1.0,0.5592518654261905,0.0,0.0,0.010000000000000002,257.4230041503906,605.9710083007812,2.0
285779.0,61.0,20.0,4.0,-3.73032658990992,-4.301547892529566,0.5712213026196462,-4.347964623479631,0.6176380335697109,-4.348203910873533,0.617877320963613,0.04665601834396682,0.8,1.0,0.5764991105747752,0.0,0.0,0.01,274.62298583984375,612.77099609375,2.0
287027.0,62.0,20.0,4.0,-4.3951164756081,-4.6168966044647615,0.2217801288566612,-4.483818797282706,0.08870232167460568,-4.623153956919762,0.22803748131166213,0.00625735245500092,0.6,1.0,0.6366224286443163,0.0,0.0,0.010000000000000002,270.822998046875,614.1710205078125,2.0
304498.0,63.0,20.0,4.0,-3.8453314079131813,-4.21247715844996,0.36714575053677834,-4.2847858727240276,0.43945446481084627,-4.286296047330015,0.4409646394168334,0.07381888888005506,1.2,1.0,0.5876288158453101,0.0,0.0,0.010000000000000002,253.6230010986328,633.5709838867188,2.0
311986.0,64.0,20.0,4.0,-2.3409099800831465,-2.7056952848383182,0.3647853047551717,-2.5375854697014377,0.19667548961829118,-2.710816911774241,0.36990693169109434,0.005121626935922663,0.6,1.0,0.4167947318165541,0.0,0.0,0.01,267.02301025390625,641.77099609375,2.0
316977.0,65.0,20.0,4.0,-1.5395906836898245,-2.389815772695628,0.8502250890058034,-2.3594210596578975,0.819830375968073,-2.409167368386112,0.8695766846962873,0.019351595690483947,0.8,1.0,0.2985320472691963,0.0,0.0,0.010000000000000002,251.6230010986328,647.3709716796875,2.0
319473.0,66.0,20.0,4.0,-2.162178821730234,-2.418163054682476,0.25598423295224215,-2.3059709569056146,0.1437921351753806,-2.4204305421889907,0.25825172045875666,0.0022674875065145095,0.6,0.75,0.39223033831386567,0.0,1.224744871391589,0.01,244.0229949951172,650.1710205078125,2.0
323217.0,67.0,20.0,4.0,-2.6234331702148954,-5.26947549437534,2.6460423241604443,-5.6431123902105735,3.019679219995678,-5.686629054118316,3.0631958839034206,0.4171535597429763,0.8,1.0,0.45351181281170994,0.0,0.0,0.01,268.822998046875,654.1710205078125,2.0
336945.0,68.0,20.0,4.0,-2.857783951243287,-4.531538828091399,1.673754876848112,-4.811882503165295,1.9540985519220078,-4.811882503165295,1.9540985519220078,0.2803436750738957,1.0,1.0,0.4821939140420844,0.0,0.0,0.01,263.2229919433594,669.3709716796875,2.0
340688.0,69.0,20.0,4.0,-4.253622397227671,-4.849969512990555,0.5963471157628835,-4.716578389201787,0.4629559919741162,-4.856277470006499,0.6026550727788278,0.006307957015944332,0.6,1.0,0.6245824019368356,0.0,0.0,0.010000000000000002,251.6230010986328,673.5709838867188,2.0
353168.0,70.0,20.0,4.0,-2.0907678061977566,-3.8822971742149797,1.791529368017223,-4.67093461450477,2.580166808307013,-4.993932169614201,2.9031643634164443,1.1116349953992213,1.2,1.0,0.38211947014652636,0.0,0.0,0.009999999999999998,249.822998046875,687.3709716796875,2.0
355664.0,71.0,20.0,4.0,-2.0836724769587076,-1.9768063314907294,-0.10686614546797824,-2.153064727751764,0.06939225079305622,-2.2353371729190155,0.15166469596030785,0.2585308414282861,1.2,1.0,0.3811845781972316,0.0,0.0,0.01,278.4230041503906,689.9710083007812,2.0
359408.0,72.0,20.0,4.0,-2.036374915004832,-3.18565834192741,1.1492834269225782,-3.4519635847608217,1.4155886697559898,-3.4672017969349973,1.4308268819301655,0.28154345500758726,1.2,1.0,0.3743994008601766,0.0,0.0,0.01,267.02301025390625,694.1710205078125,2.0
361904.0,73.0,20.0,4.0,-2.158647530680153,-3.7192766801461974,1.5606291494660445,-3.987572397623442,1.828924866943289,-3.987572397623442,1.828924866943289,0.26829571747724446,1.0,1.0,0.39171630858202594,0.0,0.0,0.01,259.4230041503906,696.9710083007812,2.0
363151.0,74.0,20.0,4.0,-2.1668824468634558,-2.590459177945754,0.42357673108229843,-2.5813230869866093,0.4144406401231535,-2.6077660723010525,0.44088362543759674,0.017306894355298308,0.8,1.0,0.39286159157156375,0.0,0.0,0.009999999999999998,255.42300415039062,698.3709716796875,2.0
365647.0,75.0,20.0,4.0,-1.7853439023605011,-3.6504375608867883,1.8650936585262872,-3.9233850992021813,2.13804119684168,-3.9233850992021813,2.13804119684168,0.272947538315393,1.0,1.0,0.3371035088453778,0.0,0.0,0.010000000000000002,247.822998046875,701.1710205078125,2.0
370639.0,76.0,20.0,4.0,-1.6911545744583059,-5.0147415656132655,3.3235869911549596,-6.138073031319178,4.446918456860872,-6.138073031319178,4.446918456860872,1.1233314657059124,1.0,1.0,0.3225665966970066,0.0,0.0,0.009999999999999998,268.822998046875,706.5709838867188,2.0
383119.0,77.0,20.0,4.0,-3.249194535633598,-4.4768093343004525,1.2276147986668544,-4.649224604906133,1.4000300692725354,-4.685572696553699,1.4363781609201007,0.20876336225324632,1.2,1.0,0.5268658981744851,0.0,0.0,0.009999999999999998,267.02301025390625,720.3709716796875,2.0
395598.0,78.0,20.0,4.0,-1.9107529906734348,-2.6172107338880264,0.7064577432145915,-2.720111576979466,0.8093585863060313,-2.720111576979466,0.8093585863060313,0.10290084309143976,1.0,1.0,0.3560409486701272,0.0,0.0,0.01,265.02301025390625,734.1710205078125,2.0
403086.0,79.0,20.0,4.0,-1.5118206111378816,-2.634252592483461,1.1224319813455794,-2.84375825098299,1.3319376398451086,-2.84375825098299,1.3319376398451086,0.20950565849952918,1.0,1.0,0.2940364518586435,0.0,0.0,0.010000000000000004,278.4230041503906,742.3709716796875,2.0
408077.0,80.0,20.0,4.0,-1.3263643129148037,-2.51403306021177,1.1876687472969665,-2.51581659238223,1.1894522794674263,-2.5926209205312585,1.2662566076164548,0.07858786031948828,0.8,1.0,0.2632291483741,0.0,0.0,0.01,263.02301025390625,747.9710083007812,2.0
410573.0,81.0,20.0,4.0,-1.9357957516326794,-3.879983098420754,1.9441873467880746,-3.968563592432177,2.032767840799498,-4.049304209332087,2.1135084576994076,0.16932111091133306,0.8,1.0,0.35980850168986594,0.0,0.0,0.009999999999999998,255.42300415039062,750.77099609375,2.0
411821.0,82.0,20.0,4.0,-1.835030814164669,-2.654298405289941,0.819267591125272,-2.8186786075842543,0.9836477934195853,-2.8186786075842543,0.9836477934195853,0.16438020229431327,1.0,1.0,0.3446778947995764,0.0,0.0,0.01,251.6230010986328,752.1710205078125,2.0
416813.0,83.0,20.0,4.0,-1.6118482586569605,-1.8983276011187087,0.2864793424617482,-1.9271964433042978,0.3153481846473374,-1.9271964433042978,0.3153481846473374,0.02886884218558916,1.0,1.0,0.31007150861204813,0.0,0.0,0.01,272.62298583984375,757.5709838867188,2.0
418061.0,84.0,20.0,4.0,-2.2495094396561304,-2.4679140512902045,0.2184046116340741,-2.521439050318388,0.27192961066225774,-2.5390603814911774,0.28955094183504704,0.07114633020097294,1.2,1.0,0.4044604001167491,0.0,0.0,0.01,268.822998046875,758.9710083007812,2.0
419309.0,85.0,20.0,4.0,-4.088394126795566,-4.667553121716963,0.5791589949213964,-4.896469944367702,0.8080758175721359,-4.994511623627137,0.9061174968315706,0.32695850191017417,1.2,1.0,0.6099732459140266,0.0,0.0,0.009999999999999998,265.02301025390625,760.3709716796875,2.0
420557.0,86.0,20.0,4.0,-2.012437129079962,-2.1920489142983133,0.1796117852183512,-2.169740001083916,0.157302872003954,-2.192441533243799,0.1800044041638369,0.000392618945485701,0.6,1.0,0.3709561434443904,0.0,0.0,0.01,261.2229919433594,761.77099609375,2.0
423053.0,87.0,20.0,4.0,-5.540315023406521,-6.7842318887071436,1.2439168653006227,-6.946853950060019,1.4065389266534982,-6.96280247212797,1.4224874487214496,0.17857058342082688,1.2,1.0,0.720833663587879,0.0,0.0,0.009999999999999998,253.6230010986328,764.5709838867188,2.0
428045.0,88.0,20.0,4.0,-1.6051358242691447,-1.882824551851198,0.2776887275820532,-1.8860701958489223,0.28093437157977763,-1.89787542327366,0.2927395990045154,0.015050871422462198,0.8,1.0,0.3090526176195573,0.0,0.0,0.01,274.62298583984375,769.9710083007812,2.0
444268.0,89.0,20.0,4.0,-2.3998115621124296,-5.648944193222116,3.249132631109686,-6.222439063106772,3.8226275009943422,-6.222439063106772,3.8226275009943422,0.573494869884656,1.0,1.0,0.42457665050733406,0.0,0.0,0.010000000000000002,261.2229919433594,787.9710083007812,2.0
445516.0,90.0,20.0,4.0,-1.3815622471586664,-2.416205021964531,1.0346427748058644,-2.7383273584459307,1.3567651112872643,-2.8090458597531534,1.427483612594487,0.39284083778862255,1.2,1.0,0.27249216591553393,0.0,0.0,0.009999999999999998,257.4230041503906,789.3709716796875,2.0
450508.0,91.0,20.0,4.0,-1.2600843240757833,-1.6747232409468007,0.4146389168710174,-1.7439517474469777,0.48386742337119437,-1.7439517474469777,0.48386742337119437,0.06922850650017698,1.0,1.0,0.251929586630461,0.0,0.0,0.009999999999999997,278.4230041503906,794.77099609375,2.0
455499.0,92.0,20.0,4.0,-4.528915945169336,-5.4914039587029055,0.9624880135335694,-5.024410680323551,0.4954947351542147,-5.510509285344459,0.9815933401751229,0.01910532664155351,0.6,1.0,0.6476236667846351,0.0,0.0,0.010000000000000002,263.02301025390625,800.3709716796875,2.0
456747.0,93.0,20.0,4.0,-3.0015609752081636,-2.9402106698329113,-0.06135030537525221,-2.5588786968119273,-0.4426822783962363,-3.083965896040446,0.08240492083228235,0.14375522620753456,0.2,1.0,0.49905831775534365,0.0,0.0,0.01,259.2229919433594,801.77099609375,2.0
459243.0,94.0,20.0,4.0,-1.4913195224219664,-1.6436067876898601,0.1522872652678937,-1.6480919096068862,0.15677238718491981,-1.6486533530158969,0.15733383059393047,0.005046565326036756,0.8,1.0,0.2907030849706236,0.0,0.0,0.010000000000000002,251.6230010986328,804.5709838867188,2.0
469227.0,95.0,20.0,4.0,-2.947283301798453,-4.047380183947493,1.1000968821490402,-4.269870299964745,1.3225869981662917,-4.274372959123685,1.327089657325232,0.22699277517619176,1.2,1.0,0.4927654969332879,0.0,0.0,0.009999999999999998,257.4230041503906,815.5709838867188,2.0
485450.0,96.0,20.0,4.0,-3.138172806434772,-3.938857302171308,0.8006844957365362,-3.791486895103895,0.6533140886691231,-3.933683415517109,0.7955106090823372,-0.005173886654199045,0.6,1.0,0.5145453965706158,0.0,0.0,0.01,244.0229949951172,833.5709838867188,2.0
486698.0,97.0,20.0,4.0,-1.184109493790155,-1.664172507422508,0.48006301363235293,-1.6481575850350063,0.46404809124485125,-1.6829981912781866,0.49888869748803155,0.01882568385567862,0.8,1.0,0.23869814786911314,0.0,0.0,0.009999999999999998,276.4230041503906,834.77099609375,2.0
487946.0,98.0,20.0,4.0,-1.5018566074299953,-1.6894941064239977,0.1876374989940024,-1.7446692400514974,0.2428126326215021,-1.764485405540003,0.2626287981100077,0.07499129911600533,1.2,1.0,0.29236293054410856,0.0,0.0,0.009999999999999998,272.62298583984375,836.1710205078125,2.0
495434.0,99.0,20.0,4.0,-3.3240842434239974,-3.0359630943368536,-0.2881211490871438,-2.861419547780644,-0.46266469564335333,-3.324084243424001,3.552713678800501e-15,0.28812114908714737,0.0,1.0,0.5349424790389504,0.0,0.0,0.009999999999999998,249.822998046875,844.5709838867188,2.0
1247.0,0.0,20.0,8.0,-2.2849663597452743,-2.722807734246025,0.43784137450075056,-2.711708823855328,0.4267424641100539,-2.7388730930995426,0.45390673335426834,0.016065358853517786,0.8,0.875,0.40934655109208273,0.0,0.7071067811865476,0.01,274.62298583984375,298.3710021972656,2.0
4991.0,1.0,20.0,8.0,-3.7029949610899777,-5.997245130039013,2.294250168949035,-6.066963794262884,2.3639688331729065,-6.08270792769572,2.3797129666057426,0.0854627976567075,0.8,1.0,0.5737797034166646,0.0,0.0,0.010000000000000002,263.2229919433594,302.5710144042969,2.0
9983.0,2.0,20.0,8.0,-3.261926250233287,-4.12546131697869,0.8635350667454031,-4.1140104297745825,0.8520841795412957,-4.158389234634446,0.8964629844011589,0.032927917655755756,0.8,1.0,0.5283582888619069,0.0,0.0,0.01,248.0229949951172,308.1709899902344,2.0
18719.0,3.0,20.0,8.0,-6.978337664372946,-6.978337664372938,-7.993605777301127e-15,-6.978337664372939,-7.105427357601002e-15,-6.978337664372941,-4.440892098500626e-15,3.552713678800501e-15,0.8,1.0,0.799568695977436,0.0,0.0,0.009999999999999998,257.62298583984375,317.77099609375,2.0
19967.0,4.0,20.0,8.0,-4.893382229298041,-5.137347560272425,0.2439653309743841,-5.142365115005132,0.24898288570709148,-5.142365115005132,0.24898288570709148,0.005017554732707374,1.0,1.0,0.6759954935144109,0.0,0.0,0.01,253.822998046875,319.1709899902344,2.0
33694.0,5.0,20.0,8.0,-4.0006897107965935,-7.2621556509733045,3.261465940176711,-7.2074511469988085,3.206761436202215,-7.27864601652099,3.2779563057243966,0.01649036554768557,0.8,1.0,0.6020661980019735,0.0,0.0,0.010000000000000004,248.0229949951172,334.3710021972656,2.0
44926.0,6.0,20.0,8.0,-2.823244990799751,-4.284053017706929,1.4608080269071784,-4.185576567012085,1.3623315762123336,-4.324828683397459,1.5015836925977077,0.04077566569052937,0.8,1.0,0.47813328093638574,0.0,0.0,0.01,250.0229949951172,346.77099609375,2.0
46173.0,7.0,20.0,8.0,-8.457093500494876,-10.763979485558863,2.306885985063987,-9.840932021006296,1.3838385205114196,-10.755335925075187,2.2982424245803106,-0.008643560483676538,0.6,1.0,0.8574858885267792,0.0,0.0,0.009999999999999998,246.0229949951172,348.1709899902344,2.0
51165.0,8.0,20.0,8.0,-6.5182871621221325,-8.170543005985602,1.6522558438634691,-8.214507246228202,1.696220084106069,-8.236815009560583,1.7185278474384509,0.06627200357498175,0.8,1.0,0.7772334449121208,0.0,0.0,0.010000000000000002,267.02301025390625,353.5710144042969,2.0
57405.0,9.0,20.0,8.0,-4.657796759124839,-4.9513792427242045,0.2935824835993657,-4.933569985896865,0.2757732267720261,-4.951881264634498,0.2940845055096588,0.0005020219102931378,0.8,1.0,0.6580611466287605,0.0,0.0,0.010000000000000002,248.0229949951172,360.5710144042969,2.0
64893.0,10.0,20.0,8.0,-11.294378902254952,-11.294378902254863,-8.881784197001252e-14,-11.294378902254863,-8.881784197001252e-14,-11.294378902254866,-8.526512829121202e-14,3.552713678800501e-15,0.4,1.0,0.9258932449152258,0.0,0.0,0.010000000000000002,261.4230041503906,368.77099609375,2.0
66141.0,11.0,20.0,8.0,-7.552639424035182,-10.277742297847743,2.7251028738125607,-9.634662417102952,2.0820229930677696,-10.248108204527144,2.6954687804919617,-0.029634093320598964,0.6,1.0,0.8244346893299132,0.0,0.0,0.01,257.62298583984375,370.1709899902344,2.0
72380.0,12.0,20.0,8.0,-3.4575902496325437,-4.656636533073514,1.1990462834409703,-4.706686730692912,1.2490964810603682,-4.740968740944938,1.2833784913123942,0.08433220787142393,1.2,0.875,0.5491119479491957,0.0,0.7905694150420949,0.01,274.62298583984375,376.97100830078125,2.0
73628.0,13.0,20.0,8.0,-3.7561218820308846,-5.4963567102511,1.7402348282202156,-5.89947154052446,2.1433496584935754,-6.023176782349502,2.2670549003186173,0.5268200720984018,1.2,1.0,0.5792018029421321,0.0,0.0,0.010000000000000002,270.822998046875,378.3710021972656,2.0
77372.0,14.0,20.0,8.0,-5.960756435027484,-9.35585919714735,3.3951027621198655,-10.353697141976415,4.392940706948931,-10.37792581291946,4.417169377891975,1.0220666157721094,1.2,1.0,0.7467036475179805,0.0,0.0,0.01,259.4230041503906,382.5710144042969,2.0
78620.0,15.0,20.0,8.0,-3.58522703686404,-6.456910309441249,2.8716832725772092,-6.920573178995354,3.3353461421313138,-6.920573178995354,3.3353461421313138,0.4636628695541045,1.0,0.875,0.5621353566510174,0.0,0.7071067811865476,0.010000000000000002,255.6230010986328,383.97100830078125,2.0
79868.0,16.0,20.0,8.0,-3.4814683054718136,-6.0300298297599415,2.548561524288128,-5.903055381978319,2.4215870765065057,-6.0089892937673115,2.527520988295498,-0.021040535992630005,0.8,1.0,0.5514816174850699,0.0,0.0,0.010000000000000002,251.822998046875,385.3710021972656,2.0
87356.0,17.0,20.0,8.0,-4.504981858587963,-7.716464516222717,3.211482657634754,-7.810114900494711,3.305133041906748,-7.870015963432437,3.365034104844474,0.15355144720972014,0.8,1.0,0.6457459168305265,0.0,0.0,0.01,265.2229919433594,393.5710144042969,2.0
88604.0,18.0,20.0,8.0,-4.5642979844851785,-9.040162771215549,4.47586478673037,-9.217386982371188,4.65308899788601,-9.489341865587004,4.925043881101826,0.44917909437145553,0.8,1.0,0.6505462472634157,0.0,0.0,0.009999999999999998,261.4230041503906,394.97100830078125,2.0
93595.0,19.0,20.0,8.0,-2.8794662619342946,-4.761899553345389,1.8824332914110942,-4.9917810335568005,2.112314771622506,-4.995216284008757,2.1157500220744625,0.23331673066336833,0.8,1.0,0.48488401232358286,0.0,0.0,0.01,246.0229949951172,400.5710144042969,2.0
94843.0,20.0,20.0,8.0,-3.1033086899203335,-6.4362942258288625,3.332985535908529,-6.931615682234665,3.8283069923143316,-6.931615682234665,3.8283069923143316,0.4953214564058026,1.0,1.0,0.5107204192746382,0.0,0.0,0.01,278.4230041503906,401.77099609375,2.0
97339.0,21.0,20.0,8.0,-4.5932918172524975,-6.657005555084328,2.06371373783183,-7.25229989936834,2.659008082115842,-7.475368907524373,2.882077090271876,0.8183633524400458,1.2,0.875,0.6528908910126003,0.0,0.3535533905932738,0.009999999999999998,270.822998046875,404.5710144042969,2.0
106075.0,22.0,20.0,8.0,-4.788988772421586,-5.517389166294146,0.7284003938725601,-5.346675237398787,0.5576864649772011,-5.519706563532236,0.7307177911106502,0.002317397238090102,0.6,1.0,0.6682334419188851,0.0,0.0,0.009999999999999998,244.22300720214844,414.3710021972656,2.0
109819.0,23.0,20.0,8.0,-5.7243082686531,-6.151295875577077,0.4269876069239764,-5.5908343739142445,-0.13347389473885585,-6.373646687299299,0.6493384186461988,0.22235081172222237,0.4,1.0,0.7325106283354076,0.0,0.0,0.010000000000000004,269.02301025390625,418.3710021972656,2.0
111067.0,24.0,20.0,8.0,-8.90141550309361,-8.901415503093617,7.105427357601002e-15,-8.901415503093617,7.105427357601002e-15,-8.901415503093617,7.105427357601002e-15,0.0,0.2,1.0,0.87134976566271,0.0,0.0,0.01,265.2229919433594,419.77099609375,2.0
114810.0,25.0,20.0,8.0,-5.957475504564772,-6.875841199425966,0.918365694861194,-6.314457703448556,0.35698219888378446,-7.116400607743617,1.158925103178845,0.240559408317651,0.4,1.0,0.7466385115355344,0.0,0.0,0.01,253.6230010986328,423.97100830078125,2.0
126042.0,26.0,20.0,8.0,-3.851133057366275,-7.682281031668222,3.831147974301947,-8.136292791348692,4.285159733982417,-8.136292791348692,4.285159733982417,0.45401175968047003,1.0,0.875,0.5882078839596111,0.3535533905932738,0.7905694150420949,0.009999999999999998,255.6230010986328,436.3710021972656,2.0
127290.0,27.0,20.0,8.0,-3.4739570960766057,-6.903282592294623,3.4293254962180173,-7.28794955796657,3.8139924618899643,-7.28794955796657,3.8139924618899643,0.384666965671947,1.0,1.0,0.5507952973723107,0.0,0.0,0.01,251.822998046875,437.77099609375,2.0
134778.0,28.0,20.0,8.0,-3.64743443552051,-4.623994254657786,0.9765598191372762,-4.705136818918986,1.0577023833984764,-4.723875548935634,1.0764411134151244,0.0998812942778482,1.2,1.0,0.5684279546003327,0.0,0.0,0.01,265.2229919433594,445.97100830078125,2.0
136025.0,29.0,20.0,8.0,-4.349920263471405,-5.45979428953589,1.1098740260644853,-5.18605290400708,0.8361326405356753,-5.526897211405291,1.1769769479338867,0.06710292186940148,0.4,1.0,0.6328467809579952,0.0,0.0,0.01,261.2229919433594,447.3710021972656,2.0
138521.0,30.0,20.0,8.0,-4.4028188379030775,-5.165702574758807,0.7628837368557297,-4.921094643102906,0.5182758051998286,-5.269559742716838,0.8667409048137609,0.10385716795803113,0.4,1.0,0.637323877690462,0.0,0.0,0.009999999999999998,253.6230010986328,450.1709899902344,2.0
139769.0,31.0,20.0,8.0,-6.720434105369019,-8.703209219748151,1.9827751143791321,-7.832471907360212,1.1120378019911925,-8.722088229432716,2.0016541240636965,0.018879009684564352,0.6,0.875,0.787387680594187,0.3535533905932738,0.6123724356957945,0.010000000000000004,249.822998046875,451.5710144042969,2.0
143513.0,32.0,20.0,8.0,-4.562617878521892,-3.799986465954641,-0.7626314125672509,-3.5128801435946317,-1.0497377349272603,-4.562617878521899,7.105427357601002e-15,0.762631412567258,0.0,1.0,0.6504029709333872,0.0,0.0,0.01,274.62298583984375,455.5710144042969,2.0
154745.0,33.0,20.0,8.0,-4.681119619129488,-5.010736806196143,0.3296171870666553,-4.882684670994565,0.20156505186507712,-5.011124979265203,0.3300053601357149,0.00038817306905958304,0.6,1.0,0.6598754427798835,0.0,0.0,0.009999999999999998,276.62298583984375,467.97100830078125,2.0
157241.0,34.0,20.0,8.0,-5.785216548664977,-6.041180248019856,0.2559636993548793,-5.166251390634175,-0.618965158030802,-6.177106053772434,0.3918895051074571,0.13592580575257784,0.4,1.0,0.7362484234684863,0.0,0.0,0.010000000000000002,269.02301025390625,470.77099609375,2.0
162232.0,35.0,20.0,8.0,-3.9317322487711874,-5.002864716712699,1.0711324679415113,-5.3947549530871575,1.46302270431597,-5.4814325585215045,1.549700309750317,0.47856784180880574,1.2,1.0,0.5957439271706847,0.0,0.0,0.009999999999999998,253.6230010986328,476.3710021972656,2.0
174712.0,36.0,20.0,8.0,-3.1214412705698695,-4.12565019232386,1.0042089217539907,-4.478045439041313,1.3566041684714438,-4.677289359008608,1.5558480884387382,0.5516391666847476,1.2,0.875,0.5127971181912199,0.0,0.7071067811865476,0.01,251.822998046875,490.1709899902344,2.0
178456.0,37.0,20.0,8.0,-3.6577045731663373,-8.354045165442363,4.696340592276026,-8.215037434378674,4.557332861212337,-8.822027214120254,5.164322640953917,0.46798204867789117,0.8,1.0,0.5694676596083662,0.0,0.0,0.01,276.62298583984375,494.1709899902344,2.0
179704.0,38.0,20.0,8.0,-2.4899544751660727,-3.04483090528418,0.5548764301181075,-3.0164951088942487,0.5265406337281759,-3.0423792177947746,0.5524247426287019,-0.0024516874894056073,0.6,1.0,0.43659321469282997,0.0,0.0,0.01,272.822998046875,495.5710144042969,2.0
180952.0,39.0,20.0,8.0,-2.521131320434704,-2.7321985408406824,0.21106722040597825,-2.5527004257310675,0.031569105296363364,-2.842277960005225,0.3211466395705207,0.11007941916454245,0.4,1.0,0.44068073888344994,0.0,0.0,0.009999999999999998,269.02301025390625,496.97100830078125,2.0
183447.0,40.0,20.0,8.0,-4.253598285557263,-5.039453257605714,0.7858549720484502,-5.0860562408726135,0.8324579553153502,-5.091167475827813,0.8375691902705498,0.05171421822209954,0.8,1.0,0.6246334319700066,0.0,0.0,0.010000000000000002,261.2229919433594,499.77099609375,2.0
189687.0,41.0,20.0,8.0,-2.1367583901264613,-3.2057807724531564,1.069022382326695,-2.7988884528087734,0.6621300626823121,-3.1988922064541683,1.062133816327707,-0.006888565998988128,0.6,1.0,0.38876142070098596,0.0,0.0,0.01,278.4230041503906,506.5710144042969,2.0
200919.0,42.0,20.0,8.0,-4.926945634294519,-5.094113399068267,0.1671677647737484,-5.015912289331635,0.0889666550371162,-5.107921320811268,0.18097568651674933,0.01380792174300094,0.4,0.875,0.6786229491549276,0.3535533905932738,0.7071067811865476,0.009999999999999998,244.22300720214844,519.1710205078125,2.0
204662.0,43.0,20.0,8.0,-4.33972505346093,-4.7085125084258355,0.36878745496490506,-4.363118701870505,0.023393648409574475,-4.8057612707804145,0.4660362173194841,0.09724876235457902,0.4,1.0,0.6319326643585452,0.0,0.0,0.009999999999999998,268.822998046875,523.1710205078125,2.0
213398.0,44.0,20.0,8.0,-4.847669553207796,-5.672081877553764,0.8244123243459685,-5.512495917232613,0.6648263640248171,-5.787141590227563,0.9394720370197671,0.11505971267379866,0.4,1.0,0.672606270905507,0.0,0.0,0.009999999999999998,278.4230041503906,532.77099609375,2.0
215894.0,45.0,20.0,8.0,-3.4265472966379185,-4.378862702082587,0.952315405444669,-4.03299729867175,0.6064500020338319,-4.40317881192968,0.976631515291762,0.02431610984709298,0.6,0.875,0.5458515962404417,0.3535533905932738,0.3535533905932738,0.009999999999999998,270.822998046875,535.5709838867188,2.0
227125.0,46.0,20.0,8.0,-3.0257978351473276,-4.362251887077287,1.3364540519299593,-4.375949922825036,1.3501520876777087,-4.4057793707304675,1.37998153558314,0.04352748365318071,0.8,1.0,0.5019171294371023,0.0,0.0,0.01,272.62298583984375,547.9710083007812,2.0
230869.0,47.0,20.0,8.0,-4.074752314407988,-4.633551272317204,0.5587989579092163,-4.302584961583257,0.2278326471752692,-4.649873342445641,0.5751210280376533,0.016322070128437005,0.6,1.0,0.608818518064243,0.0,0.0,0.01,261.2229919433594,552.1710205078125,2.0
232117.0,48.0,20.0,8.0,-4.3502197064773815,-4.40565639105576,0.05543668457837825,-4.031074943824551,-0.3191447626528303,-4.590042497639412,0.2398227911620303,0.18438610658365207,0.4,1.0,0.6328913462603926,0.0,0.0,0.01,257.4230041503906,553.5709838867188,2.0
244597.0,49.0,20.0,8.0,-8.207436637627538,-8.471069930206333,0.2636332925787954,-7.809427283883576,-0.3980093537439622,-8.691342762004725,0.48390612437718694,0.22027283179839152,0.4,1.0,0.8490330165919902,0.0,0.0,0.01,255.6230010986328,567.3709716796875,2.0
248341.0,50.0,20.0,8.0,-3.029260946008308,-6.075871269347374,3.046610323339066,-6.6327370019967145,3.6034760559884065,-6.6327370019967145,3.6034760559884065,0.5568657326493405,1.0,0.875,0.5023205299238968,0.3535533905932738,0.6123724356957945,0.01,244.22300720214844,571.5709838867188,2.0
252084.0,51.0,20.0,8.0,-3.6730350988331883,-3.8375239524327016,0.16448885359951326,-3.630759709337053,-0.04227538949613541,-3.878072593774874,0.20503749494168577,0.04054864134217251,0.4,1.0,0.5709698703057605,0.0,0.0,0.009999999999999998,268.822998046875,575.5709838867188,2.0
255828.0,52.0,20.0,8.0,-4.848539835192487,-6.491910906160375,1.6433710709678877,-7.164363770656733,2.3158239354642456,-7.398167229857493,2.5496273946650057,0.906256323697118,1.2,0.875,0.6728465628960351,0.5,0.7071067811865476,0.01,257.4230041503906,579.77099609375,2.0
259572.0,53.0,20.0,8.0,-3.8264709523354234,-7.8114354661206855,3.984964513785262,-7.954630596648691,4.128159644313268,-8.300549952843067,4.474079000507643,0.48911448672238134,0.8,1.0,0.5858059005731051,0.0,0.0,0.01,246.0229949951172,583.9710083007812,2.0
260820.0,54.0,20.0,8.0,-4.750324539707107,-8.989352396778592,4.239027857071485,-7.4162934470430795,2.665968907335972,-8.893047826814971,4.142723287107864,-0.09630456996362113,0.6,1.0,0.6652226544511327,0.0,0.0,0.01,278.4230041503906,585.1710205078125,2.0
264564.0,55.0,20.0,8.0,-3.2994576781298517,-3.577275676962114,0.27781799883226244,-3.2993982609764654,-5.941715338630971e-05,-3.685059814941588,0.38560213681173616,0.10778413797947373,0.4,1.0,0.5323435760696237,0.0,0.0,0.010000000000000002,267.02301025390625,589.3709716796875,2.0
269556.0,56.0,20.0,8.0,-2.8258752228210153,-4.460611452724093,1.6347362299030777,-4.722825971391072,1.8969507485700565,-4.722825971391072,1.8969507485700565,0.26221451866697887,1.0,0.875,0.478491552787438,0.0,0.7071067811865476,0.010000000000000004,251.822998046875,594.9710083007812,2.0
270804.0,57.0,20.0,8.0,-3.4831447680427,-5.9588768591215935,2.4757320910788936,-6.423158940600404,2.940014172557704,-6.423158940600404,2.940014172557704,0.4642820814788102,1.0,1.0,0.5517939154960894,0.0,0.0,0.01,248.0229949951172,596.3709716796875,2.0
272051.0,58.0,20.0,8.0,-3.9661843700512165,-5.484192253720983,1.5180078836697666,-5.996890735267555,2.0307063652163384,-5.996890735267555,2.0307063652163384,0.5126984815465718,1.0,1.0,0.5989759493104462,0.0,0.0,0.01,244.0229949951172,597.77099609375,2.0
273299.0,59.0,20.0,8.0,-3.18088816817981,-4.433779059028556,1.2528908908487457,-3.7147142223495817,0.5338260541697717,-4.494406214092804,1.3135180459129936,0.06062715506424787,0.6,1.0,0.5194059786728269,0.0,0.0,0.01,276.4230041503906,598.9710083007812,2.0
279539.0,60.0,20.0,8.0,-4.5911734698240245,-5.544222528454315,0.9530490586302909,-5.368335793045249,0.7771623232212246,-5.530655869998099,0.9394824001740743,-0.01356665845621663,0.8,1.0,0.652654880205198,0.0,0.0,0.010000000000000002,257.4230041503906,605.9710083007812,2.0
285779.0,61.0,20.0,8.0,-5.76593708454711,-6.2485619043515594,0.4826248198044496,-6.101023281580055,0.33508619703294507,-6.248560803282204,0.4826237187350939,-1.1010693556912088e-06,0.6,1.0,0.7350595308562868,0.0,0.0,0.01,274.62298583984375,612.77099609375,2.0
287027.0,62.0,20.0,8.0,-6.591222155963693,-6.6331531334762515,0.0419309775125587,-6.503419572196015,-0.08780258376767769,-6.682705255206125,0.09148309924243225,0.049552121729873555,0.4,1.0,0.7809591835564812,0.0,0.0,0.010000000000000002,270.822998046875,614.1710205078125,2.0
304498.0,63.0,20.0,8.0,-6.148971769850461,-6.579637641443146,0.43066587159268455,-6.576392362133289,0.4274205922828278,-6.595629395808947,0.446657625958486,0.01599175436580147,0.8,1.0,0.7575095596967587,0.0,0.0,0.010000000000000002,253.6230010986328,633.5709838867188,2.0
311986.0,64.0,20.0,8.0,-4.145205191675812,-5.763024547631913,1.617819355956101,-4.307352138724918,0.1621469470491057,-5.759030305951186,1.6138251142753743,-0.003994241680726596,0.6,1.0,0.6152452490838383,0.0,0.0,0.01,267.02301025390625,641.77099609375,2.0
316977.0,65.0,20.0,8.0,-2.8847935694981257,-4.01810463595626,1.1333110664581345,-4.143096425120775,1.2583028556226492,-4.143096425120775,1.2583028556226492,0.1249917891645147,1.0,1.0,0.48548476041032407,0.0,0.0,0.010000000000000002,251.6230010986328,647.3709716796875,2.0
319473.0,66.0,20.0,8.0,-6.084293490445911,-9.719098720003576,3.6348052295576645,-11.192045782392086,5.107752291946174,-11.220184050496101,5.13589056005019,1.5010853304925256,1.2,1.0,0.7537471393857043,0.0,0.0,0.01,244.0229949951172,650.1710205078125,2.0
323217.0,67.0,20.0,8.0,-4.239874277582457,-7.725675919670401,3.485801642087944,-8.461733156558171,4.2218588789757145,-8.63089065536893,4.391016377786473,0.9052147356985287,1.2,1.0,0.6234156095249831,0.0,0.0,0.01,268.822998046875,654.1710205078125,2.0
336945.0,68.0,20.0,8.0,-5.185239322861324,-5.989630086064813,0.8043907632034895,-5.780723173679551,0.5954838508182272,-5.980501823086229,0.7952625002249052,-0.009128262978584267,0.6,1.0,0.6971171938651355,0.0,0.0,0.01,263.2229919433594,669.3709716796875,2.0
340688.0,69.0,20.0,8.0,-7.13239487586351,-7.03800173086361,-0.09439314499990026,-6.795802688067556,-0.33659218779595435,-7.263133053314999,0.13073817745148908,0.22513132245138934,0.2,1.0,0.8066091102898649,0.0,0.0,0.010000000000000002,251.6230010986328,673.5709838867188,2.0
353168.0,70.0,20.0,8.0,-3.952289477385946,-5.053483195219642,1.1011937178336964,-5.317514795872885,1.3652253184869392,-5.496252382495566,1.5439629051096202,0.44276918727592385,1.2,1.0,0.5976832536752603,0.0,0.0,0.009999999999999998,249.822998046875,687.3709716796875,2.0
355664.0,71.0,20.0,8.0,-4.565252481409637,-4.701002697860083,0.13575021645044671,-4.656537323138866,0.09128484172922935,-4.70901577226532,0.1437632908556834,0.008013074405236686,0.8,1.0,0.6506624573930576,0.0,0.0,0.01,278.4230041503906,689.9710083007812,2.0
359408.0,72.0,20.0,8.0,-3.6479108419278243,-5.405793465030369,1.7578826231025446,-5.697665861764944,2.0497550198371193,-5.697665861764944,2.0497550198371193,0.29187239673457466,1.0,1.0,0.5684997248881497,0.0,0.0,0.01,267.02301025390625,694.1710205078125,2.0
361904.0,73.0,20.0,8.0,-3.8348959201772925,-5.386492902614901,1.5515969824376081,-5.469563558828165,1.6346676386508725,-5.498360428827191,1.663464508649898,0.1118675262122899,0.8,1.0,0.5865820425327993,0.0,0.0,0.01,259.4230041503906,696.9710083007812,2.0
363151.0,74.0,20.0,8.0,-4.215730690901819,-6.159390944715547,1.9436602538137278,-5.998000541994767,1.7822698510929476,-6.24379516718032,2.0280644762785007,0.08440422246477297,0.8,1.0,0.6213092247854013,0.0,0.0,0.009999999999999998,255.42300415039062,698.3709716796875,2.0
365647.0,75.0,20.0,8.0,-3.4952336620974345,-5.370951159296434,1.8757174971989992,-5.530488906819988,2.0352552447225536,-5.56049427779675,2.065260615699316,0.1895431185003167,0.8,1.0,0.5529131313611529,0.0,0.0,0.010000000000000002,247.822998046875,701.1710205078125,2.0
370639.0,76.0,20.0,8.0,-3.3093102043342943,-6.160829540676746,2.8515193363424514,-6.64707051638829,3.3377603120539954,-6.709959593340912,3.4006493890066176,0.5491300526641663,1.2,1.0,0.533343725933184,0.0,0.0,0.009999999999999998,268.822998046875,706.5709838867188,2.0
383119.0,77.0,20.0,8.0,-5.607619170645077,-5.881973737066564,0.27435456642148637,-5.891527469252109,0.2839082986070318,-5.897870414038058,0.2902512433929809,0.01589667697149455,0.8,1.0,0.7252391409124637,0.0,0.0,0.009999999999999998,267.02301025390625,720.3709716796875,2.0
395598.0,78.0,20.0,8.0,-3.7663808125643716,-5.1708662533439655,1.404485440779594,-5.255918253861447,1.4895374412970752,-5.281146350486234,1.5147655379218627,0.11028009714226883,0.8,1.0,0.5800372048707771,0.0,0.0,0.01,265.02301025390625,734.1710205078125,2.0
403086.0,79.0,20.0,8.0,-3.198900211057673,-5.204347459782336,2.005447248724663,-5.433091044202603,2.2341908331449294,-5.433091044202603,2.2341908331449294,0.22874358442026654,1.0,1.0,0.5213717837771774,0.0,0.0,0.010000000000000004,278.4230041503906,742.3709716796875,2.0
408077.0,80.0,20.0,8.0,-2.430346873888381,-3.8398314499385267,1.4094845760501458,-3.83907586785378,1.4087289939653993,-3.935596990475687,1.5052501165873062,0.09576554053716047,0.8,1.0,0.42872691965454024,0.0,0.0,0.01,263.02301025390625,747.9710083007812,2.0
410573.0,81.0,20.0,8.0,-3.1457960469650184,-5.215224798270739,2.069428751305721,-5.243084517313044,2.0972884703480252,-5.341498306774196,2.1957022598091775,0.12627350850345653,0.8,1.0,0.5155829743600411,0.0,0.0,0.009999999999999998,255.42300415039062,750.77099609375,2.0
411821.0,82.0,20.0,8.0,-3.4139308674043685,-4.376697851493292,0.9627669840889235,-4.6110706642723125,1.197139796867944,-4.6110706642723125,1.197139796867944,0.23437281277902056,1.0,1.0,0.544499280883763,0.0,0.0,0.01,251.6230010986328,752.1710205078125,2.0
416813.0,83.0,20.0,8.0,-2.6865542649206016,-3.2735953465694316,0.5870410816488301,-3.418038299594471,0.7314840346738696,-3.418038299594471,0.7314840346738696,0.1444429530250395,1.0,1.0,0.4614313521405985,0.0,0.0,0.01,272.62298583984375,757.5709838867188,2.0
418061.0,84.0,20.0,8.0,-3.4009639001453538,-3.5879743035369205,0.18701040339156672,-3.59132439353918,0.19036049339382632,-3.5941247231139393,0.1931608229685855,0.006150419577018784,0.8,1.0,0.5432308142445903,0.0,0.0,0.01,268.822998046875,758.9710083007812,2.0
419309.0,85.0,20.0,8.0,-6.822931041414715,-7.075641259057022,0.2527102176423073,-7.056576923198399,0.2336458817836844,-7.076308514966972,0.25337747355225737,0.000667255909950093,0.6,1.0,0.7922860167074549,0.0,0.0,0.009999999999999998,265.02301025390625,760.3709716796875,2.0
420557.0,86.0,20.0,8.0,-3.873611071385218,-3.9146155746540168,0.041004503268798675,-3.6661052162954744,-0.20750585508974373,-4.005002472681067,0.1313914012958488,0.09038689802705013,0.4,0.875,0.590335375039814,0.3535533905932738,0.5,0.01,261.2229919433594,761.77099609375,2.0
423053.0,87.0,20.0,8.0,-8.86942219057601,-8.756704604513054,-0.11271758606295634,-8.735724735896712,-0.1336974546792984,-8.892965020199362,0.02354282962335219,0.13626041568630853,0.2,1.0,0.8703719568793309,0.0,0.0,0.009999999999999998,253.6230010986328,764.5709838867188,2.0
428045.0,88.0,20.0,8.0,-2.9051244886474317,-3.8492664254283326,0.944141936780901,-3.9525330808591685,1.0474085922117369,-3.9525330808591685,1.0474085922117369,0.10326665543083591,1.0,1.0,0.4878548005627339,0.0,0.0,0.01,274.62298583984375,769.9710083007812,2.0
444268.0,89.0,20.0,8.0,-4.522756621594023,-8.243369967512347,3.7206133459183244,-7.924609546000622,3.401852924406599,-8.21508565866385,3.692329037069828,-0.02828430884849631,0.6,1.0,0.6471426269918393,0.0,0.0,0.010000000000000002,261.2229919433594,787.9710083007812,2.0
445516.0,90.0,20.0,8.0,-2.76217356712019,-4.716725161924814,1.9545515948046241,-5.238693726732886,2.476520159612696,-5.320068915330413,2.557895348210223,0.603343753405599,1.2,1.0,0.4706642381882993,0.0,0.0,0.009999999999999998,257.4230041503906,789.3709716796875,2.0
450508.0,91.0,20.0,8.0,-2.3534187515706066,-3.262654925033257,0.9092361734626504,-3.5311049447600293,1.1776861931894227,-3.581436351269116,1.2280175996985094,0.31878142623585903,1.2,1.0,0.4185239934491372,0.0,0.0,0.009999999999999997,278.4230041503906,794.77099609375,2.0
455499.0,92.0,20.0,8.0,-7.839710594467377,-7.721380710350388,-0.11832988411698864,-7.1436510971000144,-0.6960594973673624,-8.085133248627624,0.24542265416024733,0.36375253827723597,0.2,1.0,0.8356865279624406,0.0,0.0,0.010000000000000002,263.02301025390625,800.3709716796875,2.0
456747.0,93.0,20.0,8.0,-5.104369524688195,-4.770093604733622,-0.33427591995457284,-4.7502843828634065,-0.3540851418247888,-5.104369524688181,-1.4210854715202004e-14,0.33427591995455863,0.0,1.0,0.6914185754386176,0.0,0.0,0.01,259.2229919433594,801.77099609375,2.0
459243.0,94.0,20.0,8.0,-2.5190006820997968,-2.9796600757807785,0.46065939368098174,-3.0393064834383203,0.5203058013385236,-3.0393064834383203,0.5203058013385236,0.05964640765754181,1.0,1.0,0.44024977505766233,0.0,0.0,0.010000000000000002,251.6230010986328,804.5709838867188,2.0
469227.0,95.0,20.0,8.0,-4.618670676008033,-5.412342224989804,0.793671548981771,-5.519225443940959,0.9005547679329258,-5.522923953427132,0.904253277419099,0.11058172843732805,1.2,1.0,0.6549066237927769,0.0,0.0,0.009999999999999998,257.4230041503906,815.5709838867188,2.0
485450.0,96.0,20.0,8.0,-4.75240042334296,-5.5119627567311005,0.75956233338814,-5.362116428565635,0.6097160052226744,-5.504483382383198,0.7520829590402371,-0.007479374347902912,0.6,1.0,0.6653625522337467,0.0,0.0,0.01,244.0229949951172,833.5709838867188,2.0
486698.0,97.0,20.0,8.0,-2.3531935188487134,-3.3035726542102353,0.9503791353615219,-3.4536551675088996,1.1004616486601861,-3.4536551675088996,1.1004616486601861,0.1500825132986643,1.0,1.0,0.41848714636779305,0.0,0.0,0.009999999999999998,276.4230041503906,834.77099609375,2.0
487946.0,98.0,20.0,8.0,-2.9686444357338875,-3.083777199756017,0.11513276402212957,-3.0811035678710703,0.11245913213718284,-3.0834779484850756,0.11483351275118814,-0.00029925127094143633,0.6,1.0,0.4952134024034115,0.0,0.0,0.009999999999999998,272.62298583984375,836.1710205078125,2.0
495434.0,99.0,20.0,8.0,-6.612904027772947,-7.425066174633227,0.8121621468602802,-7.005368604441963,0.392464576669016,-7.412713415047101,0.7998093872741538,-0.01235275958612636,0.6,1.0,0.7820225967328623,0.0,0.0,0.009999999999999998,249.822998046875,844.5709838867188,2.0
1247.0,0.0,20.0,16.0,-4.015194663537593,-4.749760652706416,0.7345659891688232,-4.758673465457972,0.7434788019203786,-4.786160033265812,0.770965369728219,0.036399380559395844,0.8,0.9375,0.6037160440198146,0.0,0.5590169943749475,0.01,274.62298583984375,298.3710021972656,2.0
4991.0,1.0,20.0,16.0,-5.550795351362686,-7.962743173788679,2.4119478224259927,-8.024725119204174,2.4739297678414873,-8.042764395033046,2.49196904367036,0.08002122124436717,0.8,1.0,0.7216019043937337,0.0,0.0,0.010000000000000002,263.2229919433594,302.5710144042969,2.0
9983.0,2.0,20.0,16.0,-5.072168342898089,-6.216414684946811,1.1442463420487217,-6.081872681091554,1.0097043381934654,-6.21178472248719,1.1396163795891008,-0.004629962459620884,0.8,0.9375,0.6893313633354586,0.3535533905932738,0.5590169943749475,0.01,248.0229949951172,308.1709899902344,2.0
18719.0,3.0,20.0,16.0,-9.817613707472324,-11.041283571959898,1.223669864487574,-10.948111845559524,1.1304981380871997,-11.03199949837742,1.2143857909050961,-0.009284073582477959,0.6,1.0,0.8959959273162496,0.0,0.0,0.009999999999999998,257.62298583984375,317.77099609375,2.0
19967.0,4.0,20.0,16.0,-7.58778982317367,-7.929514684885508,0.341724861711838,-7.904114190846779,0.31632436767310956,-7.96657675239698,0.3787869292233106,0.03706206751147256,0.8,1.0,0.8259901138543447,0.0,0.0,0.01,253.822998046875,319.1709899902344,2.0
33694.0,5.0,20.0,16.0,-6.638816702643297,-9.300612173224216,2.6617954705809197,-9.230641591665243,2.5918248890219466,-9.300586640552845,2.6617699379095487,-2.5532671370953608e-05,0.6,1.0,0.7835379089486478,0.0,0.0,0.010000000000000004,248.0229949951172,334.3710021972656,2.0
44926.0,6.0,20.0,16.0,-4.677982906743757,-6.368885124805668,1.690902218061911,-6.402855506243591,1.7248725994998342,-6.404403178636681,1.7264202718929242,0.03551805383101314,0.8,1.0,0.6597580618539977,0.0,0.0,0.01,250.0229949951172,346.77099609375,2.0
46173.0,7.0,20.0,16.0,-11.079513817079045,-13.405629284412646,2.326115467333601,-11.668019619608119,0.5885058025290739,-13.738775956408379,2.659262139329334,0.333146671995733,0.4,1.0,0.9223381008887716,0.0,0.0,0.009999999999999998,246.0229949951172,348.1709899902344,2.0
51165.0,8.0,20.0,16.0,-9.289779397477464,-10.716554224718093,1.4267748272406298,-10.373296680318045,1.0835172828405817,-10.743635747939152,1.4538563504616882,0.02708152322105839,0.6,1.0,0.8825444977089727,0.0,0.0,0.010000000000000002,267.02301025390625,353.5710144042969,2.0
57405.0,9.0,20.0,16.0,-6.553283859722415,-6.3785309421372505,-0.1747529175851641,-6.040409706707662,-0.5128741530147529,-6.790977967247796,0.23769410752538178,0.4124470251105459,0.2,1.0,0.7791859157175104,0.0,0.0,0.010000000000000002,248.0229949951172,360.5710144042969,2.0
64893.0,10.0,20.0,16.0,-13.874836189156735,-14.508130723760232,0.6332945346034968,-14.726166407522614,0.8513302183658791,-14.726166407522614,0.8513302183658791,0.21803568376238225,1.0,0.9375,0.9594260444491628,1.0307764064044151,0.3535533905932738,0.010000000000000002,261.4230041503906,368.77099609375,2.0
66141.0,11.0,20.0,16.0,-10.451901749409608,-12.704995131225107,2.2530933818155,-12.136166429070489,1.6842646796608811,-12.744897592724554,2.292995843314946,0.03990246149944632,0.6,1.0,0.9101542581154077,0.0,0.0,0.01,257.62298583984375,370.1709899902344,2.0
72380.0,12.0,20.0,16.0,-7.117477703125551,-9.842422940482024,2.724945237356473,-9.62519966661117,2.5077219634856194,-9.830896714121586,2.713419010996035,-0.011526226360437875,0.8,1.0,0.8061465385159211,0.0,0.0,0.01,274.62298583984375,376.97100830078125,2.0
73628.0,13.0,20.0,16.0,-6.9230869138894064,-10.12892826943947,3.2058413555500636,-10.066685473897847,3.1435985600084404,-10.16318172308303,3.2400948091936232,0.034253453643559695,0.8,1.0,0.7973047396487942,0.0,0.0,0.010000000000000002,270.822998046875,378.3710021972656,2.0
77372.0,14.0,20.0,16.0,-8.471313763065266,-12.608959575622707,4.137645812557441,-12.152142431198957,3.6808286681336906,-12.5623909522001,4.091077189134834,-0.04656862342260659,0.6,0.9375,0.8581399702459793,0.5,0.25,0.01,259.4230041503906,382.5710144042969,2.0
78620.0,15.0,20.0,16.0,-6.372062523868158,-10.300828202296845,3.928765678428687,-10.111557656773027,3.7394951329048682,-10.309635871133151,3.937573347264993,0.008807668836306348,0.8,1.0,0.769701190266521,0.0,0.0,0.010000000000000002,255.6230010986328,383.97100830078125,2.0
79868.0,16.0,20.0,16.0,-7.247858166403259,-11.669247851469313,4.421389685066054,-11.143503871582311,3.895645705179052,-11.6815779255151,4.433719759111841,0.012330074045786787,0.6,1.0,0.8117875542294307,0.0,0.0,0.010000000000000002,251.822998046875,385.3710021972656,2.0
87356.0,17.0,20.0,16.0,-7.083930947932425,-10.750355268592731,3.6664243206603064,-10.924465351026296,3.840534403093871,-10.933897729618305,3.8499667816858807,0.18354246102557426,1.2,1.0,0.804597376897122,0.0,0.0,0.01,265.2229919433594,393.5710144042969,2.0
88604.0,18.0,20.0,16.0,-7.61933615235061,-12.036230324248455,4.416894171897845,-12.440270976166376,4.820934823815766,-12.62842329619744,5.00908714384683,0.5921929719489842,1.2,1.0,0.8273679909374736,0.0,0.0,0.009999999999999998,261.4230041503906,394.97100830078125,2.0
93595.0,19.0,20.0,16.0,-6.288299553150752,-9.840872862394045,3.552573309243293,-9.162198748437083,2.873899195286331,-9.824186727781369,3.5358871746306164,-0.01668613461267654,0.6,1.0,0.7652890735434219,0.0,0.0,0.01,246.0229949951172,400.5710144042969,2.0
94843.0,20.0,20.0,16.0,-6.79874738756603,-10.948023324967638,4.149275937401608,-10.337489084688896,3.538741697122866,-10.956324972484008,4.157577584917979,0.008301647516370636,0.6,1.0,0.7912299309446975,0.0,0.0,0.01,278.4230041503906,401.77099609375,2.0
97339.0,21.0,20.0,16.0,-7.350642110362001,-11.070300453499748,3.7196583431377466,-11.072858816410227,3.7222167060482256,-11.146732037558852,3.796089927196851,0.07643158405910455,0.8,1.0,0.81629591846635,0.0,0.0,0.009999999999999998,270.822998046875,404.5710144042969,2.0
106075.0,22.0,20.0,16.0,-7.521185661840591,-7.736304295015135,0.21511863317454338,-8.006771425150617,0.48558576331002623,-8.042081168204975,0.5208955063643836,0.30577687318984026,1.2,0.9375,0.8233875698783751,0.25,0.3535533905932738,0.009999999999999998,244.22300720214844,414.3710021972656,2.0
109819.0,23.0,20.0,16.0,-10.520248568562769,-9.652928087168505,-0.8673204813942643,-8.48356025351665,-2.036688315046119,-10.91349182921264,0.3932432606498715,1.2605637420441358,0.2,1.0,0.9116427705961332,0.0,0.0,0.010000000000000004,269.02301025390625,418.3710021972656,2.0
111067.0,24.0,20.0,16.0,-11.714189114210534,-12.427939960574449,0.7137508463639151,-12.226361475686753,0.5121723614762193,-12.4191682691472,0.704979154936666,-0.008771691427249095,0.6,0.9375,0.9328623486227778,0.75,0.3535533905932738,0.01,265.2229919433594,419.77099609375,2.0
114810.0,25.0,20.0,16.0,-10.215665204538853,-11.639124396349878,1.423459191811025,-10.786047671533032,0.5703824669941788,-12.308055939179772,2.0923907346409187,0.6689315428298936,0.4,1.0,0.905256956234925,0.0,0.0,0.01,253.6230010986328,423.97100830078125,2.0
126042.0,26.0,20.0,16.0,-6.394743484631227,-9.801271635339065,3.406528150707838,-9.651547756781063,3.2568042721498367,-9.779823746006905,3.385080261375678,-0.02144788933216013,0.6,1.0,0.7709950750957959,0.0,0.0,0.009999999999999998,255.6230010986328,436.3710021972656,2.0
127290.0,27.0,20.0,16.0,-6.266912892097381,-10.21489627493861,3.9479833828412287,-10.496824013998399,4.229911121901018,-10.496824013998399,4.229911121901018,0.28192773905978896,1.0,0.9375,0.7640229402890383,0.25,0.6123724356957945,0.01,251.822998046875,437.77099609375,2.0
134778.0,28.0,20.0,16.0,-6.200190293762472,-7.300370825806412,1.1001805320439395,-6.9416604408966895,0.7414701471342173,-7.344491301122641,1.144301007360169,0.044120475316229424,0.4,1.0,0.7605815835257591,0.0,0.0,0.01,265.2229919433594,445.97100830078125,2.0
136025.0,29.0,20.0,16.0,-7.403693234987925,-8.86432130800924,1.460628073021315,-8.146215301723768,0.7425220667358428,-9.33493632964544,1.9312430946575159,0.47061502163620084,0.4,1.0,0.8184122912389767,0.0,0.0,0.01,261.2229919433594,447.3710021972656,2.0
138521.0,30.0,20.0,16.0,-7.003236318755088,-7.521472616576724,0.5182362978216357,-6.932253243876931,-0.07098307487815703,-7.957837758338392,0.9546014395833033,0.43636514176166763,0.4,0.9375,0.8010510016936606,0.3535533905932738,0.6123724356957945,0.009999999999999998,253.6230010986328,450.1709899902344,2.0
139769.0,31.0,20.0,16.0,-12.156691886263832,-12.81373339401183,0.6570415077479979,-11.06145030702875,-1.0952415792350827,-13.911593035323582,1.7549011490597497,1.0978596413117518,0.4,0.9375,0.9394387510620639,0.5,0.5,0.010000000000000004,249.822998046875,451.5710144042969,2.0
143513.0,32.0,20.0,16.0,-8.257447345582476,-8.10317205261501,-0.15427529296746556,-7.193710184854723,-1.0637371607277526,-8.41204559414821,0.15459824856573512,0.3088735415332007,0.2,0.9375,0.8509325667963281,0.25,0.5,0.01,274.62298583984375,455.5710144042969,2.0
154745.0,33.0,20.0,16.0,-6.94082470345141,-8.433716129928179,1.4928914264767688,-8.66867973200511,1.7278550285536998,-8.91919558663533,1.9783708831839206,0.48547945670715187,1.2,1.0,0.798013413366596,0.0,0.0,0.009999999999999998,276.62298583984375,467.97100830078125,2.0
157241.0,34.0,20.0,16.0,-7.965912315844712,-7.85370408605083,-0.11220822979388156,-6.995573025322951,-0.9703392905217605,-8.179480653190724,0.21356833734601288,0.32577656713989445,0.2,1.0,0.8405623022626862,0.0,0.0,0.010000000000000002,269.02301025390625,470.77099609375,2.0
162232.0,35.0,20.0,16.0,-6.518296573671396,-7.283378774007719,0.7650822003363231,-7.301296039307809,0.7829994656364132,-7.308011607159751,0.7897150334883554,0.02463283315203224,1.2,1.0,0.7774118956011867,0.0,0.0,0.009999999999999998,253.6230010986328,476.3710021972656,2.0
174712.0,36.0,20.0,16.0,-6.788979222176352,-10.356044532066235,3.567065309889883,-9.468293093840302,2.6793138716639495,-10.417791962445172,3.6288127402688195,0.061747430378936485,0.6,1.0,0.7908785640317865,0.0,0.0,0.01,251.822998046875,490.1709899902344,2.0
178456.0,37.0,20.0,16.0,-7.175370066709438,-10.856724425137031,3.681354358427593,-11.39879744345871,4.223427376749272,-11.80307151900882,4.627701452299381,0.946347093871788,1.2,1.0,0.8087073926561227,0.0,0.0,0.01,276.62298583984375,494.1709899902344,2.0
179704.0,38.0,20.0,16.0,-5.411853437030121,-7.8374593667910695,2.4256059297609482,-7.570823290511296,2.1589698534811745,-7.87795887088182,2.4661054338516983,0.040499504090750094,0.8,1.0,0.7127703629339682,0.0,0.0,0.01,272.822998046875,495.5710144042969,2.0
180952.0,39.0,20.0,16.0,-5.160046647993539,-8.93913733430917,3.77909068631563,-10.862291451921175,5.702244803927636,-10.862291451921175,5.702244803927636,1.9231541176120057,1.0,1.0,0.6956451111309525,0.0,0.0,0.009999999999999998,269.02301025390625,496.97100830078125,2.0
183447.0,40.0,20.0,16.0,-7.000728161084107,-10.484853964372597,3.4841258032884905,-11.25551812068558,4.254789959601473,-11.25551812068558,4.254789959601473,0.7706641563129821,1.0,1.0,0.8007925801497093,0.0,0.0,0.010000000000000002,261.2229919433594,499.77099609375,2.0
189687.0,41.0,20.0,16.0,-4.571630733385324,-6.874196115275497,2.3025653818901732,-6.620476634180506,2.0488459007951825,-6.865398644629494,2.29376791124417,-0.008797470646003447,0.6,0.9375,0.6513673083660116,0.0,0.5,0.01,278.4230041503906,506.5710144042969,2.0
200919.0,42.0,20.0,16.0,-9.122430686673942,-8.092257422587226,-1.0301732640867165,-7.450563486641048,-1.671867200032894,-9.122430686673923,-1.9539925233402755e-14,1.030173264086697,0.0,1.0,0.8779492285213593,0.0,0.0,0.009999999999999998,244.22300720214844,519.1710205078125,2.0
204662.0,43.0,20.0,16.0,-8.583361305348246,-7.8366764473040975,-0.7466848580441487,-7.136525065205388,-1.4468362401428578,-8.818579908884116,0.23521860353586987,0.9819034615800186,0.2,1.0,0.8616223327858799,0.0,0.0,0.009999999999999998,268.822998046875,523.1710205078125,2.0
213398.0,44.0,20.0,16.0,-8.430843269286548,-10.554293240511285,2.123449971224737,-9.687609703654603,1.2567664343680551,-11.029914561295255,2.5990712920087073,0.47562132078397035,0.4,1.0,0.856812946277351,0.0,0.0,0.009999999999999998,278.4230041503906,532.77099609375,2.0
215894.0,45.0,20.0,16.0,-7.24157326326731,-10.545213792566726,3.3036405292994155,-9.35241383962941,2.1108405763621,-10.720578113048031,3.479004849780721,0.17536432048130557,0.4,0.9375,0.8115617331384553,0.25,0.0,0.009999999999999998,270.822998046875,535.5709838867188,2.0
227125.0,46.0,20.0,16.0,-6.012668362584922,-7.097237696762076,1.0845693341771545,-6.823820094406604,0.8111517318216821,-7.159943265512087,1.1472749029271654,0.06270556875001088,0.4,1.0,0.7497995303791909,0.0,0.0,0.01,272.62298583984375,547.9710083007812,2.0
230869.0,47.0,20.0,16.0,-7.742949255407401,-8.822972616202247,1.0800233607948453,-8.222511405907078,0.4795621504996763,-8.942732336317876,1.1997830809104748,0.11975972011562952,0.4,0.9375,0.8320776014812521,0.4330127018922193,0.4330127018922193,0.01,261.2229919433594,552.1710205078125,2.0
232117.0,48.0,20.0,16.0,-8.086896821943158,-8.155669427382758,0.06877260543959984,-7.6459517372871355,-0.4409450846560228,-8.570112930274162,0.48321610833100337,0.4144435028914035,0.2,1.0,0.8449899774391599,0.0,0.0,0.01,257.4230041503906,553.5709838867188,2.0
244597.0,49.0,20.0,16.0,-11.6466394377949,-12.317196713472153,0.670557275677254,-11.999359144181614,0.3527197063867149,-12.403920441496831,0.757281003701932,0.08672372802467798,0.4,1.0,0.9318774563980221,0.0,0.0,0.01,255.6230010986328,567.3709716796875,2.0
248341.0,50.0,20.0,16.0,-5.886285215912781,-9.2073058422016,3.3210206262888198,-8.911120661369003,3.0248354454562216,-9.226938727164951,3.34065351125217,0.01963288496335025,0.8,0.9375,0.7424704420578898,0.0,0.4330127018922193,0.01,244.22300720214844,571.5709838867188,2.0
252084.0,51.0,20.0,16.0,-6.099075383573632,-7.851349005916102,1.7522736223424697,-8.467455646010523,2.36838026243689,-8.801848055521798,2.702772671948166,0.9504990496056962,1.2,1.0,0.7548261985656108,0.0,0.0,0.009999999999999998,268.822998046875,575.5709838867188,2.0
255828.0,52.0,20.0,16.0,-7.245109143797244,-9.273918720703623,2.0288095769063794,-9.52446520824321,2.2793560644459667,-9.52446520824321,2.2793560644459667,0.2505464875395873,1.0,0.9375,0.8119435338111183,0.3535533905932738,0.3535533905932738,0.01,257.4230041503906,579.77099609375,2.0
259572.0,53.0,20.0,16.0,-6.9639925557007665,-10.12855730549549,3.1645647497947227,-9.911404034706312,2.9474114790055452,-10.103600952523129,3.1396083968223625,-0.024956352972360207,0.6,0.9375,0.7991018386525317,0.0,0.25,0.01,246.0229949951172,583.9710083007812,2.0
260820.0,54.0,20.0,16.0,-8.641810076859604,-12.667283750866943,4.025473674007339,-12.713548842083464,4.071738765223859,-12.805387544934977,4.163577468075372,0.13810379406803364,0.8,0.9375,0.8636636753614004,0.0,0.5,0.01,278.4230041503906,585.1710205078125,2.0
264564.0,55.0,20.0,16.0,-6.172286544749111,-6.836754703273183,0.6644681585240715,-6.4126636387892795,0.24037709404016816,-6.908582374281863,0.736295829532752,0.07182767100868048,0.4,1.0,0.7589099335362055,0.0,0.0,0.010000000000000002,267.02301025390625,589.3709716796875,2.0
269556.0,56.0,20.0,16.0,-5.972934708641709,-8.00173721275048,2.0288025041087714,-7.670783933020388,1.697849224378679,-8.013608010903743,2.040673302262034,0.01187079815326264,0.6,1.0,0.7477127248747368,0.0,0.0,0.010000000000000004,251.822998046875,594.9710083007812,2.0
270804.0,57.0,20.0,16.0,-7.25967052996559,-9.132074116170392,1.8724035862048014,-8.026807337531078,0.7671368075654881,-9.682899899991625,2.423229370026035,0.5508257838212334,0.4,0.9375,0.8123966883564842,0.25,0.3535533905932738,0.01,248.0229949951172,596.3709716796875,2.0
272051.0,58.0,20.0,16.0,-7.743485213835148,-11.003437588764555,3.259952374929407,-10.347867348349345,2.6043821345141964,-11.027793018793242,3.284307804958093,0.024355430028686342,0.6,1.0,0.8322797117264157,0.0,0.0,0.01,244.0229949951172,597.77099609375,2.0
273299.0,59.0,20.0,16.0,-7.10050932799902,-9.714828834476178,2.614319506477158,-8.461877080624307,1.361367752625287,-9.734830611227135,2.6343212832281155,0.02000177675095749,0.6,1.0,0.8052876277525131,0.0,0.0,0.01,276.4230041503906,598.9710083007812,2.0
279539.0,60.0,20.0,16.0,-6.5741007579186,-8.338446933989939,1.7643461760713386,-8.678222975838723,2.104122217920123,-8.678222975838723,2.104122217920123,0.3397760418487845,1.0,1.0,0.7800897549322438,0.0,0.0,0.010000000000000002,257.4230041503906,605.9710083007812,2.0
285779.0,61.0,20.0,16.0,-7.778636172179843,-9.042166526541536,1.2635303543616923,-9.176229706402982,1.3975935342231383,-9.373213052615116,1.5945768804352722,0.33104652607358,1.2,0.875,0.8335957442555477,0.9354143466934853,0.5590169943749475,0.01,274.62298583984375,612.77099609375,2.0
287027.0,62.0,20.0,16.0,-8.646980496883316,-9.685789424655427,1.038808927772111,-9.937114640086902,1.290134143203586,-10.055234270276491,1.4082537733931755,0.3694448456210644,1.2,0.9375,0.8638063621329993,0.3535533905932738,0.4330127018922193,0.010000000000000002,270.822998046875,614.1710205078125,2.0
304498.0,63.0,20.0,16.0,-8.14240148732209,-9.399187610720892,1.2567861233988022,-9.567141160277451,1.4247396729553614,-9.640839924723942,1.4984384374018518,0.24165231400304954,1.2,0.9375,0.8469556151413737,0.7905694150420949,0.5,0.010000000000000002,253.6230010986328,633.5709838867188,2.0
311986.0,64.0,20.0,16.0,-6.888075729925005,-11.208222971943266,4.320147242018262,-12.241686740878697,5.353611010953692,-12.241686740878697,5.353611010953692,1.0334637689354302,1.0,0.9375,0.7957195174190344,0.3535533905932738,0.4330127018922193,0.01,267.02301025390625,641.77099609375,2.0
316977.0,65.0,20.0,16.0,-5.704775541916231,-7.902266626086687,2.1974910841704567,-8.66419063869429,2.9594150967780593,-8.66419063869429,2.9594150967780593,0.7619240126076026,1.0,1.0,0.7314821039268593,0.0,0.0,0.010000000000000002,251.6230010986328,647.3709716796875,2.0
319473.0,66.0,20.0,16.0,-9.591043194925668,-15.031593236258916,5.440550041333248,-15.484011749095899,5.892968554170231,-15.484011749095899,5.892968554170231,0.4524185128369833,1.0,1.0,0.8904603131635765,0.0,0.0,0.01,244.0229949951172,650.1710205078125,2.0
323217.0,67.0,20.0,16.0,-7.4468976615544715,-11.73370799396228,4.286810332407809,-11.45879634004398,4.0118986784895085,-11.79471653008354,4.347818868529069,0.06100853612126045,0.8,1.0,0.8202610357889513,0.0,0.0,0.01,268.822998046875,654.1710205078125,2.0
336945.0,68.0,20.0,16.0,-8.533366112571608,-9.871671269941354,1.3383051573697458,-9.21894219394489,0.6855760813732825,-9.891590925326442,1.358224812754834,0.01991965538508822,0.6,1.0,0.8600689392091815,0.0,0.0,0.01,263.2229919433594,669.3709716796875,2.0
340688.0,69.0,20.0,16.0,-9.489293454101187,-10.67535398957876,1.1860605354775728,-10.500720837539046,1.0114273834378587,-10.691615251654891,1.2023217975537044,0.016261262076131544,0.6,0.9375,0.887842417922125,0.0,0.25,0.010000000000000002,251.6230010986328,673.5709838867188,2.0
353168.0,70.0,20.0,16.0,-7.0010015034512065,-8.551129836136674,1.5501283326854676,-8.195887561267634,1.1948860578164275,-8.565159521446414,1.564158017995208,0.014029685309740358,0.6,0.9375,0.8008339763152496,0.3535533905932738,0.5,0.009999999999999998,249.822998046875,687.3709716796875,2.0
355664.0,71.0,20.0,16.0,-8.633952339675702,-9.661845508239326,1.0278931685636241,-9.116275512673806,0.4823231729981039,-9.646998386419149,1.0130460467434474,-0.014847121820176667,0.6,0.9375,0.8633603647907853,0.5590169943749475,0.5590169943749475,0.01,278.4230041503906,689.9710083007812,2.0
359408.0,72.0,20.0,16.0,-6.6639416204978295,-7.745672737674703,1.081731117176874,-7.8630871094727794,1.19914548897495,-7.988602101827792,1.3246604813299623,0.2429293641530883,1.2,1.0,0.7847924787521873,0.0,0.0,0.01,267.02301025390625,694.1710205078125,2.0
361904.0,73.0,20.0,16.0,-6.902427443353733,-8.722294574562445,1.8198671312087127,-8.439765152001574,1.5373377086478408,-8.725619959715821,1.8231925163620888,0.0033253851533761036,0.6,1.0,0.7962335042258626,0.0,0.0,0.01,259.4230041503906,696.9710083007812,2.0
363151.0,74.0,20.0,16.0,-7.593568005855106,-9.228676393148874,1.6351083872937675,-8.766904506566387,1.1733365007112813,-9.481216533244984,1.887648527389878,0.2525401400961105,0.4,0.9375,0.8261987729927862,0.25,0.25,0.009999999999999998,255.42300415039062,698.3709716796875,2.0
365647.0,75.0,20.0,16.0,-6.795924656396178,-9.501024365961658,2.7050997095654807,-9.549341046123358,2.75341638972718,-9.641549589076085,2.8456249326799075,0.14052522311442672,1.2,1.0,0.7911434836616691,0.0,0.0,0.010000000000000002,247.822998046875,701.1710205078125,2.0
370639.0,76.0,20.0,16.0,-5.9655293470864015,-9.23683016886563,3.2713008217792288,-9.20125708964162,3.235727742555219,-9.243356507717143,3.277827160630742,0.006526338851513103,0.8,1.0,0.7470668572701193,0.0,0.0,0.009999999999999998,268.822998046875,706.5709838867188,2.0
383119.0,77.0,20.0,16.0,-7.950906441001924,-8.30939512209783,0.35848868109590715,-8.25173999330701,0.3008335523050869,-8.320560772594243,0.36965433159231953,0.011165650496412383,1.2,1.0,0.8400178794737182,0.0,0.0,0.009999999999999998,267.02301025390625,720.3709716796875,2.0
395598.0,78.0,20.0,16.0,-6.892759701287606,-9.362715087196005,2.469955385908399,-8.873832008400639,1.981072307113033,-9.34153456067515,2.4487748593875445,-0.02118052652085467,0.6,1.0,0.7957790948304349,0.0,0.0,0.01,265.02301025390625,734.1710205078125,2.0
403086.0,79.0,20.0,16.0,-6.630375008127811,-9.668457848289284,3.038082840161473,-9.700663538695514,3.0702885305677023,-9.765023676221583,3.1346486680937717,0.09656582793229873,0.8,0.9375,0.7830199325506783,0.25,0.25,0.010000000000000004,278.4230041503906,742.3709716796875,2.0
408077.0,80.0,20.0,16.0,-4.652377152677893,-6.865151915162448,2.212774762484555,-7.303904047986229,2.6515268953083364,-7.303904047986229,2.6515268953083364,0.43875213282378134,1.0,1.0,0.6577652272147357,0.0,0.0,0.01,263.02301025390625,747.9710083007812,2.0
410573.0,81.0,20.0,16.0,-5.706886702842518,-7.581035238723592,1.8741485358810737,-7.289409861087256,1.5825231582447374,-7.582564436429471,1.8756777335869526,0.001529197705878893,0.6,1.0,0.7315623849356303,0.0,0.0,0.009999999999999998,255.42300415039062,750.77099609375,2.0
411821.0,82.0,20.0,16.0,-5.7517373653846935,-7.483102521719552,1.7313651563348582,-7.777272080727638,2.0255347153429444,-7.777272080727638,2.0255347153429444,0.29416955900808617,1.0,1.0,0.7342589180928278,0.0,0.0,0.01,251.6230010986328,752.1710205078125,2.0
416813.0,83.0,20.0,16.0,-4.490022789329648,-5.665382977087243,1.1753601877575957,-5.680196355098843,1.1901735657691956,-5.736064512362827,1.246041723033179,0.07068153527558341,0.8,0.9375,0.6446821665867127,0.25,0.3535533905932738,0.01,272.62298583984375,757.5709838867188,2.0
418061.0,84.0,20.0,16.0,-5.465195594153388,-6.800024320054687,1.334828725901299,-6.729680509710368,1.26448491555698,-6.8582995025759,1.3931039084225114,0.05827518252121244,0.8,0.9375,0.7163318937836605,0.0,0.5,0.01,268.822998046875,758.9710083007812,2.0
419309.0,85.0,20.0,16.0,-9.570149998232312,-8.205961905194,-1.3641880930383117,-7.836531389666899,-1.733618608565413,-9.5701499982323,-1.2434497875801753e-14,1.3641880930382992,0.0,1.0,0.8898671021380894,0.0,0.0,0.009999999999999998,265.02301025390625,760.3709716796875,2.0
420557.0,86.0,20.0,16.0,-6.94603684659901,-7.142426261360035,0.19638941476102545,-6.663041728011323,-0.2829951185876869,-7.313047023454492,0.3670101768554819,0.17062076209445642,0.4,1.0,0.7983640414227469,0.0,0.0,0.01,261.2229919433594,761.77099609375,2.0
423053.0,87.0,20.0,16.0,-11.088603742043173,-11.220363095602616,0.13175935355944368,-10.925242683124399,-0.16336105891877395,-11.34765732959371,0.25905358755053776,0.12729423399109407,0.4,0.9375,0.9225042236297065,0.0,0.5,0.009999999999999998,253.6230010986328,764.5709838867188,2.0
428045.0,88.0,20.0,16.0,-5.323136671038307,-6.897724619747791,1.5745879487094845,-6.671535636287124,1.3483989652488173,-6.915375407386101,1.5922387363477943,0.01765078763830985,0.8,1.0,0.7067210234939286,0.0,0.0,0.01,274.62298583984375,769.9710083007812,2.0
444268.0,89.0,20.0,16.0,-7.2340520447541055,-11.381939403674629,4.147887358920523,-11.613988705904754,4.379936661150649,-11.613988705904754,4.379936661150649,0.23204930223012532,1.0,1.0,0.811299713749102,0.0,0.0,0.010000000000000002,261.2229919433594,787.9710083007812,2.0
445516.0,90.0,20.0,16.0,-5.1752909759085615,-7.511145471067014,2.3358544951584523,-7.619897911101488,2.444606935192927,-7.636780507232826,2.461489531324265,0.1256350361658125,0.8,1.0,0.6966298276646701,0.0,0.0,0.009999999999999998,257.4230041503906,789.3709716796875,2.0
450508.0,91.0,20.0,16.0,-4.4942827252727655,-6.016800667360956,1.5225179420881902,-6.43707704822423,1.9427943229514648,-6.507084952239122,2.0128022269663566,0.49028428487816633,1.2,0.9375,0.6449460381421059,0.25,0.0,0.009999999999999997,278.4230041503906,794.77099609375,2.0
455499.0,92.0,20.0,16.0,-11.829986984319481,-12.097816617663531,0.26782963334404997,-10.996850604223473,-0.8331363800960077,-12.231866505539294,0.4018795212198132,0.13404988787576322,0.4,1.0,0.9346396974593889,0.0,0.0,0.010000000000000002,263.02301025390625,800.3709716796875,2.0
456747.0,93.0,20.0,16.0,-8.739446651791189,-9.682643965079853,0.943197313288664,-8.89779083952959,0.15834418773840042,-9.691799213326753,0.9523525615355641,0.009155248246900172,0.6,1.0,0.8665669265831513,0.0,0.0,0.01,259.2229919433594,801.77099609375,2.0
459243.0,94.0,20.0,16.0,-4.7098385785259325,-6.1769795076009695,1.467140929075037,-6.252789658347712,1.5429510798217798,-6.301872670124872,1.59203409159894,0.12489316252390292,0.8,1.0,0.662202038616531,0.0,0.0,0.010000000000000002,251.6230010986328,804.5709838867188,2.0
469227.0,95.0,20.0,16.0,-6.83237063579581,-8.888824353862786,2.056453718066976,-8.870616802404479,2.038246166608669,-8.96918661253141,2.1368159767355994,0.08036225866862345,0.8,1.0,0.7928786910198946,0.0,0.0,0.009999999999999998,257.4230041503906,815.5709838867188,2.0
485450.0,96.0,20.0,16.0,-6.969037930147211,-7.575320477324641,0.6062825471774298,-7.178308634615415,0.20927070446820384,-7.650000071672657,0.6809621415254457,0.07467959434801585,0.4,1.0,0.7994545894243197,0.0,0.0,0.01,244.0229949951172,833.5709838867188,2.0
486698.0,97.0,20.0,16.0,-5.015782191535131,-6.410528103879967,1.3947459123448365,-6.143155532512735,1.1273733409776048,-6.4183180600276515,1.4025358684925209,0.007789956147684407,0.6,1.0,0.6853237385809765,0.0,0.0,0.009999999999999998,276.4230041503906,834.77099609375,2.0
487946.0,98.0,20.0,16.0,-5.733338361007899,-6.728793594946813,0.9954552339389142,-6.833827794942894,1.100489433934995,-6.833827794942894,1.100489433934995,0.10503419999608088,1.0,1.0,0.7330869472036053,0.0,0.0,0.009999999999999998,272.62298583984375,836.1710205078125,2.0
495434.0,99.0,20.0,16.0,-9.534371924539794,-10.149773047685661,0.6154011231458671,-9.557804975387935,0.023433050848140624,-10.24411961967832,0.7097476951385264,0.09434657199265928,0.4,1.0,0.8889992280270643,0.0,0.0,0.009999999999999998,249.822998046875,844.5709838867188,2.0
1247.0,0.0,30.0,4.0,-1.2375993774291412,-1.397002403776718,0.15940302634757675,-1.4301051660927713,0.1925057886636301,-1.4301051660927713,0.1925057886636301,0.03310276231605336,1.0,1.0,0.24797499650695776,0.0,0.0,0.001,274.62298583984375,298.3710021972656,2.0
4991.0,1.0,30.0,4.0,-2.3970322074019754,-4.670587298973241,2.2735550915712657,-5.257621091598653,2.860588884196678,-5.257621091598653,2.860588884196678,0.5870337926254123,1.0,1.0,0.42417433906896973,0.0,0.0,0.0010000000000000002,263.2229919433594,302.5710144042969,2.0
9983.0,2.0,30.0,4.0,-1.955974127319458,-2.865467114170956,0.909492986851498,-2.8272672248413695,0.8712930975219115,-2.903448461062598,0.9474743337431399,0.0379813468916419,0.8,1.0,0.36262111364234817,0.0,0.0,0.001,248.0229949951172,308.1709899902344,2.0
18719.0,3.0,30.0,4.0,-3.197094407628072,-4.158912360320859,0.9618179526927872,-4.070081772416915,0.8729873647888433,-4.175060015358945,0.9779656077308734,0.01614765503808613,0.8,1.0,0.5210583386659319,0.0,0.0,0.0009999999999999998,257.62298583984375,317.77099609375,2.0
19967.0,4.0,30.0,4.0,-3.128781174230682,-4.0448752491214135,0.9160940748907316,-4.229275767168216,1.1004945929375345,-4.263592865554032,1.1348116913233501,0.21871761643261856,1.2,1.0,0.5134606427576167,0.0,0.0,0.001,253.822998046875,319.1709899902344,2.0
33694.0,5.0,30.0,4.0,-2.2028425859993246,-6.479359562595622,4.276516976596298,-6.828446256405551,4.625603670406226,-7.142526387438714,4.93968380143939,0.663166824843092,0.8,1.0,0.3978452249888679,0.0,0.0,0.0010000000000000005,248.0229949951172,334.3710021972656,2.0
44926.0,6.0,30.0,4.0,-1.6209677639424849,-3.24309256876996,1.622124804827475,-3.267669115912393,1.6467013519699083,-3.370057635571946,1.749089871629461,0.12696506680198594,0.8,1.0,0.3115082070059099,0.0,0.0,0.001,250.0229949951172,346.77099609375,2.0
46173.0,7.0,30.0,4.0,-2.7865306369162903,-3.919357848300459,1.1328272113841686,-3.885014398841879,1.0984837619255887,-3.9762302762029473,1.189699639286657,0.056872427902488365,0.8,1.0,0.47357037461108603,0.0,0.0,0.0009999999999999998,246.0229949951172,348.1709899902344,2.0
51165.0,8.0,30.0,4.0,-3.9469373254421267,-6.954037225249169,3.0070998998070424,-6.912124538336917,2.96518721289479,-7.160896215795326,3.213958890353199,0.20685899054615664,0.8,1.0,0.5970070207800247,0.0,0.0,0.0010000000000000002,267.02301025390625,353.5710144042969,2.0
57405.0,9.0,30.0,4.0,-3.0313688297324055,-4.080269482476448,1.048900652744042,-4.046058572423111,1.0146897426907056,-4.1213828633020135,1.090014033569608,0.041113380825565926,0.8,1.0,0.5024332013158427,0.0,0.0,0.0010000000000000002,248.0229949951172,360.5710144042969,2.0
64893.0,10.0,30.0,4.0,-4.514882785999125,-5.996204721632382,1.4813219356332565,-6.343253584389745,1.82837079839062,-6.430966041831053,1.9160832558319276,0.4347613201986711,1.2,1.0,0.6464064185410365,0.0,0.0,0.0010000000000000002,261.4230041503906,368.77099609375,2.0
66141.0,11.0,30.0,4.0,-4.514882622255048,-7.549071020197688,3.034188397942639,-7.803849784492323,3.2889671622372747,-7.842019857112343,3.327137234857295,0.2929488369146558,0.8,1.0,0.6464052376753917,0.0,0.0,0.001,257.62298583984375,370.1709899902344,2.0
72380.0,12.0,30.0,4.0,-2.161517589754415,-3.6133268271721946,1.4518092374177796,-4.189462064500306,2.0279444747458912,-4.382402594637308,2.220885004882893,0.7690757674651136,1.2,1.0,0.3920858035094716,0.0,0.0,0.001,274.62298583984375,376.97100830078125,2.0
73628.0,13.0,30.0,4.0,-2.4302448218602053,-4.396206572809907,1.965961750949702,-5.23924506182241,2.8090002399622045,-5.513530923178299,3.083286101318094,1.117324350368392,1.2,1.0,0.42855665985872854,0.0,0.0,0.0010000000000000002,270.822998046875,378.3710021972656,2.0
77372.0,14.0,30.0,4.0,-3.8974148905982284,-8.247825015329429,4.350410124731201,-9.15127154550959,5.253856654911362,-9.15127154550959,5.253856654911362,0.9034465301801617,1.0,1.0,0.5923873712682067,0.0,0.0,0.001,259.4230041503906,382.5710144042969,2.0
78620.0,15.0,30.0,4.0,-2.2505081483726332,-5.026378678391992,2.7758705300193585,-5.413619160494161,3.1631110121215276,-5.413619160494161,3.1631110121215276,0.3872404821021691,1.0,1.0,0.4044154002940594,0.0,0.0,0.0010000000000000002,255.6230010986328,383.97100830078125,2.0
79868.0,16.0,30.0,4.0,-1.989145174558865,-5.108983043830796,3.1198378692719313,-5.311647202514308,3.3225020279554434,-5.475372617600835,3.4862274430419697,0.36638957377003845,0.8,1.0,0.36746719817596485,0.0,0.0,0.0010000000000000002,251.822998046875,385.3710021972656,2.0
87356.0,17.0,30.0,4.0,-2.7794768063764974,-6.41866401306584,3.6391872066893423,-6.672224963611435,3.8927481572349376,-6.863767667131395,4.084290860754898,0.4451036540655551,0.8,1.0,0.47271002022943687,0.0,0.0,0.001,265.2229919433594,393.5710144042969,2.0
88604.0,18.0,30.0,4.0,-2.8512868212223874,-7.108887688839306,4.257600867616919,-7.603327863449175,4.752041042226788,-7.734782361265799,4.883495540043411,0.6258946724264929,0.8,1.0,0.48136235286758455,0.0,0.0,0.0009999999999999998,261.4230041503906,394.97100830078125,2.0
93595.0,19.0,30.0,4.0,-1.3080681285114368,-3.0635332638815638,1.755465135370127,-3.8492881792392857,2.5412200507278486,-3.8492881792392857,2.5412200507278486,0.7857549153577219,1.0,1.0,0.2600687388278365,0.0,0.0,0.001,246.0229949951172,400.5710144042969,2.0
94843.0,20.0,30.0,4.0,-1.4264106259220044,-2.398086024807968,0.9716753988859634,-2.452592804856609,1.0261821789346046,-2.4751918412229803,1.048781215300976,0.07710581641501246,0.8,1.0,0.279961771618581,0.0,0.0,0.001,278.4230041503906,401.77099609375,2.0
97339.0,21.0,30.0,4.0,-3.1173591018225495,-5.425876462226945,2.308517360404396,-6.145279282395888,3.027920180573339,-6.233289361618903,3.1159302597963534,0.8074128993919576,1.2,1.0,0.5121772950859061,0.0,0.0,0.0009999999999999998,270.822998046875,404.5710144042969,2.0
106075.0,22.0,30.0,4.0,-2.233015865604084,-3.2699605107514578,1.0369446451473738,-3.283303047921394,1.05028718231731,-3.354825158867137,1.1218092932630532,0.0848646481156794,0.8,1.0,0.4020090501732185,0.0,0.0,0.0009999999999999998,244.22300720214844,414.3710021972656,2.0
109819.0,23.0,30.0,4.0,-2.845451607394658,-4.030945133707224,1.185493526312566,-4.412074041951536,1.5666224345568782,-4.412074041951536,1.5666224345568782,0.3811289082443121,1.0,1.0,0.48066614614172987,0.0,0.0,0.0010000000000000005,269.02301025390625,418.3710021972656,2.0
111067.0,24.0,30.0,4.0,-5.26970790418368,-7.3484757847888265,2.078767880605146,-7.840839844664699,2.5711319404810187,-7.951356983131048,2.681649078947368,0.6028811983422218,1.2,1.0,0.7028226154565121,0.0,0.0,0.001,265.2229919433594,419.77099609375,2.0
114810.0,25.0,30.0,4.0,-2.829590931389494,-3.4918241240321537,0.6622331926426597,-3.5053566335869304,0.6757657021974364,-3.519517423802327,0.689926492412833,0.02769329977017332,1.2,1.0,0.4787618483234902,0.0,0.0,0.001,253.6230010986328,423.97100830078125,2.0
126042.0,26.0,30.0,4.0,-1.9388351883329307,-3.7431763530705893,1.8043411647376586,-4.218855031801362,2.2800198434684313,-4.218855031801362,2.2800198434684313,0.47567867873077274,1.0,1.0,0.3600999510902846,0.0,0.0,0.0009999999999999998,255.6230010986328,436.3710021972656,2.0
127290.0,27.0,30.0,4.0,-1.941537800344084,-3.8025570364974643,1.8610192361533804,-4.055538935836367,2.114001135492283,-4.055538935836367,2.114001135492283,0.2529818993389026,1.0,1.0,0.36050594107071193,0.0,0.0,0.001,251.822998046875,437.77099609375,2.0
134778.0,28.0,30.0,4.0,-2.1025702633850285,-3.4936725132095363,1.3911022498245078,-3.593260093957003,1.4906898305719745,-3.627249221715349,1.5246789583303206,0.13357670850581282,0.8,1.0,0.3837797731169042,0.0,0.0,0.001,265.2229919433594,445.97100830078125,2.0
136025.0,29.0,30.0,4.0,-2.271827266867975,-2.208827244673179,-0.06300002219479595,-2.0549728053582643,-0.21685446150971055,-2.4454490517930587,0.17362178492508384,0.2366218071198798,0.2,1.0,0.4073270893621728,0.0,0.0,0.001,261.2229919433594,447.3710021972656,2.0
138521.0,30.0,30.0,4.0,-2.2644435839774406,-2.0802541621533037,-0.1841894218241369,-1.9087043975448925,-0.3557391864325481,-2.394233485436352,0.12978990145891123,0.3139793232830481,0.2,1.0,0.4063197898904054,0.0,0.0,0.0009999999999999998,253.6230010986328,450.1709899902344,2.0
139769.0,31.0,30.0,4.0,-3.405685633583262,-4.296000951574573,0.8903153179913113,-4.492169312361723,1.0864836787784609,-4.494681030874973,1.0889953972917108,0.19868007930039955,1.2,1.0,0.5435213977259111,0.0,0.0,0.0010000000000000005,249.822998046875,451.5710144042969,2.0
143513.0,32.0,30.0,4.0,-2.3459291798716513,-2.0829085183612155,-0.2630206615104358,-2.07742948793372,-0.2684996919379312,-2.345929179871656,4.884981308350689e-15,0.2630206615104407,0.0,1.0,0.4173558322542483,0.0,0.0,0.001,274.62298583984375,455.5710144042969,2.0
154745.0,33.0,30.0,4.0,-2.815383905811691,-2.744559062182093,-0.07082484362959818,-2.6480221188815567,-0.16736178693013448,-2.836619906815975,0.0212360010042838,0.09206084463388198,0.2,1.0,0.47706392903283784,0.0,0.0,0.0009999999999999998,276.62298583984375,467.97100830078125,2.0
157241.0,34.0,30.0,4.0,-3.7312694805088475,-3.9101384676143858,0.17886898710553822,-3.9698006166738797,0.2385311361650322,-3.996173445943363,0.26490396543451533,0.08603497832897711,1.2,1.0,0.5764998288539697,0.0,0.0,0.0010000000000000002,269.02301025390625,470.77099609375,2.0
162232.0,35.0,30.0,4.0,-2.3061392575532795,-2.8303529943845938,0.5242137368313142,-3.137176664538848,0.8310374069855686,-3.287903808856539,0.9817645513032596,0.45755081447194534,1.2,1.0,0.4119912912896409,0.0,0.0,0.0009999999999999998,253.6230010986328,476.3710021972656,2.0
174712.0,36.0,30.0,4.0,-1.6252162530784648,-2.7691161727408447,1.1438999196623798,-2.860737046139849,1.2355207930613843,-2.865512705324092,1.240296452245627,0.09639653258324721,0.8,1.0,0.31217952723137604,0.0,0.0,0.001,251.822998046875,490.1709899902344,2.0
178456.0,37.0,30.0,4.0,-1.524684362748352,-2.564881271797099,1.0401969090487468,-2.3019465771460155,0.7772622143976635,-2.5583982260264833,1.0337138632781313,-0.0064830457706155364,0.6,1.0,0.2960723544882258,0.0,0.0,0.001,276.62298583984375,494.1709899902344,2.0
179704.0,38.0,30.0,4.0,-1.2997902356879991,-1.826089104432772,0.5262988687447729,-1.8889568713326668,0.5891666356446676,-1.8889568713326668,0.5891666356446676,0.0628677668998947,1.0,1.0,0.2586634799004926,0.0,0.0,0.001,272.822998046875,495.5710144042969,2.0
180952.0,39.0,30.0,4.0,-1.2981465853557204,-2.0966311617506723,0.798484576394952,-2.1907312882880716,0.8925847029323513,-2.1907312882880716,0.8925847029323513,0.0941001265373993,1.0,1.0,0.258380957542421,0.0,0.0,0.0009999999999999998,269.02301025390625,496.97100830078125,2.0
183447.0,40.0,30.0,4.0,-2.4869634371079963,-2.7149806885408587,0.22801725143286244,-2.7688059211688936,0.2818424840608973,-2.7719465383919872,0.28498310128399096,0.056965849851128514,1.2,1.0,0.4359712897031161,0.0,0.0,0.0010000000000000002,261.2229919433594,499.77099609375,2.0
189687.0,41.0,30.0,4.0,-1.1251222579419786,-1.4419287027631045,0.31680644482112585,-1.510275592314831,0.3851533343728524,-1.510275592314831,0.3851533343728524,0.06834688955172652,1.0,1.0,0.228239763431307,0.0,0.0,0.001,278.4230041503906,506.5710144042969,2.0
200919.0,42.0,30.0,4.0,-2.84876959166171,-2.851232927125708,0.0024633354639980176,-2.7099567754565017,-0.13881281620520847,-2.910719479983728,0.061949888322017976,0.05948655285801996,0.2,1.0,0.48105926303017743,0.0,0.0,0.0009999999999999998,244.22300720214844,519.1710205078125,2.0
204662.0,43.0,30.0,4.0,-2.223577477643127,-3.0840240836287114,0.8604466059855844,-3.1020500260759842,0.8784725484328573,-3.108068247293423,0.8844907696502959,0.024044163664711515,0.8,1.0,0.4007133115243613,0.0,0.0,0.0009999999999999998,268.822998046875,523.1710205078125,2.0
213398.0,44.0,30.0,4.0,-2.620849934644723,-3.6279180054210824,1.0070680707763593,-3.5090498046840772,0.8881998700393541,-3.6367054632180897,1.0158555285733666,0.008787457797007292,0.6,1.0,0.45310827594985437,0.0,0.0,0.0009999999999999998,278.4230041503906,532.77099609375,2.0
215894.0,45.0,30.0,4.0,-1.6532894604446071,-2.831945215984357,1.1786557555397497,-3.0493258119836626,1.3960363515390555,-3.0493258119836626,1.3960363515390555,0.21738059599930581,1.0,1.0,0.3166111997908621,0.0,0.0,0.0009999999999999998,270.822998046875,535.5709838867188,2.0
227125.0,46.0,30.0,4.0,-1.5832226732293833,-2.7735044839302496,1.1902818107008664,-3.091955317148083,1.5087326439186997,-3.091955317148083,1.5087326439186997,0.3184508332178333,1.0,1.0,0.3055015020280015,0.0,0.0,0.001,272.62298583984375,547.9710083007812,2.0
230869.0,47.0,30.0,4.0,-2.206888128412995,-2.3705511876026524,0.1636630591896573,-2.2976816332837053,0.09079350487071025,-2.4006691964955453,0.19378106808255025,0.030118008892892956,0.4,1.0,0.3984071052320358,0.0,0.0,0.001,261.2229919433594,552.1710205078125,2.0
232117.0,48.0,30.0,4.0,-2.362555770608861,-2.7759099069320703,0.41335413632320916,-2.6465970627219653,0.28404129211310414,-2.779013158817622,0.416457388208761,0.0031032518855518276,0.6,1.0,0.41958584695329404,0.0,0.0,0.001,257.4230041503906,553.5709838867188,2.0
244597.0,49.0,30.0,4.0,-3.6517350770790835,-3.9176149900537243,0.26587991297464075,-3.862675965026417,0.21094088794733334,-3.9167717521808285,0.265036675101745,-0.0008432378728957524,0.8,1.0,0.5686597537932778,0.0,0.0,0.001,255.6230010986328,567.3709716796875,2.0
248341.0,50.0,30.0,4.0,-1.691271798777134,-2.2426496485747833,0.5513778497976494,-2.1744956575723853,0.4832238587952513,-2.250646992013012,0.5593751932358779,0.007997343438228555,0.8,1.0,0.32256924167659756,0.0,0.0,0.001,244.22300720214844,571.5709838867188,2.0
252084.0,51.0,30.0,4.0,-2.0371503251859617,-2.397793549097529,0.3606432239115671,-2.442367160556752,0.4052168353707901,-2.442367160556752,0.4052168353707901,0.044573611459223006,1.0,1.0,0.3744244897163814,0.0,0.0,0.0009999999999999998,268.822998046875,575.5709838867188,2.0
255828.0,52.0,30.0,4.0,-2.964533539752663,-4.363912860653713,1.3993793209010499,-4.597668873305903,1.63313533355324,-4.597668873305903,1.63313533355324,0.23375601265219004,1.0,1.0,0.49470862575508845,0.0,0.0,0.001,257.4230041503906,579.77099609375,2.0
259572.0,53.0,30.0,4.0,-1.60922981926241,-2.0316217657475146,0.4223919464851047,-1.8787222538017978,0.26949243453938787,-2.0405330085003563,0.4313031892379464,0.00891124275284172,0.6,0.75,0.3096427966527207,0.0,1.0,0.001,246.0229949951172,583.9710083007812,2.0
260820.0,54.0,30.0,4.0,-1.8596906703209752,-3.6296701129627222,1.769979442641747,-2.938177367781431,1.078486697460456,-3.624853500311382,1.7651628299904067,-0.004816612651340257,0.6,1.0,0.34833047087107033,0.0,0.0,0.001,278.4230041503906,585.1710205078125,2.0
264564.0,55.0,30.0,4.0,-1.987743052735749,-2.629424097644886,0.6416810449091372,-2.490386973134831,0.502643920399082,-2.6221875826795644,0.6344445299438155,-0.007236514965321739,0.6,1.0,0.3672659789723704,0.0,0.0,0.0010000000000000002,267.02301025390625,589.3709716796875,2.0
269556.0,56.0,30.0,4.0,-1.4613869517170595,-2.378763859403817,0.9173769076867577,-2.499534868546131,1.0381479168290717,-2.499534868546131,1.0381479168290717,0.12077100914231398,1.0,1.0,0.2857373122461577,0.0,0.0,0.0010000000000000005,251.822998046875,594.9710083007812,2.0
270804.0,57.0,30.0,4.0,-1.6806171358588413,-3.024416942953583,1.343799807094742,-3.283629346907934,1.6030122110490925,-3.283629346907934,1.6030122110490925,0.25921240395435063,1.0,1.0,0.32090427804875626,0.0,0.0,0.001,248.0229949951172,596.3709716796875,2.0
272051.0,58.0,30.0,4.0,-1.7123960822204571,-2.4806331548480047,0.7682370726275476,-2.965564105817911,1.2531680235974538,-2.965564105817911,1.2531680235974538,0.48493095096990624,1.0,1.0,0.32585196660777715,0.0,0.0,0.001,244.0229949951172,597.77099609375,2.0
273299.0,59.0,30.0,4.0,-1.6673860959583264,-1.6320348001134068,-0.035351295844919584,-1.441178378926051,-0.22620771703227538,-1.7780097703102644,0.11062367435193798,0.14597497019685757,0.2,0.75,0.31882838411106434,0.0,1.0,0.001,276.4230041503906,598.9710083007812,2.0
279539.0,60.0,30.0,4.0,-3.558073336300771,-3.904618814096401,0.34654547779563005,-3.7527246729364294,0.19465133663565837,-3.905601708542232,0.3475283722414608,0.0009828944458307731,0.6,1.0,0.5592518654261905,0.0,0.0,0.0010000000000000002,257.4230041503906,605.9710083007812,2.0
285779.0,61.0,30.0,4.0,-3.731352477826637,-4.302440672275783,0.5710881944491462,-4.348600490708802,0.6172480128821647,-4.348989548282358,0.6176370704557206,0.046548876006574424,0.8,1.0,0.5764991105747752,0.0,0.0,0.001,274.62298583984375,612.77099609375,2.0
287027.0,62.0,30.0,4.0,-4.396350897419806,-4.618189019504938,0.2218381220851322,-4.485102597759085,0.08875170033927926,-4.624445598024459,0.22809470060465298,0.006256578519520772,0.6,1.0,0.6366224286443163,0.0,0.0,0.0010000000000000002,270.822998046875,614.1710205078125,2.0
304498.0,63.0,30.0,4.0,-3.846956887445536,-4.838968508803786,0.9920116213582499,-4.478010272731991,0.6310533852864548,-4.818289743924301,0.9713328564787647,-0.02067876487948528,0.6,1.0,0.5876288158453101,0.0,0.0,0.0010000000000000002,253.6230010986328,633.5709838867188,2.0
311986.0,64.0,30.0,4.0,-2.3417521671555788,-2.7064276948904817,0.36467552773490297,-2.5381503595141326,0.19639819235855382,-2.711568388341231,0.36981622118565216,0.00514069345074919,0.6,1.0,0.4167947318165541,0.0,0.0,0.001,267.02301025390625,641.77099609375,2.0
316977.0,65.0,30.0,4.0,-1.5398528141788048,-2.329687848468497,0.7898350342896923,-2.5760715037729174,1.0362186895941126,-2.5760715037729174,1.0362186895941126,0.2463836553044203,1.0,1.0,0.2985320472691963,0.0,0.0,0.0010000000000000002,251.6230010986328,647.3709716796875,2.0
319473.0,66.0,30.0,4.0,-2.186195804488947,-2.064603003512701,-0.12159280097624592,-2.0780996075174603,-0.10809619697148687,-2.186195804488947,0.0,0.12159280097624592,0.0,1.0,0.3955254439256922,0.0,0.0,0.001,244.0229949951172,650.1710205078125,2.0
323217.0,67.0,30.0,4.0,-2.6241326860783962,-5.699329162314823,3.0751964762364263,-6.0437484243974895,3.4196157383190933,-6.142933064523808,3.5188003784454116,0.44360390220898527,0.8,1.0,0.45351181281170994,0.0,0.0,0.001,268.822998046875,654.1710205078125,2.0
336945.0,68.0,30.0,4.0,-2.8582806052898455,-4.5323457045504325,1.674065099260587,-4.812720491368782,1.9544398860789363,-4.812720491368782,1.9544398860789363,0.28037478681834926,1.0,1.0,0.4821939140420844,0.0,0.0,0.001,263.2229919433594,669.3709716796875,2.0
340688.0,69.0,30.0,4.0,-4.254786529949056,-4.851177437503394,0.5963909075543379,-4.717688096298913,0.46290156634985635,-4.857496074658997,0.6027095447099402,0.006318637155602325,0.6,1.0,0.6245824019368356,0.0,0.0,0.0010000000000000002,251.6230010986328,673.5709838867188,2.0
353168.0,70.0,30.0,4.0,-2.0908757682158665,-3.8825424197445644,1.7916666515286979,-4.671397341898077,2.5805215736822102,-4.994547509145582,2.903671740929716,1.112005089401018,1.2,1.0,0.38211947014652636,0.0,0.0,0.0009999999999999998,249.822998046875,687.3709716796875,2.0
355664.0,71.0,30.0,4.0,-2.084366110315363,-2.096608387024959,0.012242276709596212,-2.2932651904042127,0.20889908008884994,-2.3694164564945672,0.28505034617920444,0.2728080694696082,1.2,1.0,0.3811845781972316,0.0,0.0,0.001,278.4230041503906,689.9710083007812,2.0
359408.0,72.0,30.0,4.0,-2.0369532518450644,-3.1863005729253335,1.1493473210802692,-3.4525867002846002,1.4156334484395359,-3.4678113923440614,1.430858140498997,0.2815108194187279,1.2,1.0,0.3743994008601766,0.0,0.0,0.001,267.02301025390625,694.1710205078125,2.0
361904.0,73.0,30.0,4.0,-2.1588658947218113,-3.7893522518064593,1.630486357084648,-2.5948064902875148,0.4359405955657034,-3.7707528968447646,1.6118870021229532,-0.018599354961694736,0.6,1.0,0.39171630858202594,0.0,0.0,0.001,259.4230041503906,696.9710083007812,2.0
363151.0,74.0,30.0,4.0,-2.16709066093483,-2.5906083644006817,0.4235177034658517,-2.5814748857615917,0.41438422482676174,-2.607914130561029,0.4408234696261992,0.017305766160347513,0.8,1.0,0.39286159157156375,0.0,0.0,0.0009999999999999998,255.42300415039062,698.3709716796875,2.0
365647.0,75.0,30.0,4.0,-1.7854344201214076,-3.4734395505322757,1.688005130410868,-3.6529714634969075,1.8675370433754999,-3.6553193017037655,1.8698848815823579,0.1818797511714898,0.8,1.0,0.3371035088453778,0.0,0.0,0.0010000000000000002,247.822998046875,701.1710205078125,2.0
370639.0,76.0,30.0,4.0,-1.6913001093230364,-5.015315818633735,3.324015709310699,-6.13908265902643,4.447782549703394,-6.13908265902643,4.447782549703394,1.1237668403926948,1.0,1.0,0.3225665966970066,0.0,0.0,0.0009999999999999998,268.822998046875,706.5709838867188,2.0
383119.0,77.0,30.0,4.0,-3.2501193412855423,-4.478145598080048,1.228026256794506,-4.650678120135959,1.4005587788504168,-4.687068791714386,1.4369494504288434,0.20892319363433742,1.2,1.0,0.5268658981744851,0.0,0.0,0.0009999999999999998,267.02301025390625,720.3709716796875,2.0
395598.0,78.0,30.0,4.0,-1.9114101376886807,-2.617600390017989,0.7061902523293082,-2.7203931605330682,0.8089830228443875,-2.7203931605330682,0.8089830228443875,0.10279277051507929,1.0,1.0,0.3560409486701272,0.0,0.0,0.001,265.02301025390625,734.1710205078125,2.0
403086.0,79.0,30.0,4.0,-1.5120803862710566,-2.634758447449589,1.1226780611785325,-2.8444464597134993,1.3323660734424427,-2.8444464597134993,1.3323660734424427,0.2096880122639102,1.0,1.0,0.2940364518586435,0.0,0.0,0.0010000000000000005,278.4230041503906,742.3709716796875,2.0
408077.0,80.0,30.0,4.0,-1.3266449773532596,-2.5148045740260816,1.188159596672822,-2.5166905288910177,1.1900455515377582,-2.593470515764152,1.2668255384108926,0.07866594173807062,0.8,1.0,0.2632291483741,0.0,0.0,0.001,263.02301025390625,747.9710083007812,2.0
410573.0,81.0,30.0,4.0,-1.9368527305659788,-3.881903771270197,1.945051040704218,-3.9703725819116977,2.033519851345719,-4.051273303374415,2.1144205728084358,0.16936953210421768,0.8,1.0,0.35980850168986594,0.0,0.0,0.0009999999999999998,255.42300415039062,750.77099609375,2.0
411821.0,82.0,30.0,4.0,-1.8354253341914486,-2.6546620408968398,0.8192367067053912,-2.8190185740990117,0.9835932399075631,-2.8190185740990117,0.9835932399075631,0.16435653320217192,1.0,1.0,0.3446778947995764,0.0,0.0,0.001,251.6230010986328,752.1710205078125,2.0
416813.0,83.0,30.0,4.0,-1.6119143298582932,-1.8984438048285508,0.2865294749702576,-1.9273472062563977,0.31543287639810447,-1.9273472062563977,0.31543287639810447,0.028903401427846864,1.0,1.0,0.31007150861204813,0.0,0.0,0.001,272.62298583984375,757.5709838867188,2.0
418061.0,84.0,30.0,4.0,-2.250852412690716,-2.469247654459779,0.2183952417690631,-2.5227656999356545,0.2719132872449386,-2.540386590048136,0.28953417735742004,0.07113893558835693,1.2,1.0,0.4044604001167491,0.0,0.0,0.001,268.822998046875,758.9710083007812,2.0
419309.0,85.0,30.0,4.0,-4.089002846496202,-4.668118987758127,0.5791161412619248,-4.897046182197483,0.8080433357012815,-4.995099743846966,0.9060968973507642,0.32698075608883936,1.2,1.0,0.6099732459140266,0.0,0.0,0.0009999999999999998,265.02301025390625,760.3709716796875,2.0
420557.0,86.0,30.0,4.0,-2.013141259376563,-2.192726663107088,0.1795854037305249,-2.170387187771949,0.15724592839538598,-2.19312262908855,0.17998136971198697,0.0003959659814620764,0.6,1.0,0.3709561434443904,0.0,0.0,0.001,261.2229919433594,761.77099609375,2.0
423053.0,87.0,30.0,4.0,-5.541300202211211,-6.785222561182069,1.243922358970858,-6.947776232888689,1.406476030677478,-6.963691638357244,1.4223914361460333,0.17846907717517535,1.2,1.0,0.720833663587879,0.0,0.0,0.0009999999999999998,253.6230010986328,764.5709838867188,2.0
428045.0,88.0,30.0,4.0,-1.6055316231431325,-1.883126655623306,0.2775950324801735,-1.8863104285418095,0.28077880539867706,-1.8981506240588093,0.29261900091567683,0.015023968435503354,0.8,1.0,0.3090526176195573,0.0,0.0,0.001,274.62298583984375,769.9710083007812,2.0
444268.0,89.0,30.0,4.0,-2.4000978528935484,-5.649540848910279,3.2494429960167306,-6.2231743773913255,3.823076524497777,-6.2231743773913255,3.823076524497777,0.5736335284810465,1.0,1.0,0.42457665050733406,0.0,0.0,0.0010000000000000002,261.2229919433594,787.9710083007812,2.0
445516.0,90.0,30.0,4.0,-1.3815840345513357,-2.416306831898905,1.0347227973475692,-2.7385325531603337,1.356948518608998,-2.8093072637050405,1.4277232291537048,0.39300043180613553,1.2,1.0,0.27249216591553393,0.0,0.0,0.0009999999999999998,257.4230041503906,789.3709716796875,2.0
450508.0,91.0,30.0,4.0,-1.2605486517542277,-1.6492860481220817,0.388737396367854,-1.7571927871879893,0.4966441354337616,-1.7615413096985886,0.5009926579443609,0.11225526157650689,1.2,1.0,0.251929586630461,0.0,0.0,0.0009999999999999996,278.4230041503906,794.77099609375,2.0
455499.0,92.0,30.0,4.0,-4.529885418232872,-5.480527922952126,0.9506425047192542,-4.934174874434005,0.4042894562011332,-5.503312005545319,0.9734265873124475,0.02278408259319331,0.6,1.0,0.6476236667846351,0.0,0.0,0.0010000000000000002,263.02301025390625,800.3709716796875,2.0
456747.0,93.0,30.0,4.0,-3.002098621406917,-2.940748554210235,-0.06135006719668201,-2.5592167503499423,-0.44288187105697485,-3.084524340915431,0.08242571950851385,0.14377578670519586,0.2,1.0,0.49905831775534365,0.0,0.0,0.001,259.2229919433594,801.77099609375,2.0
459243.0,94.0,30.0,4.0,-1.4916198146063533,-1.6731204629661924,0.18150064835983915,-1.662655337118339,0.17103552251198573,-1.6738753865496205,0.18225557194326725,0.0007549235834281021,0.8,1.0,0.2907030849706236,0.0,0.0,0.0010000000000000002,251.6230010986328,804.5709838867188,2.0
469227.0,95.0,30.0,4.0,-2.947849569916035,-4.047993836462905,1.1001442665468701,-4.27046438193325,1.322614812017215,-4.274952084602647,1.3271025146866124,0.2269582481397423,1.2,1.0,0.4927654969332879,0.0,0.0,0.0009999999999999998,257.4230041503906,815.5709838867188,2.0
485450.0,96.0,30.0,4.0,-3.1384365238269876,-3.939316978458888,0.8008804546319004,-3.7920115789066378,0.6535750550796502,-3.9341328828016477,0.7956963589746602,-0.005184095657240206,0.6,1.0,0.5145453965706158,0.0,0.0,0.001,244.0229949951172,833.5709838867188,2.0
486698.0,97.0,30.0,4.0,-1.1843835904438085,-1.6644138551773044,0.48003026473349597,-1.6484263091765885,0.46404271873278,-1.6832448282044203,0.49886123776061186,0.018830973027115894,0.8,1.0,0.23869814786911314,0.0,0.0,0.0009999999999999998,276.4230041503906,834.77099609375,2.0
487946.0,98.0,30.0,4.0,-1.5018468339670221,-1.6895107984972362,0.18766396453021406,-1.7447152600451505,0.24286842607812842,-1.7645561867373003,0.2627093527702782,0.07504538824006413,1.2,1.0,0.29236293054410856,0.0,0.0,0.0009999999999999998,272.62298583984375,836.1710205078125,2.0
495434.0,99.0,30.0,4.0,-3.324807198794726,-3.036599555389396,-0.2882076434053298,-2.8620046437103324,-0.4628025550843935,-3.32480719879473,3.9968028886505635e-15,0.2882076434053338,0.0,1.0,0.5349424790389504,0.0,0.0,0.0009999999999999998,249.822998046875,844.5709838867188,2.0
1247.0,0.0,30.0,8.0,-2.2880470767272425,-2.5716295072140065,0.283582430486764,-2.514337057081585,0.22628998035434256,-2.570118778353713,0.28207170162647044,-0.0015107288602935753,0.6,1.0,0.409562263893632,0.0,0.0,0.001,274.62298583984375,298.3710021972656,2.0
4991.0,1.0,30.0,8.0,-3.703497160443886,-5.99811917662723,2.294622016183344,-6.068075796333138,2.364578635889252,-6.083691988978454,2.3801948285345675,0.0855728123512236,0.8,1.0,0.5737797034166646,0.0,0.0,0.0010000000000000002,263.2229919433594,302.5710144042969,2.0
9983.0,2.0,30.0,8.0,-3.2636321681402554,-4.12738542860687,0.8637532604666149,-4.115908069400855,0.8522759012605996,-4.160310848660808,0.8966786805205529,0.03292542005393795,0.8,1.0,0.5283582888619069,0.0,0.0,0.001,248.0229949951172,308.1709899902344,2.0
18719.0,3.0,30.0,8.0,-6.980079108939163,-6.980079108939159,-4.440892098500626e-15,-6.980079108939158,-5.329070518200751e-15,-6.980079108939159,-4.440892098500626e-15,0.0,0.0,1.0,0.799568695977436,0.0,0.0,0.0009999999999999998,257.62298583984375,317.77099609375,2.0
19967.0,4.0,30.0,8.0,-4.894266612959654,-5.138165898958249,0.24389928599859534,-5.143268616118189,0.2490020031585356,-5.143268616118189,0.2490020031585356,0.005102717159940262,1.0,1.0,0.6759954935144109,0.0,0.0,0.001,253.822998046875,319.1709899902344,2.0
33694.0,5.0,30.0,8.0,-4.0016905346493346,-7.264590927976347,3.262900393327013,-7.2096730595818475,3.207982524932513,-7.2810487921175495,3.279358257468215,0.016457864141202094,0.8,1.0,0.6020661980019735,0.0,0.0,0.0010000000000000005,248.0229949951172,334.3710021972656,2.0
44926.0,6.0,30.0,8.0,-2.824318638428927,-4.285381175077124,1.4610625366481966,-4.1871139095855705,1.3627952711566436,-4.32623627156841,1.5019176331394832,0.0408550964912866,0.8,1.0,0.47813328093638574,0.0,0.0,0.001,250.0229949951172,346.77099609375,2.0
46173.0,7.0,30.0,8.0,-8.460735948464166,-10.771485241104749,2.3107492926405833,-9.84756589579353,1.386829947329364,-10.762741299377677,2.302005350913511,-0.008743941727072269,0.6,1.0,0.8574858885267792,0.0,0.0,0.0009999999999999998,246.0229949951172,348.1709899902344,2.0
51165.0,8.0,30.0,8.0,-6.5212297618375565,-8.175257111615153,1.6540273497775964,-8.219178650210296,1.6979488883727392,-8.241579781935325,1.7203500200977686,0.06632267032017225,0.8,1.0,0.7772334449121208,0.0,0.0,0.0010000000000000002,267.02301025390625,353.5710144042969,2.0
57405.0,9.0,30.0,8.0,-4.660191172759152,-4.953993752472713,0.29380257971356105,-4.936758262081241,0.2765670893220893,-4.954732442442638,0.29454126968348593,0.0007386899699248772,0.8,1.0,0.6580611466287605,0.0,0.0,0.0010000000000000002,248.0229949951172,360.5710144042969,2.0
64893.0,10.0,30.0,8.0,-11.300873650992024,-11.30087365099194,-8.348877145181177e-14,-11.30087365099194,-8.348877145181177e-14,-11.300873650991942,-8.171241461241152e-14,1.7763568394002505e-15,0.4,1.0,0.9258932449152258,0.0,0.0,0.0010000000000000002,261.4230041503906,368.77099609375,2.0
66141.0,11.0,30.0,8.0,-7.5554001015741745,-10.2831565610909,2.7277564595167254,-9.639114304570853,2.0837142029966786,-10.253505824546503,2.698105722972328,-0.029650736544397205,0.6,1.0,0.8244346893299132,0.0,0.0,0.001,257.62298583984375,370.1709899902344,2.0
72380.0,12.0,30.0,8.0,-3.4638416818871764,-4.741605177959172,1.2777634960719952,-4.833006707176179,1.3691650252890026,-4.833006707176179,1.3691650252890026,0.0914015292170074,1.0,1.0,0.5495992536530534,0.0,0.0,0.001,274.62298583984375,376.97100830078125,2.0
73628.0,13.0,30.0,8.0,-3.759140078454426,-5.500693675506035,1.7415535970516092,-5.904155846906307,2.145015768451881,-6.027967496031801,2.268827417577375,0.5272738205257657,1.2,1.0,0.5792018029421321,0.0,0.0,0.0010000000000000002,270.822998046875,378.3710021972656,2.0
77372.0,14.0,30.0,8.0,-5.9632785570712805,-9.36035759447469,3.39707903740341,-10.358977228223887,4.395698671152607,-10.383147592452993,4.419869035381712,1.0227899979783022,1.2,1.0,0.7467036475179805,0.0,0.0,0.001,259.4230041503906,382.5710144042969,2.0
78620.0,15.0,30.0,8.0,-3.583803571283355,-6.046824189086494,2.463020617803139,-6.636314605483977,3.0525110342006223,-6.636314605483977,3.0525110342006223,0.5894904163974832,1.0,0.875,0.5618720355235245,0.5,0.6123724356957945,0.0010000000000000002,255.6230010986328,383.97100830078125,2.0
79868.0,16.0,30.0,8.0,-3.4821151862714563,-6.03123896146848,2.5491237751970237,-5.904435181950982,2.4223199956795254,-6.010263082178576,2.5281478959071197,-0.020975879289903965,0.8,1.0,0.5514816174850699,0.0,0.0,0.0010000000000000002,251.822998046875,385.3710021972656,2.0
87356.0,17.0,30.0,8.0,-4.506751383196656,-7.72000258054671,3.213251197350054,-7.813572946981839,3.306821563785183,-7.873597273422571,3.366845890225915,0.1535946928758607,0.8,1.0,0.6457459168305265,0.0,0.0,0.001,265.2229919433594,393.5710144042969,2.0
88604.0,18.0,30.0,8.0,-4.565944958391871,-8.996932903911935,4.430987945520064,-9.190089708421098,4.624144750029227,-9.455418061132878,4.889473102741007,0.4584851572209434,0.8,1.0,0.6505462472634157,0.0,0.0,0.0009999999999999998,261.4230041503906,394.97100830078125,2.0
93595.0,19.0,30.0,8.0,-2.880864065310571,-4.7631339340669285,1.8822698687563575,-4.993012004801134,2.112147939490563,-4.996463670276442,2.1155996049658707,0.23332973620951325,0.8,1.0,0.48488401232358286,0.0,0.0,0.001,246.0229949951172,400.5710144042969,2.0
94843.0,20.0,30.0,8.0,-3.104259580120231,-6.588515072957044,3.4842554928368132,-7.875809098686618,4.771549518566387,-7.875809098686618,4.771549518566387,1.2872940257295742,1.0,1.0,0.5107204192746382,0.0,0.0,0.001,278.4230041503906,401.77099609375,2.0
97339.0,21.0,30.0,8.0,-4.606900814606486,-6.534020374298242,1.9271195596917563,-7.281781191073927,2.674880376467441,-7.575447003002357,2.9685461883958713,1.041426628704115,1.2,1.0,0.6538283316938249,0.0,0.0,0.0009999999999999998,270.822998046875,404.5710144042969,2.0
106075.0,22.0,30.0,8.0,-4.791508355232277,-5.350142807102546,0.5586344518702688,-5.074802690971754,0.2832943357394768,-5.394358589594846,0.6028502343625695,0.044215782492300626,0.4,1.0,0.6682334419188851,0.0,0.0,0.0009999999999999998,244.22300720214844,414.3710021972656,2.0
109819.0,23.0,30.0,8.0,-5.726677910172093,-6.1546899724577075,0.4280120622856147,-5.59418742973592,-0.1324904804361724,-6.37683644217454,0.6501585320024468,0.22214646971683205,0.4,1.0,0.7325106283354076,0.0,0.0,0.0010000000000000005,269.02301025390625,418.3710021972656,2.0
111067.0,24.0,30.0,8.0,-8.905498072606836,-8.905498072606846,1.0658141036401503e-14,-8.905498072606843,7.105427357601002e-15,-8.905498072606846,1.0658141036401503e-14,0.0,0.0,1.0,0.87134976566271,0.0,0.0,0.001,265.2229919433594,419.77099609375,2.0
114810.0,25.0,30.0,8.0,-5.962391859246448,-6.879835729428109,0.9174438701816605,-6.317231183204731,0.35483932395828255,-7.121460484763615,1.1590686255171665,0.24162475533550598,0.4,1.0,0.7466385115355344,0.0,0.0,0.001,253.6230010986328,423.97100830078125,2.0
126042.0,26.0,30.0,8.0,-3.8579432600931036,-7.8599113229759805,4.001968062882877,-8.211039098029854,4.353095837936751,-8.211039098029854,4.353095837936751,0.3511277750538735,1.0,1.0,0.5886681530402691,0.0,0.0,0.0009999999999999998,255.6230010986328,436.3710021972656,2.0
127290.0,27.0,30.0,8.0,-3.47538567065897,-6.90657727602816,3.43119160536919,-7.291176855664779,3.8157911850058093,-7.291176855664779,3.8157911850058093,0.3845995796366193,1.0,1.0,0.5507952973723107,0.0,0.0,0.001,251.822998046875,437.77099609375,2.0
134778.0,28.0,30.0,8.0,-3.6493126489455947,-4.763118034913074,1.113805385967479,-4.883418685311735,1.2341060363661405,-4.883418685311735,1.2341060363661405,0.12030065039866145,1.0,1.0,0.5684279546003327,0.0,0.0,0.001,265.2229919433594,445.97100830078125,2.0
136025.0,29.0,30.0,8.0,-4.3514284948421444,-5.461606512947437,1.1101780181052927,-5.187624019962467,0.8361955251203224,-5.528822773131963,1.1773942782898184,0.06721626018452564,0.4,1.0,0.6328467809579952,0.0,0.0,0.001,261.2229919433594,447.3710021972656,2.0
138521.0,30.0,30.0,8.0,-4.404656033836344,-5.167708391765492,0.7630523579291486,-4.923038419917415,0.518382386081071,-5.271658933971462,0.8670029001351187,0.10395054220597011,0.4,1.0,0.637323877690462,0.0,0.0,0.0009999999999999998,253.6230010986328,450.1709899902344,2.0
139769.0,31.0,30.0,8.0,-6.737050881142581,-7.7614443545115215,1.0243934733689404,-7.332560818255869,0.5955099371132881,-7.763306341066737,1.0262554599241556,0.0018619865552151893,0.6,1.0,0.7880411227598462,0.0,0.0,0.0010000000000000005,249.822998046875,451.5710144042969,2.0
143513.0,32.0,30.0,8.0,-4.5642379064297165,-3.801450434849871,-0.7627874715798453,-3.5142979382486588,-1.0499399681810577,-4.564237906429724,7.105427357601002e-15,0.7627874715798524,0.0,1.0,0.6504029709333872,0.0,0.0,0.001,274.62298583984375,455.5710144042969,2.0
154745.0,33.0,30.0,8.0,-4.683248346926618,-5.012949249073949,0.32970090214733094,-4.885011693690514,0.2017633467638964,-5.013328864355708,0.3300805174290904,0.0003796152817594489,0.6,1.0,0.6598754427798835,0.0,0.0,0.0009999999999999998,276.62298583984375,467.97100830078125,2.0
157241.0,34.0,30.0,8.0,-5.7876632487540745,-6.085172653836989,0.29750940508291457,-5.894103747716314,0.10644049896223962,-6.11473309062355,0.3270698418694753,0.02956043678656073,0.4,1.0,0.7362484234684863,0.0,0.0,0.0010000000000000002,269.02301025390625,470.77099609375,2.0
162232.0,35.0,30.0,8.0,-3.9333020779311085,-5.005077578833329,1.0717755009022203,-5.397279557787545,1.4639774798564367,-5.484060126379783,1.550758048448674,0.47898254754645375,1.2,1.0,0.5957439271706847,0.0,0.0,0.0009999999999999998,253.6230010986328,476.3710021972656,2.0
174712.0,36.0,30.0,8.0,-3.1240337387558386,-5.577549326506389,2.453515587750551,-6.015857921588954,2.8918241828331155,-6.015857921588954,2.8918241828331155,0.4383085950825647,1.0,1.0,0.5129339493026717,0.0,0.0,0.001,251.822998046875,490.1709899902344,2.0
178456.0,37.0,30.0,8.0,-3.6598065202997936,-8.359676985190179,4.699870464890385,-8.219713256067218,4.559906735767424,-8.82793472875943,5.1681282084596365,0.46825774356925187,0.8,1.0,0.5694676596083662,0.0,0.0,0.001,276.62298583984375,494.1709899902344,2.0
179704.0,38.0,30.0,8.0,-2.491620052078947,-3.046009425296523,0.554389373217576,-3.0174498539656476,0.5258298018867005,-3.0435893482563885,0.5519692961774414,-0.002420077040134583,0.6,1.0,0.43659321469282997,0.0,0.0,0.001,272.822998046875,495.5710144042969,2.0
180952.0,39.0,30.0,8.0,-2.523308070521781,-2.7340899607930993,0.21078189027131833,-2.554347147553901,0.031039077032120055,-2.8443378826709114,0.3210298121491304,0.11024792187781207,0.4,1.0,0.44068073888344994,0.0,0.0,0.0009999999999999998,269.02301025390625,496.97100830078125,2.0
183447.0,40.0,30.0,8.0,-4.255218488808294,-5.080263083026296,0.825044594218002,-5.088338264012206,0.8331197752039126,-5.121477092285605,0.8662586034773119,0.04121400925930985,0.8,1.0,0.6246334319700066,0.0,0.0,0.0010000000000000002,261.2229919433594,499.77099609375,2.0
189687.0,41.0,30.0,8.0,-2.1377594849403856,-3.207319430827826,1.0695599458874403,-2.8002326709042693,0.6624731859638837,-3.2004233250882583,1.0626638401478727,-0.00689610573956756,0.6,1.0,0.38876142070098596,0.0,0.0,0.001,278.4230041503906,506.5710144042969,2.0
200919.0,42.0,30.0,8.0,-4.942849214292254,-5.0423559702812515,0.0995067559889975,-5.011063714864968,0.06821450057271417,-5.064574070216825,0.12172485592457072,0.02221809993557322,0.4,1.0,0.6796037240806962,0.0,0.0,0.0009999999999999998,244.22300720214844,519.1710205078125,2.0
204662.0,43.0,30.0,8.0,-4.340561172883388,-4.672680713788926,0.33211954090553863,-4.395622148163297,0.055060975279909385,-4.741279208632431,0.4007180357490432,0.06859849484350455,0.4,1.0,0.6319326643585452,0.0,0.0,0.0009999999999999998,268.822998046875,523.1710205078125,2.0
213398.0,44.0,30.0,8.0,-4.848978485702482,-5.674317874054282,0.8253393883518001,-5.514775780947146,0.6657972952446647,-5.789220471592287,0.9402419858898057,0.11490259753800558,0.4,1.0,0.672606270905507,0.0,0.0,0.0009999999999999998,278.4230041503906,532.77099609375,2.0
215894.0,45.0,30.0,8.0,-3.4279054160516775,-4.2881208504402055,0.860215434388528,-3.8650231927943866,0.437117776742709,-4.355804078391034,0.9278986623393566,0.0676832279508286,0.4,0.875,0.5458515962404417,0.3535533905932738,0.3535533905932738,0.0009999999999999998,270.822998046875,535.5709838867188,2.0
227125.0,46.0,30.0,8.0,-3.026843104543196,-4.363452030770531,1.3366089262273348,-4.37699271980973,1.3501496152665338,-4.406920521275101,1.380077416731905,0.043468490504570134,0.8,1.0,0.5019171294371023,0.0,0.0,0.001,272.62298583984375,547.9710083007812,2.0
230869.0,47.0,30.0,8.0,-4.075966433820925,-4.635181589558297,0.5592151557373715,-4.304182517571577,0.2282160837506515,-4.651493919732184,0.5755274859112589,0.016312330173887446,0.6,1.0,0.608818518064243,0.0,0.0,0.001,261.2229919433594,552.1710205078125,2.0
232117.0,48.0,30.0,8.0,-4.351832154111413,-4.348525523586194,-0.0033066305252189565,-4.062447988710819,-0.28938416540059464,-4.482620650368801,0.13078849625738798,0.13409512678260693,0.2,1.0,0.6328913462603926,0.0,0.0,0.001,257.4230041503906,553.5709838867188,2.0
244597.0,49.0,30.0,8.0,-8.21090440610627,-8.476730523350515,0.2658261172442451,-7.815057210827497,-0.39584719527877255,-8.69656170227979,0.48565729617352105,0.21983117892927595,0.4,1.0,0.8490330165919902,0.0,0.0,0.001,255.6230010986328,567.3709716796875,2.0
248341.0,50.0,30.0,8.0,-3.044924091102744,-6.084332066362509,3.039407975259765,-6.593752445254468,3.5488283541517243,-6.593752445254468,3.5488283541517243,0.5094203788919591,1.0,1.0,0.5039893003881936,0.0,0.0,0.001,244.22300720214844,571.5709838867188,2.0
252084.0,51.0,30.0,8.0,-3.6749949465346288,-3.910132656339331,0.23513770980470206,-3.7449726080132284,0.06997766147859963,-3.924536998557034,0.24954205202240543,0.01440434221770337,0.4,1.0,0.5709698703057605,0.0,0.0,0.0009999999999999998,268.822998046875,575.5709838867188,2.0
255828.0,52.0,30.0,8.0,-4.857433610022304,-6.438783562611218,1.5813499525889139,-6.893813347197825,2.036379737175521,-7.01942893666554,2.161995326643236,0.5806453740543223,1.2,1.0,0.6732384868848186,0.0,0.0,0.001,257.4230041503906,579.77099609375,2.0
259572.0,53.0,30.0,8.0,-3.8277375970184497,-7.825634824281751,3.9978972272633015,-7.954648358158537,4.1269107611400875,-8.310175591635218,4.4824379946167685,0.48454076735346696,0.8,1.0,0.5858059005731051,0.0,0.0,0.001,246.0229949951172,583.9710083007812,2.0
260820.0,54.0,30.0,8.0,-4.752324481810372,-8.798482063142211,4.04615758133184,-7.3176048404303256,2.5652803586199537,-8.721804622460098,3.9694801406497264,-0.07667744068211313,0.6,1.0,0.6652226544511327,0.0,0.0,0.001,278.4230041503906,585.1710205078125,2.0
264564.0,55.0,30.0,8.0,-3.300600303539667,-3.5786008676588392,0.2780005641191723,-3.300692174741386,9.18712017190515e-05,-3.6863763604493145,0.38577605690964756,0.10777549279047527,0.4,1.0,0.5323435760696237,0.0,0.0,0.0010000000000000002,267.02301025390625,589.3709716796875,2.0
269556.0,56.0,30.0,8.0,-2.8594853595107534,-4.426466256021519,1.5669808965107657,-4.760810378768191,1.9013250192574378,-4.760810378768191,1.9013250192574378,0.33434412274667213,1.0,1.0,0.4823398129576705,0.0,0.0,0.0010000000000000005,251.822998046875,594.9710083007812,2.0
270804.0,57.0,30.0,8.0,-3.485035191547692,-5.961042856797128,2.4760076652494365,-6.4247315604717965,2.9396963689241047,-6.4247315604717965,2.9396963689241047,0.4636887036746682,1.0,1.0,0.5517939154960894,0.0,0.0,0.001,248.0229949951172,596.3709716796875,2.0
272051.0,58.0,30.0,8.0,-3.968132851571174,-5.492822603036158,1.5246897514649844,-5.990621856563552,2.022489004992378,-5.990621856563552,2.022489004992378,0.4977992535273934,1.0,1.0,0.5989759493104462,0.0,0.0,0.001,244.0229949951172,597.77099609375,2.0
273299.0,59.0,30.0,8.0,-3.182034087876472,-4.43550926735785,1.253475179481378,-3.7161870982777696,0.5341530104012975,-4.496150993091603,1.3141169052151307,0.060641725733752594,0.6,1.0,0.5194059786728269,0.0,0.0,0.001,276.4230041503906,598.9710083007812,2.0
279539.0,60.0,30.0,8.0,-4.59227045469368,-5.545915578092824,0.9536451233991441,-5.369921876758074,0.7776514220643937,-5.532338178729931,0.9400677240362505,-0.013577399362893594,0.8,1.0,0.652654880205198,0.0,0.0,0.0010000000000000002,257.4230041503906,605.9710083007812,2.0
285779.0,61.0,30.0,8.0,-5.768242041583507,-6.1654533124478235,0.3972112708643163,-5.79248736674681,0.024245325163303022,-6.211262170973697,0.44302012939018987,0.045808858525873575,0.4,1.0,0.7350595308562868,0.0,0.0,0.001,274.62298583984375,612.77099609375,2.0
287027.0,62.0,30.0,8.0,-6.594392237162391,-6.636224616960849,0.041832379798457886,-6.506356978657513,-0.08803525850487848,-6.685851891948927,0.09145965478653562,0.04962727498807773,0.4,1.0,0.7809591835564812,0.0,0.0,0.0010000000000000002,270.822998046875,614.1710205078125,2.0
304498.0,63.0,30.0,8.0,-6.152697368314255,-6.648716272748441,0.4960189044341856,-6.586753428251787,0.4340560599375314,-6.6447853524363145,0.4920879841220591,-0.003930920312126496,0.6,1.0,0.7575095596967587,0.0,0.0,0.0010000000000000002,253.6230010986328,633.5709838867188,2.0
311986.0,64.0,30.0,8.0,-4.148047645536878,-5.90085755865906,1.7528099131221815,-4.476334506144826,0.3282868606079479,-5.855263903667885,1.707216258131007,-0.045593654991174404,0.6,1.0,0.6152452490838383,0.0,0.0,0.001,267.02301025390625,641.77099609375,2.0
316977.0,65.0,30.0,8.0,-2.8783726488502417,-3.8969152432113723,1.0185425943611306,-3.9476641442769838,1.069291495426742,-4.154702617891609,1.2763299690413676,0.25778737468023705,1.2,0.875,0.48459841344196797,0.0,0.7071067811865476,0.0010000000000000002,251.6230010986328,647.3709716796875,2.0
319473.0,66.0,30.0,8.0,-6.086030900342262,-9.723563589220541,3.637532688878279,-11.198877186759544,5.112846286417282,-11.227434905264747,5.141404004922485,1.503871316044206,1.2,1.0,0.7537471393857043,0.0,0.0,0.001,244.0229949951172,650.1710205078125,2.0
323217.0,67.0,30.0,8.0,-4.241237514849826,-7.613836099006913,3.372598584157087,-8.187219675915934,3.945982161066108,-8.380582134015857,4.139344619166031,0.7667460350089437,1.2,1.0,0.6234156095249831,0.0,0.0,0.001,268.822998046875,654.1710205078125,2.0
336945.0,68.0,30.0,8.0,-5.187097397302246,-5.99378409917728,0.8066867018750346,-5.782002021523911,0.5949046242216651,-5.984869715542502,0.7977723182402565,-0.008914383634778034,0.6,1.0,0.6971171938651355,0.0,0.0,0.001,263.2229919433594,669.3709716796875,2.0
340688.0,69.0,30.0,8.0,-7.135384549179094,-7.04063760367527,-0.09474694550382434,-6.79832591961675,-0.33705862956234434,-7.266071148917885,0.13068659973879093,0.22543354524261527,0.2,1.0,0.8066091102898649,0.0,0.0,0.0010000000000000002,251.6230010986328,673.5709838867188,2.0
353168.0,70.0,30.0,8.0,-3.954163541702859,-5.26317710892628,1.3090135672234213,-5.502618792104902,1.5484552504020428,-5.605345713793259,1.6511821720904,0.34216860486697875,1.2,1.0,0.5976832536752603,0.0,0.0,0.0009999999999999998,249.822998046875,687.3709716796875,2.0
355664.0,71.0,30.0,8.0,-4.567469226775059,-4.706037927103038,0.13856870032797897,-4.644355196026744,0.076885969251685,-4.711600501581909,0.14413127480684995,0.005562574478870985,0.8,1.0,0.6506624573930576,0.0,0.0,0.001,278.4230041503906,689.9710083007812,2.0
359408.0,72.0,30.0,8.0,-3.6500229537530564,-5.4090894904872115,1.7590665367341551,-5.7012716426058265,2.05124868885277,-5.7012716426058265,2.05124868885277,0.292182152118615,1.0,1.0,0.5684997248881497,0.0,0.0,0.001,267.02301025390625,694.1710205078125,2.0
361904.0,73.0,30.0,8.0,-3.8358617622854583,-5.3823489821705595,1.5464872198851012,-4.316658220421064,0.4807964581356057,-5.4095241076893625,1.5736623454039043,0.027175125518803078,0.6,1.0,0.5865820425327993,0.0,0.0,0.001,259.4230041503906,696.9710083007812,2.0
363151.0,74.0,30.0,8.0,-4.217050120786113,-6.160478778425855,1.9434286576397417,-5.998895615700444,1.7818454949143305,-6.244783321014773,2.02773320022866,0.08430454258891817,0.8,1.0,0.6213092247854013,0.0,0.0,0.0009999999999999998,255.42300415039062,698.3709716796875,2.0
365647.0,75.0,30.0,8.0,-3.4958391318354094,-5.241938448398727,1.7460993165633178,-5.352030057136767,1.856190925301358,-5.388958253934927,1.8931191220995176,0.14701980553619975,0.8,1.0,0.5529131313611529,0.0,0.0,0.0010000000000000002,247.822998046875,701.1710205078125,2.0
370639.0,76.0,30.0,8.0,-3.309901120469636,-6.162544694083891,2.8526435736142552,-6.649118590433284,3.339217469963648,-6.712045045011196,3.4021439245415603,0.5495003509273051,1.2,1.0,0.533343725933184,0.0,0.0,0.0009999999999999998,268.822998046875,706.5709838867188,2.0
383119.0,77.0,30.0,8.0,-5.610221509056118,-5.884881834150878,0.2746603250947599,-5.89440671511521,0.2841852060590915,-5.900790371431121,0.2905688623750029,0.015908537280242996,0.8,1.0,0.7252391409124637,0.0,0.0,0.0009999999999999998,267.02301025390625,720.3709716796875,2.0
395598.0,78.0,30.0,8.0,-3.767775771309441,-5.171903950600227,1.4041281792907863,-5.256731961911273,1.4889561906018316,-5.282083338224486,1.5143075669150448,0.1101793876242585,0.8,1.0,0.5800372048707771,0.0,0.0,0.001,265.02301025390625,734.1710205078125,2.0
403086.0,79.0,30.0,8.0,-3.1998018893228473,-5.206126826373895,2.0063249370510476,-5.435247278554124,2.235445389231277,-5.435247278554124,2.235445389231277,0.22912045218022925,1.0,1.0,0.5213717837771774,0.0,0.0,0.0010000000000000005,278.4230041503906,742.3709716796875,2.0
408077.0,80.0,30.0,8.0,-2.43145616671718,-3.8312281000919626,1.3997719333747827,-3.8324386767313676,1.4009825100141877,-3.929065911004717,1.4976097442875371,0.09783781091275445,0.8,1.0,0.42872691965454024,0.0,0.0,0.001,263.02301025390625,747.9710083007812,2.0
410573.0,81.0,30.0,8.0,-3.1475798587392205,-5.218653041364791,2.071073182625571,-5.246595817845424,2.099015959106204,-5.345103623984747,2.197523765245527,0.126450582619956,0.8,1.0,0.5155829743600411,0.0,0.0,0.0009999999999999998,255.42300415039062,750.77099609375,2.0
411821.0,82.0,30.0,8.0,-3.415036089994707,-4.378267281213728,0.963231191219021,-4.61264895857623,1.197612868581523,-4.61264895857623,1.197612868581523,0.23438167736250204,1.0,1.0,0.544499280883763,0.0,0.0,0.001,251.6230010986328,752.1710205078125,2.0
416813.0,83.0,30.0,8.0,-2.6875165420384444,-3.2841397858866923,0.5966232438482479,-3.3545170634280277,0.6670005213895833,-3.3545170634280277,0.6670005213895833,0.07037727754133538,1.0,1.0,0.4614313521405985,0.0,0.0,0.001,272.62298583984375,757.5709838867188,2.0
418061.0,84.0,30.0,8.0,-3.402894319800503,-3.5898375283453348,0.18694320854483193,-3.593209453194781,0.1903151333942783,-3.5959928139306276,0.1930984941301248,0.00615528558529288,0.8,1.0,0.5432308142445903,0.0,0.0,0.001,268.822998046875,758.9710083007812,2.0
419309.0,85.0,30.0,8.0,-6.825059785149713,-7.0780833101971075,0.25302352504739467,-7.059103500259329,0.23404371510961663,-7.078738033531895,0.2536782483821822,0.0006547233347875547,0.6,1.0,0.7922860167074549,0.0,0.0,0.0009999999999999998,265.02301025390625,760.3709716796875,2.0
420557.0,86.0,30.0,8.0,-3.8792004045433663,-4.0756580066539625,0.19645760211059615,-3.8643916903617197,-0.014808714181646643,-4.0841147337028225,0.20491432915945618,0.008456727048860024,0.6,1.0,0.5906761058080284,0.0,0.0,0.001,261.2229919433594,761.77099609375,2.0
423053.0,87.0,30.0,8.0,-8.872719703634278,-8.759873604517038,-0.11284609911723997,-8.73895335828757,-0.13376634534670728,-8.896183411042795,0.02346370740851711,0.13630980652575708,0.2,1.0,0.8703719568793309,0.0,0.0,0.0009999999999999998,253.6230010986328,764.5709838867188,2.0
428045.0,88.0,30.0,8.0,-2.905963931712812,-3.8028909461694758,0.8969270144566637,-3.9032003246587337,0.9972363929459216,-3.9032003246587337,0.9972363929459216,0.10030937848925792,1.0,1.0,0.4878548005627339,0.0,0.0,0.001,274.62298583984375,769.9710083007812,2.0
444268.0,89.0,30.0,8.0,-4.523919993984418,-8.246669397323748,3.7227494033393302,-7.928156464534679,3.404236470550261,-8.218300416419906,3.694380422435488,-0.0283689809038421,0.6,1.0,0.6471426269918393,0.0,0.0,0.0010000000000000002,261.2229919433594,787.9710083007812,2.0
445516.0,90.0,30.0,8.0,-2.7625585723949,-4.717488511855954,1.9549299394610542,-5.239967265503247,2.4774086931083468,-5.3216767897737105,2.5591182173788103,0.6041882779177561,1.2,1.0,0.4706642381882993,0.0,0.0,0.0009999999999999998,257.4230041503906,789.3709716796875,2.0
450508.0,91.0,30.0,8.0,-2.3545964185879606,-3.1558900981654454,0.8012936795774848,-3.3850441164124705,1.0304476978245098,-3.409321731620003,1.0547253130320424,0.25343163345455766,1.2,1.0,0.4185239934491372,0.0,0.0,0.0009999999999999996,278.4230041503906,794.77099609375,2.0
455499.0,92.0,30.0,8.0,-7.842843692069396,-7.725478837430758,-0.11736485463863744,-7.134676200177422,-0.7081674918919738,-8.074083181659338,0.23123948958994234,0.3486043442285798,0.2,1.0,0.8356865279624406,0.0,0.0,0.0010000000000000002,263.02301025390625,800.3709716796875,2.0
456747.0,93.0,30.0,8.0,-5.106113616071965,-4.771543440067854,-0.3345701760041111,-4.7513906450365475,-0.35472297103541717,-5.106113616071952,-1.2434497875801753e-14,0.33457017600409866,0.0,1.0,0.6914185754386176,0.0,0.0,0.001,259.2229919433594,801.77099609375,2.0
459243.0,94.0,30.0,8.0,-2.5198539318647177,-3.0004174879718004,0.4805635561070827,-3.0353495560064254,0.5154956241417077,-3.0418039860900388,0.521950054225321,0.04138649811823836,0.8,1.0,0.44024977505766233,0.0,0.0,0.0010000000000000002,251.6230010986328,804.5709838867188,2.0
469227.0,95.0,30.0,8.0,-4.620425216720854,-5.414113531331921,0.7936883146110674,-5.520914329940332,0.9004891132194786,-5.524557343872171,0.9041321271513176,0.11044381254025026,1.2,1.0,0.6549066237927769,0.0,0.0,0.0009999999999999998,257.4230041503906,815.5709838867188,2.0
485450.0,96.0,30.0,8.0,-4.75408396890227,-5.513548954093639,0.7594649851913688,-5.3635250194783834,0.6094410505761134,-5.506093480311581,0.7520095114093106,-0.007455473782058242,0.6,1.0,0.6653625522337467,0.0,0.0,0.001,244.0229949951172,833.5709838867188,2.0
486698.0,97.0,30.0,8.0,-2.3542694954709034,-3.3044650931632247,0.9501955976923213,-3.4545570064319175,1.1002875109610142,-3.4545570064319175,1.1002875109610142,0.15009191326869287,1.0,1.0,0.41848714636779305,0.0,0.0,0.0009999999999999998,276.4230041503906,834.77099609375,2.0
487946.0,98.0,30.0,8.0,-2.9687637913931653,-3.0839347344349415,0.11517094304177622,-3.0813076176645042,0.11254382627133896,-3.083631427052582,0.11486763565941693,-0.0003033073823592858,0.6,1.0,0.4952134024034115,0.0,0.0,0.0009999999999999998,272.62298583984375,836.1710205078125,2.0
495434.0,99.0,30.0,8.0,-6.61546091750718,-7.427804048654586,0.8123431311474061,-7.007873373848764,0.3924124563415843,-7.415453441898158,0.7999925243909782,-0.012350606756427851,0.6,1.0,0.7820225967328623,0.0,0.0,0.0009999999999999998,249.822998046875,844.5709838867188,2.0
1247.0,0.0,30.0,16.0,-4.0221017199114915,-4.443176566921264,0.4210748470097725,-4.252643142076676,0.23054142216518425,-4.451085531602656,0.4289838116911646,0.007908964681392128,0.6,1.0,0.6039774887668772,0.0,0.0,0.001,274.62298583984375,298.3710021972656,2.0
4991.0,1.0,30.0,16.0,-5.552794834738663,-7.966881179103414,2.414086344364751,-8.029282224755667,2.476487390017004,-8.047157683003377,2.494362848264714,0.0802765038999631,0.8,1.0,0.7216019043937337,0.0,0.0,0.0010000000000000002,263.2229919433594,302.5710144042969,2.0
9983.0,2.0,30.0,16.0,-5.0848517893245315,-6.180997748854793,1.0961459595302614,-6.039052870058215,0.9542010807336831,-6.1690373970080605,1.084185607683529,-0.011960351846732387,0.6,1.0,0.6899275956446907,0.0,0.0,0.001,248.0229949951172,308.1709899902344,2.0
18719.0,3.0,30.0,16.0,-9.828072095453201,-11.051770304244892,1.2236982087916903,-10.957333245817987,1.1292611503647851,-11.042676080784021,1.21460398533082,-0.00909422346087041,0.6,1.0,0.8959959273162496,0.0,0.0,0.0009999999999999998,257.62298583984375,317.77099609375,2.0
19967.0,4.0,30.0,16.0,-7.589005051683615,-7.558564809117556,-0.03044024256605926,-7.331863876205108,-0.2571411754785071,-7.642586403087178,0.05358135140356346,0.08402159396962272,0.2,0.9375,0.8258163184858266,0.5,0.0,0.001,253.822998046875,319.1709899902344,2.0
33694.0,5.0,30.0,16.0,-6.645426906912069,-9.313205268259443,2.6677783613473744,-9.243231222502825,2.597804315590756,-9.313155603681096,2.6677286967690277,-4.966457834676419e-05,0.6,1.0,0.7835379089486478,0.0,0.0,0.0010000000000000005,248.0229949951172,334.3710021972656,2.0
44926.0,6.0,30.0,16.0,-4.6817454737246775,-6.3758720205006405,1.694126546775963,-6.410105408060946,1.7283599343362681,-6.4115774801275744,1.729832006402897,0.035705459626933944,1.2,1.0,0.6597580618539977,0.0,0.0,0.001,250.0229949951172,346.77099609375,2.0
46173.0,7.0,30.0,16.0,-11.081871754892752,-13.814390993140071,2.7325192382473187,-12.080199842637263,0.9983280877445111,-13.906431801147075,2.824560046254323,0.09204080800700432,0.6,0.9375,0.9220857288672062,0.25,0.5590169943749475,0.0009999999999999998,246.0229949951172,348.1709899902344,2.0
51165.0,8.0,30.0,16.0,-9.300313211020017,-10.730516167618433,1.430202956598416,-10.386060012341451,1.0857468013214344,-10.757720626880225,1.4574074158602084,0.02720445926179238,0.6,1.0,0.8825444977089727,0.0,0.0,0.0010000000000000002,267.02301025390625,353.5710144042969,2.0
57405.0,9.0,30.0,16.0,-6.559024429015702,-6.384996038870588,-0.1740283901451143,-6.047676537285036,-0.511347891730666,-6.796886002166602,0.23786157315089973,0.411889963296014,0.2,1.0,0.7791859157175104,0.0,0.0,0.0010000000000000002,248.0229949951172,360.5710144042969,2.0
64893.0,10.0,30.0,16.0,-13.986839441377297,-14.54960714688495,0.5627677055076532,-14.692094243036411,0.7052548016591142,-14.692094243036411,0.7052548016591142,0.14248709615146105,1.0,1.0,0.9600900030077341,0.0,0.0,0.0010000000000000002,261.4230041503906,368.77099609375,2.0
66141.0,11.0,30.0,16.0,-10.463921291408152,-12.485789457480738,2.0218681660725863,-11.767403711007923,1.3034824195997707,-12.559626433425755,2.0957051420176036,0.07383697594501726,0.4,1.0,0.9101542581154077,0.0,0.0,0.001,257.62298583984375,370.1709899902344,2.0
72380.0,12.0,30.0,16.0,-7.124616367145128,-9.854885435896044,2.730269068750916,-9.637039099443692,2.512422732298564,-9.843255842300742,2.718639475155614,-0.011629593595301913,0.8,1.0,0.8061465385159211,0.0,0.0,0.001,274.62298583984375,376.97100830078125,2.0
73628.0,13.0,30.0,16.0,-6.9309475562644876,-10.144056372997685,3.2131088167331976,-10.081376462063385,3.150428905798898,-10.178278079342428,3.247330523077941,0.0342217063447432,0.8,1.0,0.7973047396487942,0.0,0.0,0.0010000000000000002,270.822998046875,378.3710021972656,2.0
77372.0,14.0,30.0,16.0,-8.482969529408198,-12.84583820556266,4.362868676154463,-12.32935199254176,3.846382463133562,-12.80891905899061,4.325949529582411,-0.03691914657205153,0.6,1.0,0.8582223597748491,0.0,0.0,0.001,259.4230041503906,382.5710144042969,2.0
78620.0,15.0,30.0,16.0,-6.376139940740163,-10.300425016754131,3.924285076013968,-10.167659008447313,3.7915190677071493,-10.370711919641911,3.9945719789017478,0.07028690288777995,0.8,1.0,0.769701190266521,0.0,0.0,0.0010000000000000002,255.6230010986328,383.97100830078125,2.0
79868.0,16.0,30.0,16.0,-7.252949371923183,-11.68236108726301,4.4294117153398265,-11.155378535352549,3.9024291634293657,-11.694742722492244,4.4417933505690606,0.012381635229234078,0.6,1.0,0.8117875542294307,0.0,0.0,0.0010000000000000002,251.822998046875,385.3710021972656,2.0
87356.0,17.0,30.0,16.0,-7.090121838408997,-10.766377263505941,3.6762554250969437,-10.941296241962817,3.85117440355382,-10.948175644016287,3.8580538056072893,0.18179838051034558,1.2,1.0,0.804597376897122,0.0,0.0,0.001,265.2229919433594,393.5710144042969,2.0
88604.0,18.0,30.0,16.0,-7.628201558491928,-11.916869572069276,4.288668013577348,-12.411945790088213,4.783744231596285,-12.596178969836734,4.967977411344806,0.679309397767458,1.2,1.0,0.8273679909374736,0.0,0.0,0.0009999999999999998,261.4230041503906,394.97100830078125,2.0
93595.0,19.0,30.0,16.0,-6.294235958528677,-9.850206137319628,3.5559701787909503,-9.169627830800064,2.8753918722713863,-9.833628123302764,3.539392164774087,-0.016578014016863207,0.6,1.0,0.7652890735434219,0.0,0.0,0.001,246.0229949951172,400.5710144042969,2.0
94843.0,20.0,30.0,16.0,-6.802706166283173,-10.817910880969306,4.015204714686133,-10.512937290589587,3.7102311243064143,-10.785137073732567,3.9824309074493947,-0.032773807236738506,0.6,1.0,0.7912299309446975,0.0,0.0,0.001,278.4230041503906,401.77099609375,2.0
97339.0,21.0,30.0,16.0,-7.3581711509152345,-11.086057032983804,3.72788588206857,-11.088247539751531,3.730076388836297,-11.162529712125746,3.8043585612105115,0.07647267914194167,0.8,1.0,0.81629591846635,0.0,0.0,0.0009999999999999998,270.822998046875,404.5710144042969,2.0
106075.0,22.0,30.0,16.0,-7.568090337393755,-7.526883273427698,-0.04120706396605733,-7.574295538461012,0.006205201067256638,-7.633633721951641,0.06554338455788589,0.10675044852394322,0.2,1.0,0.8249659372134334,0.0,0.0,0.0009999999999999998,244.22300720214844,414.3710021972656,2.0
109819.0,23.0,30.0,16.0,-10.535584852555523,-9.653979660218939,-0.8816051923365844,-8.514370790773352,-2.021214061782171,-10.90452327569256,0.3689384231370365,1.250543615473621,0.2,1.0,0.9116427705961332,0.0,0.0,0.0010000000000000005,269.02301025390625,418.3710021972656,2.0
111067.0,24.0,30.0,16.0,-11.782463169506078,-12.64655543204997,0.8640922625438918,-12.441223023194208,0.6587598536881298,-12.630912283827646,0.8484491143215678,-0.015643148222324044,0.6,1.0,0.9337001768434183,0.0,0.0,0.001,265.2229919433594,419.77099609375,2.0
114810.0,25.0,30.0,16.0,-10.23345521521738,-11.731217936200089,1.4977627209827098,-11.06030229494515,0.82684707972777,-12.256314645149844,2.022859429932465,0.5250967089497554,0.4,1.0,0.905256956234925,0.0,0.0,0.001,253.6230010986328,423.97100830078125,2.0
126042.0,26.0,30.0,16.0,-6.400949872054321,-9.814286909027672,3.413337036973351,-9.663231090190173,3.2622812181358523,-9.792875704252923,3.391925832198602,-0.021411204774748782,0.6,1.0,0.7709950750957959,0.0,0.0,0.0009999999999999998,255.6230010986328,436.3710021972656,2.0
127290.0,27.0,30.0,16.0,-6.286542836769755,-9.668616210087343,3.3820733733175885,-9.844115264611617,3.557572427841862,-9.844115264611617,3.557572427841862,0.1754990545242734,1.0,1.0,0.7648831583162787,0.0,0.0,0.001,251.822998046875,437.77099609375,2.0
134778.0,28.0,30.0,16.0,-6.207864511958339,-8.318783357040939,2.1109188450826,-8.117619628325855,1.9097551163675162,-8.309710692746085,2.1018461807877467,-0.009072664294853539,0.6,0.9375,0.7605778667376919,0.25,0.3535533905932738,0.001,265.2229919433594,445.97100830078125,2.0
136025.0,29.0,30.0,16.0,-7.408529907237373,-8.871022219541585,1.462492312304212,-8.15217955028888,0.7436496430515067,-9.342352565956507,1.9338226587191336,0.47133034641492166,0.4,1.0,0.8184122912389767,0.0,0.0,0.001,261.2229919433594,447.3710021972656,2.0
138521.0,30.0,30.0,16.0,-7.027543652739947,-7.709183861396828,0.6816402086568809,-7.1128483834593625,0.08530473071941547,-8.142761981436056,1.115218328696109,0.43357812003922813,0.4,1.0,0.801760640519038,0.0,0.0,0.0009999999999999998,253.6230010986328,450.1709899902344,2.0
139769.0,31.0,30.0,16.0,-12.175301084426021,-13.064269355203715,0.8889682707776938,-11.055290449108377,-1.1200106353176444,-14.171886013071726,1.9965849286457047,1.107616657868011,0.4,0.9375,0.9394409927364455,0.0,0.25,0.0010000000000000005,249.822998046875,451.5710144042969,2.0
143513.0,32.0,30.0,16.0,-8.296910531100343,-7.471671656842602,-0.8252388742577406,-6.762794851013214,-1.5341156800871287,-8.29691053110034,-3.552713678800501e-15,0.825238874257737,0.0,1.0,0.8520004099988652,0.0,0.0,0.001,274.62298583984375,455.5710144042969,2.0
154745.0,33.0,30.0,16.0,-6.945892841837305,-8.4706890863624,1.5247962445250947,-8.747800846263866,1.8019080044265605,-9.072526380232983,2.1266335383956774,0.6018372938705827,1.2,1.0,0.798013413366596,0.0,0.0,0.0009999999999999998,276.62298583984375,467.97100830078125,2.0
157241.0,34.0,30.0,16.0,-7.972832619478457,-7.618866998206504,-0.3539656212719535,-7.101324701575128,-0.8715079179033296,-8.114053851267515,0.141221231789058,0.4951868530610115,0.2,1.0,0.8405623022626862,0.0,0.0,0.0010000000000000002,269.02301025390625,470.77099609375,2.0
162232.0,35.0,30.0,16.0,-6.5243084171524215,-7.266751576811474,0.7424431596590528,-7.215766543579432,0.6914581264270101,-7.267381658175131,0.7430732410227092,0.0006300813636563873,0.6,1.0,0.7774118956011867,0.0,0.0,0.0009999999999999998,253.6230010986328,476.3710021972656,2.0
174712.0,36.0,30.0,16.0,-6.795494679211847,-10.37116885047666,3.5756741712648132,-9.480318195852158,2.6848235166403107,-10.433138299045332,3.6376436198334847,0.06196944856867148,0.6,1.0,0.7908785640317865,0.0,0.0,0.001,251.822998046875,490.1709899902344,2.0
178456.0,37.0,30.0,16.0,-7.1822692791512335,-10.873343087695716,3.6910738085444823,-11.417624131910927,4.235354852759693,-11.823772098523627,4.641502819372393,0.9504290108279108,1.2,1.0,0.8087073926561227,0.0,0.0,0.001,276.62298583984375,494.1709899902344,2.0
179704.0,38.0,30.0,16.0,-5.417070484691337,-7.915989421336095,2.498918936644758,-7.7259622962729395,2.308891811581603,-7.993520875295816,2.576450390604479,0.07753145395972094,0.8,1.0,0.7127703629339682,0.0,0.0,0.001,272.822998046875,495.5710144042969,2.0
180952.0,39.0,30.0,16.0,-5.1658374217718785,-8.490171821017356,3.324334399245477,-10.117357922998124,4.951520501226246,-10.117357922998124,4.951520501226246,1.6271861019807687,1.0,1.0,0.6956451111309525,0.0,0.0,0.0009999999999999998,269.02301025390625,496.97100830078125,2.0
183447.0,40.0,30.0,16.0,-7.006128769155762,-10.304459773968532,3.29833100481277,-10.57044701085146,3.564318241695698,-10.683480368850889,3.677351599695127,0.3790205948823573,0.8,1.0,0.8007925801497093,0.0,0.0,0.0010000000000000002,261.2229919433594,499.77099609375,2.0
189687.0,41.0,30.0,16.0,-4.586576058425183,-7.050092241853761,2.4635161834285784,-6.900718555694941,2.314142497269758,-7.047192226442719,2.460616168017536,-0.002900015411042567,0.8,1.0,0.6522193618144474,0.0,0.0,0.001,278.4230041503906,506.5710144042969,2.0
200919.0,42.0,30.0,16.0,-9.133419641198792,-8.101713905929081,-1.0317057352697105,-7.459024363177511,-1.6743952780212812,-9.13341964119877,-2.1316282072803006e-14,1.0317057352696892,0.0,1.0,0.8779492285213593,0.0,0.0,0.0009999999999999998,244.22300720214844,519.1710205078125,2.0
204662.0,43.0,30.0,16.0,-8.58852554624738,-7.93052839278793,-0.6579971534594504,-7.330474751261997,-1.2580507949853832,-8.80525404943095,0.2167285031835693,0.8747256566430197,0.2,1.0,0.8616223327858799,0.0,0.0,0.0009999999999999998,268.822998046875,523.1710205078125,2.0
213398.0,44.0,30.0,16.0,-8.43967296010167,-10.566545968673495,2.1268730085718257,-9.69767530481737,1.2580023447157007,-11.044219814079263,2.6045468539775936,0.47767384540576785,0.4,1.0,0.856812946277351,0.0,0.0,0.0009999999999999998,278.4230041503906,532.77099609375,2.0
215894.0,45.0,30.0,16.0,-7.260338863098906,-10.2722175799179,3.0118787168189938,-9.177687077070694,1.9173482139717875,-10.464723242814479,3.204384379715573,0.1925056628965791,0.4,1.0,0.8121052154887137,0.0,0.0,0.0009999999999999998,270.822998046875,535.5709838867188,2.0
227125.0,46.0,30.0,16.0,-6.016508919776673,-7.112780092498861,1.0962711727221883,-6.879881683925586,0.8633727641489131,-7.164190432094935,1.147681512318262,0.05141033959607366,0.4,1.0,0.7497995303791909,0.0,0.0,0.001,272.62298583984375,547.9710083007812,2.0
230869.0,47.0,30.0,16.0,-7.763466730109485,-8.94733018931004,1.1838634592005555,-8.148809562555579,0.3853428324460939,-9.200030407581366,1.4365636774718809,0.2527002182713254,0.4,1.0,0.8326811483503305,0.0,0.0,0.001,261.2229919433594,552.1710205078125,2.0
232117.0,48.0,30.0,16.0,-8.09556849948882,-8.130588948255685,0.03502044876686483,-7.593983812602907,-0.5015846868859128,-8.482589981505795,0.3870214820169746,0.3520010332501098,0.2,1.0,0.8449899774391599,0.0,0.0,0.001,257.4230041503906,553.5709838867188,2.0
244597.0,49.0,30.0,16.0,-11.665621017884272,-12.343209770798316,0.6775887529140441,-12.024434724156334,0.35881370627206266,-12.429466563042002,0.7638455451577304,0.08625679224368632,0.4,1.0,0.9318774563980221,0.0,0.0,0.001,255.6230010986328,567.3709716796875,2.0
248341.0,50.0,30.0,16.0,-5.901583295809321,-9.462567337449826,3.5609840416405056,-8.876954562839146,2.975371267029825,-9.451102496030853,3.549519200221532,-0.011464841418973748,0.6,1.0,0.7430842144981207,0.0,0.0,0.001,244.22300720214844,571.5709838867188,2.0
252084.0,51.0,30.0,16.0,-6.104783638593126,-8.067727183973824,1.962943545380698,-8.764504642268845,2.6597210036757186,-9.098366034239987,2.993582395646861,1.030638850266163,1.2,1.0,0.7548261985656108,0.0,0.0,0.0009999999999999998,268.822998046875,575.5709838867188,2.0
255828.0,52.0,30.0,16.0,-7.309471792022034,-9.292082326629743,1.9826105346077085,-9.516889591070754,2.20741779904872,-9.516889591070754,2.20741779904872,0.2248072644410115,1.0,1.0,0.8142265157551623,0.0,0.0,0.001,257.4230041503906,579.77099609375,2.0
259572.0,53.0,30.0,16.0,-6.9774747311323395,-9.833543971609757,2.8560692404774173,-9.742813121944621,2.765338390812282,-9.824188865880306,2.846714134747966,-0.009355105729451196,0.8,1.0,0.7994859071895599,0.0,0.0,0.001,246.0229949951172,583.9710083007812,2.0
260820.0,54.0,30.0,16.0,-8.653266346544935,-12.781638862398761,4.128372515853826,-12.890067969348966,4.23680162280403,-12.913969135596762,4.260702789051827,0.13233027319800073,0.8,0.9375,0.8636636753614004,0.0,0.5,0.001,278.4230041503906,585.1710205078125,2.0
264564.0,55.0,30.0,16.0,-6.177400650634329,-6.8434835617490695,0.6660829111147404,-6.418817417519587,0.2414167668852576,-6.915139690285238,0.7377390396509087,0.07165612853616832,0.4,1.0,0.7589099335362055,0.0,0.0,0.0010000000000000002,267.02301025390625,589.3709716796875,2.0
269556.0,56.0,30.0,16.0,-5.980623637969661,-8.01015489420415,2.02953125623449,-7.633426500279263,1.6528028623096027,-8.024623409758133,2.0439997717884726,0.014468515553982542,0.6,1.0,0.7477127248747368,0.0,0.0,0.0010000000000000005,251.822998046875,594.9710083007812,2.0
270804.0,57.0,30.0,16.0,-7.266661368083324,-9.141936729437253,1.8752753613539292,-8.034159011587926,0.7674976435046021,-9.694452244896688,2.427790876813364,0.5525155154594348,0.4,0.9375,0.8123966883564842,0.25,0.3535533905932738,0.001,248.0229949951172,596.3709716796875,2.0
272051.0,58.0,30.0,16.0,-7.750925969749569,-11.269321023096577,3.5183950533470076,-10.5912079237367,2.840281953987131,-11.291429697687054,3.5405037279374847,0.02210867459047705,0.6,0.9375,0.8321868142298917,0.3535533905932738,0.3535533905932738,0.001,244.0229949951172,597.77099609375,2.0
273299.0,59.0,30.0,16.0,-7.1051862304976545,-9.724863803948415,2.61967757345076,-8.469775635058763,1.3645894045611087,-9.7448289660775,2.639642735579846,0.019965162129086167,0.6,1.0,0.8052876277525131,0.0,0.0,0.001,276.4230041503906,598.9710083007812,2.0
279539.0,60.0,30.0,16.0,-6.577157293719949,-8.344674139850387,1.7675168461304374,-8.685327883719667,2.108170589999718,-8.685327883719667,2.108170589999718,0.3406537438692805,1.0,1.0,0.7800897549322438,0.0,0.0,0.0010000000000000002,257.4230041503906,605.9710083007812,2.0
285779.0,61.0,30.0,16.0,-7.824586464631908,-9.265050773930444,1.4404643092985356,-8.62145357390331,0.7968671092714015,-9.290382239934807,1.4657957753028992,0.025331466004363534,0.6,1.0,0.8350078399114854,0.0,0.0,0.001,274.62298583984375,612.77099609375,2.0
287027.0,62.0,30.0,16.0,-8.666126923515163,-9.248720307726108,0.582593384210945,-9.352957148694435,0.6868302251792713,-9.375113434818367,0.7089865113032037,0.1263931270922587,1.2,1.0,0.8640869561104382,0.0,0.0,0.0010000000000000002,270.822998046875,614.1710205078125,2.0
304498.0,63.0,30.0,16.0,-8.151885869137555,-8.91140610655391,0.7595202374163552,-8.787070254469622,0.6351843853320673,-8.92004260836622,0.7681567392286652,0.008636501812310016,0.6,1.0,0.8469868170692392,0.0,0.0,0.0010000000000000002,253.6230010986328,633.5709838867188,2.0
311986.0,64.0,30.0,16.0,-6.900535987723929,-9.473422132594262,2.572886144870333,-9.724763519522025,2.824227531798096,-9.724763519522025,2.824227531798096,0.25134138692776276,1.0,1.0,0.7958830246397652,0.0,0.0,0.001,267.02301025390625,641.77099609375,2.0
316977.0,65.0,30.0,16.0,-5.709540766318191,-7.999461777021462,2.2899210107032717,-8.33155223260621,2.6220114662880194,-8.974867522850353,3.265326756532162,0.9754057458288905,1.2,1.0,0.7314821039268593,0.0,0.0,0.0010000000000000002,251.6230010986328,647.3709716796875,2.0
319473.0,66.0,30.0,16.0,-9.603454290146582,-15.074049231072877,5.470594940926295,-15.52961924692115,5.926164956774569,-15.52961924692115,5.926164956774569,0.4555700158482736,1.0,1.0,0.8904603131635765,0.0,0.0,0.001,244.0229949951172,650.1710205078125,2.0
323217.0,67.0,30.0,16.0,-7.452933884946118,-11.648300861726113,4.1953669767799955,-11.739549182249187,4.286615297303069,-11.739549182249187,4.286615297303069,0.09124832052307319,1.0,1.0,0.8202610357889513,0.0,0.0,0.001,268.822998046875,654.1710205078125,2.0
336945.0,68.0,30.0,16.0,-8.539662017901659,-9.88124752022412,1.3415855023224612,-9.226443464719281,0.6867814468176228,-9.901450436933064,1.3617884190314058,0.020202916708944585,0.6,1.0,0.8600689392091815,0.0,0.0,0.001,263.2229919433594,669.3709716796875,2.0
340688.0,69.0,30.0,16.0,-9.500990621994903,-10.692092904682076,1.1911022826871722,-10.517863209451466,1.0168725874565627,-10.708333145906819,1.2073425239119153,0.0162402412247431,0.6,0.9375,0.887842417922125,0.0,0.25,0.0010000000000000002,251.6230010986328,673.5709838867188,2.0
353168.0,70.0,30.0,16.0,-7.032761030812008,-8.60204153195452,1.5692805011425115,-8.213394619511165,1.1806335886991572,-8.617569192289427,1.5848081614774188,0.015527660334907267,0.6,1.0,0.8020050492985673,0.0,0.0,0.0009999999999999998,249.822998046875,687.3709716796875,2.0
355664.0,71.0,30.0,16.0,-8.643531414943382,-9.75651314820347,1.1129817332600886,-9.276259695968893,0.6327282810255106,-9.748986724931719,1.1054553099883364,-0.007526423271752236,0.6,0.9375,0.8633603647907853,0.5590169943749475,0.5590169943749475,0.001,278.4230041503906,689.9710083007812,2.0
359408.0,72.0,30.0,16.0,-6.670856526271485,-7.755093984918528,1.084237458647043,-7.873302559499176,1.202446033227691,-7.999604115653128,1.328747589381643,0.24451013073460004,1.2,1.0,0.7847924787521873,0.0,0.0,0.001,267.02301025390625,694.1710205078125,2.0
361904.0,73.0,30.0,16.0,-6.907923038279469,-8.712000348766168,1.804077310486699,-8.242712473855216,1.3347894355757468,-8.73104673706813,1.8231236987886614,0.01904638830196248,0.6,1.0,0.7962335042258626,0.0,0.0,0.001,259.4230041503906,696.9710083007812,2.0
363151.0,74.0,30.0,16.0,-7.602936573691462,-8.909366483358255,1.306429909666793,-8.291827196431585,0.6888906227401232,-9.159730539449178,1.5567939657577163,0.25036405609092327,0.4,1.0,0.8263689556125817,0.0,0.0,0.0009999999999999998,255.42300415039062,698.3709716796875,2.0
365647.0,75.0,30.0,16.0,-6.800693267909276,-9.486742954440107,2.686049686530831,-9.522454443133853,2.721761175224577,-9.571257170843328,2.770563902934052,0.0845142164032211,1.2,1.0,0.7911434836616691,0.0,0.0,0.0010000000000000002,247.822998046875,701.1710205078125,2.0
370639.0,76.0,30.0,16.0,-5.969408257347222,-9.245557922364632,3.2761496650174102,-9.20939477114519,3.2399865137979678,-9.251908683203165,3.282500425855943,0.006350760838532921,0.8,1.0,0.7470668572701193,0.0,0.0,0.0009999999999999998,268.822998046875,706.5709838867188,2.0
383119.0,77.0,30.0,16.0,-7.958449745995628,-8.318048031854584,0.35959828585895615,-8.260262256768138,0.3018125107725105,-8.329024194095929,0.37057444810030127,0.010976162241345122,1.2,1.0,0.8400178794737182,0.0,0.0,0.0009999999999999998,267.02301025390625,720.3709716796875,2.0
395598.0,78.0,30.0,16.0,-6.898482779052696,-8.613068018898009,1.714585239845313,-8.245339629527557,1.346856850474861,-8.617382885011716,1.7189001059590208,0.004314866113707794,0.6,1.0,0.7957790948304349,0.0,0.0,0.001,265.02301025390625,734.1710205078125,2.0
403086.0,79.0,30.0,16.0,-6.641564093659936,-9.61252279038712,2.970958696727184,-9.628557340589246,2.986993246929311,-9.697326320338888,3.0557622266789526,0.08480352995176865,0.8,1.0,0.7833501730763852,0.0,0.0,0.0010000000000000005,278.4230041503906,742.3709716796875,2.0
408077.0,80.0,30.0,16.0,-4.656315834864934,-6.659706303212073,2.0033904683471393,-6.701406841372453,2.045091006507519,-6.793686621204657,2.137370786339723,0.1339803179925836,0.8,1.0,0.6577652272147357,0.0,0.0,0.001,263.02301025390625,747.9710083007812,2.0
410573.0,81.0,30.0,16.0,-5.710909196184298,-7.517075835052532,1.806166638868234,-7.256345038856301,1.5454358426720027,-7.517481985822805,1.8065727896385066,0.0004061507702726175,0.6,1.0,0.7315623849356303,0.0,0.0,0.0009999999999999998,255.42300415039062,750.77099609375,2.0
411821.0,82.0,30.0,16.0,-5.755018504334753,-7.488581471475856,1.7335629671411024,-7.782941058797936,2.027922554463183,-7.782941058797936,2.027922554463183,0.2943595873220808,1.0,1.0,0.7342589180928278,0.0,0.0,0.001,251.6230010986328,752.1710205078125,2.0
416813.0,83.0,30.0,16.0,-4.5039051676651845,-5.972299590775312,1.4683944231101274,-6.079660099840222,1.5757549321750375,-6.108309375592922,1.6044042079277379,0.1360097848176105,0.8,1.0,0.6455321101325218,0.0,0.0,0.001,272.62298583984375,757.5709838867188,2.0
418061.0,84.0,30.0,16.0,-5.489526777067289,-6.904205752694761,1.4146789756274716,-6.866286537552907,1.3767597604856174,-6.97442744124514,1.484900664177851,0.07022168855037947,0.8,1.0,0.7175224868692034,0.0,0.0,0.001,268.822998046875,758.9710083007812,2.0
419309.0,85.0,30.0,16.0,-9.579991887602898,-8.2458722458166,-1.3341196417862982,-7.881639720731575,-1.6983521668713228,-9.579991887602887,-1.0658141036401503e-14,1.3341196417862875,0.0,1.0,0.8898671021380895,0.0,0.0,0.0009999999999999998,265.02301025390625,760.3709716796875,2.0
420557.0,86.0,30.0,16.0,-6.953864481703985,-7.150253701521434,0.1963892198174486,-6.670448855966069,-0.28341562573791634,-7.321134998861095,0.36727051715710957,0.17088129733966095,0.4,1.0,0.7983640414227469,0.0,0.0,0.001,261.2229919433594,761.77099609375,2.0
423053.0,87.0,30.0,16.0,-11.162009081674267,-11.65789145618946,0.4958823745151939,-11.40774389737242,0.24573481569815314,-11.667159143302236,0.5051500616279689,0.009267687112775036,0.6,1.0,0.9234969955374733,0.0,0.0,0.0009999999999999998,253.6230010986328,764.5709838867188,2.0
428045.0,88.0,30.0,16.0,-5.3266891762406825,-6.842252591068485,1.5155634148278025,-6.59940678717049,1.2727176109298073,-6.849744203722898,1.5230550274822159,0.007491612654413338,0.8,1.0,0.7067210234939286,0.0,0.0,0.001,274.62298583984375,769.9710083007812,2.0
444268.0,89.0,30.0,16.0,-7.241786292083619,-11.402057569493323,4.160271277409704,-11.634743469152047,4.392957177068428,-11.634743469152047,4.392957177068428,0.23268589965872444,1.0,1.0,0.811299713749102,0.0,0.0,0.0010000000000000002,261.2229919433594,787.9710083007812,2.0
445516.0,90.0,30.0,16.0,-5.17990601082489,-7.519392845884648,2.339486835059758,-7.628502060880762,2.4485960500558717,-7.645332622043682,2.465426611218792,0.12593977615903373,0.8,1.0,0.6966298276646701,0.0,0.0,0.0009999999999999998,257.4230041503906,789.3709716796875,2.0
450508.0,91.0,30.0,16.0,-4.5132996707972985,-6.063003214046905,1.5497035432496062,-6.4429392628121605,1.929639592014862,-6.4429392628121605,1.929639592014862,0.37993604876525566,1.0,1.0,0.6463026056488589,0.0,0.0,0.0009999999999999996,278.4230041503906,794.77099609375,2.0
455499.0,92.0,30.0,16.0,-11.844340305407572,-11.760423127609894,-0.08391717779767838,-10.903548974106194,-0.9407913313013783,-12.050327500643103,0.20598719523553122,0.2899043730332096,0.2,1.0,0.9346396974593889,0.0,0.0,0.0010000000000000002,263.02301025390625,800.3709716796875,2.0
456747.0,93.0,30.0,16.0,-8.746486577924088,-9.689983737150973,0.9434971592268848,-8.903504134522212,0.15701755659812378,-9.699213305975885,0.9527267280517968,0.009229568824911993,0.6,1.0,0.8665669265831513,0.0,0.0,0.001,259.2229919433594,801.77099609375,2.0
459243.0,94.0,30.0,16.0,-4.712681966489424,-6.1132782175643205,1.4005962510748962,-6.226021061568082,1.513339095078658,-6.24222076017951,1.5295387936900857,0.12894254261518956,0.8,1.0,0.662202038616531,0.0,0.0,0.0010000000000000002,251.6230010986328,804.5709838867188,2.0
469227.0,95.0,30.0,16.0,-6.8370823311370845,-8.895453506983275,2.0583711758461902,-8.877084818947678,2.040002487810593,-8.975818100855642,2.138735769718558,0.0803645938723676,0.8,1.0,0.7928786910198946,0.0,0.0,0.0009999999999999998,257.4230041503906,815.5709838867188,2.0
485450.0,96.0,30.0,16.0,-6.9771192308167915,-7.582852377264517,0.6057331464477258,-7.183730080288244,0.2066108494714527,-7.658695405996142,0.6815761751793508,0.07584302873162496,0.4,1.0,0.7994545894243197,0.0,0.0,0.001,244.0229949951172,833.5709838867188,2.0
486698.0,97.0,30.0,16.0,-5.021021761898733,-6.4882775701798865,1.4672558082811538,-6.145891180710011,1.1248694188112784,-6.504342075376254,1.4833203134775212,0.016064505196367485,0.6,1.0,0.6853237385809765,0.0,0.0,0.0009999999999999998,276.4230041503906,834.77099609375,2.0
487946.0,98.0,30.0,16.0,-5.735806129471434,-6.731575116646075,0.9957689871746416,-6.836976673377308,1.1011705439058739,-6.836976673377308,1.1011705439058739,0.1054015567312323,1.0,1.0,0.7330869472036053,0.0,0.0,0.0009999999999999998,272.62298583984375,836.1710205078125,2.0
495434.0,99.0,30.0,16.0,-9.545107898785924,-10.110154306710166,0.5650464079242425,-9.715331663717086,0.17022376493116198,-10.19751228027797,0.6524043814920457,0.08735797356780317,0.4,1.0,0.8889992280270643,0.0,0.0,0.0009999999999999998,249.822998046875,844.5709838867188,2.0
