user_index,sample_index,snr_db,l_value,grid_channel_nmse_db,source_alpha_channel_nmse_db,source_alpha_gain_vs_grid_db,bounded_refine_channel_nmse_db,bounded_gain_vs_grid_db,oracle_alpha_channel_nmse_db,oracle_alpha_gain_vs_grid_db,source_alpha_gap_vs_oracle_db,oracle_alpha,support_recall,dominant_energy_recall,delay_bin_rmse,tx_bin_rmse,noise_variance,rx_x_m,rx_y_m,rx_z_m
2495.0,0.0,0.0,4.0,-1.3833139226615951,-3.9336398261440575,2.550325903482462,-4.375680417270804,2.9923664946092083,-4.375680417270804,2.9923664946092083,0.4420405911267462,1.0,1.0,0.28863862541682517,0.0,0.0,1.0000000000000002,270.822998046875,299.77099609375,2.0
9983.0,1.0,0.0,4.0,-1.867677685693117,-2.3405420326128796,0.47286434691976265,-2.3037677316427048,0.4360900459495878,-2.3451218111486374,0.4774441254555204,0.00457977853575775,0.8,0.75,0.3569418725209127,0.0,1.224744871391589,1.0,248.0229949951172,308.1709899902344,2.0
12479.0,2.0,0.0,4.0,-2.4250383514967333,-3.1583570753982575,0.7333187239015242,-3.164469923490616,0.7394315719938827,-3.196972903586182,0.7719345520894487,0.03861582818792453,0.8,1.0,0.4317117726272255,0.0,0.0,1.0,276.62298583984375,310.77099609375,2.0
24958.0,3.0,0.0,4.0,-1.3506881957939176,-1.5510053250331055,0.20031712923918787,-1.5071514867682387,0.1564632909743211,-1.5505083323223823,0.19982013652846464,-0.0004969927107232319,0.6,0.75,0.2715538661276961,2.5,0.5,1.0000000000000004,274.62298583984375,324.5710144042969,2.0
27454.0,4.0,0.0,4.0,-3.3941384630503055,-6.896198169121729,3.5020597060714236,-7.721306029437014,4.327167566386708,-7.721306029437014,4.327167566386708,0.8251078603152848,1.0,1.0,0.5468624718942902,0.0,0.0,1.0,267.02301025390625,327.3710021972656,2.0
33694.0,5.0,0.0,4.0,-2.0207233522372006,-4.997962664691294,2.9772393124540937,-5.90995491833756,3.889231566100359,-5.90995491833756,3.889231566100359,0.9119922536462655,1.0,0.75,0.38178159421051283,0.5,1.0,1.0000000000000004,248.0229949951172,334.3710021972656,2.0
34942.0,6.0,0.0,4.0,-1.2062123164739382,-1.6660093045598956,0.45979698808595737,-1.7534866741901536,0.5472743577162154,-1.7534866741901536,0.5472743577162154,0.08747736963025798,1.0,1.0,0.252622439546971,0.0,0.0,1.0,244.22300720214844,335.77099609375,2.0
37438.0,7.0,0.0,4.0,-1.3738188960291726,-2.704837972815385,1.3310190767862125,-2.8044015629229597,1.430582666893787,-2.8458336239493622,1.4720147279201896,0.14099565113397716,0.8,0.75,0.27278307769341203,0.0,1.118033988749895,1.0,272.822998046875,338.3710021972656,2.0
39934.0,8.0,0.0,4.0,-1.03987696951894,-2.0296482038233927,0.9897712343044527,-2.2214337442513896,1.1815567747324496,-2.2214337442513896,1.1815567747324496,0.1917855404279969,1.0,0.5,0.219309140236827,1.0,1.5,0.9999999999999996,265.2229919433594,341.1709899902344,2.0
41182.0,9.0,0.0,4.0,-2.2965614657931557,-6.680310103812879,4.383748638019723,-7.404860759612646,5.10829929381949,-7.431548098441214,5.134986632648058,0.751237994628335,0.8,1.0,0.41406314034604874,0.0,0.0,1.0,261.4230041503906,342.5710144042969,2.0
47421.0,10.0,0.0,4.0,-2.8976266335817265,-3.8926905693536646,0.9950639357719382,-3.9000929409264256,1.002466307344699,-3.9424655150967967,1.0448388815150702,0.049774945743132015,0.8,1.0,0.4950958570990128,0.0,0.0,1.0,278.4230041503906,349.3710021972656,2.0
48669.0,11.0,0.0,4.0,-2.317724128276467,-3.1057094005776635,0.7879852723011966,-3.2268906907607144,0.9091665624842475,-3.2268906907607144,0.9091665624842475,0.1211812901830509,1.0,0.75,0.41675788779698775,0.0,1.224744871391589,0.9999999999999998,274.62298583984375,350.77099609375,2.0
52413.0,12.0,0.0,4.0,-4.499913674726846,-7.577899879675602,3.077986204948756,-6.809804059947546,2.3098903852207,-7.522372543247031,3.022458868520185,-0.055527336428570884,0.6,1.0,0.6510487252052981,0.0,0.0,0.9999999999999998,263.2229919433594,354.97100830078125,2.0
57405.0,13.0,0.0,4.0,-2.9813793243249314,-4.012520475655289,1.0311411513303574,-3.971680021043156,0.9903006967182248,-4.0500105751550555,1.0686312508301241,0.03749009949976667,0.8,1.0,0.5024332013158427,0.0,0.0,1.0000000000000002,248.0229949951172,360.5710144042969,2.0
69884.0,14.0,0.0,4.0,-2.094659052969663,-3.6067719870676362,1.5121129340979733,-3.1267950298605243,1.0321359768908613,-3.571378213110841,1.4767191601411782,-0.035393773956795105,0.8,0.75,0.38867032174074484,0.0,1.224744871391589,1.0000000000000002,246.0229949951172,374.3710021972656,2.0
71132.0,15.0,0.0,4.0,-1.270634101547792,-3.274859504268754,2.0042254027209623,-3.4237024198485893,2.1530683183007975,-3.519074554384937,2.248440452837145,0.24421505011618283,0.8,0.75,0.2685919681733295,0.0,1.0,1.0,278.4230041503906,375.5710144042969,2.0
74876.0,16.0,0.0,4.0,-1.5517197272449923,-3.4919980875520102,1.940278360307018,-3.6725081309545997,2.120788403709607,-3.703589854675819,2.1518701274308265,0.21159176712380878,0.8,1.0,0.30322334645426446,0.0,0.0,1.0,267.02301025390625,379.77099609375,2.0
79868.0,17.0,0.0,4.0,-1.919027560169213,-4.531414396875962,2.612386836706749,-3.2593102041677096,1.3402826439984965,-4.550673284517436,2.631645724348223,0.019258887641473876,0.6,1.0,0.36746719817596485,0.0,0.0,1.0000000000000002,251.822998046875,385.3710021972656,2.0
84860.0,18.0,0.0,4.0,-1.1418619159126469,-2.8263023934461042,1.6844404775334574,-3.6656657332640323,2.5238038173513857,-3.677480007671604,2.5356180917589572,0.8511776142254996,1.2,0.75,0.24211710701856354,0.5,1.3228756555322954,1.0,272.822998046875,390.77099609375,2.0
91099.0,19.0,0.0,4.0,-2.6586728770467234,-4.1688986456235995,1.510225768576876,-4.5118038464170365,1.853130969370313,-4.514543381925416,1.855870504878693,0.3456447363018169,1.2,1.0,0.46551261688024803,0.0,0.0,1.0,253.6230010986328,397.77099609375,2.0
96091.0,20.0,0.0,4.0,-1.638202103799371,-2.863099839603626,1.2248977358042548,-3.130534058074719,1.4923319542753481,-3.130534058074719,1.4923319542753481,0.2674342184710934,1.0,0.75,0.32105660830665966,0.5,1.0,0.9999999999999998,274.62298583984375,403.1709899902344,2.0
101083.0,21.0,0.0,4.0,-2.821835080051607,-4.113606483796936,1.2917714037453285,-4.237394806575145,1.4155597265235373,-4.237394806575145,1.4155597265235373,0.12378832277820884,1.0,0.75,0.48490904303613813,0.0,1.224744871391589,1.0,259.4230041503906,408.77099609375,2.0
103579.0,22.0,0.0,4.0,-3.2711170640192604,-4.176363739674348,0.9052466756550874,-4.372117838731134,1.1010007747118733,-4.423506390996843,1.1523893269775822,0.2471426513224948,1.2,1.0,0.5374013067186291,0.0,0.0,1.0,251.822998046875,411.5710144042969,2.0
107323.0,23.0,0.0,4.0,-2.68053884390877,-3.7762016048260403,1.0956627609172704,-3.33920070745565,0.6586618635468802,-3.7779203433059125,1.0973814993971427,0.0017187384798722505,0.6,1.0,0.47048384698136486,0.0,0.0,0.9999999999999998,276.62298583984375,415.5710144042969,2.0
131034.0,24.0,0.0,4.0,-1.7660155155300625,-2.492693258815654,0.7266777432855913,-2.5641763634038806,0.798160847873818,-2.5641763634038806,0.798160847873818,0.07148310458822671,1.0,0.75,0.3454566154124462,0.0,0.5,0.9999999999999998,276.62298583984375,441.77099609375,2.0
132282.0,25.0,0.0,4.0,-1.8672204787445934,-2.4650267193988493,0.5978062406542559,-2.4853126894787,0.6180922107341065,-2.492892043675188,0.6256715649305944,0.027865324276338477,0.8,0.75,0.3647297861177495,0.0,0.5,1.0000000000000002,272.822998046875,443.1709899902344,2.0
133530.0,26.0,0.0,4.0,-2.4257779329061377,-5.067235163063607,2.6414572301574695,-5.662190025363991,3.236412092457853,-5.662190025363991,3.236412092457853,0.5949548623003835,1.0,0.5,0.4348698013752658,0.0,1.224744871391589,1.0,269.02301025390625,444.5710144042969,2.0
137273.0,27.0,0.0,4.0,-1.9040190619646016,-2.364586593458592,0.46056753149399055,-2.227062426422428,0.32304336445782655,-2.374336982933195,0.47031792096859326,0.009750389474602716,0.6,0.75,0.3617983140400018,0.0,1.0,0.9999999999999999,257.4230041503906,448.77099609375,2.0
141017.0,28.0,0.0,4.0,-2.8588424499898446,-3.580911639914406,0.7220691899245613,-3.0867524032423663,0.22790995325252172,-3.6281301067941345,0.7692876568042899,0.04721846687972864,0.4,1.0,0.486275379552834,0.0,0.0,1.0000000000000002,246.0229949951172,452.97100830078125,2.0
142265.0,29.0,0.0,4.0,-2.91864321262099,-2.6705430363720946,-0.24810017624889547,-2.5459346821329194,-0.3727085304880706,-2.9186432126209993,9.325873406851315e-15,0.2481001762489048,0.0,1.0,0.49457495379163774,0.0,0.0,1.0,278.4230041503906,454.1709899902344,2.0
144761.0,30.0,0.0,4.0,-1.5697834996168365,-2.7251023908333587,1.1553188912165222,-2.727800591860918,1.1580170922440813,-2.82517532853287,1.2553918289160335,0.10007293769951131,0.8,1.0,0.31509339163093886,0.0,0.0,0.9999999999999999,270.822998046875,456.97100830078125,2.0
151001.0,31.0,0.0,4.0,-3.4554588069661207,-3.5357450216719903,0.08028621470586961,-3.365241097842528,-0.09021770912359273,-3.582632379546637,0.12717357258051631,0.04688735787464671,0.4,1.0,0.5541935822060566,0.0,0.0,1.0000000000000004,251.822998046875,463.97100830078125,2.0
164728.0,32.0,0.0,4.0,-1.161551445940627,-1.5659438549479487,0.40439240900732165,-2.0512930253588006,0.8897415794181736,-2.216078446492345,1.0545270005517178,0.6501345915443961,1.2,0.75,0.2405621007190826,0.5,1.118033988749895,1.0,246.0229949951172,479.1709899902344,2.0
167224.0,33.0,0.0,4.0,-1.2591212430233374,-1.7399312480511404,0.480810005027803,-1.763343504206468,0.5042222611831306,-1.776473002773225,0.5173517597498876,0.03654175472208454,0.8,0.75,0.26771050419632697,0.0,1.0,1.0,274.62298583984375,481.77099609375,2.0
169720.0,34.0,0.0,4.0,-2.757120420607042,-3.5607221076671918,0.8036016870601497,-3.9835001376230132,1.2263797170159711,-4.206792328350999,1.4496719077439568,0.6460702206838072,1.2,1.0,0.4756747330585895,0.0,0.0,1.0,267.02301025390625,484.5710144042969,2.0
174712.0,35.0,0.0,4.0,-1.3198218079096715,-2.3055932755643185,0.985771467654647,-2.5411630981661064,1.221341290256435,-2.5411630981661064,1.221341290256435,0.23556982260178794,1.0,0.5,0.2738966869158451,1.224744871391589,1.5,1.0,251.822998046875,490.1709899902344,2.0
182199.0,36.0,0.0,4.0,-2.547127032202432,-3.6327585878844983,1.0856315556820664,-3.7923827345663863,1.2452557023639543,-3.7923827345663863,1.2452557023639543,0.15962414668188796,1.0,1.0,0.44936968710935477,0.0,0.0,0.9999999999999999,265.02301025390625,498.3710021972656,2.0
184695.0,37.0,0.0,4.0,-3.0487369884267683,-3.7602603293907206,0.7115233409639523,-3.994976047240064,0.9462390588132958,-4.0717576477495605,1.0230206593227922,0.31149731835883987,1.2,1.0,0.5079565478579415,0.0,0.0,0.9999999999999998,257.4230041503906,501.1709899902344,2.0
193431.0,38.0,0.0,4.0,-2.944845458814536,-2.808848854942247,-0.13599660387228907,-2.679547841866328,-0.26529761694820797,-2.944845458814525,-1.1102230246251565e-14,0.13599660387227797,0.0,1.0,0.49750632087682845,0.0,0.0,1.0,267.02301025390625,510.77099609375,2.0
194679.0,39.0,0.0,4.0,-3.061884964350543,-2.7465141633100076,-0.3153708010405354,-2.705868087476982,-0.3560168768735612,-3.0618849643505315,-1.1546319456101628e-14,0.31537080104052384,0.0,1.0,0.5164592725003357,0.0,0.0,1.0,263.2229919433594,512.1710205078125,2.0
198423.0,40.0,0.0,4.0,-3.8799264549740284,-3.6747132736883463,-0.2052131812856821,-3.5993707810720683,-0.2805556739019601,-3.87992645497403,1.7763568394002505e-15,0.2052131812856839,0.0,1.0,0.5954747926643099,0.0,0.0,0.9999999999999998,251.822998046875,516.3709716796875,2.0
199671.0,41.0,0.0,4.0,-2.3823401340015558,-2.2516324382442807,-0.13070769575727503,-2.0334977736953643,-0.3488423603061914,-2.382340134001562,6.217248937900877e-15,0.13070769575728125,0.0,1.0,0.43320512055117766,0.0,0.0,1.0,248.0229949951172,517.77099609375,2.0
204662.0,42.0,0.0,4.0,-2.114332844172761,-2.7607903987215323,0.6464575545487712,-2.636697407501144,0.5223645633283827,-2.761413727401421,0.6470808832286599,0.0006233286798886795,0.6,0.75,0.3952114074200317,0.0,1.0,0.9999999999999999,268.822998046875,523.1710205078125,2.0
213398.0,43.0,0.0,4.0,-2.5509151928860865,-3.566964375781732,1.0160491828956455,-3.4578504530621434,0.906935260176057,-3.573888504793004,1.0229733119069175,0.00692412901127204,0.6,1.0,0.45310827594985437,0.0,0.0,0.9999999999999998,278.4230041503906,532.77099609375,2.0
215894.0,44.0,0.0,4.0,-1.473829922172096,-2.860560812910029,1.386730890737933,-3.15503144202286,1.6812015198507637,-3.15503144202286,1.6812015198507637,0.29447062911283073,1.0,0.75,0.2968517995674786,0.5,0.0,0.9999999999999998,270.822998046875,535.5709838867188,2.0
217142.0,45.0,0.0,4.0,-2.4659894888335234,-2.8515398780084027,0.38555038917487927,-2.549024346209233,0.08303485737570959,-2.9886971334573453,0.5227076446238219,0.13715725544894264,0.4,1.0,0.4398454079046983,0.0,0.0,0.9999999999999999,267.02301025390625,536.9710083007812,2.0
225878.0,46.0,0.0,4.0,-2.0820990744646846,-2.8334609042173025,0.7513618297526179,-2.82286182171019,0.7407627472455056,-2.8542646239419773,0.7721655494772928,0.020803719724674874,0.8,0.75,0.3901555314463084,0.7071067811865476,0.7071067811865476,1.0000000000000002,276.62298583984375,546.5709838867188,2.0
235861.0,47.0,0.0,4.0,-2.8810385533308516,-3.288614122440412,0.4075755691095604,-3.245406204124157,0.3643676507933056,-3.288524952129657,0.40748639879880555,-8.917031075483806e-05,0.8,1.0,0.4882617795428322,0.0,0.0,1.0000000000000002,246.0229949951172,557.77099609375,2.0
244597.0,48.0,0.0,4.0,-3.495331095780746,-3.656297985130488,0.16096688934974202,-3.5744914835525843,0.07916038777183809,-3.660393207337049,0.16506211155630268,0.004095222206560667,0.6,0.75,0.5559191989479703,0.5,0.5,1.0,255.6230010986328,567.3709716796875,2.0
247093.0,49.0,0.0,4.0,-1.7951538926456148,-2.3709069252403236,0.5757530325947089,-2.2530070444463304,0.4578531518007156,-2.363381146225518,0.5682272535799031,-0.007525779014805778,0.6,0.75,0.3468760109335383,0.5,1.0,1.0,248.0229949951172,570.1710205078125,2.0
252084.0,50.0,0.0,4.0,-2.002851622017746,-2.2214285162592597,0.21857689424151383,-2.2825009291013583,0.27964930708361235,-2.306097258868169,0.30324563685042305,0.08466874260890922,1.2,0.75,0.3733699356854985,0.0,1.224744871391589,0.9999999999999998,268.822998046875,575.5709838867188,2.0
265812.0,51.0,0.0,4.0,-2.6342735128673307,-3.137843086586546,0.5035695737192154,-3.297386040226729,0.6631125273593983,-3.331132376487388,0.6968588636200574,0.19328928990084204,1.2,0.75,0.4700172076929462,0.5,0.0,0.9999999999999999,263.2229919433594,590.77099609375,2.0
269556.0,52.0,0.0,4.0,-1.244950294944778,-1.4243491659524055,0.17939887100762753,-1.7529341191798258,0.5079838242350478,-1.759407522498334,0.5144572275535562,0.33505835654592864,1.2,0.5,0.2611207080649876,0.7071067811865476,1.6583123951777,1.0000000000000004,251.822998046875,594.9710083007812,2.0
272051.0,53.0,0.0,4.0,-1.6019392304170268,-2.067433654062228,0.465494423645201,-1.9771916817679323,0.37525245135090546,-2.06694991813104,0.465010687714013,-0.00048373593118800073,0.6,0.5,0.3106774781620039,0.7071067811865476,1.7320508075688772,1.0,244.0229949951172,597.77099609375,2.0
273299.0,54.0,0.0,4.0,-1.5250110329222006,-1.836096009059824,0.3110849761376233,-1.5640738102467864,0.03906277732458574,-1.8494251442087433,0.32441411128654263,0.013329135148919313,0.6,1.0,0.31926694017924895,0.0,0.0,1.0,276.4230041503906,598.9710083007812,2.0
285779.0,55.0,0.0,4.0,-3.663775268845469,-4.15144963448922,0.487674365643751,-4.1293847278349345,0.4656094589894657,-4.170769495354206,0.5069942265087368,0.019319860864985827,0.8,1.0,0.5764991105747752,0.0,0.0,1.0,274.62298583984375,612.77099609375,2.0
290771.0,56.0,0.0,4.0,-6.0741288484290195,-6.457170270194784,0.38304142176576494,-6.467679325572869,0.39355047714384916,-6.48256298144198,0.4084341330129604,0.025392711247195443,0.8,1.0,0.7590199058932464,0.0,0.0,1.0,259.4230041503906,618.3709716796875,2.0
297010.0,57.0,0.0,4.0,-3.811569124334862,-4.213511060408728,0.4019419360738663,-4.037895147666507,0.2263260233316453,-4.21278316209052,0.40121403775565767,-0.0007278983182086307,0.6,1.0,0.5874067766212808,0.0,0.0,0.9999999999999998,276.4230041503906,625.1710205078125,2.0
298258.0,58.0,0.0,4.0,-5.211980146369949,-5.260509474941588,0.048529328571639496,-5.027829749355794,-0.1841503970141547,-5.3242129534030465,0.11223280703309779,0.0637034784614583,0.4,1.0,0.7089423818994182,0.0,0.0,0.9999999999999998,272.62298583984375,626.5709838867188,2.0
304498.0,59.0,0.0,4.0,-3.7325939991516384,-4.229997805687292,0.49740380653565364,-4.200556062551361,0.4679620633997228,-4.25765909024676,0.5250650910951213,0.027661284559467703,0.8,1.0,0.5876288158453101,0.0,0.0,1.0000000000000002,253.6230010986328,633.5709838867188,2.0
306994.0,60.0,0.0,4.0,-2.263520829425146,-2.9583252910918474,0.6948044616667013,-3.0727618267161683,0.8092409972910222,-3.0727618267161683,0.8092409972910222,0.11443653562432088,1.0,0.75,0.4190382022013323,0.0,0.5,0.9999999999999998,246.0229949951172,636.3709716796875,2.0
311986.0,61.0,0.0,4.0,-2.271754223022205,-2.6580436480102594,0.3862894249880542,-2.715923262721611,0.444169039699406,-2.715923262721611,0.444169039699406,0.057879614711351834,1.0,1.0,0.4167947318165541,0.0,0.0,1.0,267.02301025390625,641.77099609375,2.0
314482.0,62.0,0.0,4.0,-2.708703747307451,-3.087207038725444,0.3785032914179931,-3.037386981638025,0.3286832343305739,-3.091972739729281,0.3832689924218302,0.004765701003837108,0.6,1.0,0.4699686127592117,0.0,0.0,1.0000000000000002,259.4230041503906,644.5709838867188,2.0
320721.0,63.0,0.0,4.0,-1.68840168871697,-2.125165655193613,0.4367639664766432,-2.0549865269605463,0.36658483824357635,-2.1218231264816323,0.43342143776466235,-0.003342528711980819,0.6,0.75,0.3294992669433528,0.0,1.118033988749895,1.0000000000000002,276.4230041503906,651.3709716796875,2.0
328209.0,64.0,0.0,4.0,-2.7979364702098986,-4.212820365100936,1.4148838948910374,-4.437257508596126,1.6393210383862273,-4.437257508596126,1.6393210383862273,0.22443714349518995,1.0,0.75,0.48096726486454594,0.0,1.0,1.0,253.6230010986328,659.77099609375,2.0
330705.0,65.0,0.0,4.0,-1.0360688609701534,-1.5000143429963373,0.4639454820261839,-1.6566115597131863,0.6205426987430329,-1.708608169948206,0.6725393089780527,0.2085938269518688,1.2,0.5,0.22293787997553216,0.5,0.7071067811865476,1.0000000000000002,246.0229949951172,662.5709838867188,2.0
334449.0,66.0,0.0,4.0,-3.0030372434800503,-5.054627414229168,2.051590170749118,-6.085917656753496,3.082880413273446,-6.487406245503145,3.4843690020230946,1.4327788312739766,1.2,1.0,0.5069033145442516,0.0,0.0,0.9999999999999998,270.822998046875,666.5709838867188,2.0
339441.0,67.0,0.0,4.0,-3.16596501223039,-4.187575294674948,1.0216102824445583,-4.153817617830369,0.9878526055999792,-4.223669365956945,1.057704353726555,0.0360940712819966,0.8,0.75,0.5189456130278479,0.0,0.5,1.0,255.6230010986328,672.1710205078125,2.0
343184.0,68.0,0.0,4.0,-3.0307719931668116,-2.774566513319916,-0.25620547984689557,-2.0866185747715096,-0.944153418395302,-3.1307801630981307,0.10000816993131911,0.3562136497782147,0.2,1.0,0.5067886847096869,0.0,0.0,1.0,244.0229949951172,676.3709716796875,2.0
349424.0,69.0,0.0,4.0,-4.10869360094901,-5.156497695727253,1.0478040947782423,-5.367654812926567,1.2589612119775566,-5.423876160943697,1.3151825599946871,0.2673784652164448,1.2,1.0,0.6174317829361101,0.0,0.0,1.0000000000000002,261.2229919433594,683.1710205078125,2.0
350672.0,70.0,0.0,4.0,-5.684619210263106,-6.079376445350249,0.3947572350871429,-6.149622082152773,0.46500287188966727,-6.169669997594873,0.4850507873317671,0.09029355224462421,1.2,1.0,0.7365920889624872,0.0,0.0,1.0000000000000002,257.4230041503906,684.5709838867188,2.0
354416.0,71.0,0.0,4.0,-2.7405707399918255,-2.905295969960627,0.16472522996880157,-2.602191973358086,-0.1383787666337395,-2.9104215690990713,0.1698508291072458,0.005125599138444237,0.6,0.75,0.4769134225359013,0.0,1.3228756555322954,0.9999999999999997,246.0229949951172,688.77099609375,2.0
363151.0,72.0,0.0,4.0,-1.9489595353443399,-1.9107650432638952,-0.038194492080444675,-1.7025898464654718,-0.246369688878868,-1.9652352297431164,0.01627569439877652,0.054470186479221194,0.2,0.75,0.3696135758745697,1.0,0.5,0.9999999999999998,255.42300415039062,698.3709716796875,2.0
371887.0,73.0,0.0,4.0,-1.2519732905836831,-2.110000050696701,0.8580267601130178,-2.048770380928149,0.7967970903444657,-2.137716840345326,0.8857435497616428,0.027716789648625006,0.8,0.5,0.2563264327168085,0.5,0.8660254037844386,1.0,265.02301025390625,707.9710083007812,2.0
373135.0,74.0,0.0,4.0,-1.7056245794174205,-2.632158511796734,0.9265339323793134,-2.6263631192874044,0.9207385398699839,-2.6961488632854214,0.9905242838680008,0.06399035148868748,0.8,0.75,0.33617071490672035,0.5,1.5,1.0,261.2229919433594,709.3709716796875,2.0
375631.0,75.0,0.0,4.0,-2.2981237454153307,-4.391923632916714,2.0937998875013832,-5.338192911148737,3.0400691657334065,-5.639847433602742,3.341723688187411,1.2479238006860278,1.2,1.0,0.4158259202096378,0.0,0.0,1.0,253.6230010986328,712.1710205078125,2.0
379375.0,76.0,0.0,4.0,-2.4813800149035545,-3.3368079668448103,0.8554279519412558,-3.6067091127584665,1.125329097854912,-3.6487567170436863,1.1673767021401318,0.311948750198876,1.2,1.0,0.4396511483722514,0.0,0.0,0.9999999999999999,278.4230041503906,716.1710205078125,2.0
386862.0,77.0,0.0,4.0,-4.082608046501936,-3.982953186388627,-0.09965486011330915,-3.866923769477987,-0.2156842770239491,-4.092142144713392,0.009534098211456232,0.10918895832476538,0.2,1.0,0.615299784821573,0.0,0.0,1.0,255.42300415039062,724.5709838867188,2.0
391854.0,78.0,0.0,4.0,-2.533758577727446,-3.0443566976425327,0.5105981199150866,-3.1131709797186753,0.5794124019912292,-3.1131709797186753,0.5794124019912292,0.0688142820761426,1.0,1.0,0.4538771396096782,0.0,0.0,0.9999999999999999,276.4230041503906,729.9710083007812,2.0
400590.0,79.0,0.0,4.0,-1.2249144687293205,-2.14818181058884,0.9232673418595196,-2.135773219102813,0.9108587503734926,-2.1880254405774573,0.9631109718481368,0.039843629988617124,0.8,0.75,0.25214416719307786,1.0,0.5,1.0,249.822998046875,739.77099609375,2.0
404334.0,80.0,0.0,4.0,-1.4445865933453839,-3.8694353068638025,2.4248487135184185,-4.913441705184776,3.4688551118393924,-4.923380708460707,3.478794115115323,1.0539454015969043,1.2,0.75,0.28895203035647077,0.5,0.7071067811865476,1.0,274.62298583984375,743.77099609375,2.0
408077.0,81.0,0.0,4.0,-1.169552507596217,-1.9184622831504974,0.7489097755542804,-1.9564754796618957,0.7869229720656787,-1.976134778787367,0.8065822711911501,0.057672495636869714,0.8,0.75,0.24258347868839447,0.5,0.5,1.0,263.02301025390625,747.9710083007812,2.0
410573.0,82.0,0.0,4.0,-1.567525779214923,-2.724634447279222,1.157108668064299,-3.216053898328309,1.648528119113386,-3.412374047457477,1.8448482682425538,0.6877396001782548,1.2,0.75,0.31377745075141883,0.0,0.5,0.9999999999999998,255.42300415039062,750.77099609375,2.0
418061.0,83.0,0.0,4.0,-2.1696211802355085,-2.4231821519886507,0.2535609717531422,-2.3495425069670253,0.17992132673151673,-2.4212108766719282,0.2515896964364197,-0.001971275316722476,0.6,1.0,0.4044604001167491,0.0,0.0,1.0,268.822998046875,758.9710083007812,2.0
426797.0,84.0,0.0,4.0,-1.7289699581695759,-1.9679445491616987,0.23897459099212282,-1.9252556353548778,0.19628567718530188,-1.9672854277030143,0.2383154695334384,-0.0006591214586844085,0.8,1.0,0.33088675851135013,0.0,0.0,1.0000000000000004,278.4230041503906,768.5709838867188,2.0
428045.0,85.0,0.0,4.0,-1.4273318923796303,-1.895169419465081,0.4678375270854507,-1.8968362095265445,0.4695043171469142,-1.9171695053204876,0.48983761294085726,0.02200008585540658,0.8,0.75,0.29299282062779475,1.0,1.0,1.0,274.62298583984375,769.9710083007812,2.0
433036.0,86.0,0.0,4.0,-2.2103766196377452,-2.6299781355196843,0.41960151588193906,-2.647816295082388,0.4374396754446428,-2.65835435331009,0.44797773367234495,0.02837621779040589,0.8,1.0,0.4035098744908616,0.0,0.0,1.0,259.2229919433594,775.5709838867188,2.0
434284.0,87.0,0.0,4.0,-1.4036847643233625,-2.621564075054149,1.2178793107307864,-2.5083962251510488,1.1047114608276862,-2.6599978275801686,1.256313063256806,0.03843375252601966,0.8,0.5,0.2833052780641806,1.0,1.3228756555322954,1.0,255.42300415039062,776.9710083007812,2.0
436780.0,88.0,0.0,4.0,-1.2782104898786568,-1.7279685413352883,0.4497580514566315,-1.7808142449670457,0.5026037550883888,-1.7808142449670457,0.5026037550883888,0.052845703631757335,1.0,0.5,0.26574711868248224,1.4142135623730951,1.5,0.9999999999999998,247.822998046875,779.77099609375,2.0
445516.0,89.0,0.0,4.0,-1.2696633071056125,-2.3774964743585087,1.1078331672528963,-2.691232869357556,1.4215695622519435,-2.691232869357556,1.4215695622519435,0.31373639499904726,1.0,0.75,0.2664539642996272,0.7071067811865476,1.118033988749895,0.9999999999999998,257.4230041503906,789.3709716796875,2.0
460491.0,90.0,0.0,4.0,-1.184146384329007,-1.284696373497097,0.1005499891680901,-1.2218674435004,0.03772105917139301,-1.2854808060089775,0.10133442167997053,0.0007844325118804285,0.6,0.75,0.2443753110361754,0.0,0.7071067811865476,1.0,247.822998046875,805.9710083007812,2.0
461739.0,91.0,0.0,4.0,-1.06731588650613,-1.4022154348474238,0.33489954834129376,-1.4344971597384477,0.36718127323231764,-1.4344971597384477,0.36718127323231764,0.03228172489102388,1.0,0.5,0.22371089805954977,1.8027756377319946,1.224744871391589,0.9999999999999997,244.0229949951172,807.3709716796875,2.0
470475.0,92.0,0.0,4.0,-2.2412000508580516,-2.9180088287311263,0.6768087778730747,-2.9998633487652633,0.7586632979072117,-2.9998633487652633,0.7586632979072117,0.08185452003413696,1.0,1.0,0.4100279664268971,0.0,0.0,1.0000000000000002,253.6230010986328,816.9710083007812,2.0
472971.0,93.0,0.0,4.0,-1.0219458997601985,-1.8304805584742045,0.8085346587140061,-1.8450908832030144,0.823144983442816,-1.8838833403998088,0.8619374406396103,0.053402781925604215,0.8,0.75,0.233265534736959,1.0,1.0,1.0,246.0229949951172,819.77099609375,2.0
474219.0,94.0,0.0,4.0,-1.1870214248257343,-2.1571666657070434,0.9701452408813092,-2.2434111651735256,1.0563897403477913,-2.25100476582519,1.0639833409994557,0.09383810011814653,0.8,0.75,0.2457206632033862,0.0,0.7071067811865476,1.0000000000000002,278.4230041503906,820.9710083007812,2.0
475466.0,95.0,0.0,4.0,-0.923648139882335,-0.9947908763368438,0.07114273645450886,-1.0088253703824543,0.08517723050011938,-1.0089689704391613,0.08532083055682638,0.014178094102317518,1.2,0.5,0.20497468414345008,0.7071067811865476,1.4142135623730951,0.9999999999999999,274.4230041503906,822.3709716796875,2.0
476714.0,96.0,0.0,4.0,-0.8259121100502693,-1.123433343160303,0.29752123311003364,-1.1263783461428027,0.3004662360925334,-1.1373719555978614,0.3114598455475921,0.01393861243755845,0.8,0.5,0.18386472499163695,1.5811388300841898,1.7320508075688772,1.0000000000000002,270.62298583984375,823.77099609375,2.0
489194.0,97.0,0.0,4.0,-1.6971124658816836,-2.5218472475351676,0.824734781653484,-2.6810024638015846,0.983889997919901,-2.6810024638015846,0.983889997919901,0.15915521626641693,1.0,0.75,0.32881544011836555,0.5,1.5,0.9999999999999999,268.822998046875,837.5709838867188,2.0
490442.0,98.0,0.0,4.0,-1.705834760312975,-3.173391052675043,1.467556292362068,-3.1692625317381617,1.4634277714251867,-3.2180451550997553,1.5122103947867802,0.04465410242471224,0.8,0.75,0.3327917504403825,0.0,1.0,1.0000000000000002,265.02301025390625,838.9710083007812,2.0
497930.0,99.0,0.0,4.0,-2.851298719169944,-3.3451212483338133,0.4938225291638694,-3.245764863280958,0.3944661441110142,-3.3436693304679284,0.49237061129798443,-0.001451917865884944,0.6,1.0,0.48735701270418774,0.0,0.0,0.9999999999999999,278.4230041503906,847.1710205078125,2.0
2495.0,0.0,0.0,8.0,-2.443384376264527,-4.2866387323068045,1.8432543560422774,-4.265136636450196,1.8217522601856686,-4.310315825987246,1.8669314497227187,0.023677093680441352,0.8,0.75,0.4529460359531079,0.7905694150420949,0.5,1.0000000000000002,270.822998046875,299.77099609375,2.0
9983.0,1.0,0.0,8.0,-3.0684403891044827,-3.6480844397952583,0.5796440506907756,-3.514039940976631,0.4455995518721485,-3.6480988797939684,0.5796584906894857,1.4439998710091828e-05,0.6,0.875,0.5259940986369762,0.7071067811865476,0.7071067811865476,1.0,248.0229949951172,308.1709899902344,2.0
12479.0,2.0,0.0,8.0,-3.859793797935141,-4.095884200185202,0.23609040225006073,-4.022900254012965,0.16310645607782437,-4.092969960940988,0.23317616300584731,-0.0029142392442134124,0.6,0.875,0.6049172380633259,1.0606601717798212,0.3535533905932738,1.0,276.62298583984375,310.77099609375,2.0
24958.0,3.0,0.0,8.0,-2.9167642977883306,-3.5003252646574556,0.5835609668691251,-3.3153251525850487,0.3985608547967181,-3.5035016640340984,0.5867373662457678,0.0031763993766427134,0.6,0.875,0.5016239188488747,1.0606601717798212,0.5,1.0000000000000004,274.62298583984375,324.5710144042969,2.0
27454.0,4.0,0.0,8.0,-4.425314963676342,-7.054482412445542,2.6291674487692003,-8.194439355575412,3.7691243918990702,-8.474588439101622,4.04927347542528,1.4201060266560797,1.2,0.75,0.6708295335785415,1.8371173070873836,0.6123724356957945,1.0,267.02301025390625,327.3710021972656,2.0
33694.0,5.0,0.0,8.0,-3.7092225476006435,-5.837247196227816,2.1280246486271723,-6.3101506350355185,2.600928087434875,-6.5607691994061845,2.851546651805541,0.7235220031783687,1.2,0.875,0.5888686396823352,0.3535533905932738,0.5,1.0000000000000004,248.0229949951172,334.3710021972656,2.0
34942.0,6.0,0.0,8.0,-2.218366900659144,-3.909788968480031,1.6914220678208869,-4.121380754183504,1.9030138535243601,-4.121380754183504,1.9030138535243601,0.21159178570347326,1.0,0.75,0.41782089524327787,0.8660254037844386,0.3535533905932738,1.0,244.22300720214844,335.77099609375,2.0
37438.0,7.0,0.0,8.0,-2.683904547334013,-5.69774117554883,3.0138366282148175,-5.457205773914826,2.773301226580813,-5.894524094183071,3.210619546849058,0.19678291863424047,0.8,0.875,0.4726464677600304,0.7071067811865476,0.7071067811865476,1.0,272.822998046875,338.3710021972656,2.0
39934.0,8.0,0.0,8.0,-2.5209152484694197,-4.671788427560912,2.1508731790914926,-4.643376811178887,2.122461562709467,-4.746946858577225,2.226031610107805,0.07515843101631248,0.8,1.0,0.4502790578263238,0.0,0.0,0.9999999999999996,265.2229919433594,341.1709899902344,2.0
41182.0,9.0,0.0,8.0,-3.7282259809237424,-7.296688549646268,3.5684625687225253,-7.440882334132936,3.7126563532091934,-7.440882334132936,3.7126563532091934,0.1441937844866681,1.0,0.875,0.590172951202114,0.0,0.3535533905932738,1.0,261.4230041503906,342.5710144042969,2.0
47421.0,10.0,0.0,8.0,-5.047383703455183,-6.428443632157403,1.3810599287022205,-6.4106728366389305,1.3632891331837476,-6.490995923541789,1.4436122200866057,0.06255229138438523,0.8,0.875,0.7008411053373338,0.3535533905932738,0.3535533905932738,1.0,278.4230041503906,349.3710021972656,2.0
48669.0,11.0,0.0,8.0,-3.8213686511950313,-5.033212244489276,1.2118435932942444,-5.028039409523606,1.2066707583285745,-5.093514478595516,1.2721458274004847,0.06030223410624025,0.8,0.75,0.6049670313055925,1.0606601717798212,0.9354143466934853,0.9999999999999998,274.62298583984375,350.77099609375,2.0
52413.0,12.0,0.0,8.0,-6.87862694894119,-8.029088193249207,1.1504612443080164,-7.366184649803703,0.4875577008625127,-8.041220457931724,1.1625935089905335,0.012132264682517047,0.6,0.875,0.8083956305322495,0.3535533905932738,1.0606601717798212,0.9999999999999998,263.2229919433594,354.97100830078125,2.0
57405.0,13.0,0.0,8.0,-4.206483511867644,-4.49263729449815,0.28615378263050584,-4.503594809631133,0.29711129776348955,-4.506850491681656,0.3003669798140125,0.014213197183506665,0.8,0.875,0.6368936195409145,0.7071067811865476,1.0606601717798212,1.0000000000000002,248.0229949951172,360.5710144042969,2.0
69884.0,14.0,0.0,8.0,-3.44266291041158,-4.462474506906327,1.0198115964947472,-4.337368570190591,0.8947056597790115,-4.505854871606464,1.063191961194884,0.04338036470013673,1.2,0.75,0.5580923081037634,0.0,0.5,1.0000000000000002,246.0229949951172,374.3710021972656,2.0
71132.0,15.0,0.0,8.0,-2.54908258154771,-4.919947914017491,2.370865332469781,-5.254254147784932,2.7051715662372224,-5.254254147784932,2.7051715662372224,0.3343062337674416,1.0,0.75,0.46453497468425337,0.3535533905932738,0.3535533905932738,1.0,278.4230041503906,375.5710144042969,2.0
74876.0,16.0,0.0,8.0,-2.713853780180801,-5.156846538187909,2.442992758007108,-5.34981986414825,2.635966083967449,-5.382671225823427,2.6688174456426257,0.22582468763551766,0.8,0.875,0.47070013303940084,0.3535533905932738,0.8660254037844386,1.0,267.02301025390625,379.77099609375,2.0
79868.0,17.0,0.0,8.0,-3.132745814416506,-5.528413562319514,2.395667747903008,-4.91288361500292,1.7801378005864135,-5.598774155815911,2.466028341399405,0.0703605934963969,0.6,0.75,0.5365179167684424,0.0,0.7905694150420949,1.0000000000000002,251.822998046875,385.3710021972656,2.0
84860.0,18.0,0.0,8.0,-2.7608522823391506,-6.9778302614014285,4.216977979062278,-9.005271227780273,6.244418945441122,-9.005271227780273,6.244418945441122,2.027440966378845,1.0,0.75,0.4829402206513159,0.5,0.7071067811865476,1.0,272.822998046875,390.77099609375,2.0
91099.0,19.0,0.0,8.0,-3.6295672370487857,-4.724324313408799,1.094757076360013,-4.8863767196741605,1.2568094826253748,-4.8863767196741605,1.2568094826253748,0.16205240626536188,1.0,0.75,0.5878403207244801,0.6123724356957945,0.6123724356957945,1.0,253.6230010986328,397.77099609375,2.0
96091.0,20.0,0.0,8.0,-2.8875066981541897,-4.5876647354057365,1.7001580372515468,-5.0626074884215,2.1751007902673107,-5.16196166820121,2.27445497004702,0.5742969327954732,1.2,0.625,0.4973917497080023,0.3535533905932738,0.8660254037844386,0.9999999999999998,274.62298583984375,403.1709899902344,2.0
101083.0,21.0,0.0,8.0,-4.870222974896403,-6.684552879469903,1.8143299045735004,-6.601157763063625,1.7309347881672226,-6.749647167761892,1.8794241928654891,0.06509428829198871,0.8,0.875,0.6917491989041119,0.3535533905932738,0.0,1.0,259.4230041503906,408.77099609375,2.0
103579.0,22.0,0.0,8.0,-5.154907765683805,-6.034512186681163,0.8796044209973584,-6.225594632568992,1.070686866885187,-6.309645963798119,1.1547381981143143,0.27513377711695597,1.2,0.75,0.710390532284923,0.6123724356957945,0.6123724356957945,1.0,251.822998046875,411.5710144042969,2.0
107323.0,23.0,0.0,8.0,-4.843885034635308,-6.033518608924245,1.189633574288937,-6.143981307597059,1.300096272961751,-6.148258961959318,1.3043739273240096,0.11474035303507257,0.8,1.0,0.685446187861827,0.0,0.0,0.9999999999999998,276.62298583984375,415.5710144042969,2.0
131034.0,24.0,0.0,8.0,-3.4800606292052674,-4.985313725323435,1.5052530961181674,-4.5755943794606075,1.0955337502553402,-5.015040851427674,1.5349802222224067,0.029727126104239332,0.6,0.75,0.5665710791358468,0.0,0.6123724356957945,0.9999999999999998,276.62298583984375,441.77099609375,2.0
132282.0,25.0,0.0,8.0,-3.405340055333151,-4.955591231590179,1.550251176257028,-5.063257966363216,1.657917911030065,-5.063257966363216,1.657917911030065,0.10766673477303712,1.0,0.875,0.5657611805408255,0.7071067811865476,0.7071067811865476,1.0000000000000002,272.822998046875,443.1709899902344,2.0
133530.0,26.0,0.0,8.0,-4.554288628958943,-5.979826153816039,1.4255375248570958,-5.851822527920685,1.297533898961742,-5.997928345827152,1.4436397168682085,0.018102192011112628,0.6,1.0,0.6604192487656334,0.0,0.0,1.0,269.02301025390625,444.5710144042969,2.0
137273.0,27.0,0.0,8.0,-3.5197749058724863,-4.232472614882247,0.7126977090097606,-4.268113721571758,0.7483388156992721,-4.360632844860916,0.8408579389884299,0.12816022997866927,0.4,0.875,0.5659294541283003,0.0,0.7905694150420949,0.9999999999999999,257.4230041503906,448.77099609375,2.0
141017.0,28.0,0.0,8.0,-4.462744669233594,-5.042297079225855,0.5795524099922611,-5.258626810326316,0.7958821410927222,-5.426309086042228,0.9635644168086346,0.3840120068163735,1.2,0.875,0.6605811031687431,0.3535533905932738,0.0,1.0000000000000002,246.0229949951172,452.97100830078125,2.0
142265.0,29.0,0.0,8.0,-4.959973499179231,-4.027949379704066,-0.9320241194751651,-3.557112188717975,-1.402861310461256,-4.959973499179239,7.993605777301127e-15,0.932024119475173,0.0,0.875,0.6945474443129389,0.3535533905932738,0.6123724356957945,1.0,278.4230041503906,454.1709899902344,2.0
144761.0,30.0,0.0,8.0,-2.9114593583490596,-3.3406955006616714,0.42923614231261187,-3.119102270085455,0.2076429117363956,-3.349897135137381,0.43843777678832163,0.009201634475709763,0.6,0.875,0.5086311416050489,0.0,0.3535533905932738,0.9999999999999999,270.822998046875,456.97100830078125,2.0
151001.0,31.0,0.0,8.0,-5.00022774296794,-5.724094128271954,0.7238663853040137,-5.5695055661022455,0.5692778231343052,-5.7185171911276935,0.7182894481597533,-0.005576937144260441,0.8,0.75,0.700863294019664,0.7905694150420949,1.0606601717798212,1.0000000000000004,251.822998046875,463.97100830078125,2.0
164728.0,32.0,0.0,8.0,-2.535772259850215,-3.4846200620317807,0.9488478021815658,-3.8034420389737553,1.2676697791235405,-3.8034420389737553,1.2676697791235405,0.31882197694197467,1.0,0.75,0.45093181912164704,0.3535533905932738,0.6123724356957945,1.0,246.0229949951172,479.1709899902344,2.0
167224.0,33.0,0.0,8.0,-2.674299461544485,-4.447644328298054,1.7733448667535692,-5.106832667423369,2.432533205878884,-5.106832667423369,2.432533205878884,0.6591883391253148,1.0,0.75,0.48458620482721526,0.7071067811865476,0.9354143466934853,1.0,274.62298583984375,481.77099609375,2.0
169720.0,34.0,0.0,8.0,-4.177331038122821,-5.345232453053458,1.167901414930637,-5.347699745579271,1.1703687074564497,-5.378798438593572,1.2014674004707508,0.03356598554011381,0.8,0.875,0.6267416118296325,0.7905694150420949,0.3535533905932738,1.0,267.02301025390625,484.5710144042969,2.0
174712.0,35.0,0.0,8.0,-2.71805908366537,-4.674203944235805,1.9561448605704355,-5.176712056729959,2.4586529730645887,-5.176712056729959,2.4586529730645887,0.5025081124941533,1.0,0.75,0.49008755359226475,0.7905694150420949,0.8660254037844386,1.0,251.822998046875,490.1709899902344,2.0
182199.0,36.0,0.0,8.0,-3.6380279357472607,-5.292087873163781,1.6540599374165201,-5.5669615567309325,1.9289336209836718,-5.5771959654792225,1.9391680297319618,0.28510809231544165,1.2,0.875,0.5851632478383052,0.3535533905932738,0.3535533905932738,0.9999999999999999,265.02301025390625,498.3710021972656,2.0
184695.0,37.0,0.0,8.0,-4.6104102213454645,-6.102486290365524,1.4920760690200598,-6.59717754873674,1.9867673273912754,-6.693138987940957,2.0827287665954923,0.5906526975754325,1.2,0.875,0.6685225236840793,0.7071067811865476,0.5,0.9999999999999998,257.4230041503906,501.1709899902344,2.0
193431.0,38.0,0.0,8.0,-4.345048591474931,-4.569340794803148,0.22429220332821753,-4.354723515199128,0.009674923724197093,-4.60671174649531,0.2616631550203792,0.03737095169216165,0.4,0.75,0.6506245354503399,0.5,0.7071067811865476,1.0,267.02301025390625,510.77099609375,2.0
194679.0,39.0,0.0,8.0,-4.75557373694434,-4.527818945841236,-0.22775479110310393,-4.199936218589571,-0.5556375183547697,-4.757908686202022,0.002334949257681629,0.23008974036078556,0.2,0.75,0.6933952623328793,0.7905694150420949,0.5,1.0,263.2229919433594,512.1710205078125,2.0
198423.0,40.0,0.0,8.0,-5.4672915275780545,-5.4562990215375535,-0.010992506040500949,-5.373955218259115,-0.09333630931893921,-5.522468850245352,0.0551773226672978,0.06616982870779875,0.2,0.875,0.7320800746684432,0.7905694150420949,0.3535533905932738,0.9999999999999998,251.822998046875,516.3709716796875,2.0
199671.0,41.0,0.0,8.0,-4.522626998289029,-4.533043260002223,0.010416261713193542,-4.108534532087948,-0.4140924662010814,-4.677798076680889,0.15517107839186028,0.14475481667866674,0.4,1.0,0.6608081891016638,0.0,0.0,1.0,248.0229949951172,517.77099609375,2.0
204662.0,42.0,0.0,8.0,-3.9390859571023586,-4.2661250098022645,0.32703905269990585,-3.8182067636957546,-0.12087919340660402,-4.367741953469334,0.4286559963669756,0.10161694366706975,0.4,0.875,0.6121249357612477,0.0,0.7071067811865476,0.9999999999999999,268.822998046875,523.1710205078125,2.0
213398.0,43.0,0.0,8.0,-4.500845557022785,-5.007821509159715,0.5069759521369299,-4.676845393712389,0.17599983668960384,-5.17566815330192,0.6748225962791352,0.1678466441422053,0.4,0.875,0.6585966111496757,0.3535533905932738,0.3535533905932738,0.9999999999999998,278.4230041503906,532.77099609375,2.0
215894.0,44.0,0.0,8.0,-3.1963025665998317,-4.42060056491685,1.224297998317018,-4.136071067814542,0.9397685012147101,-4.447520321838299,1.2512177552384673,0.026919756921449434,0.6,0.875,0.5343935761921925,0.5,0.5,0.9999999999999998,270.822998046875,535.5709838867188,2.0
217142.0,45.0,0.0,8.0,-3.7948236965194875,-6.704180073401381,2.9093563768818935,-6.616815453373235,2.8219917568537474,-6.741553086118939,2.9467293895994517,0.03737301271755822,0.8,0.875,0.5975132934421764,0.5,0.3535533905932738,0.9999999999999999,267.02301025390625,536.9710083007812,2.0
225878.0,46.0,0.0,8.0,-4.182423720455573,-5.000218189599127,0.8177944691435535,-4.787902191372978,0.6054784709174044,-5.01219854237341,0.8297748219178365,0.011980352774282998,0.6,0.875,0.6331594954107207,0.3535533905932738,0.3535533905932738,1.0000000000000002,276.62298583984375,546.5709838867188,2.0
235861.0,47.0,0.0,8.0,-5.450089022928896,-6.675716053380056,1.22562703045116,-6.8700425210253755,1.4199534980964792,-6.8700425210253755,1.4199534980964792,0.19432646764531913,1.0,0.875,0.7279167484275645,0.3535533905932738,0.6123724356957945,1.0000000000000002,246.0229949951172,557.77099609375,2.0
244597.0,48.0,0.0,8.0,-7.892555826847866,-8.58993477338103,0.6973789465331635,-8.397037831833154,0.5044820049852881,-8.59319088980429,0.7006350629564242,0.0032561164232607354,0.6,1.0,0.8490330165919902,0.0,0.0,1.0,255.6230010986328,567.3709716796875,2.0
247093.0,49.0,0.0,8.0,-3.2742105843467826,-4.256413690912491,0.9822031065657084,-4.17236668985184,0.8981561055050573,-4.263280830701725,0.9890702463549426,0.006867139789234145,0.8,0.875,0.5504641310147074,0.3535533905932738,0.3535533905932738,1.0,248.0229949951172,570.1710205078125,2.0
252084.0,50.0,0.0,8.0,-3.216855000989937,-3.9955704604688784,0.7787154594789416,-4.046035371881033,0.8291803708910965,-4.070439005069597,0.8535840040796598,0.07486854460071823,0.8,0.875,0.5309859446648284,0.3535533905932738,0.5,0.9999999999999998,268.822998046875,575.5709838867188,2.0
265812.0,51.0,0.0,8.0,-4.259088709199521,-5.736199832709349,1.477111123509828,-6.226735767861438,1.9676470586619175,-6.226735767861438,1.9676470586619175,0.4905359351520895,1.0,0.75,0.6492868189838831,0.5,0.7071067811865476,0.9999999999999999,263.2229919433594,590.77099609375,2.0
269556.0,52.0,0.0,8.0,-2.5332134828329647,-3.6863126537646935,1.1530991709317289,-4.043904747555364,1.5106912647223991,-4.158265598448469,1.625052115615504,0.47195294468377513,1.2,0.875,0.46322359739189745,0.3535533905932738,0.5,1.0000000000000004,251.822998046875,594.9710083007812,2.0
272051.0,53.0,0.0,8.0,-3.62349337647212,-5.777113108988329,2.1536197325162094,-5.400554685982964,1.7770613095108443,-5.74792671160948,2.1244333351373603,-0.029186397378849094,0.8,0.875,0.5736056290483166,0.3535533905932738,0.3535533905932738,1.0,244.0229949951172,597.77099609375,2.0
273299.0,54.0,0.0,8.0,-2.8977239943894393,-3.389297008150698,0.4915730137612586,-2.982941106002335,0.08521711161289591,-3.5701492791074934,0.6724252847180541,0.18085227095679546,0.4,0.875,0.518048138921289,0.0,0.5,1.0,276.4230041503906,598.9710083007812,2.0
285779.0,55.0,0.0,8.0,-5.255870312508422,-5.32662120662456,0.07075089411613877,-5.2183872681069765,-0.03748304440144512,-5.3423882487007965,0.08651793619237491,0.015767042076236137,0.4,0.75,0.7205908404487442,0.5,0.3535533905932738,1.0,274.62298583984375,612.77099609375,2.0
290771.0,56.0,0.0,8.0,-8.338951833372596,-8.000135041732342,-0.33881679164025336,-7.877988307863227,-0.4609635255093689,-8.338951833372608,1.2434497875801753e-14,0.3388167916402658,0.0,0.875,0.8840672531021401,1.7677669529663689,0.3535533905932738,1.0,259.4230041503906,618.3709716796875,2.0
297010.0,57.0,0.0,8.0,-5.218229695360721,-5.660304855441102,0.44207516008038095,-5.400158725291563,0.18192902993084203,-5.667876310421805,0.4496466150610843,0.007571454980703329,0.6,0.875,0.7093434319664661,0.5,0.0,0.9999999999999998,276.4230041503906,625.1710205078125,2.0
298258.0,58.0,0.0,8.0,-7.905166687826963,-7.652541042424613,-0.25262564540234944,-6.9577353688328465,-0.9474313189941164,-7.9789002804944875,0.07373359266752466,0.3263592380698741,0.2,0.875,0.8604000692957472,0.6123724356957945,0.3535533905932738,0.9999999999999998,272.62298583984375,626.5709838867188,2.0
304498.0,59.0,0.0,8.0,-5.603037652981268,-5.676851868338937,0.07381421535766908,-5.431305251808521,-0.17173240117274702,-5.790446336979739,0.18740868399847166,0.11359446864080258,0.4,0.875,0.7430673726659117,0.3535533905932738,0.5,1.0000000000000002,253.6230010986328,633.5709838867188,2.0
306994.0,60.0,0.0,8.0,-3.6968989115649413,-6.46983279119968,2.772933879634739,-6.279642821700645,2.582743910135704,-6.632380547722372,2.9354816361574305,0.1625477565226916,0.8,0.875,0.5896940412127576,0.3535533905932738,0.5,0.9999999999999998,246.0229949951172,636.3709716796875,2.0
311986.0,61.0,0.0,8.0,-4.005701696372746,-5.471138771269267,1.4654370748965206,-5.582441740998627,1.5767400446258808,-5.608561008432265,1.6028593120595183,0.13742223716299762,0.8,1.0,0.6152452490838383,0.0,0.0,1.0,267.02301025390625,641.77099609375,2.0
314482.0,62.0,0.0,8.0,-4.527019426533812,-6.74854766177722,2.221528235243408,-6.869819666107059,2.342800239573247,-6.9152760731401175,2.3882566466063055,0.1667284113628975,0.8,0.875,0.6591378205122771,0.5,0.5,1.0000000000000002,259.4230041503906,644.5709838867188,2.0
320721.0,63.0,0.0,8.0,-3.935417064448901,-3.9533459200728043,0.017928855623903228,-3.2260828694520765,-0.7093341949968246,-4.458387445437897,0.5229703809889963,0.5050415253650931,0.4,0.875,0.607463582587184,0.3535533905932738,0.5,1.0000000000000002,276.4230041503906,651.3709716796875,2.0
328209.0,64.0,0.0,8.0,-3.9864129690891366,-5.262506245314672,1.2760932762255353,-5.495879700025698,1.5094667309365617,-5.495879700025698,1.5094667309365617,0.23337345471102644,1.0,0.625,0.6187431822000922,0.0,1.0606601717798212,1.0,253.6230010986328,659.77099609375,2.0
330705.0,65.0,0.0,8.0,-2.301228001487918,-3.8154014806819623,1.5141734791940444,-3.70470806528726,1.4034800637993423,-3.8344025667173094,1.5331745652293916,0.019001086035347114,0.8,0.625,0.43274152426877466,0.3535533905932738,0.7071067811865476,1.0000000000000002,246.0229949951172,662.5709838867188,2.0
334449.0,66.0,0.0,8.0,-4.404981792101018,-7.224229557670414,2.819247765569396,-8.144118545030855,3.739136752929837,-8.449542281170746,4.044560489069728,1.2253127235003323,1.2,0.75,0.6525854843377323,0.5,0.7905694150420949,0.9999999999999998,270.822998046875,666.5709838867188,2.0
339441.0,67.0,0.0,8.0,-5.360530292313962,-5.719305395887703,0.3587751035737412,-5.386952457013817,0.02642216469985481,-5.775134921907955,0.4146046295939927,0.055829526020251485,0.4,0.875,0.7191913217240202,0.5,0.7071067811865476,1.0,255.6230010986328,672.1710205078125,2.0
343184.0,68.0,0.0,8.0,-4.691643818257551,-5.902341742833293,1.2106979245757428,-4.7278993681124,0.036255549854849356,-5.989859082368714,1.298215264111163,0.08751733953542029,0.6,1.0,0.680331968923435,0.0,0.0,1.0,244.0229949951172,676.3709716796875,2.0
349424.0,69.0,0.0,8.0,-5.800523149708501,-5.918859570545546,0.11833642083704543,-5.938279236367874,0.13775608665937344,-5.942053704759951,0.1415305550514505,0.023194134214405082,1.2,0.75,0.749196253981628,0.3535533905932738,1.0,1.0000000000000002,261.2229919433594,683.1710205078125,2.0
350672.0,70.0,0.0,8.0,-8.360829558328827,-7.861812359212717,-0.49901719911611053,-7.847125751371471,-0.5137038069573565,-8.36082955832888,5.3290705182007514e-14,0.4990171991161638,0.0,0.875,0.878734053772666,0.7071067811865476,0.7071067811865476,1.0000000000000002,257.4230041503906,684.5709838867188,2.0
354416.0,71.0,0.0,8.0,-8.1178728360047,-7.917191419721625,-0.200681416283075,-5.705883553553411,-2.411989282451289,-8.347903590896466,0.23003075489176616,0.4307121711748412,0.4,1.0,0.8580107500627788,0.0,0.0,0.9999999999999997,246.0229949951172,688.77099609375,2.0
363151.0,72.0,0.0,8.0,-4.094304509806877,-5.581786096986327,1.4874815871794498,-5.255236045854607,1.1609315360477304,-5.575266600151015,1.4809620903441383,-0.0065194968353115,0.8,1.0,0.6213092247854013,0.0,0.0,0.9999999999999998,255.42300415039062,698.3709716796875,2.0
371887.0,73.0,0.0,8.0,-2.7652349394317284,-4.4552672979972865,1.6900323585655581,-4.663333831966514,1.8980988925347857,-4.668732806954085,1.9034978675223568,0.21346550895679872,0.8,1.0,0.47976413778190397,0.0,0.0,1.0,265.02301025390625,707.9710083007812,2.0
373135.0,74.0,0.0,8.0,-2.9754314001681212,-4.913374506825044,1.937943106656923,-4.964242062590878,1.9888106624227566,-5.047628572571535,2.0721971724034134,0.13425406574649035,0.8,0.75,0.5208781120406183,0.3535533905932738,0.7905694150420949,1.0,261.2229919433594,709.3709716796875,2.0
375631.0,75.0,0.0,8.0,-5.06354875579671,-7.323518119370594,2.2599693635738847,-8.17872875616663,3.1151800003699197,-8.304343748984321,3.2407949931876114,0.9808256296137268,1.2,1.0,0.6969072267072055,0.0,0.0,1.0,253.6230010986328,712.1710205078125,2.0
379375.0,76.0,0.0,8.0,-3.8946431121296667,-5.525085741985752,1.630442629856085,-5.387609366665024,1.4929662545353573,-5.639562799553434,1.7449196874237671,0.11447705756768212,0.8,0.875,0.6072235229553258,1.0606601717798212,0.7071067811865476,0.9999999999999999,278.4230041503906,716.1710205078125,2.0
386862.0,77.0,0.0,8.0,-7.7826813724174295,-7.782681372417427,-2.6645352591003757e-15,-7.782681372417427,-2.6645352591003757e-15,-7.78268137241743,8.881784197001252e-16,3.552713678800501e-15,0.6,1.0,0.8458165942682923,0.0,0.0,1.0,255.42300415039062,724.5709838867188,2.0
391854.0,78.0,0.0,8.0,-4.7649373305421,-5.9073717383070505,1.1424344077649504,-5.756022063319179,0.9910847327770789,-5.91066080334886,1.1457234728067602,0.0032890650418098133,0.6,0.875,0.685339206602508,0.0,0.3535533905932738,0.9999999999999999,276.4230041503906,729.9710083007812,2.0
400590.0,79.0,0.0,8.0,-2.6127267070596027,-5.181770743081832,2.569044036022229,-5.587741809916417,2.975015102856814,-5.587741809916417,2.975015102856814,0.40597106683458506,1.0,0.875,0.46114085507467306,0.3535533905932738,0.5,1.0,249.822998046875,739.77099609375,2.0
404334.0,80.0,0.0,8.0,-2.880186885202871,-5.686248887079387,2.8060620018765157,-6.3045939274415925,3.4244070422387214,-6.3045939274415925,3.4244070422387214,0.6183450403622057,1.0,0.875,0.5015032584037218,0.3535533905932738,0.5,1.0,274.62298583984375,743.77099609375,2.0
408077.0,81.0,0.0,8.0,-2.1757977440513607,-3.198692550400068,1.0228948063487073,-3.192898872862048,1.0171011288106873,-3.2565431759370096,1.0807454318856489,0.057850625536941536,0.8,0.75,0.4060301019923297,0.5,1.1726039399558574,1.0,263.02301025390625,747.9710083007812,2.0
410573.0,82.0,0.0,8.0,-2.8795405240293777,-4.400882409205321,1.5213418851759437,-5.012810218477858,2.1332696944484804,-5.030052624980648,2.1505121009512704,0.6291702157753267,1.2,0.75,0.5010977830601655,0.3535533905932738,0.9354143466934853,0.9999999999999998,255.42300415039062,750.77099609375,2.0
418061.0,83.0,0.0,8.0,-2.999334551895276,-3.428925161630098,0.4295906097348223,-3.372678696034193,0.37334414413891714,-3.430249767409883,0.4309152155146072,0.001324605779784882,0.8,0.75,0.5196549557799615,1.0,0.8660254037844386,1.0,268.822998046875,758.9710083007812,2.0
426797.0,84.0,0.0,8.0,-2.6936644445004596,-3.5085055184880987,0.814841073987639,-3.2948695704151754,0.6012051259147158,-3.498935946496584,0.8052715019961245,-0.009569571991514536,0.6,0.75,0.4752905838033574,2.03100960115899,0.6123724356957945,1.0000000000000004,278.4230041503906,768.5709838867188,2.0
428045.0,85.0,0.0,8.0,-2.5692556622828877,-2.8774215112177863,0.3081658489348986,-2.8809944417699467,0.31173877948705897,-2.887270104147453,0.3180144418645652,0.009848592929666555,0.8,0.75,0.47002703001136725,0.0,1.5,1.0,274.62298583984375,769.9710083007812,2.0
433036.0,86.0,0.0,8.0,-3.572051162308963,-3.8797561889709864,0.3077050266620236,-3.492273824032286,-0.07977733827667688,-3.9093112919382884,0.3372601296293256,0.029555102967302016,0.4,1.0,0.5722425943330378,0.0,0.0,1.0,259.2229919433594,775.5709838867188,2.0
434284.0,87.0,0.0,8.0,-2.7170497143930494,-4.134017687846647,1.4169679734535978,-3.7462338027891255,1.0291840883960761,-4.116329589810196,1.3992798754171463,-0.01768809803645155,0.6,0.875,0.4844289385413118,0.7071067811865476,0.3535533905932738,1.0,255.42300415039062,776.9710083007812,2.0
436780.0,88.0,0.0,8.0,-2.557948452237536,-3.4692105573520795,0.9112621051145435,-3.6299426315132615,1.0719941792757255,-3.6299426315132615,1.0719941792757255,0.16073207416118196,1.0,0.875,0.46466815869199146,0.7071067811865476,0.7071067811865476,0.9999999999999998,247.822998046875,779.77099609375,2.0
445516.0,89.0,0.0,8.0,-2.5071726290336733,-4.405936482012062,1.8987638529783886,-4.810903277616951,2.303730648583278,-4.810903277616951,2.303730648583278,0.40496679560488946,1.0,0.875,0.46067177057938097,1.118033988749895,0.3535533905932738,0.9999999999999998,257.4230041503906,789.3709716796875,2.0
460491.0,90.0,0.0,8.0,-2.386109342908134,-2.969833275265856,0.5837239323577217,-2.9588754614171546,0.5727661185090205,-2.9960120271936255,0.6099026842854913,0.02617875192776964,0.8,0.875,0.44050206143697646,0.0,0.7071067811865476,1.0,247.822998046875,805.9710083007812,2.0
461739.0,91.0,0.0,8.0,-2.089805184524379,-3.2527725298381798,1.1629673453138007,-3.3896340340487834,1.2998288495244044,-3.3896340340487834,1.2998288495244044,0.1368615042106036,1.0,0.75,0.39301637161940256,1.2747548783981961,0.7905694150420949,0.9999999999999997,244.0229949951172,807.3709716796875,2.0
470475.0,92.0,0.0,8.0,-4.659245992435453,-5.239524785930626,0.5802787934951725,-4.998950113873262,0.3397041214378085,-5.250444811129996,0.5911988186945427,0.010920025199370187,0.6,1.0,0.6690788357359768,0.0,0.0,1.0000000000000002,253.6230010986328,816.9710083007812,2.0
472971.0,93.0,0.0,8.0,-1.6498452559848293,-3.2545330675592616,1.6046878115744323,-3.642215318976046,1.9923700629912164,-3.642215318976046,1.9923700629912164,0.38768225141678414,1.0,0.5,0.3642453743932073,0.7071067811865476,1.0,1.0,246.0229949951172,819.77099609375,2.0
474219.0,94.0,0.0,8.0,-2.429737277797309,-3.9231509522832804,1.4934136744859714,-3.932688786683953,1.5029515088866439,-4.009900727123871,1.5801634493265624,0.08674977484059099,0.8,0.875,0.4403169255719673,0.0,0.3535533905932738,1.0000000000000002,278.4230041503906,820.9710083007812,2.0
475466.0,95.0,0.0,8.0,-2.0371010653544634,-2.4138565140265484,0.376755448672085,-2.511602466785454,0.47450140143099073,-2.5305195178790294,0.49341845252456595,0.11666300385248096,1.2,0.75,0.39941344173689913,0.5,0.7905694150420949,0.9999999999999999,274.4230041503906,822.3709716796875,2.0
476714.0,96.0,0.0,8.0,-1.7084681716912222,-2.1230191664146787,0.41455099472345647,-2.334072037203914,0.6256038655126919,-2.512184792197911,0.8037166205066886,0.3891656257832321,1.2,0.75,0.34465148718500815,1.620185174601965,0.9354143466934853,1.0000000000000002,270.62298583984375,823.77099609375,2.0
489194.0,97.0,0.0,8.0,-3.1911734248709482,-3.5178915321889885,0.3267181073180403,-3.6437585821022638,0.45258515723131554,-3.720079535532874,0.5289061106619259,0.20218800334388565,1.2,0.875,0.5324355561793079,0.5,0.5,0.9999999999999999,268.822998046875,837.5709838867188,2.0
490442.0,98.0,0.0,8.0,-2.825767701738069,-4.300216304595914,1.4744486028578447,-4.470482330844828,1.6447146291067587,-4.473591724670482,1.6478240229324128,0.17337542007456808,1.2,0.75,0.49823247933091014,0.7905694150420949,0.5,1.0000000000000002,265.02301025390625,838.9710083007812,2.0
497930.0,99.0,0.0,8.0,-3.911849652658745,-4.2769677674453614,0.3651181147866165,-4.08488322347261,0.17303357081386483,-4.283268796955297,0.371419144296552,0.006301029509935496,0.6,0.75,0.6150859564227468,0.7905694150420949,0.7905694150420949,0.9999999999999999,278.4230041503906,847.1710205078125,2.0
2495.0,0.0,0.0,16.0,-3.8535008703909863,-5.593391427729943,1.7398905573389563,-5.4045734162054835,1.5510725458144972,-5.591746399231772,1.7382455288407854,-0.0016450284981708307,0.6,0.75,0.6364880614966391,1.118033988749895,0.5,1.0000000000000002,270.822998046875,299.77099609375,2.0
9983.0,1.0,0.0,16.0,-4.478033517652413,-5.5761494502671685,1.0981159326147552,-5.697336289067946,1.2193027714155331,-5.697336289067946,1.2193027714155331,0.12118683880077796,1.0,0.875,0.6808122563015989,0.7905694150420949,0.5590169943749475,1.0,248.0229949951172,308.1709899902344,2.0
12479.0,2.0,0.0,16.0,-6.069259130742286,-6.373748132223865,0.30448900148157865,-5.941227596539508,-0.12803153420277802,-6.403821215882141,0.3345620851398552,0.030073083658276545,0.4,0.875,0.7861968978479061,1.118033988749895,0.25,1.0,276.62298583984375,310.77099609375,2.0
24958.0,3.0,0.0,16.0,-5.163184487104972,-5.6996916238130595,0.5365071367080878,-5.551302791051336,0.3881183039463645,-5.696771213965515,0.533586726860543,-0.002920409847544825,0.6,0.875,0.726327538747496,0.5,0.5590169943749475,1.0000000000000004,274.62298583984375,324.5710144042969,2.0
27454.0,4.0,0.0,16.0,-5.986812267755017,-9.177515746132807,3.19070347837779,-9.443841816039132,3.4570295482841154,-9.443841816039132,3.4570295482841154,0.26632606990632546,1.0,0.875,0.7946481458969279,1.5811388300841898,0.6123724356957945,1.0,267.02301025390625,327.3710021972656,2.0
33694.0,5.0,0.0,16.0,-5.597400772162482,-8.056235003743623,2.4588342315811413,-8.043132012415882,2.4457312402533997,-8.08516536474474,2.4877645925822574,0.02893036100111601,0.8,0.875,0.753035949364333,0.6123724356957945,0.5,1.0000000000000004,248.0229949951172,334.3710021972656,2.0
34942.0,6.0,0.0,16.0,-4.542152912977025,-5.843065355706933,1.3009124427299081,-5.53778725398932,0.9956343410122948,-5.860759606535809,1.3186066935587837,0.017694250828875546,0.6,0.875,0.6908302260755289,0.5590169943749475,0.4330127018922193,1.0,244.22300720214844,335.77099609375,2.0
37438.0,7.0,0.0,16.0,-5.144976022986638,-8.251365872778942,3.106389849792304,-7.844704567368974,2.699728544382336,-8.29928477694564,3.1543087539590022,0.047918904166698084,0.8,0.9375,0.7170191591267656,0.5590169943749475,0.0,1.0,272.822998046875,338.3710021972656,2.0
39934.0,8.0,0.0,16.0,-3.4041673924005513,-5.5424569940458355,2.138289601645284,-5.655440708395889,2.2512733159953378,-5.655440708395889,2.2512733159953378,0.11298371435005361,1.0,0.6875,0.5894121819377728,0.6123724356957945,1.0897247358851685,0.9999999999999996,265.2229919433594,341.1709899902344,2.0
41182.0,9.0,0.0,16.0,-5.199232699592724,-7.997834630214038,2.798601930621315,-7.990486872024464,2.7912541724317403,-8.019342384382131,2.820109684789408,0.02150775416809303,0.8,0.75,0.7457452037742789,1.0897247358851685,0.3535533905932738,1.0,261.4230041503906,342.5710144042969,2.0
47421.0,10.0,0.0,16.0,-6.821097644128451,-7.9092297742738396,1.0881321301453886,-7.421264383670408,0.6001667395419572,-7.928293144229642,1.1071955001011906,0.019063369955802045,0.6,0.875,0.8280121079778097,0.5590169943749475,0.5590169943749475,1.0,278.4230041503906,349.3710021972656,2.0
48669.0,11.0,0.0,16.0,-5.570424781142629,-6.131162269191974,0.5607374880493454,-5.770297044487477,0.1998722633448482,-6.172274882294193,0.6018501011515642,0.04111261310221881,0.4,0.875,0.772608780156926,7.516648189186454,0.6123724356957945,0.9999999999999998,274.62298583984375,350.77099609375,2.0
52413.0,12.0,0.0,16.0,-7.260565101532309,-8.288941519372997,1.028376417840688,-7.686281576446631,0.42571647491432163,-8.303820083823972,1.0432549822916624,0.014878564450974352,0.6,0.75,0.8633115516871473,2.806243040080456,0.7905694150420949,0.9999999999999998,263.2229919433594,354.97100830078125,2.0
57405.0,13.0,0.0,16.0,-4.709218854573386,-5.1358446620047395,0.42662580743135337,-5.024004076904571,0.3147852223311851,-5.140716277727141,0.43149742315375494,0.004871615722401579,0.6,0.625,0.7148241085628113,7.310095758606723,0.7071067811865476,1.0000000000000002,248.0229949951172,360.5710144042969,2.0
69884.0,14.0,0.0,16.0,-6.138511569502275,-7.957314603493693,1.8188030339914176,-7.993572262946813,1.8550606934445382,-8.336641979775946,2.198130410273671,0.3793273762822533,1.2,0.9375,0.7868209488550124,0.0,0.75,1.0000000000000002,246.0229949951172,374.3710021972656,2.0
71132.0,15.0,0.0,16.0,-5.343731052775125,-9.609334230330104,4.265603177554979,-9.650142335980883,4.306411283205758,-9.771822796358,4.4280917435828755,0.1624885660278963,0.8,0.9375,0.7617599189186836,0.9013878188659973,0.6614378277661477,1.0,278.4230041503906,375.5710144042969,2.0
74876.0,16.0,0.0,16.0,-5.190009102426129,-8.11758246612206,2.927573363695932,-9.008399358811165,3.818390256385036,-9.008399358811165,3.818390256385036,0.890816892689104,1.0,0.9375,0.7150715000549195,0.5590169943749475,0.4330127018922193,1.0,267.02301025390625,379.77099609375,2.0
79868.0,17.0,0.0,16.0,-5.419127784155732,-7.900221050881005,2.4810932667252734,-7.758155159135372,2.33902737497964,-7.892180756339833,2.4730529721841013,-0.008040294541172166,0.6,0.875,0.7773063522350094,2.3717082451262845,0.5590169943749475,1.0000000000000002,251.822998046875,385.3710021972656,2.0
84860.0,18.0,0.0,16.0,-6.37972814614169,-11.79635433254049,5.4166261863988,-11.634000494172254,5.254272348030564,-11.8598384094821,5.48011026334041,0.0634840769416094,0.8,0.9375,0.7928029876912122,0.3535533905932738,0.4330127018922193,1.0,272.822998046875,390.77099609375,2.0
91099.0,19.0,0.0,16.0,-4.791000376390122,-6.7348030550699045,1.9438026786797824,-7.298802392269806,2.507802015879684,-7.312224416294385,2.521224039904263,0.5774213612244807,1.2,0.6875,0.7069851873607671,1.346291201783626,0.75,1.0,253.6230010986328,397.77099609375,2.0
96091.0,20.0,0.0,16.0,-5.5050126189344795,-8.562080557729459,3.0570679387949795,-8.323852616784126,2.818839997849647,-8.538347540314271,3.033334921379792,-0.02373301741518752,0.6,0.875,0.7486962178699,0.6123724356957945,0.4330127018922193,0.9999999999999998,274.62298583984375,403.1709899902344,2.0
101083.0,21.0,0.0,16.0,-5.585651856386798,-6.91641814170882,1.3307662853220217,-7.00062070093545,1.4149688445486515,-7.023928256536748,1.4382764001499497,0.10751011482792805,0.8,0.75,0.7863157488832193,5.043560250458004,0.5,1.0,259.4230041503906,408.77099609375,2.0
103579.0,22.0,0.0,16.0,-6.929418247457882,-6.838927909502024,-0.09049033795585792,-6.871858832707857,-0.057559414750024906,-6.929418247457859,-2.3092638912203256e-14,0.09049033795583483,0.0,0.8125,0.8557234496458096,1.6007810593582121,0.5,1.0,251.822998046875,411.5710144042969,2.0
107323.0,23.0,0.0,16.0,-7.174236991506539,-7.590029509550497,0.41579251804395856,-7.318144635436315,0.14390764392977662,-7.67560660501606,0.5013696135095209,0.08557709546556236,0.4,0.9375,0.8351302620565454,0.0,0.25,0.9999999999999998,276.62298583984375,415.5710144042969,2.0
131034.0,24.0,0.0,16.0,-5.897078663326093,-8.697394162523235,2.8003154991971417,-8.607795475671793,2.7107168123456997,-8.699734914182569,2.802656250856476,0.002340751659334117,0.8,0.875,0.7782586406015738,1.479019945774904,0.4330127018922193,0.9999999999999998,276.62298583984375,441.77099609375,2.0
132282.0,25.0,0.0,16.0,-5.345968671504972,-7.231467807972073,1.885499136467101,-7.319300188674309,1.9733315171693375,-7.344732761877411,1.9987640903724397,0.11326495390533875,0.8,0.875,0.7408624311051092,0.3535533905932738,0.6123724356957945,1.0000000000000002,272.822998046875,443.1709899902344,2.0
133530.0,26.0,0.0,16.0,-6.107443252287444,-7.312096256857079,1.2046530045696349,-7.099456483031038,0.992013230743594,-7.325373241519879,1.2179299892324345,0.013276984662799585,0.6,0.8125,0.7832890831344664,0.7071067811865476,0.5590169943749475,1.0,269.02301025390625,444.5710144042969,2.0
137273.0,27.0,0.0,16.0,-5.232149644828655,-7.308127592709183,2.075977947880528,-7.289059801810698,2.0569101569820427,-7.325451625383251,2.093301980554596,0.017324032674068235,0.8,0.75,0.7359326873431989,0.7905694150420949,0.6123724356957945,0.9999999999999999,257.4230041503906,448.77099609375,2.0
141017.0,28.0,0.0,16.0,-7.3998726953345795,-7.5779525300297195,0.17807983469514,-7.1212331971763545,-0.278639498158225,-8.078998023097018,0.6791253277624385,0.5010454930672985,0.2,0.875,0.8578608357717601,0.5590169943749475,0.4330127018922193,1.0000000000000002,246.0229949951172,452.97100830078125,2.0
142265.0,29.0,0.0,16.0,-7.858007944035748,-8.531780917800694,0.6737729737649456,-7.955527171788715,0.09751922775296684,-8.561582019427762,0.7035740753920141,0.029801101627068505,0.4,0.9375,0.8661343418864326,0.5590169943749475,0.6614378277661477,1.0,278.4230041503906,454.1709899902344,2.0
144761.0,30.0,0.0,16.0,-5.734194279076985,-6.257030617954262,0.5228363388772772,-5.543574028749703,-0.19062025032728247,-6.545121054320311,0.8109267752433258,0.2880904363660486,0.4,0.9375,0.7640854879962017,0.5,0.4330127018922193,0.9999999999999999,270.822998046875,456.97100830078125,2.0
151001.0,31.0,0.0,16.0,-8.130570010039337,-7.977254282460395,-0.15331572757894207,-7.053174882523413,-1.0773951275159241,-8.41129991397237,0.28072990393303243,0.4340456315119745,0.2,0.9375,0.8881938870773245,7.51248960065836,0.5,1.0000000000000004,251.822998046875,463.97100830078125,2.0
164728.0,32.0,0.0,16.0,-5.0010925769969745,-7.479103803967931,2.478011226970956,-7.039572964708656,2.0384803877116813,-7.439106999530778,2.4380144225338034,-0.03999680443715281,0.6,0.875,0.7064261073614666,0.5,0.6614378277661477,1.0,246.0229949951172,479.1709899902344,2.0
167224.0,33.0,0.0,16.0,-4.90448677954031,-6.848265314125768,1.9437785345854577,-7.1075840751379085,2.2030972955975985,-7.1075840751379085,2.2030972955975985,0.2593187610121408,1.0,0.875,0.7262339914869986,0.75,0.0,1.0,274.62298583984375,481.77099609375,2.0
169720.0,34.0,0.0,16.0,-6.143410741759504,-6.947170175501367,0.8037594337418632,-6.527854677448089,0.38444393568858537,-7.02133130581858,0.8779205640590764,0.07416113031721316,0.4,0.875,0.7826930510926766,0.25,0.8660254037844386,1.0,267.02301025390625,484.5710144042969,2.0
174712.0,35.0,0.0,16.0,-5.943999107645461,-8.391506618554464,2.447507510909003,-7.973203531207873,2.029204423562412,-8.42499494125267,2.480995833607209,0.03348832269820612,0.6,0.9375,0.7840817773783105,0.0,0.25,1.0,251.822998046875,490.1709899902344,2.0
182199.0,36.0,0.0,16.0,-5.828147084090367,-7.893180304778947,2.06503322068858,-7.783977278815712,1.955830194725345,-7.907218973610486,2.079071889520119,0.014038668831538814,0.8,0.875,0.7705882395894814,0.3535533905932738,0.5,0.9999999999999999,265.02301025390625,498.3710021972656,2.0
184695.0,37.0,0.0,16.0,-5.2284690413895705,-6.921552913985405,1.6930838725958344,-7.257306002426588,2.028836961037017,-7.338798820254037,2.1103297788644664,0.417245906268632,1.2,0.6875,0.7503389498575974,6.279928343540235,0.5590169943749475,0.9999999999999998,257.4230041503906,501.1709899902344,2.0
193431.0,38.0,0.0,16.0,-7.4489673604120785,-7.033810594770121,-0.41515676564195747,-7.089958631938593,-0.3590087284734853,-7.44896736041205,-2.842170943040401e-14,0.41515676564192905,0.0,1.0,0.8522147501353021,0.0,0.0,1.0,267.02301025390625,510.77099609375,2.0
194679.0,39.0,0.0,16.0,-6.400168999959085,-6.128754198692144,-0.27141480126694084,-5.706805745478389,-0.6933632544806958,-6.471847065597603,0.07167806563851808,0.3430928669054589,0.2,0.8125,0.8249745286377773,5.787918451395113,0.6614378277661477,1.0,263.2229919433594,512.1710205078125,2.0
198423.0,40.0,0.0,16.0,-7.180648665071116,-7.296301116631351,0.11565245156023529,-6.785699956243818,-0.3949487088272985,-7.510985440184006,0.3303367751128903,0.214684323552655,0.4,0.875,0.8529389265657298,7.508328708840604,0.75,0.9999999999999998,251.822998046875,516.3709716796875,2.0
199671.0,41.0,0.0,16.0,-6.553927621623411,-6.384557784628618,-0.16936983699479313,-5.904779952833264,-0.649147668790147,-6.68826190606353,0.13433428444011852,0.30370412143491166,0.2,0.875,0.8148872039688411,0.75,0.5,1.0,248.0229949951172,517.77099609375,2.0
204662.0,42.0,0.0,16.0,-7.577657699341961,-6.725685505642195,-0.8519721936997655,-6.228071733607604,-1.3495859657343567,-7.577657699341957,-3.552713678800501e-15,0.851972193699762,0.0,0.9375,0.8567289903043417,0.25,0.5,0.9999999999999999,268.822998046875,523.1710205078125,2.0
213398.0,43.0,0.0,16.0,-6.489415872087642,-7.424582045824507,0.9351661737368646,-7.014174495989232,0.5247586239015893,-7.667643635146183,1.1782277630585405,0.24306158932167587,0.4,0.8125,0.8097316710012252,0.6123724356957945,0.6614378277661477,0.9999999999999998,278.4230041503906,532.77099609375,2.0
215894.0,44.0,0.0,16.0,-6.576428303017358,-8.866511301721436,2.2900829987040785,-7.920297870314993,1.3438695672976353,-9.15248216203256,2.576053859015203,0.2859708603111244,0.4,0.9375,0.8057111525705921,0.4330127018922193,0.5,0.9999999999999998,270.822998046875,535.5709838867188,2.0
217142.0,45.0,0.0,16.0,-5.664227460671883,-8.223442900198869,2.5592154395269855,-8.001098866676866,2.336871406004983,-8.203971181386358,2.5397437207144744,-0.019471718812511085,0.6,0.8125,0.7722930866878104,0.5,0.7905694150420949,0.9999999999999999,267.02301025390625,536.9710083007812,2.0
225878.0,46.0,0.0,16.0,-6.089864569332829,-6.745894024088801,0.6560294547559717,-6.27686904124004,0.18700447190721103,-6.95622944276664,0.8663648734338105,0.21033541867783878,0.4,0.8125,0.7905627568431441,0.7071067811865476,0.6123724356957945,1.0000000000000002,276.62298583984375,546.5709838867188,2.0
235861.0,47.0,0.0,16.0,-8.904916209570867,-8.898195748334697,-0.0067204612361706495,-8.498375930942167,-0.40654027862870024,-9.17403053833614,0.26911432876527286,0.2758347900014435,0.2,0.9375,0.9031924081954109,0.0,0.5590169943749475,1.0000000000000002,246.0229949951172,557.77099609375,2.0
244597.0,48.0,0.0,16.0,-8.626326935872306,-9.282557694699861,0.6562307588275544,-9.139899232053478,0.513572296181172,-9.285187597064951,0.6588606611926444,0.0026299023650899755,0.6,0.75,0.912722935935863,3.191786333700926,0.6614378277661477,1.0,255.6230010986328,567.3709716796875,2.0
247093.0,49.0,0.0,16.0,-5.352943380015139,-5.37172231681729,0.018778936802150703,-4.902621085380905,-0.45032229463423423,-5.672654028952274,0.31971064893713486,0.30093171213498415,0.2,0.875,0.7401859375736624,0.25,0.4330127018922193,1.0,248.0229949951172,570.1710205078125,2.0
252084.0,50.0,0.0,16.0,-5.334760490736712,-5.970725513486316,0.6359650227496045,-6.1463151960424875,0.8115547053057757,-6.181780291062897,0.8470198003261853,0.21105477757658075,1.2,0.875,0.7356016630161728,0.6123724356957945,0.25,0.9999999999999998,268.822998046875,575.5709838867188,2.0
265812.0,51.0,0.0,16.0,-5.3816254642545145,-6.470014258798105,1.0883887945435902,-6.617169201033071,1.2355437367785562,-6.617169201033071,1.2355437367785562,0.14715494223496606,1.0,0.8125,0.7647260346741108,1.3919410907075054,0.7071067811865476,0.9999999999999999,263.2229919433594,590.77099609375,2.0
269556.0,52.0,0.0,16.0,-5.035425382033876,-7.387883366227609,2.352457984193733,-7.442879445618632,2.4074540635847566,-7.522693337489509,2.487267955455633,0.13480997126189997,0.8,0.875,0.7252747604120798,0.4330127018922193,0.5590169943749475,1.0000000000000004,251.822998046875,594.9710083007812,2.0
272051.0,53.0,0.0,16.0,-6.648047202106932,-9.121478730450036,2.473431528343104,-8.965486496930186,2.317439294823254,-9.143154897512444,2.495107695405512,0.021676167062407714,0.8,0.875,0.8151056987461492,0.6614378277661477,0.25,1.0,244.0229949951172,597.77099609375,2.0
273299.0,54.0,0.0,16.0,-6.073410849653658,-7.921592986623987,1.8481821369703297,-6.936191669945658,0.8627808202920004,-7.925423125250073,1.8520122755964152,0.0038301386260854997,0.6,0.9375,0.7959962344098621,0.0,0.25,1.0,276.4230041503906,598.9710083007812,2.0
285779.0,55.0,0.0,16.0,-6.296954661420441,-6.7531620505921355,0.4562073891716949,-6.500790901838499,0.2038362404180587,-6.804777726962686,0.5078230655422455,0.051615676370550645,0.4,0.75,0.8010552513431911,0.9354143466934853,0.3535533905932738,1.0,274.62298583984375,612.77099609375,2.0
290771.0,56.0,0.0,16.0,-7.82780108361923,-7.6122086175522,-0.21559246606702942,-7.474487573585378,-0.3533135100338516,-7.827801083619239,8.881784197001252e-15,0.2155924660670383,0.0,0.6875,0.9214132221551521,3.142451272494134,0.6614378277661477,1.0,259.4230041503906,618.3709716796875,2.0
297010.0,57.0,0.0,16.0,-6.1665084108496,-6.279474812813723,0.11296640196412344,-6.061984875098871,-0.10452353575072859,-6.320600721226989,0.15409231037738902,0.04112590841326558,0.4,0.875,0.7986488251083576,8.757139944068497,0.9682458365518543,0.9999999999999998,276.4230041503906,625.1710205078125,2.0
298258.0,58.0,0.0,16.0,-7.081174096586481,-6.982654553088111,-0.09851954349837033,-6.614102039812235,-0.4670720567742457,-7.144203062812978,0.06302896622649712,0.16154850972486745,0.2,0.625,0.8861193057982824,7.754031209635412,1.4142135623730951,0.9999999999999998,272.62298583984375,626.5709838867188,2.0
304498.0,59.0,0.0,16.0,-6.692130973807686,-7.824896184388118,1.1327652105804322,-8.018052086151394,1.3259211123437087,-8.018052086151394,1.3259211123437087,0.19315590176327646,1.0,0.75,0.8277122059291135,0.5590169943749475,0.5,1.0000000000000002,253.6230010986328,633.5709838867188,2.0
306994.0,60.0,0.0,16.0,-5.774854300955383,-7.949878971674812,2.175024670719429,-7.657203451383918,1.882349150428535,-7.940234263412388,2.1653799624570054,-0.009644708262423585,0.8,0.875,0.779174385196343,3.2882366094914763,0.4330127018922193,0.9999999999999998,246.0229949951172,636.3709716796875,2.0
311986.0,61.0,0.0,16.0,-5.99748936019755,-8.088564750212502,2.091075390014952,-7.919855772030697,1.9223664118331474,-8.088332628934044,2.090843268736494,-0.00023212127845795294,0.8,0.875,0.7765765751238933,0.6123724356957945,0.5,1.0,267.02301025390625,641.77099609375,2.0
314482.0,62.0,0.0,16.0,-7.290994844108283,-9.630813090772772,2.339818246664489,-9.163720341315054,1.8727254972067708,-9.642194619365192,2.3511997752569087,0.011381528592419698,0.6,0.9375,0.8407531598159691,0.6123724356957945,0.5,1.0000000000000002,259.4230041503906,644.5709838867188,2.0
320721.0,63.0,0.0,16.0,-6.362663832549505,-9.499607791099397,3.1369439585498915,-8.194940914073138,1.8322770815236327,-9.461167948699925,3.09850411615042,-0.0384398423994714,0.6,0.8125,0.8100321822406169,4.7762432936357,0.5590169943749475,1.0000000000000002,276.4230041503906,651.3709716796875,2.0
328209.0,64.0,0.0,16.0,-5.43878601827719,-6.772908653583736,1.3341226353065458,-6.791376705076107,1.3525906867989175,-6.8427940943749865,1.4040080760977967,0.06988544079125081,0.8,0.75,0.7589742565961584,1.5206906325745548,0.5,1.0,253.6230010986328,659.77099609375,2.0
330705.0,65.0,0.0,16.0,-5.395725969402978,-8.059109431725506,2.6633834623225283,-7.814443724940249,2.418717755537271,-8.584418486388243,3.188692516985265,0.5253090546627366,1.2,0.875,0.7584938314512883,0.0,0.3535533905932738,1.0000000000000002,246.0229949951172,662.5709838867188,2.0
334449.0,66.0,0.0,16.0,-6.699089926633982,-10.992298565011883,4.293208638377901,-10.955100172535268,4.256010245901286,-11.090953735185447,4.391863808551466,0.09865517017356495,0.8,0.875,0.808743143342903,0.4330127018922193,0.3535533905932738,0.9999999999999998,270.822998046875,666.5709838867188,2.0
339441.0,67.0,0.0,16.0,-6.634937002527925,-7.9553494880933595,1.3204124855654342,-7.260553694682188,0.6256166921542627,-7.9605042755814885,1.3255672730535633,0.005154787488129031,0.6,0.75,0.8225389850608602,1.14564392373896,0.4330127018922193,1.0,255.6230010986328,672.1710205078125,2.0
343184.0,68.0,0.0,16.0,-6.478515827910412,-8.268525300381018,1.7900094724706062,-7.227287958890704,0.7487721309802922,-8.328584545627605,1.8500687177171926,0.06005924524658646,0.6,0.9375,0.8056839535952621,0.75,0.25,1.0,244.0229949951172,676.3709716796875,2.0
349424.0,69.0,0.0,16.0,-6.88806590181306,-6.902320712309886,0.014254810496826309,-6.6799368341077425,-0.20812906770531736,-7.018894240776853,0.1308283389637932,0.11657352846696689,0.2,0.75,0.8481097734171248,2.947456530637899,0.6614378277661477,1.0000000000000002,261.2229919433594,683.1710205078125,2.0
350672.0,70.0,0.0,16.0,-7.969745237432706,-8.150926706545684,0.18118146911297828,-8.251245797067114,0.28150055963440757,-8.251245797067114,0.28150055963440757,0.10031909052142929,1.0,0.5625,0.9064467265902456,4.272001872658765,0.6614378277661477,1.0000000000000002,257.4230041503906,684.5709838867188,2.0
354416.0,71.0,0.0,16.0,-8.228443493214133,-7.79540837282495,-0.43303512038918335,-5.646568035792773,-2.5818754574213596,-8.385134987045229,0.15669149383109549,0.5897266142202788,0.2,0.8125,0.9090311938731386,9.89317946870469,0.4330127018922193,0.9999999999999997,246.0229949951172,688.77099609375,2.0
363151.0,72.0,0.0,16.0,-6.4884005382411445,-8.050696764526831,1.562296226285687,-7.455801351387812,0.9674008131466678,-8.033215198504994,1.5448146602638495,-0.01748156602183748,0.6,0.875,0.8057181615332745,0.3535533905932738,0.5,0.9999999999999998,255.42300415039062,698.3709716796875,2.0
371887.0,73.0,0.0,16.0,-4.5875429727089525,-7.040743339040825,2.453200366331872,-7.7074627436945455,3.119919770985593,-7.7074627436945455,3.119919770985593,0.6667194046537208,1.0,0.875,0.6867380553044232,0.9013878188659973,0.5,1.0,265.02301025390625,707.9710083007812,2.0
373135.0,74.0,0.0,16.0,-4.446420888627567,-5.977610437354298,1.531189548726731,-6.136661448063183,1.6902405594356162,-6.136661448063183,1.6902405594356162,0.15905101070888517,1.0,0.8125,0.7037779223527026,0.4330127018922193,0.3535533905932738,1.0,261.2229919433594,709.3709716796875,2.0
375631.0,75.0,0.0,16.0,-7.14645559884328,-9.756576865112049,2.6101212662687683,-9.866249066571825,2.719793467728545,-9.878197674447648,2.7317420756043678,0.12162080933559949,0.8,0.875,0.8423575774474318,1.5206906325745548,0.5590169943749475,1.0,253.6230010986328,712.1710205078125,2.0
379375.0,76.0,0.0,16.0,-5.674653902174049,-7.377949053008505,1.7032951508344558,-7.165953253095144,1.4912993509210946,-7.422797043450701,1.7481431412766515,0.04484799044219567,0.8,0.8125,0.759782677525897,0.82915619758885,0.6614378277661477,0.9999999999999999,278.4230041503906,716.1710205078125,2.0
386862.0,77.0,0.0,16.0,-8.43193488424456,-8.62278254265481,0.19084765841025053,-8.715784178435594,0.2838492941910342,-8.748383865997146,0.3164489817525862,0.12560132334233565,1.2,0.8125,0.8987597919267684,7.854139036202504,0.75,1.0,255.42300415039062,724.5709838867188,2.0
391854.0,78.0,0.0,16.0,-7.113231261019266,-7.478468042443853,0.3652367814245876,-6.936130072299442,-0.17710118871982328,-7.77989604298382,0.6666647819645544,0.30142800053996677,0.4,0.75,0.8406800019439644,1.8371173070873836,0.7071067811865476,0.9999999999999999,276.4230041503906,729.9710083007812,2.0
400590.0,79.0,0.0,16.0,-5.018673785007066,-7.4020209977717135,2.3833472127646473,-7.427920376572427,2.4092465915653607,-7.473065918827634,2.4543921338205674,0.07104492105592008,0.8,0.875,0.7040761128563571,0.3535533905932738,0.5,1.0,249.822998046875,739.77099609375,2.0
404334.0,80.0,0.0,16.0,-5.12432705298939,-8.066377995267487,2.9420509422780974,-8.066571049281068,2.942243996291678,-8.079322095489612,2.9549950425002223,0.012944100222124888,0.8,0.875,0.7392211245746773,0.6123724356957945,0.4330127018922193,1.0,274.62298583984375,743.77099609375,2.0
408077.0,81.0,0.0,16.0,-3.8251421261708156,-5.349060297562078,1.5239181713912622,-5.624601086448063,1.7994589602772475,-5.624601086448063,1.7994589602772475,0.2755407888859853,1.0,0.75,0.6115806096842474,0.4330127018922193,0.6123724356957945,1.0,263.02301025390625,747.9710083007812,2.0
410573.0,82.0,0.0,16.0,-4.76340562642458,-6.0600387660781205,1.2966331396535402,-5.843538631860932,1.0801330054363518,-6.0546098236150545,1.2912041971904742,-0.005428942463066022,0.6,0.8125,0.6993227763775547,0.7071067811865476,0.3535533905932738,0.9999999999999998,255.42300415039062,750.77099609375,2.0
418061.0,83.0,0.0,16.0,-4.3470913479438025,-5.035405034633201,0.6883136866893986,-4.889890999714234,0.5427996517704319,-5.033072698745152,0.6859813508013497,-0.002332335888048931,0.8,0.8125,0.6822722330304124,0.5590169943749475,0.8660254037844386,1.0,268.822998046875,758.9710083007812,2.0
426797.0,84.0,0.0,16.0,-5.183489192550588,-6.9619327988574735,1.7784436063068858,-6.704713367256683,1.521224174706095,-6.9682195426710125,1.7847303501204248,0.0062867438135389975,0.8,0.875,0.7271319935164787,1.0,0.6614378277661477,1.0000000000000004,278.4230041503906,768.5709838867188,2.0
428045.0,85.0,0.0,16.0,-4.479597638378543,-5.880091104363117,1.4004934659845745,-5.825653816554115,1.346056178175572,-5.9270930251424385,1.4474953867638956,0.04700192077932108,0.8,0.8125,0.6869704748954353,1.1726039399558574,0.5590169943749475,1.0,274.62298583984375,769.9710083007812,2.0
433036.0,86.0,0.0,16.0,-4.753474205968123,-5.392132641755043,0.6386584357869198,-4.942011453530265,0.18853724756214163,-5.430970829893482,0.677496623925359,0.0388381881384392,0.4,0.8125,0.694949439847141,0.5590169943749475,0.7071067811865476,1.0,259.2229919433594,775.5709838867188,2.0
434284.0,87.0,0.0,16.0,-4.221390306922594,-5.646859707432474,1.4254694005098791,-5.582556538476597,1.3611662315540025,-5.655239782082876,1.4338494751602813,0.008380074650402136,0.8,0.75,0.6547075243535371,0.7071067811865476,0.75,1.0,255.42300415039062,776.9710083007812,2.0
436780.0,88.0,0.0,16.0,-4.174716373311008,-5.343146875530613,1.1684305022196053,-5.385272810047336,1.2105564367363284,-5.41264413469878,1.2379277613877724,0.06949725916816707,0.8,0.875,0.6593594081681347,0.6614378277661477,0.5590169943749475,0.9999999999999998,247.822998046875,779.77099609375,2.0
445516.0,89.0,0.0,16.0,-4.509692022733619,-6.212255585183365,1.702563562449746,-6.4722870024154595,1.9625949796818407,-6.717548441553949,2.20785641882033,0.5052928563705841,1.2,0.875,0.6839082327578921,0.25,0.5,0.9999999999999998,257.4230041503906,789.3709716796875,2.0
460491.0,90.0,0.0,16.0,-3.922905522600533,-5.316990597465228,1.394085074864695,-5.364177453859647,1.4412719312591142,-5.398392512791618,1.4754869901910852,0.0814019153263903,0.8,0.75,0.6226399377901857,0.6123724356957945,1.0606601717798212,1.0,247.822998046875,805.9710083007812,2.0
461739.0,91.0,0.0,16.0,-3.675144586829195,-6.4960518611285405,2.8209072742993455,-6.5673839286378035,2.8922393418086085,-6.7300230703460695,3.0548784835168745,0.233971209217529,0.8,0.875,0.6095368917512605,0.6123724356957945,0.75,0.9999999999999997,244.0229949951172,807.3709716796875,2.0
470475.0,92.0,0.0,16.0,-5.9240351031017155,-6.930585739032123,1.0065506359304077,-6.60122503485764,0.6771899317559242,-6.926762250377912,1.0027271472761967,-0.0038234886542110047,0.6,0.8125,0.7782676505751434,4.568916720624267,0.7905694150420949,1.0000000000000002,253.6230010986328,816.9710083007812,2.0
472971.0,93.0,0.0,16.0,-3.4688017312211006,-5.042080878004331,1.5732791467832303,-5.196020776504363,1.7272190452832623,-5.196020776504363,1.7272190452832623,0.15393989850003198,1.0,0.8125,0.6220205465223192,0.82915619758885,0.82915619758885,1.0,246.0229949951172,819.77099609375,2.0
474219.0,94.0,0.0,16.0,-3.833950203770523,-4.693621178816975,0.859670975046452,-4.715849186029398,0.8818989822588748,-4.715849186029398,0.8818989822588748,0.022228007212422796,1.0,0.875,0.6230966533874541,0.6614378277661477,0.5590169943749475,1.0000000000000002,278.4230041503906,820.9710083007812,2.0
475466.0,95.0,0.0,16.0,-3.186777715782351,-4.793430628195173,1.6066529124128222,-4.952177551106118,1.765399835323767,-5.002901643742863,1.8161239279605121,0.20947101554769,0.8,0.75,0.5743887086392081,1.541103500742244,0.6614378277661477,0.9999999999999999,274.4230041503906,822.3709716796875,2.0
476714.0,96.0,0.0,16.0,-3.21714040958526,-4.431082125085304,1.2139417155000438,-4.432606173819693,1.2154657642344326,-4.479804002218035,1.2626635926327752,0.04872187713273135,0.8,0.8125,0.5586948888141526,1.0307764064044151,0.82915619758885,1.0000000000000002,270.62298583984375,823.77099609375,2.0
489194.0,97.0,0.0,16.0,-5.053383318268303,-5.664388851665219,0.6110055333969164,-5.60930966012492,0.5559263418566172,-5.6724977006790445,0.6191143824107419,0.00810884901382547,0.8,0.8125,0.7224232457790434,0.9682458365518543,0.25,0.9999999999999999,268.822998046875,837.5709838867188,2.0
490442.0,98.0,0.0,16.0,-4.6086589177976975,-6.545665665322158,1.9370067475244603,-6.202574292487681,1.593915374689984,-6.554018638328559,1.9453597205308615,0.008352973006401143,0.6,0.875,0.6994977917592682,0.7071067811865476,0.4330127018922193,1.0000000000000002,265.02301025390625,838.9710083007812,2.0
497930.0,99.0,0.0,16.0,-5.237142735274497,-5.01738899786517,-0.21975373740932724,-4.553154880418954,-0.6839878548555429,-5.370742764160258,0.13360002888576084,0.3533537662950881,0.2,0.75,0.7569064452308715,7.0400639201643616,0.6614378277661477,0.9999999999999999,278.4230041503906,847.1710205078125,2.0
2495.0,0.0,10.0,4.0,-1.4692908436324785,-4.0823464370930465,2.613055593460568,-4.508517940608851,3.039227096976372,-4.508517940608851,3.039227096976372,0.42617150351580424,1.0,1.0,0.28863862541682517,0.0,0.0,0.10000000000000002,270.822998046875,299.77099609375,2.0
9983.0,1.0,10.0,4.0,-1.9540081396512918,-2.86072602403147,0.906717884380178,-2.8211840445400638,0.8671759048887719,-2.8980419440219407,0.9440338043706489,0.0373159199904709,0.8,1.0,0.36262111364234817,0.0,0.0,0.1,248.0229949951172,308.1709899902344,2.0
12479.0,2.0,10.0,4.0,-2.4445143805688936,-3.380288523020179,0.9357741424512853,-3.164023420848756,0.7195090402798625,-3.3682110264662084,0.9236966458973148,-0.012077496553970501,0.6,1.0,0.4317117726272255,0.0,0.0,0.1,276.62298583984375,310.77099609375,2.0
24958.0,3.0,10.0,4.0,-1.5506518742369189,-2.037545761440821,0.4868938872039019,-1.97925115901014,0.4285992847732212,-2.0396433744260563,0.4889915001891374,0.0020976129852354752,0.8,1.0,0.3005252873316596,0.0,0.0,0.10000000000000005,274.62298583984375,324.5710144042969,2.0
27454.0,4.0,10.0,4.0,-3.4336069350293434,-6.957559467096837,3.523952532067493,-7.7845165894002,4.350909654370856,-7.7845165894002,4.350909654370856,0.8269571223033632,1.0,1.0,0.5468624718942902,0.0,0.0,0.1,267.02301025390625,327.3710021972656,2.0
33694.0,5.0,10.0,4.0,-2.1976161889488526,-6.47104739217652,4.273431203227668,-6.820886551167459,4.623270362218607,-7.133860104952737,4.936243916003884,0.6628127127762165,0.8,1.0,0.3978452249888679,0.0,0.0,0.10000000000000005,248.0229949951172,334.3710021972656,2.0
34942.0,6.0,10.0,4.0,-1.2609375141124755,-1.985946392622063,0.7250088785095876,-2.1845363864237424,0.9235988723112669,-2.1845363864237424,0.9235988723112669,0.1985899938016793,1.0,1.0,0.252622439546971,0.0,0.0,0.1,244.22300720214844,335.77099609375,2.0
37438.0,7.0,10.0,4.0,-1.450486136307375,-2.5312215847395354,1.0807354484321603,-2.5702796731937227,1.1197935368863476,-2.6132255794186774,1.1627394431113023,0.08200399467914199,0.8,1.0,0.2843948239956185,0.0,0.0,0.1,272.822998046875,338.3710021972656,2.0
39934.0,8.0,10.0,4.0,-1.2447557187482006,-3.2843082326633297,2.039552513915129,-4.219001129019111,2.974245410270911,-4.219001129019111,2.974245410270911,0.9346928963557817,1.0,0.75,0.25000134592208223,0.0,1.0,0.09999999999999995,265.2229919433594,341.1709899902344,2.0
41182.0,9.0,10.0,4.0,-2.3154432447738515,-7.416641882665741,5.101198637891889,-7.708289428158461,5.392846183384609,-8.19114550685893,5.875702262085079,0.7745036241931897,0.8,1.0,0.41406314034604874,0.0,0.0,0.1,261.4230041503906,342.5710144042969,2.0
47421.0,10.0,10.0,4.0,-2.9583339494866783,-4.7260729366299605,1.7677389871432823,-5.196760046465849,2.238426096979171,-5.2157068592063585,2.25737290971968,0.48963392257639793,1.2,1.0,0.4950958570990128,0.0,0.0,0.1,278.4230041503906,349.3710021972656,2.0
48669.0,11.0,10.0,4.0,-2.595633282376783,-3.5761688281873036,0.9805355458105205,-3.681401238488266,1.085767956111483,-3.681401238488266,1.085767956111483,0.10523241030096253,1.0,1.0,0.45063741996688167,0.0,0.0,0.09999999999999998,274.62298583984375,350.77099609375,2.0
52413.0,12.0,10.0,4.0,-4.562792564870862,-7.231273113454525,2.6684805485836627,-7.046105232934343,2.4833126680634807,-7.322699911597263,2.7599073467264006,0.09142679814273791,0.8,1.0,0.6510487252052981,0.0,0.0,0.09999999999999998,263.2229919433594,354.97100830078125,2.0
57405.0,13.0,10.0,4.0,-3.027543014602319,-4.075504890160921,1.0479618755586024,-4.041585605184056,1.0140425905817372,-4.116681445775867,1.0891384311735477,0.041176555614945265,0.8,1.0,0.5024332013158427,0.0,0.0,0.10000000000000002,248.0229949951172,360.5710144042969,2.0
69884.0,14.0,10.0,4.0,-2.1319607432290937,-3.4137085217842777,1.281747778555184,-3.8992335762831103,1.7672728330540166,-4.037699293553512,1.9057385503244184,0.6239907717692343,1.2,0.75,0.38867032174074484,0.0,1.224744871391589,0.10000000000000002,246.0229949951172,374.3710021972656,2.0
71132.0,15.0,10.0,4.0,-1.350150858749357,-3.2838716577806264,1.9337207990312695,-3.7578692905133835,2.4077184317640263,-3.7578692905133835,2.4077184317640263,0.4739976327327571,1.0,0.75,0.2679375334085364,0.5,0.5,0.1,278.4230041503906,375.5710144042969,2.0
74876.0,16.0,10.0,4.0,-1.4947782318133416,-4.175574687771909,2.6807964559585673,-4.583309468526882,3.0885312367135405,-4.627215531624728,3.1324372998113863,0.451640843852819,0.8,0.75,0.2925551769223672,1.0,1.118033988749895,0.1,267.02301025390625,379.77099609375,2.0
79868.0,17.0,10.0,4.0,-1.9848318853710465,-4.8158039421249885,2.830972056753942,-5.231382361764512,3.246550476393465,-5.231382361764512,3.246550476393465,0.41557841963952313,1.0,1.0,0.36746719817596485,0.0,0.0,0.10000000000000002,251.822998046875,385.3710021972656,2.0
84860.0,18.0,10.0,4.0,-1.2620821284760937,-3.0668338638885793,1.8047517354124856,-3.805622982834909,2.5435408543588154,-3.805622982834909,2.5435408543588154,0.7387891189463298,1.0,0.5,0.2531510023074344,0.5,1.5,0.1,272.822998046875,390.77099609375,2.0
91099.0,19.0,10.0,4.0,-2.7100859353743094,-4.392253528847949,1.6821675934736393,-4.84339082542209,2.1333048900477807,-4.888334201461623,2.1782482660873135,0.49608067261367417,1.2,1.0,0.46551261688024803,0.0,0.0,0.1,253.6230010986328,397.77099609375,2.0
96091.0,20.0,10.0,4.0,-1.789839100768647,-4.3496580186850915,2.5598189179164446,-4.370212436023701,2.580373335255054,-4.569787868460585,2.779948767691938,0.22012984977549355,0.8,1.0,0.3383413797917616,0.0,0.0,0.09999999999999998,274.62298583984375,403.1709899902344,2.0
101083.0,21.0,10.0,4.0,-2.9591007748555342,-4.4570412980649845,1.4979405232094503,-4.671118617192526,1.712017842336992,-4.671118617192526,1.712017842336992,0.2140773191275418,1.0,1.0,0.4952950643147084,0.0,0.0,0.1,259.4230041503906,408.77099609375,2.0
103579.0,22.0,10.0,4.0,-3.334444514731929,-4.612285165753033,1.2778406510211036,-4.292727898169569,0.9582833834376401,-4.601046310306192,1.2666017955742626,-0.011238855446841,0.6,1.0,0.5374013067186291,0.0,0.0,0.1,251.822998046875,411.5710144042969,2.0
107323.0,23.0,10.0,4.0,-2.757612729061111,-3.878212456324692,1.1205997272635808,-3.409708901355841,0.6520961722947298,-3.881761102433158,1.124148373372047,0.003548646108466169,0.6,1.0,0.47048384698136486,0.0,0.0,0.09999999999999998,276.62298583984375,415.5710144042969,2.0
131034.0,24.0,10.0,4.0,-1.9957270130200255,-3.501999777026739,1.5062727640067135,-3.4879097531710777,1.4921827401510521,-3.6116724047976723,1.6159453917776467,0.10967262777093323,0.8,0.75,0.36870102498738344,0.0,0.5,0.09999999999999998,276.62298583984375,441.77099609375,2.0
132282.0,25.0,10.0,4.0,-2.076227808795543,-2.392681475387626,0.3164536665920834,-2.315624757325853,0.23939694853031002,-2.4113542735300157,0.33512646473447294,0.018672798142389535,0.4,1.0,0.3806418198866668,0.0,0.0,0.10000000000000002,272.822998046875,443.1709899902344,2.0
133530.0,26.0,10.0,4.0,-2.6123130380538138,-4.739012983699075,2.126699945645261,-5.458333799813371,2.846020761759557,-5.518617893200602,2.9063048551467885,0.7796049095015274,1.2,0.75,0.4525944686659052,0.0,1.118033988749895,0.1,269.02301025390625,444.5710144042969,2.0
137273.0,27.0,10.0,4.0,-1.937967181772172,-2.6625282768408183,0.7245610950686463,-2.595872057159072,0.6579048753869001,-2.666499536636457,0.728532354864285,0.003971259795638726,0.8,0.75,0.3617983140400018,0.0,1.0,0.09999999999999999,257.4230041503906,448.77099609375,2.0
141017.0,28.0,10.0,4.0,-2.8889831483485824,-3.6951053008899497,0.8061221525413673,-3.325149758689712,0.4361666103411297,-3.6948092448443797,0.8058260964957973,-0.00029605604557003673,0.6,1.0,0.486275379552834,0.0,0.0,0.10000000000000002,246.0229949951172,452.97100830078125,2.0
142265.0,29.0,10.0,4.0,-2.9582725781519876,-2.6674939605381742,-0.2907786176138134,-2.5644624730116177,-0.39381010514036996,-2.958272578151997,9.325873406851315e-15,0.29077861761382273,0.0,1.0,0.49457495379163774,0.0,0.0,0.1,278.4230041503906,454.1709899902344,2.0
144761.0,30.0,10.0,4.0,-1.6251504033346855,-2.815238202681094,1.1900877993464085,-2.856631548879502,1.2314811455448165,-2.9417150571447266,1.316564653810041,0.12647685446363255,0.8,0.75,0.31317082697338466,0.5,1.0,0.09999999999999999,270.822998046875,456.97100830078125,2.0
151001.0,31.0,10.0,4.0,-3.498860358605165,-3.495513700461092,-0.003346658144073089,-3.4685675620512244,-0.030292796553940793,-3.5493311037804096,0.050470745175244414,0.0538174033193175,0.2,1.0,0.5541935822060566,0.0,0.0,0.10000000000000005,251.822998046875,463.97100830078125,2.0
164728.0,32.0,10.0,4.0,-1.197109549074244,-1.856867154501172,0.6597576054269279,-1.8926070726729924,0.6954975235987484,-1.8926070726729924,0.6954975235987484,0.03573991817182054,1.0,0.75,0.2414942398532371,0.0,1.0,0.1,246.0229949951172,479.1709899902344,2.0
167224.0,33.0,10.0,4.0,-1.3606355147848803,-2.103819711703007,0.7431841969181265,-1.8984861528806765,0.5378506380957961,-2.102495677056617,0.7418601622717369,-0.001324034646389638,0.6,1.0,0.26957333165957986,0.0,0.0,0.1,274.62298583984375,481.77099609375,2.0
169720.0,34.0,10.0,4.0,-2.7957237606771184,-3.758606143465049,0.9628823827879307,-3.835489260623557,1.0397654999464385,-3.8408303920297397,1.0451066313526214,0.08222424856469068,0.8,1.0,0.4756747330585895,0.0,0.0,0.1,267.02301025390625,484.5710144042969,2.0
174712.0,35.0,10.0,4.0,-1.5867399177432637,-3.1539377536932696,1.5671978359500058,-3.518676874198145,1.9319369564548814,-3.518676874198145,1.9319369564548814,0.36473912050487556,1.0,0.75,0.3073863035373614,1.0,1.0,0.1,251.822998046875,490.1709899902344,2.0
182199.0,36.0,10.0,4.0,-2.5871388767585106,-3.8311643059820892,1.2440254292235786,-4.171490878266065,1.584352001507554,-4.173200912922166,1.5860620361636553,0.34203660694007665,1.2,1.0,0.44936968710935477,0.0,0.0,0.09999999999999999,265.02301025390625,498.3710021972656,2.0
184695.0,37.0,10.0,4.0,-3.069412553115262,-3.887714258620086,0.8183017055048243,-4.184069289458108,1.1146567363428463,-4.245742319566604,1.1763297664513424,0.35802806094651807,1.2,1.0,0.5079565478579415,0.0,0.0,0.09999999999999998,257.4230041503906,501.1709899902344,2.0
193431.0,38.0,10.0,4.0,-2.9814582113501285,-2.882937417883692,-0.09852079346643627,-2.777238042711506,-0.20422016863862247,-2.9975783646712846,0.016120153321156128,0.1146409467875924,0.2,1.0,0.49750632087682845,0.0,0.0,0.1,267.02301025390625,510.77099609375,2.0
194679.0,39.0,10.0,4.0,-3.143642394626292,-2.827595234837863,-0.3160471597884289,-2.790482539384342,-0.3531598552419499,-3.143642394626281,-1.1102230246251565e-14,0.3160471597884178,0.0,1.0,0.5164592725003357,0.0,0.0,0.1,263.2229919433594,512.1710205078125,2.0
198423.0,40.0,10.0,4.0,-3.9176930103289314,-3.5877144048688745,-0.32997860546005686,-3.5276158064203194,-0.390077203908612,-3.917693010328934,2.6645352591003757e-15,0.3299786054600595,0.0,1.0,0.5954747926643099,0.0,0.0,0.09999999999999998,251.822998046875,516.3709716796875,2.0
199671.0,41.0,10.0,4.0,-2.462379807985103,-2.3012556067560954,-0.16112420122900772,-2.101065823044768,-0.36131398494033506,-2.4623798079851063,3.1086244689504383e-15,0.16112420122901083,0.0,1.0,0.43320512055117766,0.0,0.0,0.1,248.0229949951172,517.77099609375,2.0
204662.0,42.0,10.0,4.0,-2.1799671755860683,-2.9752882626142974,0.795321087028229,-2.885503164524375,0.7055359889383066,-2.974380656206323,0.7944134806202547,-0.0009076064079742707,0.6,0.75,0.3952114074200317,0.0,1.0,0.09999999999999999,268.822998046875,523.1710205078125,2.0
213398.0,43.0,10.0,4.0,-2.616431184960533,-3.6214576984444817,1.0050265134839487,-3.50254509163832,0.886113906677787,-3.630267251488272,1.0138360665277388,0.008809553043790164,0.6,1.0,0.45310827594985437,0.0,0.0,0.09999999999999998,278.4230041503906,532.77099609375,2.0
215894.0,44.0,10.0,4.0,-1.620872999471128,-2.3588779118340835,0.7380049123629555,-2.4727930111735157,0.8519200117023877,-2.4727930111735157,0.8519200117023877,0.11391509933943222,1.0,0.75,0.31161702590351853,0.5,0.5,0.09999999999999998,270.822998046875,535.5709838867188,2.0
217142.0,45.0,10.0,4.0,-2.504616730285228,-3.256623392072501,0.7520066617872732,-3.1278144698392243,0.6231977395539965,-3.2621191506186467,0.7575024203334189,0.0054957585461457015,0.6,1.0,0.4398454079046983,0.0,0.0,0.09999999999999999,267.02301025390625,536.9710083007812,2.0
225878.0,46.0,10.0,4.0,-2.3560203979649392,-2.8940992047160616,0.5380788067511224,-2.5216765887244765,0.1656561907595373,-2.923814571644892,0.5677941736799528,0.029715366928830367,0.4,1.0,0.41933221351356637,0.0,0.0,0.10000000000000002,276.62298583984375,546.5709838867188,2.0
235861.0,47.0,10.0,4.0,-2.902897260751751,-3.2175814550821737,0.3146841943304226,-3.1616753380573104,0.25877807730555924,-3.2155793782672575,0.31268211751550634,-0.002002076814916265,0.6,1.0,0.4882617795428322,0.0,0.0,0.10000000000000002,246.0229949951172,557.77099609375,2.0
244597.0,48.0,10.0,4.0,-3.6456977380209024,-3.9132006267794046,0.26750288875850226,-3.8586169822934178,0.2129192442725154,-3.9126286769317358,0.2669309389108334,-0.00057194984766884,0.8,1.0,0.5686597537932778,0.0,0.0,0.1,255.6230010986328,567.3709716796875,2.0
247093.0,49.0,10.0,4.0,-1.8457746558231716,-2.1870177863554305,0.34124313053225896,-2.1261331764533002,0.28035852063012867,-2.1843566165273507,0.3385819607041791,-0.0026611698280798457,0.6,0.75,0.34693586320824205,0.5,1.118033988749895,0.1,248.0229949951172,570.1710205078125,2.0
252084.0,50.0,10.0,4.0,-2.006700533470119,-2.373028057529337,0.36632752405921787,-2.516853393355148,0.5101528598850287,-2.557514986062084,0.5508144525919647,0.18448692853274684,1.2,0.75,0.3710462830937735,0.5,0.5,0.09999999999999998,268.822998046875,575.5709838867188,2.0
265812.0,51.0,10.0,4.0,-3.0210802026942063,-3.886632681835108,0.8655524791409017,-4.101531107696804,1.0804509050025977,-4.130946554875193,1.1098663521809864,0.24431387304008467,1.2,1.0,0.5019378627857749,0.0,0.0,0.09999999999999999,263.2229919433594,590.77099609375,2.0
269556.0,52.0,10.0,4.0,-1.458316776791019,-2.371423215537469,0.9131064387464498,-2.482525987906768,1.0242092111157488,-2.482525987906768,1.0242092111157488,0.111102772369299,1.0,1.0,0.2857373122461577,0.0,0.0,0.10000000000000005,251.822998046875,594.9710083007812,2.0
272051.0,53.0,10.0,4.0,-1.6876140661856518,-2.281748576091353,0.5941345099057014,-2.603082679109536,0.915468612923884,-2.603082679109536,0.915468612923884,0.32133410301818266,1.0,0.75,0.3225116895272625,0.7071067811865476,1.118033988749895,0.1,244.0229949951172,597.77099609375,2.0
273299.0,54.0,10.0,4.0,-1.663807799602742,-2.035487033007323,0.37167923340458087,-1.9195579403612038,0.2557501407584617,-2.03031001723931,0.366502217636568,-0.0051770157680128825,0.6,1.0,0.31926694017924895,0.0,0.0,0.1,276.4230041503906,598.9710083007812,2.0
285779.0,55.0,10.0,4.0,-3.728210416262619,-4.300513383491225,0.5723029672286062,-4.346946281440294,0.6187358651776753,-4.347197142475497,0.6189867262128779,0.046683758984271684,0.8,1.0,0.5764991105747752,0.0,0.0,0.1,274.62298583984375,612.77099609375,2.0
290771.0,56.0,10.0,4.0,-6.0083964988832115,-7.417637271484031,1.4092407726008194,-7.599596562605787,1.5912000637225754,-7.599596562605787,1.5912000637225754,0.18195929112175602,1.0,0.75,0.7495328068664096,0.0,0.7071067811865476,0.1,259.4230041503906,618.3709716796875,2.0
297010.0,57.0,10.0,4.0,-3.83564356828278,-4.22672109913912,0.39107753085634034,-4.265311022136098,0.42966745385331784,-4.265311022136098,0.42966745385331784,0.0385899229969775,1.0,1.0,0.5874067766212808,0.0,0.0,0.09999999999999998,276.4230041503906,625.1710205078125,2.0
298258.0,58.0,10.0,4.0,-5.347552337625846,-5.50456148056211,0.1570091429362641,-5.424629280349105,0.07707694272325938,-5.508075210942901,0.1605228733170554,0.00351373038079128,0.6,1.0,0.7089423818994182,0.0,0.0,0.09999999999999998,272.62298583984375,626.5709838867188,2.0
304498.0,59.0,10.0,4.0,-3.832500765136619,-4.198440292372018,0.3659395272353989,-4.270473827806398,0.43797306266977865,-4.271978123132669,0.43947735799605026,0.07353783076065135,1.2,1.0,0.5876288158453101,0.0,0.0,0.10000000000000002,253.6230010986328,633.5709838867188,2.0
306994.0,60.0,10.0,4.0,-2.454347259381372,-2.5944000830246408,0.14005282364326854,-2.509534427880973,0.05518716849960059,-2.615466688186741,0.16111942880536878,0.021066605162100238,0.4,1.0,0.43231835786919165,0.0,0.0,0.09999999999999998,246.0229949951172,636.3709716796875,2.0
311986.0,61.0,10.0,4.0,-2.335649673992704,-2.703259169680794,0.36760949568809,-2.729124349581904,0.3934746755892,-2.737782664541113,0.402132990548409,0.034523494860319026,0.8,1.0,0.4167947318165541,0.0,0.0,0.1,267.02301025390625,641.77099609375,2.0
314482.0,62.0,10.0,4.0,-2.693814147641885,-4.235353680747319,1.5415395331054338,-4.543615172626996,1.8498010249851111,-4.543615172626996,1.8498010249851111,0.30826149187967733,1.0,0.75,0.46399624926390326,0.0,1.3228756555322954,0.10000000000000002,259.4230041503906,644.5709838867188,2.0
320721.0,63.0,10.0,4.0,-1.7765941151844804,-2.4845797377481698,0.7079856225636894,-2.2770294250940433,0.5004353099095629,-2.480376190407645,0.7037820752231645,-0.00420354734052486,0.6,1.0,0.33648098384837416,0.0,0.0,0.10000000000000002,276.4230041503906,651.3709716796875,2.0
328209.0,64.0,10.0,4.0,-2.9836062041128497,-4.700658734781978,1.7170525306691284,-5.067902892310418,2.084296688197568,-5.067902892310418,2.084296688197568,0.36724415752843953,1.0,1.0,0.49721493559106356,0.0,0.0,0.1,253.6230010986328,659.77099609375,2.0
330705.0,65.0,10.0,4.0,-1.262901174247567,-2.8229957134015384,1.5600945391539713,-3.092527813437109,1.8296266391895417,-3.092527813437109,1.8296266391895417,0.2695321000355704,1.0,1.0,0.2529684218068333,0.0,0.0,0.10000000000000002,246.0229949951172,662.5709838867188,2.0
334449.0,66.0,10.0,4.0,-3.0684302994085355,-5.7136590241410214,2.645228724732486,-7.077687355979879,4.009257056571344,-7.601642257921127,4.533211958512592,1.8879832337801057,1.2,1.0,0.5069033145442516,0.0,0.0,0.09999999999999998,270.822998046875,666.5709838867188,2.0
339441.0,67.0,10.0,4.0,-3.3546833020666442,-4.518952524827785,1.164269222761141,-4.473284984346418,1.118601682279774,-4.5579835582090436,1.2033002561423993,0.03903103338125824,0.8,1.0,0.5393996409449288,0.0,0.0,0.1,255.6230010986328,672.1710205078125,2.0
343184.0,68.0,10.0,4.0,-3.0656606951536887,-2.9704284407450747,-0.09523225440861394,-2.637176079108492,-0.4284846160451967,-3.2053699556246036,0.13970926047091492,0.23494151487952886,0.2,1.0,0.5067886847096869,0.0,0.0,0.1,244.0229949951172,676.3709716796875,2.0
349424.0,69.0,10.0,4.0,-4.163801144627187,-5.199774198968408,1.0359730543412207,-5.4104973571907475,1.2466962125635606,-5.467570343822874,1.3037691991956875,0.2677961448544668,1.2,1.0,0.6174317829361101,0.0,0.0,0.10000000000000002,261.2229919433594,683.1710205078125,2.0
350672.0,70.0,10.0,4.0,-5.7848908268007735,-6.4656911149652725,0.680800288164499,-6.527497854585208,0.7426070277844348,-6.527497854585208,0.7426070277844348,0.06180673961993577,1.0,1.0,0.7365920889624872,0.0,0.0,0.10000000000000002,257.4230041503906,684.5709838867188,2.0
354416.0,71.0,10.0,4.0,-3.081688515119846,-2.502028345352778,-0.579660169767068,-2.320770494521257,-0.7609180205985893,-3.081688515119852,5.773159728050814e-15,0.5796601697670738,0.0,1.0,0.5086791276290561,0.0,0.0,0.09999999999999996,246.0229949951172,688.77099609375,2.0
363151.0,72.0,10.0,4.0,-2.1661772567587008,-2.6030926191872212,0.43691536242852047,-2.60222401942642,0.43604676266771936,-2.632206442156547,0.4660291853978462,0.029113822969325742,0.8,1.0,0.39286159157156375,0.0,0.0,0.09999999999999998,255.42300415039062,698.3709716796875,2.0
371887.0,73.0,10.0,4.0,-1.3522764922682307,-2.043124715727855,0.6908482234596243,-1.9175500900152702,0.5652735977470396,-2.0345846275328667,0.6823081352646361,-0.008540088194988193,0.8,0.75,0.2689214338281596,0.0,0.5,0.1,265.02301025390625,707.9710083007812,2.0
373135.0,74.0,10.0,4.0,-1.7126735089416043,-2.4701419057541667,0.7574683968125624,-2.697060483741432,0.9843869747998275,-2.725305870528098,1.0126323615864938,0.25516396477393144,1.2,0.75,0.32703237839044547,0.0,0.8660254037844386,0.1,261.2229919433594,709.3709716796875,2.0
375631.0,75.0,10.0,4.0,-2.3305160644313543,-4.919728637348634,2.58921257291728,-5.625989339921466,3.2954732754901115,-5.625989339921466,3.2954732754901115,0.7062607025728314,1.0,1.0,0.4158259202096378,0.0,0.0,0.1,253.6230010986328,712.1710205078125,2.0
379375.0,76.0,10.0,4.0,-2.5085951238623077,-4.067755797903177,1.5591606740408697,-4.615585926456571,2.1069908025942636,-4.730172453527509,2.2215773296652017,0.662416655624332,1.2,1.0,0.4396511483722514,0.0,0.0,0.09999999999999999,278.4230041503906,716.1710205078125,2.0
386862.0,77.0,10.0,4.0,-4.138003712842423,-4.0173478026853555,-0.12065591015706723,-3.8947023039535544,-0.2433014088888683,-4.140205061729083,0.002201348886660348,0.12285725904372757,0.2,1.0,0.615299784821573,0.0,0.0,0.1,255.42300415039062,724.5709838867188,2.0
391854.0,78.0,10.0,4.0,-2.619504910696585,-3.580860565657445,0.96135565496086,-3.5296242768066572,0.9101193661100724,-3.6031500096832643,0.9836450989866794,0.02228944402581945,0.8,1.0,0.4538771396096782,0.0,0.0,0.09999999999999999,276.4230041503906,729.9710083007812,2.0
400590.0,79.0,10.0,4.0,-1.3297500938827345,-1.9119877698550645,0.58223767597233,-1.7595624314307843,0.4298123375480498,-1.9158768270066497,0.5861267331239153,0.0038890571515852734,0.6,1.0,0.2646979739321705,0.0,0.0,0.1,249.822998046875,739.77099609375,2.0
404334.0,80.0,10.0,4.0,-1.5625840633027634,-3.1477925271448486,1.5852084638420851,-3.633255713662682,2.0706716503599187,-3.633255713662682,2.0706716503599187,0.4854631865178334,1.0,1.0,0.3032211414982885,0.0,0.0,0.1,274.62298583984375,743.77099609375,2.0
408077.0,81.0,10.0,4.0,-1.316775681254696,-1.9722420080114655,0.6554663267567695,-2.041904118954233,0.7251284376995368,-2.041904118954233,0.7251284376995368,0.06966211094276731,1.0,0.75,0.26217043335564566,0.5,0.7071067811865476,0.1,263.02301025390625,747.9710083007812,2.0
410573.0,82.0,10.0,4.0,-1.9220135781175336,-3.8738106650395476,1.951797086922014,-3.9632983636683496,2.041284785550816,-4.0563939940353,2.1343804159177666,0.18258332899575258,0.8,1.0,0.35980850168986594,0.0,0.0,0.09999999999999998,255.42300415039062,750.77099609375,2.0
418061.0,83.0,10.0,4.0,-2.2472836552956226,-2.4654769138695865,0.21819325857396388,-2.5189309248809932,0.27164726958537067,-2.536513630658355,0.28922997536273254,0.07103671678876866,1.2,1.0,0.4044604001167491,0.0,0.0,0.1,268.822998046875,758.9710083007812,2.0
426797.0,84.0,10.0,4.0,-1.7399774815344964,-2.049291679680111,0.30931419814561467,-1.9741107592354812,0.2341332777009848,-2.045559166131742,0.30558168459724566,-0.0037325135483690097,0.6,1.0,0.33088675851135013,0.0,0.0,0.10000000000000005,278.4230041503906,768.5709838867188,2.0
428045.0,85.0,10.0,4.0,-1.602697762706373,-1.880001953522838,0.27730419081646507,-1.8831365820051715,0.28043881929879855,-1.8949900747169182,0.2922923120105452,0.014988121194080106,0.8,1.0,0.3090526176195573,0.0,0.0,0.1,274.62298583984375,769.9710083007812,2.0
433036.0,86.0,10.0,4.0,-2.237232077108325,-2.5667200739023017,0.32948799679397656,-2.391961981633974,0.15472990452564872,-2.5622823529056413,0.32505027579731616,-0.004437720996660399,0.6,1.0,0.4035098744908616,0.0,0.0,0.1,259.2229919433594,775.5709838867188,2.0
434284.0,87.0,10.0,4.0,-1.8794867268656203,-2.8713384003067883,0.991851673441168,-3.1641436151750595,1.2846568883094391,-3.236618456894853,1.3571317300292327,0.3652800565880647,1.2,1.0,0.3518745018239216,0.0,0.0,0.1,255.42300415039062,776.9710083007812,2.0
436780.0,88.0,10.0,4.0,-1.5661188986422103,-1.9263487241708321,0.3602298255286218,-1.991006546942538,0.42488764830032766,-1.991006546942538,0.42488764830032766,0.06465782277170584,1.0,0.75,0.3041623161431723,1.0,1.118033988749895,0.09999999999999998,247.822998046875,779.77099609375,2.0
445516.0,89.0,10.0,4.0,-1.3486431321581374,-1.9748555860605712,0.6262124539024339,-2.0567874217017996,0.7081442895436623,-2.0567874217017996,0.7081442895436623,0.08193183564122841,1.0,0.75,0.26752331439737775,0.5,1.0,0.09999999999999998,257.4230041503906,789.3709716796875,2.0
460491.0,90.0,10.0,4.0,-1.4224593833706067,-1.5880146738127783,0.16555529044217154,-1.5624471654589218,0.13998778208831508,-1.592255888986047,0.16979650561544024,0.004241215173268698,0.8,1.0,0.2797642599315742,0.0,0.0,0.1,247.822998046875,805.9710083007812,2.0
461739.0,91.0,10.0,4.0,-1.1113679148994187,-1.6652218766554845,0.5538539617560658,-1.7175299608224996,0.606162045923081,-1.7190851548150712,0.6077172399156525,0.05386327815958669,0.8,0.75,0.2265111838711757,1.5,1.0,0.09999999999999996,244.0229949951172,807.3709716796875,2.0
470475.0,92.0,10.0,4.0,-2.2891918670791767,-3.034008079244112,0.7448162121649355,-3.0774520152401736,0.788260148160997,-3.0896502897104288,0.8004584226312521,0.055642210466316566,0.8,1.0,0.4100279664268971,0.0,0.0,0.10000000000000002,253.6230010986328,816.9710083007812,2.0
472971.0,93.0,10.0,4.0,-1.3557334705239212,-2.982001142448365,1.6262676719244438,-3.2694800357931033,1.913746565269182,-3.2694800357931033,1.913746565269182,0.2874788933447383,1.0,1.0,0.26935423956521815,0.0,0.0,0.1,246.0229949951172,819.77099609375,2.0
474219.0,94.0,10.0,4.0,-1.443306536380484,-2.6034104078537377,1.1601038714732537,-2.5501725312980565,1.1068659949175725,-2.7123257488348607,1.2690192124543767,0.10891534098112299,0.8,1.0,0.28333701925968213,0.0,0.0,0.10000000000000002,278.4230041503906,820.9710083007812,2.0
475466.0,95.0,10.0,4.0,-1.3220993882300713,-1.3824056587126001,0.06030627048252879,-1.392411946392058,0.07031255816198656,-1.392411946392058,0.07031255816198656,0.01000628767945777,1.0,1.0,0.26305403825251844,0.0,0.0,0.09999999999999999,274.4230041503906,822.3709716796875,2.0
476714.0,96.0,10.0,4.0,-1.040544693672264,-1.3443506779653813,0.30380598429311734,-1.387218191323909,0.346673497651645,-1.387218191323909,0.346673497651645,0.042867513358527676,1.0,0.75,0.21330620712023257,0.5,1.0,0.10000000000000002,270.62298583984375,823.77099609375,2.0
489194.0,97.0,10.0,4.0,-1.924738776485373,-2.238154363785366,0.3134155872999931,-2.267892629856785,0.34315385337141224,-2.267892629856785,0.34315385337141224,0.02973826607141916,1.0,1.0,0.3593760482018235,0.0,0.0,0.09999999999999999,268.822998046875,837.5709838867188,2.0
490442.0,98.0,10.0,4.0,-1.7529654103117285,-2.998594570406331,1.2456291600946023,-2.9467161553195647,1.1937507450078362,-2.993849945584057,1.2408845352723283,-0.004744624822274002,0.8,0.75,0.3327917504403825,0.0,1.0,0.10000000000000002,265.02301025390625,838.9710083007812,2.0
497930.0,99.0,10.0,4.0,-2.8975803241931244,-3.2223677059623155,0.3247873817691911,-3.3348552186231704,0.43727489443004597,-3.379925910689754,0.4823455864966295,0.15755820472743842,1.2,1.0,0.48735701270418774,0.0,0.0,0.09999999999999999,278.4230041503906,847.1710205078125,2.0
2495.0,0.0,10.0,8.0,-2.665163138773201,-4.60793051659859,1.942767377825389,-4.551014539492938,1.8858514007197367,-4.621036805016762,1.9558736662435607,0.01310628841817163,0.8,0.875,0.4609268580015339,0.7905694150420949,0.3535533905932738,0.10000000000000002,270.822998046875,299.77099609375,2.0
9983.0,1.0,10.0,8.0,-3.199172921683664,-4.136862507597721,0.937689585914057,-4.094314365404683,0.8951414437210192,-4.16012061181244,0.9609476901287759,0.023258104214718855,0.8,0.875,0.5233371676885133,0.0,1.0606601717798212,0.1,248.0229949951172,308.1709899902344,2.0
12479.0,2.0,10.0,8.0,-4.212026833710859,-4.717474369238587,0.5054475355277281,-4.426932189008683,0.21490535529782395,-4.730908272390443,0.5188814386795837,0.013433903151855553,0.6,1.0,0.6230946197155358,0.0,0.0,0.1,276.62298583984375,310.77099609375,2.0
24958.0,3.0,10.0,8.0,-3.0750434532855317,-3.4432970543357193,0.36825360105018756,-3.312454148244388,0.23741069495885636,-3.4462988548637217,0.3712554015781899,0.003001800528002363,0.6,0.875,0.5084314372964356,1.7677669529663689,0.5,0.10000000000000005,274.62298583984375,324.5710144042969,2.0
27454.0,4.0,10.0,8.0,-5.091264856461388,-7.764727303945026,2.6734624474836384,-8.320221375063483,3.2289565186020948,-8.390163956838167,3.2988991003767794,0.625436652893141,1.2,0.875,0.6918816634969698,0.5,0.7905694150420949,0.1,267.02301025390625,327.3710021972656,2.0
33694.0,5.0,10.0,8.0,-3.9855637545913063,-7.239520673165396,3.2539569185740898,-7.186195464054421,3.200631709463115,-7.256840884640607,3.271277130049301,0.017320211475211345,0.8,1.0,0.6020661980019735,0.0,0.0,0.10000000000000005,248.0229949951172,334.3710021972656,2.0
34942.0,6.0,10.0,8.0,-2.46957167419533,-4.2331649200977335,1.7635932459024035,-4.706327236014372,2.2367555618190424,-4.706327236014372,2.2367555618190424,0.47316231591663893,1.0,0.75,0.4352041498573192,1.118033988749895,1.118033988749895,0.1,244.22300720214844,335.77099609375,2.0
37438.0,7.0,10.0,8.0,-3.0862071182250954,-5.74016022695751,2.6539531087324146,-4.964544145857933,1.8783370276328375,-5.719920752905637,2.633713634680541,-0.02023947405187343,0.8,1.0,0.5098398675024325,0.0,0.0,0.1,272.822998046875,338.3710021972656,2.0
39934.0,8.0,10.0,8.0,-2.587063767060622,-4.773246939592785,2.1861831725321634,-4.741959019390858,2.1548952523302365,-4.849543966067069,2.262480199006447,0.07629702647428349,0.8,1.0,0.4502790578263238,0.0,0.0,0.09999999999999995,265.2229919433594,341.1709899902344,2.0
41182.0,9.0,10.0,8.0,-3.961740376665706,-8.208030794626756,4.246290417961051,-8.199244858658163,4.237504481992458,-8.298506303135582,4.336765926469877,0.0904755085088258,0.8,1.0,0.6005979691886694,0.0,0.0,0.1,261.4230041503906,342.5710144042969,2.0
47421.0,10.0,10.0,8.0,-5.208969413149367,-6.573111180186392,1.364141767037025,-6.558778272379992,1.3498088592306248,-6.6345159801857045,1.4255465670363376,0.06140479999931259,0.8,0.875,0.7008411053373338,0.3535533905932738,0.3535533905932738,0.1,278.4230041503906,349.3710021972656,2.0
48669.0,11.0,10.0,8.0,-4.299029352488589,-5.193557127393465,0.8945277749048755,-5.174632146740165,0.8756027942515754,-5.233127795085187,0.9340984425965972,0.039570667691721795,0.8,1.0,0.6296305317052052,0.0,0.0,0.09999999999999998,274.62298583984375,350.77099609375,2.0
52413.0,12.0,10.0,8.0,-7.2246125478717875,-8.81587054808121,1.5912580002094217,-8.081985098768309,0.8573725508965211,-8.824972386326827,1.6003598384550397,0.009101838245618055,0.6,1.0,0.8117336253075247,0.0,0.0,0.09999999999999998,263.2229919433594,354.97100830078125,2.0
57405.0,13.0,10.0,8.0,-4.6525009540117885,-4.946000810320438,0.2934998563086495,-4.92589453829505,0.2733935842832613,-4.945733119845539,0.2932321658337509,-0.00026769047489860753,0.8,1.0,0.6580611466287605,0.0,0.0,0.10000000000000002,248.0229949951172,360.5710144042969,2.0
69884.0,14.0,10.0,8.0,-3.7401524354629334,-5.417078968480942,1.6769265330180083,-5.590186710076735,1.8500342746138019,-5.590186710076735,1.8500342746138019,0.17310774159579356,1.0,1.0,0.578526628935865,0.0,0.0,0.10000000000000002,246.0229949951172,374.3710021972656,2.0
71132.0,15.0,10.0,8.0,-2.862762517485484,-6.3392050733078475,3.4764425558223637,-8.242754196542725,5.379991679057241,-8.242754196542725,5.379991679057241,1.9035491232348773,1.0,0.875,0.4842128368751404,0.0,0.7905694150420949,0.1,278.4230041503906,375.5710144042969,2.0
74876.0,16.0,10.0,8.0,-2.869734437483466,-6.373546787763168,3.5038123502797016,-6.6994866932989,3.829752255815434,-6.809605627286411,3.9398711898029446,0.436058839523243,0.8,1.0,0.4859095496663454,0.0,0.0,0.1,267.02301025390625,379.77099609375,2.0
79868.0,17.0,10.0,8.0,-3.4501945353306427,-5.366891910975503,1.9166973756448602,-5.502013078567101,2.0518185432364584,-5.532869675032103,2.0826751397014602,0.16597776405660003,1.2,0.875,0.5494948991880216,0.0,0.7905694150420949,0.10000000000000002,251.822998046875,385.3710021972656,2.0
84860.0,18.0,10.0,8.0,-2.8692453234396154,-6.887059052896884,4.017813729457268,-8.290636494361257,5.421391170921641,-8.290636494361257,5.421391170921641,1.403577441464373,1.0,0.75,0.48558696442835664,0.3535533905932738,0.7905694150420949,0.1,272.822998046875,390.77099609375,2.0
91099.0,19.0,10.0,8.0,-3.972385119040942,-5.121548084298317,1.1491629652573754,-5.295135696834631,1.322750577793689,-5.297404153200549,1.3250190341596073,0.17585606890223193,1.2,0.875,0.6016100075764645,0.3535533905932738,0.7071067811865476,0.1,253.6230010986328,397.77099609375,2.0
96091.0,20.0,10.0,8.0,-3.147618186105436,-7.002988743468187,3.855370557362751,-8.121774836672062,4.974156650566625,-8.121774836672062,4.974156650566625,1.118786093203875,1.0,1.0,0.5179101096173732,0.0,0.0,0.09999999999999998,274.62298583984375,403.1709899902344,2.0
101083.0,21.0,10.0,8.0,-5.084944322444858,-7.038459757414501,1.9535154349696437,-7.1116103022624975,2.02666597981764,-7.166010011292256,2.0810656888473984,0.12755025387775465,0.8,0.875,0.6917491989041119,0.3535533905932738,0.0,0.1,259.4230041503906,408.77099609375,2.0
103579.0,22.0,10.0,8.0,-6.0350565016979125,-6.463291706400111,0.4282352047021982,-6.128531418173039,0.09347491647512651,-6.484940987553626,0.44988448585571383,0.02164928115351561,0.4,1.0,0.7531910817223487,0.0,0.0,0.1,251.822998046875,411.5710144042969,2.0
107323.0,23.0,10.0,8.0,-4.921138925425753,-5.870873456992225,0.949734531566472,-5.994756194542851,1.073617269117098,-5.994756194542851,1.073617269117098,0.12388273755062595,1.0,0.875,0.6791721419653576,0.3535533905932738,0.7071067811865476,0.09999999999999998,276.62298583984375,415.5710144042969,2.0
131034.0,24.0,10.0,8.0,-3.9008004017456184,-7.405186443560629,3.5043860418150103,-7.1914319413422945,3.290631539596676,-7.462788389525137,3.561987987779519,0.057601945964508516,0.8,0.875,0.5933196948696245,0.0,0.3535533905932738,0.09999999999999998,276.62298583984375,441.77099609375,2.0
132282.0,25.0,10.0,8.0,-3.6083216688579323,-5.5133020796750785,1.9049804108171462,-5.374207687449605,1.7658860185916727,-5.549344594197377,1.9410229253394449,0.036042514522298674,0.8,0.875,0.5657611805408255,0.7071067811865476,0.7071067811865476,0.10000000000000002,272.822998046875,443.1709899902344,2.0
133530.0,26.0,10.0,8.0,-4.675074821160154,-6.093110017101728,1.4180351959415747,-5.925933270117973,1.2508584489578194,-6.1195221050633,1.4444472839031466,0.026412087961571906,0.4,1.0,0.6604192487656334,0.0,0.0,0.1,269.02301025390625,444.5710144042969,2.0
137273.0,27.0,10.0,8.0,-3.6729556785172996,-5.671922977574443,1.9989672990571434,-5.954820607706112,2.2818649291888122,-5.954820607706112,2.2818649291888122,0.2828976301316688,1.0,1.0,0.5730717104422379,0.0,0.0,0.09999999999999999,257.4230041503906,448.77099609375,2.0
141017.0,28.0,10.0,8.0,-5.248221343791283,-6.102895600621691,0.8546742568304087,-5.715573301918392,0.46735195812710906,-6.176926564729009,0.9287052209377267,0.07403096410731802,0.4,1.0,0.7021168636215473,0.0,0.0,0.10000000000000002,246.0229949951172,452.97100830078125,2.0
142265.0,29.0,10.0,8.0,-5.405445963258016,-5.376887099825791,-0.02855886343222469,-5.11601176799375,-0.28943419526426606,-5.431817054439797,0.02637109118178138,0.05492995461400607,0.2,1.0,0.7132897117037102,0.0,0.0,0.1,278.4230041503906,454.1709899902344,2.0
144761.0,30.0,10.0,8.0,-3.2081870283827008,-3.6529750823331515,0.44478805395045073,-3.266546480716617,0.05835945233391637,-3.797098106978041,0.5889110785953404,0.14412302464488969,0.4,1.0,0.5238765911229849,0.0,0.0,0.09999999999999999,270.822998046875,456.97100830078125,2.0
151001.0,31.0,10.0,8.0,-5.837045765528765,-6.441798704591637,0.6047529390628723,-6.403365086784261,0.566319321255496,-6.438557849661272,0.6015120841325077,-0.003240854930364634,0.6,0.875,0.7405812621266963,0.0,0.7071067811865476,0.10000000000000005,251.822998046875,463.97100830078125,2.0
164728.0,32.0,10.0,8.0,-2.64272093497787,-4.57320207881695,1.9304811438390796,-5.1763296027563825,2.5336086677785126,-5.1763296027563825,2.5336086677785126,0.6031275239394329,1.0,0.875,0.4568481292183371,0.3535533905932738,0.0,0.1,246.0229949951172,479.1709899902344,2.0
167224.0,33.0,10.0,8.0,-2.999548440660609,-4.770283966048834,1.7707355253882247,-4.440325668315171,1.4407772276545616,-4.748942516022814,1.749394075362205,-0.021341450026019615,0.8,1.0,0.5002567924087364,0.0,0.0,0.1,274.62298583984375,481.77099609375,2.0
169720.0,34.0,10.0,8.0,-4.417877184908317,-5.592107251586209,1.1742300666778922,-5.447541629996556,1.0296644450882386,-5.588936506840501,1.1710593219321837,-0.0031707447457085536,0.6,1.0,0.6397431017550932,0.0,0.0,0.1,267.02301025390625,484.5710144042969,2.0
174712.0,35.0,10.0,8.0,-3.048712560679263,-4.605956793205731,1.5572442325264682,-5.090029720333041,2.0413171596537776,-5.236921475751533,2.18820891507227,0.6309646825458017,1.2,0.875,0.5068184229504791,0.5,0.7905694150420949,0.1,251.822998046875,490.1709899902344,2.0
182199.0,36.0,10.0,8.0,-3.9962691580891407,-5.664952660621315,1.6686835025321747,-5.770551146197466,1.7742819881083252,-5.770551146197466,1.7742819881083252,0.10559848557615048,1.0,1.0,0.6031567846003729,0.0,0.0,0.09999999999999999,265.02301025390625,498.3710021972656,2.0
184695.0,37.0,10.0,8.0,-4.788454093957738,-6.20480102849998,1.4163469345422417,-6.724532073151676,1.9360779791939375,-6.857528076737225,2.0690739827794866,0.6527270482372449,1.2,1.0,0.6699634125472367,0.0,0.0,0.09999999999999998,257.4230041503906,501.1709899902344,2.0
193431.0,38.0,10.0,8.0,-5.082371788073974,-5.041746558584594,-0.040625229489379855,-4.670922314772449,-0.41144947330152526,-5.210828670143862,0.12845688206988815,0.169082111559268,0.2,1.0,0.6913911670976243,0.0,0.0,0.1,267.02301025390625,510.77099609375,2.0
194679.0,39.0,10.0,8.0,-5.268331083291846,-4.627879160892646,-0.6404519223992002,-4.203500097342081,-1.064830985949765,-5.268331083291828,-1.7763568394002505e-14,0.6404519223991825,0.0,1.0,0.7050872243325025,0.0,0.0,0.1,263.2229919433594,512.1710205078125,2.0
198423.0,40.0,10.0,8.0,-5.685184384100442,-5.662783522828346,-0.022400861272095618,-5.585607948545798,-0.0995764355546438,-5.741934098934639,0.05674971483419711,0.07915057610629272,0.2,0.875,0.7320800746684432,0.7905694150420949,0.3535533905932738,0.09999999999999998,251.822998046875,516.3709716796875,2.0
199671.0,41.0,10.0,8.0,-4.682614604078125,-5.084130950963276,0.4015163468851508,-4.7289098785709935,0.04629527449286819,-5.108707382351292,0.4260927782731665,0.024576431388015685,0.4,1.0,0.6608081891016638,0.0,0.0,0.1,248.0229949951172,517.77099609375,2.0
204662.0,42.0,10.0,8.0,-4.3179039776404124,-4.644172001855373,0.3262680242149605,-4.324531393247503,0.006627415607090903,-4.738376162057158,0.42047218441674516,0.09420416020178468,0.4,1.0,0.6319326643585452,0.0,0.0,0.09999999999999999,268.822998046875,523.1710205078125,2.0
213398.0,43.0,10.0,8.0,-4.8033676334652755,-5.626426491183305,0.8230588577180296,-5.473826862360291,0.6704592288950151,-5.735483932926138,0.932116299460862,0.1090574417428325,0.4,1.0,0.672606270905507,0.0,0.0,0.09999999999999998,278.4230041503906,532.77099609375,2.0
215894.0,44.0,10.0,8.0,-3.3926518246478237,-4.349784202626507,0.9571323779786836,-4.262186712254898,0.8695348876070748,-4.350359741851319,0.9577079172034955,0.0005755392248119051,0.6,0.875,0.5429240886439095,0.0,0.7905694150420949,0.09999999999999998,270.822998046875,535.5709838867188,2.0
217142.0,45.0,10.0,8.0,-4.113562399599566,-6.396435392175253,2.2828729925756868,-6.545674057190166,2.4321116575906006,-6.601098863944021,2.487536464344455,0.2046634717687681,1.2,0.875,0.6144852973648897,0.3535533905932738,0.7905694150420949,0.09999999999999999,267.02301025390625,536.9710083007812,2.0
225878.0,46.0,10.0,8.0,-4.4016571899102095,-5.566953519155623,1.1652963292454137,-5.148231113856305,0.7465739239460953,-5.581163436508478,1.1795062465982689,0.01420991735285515,0.6,1.0,0.6386199707474726,0.0,0.0,0.10000000000000002,276.62298583984375,546.5709838867188,2.0
235861.0,47.0,10.0,8.0,-5.829917539277536,-6.581454177124076,0.7515366378465398,-6.663288669539444,0.8333711302619076,-6.663288669539444,0.8333711302619076,0.08183449241536778,1.0,1.0,0.7402878211482227,0.0,0.0,0.10000000000000002,246.0229949951172,557.77099609375,2.0
244597.0,48.0,10.0,8.0,-8.167338637808664,-8.438676851861949,0.2713382140532854,-7.784568557358864,-0.38277008044979954,-8.65390306527206,0.4865644274633958,0.2152262134101104,0.4,1.0,0.8490330165919902,0.0,0.0,0.1,255.6230010986328,567.3709716796875,2.0
247093.0,49.0,10.0,8.0,-3.495815292935978,-4.791618848506805,1.295803555570827,-4.466552226580053,0.9707369336440745,-4.785407311021743,1.2895920180857647,-0.006211537485062202,0.8,0.875,0.5540603082622504,0.3535533905932738,0.8660254037844386,0.1,248.0229949951172,570.1710205078125,2.0
252084.0,50.0,10.0,8.0,-3.65171264307095,-3.897183807636029,0.24547116456507867,-3.5877187690434935,-0.0639938740274566,-3.9374518731140173,0.2857392300430672,0.04026806547798856,0.4,1.0,0.5709698703057605,0.0,0.0,0.09999999999999998,268.822998046875,575.5709838867188,2.0
265812.0,51.0,10.0,8.0,-4.789512297169193,-5.539481520128283,0.7499692229590904,-5.6969136666612465,0.907401369492054,-5.835830593855322,1.0463182966861293,0.2963490737270389,1.2,0.875,0.6698818135196384,0.5,0.3535533905932738,0.09999999999999999,263.2229919433594,590.77099609375,2.0
269556.0,52.0,10.0,8.0,-2.8293326440511466,-4.682158403012808,1.8528257589616617,-5.201070310597052,2.371737666545905,-5.201070310597052,2.371737666545905,0.5189119075842434,1.0,0.875,0.4796435742507261,0.7071067811865476,0.0,0.10000000000000005,251.822998046875,594.9710083007812,2.0
272051.0,53.0,10.0,8.0,-3.958221747331036,-6.1203307828998375,2.1621090355688013,-5.894037153007594,1.935815405676558,-6.169449970972279,2.2112282236412426,0.04911918807244131,0.8,1.0,0.5989759493104462,0.0,0.0,0.1,244.0229949951172,597.77099609375,2.0
273299.0,54.0,10.0,8.0,-3.169044569199735,-4.410594945581191,1.241550376381456,-3.6929255735646054,0.5238810043648705,-4.471327834266815,1.3022832650670804,0.06073288868562443,0.6,1.0,0.5194059786728269,0.0,0.0,0.1,276.4230041503906,598.9710083007812,2.0
285779.0,55.0,10.0,8.0,-5.7538835494957645,-6.152053855310678,0.3981703058149133,-5.781135176592228,0.027251627096463338,-6.197223673150546,0.4433401236547816,0.04516981783986829,0.4,1.0,0.7350595308562868,0.0,0.0,0.1,274.62298583984375,612.77099609375,2.0
290771.0,56.0,10.0,8.0,-9.68090601264023,-9.491577029845624,-0.1893289827946063,-9.315953109733643,-0.36495290290658744,-9.68090601264024,8.881784197001252e-15,0.18932898279461519,0.0,1.0,0.8931124451959993,0.0,0.0,0.1,259.4230041503906,618.3709716796875,2.0
297010.0,57.0,10.0,8.0,-5.583948135153482,-5.880753947049316,0.2968058118958341,-5.762630445857423,0.17868231070394103,-5.884287965677761,0.3003398305242797,0.003534018628445601,0.6,1.0,0.7253829903147478,0.0,0.0,0.09999999999999998,276.4230041503906,625.1710205078125,2.0
298258.0,58.0,10.0,8.0,-8.474679477048344,-8.430074495748169,-0.044604981300174984,-8.398167815537075,-0.07651166151126887,-8.53304715577513,0.0583676787267855,0.10297266002696048,0.2,0.75,0.8598188729381765,0.0,0.5,0.09999999999999998,272.62298583984375,626.5709838867188,2.0
304498.0,59.0,10.0,8.0,-6.111689182889883,-6.523296162694622,0.4116069798047395,-6.580377286305238,0.4686881034153547,-6.592969833329145,0.4812806504392624,0.0696736706345229,1.2,1.0,0.7575095596967587,0.0,0.0,0.10000000000000002,253.6230010986328,633.5709838867188,2.0
306994.0,60.0,10.0,8.0,-3.783217205066203,-5.016916340927163,1.23369913586096,-4.647908313682882,0.8646911086166784,-5.012883052930663,1.2296658478644598,-0.004033287996500157,0.6,0.75,0.5839801606253763,0.5,0.6123724356957945,0.09999999999999998,246.0229949951172,636.3709716796875,2.0
311986.0,61.0,10.0,8.0,-4.131164462269094,-5.352328147667139,1.2211636853980448,-5.389162690840742,1.2579982285716476,-5.420531490019107,1.2893670277500124,0.06820334235196768,0.8,1.0,0.6152452490838383,0.0,0.0,0.1,267.02301025390625,641.77099609375,2.0
314482.0,62.0,10.0,8.0,-4.638168823348867,-6.905423015024904,2.267254191676037,-7.038080434887947,2.39991161153908,-7.050701156179654,2.4125323328307875,0.14527814115475035,0.8,0.875,0.6600557503090384,0.5,0.3535533905932738,0.10000000000000002,259.4230041503906,644.5709838867188,2.0
320721.0,63.0,10.0,8.0,-4.368959097992357,-9.3499623074384,4.981003209446043,-8.199813387679901,3.8308542896875446,-9.636729919161523,5.267770821169166,0.28676761172312304,0.8,1.0,0.6355184581269112,0.0,0.0,0.10000000000000002,276.4230041503906,651.3709716796875,2.0
328209.0,64.0,10.0,8.0,-4.458429970848915,-5.942887730839743,1.4844577599908284,-6.231304076337184,1.7728741054882695,-6.237687569600265,1.7792575987513501,0.29479983876052174,1.2,0.875,0.6431738016245626,0.5,0.3535533905932738,0.1,253.6230010986328,659.77099609375,2.0
330705.0,65.0,10.0,8.0,-2.7203068251175004,-5.6227644493656666,2.902457624248166,-5.276733349775725,2.5564265246582245,-5.820927391926168,3.1006205668086677,0.1981629425605016,0.8,0.875,0.4664453406192333,0.0,0.3535533905932738,0.10000000000000002,246.0229949951172,662.5709838867188,2.0
334449.0,66.0,10.0,8.0,-4.616018351137867,-7.559850479644511,2.943832128506644,-8.502938369353322,3.886920018215455,-8.803045883343785,4.187027532205918,1.243195403699274,1.2,0.875,0.6559100431445232,0.5,0.3535533905932738,0.09999999999999998,270.822998046875,666.5709838867188,2.0
339441.0,67.0,10.0,8.0,-5.533696843645095,-6.352292240909651,0.8185953972645557,-6.100640634041391,0.5669437903962962,-6.353763162732086,0.8200663190869912,0.001470921822435578,0.6,0.875,0.7222813247855138,0.0,0.3535533905932738,0.1,255.6230010986328,672.1710205078125,2.0
343184.0,68.0,10.0,8.0,-4.935482405120546,-7.089242145958153,2.1537597408376064,-7.005849888534569,2.0703674834140227,-7.188509522166343,2.2530271170457965,0.09926737620819015,0.8,1.0,0.680331968923435,0.0,0.0,0.1,244.0229949951172,676.3709716796875,2.0
349424.0,69.0,10.0,8.0,-6.269028247666495,-7.0232943722675865,0.7542661246010915,-6.931321067265949,0.662292819599454,-7.015554677995319,0.7465264303288244,-0.0077396942722671724,0.8,1.0,0.7650591233839572,0.0,0.0,0.10000000000000002,261.2229919433594,683.1710205078125,2.0
350672.0,70.0,10.0,8.0,-9.53976009471221,-9.313022100484934,-0.22673799422727647,-9.305421140090633,-0.2343389546215775,-9.53976009471226,4.973799150320701e-14,0.2267379942273262,0.0,1.0,0.8898621036481098,0.0,0.0,0.10000000000000002,257.4230041503906,684.5709838867188,2.0
354416.0,71.0,10.0,8.0,-8.447784359671196,-8.447784359671209,1.2434497875801753e-14,-8.44778435967121,1.4210854715202004e-14,-8.44778435967121,1.4210854715202004e-14,1.7763568394002505e-15,1.0,1.0,0.8580107500627788,0.0,0.0,0.09999999999999996,246.0229949951172,688.77099609375,2.0
363151.0,72.0,10.0,8.0,-4.18134121921705,-5.562769482189194,1.3814282629721442,-5.202746217599118,1.021404998382068,-5.546200145515384,1.3648589262983348,-0.01656933667380933,0.8,0.875,0.6191715562232083,0.3535533905932738,0.3535533905932738,0.09999999999999998,255.42300415039062,698.3709716796875,2.0
371887.0,73.0,10.0,8.0,-2.8235508411967354,-4.5795502451155725,1.7559994039188371,-4.55074504702365,1.7271942058269145,-4.69970686092492,1.8761560197281844,0.12015661580934722,0.8,1.0,0.47976413778190397,0.0,0.0,0.1,265.02301025390625,707.9710083007812,2.0
373135.0,74.0,10.0,8.0,-3.395636414296745,-4.551639196134557,1.1560027818378122,-4.746242273675702,1.3506058593789572,-4.746242273675702,1.3506058593789572,0.19460307754114492,1.0,1.0,0.5447079674086179,0.0,0.0,0.1,261.2229919433594,709.3709716796875,2.0
375631.0,75.0,10.0,8.0,-5.169803724445801,-7.777917569616115,2.6081138451703136,-7.739565628350152,2.569761903904351,-7.989601307604833,2.8197975831590316,0.21168373798871798,0.8,1.0,0.6969072267072055,0.0,0.0,0.1,253.6230010986328,712.1710205078125,2.0
379375.0,76.0,10.0,8.0,-4.237550997277192,-6.262726231870715,2.025175234593523,-6.917562310315711,2.680011313038519,-7.029087093959088,2.791536096681896,0.7663608620883728,1.2,1.0,0.6247797709109953,0.0,0.0,0.09999999999999999,278.4230041503906,716.1710205078125,2.0
386862.0,77.0,10.0,8.0,-8.063422373293527,-8.06342237329352,-7.105427357601002e-15,-8.063422373293523,-3.552713678800501e-15,-8.063422373293523,-3.552713678800501e-15,3.552713678800501e-15,0.0,1.0,0.8458165942682923,0.0,0.0,0.1,255.42300415039062,724.5709838867188,2.0
391854.0,78.0,10.0,8.0,-5.120849969701508,-5.959010316216987,0.8381603465154788,-5.579319838730637,0.4584698690291287,-5.989030455031278,0.8681804853297699,0.03002013881429111,0.4,0.875,0.6941605222558273,0.7071067811865476,0.0,0.09999999999999999,276.4230041503906,729.9710083007812,2.0
400590.0,79.0,10.0,8.0,-2.672536054154649,-5.522257116121567,2.8497210619669184,-6.007979087002434,3.3354430328477855,-6.007979087002434,3.3354430328477855,0.4857219708808671,1.0,0.875,0.46114085507467306,0.3535533905932738,0.5,0.1,249.822998046875,739.77099609375,2.0
404334.0,80.0,10.0,8.0,-3.2892823187369657,-5.908520981707,2.6192386629700346,-6.227556431349832,2.9382741126128664,-6.227556431349832,2.9382741126128664,0.3190354496428318,1.0,1.0,0.5329384657535907,0.0,0.0,0.1,274.62298583984375,743.77099609375,2.0
408077.0,81.0,10.0,8.0,-2.3824805776671214,-3.5610425907894907,1.1785620131223693,-2.956420878610189,0.5739403009430677,-3.5382794446639165,1.1557988669967951,-0.022763146125574174,0.6,0.875,0.42371148522431845,1.0606601717798212,0.8660254037844386,0.1,263.02301025390625,747.9710083007812,2.0
410573.0,82.0,10.0,8.0,-3.1080063698193694,-4.9996408636891125,1.8916344938697431,-5.0541309950586575,1.946124625239288,-5.124899177698179,2.0168928078788095,0.1252583140090664,0.8,0.875,0.5136506127189879,0.3535533905932738,0.6123724356957945,0.09999999999999998,255.42300415039062,750.77099609375,2.0
418061.0,83.0,10.0,8.0,-3.3958662385861187,-3.609471812724288,0.21360557413816927,-3.6227964849186756,0.22693024633255687,-3.6227964849186756,0.22693024633255687,0.013324672194387599,1.0,1.0,0.5432308142445903,0.0,0.0,0.1,268.822998046875,758.9710083007812,2.0
426797.0,84.0,10.0,8.0,-3.283913674424314,-4.099157566841447,0.8152438924171328,-3.838270319867925,0.5543566454436113,-4.1023252632157545,0.8184115887914407,0.0031676963743079156,0.6,1.0,0.5321785260545758,0.0,0.0,0.10000000000000005,278.4230041503906,768.5709838867188,2.0
428045.0,85.0,10.0,8.0,-2.8878320535668434,-3.8480437524329814,0.960211698866138,-3.866024737139386,0.9781926835725425,-3.9012587385959154,1.013426685029072,0.053214986162934075,0.8,0.875,0.4863741798598403,0.7071067811865476,0.7905694150420949,0.1,274.62298583984375,769.9710083007812,2.0
433036.0,86.0,10.0,8.0,-3.6748014207809736,-3.991242673568201,0.31644125278722735,-3.6792371323018207,0.0044357115208470965,-3.9979532810706315,0.3231518602896579,0.006710607502430577,0.6,1.0,0.5722425943330378,0.0,0.0,0.1,259.2229919433594,775.5709838867188,2.0
434284.0,87.0,10.0,8.0,-2.948102492515769,-4.700159870330975,1.7520573778152055,-5.127506949640255,2.1794044571244857,-5.127768597988316,2.1796661054725472,0.4276087276573417,1.2,0.875,0.4939790531051658,0.7071067811865476,0.0,0.1,255.42300415039062,776.9710083007812,2.0
436780.0,88.0,10.0,8.0,-2.790334875010816,-3.5972207254197057,0.8068858504088898,-3.787979223068072,0.9976443480572561,-3.787979223068072,0.9976443480572561,0.19075849764836628,1.0,1.0,0.47594045912408706,0.0,0.0,0.09999999999999998,247.822998046875,779.77099609375,2.0
445516.0,89.0,10.0,8.0,-2.7530583927728873,-4.935395361266989,2.182336968494102,-4.726732922902246,1.973674530129359,-5.090575982687495,2.337517589914608,0.15518062142050582,0.8,1.0,0.4706642381882993,0.0,0.0,0.09999999999999998,257.4230041503906,789.3709716796875,2.0
460491.0,90.0,10.0,8.0,-2.576558354744058,-3.2932226949164995,0.7166643401724415,-3.247031725776537,0.6704733710324788,-3.3139908809721423,0.7374325262280843,0.02076818605564279,0.8,0.875,0.4483980530070438,1.0606601717798212,0.3535533905932738,0.1,247.822998046875,805.9710083007812,2.0
461739.0,91.0,10.0,8.0,-2.378859047899359,-4.166226548190218,1.7873675002908587,-4.460086720307762,2.0812276724084033,-4.460086720307762,2.0812276724084033,0.29386017211754467,1.0,0.875,0.42327257775031224,0.0,1.0,0.09999999999999996,244.0229949951172,807.3709716796875,2.0
470475.0,92.0,10.0,8.0,-4.79039449257037,-5.465933290255176,0.6755387976848057,-5.152832096168539,0.3624376035981687,-5.479548872778711,0.6891543802083406,0.013615582523534897,0.6,1.0,0.6690788357359768,0.0,0.0,0.10000000000000002,253.6230010986328,816.9710083007812,2.0
472971.0,93.0,10.0,8.0,-2.503566089804017,-4.053772268530849,1.5502061787268318,-4.258105424784512,1.7545393349804952,-4.258105424784512,1.7545393349804952,0.20433315625366344,1.0,1.0,0.43974737676301734,0.0,0.0,0.1,246.0229949951172,819.77099609375,2.0
474219.0,94.0,10.0,8.0,-2.6322208662159396,-3.588773144869118,0.9565522786531782,-3.530822755989999,0.8986018897740595,-3.6077344040431565,0.9755135378272168,0.01896125917403868,0.8,1.0,0.45555124198067176,0.0,0.0,0.10000000000000002,278.4230041503906,820.9710083007812,2.0
475466.0,95.0,10.0,8.0,-2.2086945806118714,-3.0138703494313646,0.8051757688194932,-3.1675200955586407,0.9588255149467693,-3.1675200955586407,0.9588255149467693,0.1536497461272761,1.0,0.875,0.40094513720535546,0.3535533905932738,0.3535533905932738,0.09999999999999999,274.4230041503906,822.3709716796875,2.0
476714.0,96.0,10.0,8.0,-2.0272800157797524,-2.5401729849447956,0.5128929691650432,-2.7092294641979815,0.6819494484182291,-2.7309056898951534,0.703625674115401,0.19073270495035777,1.2,1.0,0.3739922182763597,0.0,0.0,0.10000000000000002,270.62298583984375,823.77099609375,2.0
489194.0,97.0,10.0,8.0,-3.435978333059454,-3.963509883807164,0.5275315507477099,-3.8796011080936315,0.44362277503417724,-3.9574555463679606,0.5214772133085064,-0.006054337439203472,0.6,1.0,0.5484127900951226,0.0,0.0,0.09999999999999999,268.822998046875,837.5709838867188,2.0
490442.0,98.0,10.0,8.0,-3.379683480455639,-4.600470470563235,1.2207869901075963,-4.526752286276078,1.1470688058204388,-4.607692248498546,1.2280087680429075,0.007221777935311202,0.6,1.0,0.5420466992361326,0.0,0.0,0.10000000000000002,265.02301025390625,838.9710083007812,2.0
497930.0,99.0,10.0,8.0,-4.5403508039814815,-4.865485284457862,0.3251344804763807,-4.894623939387292,0.3542731354058102,-4.9848161426550295,0.444465338673548,0.11933085819716727,1.2,1.0,0.6497267207496531,0.0,0.0,0.09999999999999999,278.4230041503906,847.1710205078125,2.0
2495.0,0.0,10.0,16.0,-4.810109502832545,-7.176511325084249,2.366401822251704,-7.1786493925395165,2.3685398897069714,-7.206486424456252,2.396376921623707,0.029975099372003378,0.8,1.0,0.6737347638777438,0.0,0.0,0.10000000000000002,270.822998046875,299.77099609375,2.0
9983.0,1.0,10.0,16.0,-5.0115046870774105,-6.17597478810662,1.1644701010292096,-6.0575665877141835,1.046061900636773,-6.180405297819082,1.1689006107416713,0.004430509712461728,0.8,0.9375,0.6888522473811617,0.8660254037844386,0.5,0.1,248.0229949951172,308.1709899902344,2.0
12479.0,2.0,10.0,16.0,-6.736535168490409,-8.017042290685126,1.2805071221947166,-7.294827122550748,0.5582919540603388,-8.032873545662913,1.2963383771725034,0.015831254977786813,0.6,0.9375,0.7913084913885295,0.5,0.4330127018922193,0.1,276.62298583984375,310.77099609375,2.0
24958.0,3.0,10.0,16.0,-5.630210559639764,-6.480840565485908,0.8506300058461438,-6.4148538434216125,0.7846432837818487,-6.504095914933197,0.8738853552934334,0.023255349447289575,0.8,0.9375,0.7295382994427707,0.75,0.25,0.10000000000000005,274.62298583984375,324.5710144042969,2.0
27454.0,4.0,10.0,16.0,-7.111623165737813,-10.477241681964511,3.3656185162266983,-10.521509069801915,3.4098859040641027,-10.587646338416818,3.476023172679005,0.11040465645230668,0.8,0.9375,0.8091880996057303,0.25,0.4330127018922193,0.1,267.02301025390625,327.3710021972656,2.0
33694.0,5.0,10.0,16.0,-6.602023199016607,-9.28650678008161,2.6844835810650025,-9.243888125144464,2.641864926127857,-9.3083786075022,2.706355408485594,0.021871827420591572,1.2,1.0,0.7835379089486478,0.0,0.0,0.10000000000000005,248.0229949951172,334.3710021972656,2.0
34942.0,6.0,10.0,16.0,-5.315070248665097,-6.983945231897472,1.6688749832323753,-6.777418793908682,1.462348545243585,-6.997922116093011,1.6828518674279138,0.013976884195538553,0.6,1.0,0.7091840361427707,0.0,0.0,0.1,244.22300720214844,335.77099609375,2.0
37438.0,7.0,10.0,16.0,-5.557787639557961,-8.722942319490809,3.165154679932848,-8.023408475064606,2.4656208355066456,-8.6923639916155,3.1345763520575387,-0.03057832787530934,0.6,0.9375,0.7248607140652887,1.14564392373896,0.5,0.1,272.822998046875,338.3710021972656,2.0
39934.0,8.0,10.0,16.0,-4.351181753600369,-7.023848786172714,2.6726670325723445,-7.177606488003462,2.8264247344030924,-7.192080369598894,2.8408986159985252,0.16823158342618072,1.2,0.875,0.6363021568221251,1.0606601717798212,0.75,0.09999999999999995,265.2229919433594,341.1709899902344,2.0
41182.0,9.0,10.0,16.0,-6.16300505075805,-9.889493381928586,3.726488331170536,-9.90401900926347,3.7410139585054196,-9.95200197527336,3.7889969245153097,0.06250859334477354,0.8,0.875,0.7613255584887306,0.82915619758885,0.25,0.1,261.4230041503906,342.5710144042969,2.0
47421.0,10.0,10.0,16.0,-7.9621752277917555,-9.484609396972697,1.5224341691809418,-9.497609065426701,1.5354338376349457,-9.521714418753094,1.5595391909613383,0.03710502178039654,1.2,1.0,0.8442760414381247,0.0,0.0,0.1,278.4230041503906,349.3710021972656,2.0
48669.0,11.0,10.0,16.0,-6.684499832306823,-7.324391801638187,0.639891969331364,-6.688903612135089,0.004403779828265897,-7.414348862636957,0.7298490303301337,0.08995706099876966,0.4,0.9375,0.7878940817771519,0.5590169943749475,0.5,0.09999999999999998,274.62298583984375,350.77099609375,2.0
52413.0,12.0,10.0,16.0,-9.626592714968634,-12.170238144022145,2.5436454290535107,-11.077021987789413,1.450429272820779,-12.205438327341774,2.57884561237314,0.035200183319629375,0.6,0.875,0.8942377804680199,0.5590169943749475,0.3535533905932738,0.09999999999999998,263.2229919433594,354.97100830078125,2.0
57405.0,13.0,10.0,16.0,-6.519473069596934,-6.370224119618153,-0.14924894997878102,-6.066499972239613,-0.4529730973573214,-6.768844582048896,0.24937151245196176,0.3986204624307428,0.2,1.0,0.7791859157175104,0.0,0.0,0.10000000000000002,248.0229949951172,360.5710144042969,2.0
69884.0,14.0,10.0,16.0,-6.644540466645901,-9.599015099047815,2.954474632401914,-9.817225457220127,3.1726849905742265,-9.817225457220127,3.1726849905742265,0.21821035817231227,1.0,0.9375,0.7860138574913702,0.0,0.25,0.10000000000000002,246.0229949951172,374.3710021972656,2.0
71132.0,15.0,10.0,16.0,-6.495293771082715,-11.43956245655592,4.944268685473205,-11.553439798232766,5.058146027150051,-11.562757878969306,5.0674641078865905,0.1231954224133851,0.8,0.9375,0.7791992091478714,0.5,0.0,0.1,278.4230041503906,375.5710144042969,2.0
74876.0,16.0,10.0,16.0,-5.480719328372947,-9.34712687545508,3.866407547082133,-9.425633515866462,3.9449141874935147,-9.495753883399424,4.015034555026476,0.14862700794434325,0.8,0.9375,0.7214379979516868,0.25,0.3535533905932738,0.1,267.02301025390625,379.77099609375,2.0
79868.0,17.0,10.0,16.0,-7.181342104293452,-11.606721644856517,4.425379540563065,-11.23429547241907,4.0529533681256185,-11.611906309458579,4.430564205165127,0.005184664602062128,0.6,1.0,0.8117875542294307,0.0,0.0,0.10000000000000002,251.822998046875,385.3710021972656,2.0
84860.0,18.0,10.0,16.0,-6.948627196517153,-13.307862104297968,6.359234907780815,-13.436815655279975,6.4881884587628225,-13.473147029520904,6.524519833003751,0.16528492522293625,0.8,1.0,0.8023365255744515,0.0,0.0,0.1,272.822998046875,390.77099609375,2.0
91099.0,19.0,10.0,16.0,-6.071243707654634,-8.079682362137712,2.0084386544830775,-8.18381523551526,2.1125715278606254,-8.18381523551526,2.1125715278606254,0.10413287337754795,1.0,0.9375,0.7564733142608475,0.3535533905932738,0.3535533905932738,0.1,253.6230010986328,397.77099609375,2.0
96091.0,20.0,10.0,16.0,-6.607204691282995,-11.142005617300143,4.534800926017148,-10.802650527785554,4.195445836502559,-11.100025356658334,4.492820665375339,-0.04198026064180915,0.6,0.9375,0.7855610392921568,0.25,0.3535533905932738,0.09999999999999998,274.62298583984375,403.1709899902344,2.0
101083.0,21.0,10.0,16.0,-7.650607510733792,-9.285875850034069,1.6352683393002767,-9.324480170969986,1.673872660236194,-9.409538850735368,1.7589313400015758,0.1236630007012991,0.8,0.9375,0.832182603409466,0.0,0.4330127018922193,0.1,259.4230041503906,408.77099609375,2.0
103579.0,22.0,10.0,16.0,-9.181658399991658,-8.72875611775325,-0.45290228223840856,-8.047958799622602,-1.1336996003690558,-9.447338300975733,0.26567990098407535,0.7185821832224839,0.2,0.9375,0.8833673677409698,0.75,0.25,0.1,251.822998046875,411.5710144042969,2.0
107323.0,23.0,10.0,16.0,-7.676225546985381,-8.479953595518921,0.8037280485335403,-8.24396978696157,0.5677442399761885,-8.485867204281323,0.8096416572959422,0.0059136087624018785,0.6,0.9375,0.8333226008664365,0.3535533905932738,0.4330127018922193,0.09999999999999998,276.62298583984375,415.5710144042969,2.0
131034.0,24.0,10.0,16.0,-6.863523644890071,-10.712712619971976,3.849188975081905,-10.649749669889259,3.7862260249991877,-10.703295750628083,3.839772105738012,-0.009416869343892742,0.8,1.0,0.7978864470139193,0.0,0.0,0.09999999999999998,276.62298583984375,441.77099609375,2.0
132282.0,25.0,10.0,16.0,-6.213436286554874,-7.871765021130754,1.6583287345758801,-8.019435671630195,1.8059993850753209,-8.019435671630195,1.8059993850753209,0.14767065049944073,1.0,0.9375,0.7637197449264752,0.0,0.5,0.10000000000000002,272.822998046875,443.1709899902344,2.0
133530.0,26.0,10.0,16.0,-7.1290488440656485,-9.280314031126661,2.1512651870610124,-8.840005148332942,1.7109563042672935,-9.313761095264322,2.1847122511986736,0.03344706413766119,0.6,0.9375,0.8088713766345158,0.25,0.5,0.1,269.02301025390625,444.5710144042969,2.0
137273.0,27.0,10.0,16.0,-6.016582014978763,-9.293280441180396,3.2766984262016337,-8.692402663697827,2.675820648719064,-9.283879834399478,3.2672978194207154,-0.009400606780918253,0.6,0.875,0.753428098113868,0.6123724356957945,0.3535533905932738,0.09999999999999999,257.4230041503906,448.77099609375,2.0
141017.0,28.0,10.0,16.0,-8.820479956242483,-9.107675822787032,0.28719586654454865,-8.378511268924564,-0.44196868731791916,-9.712032059454911,0.8915521032124278,0.6043562366678792,0.2,1.0,0.8705722089545034,0.0,0.0,0.10000000000000002,246.0229949951172,452.97100830078125,2.0
142265.0,29.0,10.0,16.0,-9.014719906424398,-9.817783093405211,0.8030631869808129,-8.724020532588451,-0.29069937383594713,-9.932321338460644,0.9176014320362462,0.11453824505543331,0.4,0.9375,0.8765934133152464,0.75,0.3535533905932738,0.1,278.4230041503906,454.1709899902344,2.0
144761.0,30.0,10.0,16.0,-6.431767488184313,-6.519060967807292,0.08729347962297851,-5.794023648805413,-0.6377438393789001,-6.95809068699086,0.5263231988065469,0.43902971918356837,0.2,1.0,0.7755650079952414,0.0,0.0,0.09999999999999999,270.822998046875,456.97100830078125,2.0
151001.0,31.0,10.0,16.0,-9.652505603751566,-9.82668908537923,0.17418348162766506,-9.218877295845845,-0.43362830790572104,-10.075200217033224,0.42269461328165825,0.2485111316539932,0.4,1.0,0.8950256730052334,0.0,0.0,0.10000000000000005,251.822998046875,463.97100830078125,2.0
164728.0,32.0,10.0,16.0,-5.954719409019217,-8.101092392541503,2.1463729835222862,-7.2848706006699,1.3301511916506836,-8.163117853032421,2.2083984440132047,0.062025460490918505,0.6,1.0,0.7492761919314279,0.0,0.0,0.1,246.0229949951172,479.1709899902344,2.0
167224.0,33.0,10.0,16.0,-5.94058029720404,-8.097605646510853,2.1570253493068137,-7.550127477408758,1.6095471802047179,-8.103408750856605,2.1628284536525655,0.0058031043457518194,0.6,1.0,0.7480825774798598,0.0,0.0,0.1,274.62298583984375,481.77099609375,2.0
169720.0,34.0,10.0,16.0,-6.961513020515849,-8.59337252784967,1.6318595073338216,-8.446556129054295,1.4850431085384468,-8.599424896218942,1.637911875703093,0.006052368369271477,0.6,0.9375,0.801139010792739,0.4330127018922193,0.3535533905932738,0.1,267.02301025390625,484.5710144042969,2.0
174712.0,35.0,10.0,16.0,-6.730886174091318,-10.41430836349704,3.6834221894057224,-9.49735943016473,2.7664732560734118,-10.46890566093813,3.738019486846812,0.054597297441089765,0.6,1.0,0.7908785640317865,0.0,0.0,0.1,251.822998046875,490.1709899902344,2.0
182199.0,36.0,10.0,16.0,-6.335505586327473,-7.453048578305524,1.117542991978051,-7.348253135436193,1.0127475491087194,-7.470649629192119,1.1351440428646455,0.01760105088659447,0.6,0.875,0.7710744660284122,0.5590169943749475,0.5590169943749475,0.09999999999999999,265.02301025390625,498.3710021972656,2.0
184695.0,37.0,10.0,16.0,-6.987703706367583,-8.682314899392567,1.6946111930249845,-8.764358837758406,1.7766551313908234,-8.77208340792566,1.784379701558077,0.08976850853309237,1.2,0.9375,0.80351152060426,0.5,0.5590169943749475,0.09999999999999998,257.4230041503906,501.1709899902344,2.0
193431.0,38.0,10.0,16.0,-8.176581565972338,-7.5613432587832365,-0.6152383071891014,-6.97705466650274,-1.199526899469598,-8.246537640761165,0.06995607478882704,0.6851943819779285,0.2,1.0,0.8522147501353021,0.0,0.0,0.1,267.02301025390625,510.77099609375,2.0
194679.0,39.0,10.0,16.0,-8.662244126700852,-8.9787143832236,0.3164702565227486,-8.270783663757136,-0.3914604629437157,-9.249051494440103,0.5868073677392509,0.2703371112165023,0.4,1.0,0.868555679504197,0.0,0.0,0.1,263.2229919433594,512.1710205078125,2.0
198423.0,40.0,10.0,16.0,-8.761150684938334,-8.061114069895206,-0.7000366150431283,-7.372955289746285,-1.3881953951920494,-8.885134356789319,0.12398367185098458,0.8240202868941129,0.2,0.9375,0.8713684505165664,0.3535533905932738,0.3535533905932738,0.09999999999999998,251.822998046875,516.3709716796875,2.0
199671.0,41.0,10.0,16.0,-7.792710835984248,-7.905427974062418,0.11271713807817019,-7.390893595117015,-0.40181724086723225,-7.9926396358809075,0.1999287998966599,0.08721166181848972,0.4,1.0,0.8364676768359295,0.0,0.0,0.1,248.0229949951172,517.77099609375,2.0
204662.0,42.0,10.0,16.0,-8.491028945086553,-7.625562359976802,-0.8654665851097514,-7.051509526495488,-1.4395194185910647,-8.612685736871132,0.121656791784579,0.9871233768943304,0.2,1.0,0.8616223327858799,0.0,0.0,0.09999999999999999,268.822998046875,523.1710205078125,2.0
213398.0,43.0,10.0,16.0,-8.293966532407067,-10.194916932903027,1.9009504004959599,-9.365136511902012,1.071169979494945,-10.704194009226818,2.4102274768197507,0.5092770763237908,0.4,1.0,0.856812946277351,0.0,0.0,0.09999999999999998,278.4230041503906,532.77099609375,2.0
215894.0,44.0,10.0,16.0,-7.212598305292547,-10.477686229208683,3.265087923916136,-9.168418489598768,1.955820184306221,-10.648520983908671,3.4359226786161248,0.17083475469998888,0.4,0.9375,0.8115617331384553,0.25,0.0,0.09999999999999998,270.822998046875,535.5709838867188,2.0
217142.0,45.0,10.0,16.0,-6.665265274961966,-11.166734814553582,4.501469539591616,-11.18889320249461,4.523627927532644,-11.28302387434108,4.617758599379114,0.1162890597874977,0.8,0.9375,0.7891458072407861,0.4330127018922193,0.3535533905932738,0.09999999999999999,267.02301025390625,536.9710083007812,2.0
225878.0,46.0,10.0,16.0,-7.226928993618688,-7.515074172720025,0.2881451791013374,-6.616044062331014,-0.6108849312876741,-7.993145209525152,0.7662162159064643,0.47807103680512686,0.4,1.0,0.8130759314916246,0.0,0.0,0.10000000000000002,276.62298583984375,546.5709838867188,2.0
235861.0,47.0,10.0,16.0,-10.186634972193424,-10.409905360034736,0.22327038784131226,-9.422967145425979,-0.7636678267674455,-10.831968344280106,0.6453333720866823,0.42206298424537003,0.4,1.0,0.906807845713547,0.0,0.0,0.10000000000000002,246.0229949951172,557.77099609375,2.0
244597.0,48.0,10.0,16.0,-11.45600428869762,-12.25212123920874,0.7961169505111201,-11.91509843650157,0.45909414780394897,-12.333728262665652,0.8777239739680311,0.08160702345691107,0.4,0.9375,0.9310594993114671,0.4330127018922193,0.0,0.1,255.6230010986328,567.3709716796875,2.0
247093.0,49.0,10.0,16.0,-6.075610403630227,-8.939737660273181,2.864127256642954,-8.921276197776951,2.845665794146724,-9.058648477902565,2.983038074272338,0.11891081762938427,0.8,0.875,0.7557884338775838,0.0,0.7071067811865476,0.1,248.0229949951172,570.1710205078125,2.0
252084.0,50.0,10.0,16.0,-6.043313573669218,-7.716200834064808,1.6728872603955898,-8.260345940366733,2.2170323666975147,-8.589907302597778,2.54659372892856,0.8737064685329701,1.2,1.0,0.7548261985656108,0.0,0.0,0.09999999999999998,268.822998046875,575.5709838867188,2.0
265812.0,51.0,10.0,16.0,-7.3696094862414805,-8.232676133358558,0.8630666471170771,-7.916572287827042,0.5469628015855612,-8.325998503281673,0.9563890170401921,0.09332236992311493,0.4,0.875,0.8200756155043041,0.5590169943749475,0.25,0.09999999999999999,263.2229919433594,590.77099609375,2.0
269556.0,52.0,10.0,16.0,-5.860966392156424,-8.168080305115858,2.3071139129594336,-7.695873016501037,1.8349066243446126,-8.18758572269439,2.326619330537966,0.019505417578532303,0.6,0.9375,0.7429992335065628,0.3535533905932738,0.5,0.10000000000000005,251.822998046875,594.9710083007812,2.0
272051.0,53.0,10.0,16.0,-7.592269542845167,-11.601456513595823,4.0091869707506556,-10.610785133553822,3.018515590708655,-11.552521678476506,3.9602521356313387,-0.048934835119316844,0.6,0.9375,0.8284984196887554,0.0,0.25,0.1,244.0229949951172,597.77099609375,2.0
273299.0,54.0,10.0,16.0,-7.031998857815525,-9.740456083273223,2.708457225457698,-8.381326257105,1.349327399289475,-9.739143236758018,2.707144378942493,-0.001312846515205024,0.6,1.0,0.8052876277525131,0.0,0.0,0.1,276.4230041503906,598.9710083007812,2.0
285779.0,55.0,10.0,16.0,-7.630370908959368,-8.412940660275137,0.7825697513157683,-7.9241748512971,0.2938039423377319,-8.483775200279085,0.8534042913197171,0.07083454000394873,0.4,0.875,0.830147262616829,0.5590169943749475,0.3535533905932738,0.1,274.62298583984375,612.77099609375,2.0
290771.0,56.0,10.0,16.0,-13.08348713965316,-13.27963178933856,0.19614464968539913,-12.07770613457045,-1.00578100508271,-13.505334963850517,0.4218478241973571,0.22570317451195798,0.4,0.9375,0.9528288763353988,0.0,0.25,0.1,259.4230041503906,618.3709716796875,2.0
297010.0,57.0,10.0,16.0,-7.463633632715773,-8.412614405206968,0.9489807724911952,-8.518699548023285,1.0550659153075124,-8.518699548023285,1.0550659153075124,0.1060851428163172,1.0,0.9375,0.8233823134799143,0.0,0.25,0.09999999999999998,276.4230041503906,625.1710205078125,2.0
298258.0,58.0,10.0,16.0,-10.521971626272663,-12.417132028689783,1.8951604024171207,-12.485682691281188,1.9637110650085248,-12.531135832847418,2.0091642065747557,0.114003804157635,0.8,0.9375,0.9144365410898877,0.25,0.25,0.09999999999999998,272.62298583984375,626.5709838867188,2.0
304498.0,59.0,10.0,16.0,-7.9750635108740155,-8.401077065922681,0.4260135550486659,-8.26023959813739,0.28517608726337507,-8.522300154483844,0.5472366436098284,0.12122308856116248,0.4,0.875,0.8451765226259804,0.6123724356957945,0.4330127018922193,0.10000000000000002,253.6230010986328,633.5709838867188,2.0
306994.0,60.0,10.0,16.0,-7.0667192078728105,-10.13233525646763,3.06561604859482,-10.181116988477203,3.114397780604393,-10.242185812549362,3.1754666046765516,0.10985055608173155,0.8,0.9375,0.808906735635266,0.5,0.75,0.09999999999999998,246.0229949951172,636.3709716796875,2.0
311986.0,61.0,10.0,16.0,-6.84019292675271,-9.969108407495725,3.1289154807430144,-10.229129389234206,3.388936462481496,-10.285712312933127,3.4455193861804165,0.31660390543740213,1.2,0.9375,0.7954909515998063,0.3535533905932738,0.4330127018922193,0.1,267.02301025390625,641.77099609375,2.0
314482.0,62.0,10.0,16.0,-7.820648160720639,-11.008628569977025,3.1879804092563866,-10.57878633242053,2.7581381716998905,-10.998003556722672,3.1773553960020333,-0.010625013254353277,0.6,0.9375,0.8392855243707358,0.3535533905932738,0.3535533905932738,0.10000000000000002,259.4230041503906,644.5709838867188,2.0
320721.0,63.0,10.0,16.0,-7.909235267864656,-12.136215666194005,4.226980398329349,-11.771492638205206,3.8622573703405507,-12.112705317954024,4.2034700500893685,-0.02351034823998077,0.6,1.0,0.840669438735395,0.0,0.0,0.10000000000000002,276.4230041503906,651.3709716796875,2.0
328209.0,64.0,10.0,16.0,-6.968990400174332,-9.071094042347944,2.1021036421736126,-8.747758008035088,1.7787676078607566,-9.062724696354346,2.0937342961800143,-0.008369345993598287,0.6,0.875,0.8020747650441382,0.4330127018922193,0.4330127018922193,0.1,253.6230010986328,659.77099609375,2.0
330705.0,65.0,10.0,16.0,-6.504275883769158,-9.871096483336824,3.3668205995676663,-7.875959911380072,1.3716840276109137,-9.85058850938034,3.3463126256111826,-0.020507973956483738,0.6,0.9375,0.7783831385657778,0.25,0.0,0.10000000000000002,246.0229949951172,662.5709838867188,2.0
334449.0,66.0,10.0,16.0,-7.061377883903278,-10.879030434800569,3.817652550897291,-11.80637256122125,4.7449946773179725,-12.052926791752983,4.991548907849705,1.1738963569524135,1.2,0.875,0.8062830606601056,0.4330127018922193,0.25,0.09999999999999998,270.822998046875,666.5709838867188,2.0
339441.0,67.0,10.0,16.0,-8.082640519243245,-8.857104363581813,0.7744638443385679,-8.699850876034414,0.6172103567911691,-8.85876482691712,0.7761243076738751,0.0016604633353072273,0.6,0.875,0.8485452217279811,0.82915619758885,0.3535533905932738,0.1,255.6230010986328,672.1710205078125,2.0
343184.0,68.0,10.0,16.0,-7.370172295415886,-10.107859090463926,2.73768679504804,-10.26722553153251,2.8970532361166246,-10.26722553153251,2.8970532361166246,0.15936644106858466,1.0,1.0,0.8193581078668817,0.0,0.0,0.1,244.0229949951172,676.3709716796875,2.0
349424.0,69.0,10.0,16.0,-9.197299493871876,-10.232432724477976,1.0351332306060996,-10.216441788285548,1.0191422944136725,-10.244767393935907,1.0474679000640315,0.012334669457931824,0.8,1.0,0.8819989616605977,0.0,0.0,0.10000000000000002,261.2229919433594,683.1710205078125,2.0
350672.0,70.0,10.0,16.0,-11.630956330102117,-13.56764713567114,1.9366908055690217,-13.798296482792239,2.1673401526901213,-13.798296482792239,2.1673401526901213,0.23064934712109952,1.0,0.875,0.9337264119136809,0.25,0.6614378277661477,0.10000000000000002,257.4230041503906,684.5709838867188,2.0
354416.0,71.0,10.0,16.0,-11.735074768265836,-12.021167045269422,0.2860922770035863,-11.397421808501115,-0.3376529597647213,-12.228100736579304,0.4930259683134679,0.2069336913098816,0.4,0.9375,0.9361344316881679,0.3535533905932738,0.4330127018922193,0.09999999999999996,246.0229949951172,688.77099609375,2.0
363151.0,72.0,10.0,16.0,-7.551698154474719,-8.360125939023963,0.8084277845492434,-7.923094748789028,0.3713965943143087,-8.672864087920967,1.1211659334462478,0.31273814889700446,0.4,1.0,0.8263689556125817,0.0,0.0,0.09999999999999998,255.42300415039062,698.3709716796875,2.0
371887.0,73.0,10.0,16.0,-5.210618787884885,-7.543196474333044,2.3325776864481593,-7.26380962191608,2.053190834031195,-7.535127578433243,2.324508790548358,-0.008068895899801198,0.8,1.0,0.7011627081288738,0.0,0.0,0.1,265.02301025390625,707.9710083007812,2.0
373135.0,74.0,10.0,16.0,-5.8130119292335545,-7.045037987040344,1.2320260578067899,-6.980492022119979,1.1674800928864242,-7.044063965192494,1.2310520359589399,-0.000974021847850004,0.6,0.9375,0.7411485585608734,0.25,0.25,0.1,261.2229919433594,709.3709716796875,2.0
375631.0,75.0,10.0,16.0,-8.444737440814356,-11.280174259214004,2.835436818399648,-10.797217236102144,2.3524797952877883,-11.288796398441045,2.8440589576266895,0.008622139227041359,0.6,1.0,0.8603299861847177,0.0,0.0,0.1,253.6230010986328,712.1710205078125,2.0
379375.0,76.0,10.0,16.0,-6.421900877070762,-8.620029150385376,2.198128273314614,-9.005913007280583,2.584012130209821,-9.005913007280583,2.584012130209821,0.385883856895207,1.0,0.9375,0.7753070305525919,0.0,0.25,0.09999999999999999,278.4230041503906,716.1710205078125,2.0
386862.0,77.0,10.0,16.0,-10.47318847905954,-11.415802174431098,0.9426136953715574,-12.05408024060296,1.5808917615434197,-12.05408024060296,1.5808917615434197,0.6382780661718623,1.0,0.9375,0.9151696252508978,1.2747548783981961,0.25,0.1,255.42300415039062,724.5709838867188,2.0
391854.0,78.0,10.0,16.0,-8.381230050092437,-9.248712369486597,0.8674823193941599,-8.709825319403325,0.3285952693108882,-9.355301882001514,0.9740718319090771,0.10658951251491722,0.4,0.9375,0.8581089092285444,1.25,0.0,0.09999999999999999,276.4230041503906,729.9710083007812,2.0
400590.0,79.0,10.0,16.0,-5.3578886021578676,-7.56715710605595,2.209268503898082,-7.6345747209899,2.276686118832033,-7.641629127789305,2.283740525631438,0.07447202173335565,1.2,0.9375,0.7118139975657972,0.25,0.5,0.1,249.822998046875,739.77099609375,2.0
404334.0,80.0,10.0,16.0,-6.1819757997042,-9.337602978898573,3.155627179194373,-9.195100723922664,3.013124924218464,-9.322670765103508,3.140694965399308,-0.014932213795065152,0.6,0.9375,0.7623766909855051,0.3535533905932738,0.4330127018922193,0.1,274.62298583984375,743.77099609375,2.0
408077.0,81.0,10.0,16.0,-4.5067898906616275,-6.427764261148782,1.920974370487155,-6.453055092572418,1.9462652019107907,-6.550163259087252,2.043373368425624,0.1223989979384692,0.8,0.875,0.6488023147252139,0.25,0.5,0.1,263.02301025390625,747.9710083007812,2.0
410573.0,82.0,10.0,16.0,-5.6204363217752835,-7.397673924478097,1.7772376027028134,-7.473008185696738,1.8525718639214546,-7.473008185696738,1.8525718639214546,0.07533426121864117,1.0,0.9375,0.7304661189053132,0.75,0.5590169943749475,0.09999999999999998,255.42300415039062,750.77099609375,2.0
418061.0,83.0,10.0,16.0,-5.335437311631461,-5.983633108899783,0.6481957972683219,-6.554378699266019,1.2189413876345583,-6.554378699266019,1.2189413876345583,0.5707455903662364,1.0,0.875,0.710844356550766,0.0,0.75,0.1,268.822998046875,758.9710083007812,2.0
426797.0,84.0,10.0,16.0,-5.782075368509222,-7.636368347105159,1.8542929785959368,-7.067194107671048,1.2851187391618257,-7.64186359710437,1.8597882285951481,0.00549524999921136,0.6,1.0,0.7391292987746402,0.0,0.0,0.10000000000000005,278.4230041503906,768.5709838867188,2.0
428045.0,85.0,10.0,16.0,-5.298580347388038,-6.970531952344118,1.6719516049560799,-6.914201170744709,1.6156208233566716,-7.05221148552413,1.7536311381360923,0.08167953318001242,0.8,1.0,0.7067210234939286,0.0,0.0,0.1,274.62298583984375,769.9710083007812,2.0
433036.0,86.0,10.0,16.0,-5.495295391483344,-6.350506649587766,0.855211258104422,-5.611266137641284,0.11597074615793979,-6.369749038634238,0.8744536471508937,0.019242389046471686,0.6,0.9375,0.7219332356571296,0.0,0.25,0.1,259.2229919433594,775.5709838867188,2.0
434284.0,87.0,10.0,16.0,-4.884580881779359,-6.6861313975280385,1.80155051574868,-6.939950377422793,2.0553694956434345,-6.939950377422793,2.0553694956434345,0.25381897989475455,1.0,0.9375,0.6785172638773131,0.25,0.25,0.1,255.42300415039062,776.9710083007812,2.0
436780.0,88.0,10.0,16.0,-4.870752784281923,-6.041004361750643,1.1702515774687194,-6.15356998310821,1.2828171988262866,-6.15356998310821,1.2828171988262866,0.1125656213575672,1.0,1.0,0.677287436161833,0.0,0.0,0.09999999999999998,247.822998046875,779.77099609375,2.0
445516.0,89.0,10.0,16.0,-5.092473107003961,-7.402488083309655,2.310014976305694,-7.464268640438685,2.3717955334347236,-7.6061615892836265,2.5136884822796652,0.20367350597397138,1.2,0.9375,0.6929802929290634,0.0,0.25,0.09999999999999998,257.4230041503906,789.3709716796875,2.0
460491.0,90.0,10.0,16.0,-4.689943953287578,-6.077069676331389,1.3871257230438108,-5.970237362147984,1.2802934088604054,-6.1130418190311815,1.4230978657436033,0.03597214269979254,0.8,0.875,0.6619679532848946,0.25,0.7071067811865476,0.1,247.822998046875,805.9710083007812,2.0
461739.0,91.0,10.0,16.0,-4.388321139323061,-7.687487425372921,3.29916628604986,-7.921827443263856,3.5335063039407952,-7.9933316956857245,3.6050105563626635,0.3058442703128037,0.8,0.9375,0.6393006861231527,0.25,0.5,0.09999999999999996,244.0229949951172,807.3709716796875,2.0
470475.0,92.0,10.0,16.0,-6.6233762017644615,-8.29077273479989,1.6673965330354292,-8.083855706704059,1.460479504939597,-8.322381563533384,1.699005361768922,0.0316088287334928,0.8,0.8125,0.7854724299906937,0.82915619758885,0.9682458365518543,0.10000000000000002,253.6230010986328,816.9710083007812,2.0
472971.0,93.0,10.0,16.0,-4.390337834087314,-6.556601795469509,2.166263961382195,-6.522218291645162,2.1318804575578483,-6.600524446980271,2.210186612892957,0.04392265151076202,0.8,0.9375,0.639460704208362,0.7905694150420949,0.25,0.1,246.0229949951172,819.77099609375,2.0
474219.0,94.0,10.0,16.0,-4.607193697086252,-6.1468588357845055,1.5396651386982532,-6.314033830208964,1.7068401331227117,-6.424964508183869,1.817770811097617,0.2781056723993638,1.2,0.9375,0.6563992953027348,0.25,0.25,0.10000000000000002,278.4230041503906,820.9710083007812,2.0
475466.0,95.0,10.0,16.0,-4.213016895562046,-5.161000824348781,0.9479839287867344,-4.956591567829446,0.7435746722673997,-5.150982809319903,0.9379659137578562,-0.010018015028878224,0.6,1.0,0.624181158433834,0.0,0.0,0.09999999999999999,274.4230041503906,822.3709716796875,2.0
476714.0,96.0,10.0,16.0,-3.7057396603583865,-5.335980326304198,1.6302406659458115,-5.016076616966972,1.3103369566085852,-5.318669589339187,1.6129299289808006,-0.017310736965010953,0.8,0.875,0.5768725635610007,0.9013878188659973,0.6123724356957945,0.10000000000000002,270.62298583984375,823.77099609375,2.0
489194.0,97.0,10.0,16.0,-5.879179336555565,-6.732489146322865,0.8533098097672998,-6.383654871566673,0.5044755350111076,-6.741108310863765,0.8619289743081993,0.008619164540899504,0.6,1.0,0.7439596609995491,0.0,0.0,0.09999999999999999,268.822998046875,837.5709838867188,2.0
490442.0,98.0,10.0,16.0,-5.895826948769017,-7.782068228927975,1.8862412801589583,-7.466544779811196,1.5707178310421792,-7.812702565802972,1.9168756170339556,0.03063433687499728,0.6,1.0,0.7455473272831381,0.0,0.0,0.10000000000000002,265.02301025390625,838.9710083007812,2.0
497930.0,99.0,10.0,16.0,-7.14492774276001,-7.6955230983919805,0.5505953556319705,-7.11594635756939,-0.02898138519061977,-7.873621587652657,0.7286938448926472,0.17809848926067673,0.4,0.9375,0.808923679519795,0.6123724356957945,0.25,0.09999999999999999,278.4230041503906,847.1710205078125,2.0
2495.0,0.0,20.0,4.0,-1.4789432833205505,-4.099872605901529,2.620929322580979,-4.523981882032354,3.0450385987118036,-4.523981882032354,3.0450385987118036,0.4241092761308245,1.0,1.0,0.28863862541682517,0.0,0.0,0.010000000000000002,270.822998046875,299.77099609375,2.0
9983.0,1.0,20.0,4.0,-1.955551654122902,-2.8648480201907605,0.9092963660678584,-2.8265606395024623,0.8710089853795602,-2.902783618065703,0.9472319639428008,0.037935597874942495,0.8,1.0,0.36262111364234817,0.0,0.0,0.01,248.0229949951172,308.1709899902344,2.0
12479.0,2.0,20.0,4.0,-2.453644144410269,-3.5396464948862194,1.0860023504759506,-2.97087776658772,0.5172336221774514,-3.550244874630633,1.0966007302203642,0.010598379744413577,0.6,1.0,0.4317117726272255,0.0,0.0,0.01,276.62298583984375,310.77099609375,2.0
24958.0,3.0,20.0,4.0,-1.551748357172301,-1.9862223082838124,0.43447395111151144,-2.006092967467392,0.4543446102950912,-2.0127524275010105,0.4610040703287095,0.026530119217198056,0.8,1.0,0.3005252873316596,0.0,0.0,0.010000000000000004,274.62298583984375,324.5710144042969,2.0
27454.0,4.0,20.0,4.0,-3.436796875112477,-6.97280935334493,3.536012478232453,-7.808143160367431,4.371346285254954,-7.808143160367431,4.371346285254954,0.8353338070225007,1.0,1.0,0.5468624718942902,0.0,0.0,0.01,267.02301025390625,327.3710021972656,2.0
33694.0,5.0,20.0,4.0,-2.2023507279360692,-6.4785781616569595,4.276227433720891,-6.827831248301067,4.625480520364997,-7.141743677807543,4.939392949871474,0.6631655161505838,0.8,1.0,0.3978452249888679,0.0,0.0,0.010000000000000004,248.0229949951172,334.3710021972656,2.0
34942.0,6.0,20.0,4.0,-1.2642739746812324,-1.9907068569810447,0.7264328822998123,-2.1894795877190165,0.9252056130377841,-2.1894795877190165,0.9252056130377841,0.19877273073797186,1.0,1.0,0.252622439546971,0.0,0.0,0.01,244.22300720214844,335.77099609375,2.0
37438.0,7.0,20.0,4.0,-1.452941557112719,-2.932844319187622,1.4799027620749028,-2.9049614493654667,1.4520198922527476,-3.037784335028567,1.5848427779158478,0.10494001584094503,0.8,1.0,0.2843948239956185,0.0,0.0,0.01,272.822998046875,338.3710021972656,2.0
39934.0,8.0,20.0,4.0,-1.2650595647561167,-1.9816219629342735,0.7165623981781568,-2.0980217757742468,0.8329622110181301,-2.0980217757742468,0.8329622110181301,0.11639981283997325,1.0,1.0,0.2527482741308141,0.0,0.0,0.009999999999999995,265.2229919433594,341.1709899902344,2.0
41182.0,9.0,20.0,4.0,-2.3207882575609604,-7.426429826135966,5.105641568575005,-7.717479174060037,5.396690916499076,-8.201666211483298,5.8808779539223375,0.7752363853473323,0.8,1.0,0.41406314034604874,0.0,0.0,0.01,261.4230041503906,342.5710144042969,2.0
47421.0,10.0,20.0,4.0,-2.9671002546150604,-4.740185494585745,1.7730852399706847,-5.212332351656695,2.2452320970416344,-5.231081405364294,2.2639811507492333,0.49089591077854866,1.2,1.0,0.4950958570990128,0.0,0.0,0.01,278.4230041503906,349.3710021972656,2.0
48669.0,11.0,20.0,4.0,-2.6010722544538756,-3.8060263904107434,1.2049541359568678,-3.7668347170320353,1.1657624625781597,-3.861465113910997,1.2603928594571214,0.055438723500253584,0.8,1.0,0.45063741996688167,0.0,0.0,0.009999999999999998,274.62298583984375,350.77099609375,2.0
52413.0,12.0,20.0,4.0,-4.5704724580060425,-7.240898727370782,2.6704262693647394,-7.054540310396435,2.4840678523903925,-7.33203155249455,2.761559094488508,0.09113282512376841,0.8,1.0,0.6510487252052981,0.0,0.0,0.009999999999999998,263.2229919433594,354.97100830078125,2.0
57405.0,13.0,20.0,4.0,-3.0308046816113237,-4.0795999662503375,1.0487952846390138,-4.04549430988087,1.0146896282695463,-4.120746620268122,1.0899419386567981,0.04114665401778428,0.8,1.0,0.5024332013158427,0.0,0.0,0.010000000000000002,248.0229949951172,360.5710144042969,2.0
69884.0,14.0,20.0,4.0,-2.164711578190075,-3.440810148594686,1.2760985704046108,-3.910747966961268,1.7460363887711932,-4.036226174555447,1.8715145963653717,0.5954160259607608,1.2,1.0,0.39254099134386705,0.0,0.0,0.010000000000000002,246.0229949951172,374.3710021972656,2.0
71132.0,15.0,20.0,4.0,-1.3605921012585631,-3.4790989467001547,2.1185068454415914,-4.001553982520906,2.640961881262343,-4.001553982520906,2.640961881262343,0.5224550358207511,1.0,1.0,0.26902522383402777,0.0,0.0,0.01,278.4230041503906,375.5710144042969,2.0
74876.0,16.0,20.0,4.0,-1.5431226074135225,-4.226598085753237,2.683475478339714,-4.6270532973435285,3.083930689930006,-4.6670362991614756,3.123913691747953,0.44043821340823897,0.8,0.75,0.2991216862594549,1.0,0.7071067811865476,0.01,267.02301025390625,379.77099609375,2.0
79868.0,17.0,20.0,4.0,-1.988332723268005,-5.107415680535481,3.1190829572674756,-5.310267737400759,3.3219350141327535,-5.473782292549862,3.4854495692818563,0.3663666120143807,0.8,1.0,0.36746719817596485,0.0,0.0,0.010000000000000002,251.822998046875,385.3710021972656,2.0
84860.0,18.0,20.0,4.0,-1.2761364946045433,-2.0842802707304036,0.8081437761258603,-2.6978011604195666,1.4216646658150234,-2.734956841852373,1.4588203472478298,0.6506765711219695,1.2,0.75,0.25469402662150864,0.0,0.5,0.01,272.822998046875,390.77099609375,2.0
91099.0,19.0,20.0,4.0,-2.720084232646271,-4.404349369625141,1.68426513697887,-4.855216043262977,2.1351318106167056,-4.8994896330747055,2.1794054004284344,0.4951402634495645,1.2,1.0,0.46551261688024803,0.0,0.0,0.01,253.6230010986328,397.77099609375,2.0
96091.0,20.0,20.0,4.0,-1.793183531504955,-4.305060800134549,2.5118772686295943,-4.412507098229674,2.619323566724719,-4.565434216692156,2.7722506851872017,0.2603734165576075,0.8,1.0,0.3383413797917616,0.0,0.0,0.009999999999999998,274.62298583984375,403.1709899902344,2.0
101083.0,21.0,20.0,4.0,-2.969201057722912,-4.474111610766542,1.5049105530436298,-4.690447151238466,1.7212460935155538,-4.690447151238466,1.7212460935155538,0.21633554047192405,1.0,1.0,0.4952950643147084,0.0,0.0,0.01,259.4230041503906,408.77099609375,2.0
103579.0,22.0,20.0,4.0,-3.34777178590095,-4.5129619545475945,1.1651901686466446,-4.321938249949616,0.974166464048666,-4.500530322476298,1.1527585365753477,-0.012431632071296939,0.8,1.0,0.5374013067186291,0.0,0.0,0.01,251.822998046875,411.5710144042969,2.0
107323.0,23.0,20.0,4.0,-2.7606648917689087,-3.87897997641313,1.1183150846442214,-3.832965497378333,1.0723006056094242,-3.9237034948013907,1.163038603032482,0.04472351838826061,0.8,1.0,0.47048384698136486,0.0,0.0,0.009999999999999998,276.62298583984375,415.5710144042969,2.0
131034.0,24.0,20.0,4.0,-2.0037580157235957,-2.6036040502524758,0.5998460345288801,-2.4431114586488336,0.4393534429252379,-2.609969855081725,0.6062118393581293,0.0063658048292492,0.6,0.75,0.3696525928275577,0.5,1.5811388300841898,0.009999999999999998,276.62298583984375,441.77099609375,2.0
132282.0,25.0,20.0,4.0,-2.0798372657214346,-2.3953998012750994,0.31556253555366487,-2.3180997317145033,0.23826246599306877,-2.4142449393721606,0.334407673650726,0.01884513809706112,0.4,1.0,0.3806418198866668,0.0,0.0,0.010000000000000002,272.822998046875,443.1709899902344,2.0
133530.0,26.0,20.0,4.0,-2.6314121582442245,-3.7858393000103563,1.1544271417661318,-4.1134686026328,1.4820564443885753,-4.152427595548607,1.5210154373043827,0.3665882955382509,1.2,1.0,0.45446480634665715,0.0,0.0,0.01,269.02301025390625,444.5710144042969,2.0
137273.0,27.0,20.0,4.0,-1.9499778291515923,-2.672550929304368,0.7225731001527755,-2.6044413606289147,0.6544635314773224,-2.6759013679672723,0.72592353881568,0.003350438662904409,0.8,0.75,0.3617983140400018,0.0,1.0,0.009999999999999998,257.4230041503906,448.77099609375,2.0
141017.0,28.0,20.0,4.0,-2.8919086945090013,-3.7456628089538757,0.8537541144448744,-3.3465841335287787,0.45467543901977736,-3.759616562557545,0.8677078680485435,0.013953753603669128,0.6,1.0,0.486275379552834,0.0,0.0,0.010000000000000002,246.0229949951172,452.97100830078125,2.0
142265.0,29.0,20.0,4.0,-2.962579934360022,-2.672626459660507,-0.28995347469951493,-2.569384993274581,-0.39319494108544095,-2.9625799343600336,1.1546319456101628e-14,0.2899534746995265,0.0,1.0,0.49457495379163774,0.0,0.0,0.01,278.4230041503906,454.1709899902344,2.0
144761.0,30.0,20.0,4.0,-1.6427666703229526,-2.8062668222097664,1.1635001518868138,-2.812550730579539,1.1697840602565863,-2.908444654717681,1.2656779843947286,0.10217783250791479,0.8,1.0,0.31509339163093886,0.0,0.0,0.009999999999999998,270.822998046875,456.97100830078125,2.0
151001.0,31.0,20.0,4.0,-3.5081939331887186,-3.5032941778777955,-0.004899755310923126,-3.475998210219581,-0.03219572296913764,-3.558002367121218,0.04980843393249934,0.05470818924342247,0.2,1.0,0.5541935822060566,0.0,0.0,0.010000000000000004,251.822998046875,463.97100830078125,2.0
164728.0,32.0,20.0,4.0,-1.2231605460763628,-1.5661510155123384,0.34299046943597555,-1.6464495485462645,0.42328900246990164,-1.6464495485462645,0.42328900246990164,0.08029853303392609,1.0,1.0,0.24549056606379444,0.0,0.0,0.01,246.0229949951172,479.1709899902344,2.0
167224.0,33.0,20.0,4.0,-1.3637055142994048,-2.0887524411559055,0.7250469268565007,-1.871336059577597,0.5076305452781922,-2.089324775513398,0.7256192612139931,0.0005723343574923767,0.6,1.0,0.26957333165957986,0.0,0.0,0.01,274.62298583984375,481.77099609375,2.0
169720.0,34.0,20.0,4.0,-2.80336149202204,-3.7664717037863813,0.9631102117643411,-3.842308772896626,1.0389472808745857,-3.8482772684955826,1.0449157764735424,0.0818055647092013,0.8,1.0,0.4756747330585895,0.0,0.0,0.01,267.02301025390625,484.5710144042969,2.0
174712.0,35.0,20.0,4.0,-1.6220599739291706,-2.446462305162896,0.8244023312337256,-2.417434975327822,0.7953750013986516,-2.4629969699021474,0.8409369959729769,0.016534664739251248,0.8,0.75,0.3117447289851829,1.118033988749895,0.0,0.01,251.822998046875,490.1709899902344,2.0
182199.0,36.0,20.0,4.0,-2.5909828419382746,-3.83804181700771,1.2470589750694354,-4.178990802203998,1.5880079602657236,-4.180268897890232,1.5892860559519577,0.3422270808825223,1.2,1.0,0.44936968710935477,0.0,0.0,0.009999999999999998,265.02301025390625,498.3710021972656,2.0
184695.0,37.0,20.0,4.0,-3.0794152350481454,-3.7882109927725756,0.7087957577244302,-4.033882626117298,0.9544673910691523,-4.1180438917215065,1.0386286566733611,0.329832898948931,1.2,1.0,0.5079565478579415,0.0,0.0,0.009999999999999998,257.4230041503906,501.1709899902344,2.0
193431.0,38.0,20.0,4.0,-2.9874990902251772,-2.892814542299032,-0.09468454792614533,-2.7888347711556687,-0.19866431906950854,-3.0047518963053883,0.01725280608021107,0.1119373540063564,0.2,1.0,0.49750632087682845,0.0,0.0,0.01,267.02301025390625,510.77099609375,2.0
194679.0,39.0,20.0,4.0,-3.1553812884246932,-2.8383526011318017,-0.3170286872928916,-2.801170824021413,-0.3542104644032804,-3.1553812884246817,-1.1546319456101628e-14,0.31702868729288003,0.0,1.0,0.5164592725003357,0.0,0.0,0.01,263.2229919433594,512.1710205078125,2.0
198423.0,40.0,20.0,4.0,-3.929316689656384,-3.598158375693564,-0.33115831396282003,-3.5372489203420976,-0.39206776931428644,-3.9293166896563876,3.552713678800501e-15,0.3311583139628236,0.0,1.0,0.5954747926643099,0.0,0.0,0.009999999999999998,251.822998046875,516.3709716796875,2.0
199671.0,41.0,20.0,4.0,-2.465368642882396,-2.305601138907899,-0.1597675039744968,-2.1063556473949,-0.3590129954874959,-2.465368642882402,6.217248937900877e-15,0.159767503974503,0.0,1.0,0.43320512055117766,0.0,0.0,0.01,248.0229949951172,517.77099609375,2.0
204662.0,42.0,20.0,4.0,-2.223304160308628,-3.083757130198718,0.86045296989009,-3.1018157070809704,0.8785115467723426,-3.107816647000194,0.8845124866915661,0.02405951680147611,0.8,1.0,0.4007133115243613,0.0,0.0,0.009999999999999998,268.822998046875,523.1710205078125,2.0
213398.0,43.0,20.0,4.0,-2.620155444781288,-3.62686280008576,1.006707355304472,-3.5079571180255353,0.8878016732442475,-3.6356609374816475,1.0155054927003597,0.00879813739588764,0.6,1.0,0.45310827594985437,0.0,0.0,0.009999999999999998,278.4230041503906,532.77099609375,2.0
215894.0,44.0,20.0,4.0,-1.652427079208887,-2.831023112473857,1.1785960332649699,-3.0484611335925793,1.3960340543836922,-3.0484611335925793,1.3960340543836922,0.21743802111872235,1.0,1.0,0.3166111997908621,0.0,0.0,0.009999999999999998,270.822998046875,535.5709838867188,2.0
217142.0,45.0,20.0,4.0,-2.516705725589761,-3.271873771065073,0.7551680454753118,-3.1436790989500674,0.6269733733603062,-3.2772860464922666,0.7605803209025055,0.005412275427193691,0.6,1.0,0.4398454079046983,0.0,0.0,0.009999999999999998,267.02301025390625,536.9710083007812,2.0
225878.0,46.0,20.0,4.0,-2.3599457072667693,-2.8949246262129327,0.5349789189461633,-2.5929178995921713,0.232972192325402,-2.9091569185754107,0.5492112113086414,0.014232292362478027,0.6,1.0,0.41933221351356637,0.0,0.0,0.010000000000000002,276.62298583984375,546.5709838867188,2.0
235861.0,47.0,20.0,4.0,-2.908774828699385,-3.2260873735118256,0.31731254481244076,-3.1696212957514986,0.2608464670521138,-3.224025752355692,0.31525092365630725,-0.0020616211561335085,0.6,1.0,0.4882617795428322,0.0,0.0,0.010000000000000002,246.0229949951172,557.77099609375,2.0
244597.0,48.0,20.0,4.0,-3.650943686335761,-3.9164788710568343,0.2655351847210734,-3.86151751372731,0.21057382739154917,-3.915599488106149,0.26465580177038817,-0.0008793829506852369,0.8,1.0,0.5686597537932778,0.0,0.0,0.01,255.6230010986328,567.3709716796875,2.0
247093.0,49.0,20.0,4.0,-1.93249762490237,-2.3787071332189176,0.4462095083165476,-2.372335057029443,0.43983743212707305,-2.400637820077429,0.4681401951750592,0.021930686858511628,0.8,1.0,0.3591819015863267,0.0,0.0,0.01,248.0229949951172,570.1710205078125,2.0
252084.0,50.0,20.0,4.0,-2.037028469800145,-2.39764585019765,0.360617380397505,-2.4421857987223237,0.4051573289221788,-2.4421857987223237,0.4051573289221788,0.0445399485246738,1.0,1.0,0.3744244897163814,0.0,0.0,0.009999999999999998,268.822998046875,575.5709838867188,2.0
265812.0,51.0,20.0,4.0,-3.027047495863563,-3.891102163230518,0.8640546673669549,-4.105182611973007,1.0781351161094435,-4.13411565043337,1.1070681545698067,0.24301348720285176,1.2,1.0,0.5019378627857749,0.0,0.0,0.009999999999999998,263.2229919433594,590.77099609375,2.0
269556.0,52.0,20.0,4.0,-1.4510724729533448,-2.1927132131080462,0.7416407401547014,-2.3152815830581104,0.8642091101047655,-2.3152815830581104,0.8642091101047655,0.12256836995006415,1.0,0.75,0.28410097226499303,1.0,0.0,0.010000000000000004,251.822998046875,594.9710083007812,2.0
272051.0,53.0,20.0,4.0,-1.712076299853209,-2.3713595708901227,0.6592832710369136,-2.7535881773117294,1.0415118774585204,-2.7535881773117294,1.0415118774585204,0.3822286064216067,1.0,1.0,0.32585196660777715,0.0,0.0,0.01,244.0229949951172,597.77099609375,2.0
273299.0,54.0,20.0,4.0,-1.6662682661876829,-1.6314122855944286,-0.03485598059325423,-1.4408096369374415,-0.2254586292502414,-1.7769866971012935,0.11071843091361067,0.1455744115068649,0.2,0.75,0.31882838411106434,0.0,1.0,0.01,276.4230041503906,598.9710083007812,2.0
285779.0,55.0,20.0,4.0,-3.7303082155517053,-4.301762323141411,0.5714541075897053,-4.34803086478712,0.6177226492354144,-4.348386553516644,0.6180783379649384,0.04662423037523311,0.8,1.0,0.5764991105747752,0.0,0.0,0.01,274.62298583984375,612.77099609375,2.0
290771.0,56.0,20.0,4.0,-6.1791566773116555,-6.6050916564073034,0.4259349790956479,-6.6323703723909375,0.453213695079282,-6.639293803371206,0.4601371260595508,0.03420214696390289,0.8,1.0,0.7590199058932464,0.0,0.0,0.01,259.4230041503906,618.3709716796875,2.0
297010.0,57.0,20.0,4.0,-3.844180174542452,-4.095479991136219,0.2512998165937672,-4.197033954836941,0.3528537802944891,-4.237640759238961,0.39346058469650913,0.14216076810274192,1.2,1.0,0.5874067766212808,0.0,0.0,0.009999999999999998,276.4230041503906,625.1710205078125,2.0
298258.0,58.0,20.0,4.0,-5.359236139233104,-5.721675668418601,0.3624395291854965,-5.713036119379353,0.353799980146249,-5.731803804170221,0.372567664937117,0.010128135751620526,0.8,1.0,0.7089423818994182,0.0,0.0,0.009999999999999998,272.62298583984375,626.5709838867188,2.0
304498.0,59.0,20.0,4.0,-3.8461112049844957,-4.4949363913746,0.6488251863901047,-4.461147194313942,0.6150359893294466,-4.540798052448427,0.694686847463931,0.045861661073826276,0.8,1.0,0.5876288158453101,0.0,0.0,0.010000000000000002,253.6230010986328,633.5709838867188,2.0
306994.0,60.0,20.0,4.0,-2.458736508918288,-2.6020280953660797,0.14329158644779172,-2.519110463356449,0.06037395443816118,-2.621712353197908,0.16297584427961986,0.019684257831828145,0.4,1.0,0.43231835786919165,0.0,0.0,0.009999999999999998,246.0229949951172,636.3709716796875,2.0
311986.0,61.0,20.0,4.0,-2.3414375503802494,-2.862185831969304,0.5207482815890545,-2.7449457667654227,0.4035082163851733,-2.8536850000873644,0.512247449707115,-0.008500831881939508,0.6,1.0,0.4167947318165541,0.0,0.0,0.01,267.02301025390625,641.77099609375,2.0
314482.0,62.0,20.0,4.0,-2.7567861890481016,-4.295527625655252,1.5387414366071503,-4.753636272715695,1.996850083667593,-4.834136294528058,2.0773501054799564,0.538608668872806,1.2,1.0,0.4699686127592117,0.0,0.0,0.010000000000000002,259.4230041503906,644.5709838867188,2.0
320721.0,63.0,20.0,4.0,-1.7809177919234513,-2.203672789474519,0.4227549975510678,-1.9859012851627622,0.20498349323931087,-2.2176898159447846,0.4367720240213333,0.014017026470265481,0.6,1.0,0.33648098384837416,0.0,0.0,0.010000000000000002,276.4230041503906,651.3709716796875,2.0
328209.0,64.0,20.0,4.0,-2.984971072187441,-4.752770567776526,1.767799495589085,-5.097702591029522,2.112731518842081,-5.097702591029522,2.112731518842081,0.344932023252996,1.0,1.0,0.49721493559106356,0.0,0.0,0.01,253.6230010986328,659.77099609375,2.0
330705.0,65.0,20.0,4.0,-1.2554300872061994,-2.5881861398995483,1.3327560526933488,-2.7114789034777975,1.456048816271598,-2.7205445441590346,1.4651144569528352,0.1323584042594863,0.8,0.75,0.25108287220417336,0.0,0.5,0.010000000000000002,246.0229949951172,662.5709838867188,2.0
334449.0,66.0,20.0,4.0,-3.070395441690483,-5.8200588268062905,2.7496633851158077,-7.232402552977819,4.162007111287336,-7.77540657192408,4.705011130233597,1.9553477451177894,1.2,1.0,0.5069033145442516,0.0,0.0,0.009999999999999998,270.822998046875,666.5709838867188,2.0
339441.0,67.0,20.0,4.0,-3.3655408502456634,-4.618173504618604,1.252632654372941,-4.51839541002771,1.152854559782047,-4.635997717873564,1.2704568676279004,0.01782421325495953,0.8,1.0,0.5393996409449288,0.0,0.0,0.01,255.6230010986328,672.1710205078125,2.0
343184.0,68.0,20.0,4.0,-3.069408615318186,-2.9730166597684464,-0.09639195554973945,-2.639541167575789,-0.4298674477423967,-3.2087820300143424,0.1393734146961565,0.23576537024589594,0.2,1.0,0.5067886847096869,0.0,0.0,0.01,244.0229949951172,676.3709716796875,2.0
349424.0,69.0,20.0,4.0,-4.172594634661097,-5.264390692201819,1.091796057540722,-5.465439952053266,1.2928453173921692,-5.511133255911201,1.3385386212501036,0.24674256370938163,1.2,1.0,0.6174317829361101,0.0,0.0,0.010000000000000002,261.2229919433594,683.1710205078125,2.0
350672.0,70.0,20.0,4.0,-5.792454930163267,-6.544720884643684,0.7522659544804178,-6.40906342214361,0.616608491980343,-6.547813333543097,0.7553584033798302,0.0030924488994124033,0.6,1.0,0.7365920889624872,0.0,0.0,0.010000000000000002,257.4230041503906,684.5709838867188,2.0
354416.0,71.0,20.0,4.0,-3.085830683080358,-2.556862071137116,-0.5289686119432422,-2.3183562927651384,-0.7674743903152197,-3.0858306830803643,6.217248937900877e-15,0.5289686119432484,0.0,1.0,0.5086791276290561,0.0,0.0,0.009999999999999997,246.0229949951172,688.77099609375,2.0
363151.0,72.0,20.0,4.0,-2.165707326920907,-2.5893791282627996,0.42367180134189253,-2.5805598922310424,0.41485256531013537,-2.6068196992440713,0.44111237232316425,0.01744057098127172,0.8,1.0,0.39286159157156375,0.0,0.0,0.009999999999999998,255.42300415039062,698.3709716796875,2.0
371887.0,73.0,20.0,4.0,-1.4341769014052288,-2.0204986100607245,0.5863217086554957,-1.9212584510597466,0.4870815496545178,-2.0199774779023008,0.585800576497072,-0.0005211321584237538,0.8,1.0,0.28144384487366136,0.0,0.0,0.01,265.02301025390625,707.9710083007812,2.0
373135.0,74.0,20.0,4.0,-1.8436175206192982,-2.779413104345327,0.9357955837260288,-2.7534900448047637,0.9098725241854655,-2.8373239241953647,0.9937064035760665,0.057910819850037765,0.8,1.0,0.34600834455353774,0.0,0.0,0.01,261.2229919433594,709.3709716796875,2.0
375631.0,75.0,20.0,4.0,-2.3337206942788824,-4.874222866859147,2.5405021725802643,-6.05350388502487,3.719783190745988,-6.428635913530934,4.0949152192520515,1.5544130466717876,1.2,1.0,0.4158259202096378,0.0,0.0,0.01,253.6230010986328,712.1710205078125,2.0
379375.0,76.0,20.0,4.0,-2.5152042265295327,-4.074637741404107,1.5594335148745744,-4.6220081379264935,2.1068039113969608,-4.7361726685179555,2.220968441988423,0.6615349271138484,1.2,1.0,0.4396511483722514,0.0,0.0,0.009999999999999998,278.4230041503906,716.1710205078125,2.0
386862.0,77.0,20.0,4.0,-4.148139519205988,-4.028045229762199,-0.12009428944378886,-3.9057262190700266,-0.2424133001359614,-4.150514595716307,0.002375076510318763,0.12246936595410762,0.2,1.0,0.615299784821573,0.0,0.0,0.01,255.42300415039062,724.5709838867188,2.0
391854.0,78.0,20.0,4.0,-2.6263587534307673,-3.535718383468456,0.9093596300376885,-3.4903528499563574,0.8639940965255901,-3.5571574085111726,0.9307986550804053,0.021439025042716775,0.8,1.0,0.4538771396096782,0.0,0.0,0.009999999999999998,276.4230041503906,729.9710083007812,2.0
400590.0,79.0,20.0,4.0,-1.3349323904368355,-1.9179571735511827,0.5830247831143471,-1.766866918100138,0.4319345276633024,-1.921755306635027,0.5868229161981915,0.003798133083844357,0.6,1.0,0.2646979739321705,0.0,0.0,0.01,249.822998046875,739.77099609375,2.0
404334.0,80.0,20.0,4.0,-1.5680928342264577,-3.155585632967325,1.5874927987408674,-3.640857148654384,2.072764314427926,-3.640857148654384,2.072764314427926,0.48527151568705884,1.0,1.0,0.3032211414982885,0.0,0.0,0.01,274.62298583984375,743.77099609375,2.0
408077.0,81.0,20.0,4.0,-1.3262987910588988,-2.481098443548266,1.1547996524893671,-2.421012394245058,1.0947136031861593,-2.5307945403435745,1.2044957492846757,0.04969609679530862,0.8,1.0,0.2632291483741,0.0,0.0,0.01,263.02301025390625,747.9710083007812,2.0
410573.0,82.0,20.0,4.0,-1.936498024335801,-3.8811726642991324,1.9446746399633315,-3.9695850616246364,2.033087037288835,-4.050483791426396,2.113985767090595,0.16931112712726382,0.8,1.0,0.35980850168986594,0.0,0.0,0.009999999999999998,255.42300415039062,750.77099609375,2.0
418061.0,83.0,20.0,4.0,-2.250239394764264,-2.4686152784906294,0.2183758837263654,-2.5221358476922355,0.2718964529279715,-2.5397615249444176,0.2895221301801536,0.0711462464537882,1.2,1.0,0.4044604001167491,0.0,0.0,0.01,268.822998046875,758.9710083007812,2.0
426797.0,84.0,20.0,4.0,-1.7447271820398058,-2.053592288096046,0.3088651060562404,-1.9776756162798212,0.23294843424001543,-2.0499299715370736,0.30520278949726776,-0.0036623165589726447,0.6,1.0,0.33088675851135013,0.0,0.0,0.010000000000000004,278.4230041503906,768.5709838867188,2.0
428045.0,85.0,20.0,4.0,-1.6052162494987046,-1.882797241334676,0.2775809918359715,-1.8859969040231428,0.28078065452443823,-1.8978258254020268,0.29260957590332226,0.015028584067350748,0.8,1.0,0.3090526176195573,0.0,0.0,0.01,274.62298583984375,769.9710083007812,2.0
433036.0,86.0,20.0,4.0,-2.2436063651133105,-2.6493012279215824,0.40569486280827194,-2.663570906669714,0.4199645415564035,-2.6750343954562714,0.43142803034296096,0.025733167534689017,0.8,1.0,0.4035098744908616,0.0,0.0,0.01,259.2229919433594,775.5709838867188,2.0
434284.0,87.0,20.0,4.0,-1.8830792165821744,-2.892124699723013,1.0090454831408384,-3.166214620436374,1.2831354038541996,-3.2322907446513955,1.3492115280692212,0.34016604492838276,1.2,1.0,0.3518745018239216,0.0,0.0,0.01,255.42300415039062,776.9710083007812,2.0
436780.0,88.0,20.0,4.0,-1.5994218794834518,-1.520021948917565,-0.07939993056588679,-1.4969785057587661,-0.1024433737246857,-1.5994218794834492,-2.6645352591003757e-15,0.07939993056588412,0.0,1.0,0.3081564718396776,0.0,0.0,0.009999999999999998,247.822998046875,779.77099609375,2.0
445516.0,89.0,20.0,4.0,-1.3784478368354927,-2.5706546322230697,1.192206795387577,-2.924146532675343,1.5456986958398502,-3.0076933153411014,1.6292454785056087,0.43703868311803173,1.2,0.75,0.2720150736530367,0.0,1.5,0.009999999999999998,257.4230041503906,789.3709716796875,2.0
460491.0,90.0,20.0,4.0,-1.4244384329479807,-1.6097365228657556,0.18529808991777497,-1.5612384084406754,0.13679997549269474,-1.6069498169531755,0.18251138400519484,-0.002786705912580123,0.8,1.0,0.2797642599315742,0.0,0.0,0.01,247.822998046875,805.9710083007812,2.0
461739.0,91.0,20.0,4.0,-1.1266761325552788,-1.5120395584494248,0.38536342589414607,-1.640205450080427,0.5135293175251483,-1.6594260321005536,0.5327498995452749,0.14738647365112878,1.2,0.75,0.2286373431485278,1.5,1.118033988749895,0.009999999999999997,244.0229949951172,807.3709716796875,2.0
470475.0,92.0,20.0,4.0,-2.290863078840411,-3.037726488337254,0.7468634094968429,-3.0822298079729906,0.7913667291325797,-3.0938860815974008,0.8030230027569898,0.056159593260146856,0.8,1.0,0.4100279664268971,0.0,0.0,0.010000000000000002,253.6230010986328,816.9710083007812,2.0
472971.0,93.0,20.0,4.0,-1.3621054733938898,-2.9888207519037637,1.626715278509874,-3.2754104732503424,1.9133049998564526,-3.2754104732503424,1.9133049998564526,0.2865897213465787,1.0,1.0,0.26935423956521815,0.0,0.0,0.01,246.0229949951172,819.77099609375,2.0
474219.0,94.0,20.0,4.0,-1.4463540283477692,-2.7724091862444844,1.3260551578967152,-2.9011188164299884,1.4547647880822192,-2.912967443945702,1.466613415597933,0.14055825770121766,0.8,1.0,0.28333701925968213,0.0,0.0,0.010000000000000002,278.4230041503906,820.9710083007812,2.0
475466.0,95.0,20.0,4.0,-1.325006048526311,-1.3754355854070122,0.050429536880701065,-1.39021303127696,0.06520698275064896,-1.3917372615374537,0.0667312130111426,0.016301676130441534,1.2,1.0,0.26305403825251844,0.0,0.0,0.009999999999999998,274.4230041503906,822.3709716796875,2.0
476714.0,96.0,20.0,4.0,-1.0414545607440848,-1.384231622057221,0.34277706131313623,-1.392724864944793,0.35127030420070815,-1.4109337392462982,0.36947917850221335,0.026702117189077113,0.8,0.75,0.21330620712023257,0.5,1.0,0.010000000000000002,270.62298583984375,823.77099609375,2.0
489194.0,97.0,20.0,4.0,-1.9336590339931015,-2.1528946490246135,0.219235615031512,-2.0978475548851967,0.16418852089209524,-2.151907213064477,0.21824817907137573,-0.0009874359601362848,0.6,1.0,0.3593760482018235,0.0,0.0,0.009999999999999998,268.822998046875,837.5709838867188,2.0
490442.0,98.0,20.0,4.0,-1.7722504593167974,-2.5491110790598497,0.7768606197430523,-2.5471080218678095,0.7748575625510121,-2.5599526203059764,0.787702160989179,0.010841541246126685,0.8,1.0,0.33515740431701757,0.0,0.0,0.010000000000000002,265.02301025390625,838.9710083007812,2.0
497930.0,99.0,20.0,4.0,-2.9015331206285455,-3.5924430718171605,0.690909951188615,-3.7399048124684557,0.8383716918399102,-3.783111898153435,0.8815787775248896,0.19066882633627458,1.2,1.0,0.48735701270418774,0.0,0.0,0.009999999999999998,278.4230041503906,847.1710205078125,2.0
2495.0,0.0,20.0,8.0,-2.6987310705003575,-4.916885250061622,2.2181541795612643,-4.8879379003958086,2.189206829895451,-4.99277681343821,2.2940457429378527,0.07589156337658842,0.8,1.0,0.46299302148376587,0.0,0.0,0.010000000000000002,270.822998046875,299.77099609375,2.0
9983.0,1.0,20.0,8.0,-3.240241534652225,-4.098713001603455,0.8584714669512303,-4.015848638691814,0.7756071040395893,-4.101155636956472,0.860914102304247,0.0024426353530166978,0.8,0.875,0.5259940986369762,0.7071067811865476,0.7071067811865476,0.01,248.0229949951172,308.1709899902344,2.0
12479.0,2.0,20.0,8.0,-4.236244026543917,-4.821506451362258,0.5852624248183407,-4.592460633137788,0.356216606593871,-4.825315033229049,0.5890710066851312,0.0038085818667905613,0.6,1.0,0.6230946197155358,0.0,0.0,0.01,276.62298583984375,310.77099609375,2.0
24958.0,3.0,20.0,8.0,-3.082758978122299,-3.459398804911088,0.3766398267887894,-3.380886673295546,0.298127695173247,-3.460191667680983,0.37743268955868414,0.0007928627698947643,0.6,0.875,0.5084314372964356,1.7677669529663689,0.5,0.010000000000000004,274.62298583984375,324.5710144042969,2.0
27454.0,4.0,20.0,8.0,-5.180191622089497,-7.781876205087034,2.601684582997537,-8.409193813205032,3.2290021911155353,-8.500649028761257,3.3204574066717605,0.7187728236742235,1.2,1.0,0.6968180314173503,0.0,0.0,0.01,267.02301025390625,327.3710021972656,2.0
33694.0,5.0,20.0,8.0,-4.000389961939589,-7.262492351182841,3.2621023892432524,-7.207964022784434,3.2075740608448458,-7.279124647686893,3.2787346857473043,0.016632296504051958,0.8,1.0,0.6020661980019735,0.0,0.0,0.010000000000000004,248.0229949951172,334.3710021972656,2.0
34942.0,6.0,20.0,8.0,-2.5263653871096943,-4.299402203606399,1.7730368164967047,-4.245723880462797,1.7193584933531025,-4.344952553231765,1.8185871661220712,0.045550349625366415,0.8,1.0,0.44120246584844686,0.0,0.0,0.01,244.22300720214844,335.77099609375,2.0
37438.0,7.0,20.0,8.0,-3.0957423112234315,-5.948962761046427,2.853220449822995,-5.731627446283092,2.6358851350596604,-6.111377825625045,3.0156355144016134,0.1624150645786182,0.8,1.0,0.5098398675024325,0.0,0.0,0.01,272.822998046875,338.3710021972656,2.0
39934.0,8.0,20.0,8.0,-2.596949588965014,-4.7969462987906795,2.1999967098256654,-4.767137051012421,2.170187462047407,-4.874677752391312,2.277728163426298,0.0777314536006326,0.8,1.0,0.4502790578263238,0.0,0.0,0.009999999999999995,265.2229919433594,341.1709899902344,2.0
41182.0,9.0,20.0,8.0,-3.984382191284996,-8.25553593463909,4.271153743354094,-8.240378994907363,4.255996803622367,-8.344256501166669,4.359874309881673,0.08872056652757898,0.8,1.0,0.6005979691886694,0.0,0.0,0.01,261.4230041503906,342.5710144042969,2.0
47421.0,10.0,20.0,8.0,-5.4494923944262545,-6.668912680894365,1.21942028646811,-6.667151028282586,1.217658633856331,-6.740590935412377,1.2910985409861224,0.07167825451801235,0.8,1.0,0.7150135087898448,0.0,0.0,0.01,278.4230041503906,349.3710021972656,2.0
48669.0,11.0,20.0,8.0,-4.311913449541731,-5.241510559805348,0.9295971102636171,-5.183476565555014,0.8715631160132835,-5.270421134265337,0.9585076847236067,0.02891057445998957,0.8,1.0,0.6296305317052052,0.0,0.0,0.009999999999999998,274.62298583984375,350.77099609375,2.0
52413.0,12.0,20.0,8.0,-7.233009086579437,-8.416589550130173,1.1835804635507357,-7.698212739619226,0.46520365303978917,-8.440471853292907,1.20746276671347,0.02388230316273443,0.6,0.875,0.8111169704722614,0.3535533905932738,1.0606601717798212,0.009999999999999998,263.2229919433594,354.97100830078125,2.0
57405.0,13.0,20.0,8.0,-4.6590285286843285,-4.95215146482328,0.2931229361389516,-4.93483839360563,0.27580986492130144,-4.952818411075997,0.2937898823916685,0.0006669462527169046,0.8,1.0,0.6580611466287605,0.0,0.0,0.010000000000000002,248.0229949951172,360.5710144042969,2.0
69884.0,14.0,20.0,8.0,-3.7508355559046382,-5.430613848917884,1.6797782930132454,-5.605740532018045,1.8549049761134064,-5.605740532018045,1.8549049761134064,0.175126683100161,1.0,1.0,0.578526628935865,0.0,0.0,0.010000000000000002,246.0229949951172,374.3710021972656,2.0
71132.0,15.0,20.0,8.0,-2.8890061606602444,-6.350218950889323,3.4612127902290784,-8.280917566318402,5.391911405658158,-8.280917566318402,5.391911405658158,1.9306986154290797,1.0,0.875,0.48594492369355996,0.0,0.8660254037844386,0.01,278.4230041503906,375.5710144042969,2.0
74876.0,16.0,20.0,8.0,-2.888115947026914,-6.403220174114365,3.5151042270874506,-6.723923278842788,3.835807331815874,-6.838829068692695,3.9507131216657805,0.43560889457832985,0.8,1.0,0.4859095496663454,0.0,0.0,0.01,267.02301025390625,379.77099609375,2.0
79868.0,17.0,20.0,8.0,-3.4625239912302304,-5.948037638643189,2.485513647412959,-5.885258842805147,2.4227348515749165,-5.949775505738057,2.4872515145078262,0.0017378670948673403,0.8,0.875,0.5496353335010793,0.0,0.3535533905932738,0.010000000000000002,251.822998046875,385.3710021972656,2.0
84860.0,18.0,20.0,8.0,-2.9314618505588004,-5.604922108550494,2.6734602579916937,-6.059977176229107,3.1285153256703064,-6.059977176229107,3.1285153256703064,0.4550550676786127,1.0,0.875,0.4909598295354807,0.0,0.3535533905932738,0.01,272.822998046875,390.77099609375,2.0
91099.0,19.0,20.0,8.0,-4.025299040181333,-5.060847138858456,1.0355480986771228,-5.297939694909251,1.272640654727918,-5.298713575973326,1.2734145357919928,0.23786643711487,1.2,1.0,0.6043507654462859,0.0,0.0,0.01,253.6230010986328,397.77099609375,2.0
96091.0,20.0,20.0,8.0,-3.1673563447798476,-7.010320226888877,3.842963882109029,-8.192081337010551,5.024724992230704,-8.192081337010551,5.024724992230704,1.1817611101216743,1.0,1.0,0.5179101096173732,0.0,0.0,0.009999999999999998,274.62298583984375,403.1709899902344,2.0
101083.0,21.0,20.0,8.0,-5.114639228969665,-6.305594573401966,1.190955344432301,-6.259302797081042,1.144663568111377,-6.352573786454707,1.2379345574850422,0.04697921305274111,0.8,1.0,0.6921232747117618,0.0,0.0,0.01,259.4230041503906,408.77099609375,2.0
103579.0,22.0,20.0,8.0,-6.073158038766238,-6.265632355453902,0.19247431668766435,-6.0911954816224645,0.018037442856226882,-6.281065472346967,0.20790743358072916,0.015433116893064813,0.4,1.0,0.7531910817223487,0.0,0.0,0.01,251.822998046875,411.5710144042969,2.0
107323.0,23.0,20.0,8.0,-5.020192210268291,-6.300728264913298,1.2805360546450064,-6.374525036366957,1.3543328260986653,-6.4073321917974235,1.387139981529132,0.10660392688412568,0.8,1.0,0.685446187861827,0.0,0.0,0.009999999999999998,276.62298583984375,415.5710144042969,2.0
131034.0,24.0,20.0,8.0,-3.9366955758857767,-6.992199691686172,3.055504115800395,-6.949149961664435,3.0124543857786588,-7.1856056444565874,3.2489100685708108,0.19340595277041572,0.8,1.0,0.5962576216631913,0.0,0.0,0.009999999999999998,276.62298583984375,441.77099609375,2.0
132282.0,25.0,20.0,8.0,-3.6479136732502644,-5.985860385631502,2.337946712381237,-6.213176902459622,2.565263229209358,-6.2202213486498845,2.57230767539962,0.23436096301838294,0.8,1.0,0.5684011905818355,0.0,0.0,0.010000000000000002,272.822998046875,443.1709899902344,2.0
133530.0,26.0,20.0,8.0,-4.688560692639125,-6.108921564709215,1.4203608720700904,-5.941801890558432,1.2532411979193077,-6.135552508552396,1.4469918159132718,0.02663094384318132,0.4,1.0,0.6604192487656334,0.0,0.0,0.01,269.02301025390625,444.5710144042969,2.0
137273.0,27.0,20.0,8.0,-3.6949706800900968,-5.69657645447611,2.0016057743860136,-5.98012972137702,2.2851590412869234,-5.98012972137702,2.2851590412869234,0.28355326690090976,1.0,1.0,0.5730717104422379,0.0,0.0,0.009999999999999998,257.4230041503906,448.77099609375,2.0
141017.0,28.0,20.0,8.0,-5.2571842288655,-6.177875688600796,0.9206914597352958,-5.8893232874218775,0.6321390585563771,-6.270653020852884,1.0134687919873837,0.09277733225208795,0.4,1.0,0.7021168636215473,0.0,0.0,0.010000000000000002,246.0229949951172,452.97100830078125,2.0
142265.0,29.0,20.0,8.0,-5.4229194776798515,-5.39394385032424,-0.028975627355611877,-5.133115011420747,-0.2898044662591044,-5.449072154335294,0.02615267665544252,0.055128304011054396,0.2,1.0,0.7132897117037102,0.0,0.0,0.01,278.4230041503906,454.1709899902344,2.0
144761.0,30.0,20.0,8.0,-3.2206697357093965,-3.6610057392709154,0.4403360035615189,-3.271834215937247,0.05116448022785036,-3.8070003592355706,0.586330623526174,0.14599461996465513,0.4,1.0,0.5238765911229849,0.0,0.0,0.009999999999999998,270.822998046875,456.97100830078125,2.0
151001.0,31.0,20.0,8.0,-5.941057931791532,-6.827539182518199,0.8864812507266668,-6.712658460104483,0.771600528312951,-6.822686781442416,0.881628849650884,-0.004852401075782886,0.6,1.0,0.7455319300706851,0.0,0.0,0.010000000000000004,251.822998046875,463.97100830078125,2.0
164728.0,32.0,20.0,8.0,-2.713870852711888,-5.074993802816422,2.361122950104534,-5.352876832381672,2.639005979669784,-5.352876832381672,2.639005979669784,0.2778830295652499,1.0,1.0,0.4647772163421994,0.0,0.0,0.01,246.0229949951172,479.1709899902344,2.0
167224.0,33.0,20.0,8.0,-3.010992065106332,-5.124507922889306,2.1135158577829736,-4.946022062353604,1.935029997247272,-5.1937474101931915,2.1827553450868593,0.06923948730388574,0.8,1.0,0.5002567924087364,0.0,0.0,0.01,274.62298583984375,481.77099609375,2.0
169720.0,34.0,20.0,8.0,-4.432675107729662,-5.712731839821479,1.2800567320918166,-5.429910469041764,0.9972353613121019,-5.717849255665816,1.2851741479361536,0.005117415844337003,0.6,1.0,0.6397431017550932,0.0,0.0,0.01,267.02301025390625,484.5710144042969,2.0
174712.0,35.0,20.0,8.0,-3.1226682395605105,-5.574445002492903,2.451776762932392,-6.012228523743055,2.889560284182544,-6.012228523743055,2.889560284182544,0.43778352125015196,1.0,1.0,0.5129339493026717,0.0,0.0,0.01,251.822998046875,490.1709899902344,2.0
182199.0,36.0,20.0,8.0,-4.013004701259536,-5.718349500529993,1.7053447992704571,-5.796188319539749,1.783183618280213,-5.802711450083572,1.7897067488240355,0.08436194955357834,0.8,1.0,0.6031567846003729,0.0,0.0,0.009999999999999998,265.02301025390625,498.3710021972656,2.0
184695.0,37.0,20.0,8.0,-4.81194834936509,-6.389979587256848,1.578031237891758,-6.931716326922542,2.1197679775574523,-7.0484097493907765,2.2364614000256866,0.6584301621339286,1.2,1.0,0.6699634125472367,0.0,0.0,0.009999999999999998,257.4230041503906,501.1709899902344,2.0
193431.0,38.0,20.0,8.0,-5.101953212984993,-5.04976035615112,-0.05219285683387298,-4.621460221785347,-0.48049299119964584,-5.253318589259486,0.15136537627449265,0.20355823310836563,0.2,1.0,0.6913911670976243,0.0,0.0,0.01,267.02301025390625,510.77099609375,2.0
194679.0,39.0,20.0,8.0,-5.302137724401513,-4.733970489246392,-0.568167235155121,-4.312201402967021,-0.9899363214344925,-5.3021377244014944,-1.865174681370263e-14,0.5681672351551024,0.0,1.0,0.7050872243325025,0.0,0.0,0.01,263.2229919433594,512.1710205078125,2.0
198423.0,40.0,20.0,8.0,-5.755431607304036,-5.672598645704154,-0.08283296159988218,-5.47431812155323,-0.2811134857508062,-5.84362166650075,0.08819005919671419,0.17102302079659637,0.2,0.875,0.7344077430510801,0.7905694150420949,0.7905694150420949,0.009999999999999998,251.822998046875,516.3709716796875,2.0
199671.0,41.0,20.0,8.0,-4.693486738406473,-5.082402826642326,0.38891608823585333,-4.703826198018602,0.010339459612128898,-5.11425679965567,0.4207700612491969,0.031853973013343584,0.4,1.0,0.6608081891016638,0.0,0.0,0.01,248.0229949951172,517.77099609375,2.0
204662.0,42.0,20.0,8.0,-4.339719446154003,-4.671725236285267,0.3320057901312641,-4.394735615888031,0.0550161697340279,-4.740353165086727,0.40063371893272404,0.06862792880145996,0.4,1.0,0.6319326643585452,0.0,0.0,0.009999999999999998,268.822998046875,523.1710205078125,2.0
213398.0,43.0,20.0,8.0,-4.846929181581264,-5.671563648835907,0.8246344672546426,-5.512350442030329,0.6654212604490652,-5.786381918873013,0.9394527372917487,0.1148182700371061,0.4,1.0,0.672606270905507,0.0,0.0,0.009999999999999998,278.4230041503906,532.77099609375,2.0
215894.0,44.0,20.0,8.0,-3.426169327834317,-4.286442385427362,0.8602730575930453,-3.8634807979565373,0.4373114701222205,-4.354010378222317,0.9278410503880004,0.06756799279495507,0.4,0.875,0.5458515962404417,0.3535533905932738,0.3535533905932738,0.009999999999999998,270.822998046875,535.5709838867188,2.0
217142.0,45.0,20.0,8.0,-4.210347382893277,-7.275253330051545,3.0649059471582687,-7.66642862537932,3.456081242486043,-7.732780919111361,3.5224335362180845,0.45752758905981583,1.2,1.0,0.6208549297445606,0.0,0.0,0.009999999999999998,267.02301025390625,536.9710083007812,2.0
225878.0,46.0,20.0,8.0,-4.418292637619333,-5.4672809099814685,1.048988272362135,-5.10871409319869,0.6904214555793562,-5.472119546088543,1.0538269084692091,0.004838636107074024,0.6,1.0,0.6386199707474726,0.0,0.0,0.010000000000000002,276.62298583984375,546.5709838867188,2.0
235861.0,47.0,20.0,8.0,-5.852804245219634,-6.567932743431607,0.715128498211973,-6.618929583200236,0.7661253379806023,-6.619168002754928,0.7663637575352942,0.05123525932332118,0.8,1.0,0.7402878211482227,0.0,0.0,0.010000000000000002,246.0229949951172,557.77099609375,2.0
244597.0,48.0,20.0,8.0,-8.20722490274466,-8.472148656908509,0.26492375416384917,-7.8108309977228,-0.3963939050218599,-8.691998579991745,0.48477367724708564,0.21984992308323648,0.4,1.0,0.8490330165919902,0.0,0.0,0.01,255.6230010986328,567.3709716796875,2.0
247093.0,49.0,20.0,8.0,-3.5272165001267277,-5.808279622466151,2.2810631223394235,-5.009249733464277,1.4820332333375497,-5.7557571891391195,2.2285406890123918,-0.05252243332703177,0.8,0.875,0.5561736317836123,0.0,0.7905694150420949,0.01,248.0229949951172,570.1710205078125,2.0
252084.0,50.0,20.0,8.0,-3.674230683600537,-3.8383545164920023,0.16412383289146515,-3.631449882525754,-0.04278080107478299,-3.8790439947706483,0.20481331117011115,0.040689478278645996,0.4,1.0,0.5709698703057605,0.0,0.0,0.009999999999999998,268.822998046875,575.5709838867188,2.0
265812.0,51.0,20.0,8.0,-4.862581818287953,-5.7678387748448,0.9052569565568467,-5.7301496827326766,0.8675678644447231,-5.7848699732772,0.9222881549892463,0.01703119843239964,0.8,1.0,0.6736717660978988,0.0,0.0,0.009999999999999998,263.2229919433594,590.77099609375,2.0
269556.0,52.0,20.0,8.0,-2.8579992799022182,-4.460495911873058,1.6024966319708396,-4.903610465840059,2.045611185937841,-4.903610465840059,2.045611185937841,0.4431145539670016,1.0,1.0,0.4823398129576705,0.0,0.0,0.010000000000000004,251.822998046875,594.9710083007812,2.0
272051.0,53.0,20.0,8.0,-3.966136804276358,-5.483431567736937,1.517294763460579,-5.996431393562234,2.0302945892858757,-5.996431393562234,2.0302945892858757,0.5129998258252968,1.0,1.0,0.5989759493104462,0.0,0.0,0.01,244.0229949951172,597.77099609375,2.0
273299.0,54.0,20.0,8.0,-3.169759005245911,-3.6595800756011494,0.4898210703552386,-2.923267371553717,-0.24649163369219362,-3.9879883927418085,0.8182293874958977,0.3284083171406591,0.4,0.875,0.518365348230467,0.0,0.5,0.01,276.4230041503906,598.9710083007812,2.0
285779.0,55.0,20.0,8.0,-5.765749211674178,-6.162498931545651,0.39674971987147245,-5.789696351866681,0.02394714019250266,-6.2083935142613065,0.4426443025871283,0.04589458271565583,0.4,1.0,0.7350595308562868,0.0,0.0,0.01,274.62298583984375,612.77099609375,2.0
290771.0,56.0,20.0,8.0,-9.705860365688878,-9.702448305129273,-0.003412060559604413,-9.637101099192979,-0.06875926649589914,-9.714385982925451,0.008525617236573524,0.011937677796177937,0.2,1.0,0.8931124451959993,0.0,0.0,0.01,259.4230041503906,618.3709716796875,2.0
297010.0,57.0,20.0,8.0,-5.6105447271117725,-5.910436576107711,0.2998918489959381,-5.846644939182157,0.23610021207038479,-5.9089454835510455,0.298400756439273,-0.00149109255666513,0.8,1.0,0.7253829903147478,0.0,0.0,0.009999999999999998,276.4230041503906,625.1710205078125,2.0
298258.0,58.0,20.0,8.0,-8.657649661448085,-9.163033121075001,0.5053834596269162,-9.418005753172217,0.7603560917241321,-9.447844281561471,0.790194620113386,0.2848111604864698,1.2,0.875,0.8638674837071241,0.5,0.3535533905932738,0.009999999999999998,272.62298583984375,626.5709838867188,2.0
304498.0,59.0,20.0,8.0,-6.1501013097909105,-6.661064361157272,0.5109630513663612,-6.610499212779857,0.46039790298894623,-6.660034224583463,0.5099329147925529,-0.001030136573808349,0.8,1.0,0.7575095596967587,0.0,0.0,0.010000000000000002,253.6230010986328,633.5709838867188,2.0
306994.0,60.0,20.0,8.0,-3.996519830531714,-5.009859032575175,1.0133392020434613,-4.655751608836798,0.6592317783050845,-5.182157081429349,1.185637250897635,0.17229804885417366,0.4,1.0,0.6016395330404203,0.0,0.0,0.009999999999999998,246.0229949951172,636.3709716796875,2.0
311986.0,61.0,20.0,8.0,-4.147080468395744,-5.8198784916117,1.6727980232159556,-4.723579220902914,0.5764987525071694,-5.825453469656209,1.6783730012604643,0.005574978044508683,0.8,1.0,0.6152452490838383,0.0,0.0,0.01,267.02301025390625,641.77099609375,2.0
314482.0,62.0,20.0,8.0,-4.752216893212353,-6.975198990972511,2.222982097760158,-7.427960966930226,2.6757440737178735,-7.427960966930226,2.6757440737178735,0.4527619759577153,1.0,1.0,0.6653906214994726,0.0,0.0,0.010000000000000002,259.4230041503906,644.5709838867188,2.0
320721.0,63.0,20.0,8.0,-4.380934636573359,-8.868827030741052,4.487892394167693,-10.667857717138592,6.2869230805652325,-10.667857717138592,6.2869230805652325,1.7990306863975398,1.0,1.0,0.6355184581269112,0.0,0.0,0.010000000000000002,276.4230041503906,651.3709716796875,2.0
328209.0,64.0,20.0,8.0,-4.50192912499509,-6.004380309632406,1.5024511846373159,-5.954418392751631,1.4524892677565404,-6.04234694985998,1.5404178248648899,0.03796664022757401,0.8,1.0,0.645570115543635,0.0,0.0,0.01,253.6230010986328,659.77099609375,2.0
330705.0,65.0,20.0,8.0,-2.7874893989247003,-5.26809478665008,2.4806053877253795,-5.51180020941164,2.72431081048694,-5.51180020941164,2.72431081048694,0.24370542276156026,1.0,1.0,0.4737805400516176,0.0,0.0,0.010000000000000002,246.0229949951172,662.5709838867188,2.0
334449.0,66.0,20.0,8.0,-4.64568072884551,-7.718693629456298,3.073012900610788,-8.994748977545157,4.3490682486996475,-9.436677613688667,4.790996884843158,1.7179839842323696,1.2,0.875,0.6569793297582988,0.0,0.3535533905932738,0.009999999999999998,270.822998046875,666.5709838867188,2.0
339441.0,67.0,20.0,8.0,-5.579183249151313,-6.3694522991427505,0.7902690499914371,-6.131072348826471,0.551889099675158,-6.376393140806584,0.797209891655271,0.006940841663833908,0.6,1.0,0.7234167903788165,0.0,0.0,0.01,255.6230010986328,672.1710205078125,2.0
343184.0,68.0,20.0,8.0,-4.951793655189018,-7.6881455043292535,2.7363518491402354,-7.678891787006367,2.727098131817349,-7.9643334431329285,3.0125397879439104,0.276187938803675,0.8,1.0,0.680331968923435,0.0,0.0,0.01,244.0229949951172,676.3709716796875,2.0
349424.0,69.0,20.0,8.0,-6.289008833081597,-7.031277199943826,0.7422683668622287,-6.928467591533397,0.6394587584517994,-7.025691255751121,0.7366824226695234,-0.0055859441927053055,0.6,1.0,0.7650591233839572,0.0,0.0,0.010000000000000002,261.2229919433594,683.1710205078125,2.0
350672.0,70.0,20.0,8.0,-9.57470787298115,-9.455602780487794,-0.11910509249335632,-9.395132346900386,-0.17957552608076455,-9.574707872981199,4.796163466380676e-14,0.11910509249340429,0.0,1.0,0.8898621036481098,0.0,0.0,0.010000000000000002,257.4230041503906,684.5709838867188,2.0
354416.0,71.0,20.0,8.0,-8.472722711278921,-8.540252373854665,0.067529662575744,-7.139258977408031,-1.3334637338708903,-8.655579938344294,0.182857227065373,0.115327564489629,0.4,1.0,0.8580107500627788,0.0,0.0,0.009999999999999997,246.0229949951172,688.77099609375,2.0
363151.0,72.0,20.0,8.0,-4.213771025044868,-6.156705602723367,1.942934577678499,-5.996161044450757,1.7823900194058888,-6.241367321126381,2.027596296081513,0.08466171840301406,0.8,1.0,0.6213092247854013,0.0,0.0,0.009999999999999998,255.42300415039062,698.3709716796875,2.0
371887.0,73.0,20.0,8.0,-2.836125293445795,-4.600282103232644,1.764156809786849,-4.571517708162495,1.7353924147167001,-4.721266202666434,1.885140909220639,0.12098409943379007,0.8,1.0,0.47976413778190397,0.0,0.0,0.01,265.02301025390625,707.9710083007812,2.0
373135.0,74.0,20.0,8.0,-3.4153342441314343,-4.83307317464147,1.4177389305100356,-4.8441177631284535,1.4287835189970193,-4.930623453632846,1.5152892095014114,0.0975502789913758,0.8,1.0,0.5447079674086179,0.0,0.0,0.01,261.2229919433594,709.3709716796875,2.0
375631.0,75.0,20.0,8.0,-5.181607701357967,-7.509892288058218,2.328284586700251,-8.331706576550847,3.15009887519288,-8.40543445485196,3.2238267534939933,0.8955421667937422,1.2,1.0,0.6969072267072055,0.0,0.0,0.01,253.6230010986328,712.1710205078125,2.0
379375.0,76.0,20.0,8.0,-4.234698113577325,-6.053286429312585,1.8185883157352603,-6.609138388189734,2.374440274612409,-6.669870293573762,2.435172179996437,0.6165838642611767,1.2,0.875,0.6229278980841556,0.3535533905932738,0.6123724356957945,0.009999999999999998,278.4230041503906,716.1710205078125,2.0
386862.0,77.0,20.0,8.0,-8.114968283665963,-8.114968283665963,0.0,-8.114968283665961,-1.7763568394002505e-15,-8.114968283665963,0.0,0.0,0.0,1.0,0.8458165942682923,0.0,0.0,0.01,255.42300415039062,724.5709838867188,2.0
391854.0,78.0,20.0,8.0,-5.142666222825247,-5.996159900101724,0.853493677276477,-5.611482176423937,0.46881595359869,-6.042229679331861,0.8995634565066135,0.046069779230136554,0.4,0.875,0.6941605222558273,0.7071067811865476,0.0,0.009999999999999998,276.4230041503906,729.9710083007812,2.0
400590.0,79.0,20.0,8.0,-2.7352035964819104,-4.816634355951624,2.081430759469714,-5.12516085160815,2.38995725512624,-5.12516085160815,2.38995725512624,0.3085264956565261,1.0,1.0,0.46742797993780516,0.0,0.0,0.01,249.822998046875,739.77099609375,2.0
404334.0,80.0,20.0,8.0,-3.3045522994833716,-6.032337119654272,2.7277848201709007,-6.330860701089859,3.026308401606488,-6.330860701089859,3.026308401606488,0.2985235814355871,1.0,1.0,0.5329384657535907,0.0,0.0,0.01,274.62298583984375,743.77099609375,2.0
408077.0,81.0,20.0,8.0,-2.4301539590135337,-3.7969145338341854,1.3667605748206517,-3.7259530925093394,1.2957991334958057,-3.8614205114939977,1.431266552480464,0.06450597765981225,0.8,1.0,0.42872691965454024,0.0,0.0,0.01,263.02301025390625,747.9710083007812,2.0
410573.0,82.0,20.0,8.0,-3.1465303268889273,-5.217208805714456,2.070678478825529,-5.245258700750116,2.098728373861189,-5.343671293327949,2.197140966439022,0.12646248761349277,0.8,1.0,0.5155829743600411,0.0,0.0,0.009999999999999998,255.42300415039062,750.77099609375,2.0
418061.0,83.0,20.0,8.0,-3.4017642652515305,-3.588589474668056,0.18682520941652525,-3.5919304026347234,0.19016613738319288,-3.5947279999398263,0.19296373468829575,0.006138525271770501,0.8,1.0,0.5432308142445903,0.0,0.0,0.01,268.822998046875,758.9710083007812,2.0
426797.0,84.0,20.0,8.0,-3.298451881801256,-4.113301482593137,0.8148496007918808,-3.8713595691071925,0.5729076873059364,-4.112416087524503,0.8139642057232468,-0.0008853950686340539,0.6,1.0,0.5321785260545758,0.0,0.0,0.010000000000000004,278.4230041503906,768.5709838867188,2.0
428045.0,85.0,20.0,8.0,-2.905388017040082,-3.8491650210617356,0.9437770040216535,-3.9521873096865145,1.0467992926464325,-3.9521873096865145,1.0467992926464325,0.10302228862477891,1.0,1.0,0.4878548005627339,0.0,0.0,0.01,274.62298583984375,769.9710083007812,2.0
433036.0,86.0,20.0,8.0,-3.687167665379463,-4.112938528638744,0.42577086325928093,-3.989538090222861,0.30237042484339804,-4.109282298814244,0.42211463343478073,-0.003656229824500201,0.6,1.0,0.5722425943330378,0.0,0.0,0.01,259.2229919433594,775.5709838867188,2.0
434284.0,87.0,20.0,8.0,-2.9798793271229713,-4.37910111703422,1.3992217899112487,-4.642442727802806,1.662563400679835,-4.642442727802806,1.662563400679835,0.2633416107685864,1.0,1.0,0.4966080332413544,0.0,0.0,0.01,255.42300415039062,776.9710083007812,2.0
436780.0,88.0,20.0,8.0,-2.805211865558218,-3.615383562643178,0.81017169708496,-3.807373110507894,1.0021612449496762,-3.807373110507894,1.0021612449496762,0.19198954786471623,1.0,1.0,0.47594045912408706,0.0,0.0,0.009999999999999998,247.822998046875,779.77099609375,2.0
445516.0,89.0,20.0,8.0,-2.761911964704086,-4.716135591001766,1.9542236262976802,-5.238429152256763,2.476517187552677,-5.320206754857233,2.5582947901531474,0.6040711638554672,1.2,1.0,0.4706642381882993,0.0,0.0,0.009999999999999998,257.4230041503906,789.3709716796875,2.0
460491.0,90.0,20.0,8.0,-2.5767042089768215,-3.2334509414425576,0.6567467324657361,-3.162033090871121,0.5853288818942994,-3.2391302165397478,0.6624260075629262,0.0056792750971901285,0.8,0.875,0.447693222800316,0.7071067811865476,0.3535533905932738,0.01,247.822998046875,805.9710083007812,2.0
461739.0,91.0,20.0,8.0,-2.3958161381432412,-3.729501743633314,1.3336856054900728,-4.170264215896168,1.7744480777529268,-4.2000393302306644,1.8042231920874232,0.47053758659735045,1.2,1.0,0.4242494457799078,0.0,0.0,0.009999999999999997,244.0229949951172,807.3709716796875,2.0
470475.0,92.0,20.0,8.0,-4.800536052895373,-5.482506204572985,0.6819701516776124,-5.170081776233813,0.36954572333844027,-5.495883575683317,0.6953475227879444,0.013377371110331993,0.6,1.0,0.6690788357359768,0.0,0.0,0.010000000000000002,253.6230010986328,816.9710083007812,2.0
472971.0,93.0,20.0,8.0,-2.514510973115207,-4.007316670575033,1.492805697459826,-4.111643921275156,1.5971329481599486,-4.140096718487632,1.6255857453724247,0.13278004791259868,0.8,1.0,0.43974737676301734,0.0,0.0,0.01,246.0229949951172,819.77099609375,2.0
474219.0,94.0,20.0,8.0,-2.6388072811828027,-3.7478322352430506,1.109024954060248,-3.565272730874327,0.9264654496915243,-3.7431018557582094,1.1042945745754067,-0.0047303794848412295,0.6,1.0,0.45555124198067176,0.0,0.0,0.010000000000000002,278.4230041503906,820.9710083007812,2.0
475466.0,95.0,20.0,8.0,-2.2346933874179613,-2.4953597633917286,0.2606663759737673,-2.7017423751485685,0.4670489877306072,-2.7017423751485685,0.4670489877306072,0.20638261175683992,1.0,0.875,0.4023951168416982,0.0,0.3535533905932738,0.009999999999999998,274.4230041503906,822.3709716796875,2.0
476714.0,96.0,20.0,8.0,-2.0332913372816313,-2.6052543837369773,0.571963046455346,-2.733219145078522,0.6999278077968909,-2.733219145078522,0.6999278077968909,0.12796476134154489,1.0,1.0,0.3739922182763597,0.0,0.0,0.010000000000000002,270.62298583984375,823.77099609375,2.0
489194.0,97.0,20.0,8.0,-3.451610763175407,-3.923704599898989,0.47209383672358207,-3.988035392890756,0.536424629715349,-3.991398534184905,0.539787771009498,0.06769393428591597,1.2,1.0,0.5484127900951226,0.0,0.0,0.009999999999999998,268.822998046875,837.5709838867188,2.0
490442.0,98.0,20.0,8.0,-3.3901967206021473,-4.624581926729939,1.2343852061277918,-4.473319758637347,1.0831230380351995,-4.635885634576288,1.2456889139741412,0.011303707846349376,0.6,1.0,0.5420466992361326,0.0,0.0,0.010000000000000002,265.02301025390625,838.9710083007812,2.0
497930.0,99.0,20.0,8.0,-4.554297311856024,-4.969771731389744,0.41547441953372033,-4.986128168990702,0.4318308571346785,-5.0003724357507595,0.4460751238947358,0.030600704361015474,1.2,1.0,0.6497267207496531,0.0,0.0,0.009999999999999998,278.4230041503906,847.1710205078125,2.0
2495.0,0.0,20.0,16.0,-4.859545905369193,-7.241937461681797,2.382391556312604,-7.283696480713248,2.424150575344055,-7.288684396801564,2.4291384914323713,0.04674693511976713,0.8,1.0,0.6737347638777438,0.0,0.0,0.010000000000000002,270.822998046875,299.77099609375,2.0
9983.0,1.0,20.0,16.0,-5.081117225732882,-6.175371861843296,1.0942546361104135,-6.0337965147507555,0.9526792890178735,-6.1634382424103205,1.0823210166774384,-0.011933619432975107,0.6,1.0,0.6899275956446907,0.0,0.0,0.01,248.0229949951172,308.1709899902344,2.0
12479.0,2.0,20.0,16.0,-6.88733284627448,-8.680621225895127,1.7932883796206474,-8.154749798709176,1.2674169524346963,-8.66479643812005,1.77746359184557,-0.015824787775077453,0.6,0.9375,0.7954660865871789,1.0,0.0,0.01,276.62298583984375,310.77099609375,2.0
24958.0,3.0,20.0,16.0,-5.71939095446848,-6.402246373976583,0.6828554195081029,-6.280691734194216,0.5613007797257357,-6.393342279226809,0.6739513247583293,-0.008904094749773606,0.6,0.9375,0.7323927051532789,0.5,0.4330127018922193,0.010000000000000004,274.62298583984375,324.5710144042969,2.0
27454.0,4.0,20.0,16.0,-7.186353475306629,-10.842023400985308,3.655669925678679,-10.999708380981863,3.813354905675234,-11.021054002058877,3.834700526752248,0.17903060107356872,0.8,0.9375,0.8091880996057303,0.25,0.4330127018922193,0.01,267.02301025390625,327.3710021972656,2.0
33694.0,5.0,20.0,16.0,-6.639111183767916,-9.300817507034752,2.661706323266836,-9.230872897863355,2.5917617140954388,-9.300794551231188,2.6616833674632723,-2.2955803563817767e-05,0.6,1.0,0.7835379089486478,0.0,0.0,0.010000000000000004,248.0229949951172,334.3710021972656,2.0
34942.0,6.0,20.0,16.0,-5.357211861310952,-7.043535918585637,1.6863240572746854,-6.832505391698302,1.4752935303873498,-7.057854396631502,1.7006425353205499,0.014318478045864502,0.6,1.0,0.7091840361427707,0.0,0.0,0.01,244.22300720214844,335.77099609375,2.0
37438.0,7.0,20.0,16.0,-5.7500959919390295,-8.846443365274212,3.096347373335182,-8.49624365327038,2.7461476613313502,-8.827983198292968,3.077887206353938,-0.018460166981244086,0.8,1.0,0.7342123389140679,0.0,0.0,0.01,272.822998046875,338.3710021972656,2.0
39934.0,8.0,20.0,16.0,-4.490199812021702,-6.801403331396388,2.3112035193746863,-6.9150913885409215,2.4248915765192196,-6.9150913885409215,2.4248915765192196,0.11368805714453334,1.0,1.0,0.6447224203080394,0.0,0.0,0.009999999999999995,265.2229919433594,341.1709899902344,2.0
41182.0,9.0,20.0,16.0,-6.2928228540997635,-9.91369956080851,3.6208767067087466,-9.97767640163461,3.684853547534847,-9.992680669013506,3.6998578149137424,0.07898110820499582,1.2,1.0,0.7656059184928732,0.0,0.0,0.01,261.4230041503906,342.5710144042969,2.0
47421.0,10.0,20.0,16.0,-8.06399977799676,-9.110344286373468,1.0463445083767091,-8.50023926715971,0.43623948916295063,-9.2588196836274,1.1948199056306414,0.14847539725393233,0.4,0.9375,0.8440674748244099,0.5,0.5,0.01,278.4230041503906,349.3710021972656,2.0
48669.0,11.0,20.0,16.0,-6.75757151270401,-7.545489438447349,0.7879179257433391,-6.882171872818855,0.12460036011484465,-7.623277893452474,0.8657063807484633,0.07778845500512421,0.4,1.0,0.7893556876798803,0.0,0.0,0.009999999999999998,274.62298583984375,350.77099609375,2.0
52413.0,12.0,20.0,16.0,-9.937613255893393,-12.202444505242848,2.264831249349456,-10.740434169839698,0.8028209139463058,-12.266521149318525,2.328907893425132,0.06407664407567637,0.6,1.0,0.8990817605244957,0.0,0.0,0.009999999999999998,263.2229919433594,354.97100830078125,2.0
57405.0,13.0,20.0,16.0,-6.554616160867212,-6.379513375583312,-0.1751027852839,-6.042474715853584,-0.5121414450136283,-6.7918320663562195,0.23721590548900728,0.4123186907729073,0.2,1.0,0.7791859157175104,0.0,0.0,0.010000000000000002,248.0229949951172,360.5710144042969,2.0
69884.0,14.0,20.0,16.0,-6.788563895459138,-9.768732070972762,2.980168175513624,-10.026779594290929,3.238215698831791,-10.054479776389787,3.265915880930649,0.285747705417025,1.2,1.0,0.7908158621590367,0.0,0.0,0.010000000000000002,246.0229949951172,374.3710021972656,2.0
71132.0,15.0,20.0,16.0,-6.580795674894637,-12.283295682343738,5.702500007449101,-12.320393684566229,5.7395980096715915,-12.423509320912187,5.8427136460175495,0.14021363856844893,0.8,1.0,0.7804889609980727,0.0,0.0,0.01,278.4230041503906,375.5710144042969,2.0
74876.0,16.0,20.0,16.0,-5.614550171343634,-9.358027259068686,3.7434770877250525,-10.170613760278668,4.556063588935034,-10.170613760278668,4.556063588935034,0.8125865012099815,1.0,1.0,0.7259274642320044,0.0,0.0,0.01,267.02301025390625,379.77099609375,2.0
79868.0,17.0,20.0,16.0,-7.247848911297962,-11.667655850376498,4.419806939078536,-11.141646759236774,3.8937978479388127,-11.680066084227118,4.432217172929156,0.01241023385061979,0.6,1.0,0.8117875542294307,0.0,0.0,0.010000000000000002,251.822998046875,385.3710021972656,2.0
84860.0,18.0,20.0,16.0,-7.035202702787826,-13.626420730233736,6.59121802744591,-13.751443753144525,6.7162410503566985,-13.79609709720361,6.760894394415784,0.16967636696987398,0.8,1.0,0.8023365255744515,0.0,0.0,0.01,272.822998046875,390.77099609375,2.0
91099.0,19.0,20.0,16.0,-6.202704462902274,-7.659602491708668,1.4568980288063944,-7.634837901356933,1.4321334384546596,-7.702775368626571,1.5000709057242974,0.04317287691790295,0.8,0.9375,0.7605414232586247,0.4330127018922193,0.5590169943749475,0.01,253.6230010986328,397.77099609375,2.0
96091.0,20.0,20.0,16.0,-6.74013411544472,-10.932940728620954,4.192806613176234,-10.747592897601148,4.007458782156428,-10.902019346012297,4.161885230567577,-0.030921382608656955,0.8,1.0,0.7885366137191296,0.0,0.0,0.009999999999999998,274.62298583984375,403.1709899902344,2.0
101083.0,21.0,20.0,16.0,-7.759543128096268,-9.144762955793162,1.3852198276968943,-9.03497008195521,1.2754269538589424,-9.185501383743365,1.4259582556470969,0.04073842795020255,0.8,0.9375,0.8327520568973648,0.6614378277661477,0.3535533905932738,0.01,259.4230041503906,408.77099609375,2.0
103579.0,22.0,20.0,16.0,-9.421201032281433,-8.518702326617289,-0.9024987056641436,-8.069617571142842,-1.3515834611385902,-9.421201032281392,-4.085620730620576e-14,0.9024987056641027,0.0,1.0,0.886080123575966,0.0,0.0,0.01,251.822998046875,411.5710144042969,2.0
107323.0,23.0,20.0,16.0,-7.864510411076726,-8.307560286369348,0.44304987529262263,-8.072305299855536,0.20779488877881036,-8.383440840707667,0.5189304296309416,0.07588055433831897,0.4,1.0,0.8368334143650143,0.0,0.0,0.009999999999999998,276.62298583984375,415.5710144042969,2.0
131034.0,24.0,20.0,16.0,-6.934862921993733,-10.916161011912834,3.9812980899191013,-10.851618006354911,3.9167550843611787,-10.907911301953302,3.973048379959569,-0.008249709959532225,0.8,1.0,0.7978864470139193,0.0,0.0,0.009999999999999998,276.62298583984375,441.77099609375,2.0
132282.0,25.0,20.0,16.0,-6.277668777405241,-8.41666716199948,2.13899838459424,-7.968909761902485,1.6912409844972442,-8.386807230015425,2.1091384526101837,-0.02985993198405623,0.6,1.0,0.7645771817044674,0.0,0.0,0.010000000000000002,272.822998046875,443.1709899902344,2.0
133530.0,26.0,20.0,16.0,-7.233307365251874,-9.440941804354706,2.207634439102832,-8.93172564928203,1.6984182840301552,-9.483410116320357,2.250102751068483,0.04246831196565104,0.6,1.0,0.8113057366039468,0.0,0.0,0.01,269.02301025390625,444.5710144042969,2.0
137273.0,27.0,20.0,16.0,-6.225782168684756,-9.469178507239283,3.2433963385545272,-8.919465656211624,2.6936834875268687,-9.455065486583212,3.2292833178984566,-0.014113020656070674,0.6,0.9375,0.7618644433805116,0.5590169943749475,0.3535533905932738,0.009999999999999998,257.4230041503906,448.77099609375,2.0
141017.0,28.0,20.0,16.0,-8.868975317824209,-8.88040811896589,0.011432801141681992,-8.090896468101306,-0.7780788497229025,-9.787433540535739,0.9184582227115303,0.9070254215698483,0.2,1.0,0.8705722089545034,0.0,0.0,0.010000000000000002,246.0229949951172,452.97100830078125,2.0
142265.0,29.0,20.0,16.0,-9.102296772377443,-9.695333190393562,0.5930364180161192,-8.5015528457505,-0.6007439266269436,-9.95103668901076,0.8487399166333169,0.25570349861719777,0.4,1.0,0.8774228724278484,0.0,0.0,0.01,278.4230041503906,454.1709899902344,2.0
144761.0,30.0,20.0,16.0,-6.480567269361199,-6.57416600208416,0.09359873272296149,-5.841622579913564,-0.6389446894476345,-7.013295683812394,0.5327284144511948,0.4391296817282333,0.2,1.0,0.7755650079952414,0.0,0.0,0.009999999999999998,270.822998046875,456.97100830078125,2.0
151001.0,31.0,20.0,16.0,-9.778287407665163,-9.94539444144258,0.16710703377741787,-9.318472282088303,-0.4598151255768599,-10.203096483793058,0.42480907612789487,0.257702042350477,0.4,1.0,0.8950256730052334,0.0,0.0,0.010000000000000004,251.822998046875,463.97100830078125,2.0
164728.0,32.0,20.0,16.0,-6.003534387262077,-8.188080775999559,2.1845463887374823,-7.355747512954203,1.352213125692126,-8.251251994537038,2.2477176072749607,0.06317121853747842,0.6,1.0,0.7492761919314279,0.0,0.0,0.01,246.0229949951172,479.1709899902344,2.0
167224.0,33.0,20.0,16.0,-5.980761542411393,-8.131328528692153,2.1505669862807597,-7.596820170490279,1.6160586280788856,-8.130545908011575,2.1497843656001816,-0.0007826206805781055,0.6,1.0,0.7480825774798598,0.0,0.0,0.01,274.62298583984375,481.77099609375,2.0
169720.0,34.0,20.0,16.0,-7.074410886760566,-8.051949130868707,0.9775382441081408,-7.16484504561278,0.09043415885221417,-8.324700126880645,1.250289240120079,0.2727509960119381,0.4,1.0,0.8040709811265243,0.0,0.0,0.01,267.02301025390625,484.5710144042969,2.0
174712.0,35.0,20.0,16.0,-6.786387874253225,-10.352317979848147,3.565930105594922,-9.465565857587459,2.6791779833342337,-10.413894059524036,3.6275061852708115,0.06157607967588952,0.6,1.0,0.7908785640317865,0.0,0.0,0.01,251.822998046875,490.1709899902344,2.0
182199.0,36.0,20.0,16.0,-6.50918607717456,-8.303589124123471,1.7944030469489114,-8.13274801771674,1.6235619405421797,-8.297091227647105,1.787905150472545,-0.006497896476366449,0.6,1.0,0.7768446768261235,0.0,0.0,0.009999999999999998,265.02301025390625,498.3710021972656,2.0
184695.0,37.0,20.0,16.0,-7.11628726017408,-8.971818734342008,1.855531474167928,-8.843492012015725,1.7272047518416445,-8.959249108383238,1.8429618482091579,-0.012569625958770203,0.8,1.0,0.8060355122092399,0.0,0.0,0.009999999999999998,257.4230041503906,501.1709899902344,2.0
193431.0,38.0,20.0,16.0,-8.293247979737071,-8.489780527575984,0.19653254783891327,-8.146309886802252,-0.1469380929348194,-8.682517616866818,0.3892696371297468,0.19273708929083355,0.4,1.0,0.8522147501353021,0.0,0.0,0.01,267.02301025390625,510.77099609375,2.0
194679.0,39.0,20.0,16.0,-8.80521369901938,-9.019577975962251,0.21436427694287197,-8.566557339554928,-0.23865635946445174,-9.295625128170354,0.49041142915097424,0.2760471522081023,0.4,1.0,0.868555679504197,0.0,0.0,0.01,263.2229919433594,512.1710205078125,2.0
198423.0,40.0,20.0,16.0,-8.923595230407223,-9.018560877281322,0.09496564687409936,-8.789962874225557,-0.1336323561816659,-9.164537039157066,0.2409418087498434,0.14597616187574403,0.2,0.9375,0.8721713975108593,0.25,0.0,0.009999999999999998,251.822998046875,516.3709716796875,2.0
199671.0,41.0,20.0,16.0,-7.856189695868082,-7.770331942668084,-0.08585775319999822,-7.276589477497889,-0.5796002183701932,-7.999574886704501,0.14338519083641899,0.2292429440364172,0.2,1.0,0.8364676768359295,0.0,0.0,0.01,248.0229949951172,517.77099609375,2.0
204662.0,42.0,20.0,16.0,-8.58176398652978,-7.911750351735705,-0.6700136347940742,-7.344056398703305,-1.237707587826474,-8.786040873361847,0.20427688683206746,0.8742905216261416,0.2,1.0,0.8616223327858799,0.0,0.0,0.009999999999999998,268.822998046875,523.1710205078125,2.0
213398.0,43.0,20.0,16.0,-8.431185201582775,-10.410714570575799,1.979529368993024,-9.53062655798975,1.0994413564069756,-10.934788229557382,2.5036030279746075,0.5240736589815835,0.4,1.0,0.856812946277351,0.0,0.0,0.009999999999999998,278.4230041503906,532.77099609375,2.0
215894.0,44.0,20.0,16.0,-7.23952450132947,-10.570296885070205,3.330772383740735,-9.393738442336144,2.154213941006674,-10.745272578055607,3.505748076726137,0.17497569298540228,0.4,0.9375,0.8115617331384553,0.25,0.0,0.009999999999999998,270.822998046875,535.5709838867188,2.0
217142.0,45.0,20.0,16.0,-6.8480429710598445,-11.19648785405878,4.348444882998936,-11.2275394512221,4.379496480162255,-11.319639921711547,4.471596950651702,0.1231520676527662,0.8,1.0,0.7936648966931723,0.0,0.0,0.009999999999999998,267.02301025390625,536.9710083007812,2.0
225878.0,46.0,20.0,16.0,-7.27122524744178,-7.246945812001649,-0.024279435440131003,-6.769190210454363,-0.5020350369874169,-7.872177645207281,0.6009523977655009,0.6252318332056319,0.2,0.9375,0.8128677707237257,0.3535533905932738,0.5,0.010000000000000002,276.62298583984375,546.5709838867188,2.0
235861.0,47.0,20.0,16.0,-10.292034021931647,-10.518872151344006,0.22683812941235892,-9.669714124449074,-0.6223198974825728,-10.817145238789518,0.5251112168578711,0.2982730874455122,0.4,1.0,0.906807845713547,0.0,0.0,0.010000000000000002,246.0229949951172,557.77099609375,2.0
244597.0,48.0,20.0,16.0,-11.578291881708633,-12.249105908907001,0.670814027198368,-11.92903946524892,0.35074758354028646,-12.36283626760641,0.7845443858977763,0.11373035869940828,0.4,0.9375,0.930835814326057,0.4330127018922193,0.25,0.01,255.6230010986328,567.3709716796875,2.0
247093.0,49.0,20.0,16.0,-6.19207781339818,-9.278467660962828,3.0863898475646483,-8.744231319437581,2.552153506039401,-9.251706189542118,3.0596283761439373,-0.026761471420710947,0.8,1.0,0.7599252177586306,0.0,0.0,0.01,248.0229949951172,570.1710205078125,2.0
252084.0,50.0,20.0,16.0,-6.101532660667641,-7.854802815954894,1.753270155287253,-8.471504351485162,2.369971690817521,-8.806280731552558,2.704748070884917,0.951477915597664,1.2,1.0,0.7548261985656108,0.0,0.0,0.009999999999999998,268.822998046875,575.5709838867188,2.0
265812.0,51.0,20.0,16.0,-7.591358323955256,-9.155742598178719,1.564384274223463,-8.987408034768904,1.3960497108136485,-9.145374638740996,1.5540163147857404,-0.010367959437722618,0.6,0.9375,0.8260416981767317,0.4330127018922193,0.25,0.009999999999999998,263.2229919433594,590.77099609375,2.0
269556.0,52.0,20.0,16.0,-5.973395447406231,-8.003530630613746,2.0301351832075145,-7.672968155779035,1.6995727083728038,-8.015328395977907,2.0419329485716755,0.011797765364160995,0.6,1.0,0.7477127248747368,0.0,0.0,0.010000000000000004,251.822998046875,594.9710083007812,2.0
272051.0,53.0,20.0,16.0,-7.708457161905922,-10.654538288367485,2.9460811264615634,-10.220186419138045,2.5117292572321235,-10.680888982506719,2.9724318206007974,0.026350694139233966,0.6,0.9375,0.8308909531248724,0.0,0.5590169943749475,0.01,244.0229949951172,597.77099609375,2.0
273299.0,54.0,20.0,16.0,-7.092942393096996,-9.702875920637684,2.6099335275406883,-8.453755520217697,1.3608131271207018,-9.722642889033072,2.629700495936076,0.019766968395387607,0.6,1.0,0.8052876277525131,0.0,0.0,0.01,276.4230041503906,598.9710083007812,2.0
285779.0,55.0,20.0,16.0,-7.8165758416652125,-9.253907802711238,1.4373319610460253,-8.612247242827744,0.7956714011625312,-9.279131051253257,1.4625552095880447,0.025223248542019405,0.6,1.0,0.8350078399114854,0.0,0.0,0.01,274.62298583984375,612.77099609375,2.0
290771.0,56.0,20.0,16.0,-13.331653963149774,-13.702279271009658,0.3706253078598838,-12.938858904553811,-0.3927950585959632,-13.780124275333346,0.4484703121835718,0.07784500432368802,0.4,1.0,0.9537806647667045,0.0,0.0,0.01,259.4230041503906,618.3709716796875,2.0
297010.0,57.0,20.0,16.0,-7.536188310797705,-8.585760011102167,1.0495717003044618,-8.602523153190369,1.0663348423926635,-8.64992922782293,1.1137409170252255,0.0641692167207637,0.8,1.0,0.8239111442987798,0.0,0.0,0.009999999999999998,276.4230041503906,625.1710205078125,2.0
298258.0,58.0,20.0,16.0,-10.758604077720806,-12.708130337885073,1.9495262601642676,-13.120809751330922,2.3622056736101165,-13.20877339424245,2.4501693165216434,0.5006430563573758,1.2,1.0,0.916227867674703,0.0,0.0,0.009999999999999998,272.62298583984375,626.5709838867188,2.0
304498.0,59.0,20.0,16.0,-8.137656752711521,-8.980249088279624,0.8425923355681029,-8.925948200845559,0.7882914481340375,-8.98296368212241,0.8453069294108886,0.0027145938427857175,0.6,0.9375,0.8468237873332444,0.0,0.25,0.010000000000000002,253.6230010986328,633.5709838867188,2.0
306994.0,60.0,20.0,16.0,-7.294200863320701,-11.111239731728054,3.8170388684073524,-11.646305627497963,4.352104764177262,-11.646305627497963,4.352104764177262,0.5350658957699093,1.0,1.0,0.8137693577131216,0.0,0.0,0.009999999999999998,246.0229949951172,636.3709716796875,2.0
311986.0,61.0,20.0,16.0,-6.893769962319281,-9.220774859131552,2.327004896812271,-9.557847544310263,2.6640775819909823,-9.557847544310263,2.6640775819909823,0.33707268517871114,1.0,1.0,0.7958830246397652,0.0,0.0,0.01,267.02301025390625,641.77099609375,2.0
314482.0,62.0,20.0,16.0,-7.978025901804882,-10.99909318440046,3.0210672825955776,-10.652601713524003,2.674575811719121,-10.989896184923227,3.011870283118345,-0.009196999477232737,0.6,1.0,0.8409893696747568,0.0,0.0,0.010000000000000002,259.4230041503906,644.5709838867188,2.0
320721.0,63.0,20.0,16.0,-7.968986153180092,-12.084996070620145,4.116009917440053,-12.10325690922508,4.134270756044987,-12.154157540259247,4.185171387079155,0.06916146963910208,0.8,1.0,0.840669438735395,0.0,0.0,0.010000000000000002,276.4230041503906,651.3709716796875,2.0
328209.0,64.0,20.0,16.0,-7.24479183673425,-8.950611659686409,1.7058198229521588,-8.29296465792432,1.0481728211900707,-8.992878889835334,1.7480870531010835,0.04226723014892464,0.6,0.9375,0.8117408852768375,0.25,0.0,0.01,253.6230010986328,659.77099609375,2.0
330705.0,65.0,20.0,16.0,-6.590844013019167,-10.574890022015655,3.984046008996488,-10.065960224420557,3.4751162114013905,-10.571083630480695,3.980239617461528,-0.0038063915349599853,0.8,1.0,0.780977216244791,0.0,0.0,0.010000000000000002,246.0229949951172,662.5709838867188,2.0
334449.0,66.0,20.0,16.0,-7.2127113002446075,-11.542236062697711,4.3295247624531035,-11.682786232966642,4.470074932722034,-11.717436357850811,4.504725057606204,0.17520029515310043,0.8,1.0,0.8102268027653632,0.0,0.0,0.009999999999999998,270.822998046875,666.5709838867188,2.0
339441.0,67.0,20.0,16.0,-8.277601106752739,-10.21663285769546,1.9390317509427213,-9.51266635713973,1.2350652503869917,-10.196866306893256,1.9192652001405168,-0.019766550802204463,0.6,0.9375,0.8517158582413638,0.4330127018922193,0.0,0.01,255.6230010986328,672.1710205078125,2.0
343184.0,68.0,20.0,16.0,-7.423229904704467,-10.0200310306324,2.596801125927932,-10.195809933910455,2.7725800292059883,-10.195809933910455,2.7725800292059883,0.17577890327805612,1.0,1.0,0.8193581078668817,0.0,0.0,0.01,244.0229949951172,676.3709716796875,2.0
349424.0,69.0,20.0,16.0,-9.246895464120126,-10.114002423121038,0.8671069590009122,-9.85945894202124,0.612563477901114,-10.129313658075606,0.8824181939554805,0.01531123495456832,0.6,0.9375,0.8812830777081765,0.5590169943749475,0.5590169943749475,0.010000000000000002,261.2229919433594,683.1710205078125,2.0
350672.0,70.0,20.0,16.0,-11.918710714884677,-13.638790986640988,1.720080271756311,-13.46836595066225,1.549655235777573,-13.692751494546602,1.7740407796619255,0.05396050790561446,0.8,0.9375,0.9360506477481852,0.25,0.5,0.010000000000000002,257.4230041503906,684.5709838867188,2.0
354416.0,71.0,20.0,16.0,-12.044450977469666,-12.380939019533487,0.3364880420638219,-9.256893507628165,-2.7875574698415004,-12.810947889554518,0.7664969120848522,0.4300088700210303,0.4,1.0,0.9377774722511755,0.0,0.0,0.009999999999999997,246.0229949951172,688.77099609375,2.0
363151.0,72.0,20.0,16.0,-7.592853164591899,-8.866909939260438,1.274056774668539,-8.336366906765623,0.7435137421737235,-9.132159809546659,1.5393066449547597,0.2652498702862207,0.4,1.0,0.8263689556125817,0.0,0.0,0.009999999999999998,255.42300415039062,698.3709716796875,2.0
371887.0,73.0,20.0,16.0,-5.240751701937969,-7.440471972335011,2.1997202703970427,-7.265545946271593,2.0247942443336244,-7.480245746799983,2.239494044862014,0.039773774464971545,0.8,1.0,0.7011627081288738,0.0,0.0,0.01,265.02301025390625,707.9710083007812,2.0
373135.0,74.0,20.0,16.0,-5.939337642475805,-7.353851255468636,1.414513612992831,-7.293261852996408,1.3539242105206029,-7.349533391889626,1.4101957494138206,-0.004317863579010428,0.8,1.0,0.7456386311143681,0.0,0.0,0.01,261.2229919433594,709.3709716796875,2.0
375631.0,75.0,20.0,16.0,-8.538921058618271,-11.630238966239885,3.0913179076216135,-11.312536985902318,2.7736159272840464,-11.612260167664603,3.073339109046332,-0.01797879857528173,0.6,1.0,0.8603299861847177,0.0,0.0,0.01,253.6230010986328,712.1710205078125,2.0
379375.0,76.0,20.0,16.0,-6.519727716924358,-8.98242292086066,2.4626952039363026,-9.381479444150859,2.861751727226501,-9.381479444150859,2.861751727226501,0.3990565232901986,1.0,1.0,0.7773578432732378,0.0,0.0,0.009999999999999998,278.4230041503906,716.1710205078125,2.0
386862.0,77.0,20.0,16.0,-10.7867598566134,-11.18879441633778,0.4020345597243793,-11.117984480161482,0.33122462354808135,-11.194045134453741,0.40728527784034085,0.005250718115961561,0.6,1.0,0.9168759507531774,0.0,0.0,0.01,255.42300415039062,724.5709838867188,2.0
391854.0,78.0,20.0,16.0,-8.536225514497035,-9.789716454060203,1.253490939563168,-8.812860759965172,0.2766352454681371,-9.903628717411435,1.3674032029143994,0.1139122633512315,0.4,1.0,0.8602656935428282,0.0,0.0,0.009999999999999998,276.4230041503906,729.9710083007812,2.0
400590.0,79.0,20.0,16.0,-5.421392757028788,-7.45884660885741,2.037453851828622,-7.361720570377278,1.9403278133484898,-7.457483540635773,2.0360907836069853,-0.0013630682216367873,0.6,1.0,0.713236840962509,0.0,0.0,0.01,249.822998046875,739.77099609375,2.0
404334.0,80.0,20.0,16.0,-6.329906989903985,-10.1700204736348,3.840113483730815,-9.926579475910149,3.596672486006164,-10.149673422677214,3.8197664327732292,-0.02034705095758582,0.6,1.0,0.7675119232558407,0.0,0.0,0.01,274.62298583984375,743.77099609375,2.0
408077.0,81.0,20.0,16.0,-4.6519137020147685,-6.714424287929023,2.0625105859142545,-7.106304199663946,2.454390497649178,-7.106304199663946,2.454390497649178,0.3918799117349234,1.0,1.0,0.6577652272147357,0.0,0.0,0.01,263.02301025390625,747.9710083007812,2.0
410573.0,82.0,20.0,16.0,-5.706857818230068,-7.499668495676329,1.792810677446261,-7.415764447965479,1.7089066297354112,-7.49259283671715,1.785735018487082,-0.007075658959179165,0.8,1.0,0.7315623849356303,0.0,0.0,0.009999999999999998,255.42300415039062,750.77099609375,2.0
418061.0,83.0,20.0,16.0,-5.467877394374757,-6.66013700891753,1.1922596145427722,-6.486875606457875,1.018998212083118,-6.655516502108435,1.1876391077336779,-0.004620506809094316,0.8,0.9375,0.7163318937836605,0.0,0.5,0.01,268.822998046875,758.9710083007812,2.0
426797.0,84.0,20.0,16.0,-5.832895063051685,-7.721357068045861,1.8884620049941754,-7.189062649067569,1.356167586015884,-7.72148399438879,1.8885889313371047,0.00012692634292932325,0.6,1.0,0.7391292987746402,0.0,0.0,0.010000000000000004,278.4230041503906,768.5709838867188,2.0
428045.0,85.0,20.0,16.0,-5.323745716774505,-6.897385495193359,1.5736397784188538,-6.6703132252704425,1.3465675084959372,-6.914616874743108,1.5908711579686026,0.017231379549748738,0.8,1.0,0.7067210234939286,0.0,0.0,0.01,274.62298583984375,769.9710083007812,2.0
433036.0,86.0,20.0,16.0,-5.611404424374262,-6.630941934240736,1.019537509866474,-6.2752066435282465,0.6638022191539843,-6.631313084405671,1.0199086600314091,0.0003711501649350524,0.6,1.0,0.7254367178575206,0.0,0.0,0.01,259.2229919433594,775.5709838867188,2.0
434284.0,87.0,20.0,16.0,-4.983955110956072,-6.645261571063945,1.6613064601078733,-6.97840827568771,1.9944531647316381,-6.97840827568771,1.9944531647316381,0.33314670462376483,1.0,0.9375,0.6829001532428247,0.6123724356957945,0.5,0.01,255.42300415039062,776.9710083007812,2.0
436780.0,88.0,20.0,16.0,-4.9090935290698114,-5.719742547499943,0.8106490184301318,-5.749153578922977,0.8400600498531654,-5.75554575609479,0.8464522270249786,0.03580320859484676,0.8,1.0,0.677287436161833,0.0,0.0,0.009999999999999998,247.822998046875,779.77099609375,2.0
445516.0,89.0,20.0,16.0,-5.177043020300076,-7.435541089593309,2.2584980692932337,-7.611004002176831,2.433960981876755,-7.611004002176831,2.433960981876755,0.1754629125835212,1.0,1.0,0.6966298276646701,0.0,0.0,0.009999999999999998,257.4230041503906,789.3709716796875,2.0
460491.0,90.0,20.0,16.0,-4.7610775966385335,-5.541692511430751,0.7806149147922179,-5.2978921761663305,0.536814579527797,-5.538229896509171,0.7771522998706377,-0.003462614921580176,0.6,0.9375,0.666321118377549,0.5,0.4330127018922193,0.01,247.822998046875,805.9710083007812,2.0
461739.0,91.0,20.0,16.0,-4.4466016821834105,-8.024297846783549,3.5776961646001384,-8.794695637129701,4.3480939549462905,-8.794695637129701,4.3480939549462905,0.7703977903461521,1.0,1.0,0.6412112263178449,0.0,0.0,0.009999999999999997,244.0229949951172,807.3709716796875,2.0
470475.0,92.0,20.0,16.0,-6.792763306764781,-8.25628559104662,1.4635222842818392,-7.989221673320523,1.196458366555742,-8.237327315052195,1.444564008287414,-0.018958275994425122,0.8,1.0,0.791011876192314,0.0,0.0,0.010000000000000002,253.6230010986328,816.9710083007812,2.0
472971.0,93.0,20.0,16.0,-4.472845350283733,-6.20100598405717,1.7281606337734372,-6.09117908526244,1.618333734978707,-6.202549720397057,1.729704370113324,0.0015437363398866921,0.6,1.0,0.6433177471489429,0.0,0.0,0.01,246.0229949951172,819.77099609375,2.0
474219.0,94.0,20.0,16.0,-4.733101773036033,-6.384514469673408,1.651412696637375,-6.455835871760303,1.7227340987242696,-6.455835871760303,1.7227340987242696,0.07132140208689464,1.0,1.0,0.6642333020352773,0.0,0.0,0.010000000000000002,278.4230041503906,820.9710083007812,2.0
475466.0,95.0,20.0,16.0,-4.247136005977357,-5.2169617718477435,0.9698257658703868,-4.959105547396904,0.7119695414195473,-5.208941393759638,0.961805387782281,-0.00802037808810585,0.6,1.0,0.624181158433834,0.0,0.0,0.009999999999999998,274.4230041503906,822.3709716796875,2.0
476714.0,96.0,20.0,16.0,-3.7619649670466755,-5.5140196930752605,1.752054726028585,-5.405769349190187,1.6438043821435118,-5.565309974406832,1.8033450073601562,0.05129028133157121,0.8,1.0,0.5798079441176426,0.0,0.0,0.010000000000000002,270.62298583984375,823.77099609375,2.0
489194.0,97.0,20.0,16.0,-5.890562385837919,-6.7017443234166665,0.8111819375787475,-6.4533393511066475,0.5627769652687284,-6.704033705559752,0.8134713197218328,0.0022893821430853833,0.6,0.9375,0.7427009731942329,0.6123724356957945,0.4330127018922193,0.009999999999999998,268.822998046875,837.5709838867188,2.0
490442.0,98.0,20.0,16.0,-5.939624344773415,-8.128780477674528,2.189156132901113,-7.9557587697891465,2.016134425015731,-8.13486796750485,2.195243622731434,0.006087489830321147,0.6,1.0,0.7455473272831381,0.0,0.0,0.010000000000000002,265.02301025390625,838.9710083007812,2.0
497930.0,99.0,20.0,16.0,-7.25728036433059,-7.526096737685361,0.2688163733547704,-7.210109507879251,-0.04717085645133956,-7.688392880632832,0.43111251630224157,0.1622961429474712,0.4,1.0,0.8123024578919442,0.0,0.0,0.009999999999999998,278.4230041503906,847.1710205078125,2.0
2495.0,0.0,30.0,4.0,-1.4790248409145632,-4.100535535156956,2.6215106942423927,-4.525029060229832,3.0460042193152685,-4.525029060229832,3.0460042193152685,0.42449352507287585,1.0,1.0,0.28863862541682517,0.0,0.0,0.0010000000000000002,270.822998046875,299.77099609375,2.0
9983.0,1.0,30.0,4.0,-1.9559785033706585,-2.8654595703442642,0.9094810669736058,-2.827251822330561,0.8712733189599025,-2.903437007608076,0.9474585042374177,0.037977437263811975,0.8,1.0,0.36262111364234817,0.0,0.0,0.001,248.0229949951172,308.1709899902344,2.0
12479.0,2.0,30.0,4.0,-2.4542751549830917,-3.446999725006357,0.9927245700232654,-2.8984292122080637,0.44415405722497203,-3.455730429456038,1.0014552744729461,0.008730704449680715,0.6,1.0,0.4317117726272255,0.0,0.0,0.001,276.62298583984375,310.77099609375,2.0
24958.0,3.0,30.0,4.0,-1.5522413567179147,-1.9867819337872992,0.4345405770693844,-2.0066389765958053,0.4543976198778905,-2.013309155354766,0.4610677986368512,0.026527221567466786,0.8,1.0,0.3005252873316596,0.0,0.0,0.0010000000000000005,274.62298583984375,324.5710144042969,2.0
27454.0,4.0,30.0,4.0,-3.4376724405118972,-6.975100961312113,3.5374285208002156,-7.810927178527644,4.3732547380157465,-7.810927178527644,4.3732547380157465,0.8358262172155309,1.0,1.0,0.5468624718942902,0.0,0.0,0.001,267.02301025390625,327.3710021972656,2.0
33694.0,5.0,30.0,4.0,-2.2028484502963623,-6.479310482538375,4.276462032242013,-6.828335565586418,4.625487115290055,-7.142441411232554,4.939592960936191,0.6631309286941782,0.8,1.0,0.3978452249888679,0.0,0.0,0.0010000000000000005,248.0229949951172,334.3710021972656,2.0
34942.0,6.0,30.0,4.0,-1.2645771524606007,-1.9911587530130606,0.7265816005524599,-2.189980240054425,0.9254030875938244,-2.189980240054425,0.9254030875938244,0.1988214870413645,1.0,1.0,0.252622439546971,0.0,0.0,0.001,244.22300720214844,335.77099609375,2.0
37438.0,7.0,30.0,4.0,-1.4532119962159045,-2.933078380929517,1.4798663847136124,-2.9051345947455105,1.451922598529606,-3.037989542042341,1.5847775458264364,0.10491116111282395,0.8,1.0,0.2843948239956185,0.0,0.0,0.001,272.822998046875,338.3710021972656,2.0
39934.0,8.0,30.0,4.0,-1.2652563387115803,-1.9819404635149598,0.7166841248033795,-2.0983690424031733,0.8331127036915931,-2.0983690424031733,0.8331127036915931,0.11642857888821356,1.0,1.0,0.2527482741308141,0.0,0.0,0.0009999999999999996,265.2229919433594,341.1709899902344,2.0
41182.0,9.0,30.0,4.0,-2.3214443586350937,-7.428463760107357,5.107019401472264,-7.719049691451769,5.397605332816675,-8.203796777428478,5.882352418793384,0.7753330173211204,0.8,1.0,0.41406314034604874,0.0,0.0,0.001,261.4230041503906,342.5710144042969,2.0
47421.0,10.0,30.0,4.0,-2.9678624387606827,-4.740881112085431,1.773018673324748,-5.21295461608759,2.245092177326907,-5.231668168568544,2.2638057298078613,0.4907870564831134,1.2,1.0,0.4950958570990128,0.0,0.0,0.001,278.4230041503906,349.3710021972656,2.0
48669.0,11.0,30.0,4.0,-2.6013518335265235,-3.806431937356965,1.2050801038304413,-3.7672231604888125,1.165871326962289,-3.8618717164838055,1.260519882957282,0.055439779126840616,0.8,1.0,0.45063741996688167,0.0,0.0,0.0009999999999999998,274.62298583984375,350.77099609375,2.0
52413.0,12.0,30.0,4.0,-4.572254837307447,-7.245721294004964,2.6734664566975166,-7.0597754471680485,2.487520609860601,-7.3372647449790716,2.765009907671624,0.09154345097410754,0.8,1.0,0.6510487252052981,0.0,0.0,0.0009999999999999998,263.2229919433594,354.97100830078125,2.0
57405.0,13.0,30.0,4.0,-3.0313968064171855,-4.080308437074068,1.0489116306568826,-4.046096952716764,1.0147001462995782,-4.1214219770381,1.0900251706209145,0.04111353996403189,0.8,1.0,0.5024332013158427,0.0,0.0,0.0010000000000000002,248.0229949951172,360.5710144042969,2.0
69884.0,14.0,30.0,4.0,-2.164795578033832,-3.440963565257196,1.276167987223364,-3.9109847934669437,1.7461892154331116,-4.036518617177832,1.8717230391439994,0.5955550519206354,1.2,1.0,0.39254099134386705,0.0,0.0,0.0010000000000000002,246.0229949951172,374.3710021972656,2.0
71132.0,15.0,30.0,4.0,-1.3609267244958014,-3.4797150274579964,2.1187883029621952,-4.001983714314156,2.641056989818355,-4.001983714314156,2.641056989818355,0.5222686868561599,1.0,1.0,0.26902522383402777,0.0,0.0,0.001,278.4230041503906,375.5710144042969,2.0
74876.0,16.0,30.0,4.0,-1.5690018491076132,-3.8347400833775662,2.265738234269953,-4.082610799919185,2.5136089508115718,-4.108570660812376,2.5395688117047626,0.27383057743480954,0.8,1.0,0.30322334645426446,0.0,0.0,0.001,267.02301025390625,379.77099609375,2.0
79868.0,17.0,30.0,4.0,-1.989124085991728,-5.108941117091007,3.119817031099279,-5.3115783947568485,3.3224543087651206,-5.475317611472212,3.486193525480484,0.3663764943812051,0.8,1.0,0.36746719817596485,0.0,0.0,0.0010000000000000002,251.822998046875,385.3710021972656,2.0
84860.0,18.0,30.0,4.0,-1.2824144078782984,-2.6479921915435,1.3655777836652017,-2.958486660293845,1.6760722524155467,-2.958486660293845,1.6760722524155467,0.31049446875034503,1.0,1.0,0.25569039197468824,0.0,0.0,0.001,272.822998046875,390.77099609375,2.0
91099.0,19.0,30.0,4.0,-2.720445417828947,-4.404903376099475,1.684457958270528,-4.855972045773381,2.135526627944434,-4.90035174723481,2.1799063294058625,0.4954483711353346,1.2,1.0,0.46551261688024803,0.0,0.0,0.001,253.6230010986328,397.77099609375,2.0
96091.0,20.0,30.0,4.0,-1.7936425475645983,-4.306375253222137,2.5127327056575384,-4.413906901391607,2.6202643538270083,-4.566868141496848,2.77322559393225,0.26049288827471173,0.8,1.0,0.3383413797917616,0.0,0.0,0.0009999999999999998,274.62298583984375,403.1709899902344,2.0
101083.0,21.0,30.0,4.0,-2.9695904227364087,-4.474689314196652,1.5050988914602437,-4.691137809079303,1.7215473863428938,-4.691137809079303,1.7215473863428938,0.21644849488265017,1.0,1.0,0.4952950643147084,0.0,0.0,0.001,259.4230041503906,408.77099609375,2.0
103579.0,22.0,30.0,4.0,-3.3478602507872095,-4.629681409977353,1.2818211591901436,-4.3077745261954545,0.959914275408245,-4.618493302781425,1.2706330519942153,-0.011188107195928332,0.6,1.0,0.5374013067186291,0.0,0.0,0.001,251.822998046875,411.5710144042969,2.0
107323.0,23.0,30.0,4.0,-2.7611381631322107,-3.879384866790855,1.1182467036586443,-3.833281660179285,1.0721434970470742,-3.9240705498417077,1.162932386709497,0.04468568305085263,0.8,1.0,0.47048384698136486,0.0,0.0,0.0009999999999999998,276.62298583984375,415.5710144042969,2.0
131034.0,24.0,30.0,4.0,-2.005587402334365,-3.714681792418593,1.709094390084228,-3.9945861422733486,1.9889987399389835,-3.9945861422733486,1.9889987399389835,0.27990434985475554,1.0,1.0,0.3698580591371916,0.0,0.0,0.0009999999999999998,276.62298583984375,441.77099609375,2.0
132282.0,25.0,30.0,4.0,-2.080525752515632,-2.395993050876353,0.31546729836072096,-2.3185837440323063,0.23805799151667406,-2.414890515203581,0.3343647626879487,0.01889746432722772,0.4,1.0,0.3806418198866668,0.0,0.0,0.0010000000000000002,272.822998046875,443.1709899902344,2.0
133530.0,26.0,30.0,4.0,-2.6317269808545785,-3.786581472441037,1.1548544915864585,-4.114465344200181,1.4827383633456028,-4.153453580967669,1.521726600113091,0.36687210852663243,1.2,1.0,0.45446480634665715,0.0,0.0,0.001,269.02301025390625,444.5710144042969,2.0
137273.0,27.0,30.0,4.0,-1.9596059546776172,-2.467598454239434,0.5079924995618166,-2.5295879129854533,0.569981958307836,-2.5663853334127014,0.6067793787350841,0.09878687917326756,1.2,1.0,0.3631498567246925,0.0,0.0,0.0009999999999999998,257.4230041503906,448.77099609375,2.0
141017.0,28.0,30.0,4.0,-2.89256629941716,-3.7464031701247267,0.8538368707075668,-3.347218488967748,0.45465218955058795,-3.760365772472973,0.867799473055813,0.0139626023482462,0.6,1.0,0.486275379552834,0.0,0.0,0.0010000000000000002,246.0229949951172,452.97100830078125,2.0
142265.0,29.0,30.0,4.0,-2.963392800081275,-2.673300606964859,-0.29009219311641576,-2.570048436402822,-0.3933443636784526,-2.9633928000812855,1.0658141036401503e-14,0.2900921931164264,0.0,1.0,0.49457495379163774,0.0,0.0,0.001,278.4230041503906,454.1709899902344,2.0
144761.0,30.0,30.0,4.0,-1.6436428692481408,-2.8080062000983155,1.1643633308501746,-2.81426690257458,1.170624033326439,-2.9102458296549956,1.2666029604068547,0.10223962955668009,0.8,1.0,0.31509339163093886,0.0,0.0,0.0009999999999999998,270.822998046875,456.97100830078125,2.0
151001.0,31.0,30.0,4.0,-3.5084632034161105,-3.5036314769043364,-0.004831726511774104,-3.476392211860429,-0.032070991555681605,-3.558290036462077,0.04982683304596636,0.05465855955774046,0.2,1.0,0.5541935822060566,0.0,0.0,0.0010000000000000005,251.822998046875,463.97100830078125,2.0
164728.0,32.0,30.0,4.0,-1.2233081464927915,-1.5663795491727956,0.34307140268000413,-1.6466643392347184,0.42335619274192693,-1.6466643392347184,0.42335619274192693,0.0802847900619228,1.0,1.0,0.24549056606379444,0.0,0.0,0.001,246.0229949951172,479.1709899902344,2.0
167224.0,33.0,30.0,4.0,-1.3641772537870114,-2.108681830927001,0.7445045771399894,-1.9026649533690403,0.5384876995820289,-2.10738079263332,0.7432035388463085,-0.0013010382936808895,0.6,1.0,0.26957333165957986,0.0,0.0,0.001,274.62298583984375,481.77099609375,2.0
169720.0,34.0,30.0,4.0,-2.803908699610795,-3.7672916166890373,0.9633829170782424,-3.843243727989876,1.0393350283790812,-3.849164669442065,1.04525596983127,0.08187305275302759,0.8,1.0,0.4756747330585895,0.0,0.0,0.001,267.02301025390625,484.5710144042969,2.0
174712.0,35.0,30.0,4.0,-1.6224409152449355,-2.4473651406444574,0.8249242253995219,-2.418566823727841,0.7961259084829053,-2.464029752423232,0.8415888371782967,0.016664611778774763,0.8,0.75,0.3117447289851829,1.118033988749895,0.0,0.001,251.822998046875,490.1709899902344,2.0
182199.0,36.0,30.0,4.0,-2.5912484561447653,-3.838093326216792,1.2468448700720267,-4.178971021025667,1.587722564880902,-4.180234136913793,1.5889856807690275,0.34214081069700075,1.2,1.0,0.44936968710935477,0.0,0.0,0.0009999999999999998,265.02301025390625,498.3710021972656,2.0
184695.0,37.0,30.0,4.0,-3.079917511923326,-3.7888862263422016,0.7089687144188757,-4.034637886725898,0.9547203748025721,-4.118839684484824,1.0389221725614979,0.3299534581426222,1.2,1.0,0.5079565478579415,0.0,0.0,0.0009999999999999998,257.4230041503906,501.1709899902344,2.0
193431.0,38.0,30.0,4.0,-2.9886010227055926,-2.893810639529754,-0.09479038317583877,-2.7897713548223546,-0.19882966788323797,-3.0058301159722465,0.017229093266653894,0.11201947644249266,0.2,1.0,0.49750632087682845,0.0,0.0,0.001,267.02301025390625,510.77099609375,2.0
194679.0,39.0,30.0,4.0,-3.155613908098753,-2.8386178882695723,-0.3169960198291806,-2.801442559916304,-0.35417134818244866,-3.155613908098742,-1.0658141036401503e-14,0.3169960198291699,0.0,1.0,0.5164592725003357,0.0,0.0,0.001,263.2229919433594,512.1710205078125,2.0
198423.0,40.0,30.0,4.0,-3.9304997767440506,-3.5992334397349945,-0.33126633700905606,-3.5382935424642223,-0.39220623427982826,-3.930499776744052,1.3322676295501878e-15,0.3312663370090574,0.0,1.0,0.5954747926643099,0.0,0.0,0.0009999999999999998,251.822998046875,516.3709716796875,2.0
199671.0,41.0,30.0,4.0,-2.4656629673808865,-2.3058701566494904,-0.15979281073139617,-2.1066384918696066,-0.3590244755112799,-2.46566296738089,3.552713678800501e-15,0.15979281073139973,0.0,1.0,0.43320512055117766,0.0,0.0,0.001,248.0229949951172,517.77099609375,2.0
204662.0,42.0,30.0,4.0,-2.2236049250534555,-3.0840653983963624,0.8604604733429069,-3.102100814441457,0.8784958893880015,-3.1081143657280386,0.884509440674583,0.024048967331676163,0.8,1.0,0.4007133115243613,0.0,0.0,0.0009999999999999998,268.822998046875,523.1710205078125,2.0
213398.0,43.0,30.0,4.0,-2.6209394903283334,-3.6280724219682403,1.007132931639907,-3.5091994957022004,0.888260005373867,-3.6368597679984034,1.01592027767007,0.008787346030163068,0.6,1.0,0.45310827594985437,0.0,0.0,0.0009999999999999998,278.4230041503906,532.77099609375,2.0
215894.0,44.0,30.0,4.0,-1.6532890305754266,-3.033315561845637,1.3800265312702105,-3.3690272625792153,1.7157382320037886,-3.3690272625792153,1.7157382320037886,0.33571170073357814,1.0,1.0,0.3166111997908621,0.0,0.0,0.0009999999999999998,270.822998046875,535.5709838867188,2.0
217142.0,45.0,30.0,4.0,-2.5168757637173083,-3.272059965170857,0.7551842014535488,-3.1438393237850937,0.6269635600677854,-3.2774748282101367,0.7605990644928284,0.005414863039279627,0.6,1.0,0.4398454079046983,0.0,0.0,0.0009999999999999998,267.02301025390625,536.9710083007812,2.0
225878.0,46.0,30.0,4.0,-2.360615730837684,-2.896038500164735,0.535422769327051,-2.59402876350546,0.23341303266777613,-2.91025694220785,0.5496412113701661,0.014218442043115065,0.6,1.0,0.41933221351356637,0.0,0.0,0.0010000000000000002,276.62298583984375,546.5709838867188,2.0
235861.0,47.0,30.0,4.0,-2.909436170180595,-3.2268573276530885,0.31742115747249366,-3.1703203854346396,0.2608842152540447,-3.2247987119536043,0.3153625417730095,-0.0020586156994841787,0.6,1.0,0.4882617795428322,0.0,0.0,0.0010000000000000002,246.0229949951172,557.77099609375,2.0
244597.0,48.0,30.0,4.0,-3.6516910037601997,-3.91755057063171,0.26585956687151047,-3.862594933529644,0.21090392976944417,-3.9166998174707714,0.2650088137105717,-0.0008507531609387442,0.8,1.0,0.5686597537932778,0.0,0.0,0.001,255.6230010986328,567.3709716796875,2.0
247093.0,49.0,30.0,4.0,-1.9326207746817246,-2.3788164142635635,0.44619563958183894,-2.372484894868643,0.43986412018691823,-2.4007615762543204,0.46814080157259585,0.021945161990756912,0.8,1.0,0.3591819015863267,0.0,0.0,0.001,248.0229949951172,570.1710205078125,2.0
252084.0,50.0,30.0,4.0,-2.037192442774437,-2.3978214851335973,0.3606290423591605,-2.4423840025131387,0.4051915597387019,-2.4423840025131387,0.4051915597387019,0.04456251737954142,1.0,1.0,0.3744244897163814,0.0,0.0,0.0009999999999999998,268.822998046875,575.5709838867188,2.0
265812.0,51.0,30.0,4.0,-3.027092214117244,-4.34182259891089,1.3147303847936462,-4.280706314479557,1.2536141003623134,-4.431888988457929,1.4047967743406846,0.09006638954703838,0.8,1.0,0.5019378627857749,0.0,0.0,0.0009999999999999998,263.2229919433594,590.77099609375,2.0
269556.0,52.0,30.0,4.0,-1.461352241443611,-2.3787235296957117,0.9173712882521006,-2.4995103266864054,1.0381580852427943,-2.4995103266864054,1.0381580852427943,0.12078679699069372,1.0,1.0,0.2857373122461577,0.0,0.0,0.0010000000000000005,251.822998046875,594.9710083007812,2.0
272051.0,53.0,30.0,4.0,-1.7124147676265622,-2.3717236396781365,0.6593088720515743,-2.753915061442642,1.04150029381608,-2.753915061442642,1.04150029381608,0.3821914217645057,1.0,1.0,0.32585196660777715,0.0,0.0,0.001,244.0229949951172,597.77099609375,2.0
273299.0,54.0,30.0,4.0,-1.6701793738921462,-2.0461049487804357,0.3759255748882895,-1.9293508104154757,0.2591714365233295,-2.0408472537758677,0.3706678798837215,-0.005257695004567964,0.6,1.0,0.31926694017924895,0.0,0.0,0.001,276.4230041503906,598.9710083007812,2.0
285779.0,55.0,30.0,4.0,-3.731381302409262,-4.302527337445304,0.5711460350360422,-4.3486979247111615,0.6173166223018995,-4.349084451650486,0.6177031492412244,0.04655711420518216,0.8,1.0,0.5764991105747752,0.0,0.0,0.001,274.62298583984375,612.77099609375,2.0
290771.0,56.0,30.0,4.0,-6.180080244043026,-6.606160062639055,0.42607981859602884,-6.633469759844393,0.45338951580136655,-6.640381935819163,0.4603016917761371,0.034221873180108275,0.8,1.0,0.7590199058932464,0.0,0.0,0.001,259.4230041503906,618.3709716796875,2.0
297010.0,57.0,30.0,4.0,-3.8446840732719316,-4.2395366192818615,0.3948525460099299,-4.279715964029547,0.4350318907576156,-4.279715964029547,0.4350318907576156,0.0401793447476857,1.0,1.0,0.5874067766212808,0.0,0.0,0.0009999999999999998,276.4230041503906,625.1710205078125,2.0
298258.0,58.0,30.0,4.0,-5.360187124860775,-5.722803456089491,0.3626163312287165,-5.714201528655703,0.35401440379492843,-5.732954006246364,0.3727668813855889,0.010150550156872384,0.8,1.0,0.7089423818994182,0.0,0.0,0.0009999999999999998,272.62298583984375,626.5709838867188,2.0
304498.0,59.0,30.0,4.0,-3.8470875921484646,-4.496021108780648,0.6489335166321837,-4.4622183039746846,0.6151307118262199,-4.541885019802979,0.6947974276545148,0.045863911022331116,0.8,1.0,0.5876288158453101,0.0,0.0,0.0010000000000000002,253.6230010986328,633.5709838867188,2.0
306994.0,60.0,30.0,4.0,-2.458841614844493,-2.6021687175921073,0.14332710274761418,-2.519267317104676,0.060425702260182845,-2.6218468029057655,0.1630051880612724,0.019678085313658222,0.4,1.0,0.43231835786919165,0.0,0.0,0.0009999999999999998,246.0229949951172,636.3709716796875,2.0
311986.0,61.0,30.0,4.0,-2.3417547231879285,-2.8626157689066707,0.5208610457187421,-2.7452965968859684,0.40354187369803984,-2.8541169045340014,0.5123621813460728,-0.008498864372669335,0.6,1.0,0.4167947318165541,0.0,0.0,0.001,267.02301025390625,641.77099609375,2.0
314482.0,62.0,30.0,4.0,-2.7569256402574256,-4.29584367230451,1.5389180320470848,-4.754130947161965,1.9972053069045392,-4.834733096528808,2.0778074562713824,0.5388894242242976,1.2,1.0,0.4699686127592117,0.0,0.0,0.0010000000000000002,259.4230041503906,644.5709838867188,2.0
320721.0,63.0,30.0,4.0,-1.7814330264549183,-2.2042175515208657,0.42278452506594744,-1.9863447731842676,0.2049117467293493,-2.218243472567633,0.4368104461127149,0.014025921046767476,0.6,1.0,0.33648098384837416,0.0,0.0,0.0010000000000000002,276.4230041503906,651.3709716796875,2.0
328209.0,64.0,30.0,4.0,-2.986136617948948,-4.771035482114229,1.7848988641652808,-5.036099721818039,2.049963103869091,-5.036099721818039,2.049963103869091,0.2650642397038103,1.0,1.0,0.49721493559106356,0.0,0.0,0.001,253.6230010986328,659.77099609375,2.0
330705.0,65.0,30.0,4.0,-1.2665628783408358,-2.8305430556132913,1.5639801772724555,-3.102496713490237,1.8359338351494012,-3.102496713490237,1.8359338351494012,0.2719536578769457,1.0,1.0,0.2529684218068333,0.0,0.0,0.0010000000000000002,246.0229949951172,662.5709838867188,2.0
334449.0,66.0,30.0,4.0,-3.0706171318127358,-5.716363114453453,2.6457459826407175,-7.082408925793782,4.011791793981047,-7.608031262259916,4.53741413044718,1.8916681478064632,1.2,1.0,0.5069033145442516,0.0,0.0,0.0009999999999999998,270.822998046875,666.5709838867188,2.0
339441.0,67.0,30.0,4.0,-3.3666992958087456,-4.619265263234308,1.252565967425562,-4.519224022776434,1.1525247269676888,-4.636981506578599,1.2702822107698535,0.01771624334429145,0.8,1.0,0.5393996409449288,0.0,0.0,0.001,255.6230010986328,672.1710205078125,2.0
343184.0,68.0,30.0,4.0,-3.0696443747397155,-2.9732406159105134,-0.09640375882920216,-2.639776609273805,-0.42986776546591043,-3.2090066242827824,0.13936224954306686,0.23576600837226902,0.2,1.0,0.5067886847096869,0.0,0.0,0.001,244.0229949951172,676.3709716796875,2.0
349424.0,69.0,30.0,4.0,-4.172718101875985,-5.264611232593232,1.0918931307172475,-5.46568790585336,1.2929698039773756,-5.5113901499465126,1.3386720480705279,0.2467789173532804,1.2,1.0,0.6174317829361101,0.0,0.0,0.0010000000000000002,261.2229919433594,683.1710205078125,2.0
350672.0,70.0,30.0,4.0,-5.793560566142352,-6.545876441822742,0.7523158756803898,-6.410151047103715,0.6165904809613627,-6.548976020214546,0.7554154540721942,0.003099578391804414,0.6,1.0,0.7365920889624872,0.0,0.0,0.0010000000000000002,257.4230041503906,684.5709838867188,2.0
354416.0,71.0,30.0,4.0,-3.0862932992336223,-2.5573548608062744,-0.5289384384273479,-2.3188622766212665,-0.7674310226123557,-3.0862932992336276,5.329070518200751e-15,0.5289384384273532,0.0,1.0,0.5086791276290561,0.0,0.0,0.0009999999999999996,246.0229949951172,688.77099609375,2.0
363151.0,72.0,30.0,4.0,-2.16705912306891,-2.590574602600241,0.4235154795313312,-2.581438202690616,0.4143790796217064,-2.6078797796144766,0.4408206565455668,0.017305177014235618,0.8,1.0,0.39286159157156375,0.0,0.0,0.0009999999999999998,255.42300415039062,698.3709716796875,2.0
371887.0,73.0,30.0,4.0,-1.4353611470035121,-2.0214402951911876,0.5860791481876755,-1.9218506112268794,0.48648946422336725,-2.020765868612138,0.585404721608626,-0.0006744265790494808,0.8,1.0,0.28144384487366136,0.0,0.0,0.001,265.02301025390625,707.9710083007812,2.0
373135.0,74.0,30.0,4.0,-1.8442042125118099,-2.665817051671654,0.8216128391598443,-2.7184153348367106,0.8742111223249007,-2.7408619923041835,0.8966577797923736,0.07504494063252931,0.8,1.0,0.34600834455353774,0.0,0.0,0.001,261.2229919433594,709.3709716796875,2.0
375631.0,75.0,30.0,4.0,-2.334540872787074,-4.875661084690543,2.541120211903469,-6.055360482958113,3.720819610171039,-6.430670726333211,4.096129853546136,1.555009641642668,1.2,1.0,0.4158259202096378,0.0,0.0,0.001,253.6230010986328,712.1710205078125,2.0
379375.0,76.0,30.0,4.0,-2.515357915467847,-4.0751559181914185,1.5597980027235714,-4.622716767314039,2.1073588518461914,-4.736942063610286,2.2215841481424388,0.6617861454188674,1.2,1.0,0.4396511483722514,0.0,0.0,0.0009999999999999998,278.4230041503906,716.1710205078125,2.0
386862.0,77.0,30.0,4.0,-4.148685086666296,-4.028326992762867,-0.12035809390342855,-3.9059451681014545,-0.24273991856484134,-4.150955800015431,0.0022707133491355336,0.12262880725256409,0.2,1.0,0.615299784821573,0.0,0.0,0.001,255.42300415039062,724.5709838867188,2.0
391854.0,78.0,30.0,4.0,-2.627033160527183,-3.5366577058956192,0.9096245453684362,-3.4913404023460797,0.8643072418188966,-3.558127512958052,0.9310943524308688,0.021469807062432622,0.8,1.0,0.4538771396096782,0.0,0.0,0.0009999999999999998,276.4230041503906,729.9710083007812,2.0
400590.0,79.0,30.0,4.0,-1.3353330150440286,-1.8382809979593553,0.5029479829153267,-1.8356982476219992,0.5003652325779706,-1.9186980384036914,0.5833650233596628,0.08041704044433606,1.2,1.0,0.2646979739321705,0.0,0.0,0.001,249.822998046875,739.77099609375,2.0
404334.0,80.0,30.0,4.0,-1.5690065194916958,-2.446894047892069,0.8778875284003731,-2.6543911262871074,1.0853846067954116,-2.6543911262871074,1.0853846067954116,0.2074970783950385,1.0,1.0,0.3032211414982885,0.0,0.0,0.001,274.62298583984375,743.77099609375,2.0
408077.0,81.0,30.0,4.0,-1.3266472627175623,-2.4814801247223315,1.1548328620047692,-2.421419002340498,1.0947717396229355,-2.531192717009723,1.2045454542921608,0.049712592287391555,0.8,1.0,0.2632291483741,0.0,0.0,0.001,263.02301025390625,747.9710083007812,2.0
410573.0,82.0,30.0,4.0,-1.936879773449614,-3.8819100881744935,1.9450303147248795,-3.970382875120161,2.033503101670547,-4.0512781212871305,2.1143983478375166,0.16936803311263704,0.8,1.0,0.35980850168986594,0.0,0.0,0.0009999999999999998,255.42300415039062,750.77099609375,2.0
418061.0,83.0,30.0,4.0,-2.2508351179964543,-2.469220515788342,0.21838539779188748,-2.5227359986781046,0.2719008806816503,-2.5403561289673404,0.2895210109708861,0.07113561317899864,1.2,1.0,0.4044604001167491,0.0,0.0,0.001,268.822998046875,758.9710083007812,2.0
426797.0,84.0,30.0,4.0,-1.7449465831243316,-2.0538439357164533,0.3088973525921217,-1.977946025953456,0.23299944282912444,-2.050179288946596,0.30523270582226436,-0.003664646769857338,0.6,1.0,0.33088675851135013,0.0,0.0,0.0010000000000000005,278.4230041503906,768.5709838867188,2.0
428045.0,85.0,30.0,4.0,-1.6055090073353693,-1.8831155799815802,0.2776065726462109,-1.8863091534079341,0.28080014607256487,-1.8981437208027365,0.29263471346736725,0.015028140821156333,0.8,1.0,0.3090526176195573,0.0,0.0,0.001,274.62298583984375,769.9710083007812,2.0
433036.0,86.0,30.0,4.0,-2.2439358585789058,-2.6496810146796594,0.4057451561007537,-2.663958046778177,0.4200221881992712,-2.6754196543105264,0.43148379573162066,0.025738639630866977,0.8,1.0,0.4035098744908616,0.0,0.0,0.001,259.2229919433594,775.5709838867188,2.0
434284.0,87.0,30.0,4.0,-1.8833641770496827,-2.892338070875991,1.0089738938263082,-3.16641307787495,1.2830489008252672,-3.2324886467344465,1.3491244696847637,0.34015057585845554,1.2,1.0,0.3518745018239216,0.0,0.0,0.001,255.42300415039062,776.9710083007812,2.0
436780.0,88.0,30.0,4.0,-1.599832948741853,-1.5203512402403674,-0.07948170850148562,-1.497261930045632,-0.10257101869622098,-1.599832948741853,0.0,0.07948170850148562,0.0,1.0,0.3081564718396776,0.0,0.0,0.0009999999999999998,247.822998046875,779.77099609375,2.0
445516.0,89.0,30.0,4.0,-1.3815930003876078,-2.4163076353170165,1.0347146349294087,-2.7385259249626186,1.3569329245750108,-2.80929916026634,1.4277061598787322,0.39299152494932343,1.2,1.0,0.27249216591553393,0.0,0.0,0.0009999999999999998,257.4230041503906,789.3709716796875,2.0
460491.0,90.0,30.0,4.0,-1.4252354782222691,-1.6105866908171684,0.18535121259489928,-1.5620242944222618,0.1367888161999926,-1.6077785723473126,0.18254309412504344,-0.002808118469855847,0.8,1.0,0.2797642599315742,0.0,0.0,0.001,247.822998046875,805.9710083007812,2.0
461739.0,91.0,30.0,4.0,-1.1289900810808442,-1.8556392931082575,0.7266492120274133,-2.060640712427466,0.931650631346622,-2.060640712427466,0.931650631346622,0.20500141931920868,1.0,0.75,0.22892254852239582,0.0,1.5,0.0009999999999999996,244.0229949951172,807.3709716796875,2.0
470475.0,92.0,30.0,4.0,-2.2916374273298277,-3.038363081903486,0.7467256545736585,-3.0827686624385087,0.791131235108681,-3.0944793943548814,0.8028419670250537,0.056116312451395256,0.8,1.0,0.4100279664268971,0.0,0.0,0.0010000000000000002,253.6230010986328,816.9710083007812,2.0
472971.0,93.0,30.0,4.0,-1.362872838672374,-2.990044451470861,1.6271716127984868,-3.2767214657029857,1.9138486270306116,-3.2767214657029857,1.9138486270306116,0.2866770142321249,1.0,1.0,0.26935423956521815,0.0,0.0,0.001,246.0229949951172,819.77099609375,2.0
474219.0,94.0,30.0,4.0,-1.446808901106276,-2.7727679859710994,1.3259590848648235,-2.901504228252681,1.454695327146405,-2.913325646589946,1.46651674548367,0.14055766061884656,0.8,1.0,0.28333701925968213,0.0,0.0,0.0010000000000000002,278.4230041503906,820.9710083007812,2.0
475466.0,95.0,30.0,4.0,-1.325603252054656,-1.3760433625699182,0.050440110515262315,-1.3908000018580786,0.06519674980342272,-1.3923065971074569,0.06670334505280096,0.01626323453753864,1.2,1.0,0.26305403825251844,0.0,0.0,0.0009999999999999998,274.4230041503906,822.3709716796875,2.0
476714.0,96.0,30.0,4.0,-1.0419239903838997,-1.3846566315771485,0.34273264119324875,-1.393110527565351,0.3511865371814513,-1.4113394245625,0.36941543417860023,0.026682792985351478,0.8,0.75,0.21330620712023257,0.5,1.0,0.0010000000000000002,270.62298583984375,823.77099609375,2.0
489194.0,97.0,30.0,4.0,-1.933842959955541,-2.2473712080569013,0.3135282481013604,-2.2768069261712647,0.3429639662157238,-2.2768069261712647,0.3429639662157238,0.029435718114363407,1.0,1.0,0.3593760482018235,0.0,0.0,0.0009999999999999998,268.822998046875,837.5709838867188,2.0
490442.0,98.0,30.0,4.0,-1.7727757384261875,-2.6273950655813785,0.854619327155191,-3.3336610828821827,1.5608853444559951,-3.3633521689024177,1.5905764304762302,0.7359571033210393,1.2,1.0,0.33515740431701757,0.0,0.0,0.0010000000000000002,265.02301025390625,838.9710083007812,2.0
497930.0,99.0,30.0,4.0,-2.9017950346170736,-3.592711961254778,0.6909169266377044,-3.740167400905985,0.8383723662889113,-3.783370529883225,0.8815754952661514,0.190658568628447,1.2,1.0,0.48735701270418774,0.0,0.0,0.0009999999999999998,278.4230041503906,847.1710205078125,2.0
2495.0,0.0,30.0,8.0,-2.6999826701206797,-4.919108815727698,2.2191261456070186,-4.890128134592376,2.1901454644716964,-4.995025470199779,2.295042800079099,0.0759166544720804,0.8,1.0,0.46299302148376587,0.0,0.0,0.0010000000000000002,270.822998046875,299.77099609375,2.0
9983.0,1.0,30.0,8.0,-3.2637074421902845,-4.127403021194047,0.8636955790037621,-4.11587936632103,0.8521719241307455,-4.160307395094587,0.8965999529043023,0.03290437390054013,0.8,1.0,0.5283582888619069,0.0,0.0,0.001,248.0229949951172,308.1709899902344,2.0
12479.0,2.0,30.0,8.0,-4.237533138492976,-4.779788976948132,0.5422558384551559,-4.067340392005691,-0.17019274648728544,-4.795979132237729,0.558445993744753,0.016190155289597108,0.6,1.0,0.6230946197155358,0.0,0.0,0.001,276.62298583984375,310.77099609375,2.0
24958.0,3.0,30.0,8.0,-3.0908198263445756,-3.86561827127261,0.7747984449280345,-3.859888543089294,0.7690687167447186,-3.896912836893396,0.8060930105488202,0.0312945656207857,0.8,1.0,0.5091966996462617,0.0,0.0,0.0010000000000000005,274.62298583984375,324.5710144042969,2.0
27454.0,4.0,30.0,8.0,-5.182806853008515,-7.7864101661743765,2.603603313165862,-8.414490191237062,3.2316833382285477,-8.50616202262365,3.3233551696151356,0.7197518564492738,1.2,1.0,0.6968180314173503,0.0,0.0,0.001,267.02301025390625,327.3710021972656,2.0
33694.0,5.0,30.0,8.0,-4.001689007917996,-7.264583447440333,3.262894439522337,-7.209705443683106,3.20801643576511,-7.28105009904403,3.2793610911260345,0.016466651603697535,0.8,1.0,0.6020661980019735,0.0,0.0,0.0010000000000000005,248.0229949951172,334.3710021972656,2.0
34942.0,6.0,30.0,8.0,-2.527382121211647,-4.301926535792183,1.7745444145805358,-4.248486704066119,1.7211045828544718,-4.347677577669311,1.8202954564576634,0.04575104187712764,0.8,1.0,0.44120246584844686,0.0,0.0,0.001,244.22300720214844,335.77099609375,2.0
37438.0,7.0,30.0,8.0,-3.0965197760663044,-5.949981565106118,2.8534617890398133,-5.732470315776413,2.635950539710109,-6.112349795251802,3.015830019185498,0.16236823014568458,0.8,1.0,0.5098398675024325,0.0,0.0,0.001,272.822998046875,338.3710021972656,2.0
39934.0,8.0,30.0,8.0,-2.5984132669672038,-4.799538298035203,2.201125031067999,-4.769829969934057,2.1714167029668534,-4.877348690255282,2.278935423288078,0.07781039222007902,0.8,1.0,0.4502790578263238,0.0,0.0,0.0009999999999999996,265.2229919433594,341.1709899902344,2.0
41182.0,9.0,30.0,8.0,-3.985731594529887,-8.259505381401851,4.273773786871964,-8.245374749166112,4.259643154636225,-8.348681532995977,4.36294993846609,0.08917615159412584,0.8,1.0,0.6005979691886694,0.0,0.0,0.001,261.4230041503906,342.5710144042969,2.0
47421.0,10.0,30.0,8.0,-5.451631640243154,-6.6716552046298645,1.2200235643867101,-6.669905487066705,1.2182738468235508,-6.743378870105614,1.2917472298624597,0.0717236654757496,0.8,1.0,0.7150135087898448,0.0,0.0,0.001,278.4230041503906,349.3710021972656,2.0
48669.0,11.0,30.0,8.0,-4.313442091028975,-5.252898634358084,0.9394565433291096,-5.201233516439227,0.8877914254102519,-5.2862662567255105,0.9728241656965357,0.033367622367426186,0.8,1.0,0.6296305317052052,0.0,0.0,0.0009999999999999998,274.62298583984375,350.77099609375,2.0
52413.0,12.0,30.0,8.0,-7.2517998903469,-8.850460816478877,1.598660926131977,-8.112878805068105,0.8610789147212046,-8.859595925163639,1.6077960348167384,0.009135108684761306,0.6,1.0,0.8117336253075247,0.0,0.0,0.0009999999999999998,263.2229919433594,354.97100830078125,2.0
57405.0,13.0,30.0,8.0,-4.660318416887913,-4.954091326056766,0.2937729091688528,-4.936818531343655,0.2765001144557422,-4.954813385592279,0.29449496870436587,0.0007220595355130754,0.8,1.0,0.6580611466287605,0.0,0.0,0.0010000000000000002,248.0229949951172,360.5710144042969,2.0
69884.0,14.0,30.0,8.0,-3.7521442265499276,-5.432605032238288,1.6804608056883605,-5.607644396881035,1.8555001703311076,-5.607644396881035,1.8555001703311076,0.17503936464274705,1.0,1.0,0.578526628935865,0.0,0.0,0.0010000000000000002,246.0229949951172,374.3710021972656,2.0
71132.0,15.0,30.0,8.0,-2.8909189267176187,-7.117023019856449,4.226104093138829,-9.779377500015949,6.88845857329833,-9.779377500015949,6.88845857329833,2.6623544801595003,1.0,1.0,0.4860869448416436,0.0,0.0,0.001,278.4230041503906,375.5710144042969,2.0
74876.0,16.0,30.0,8.0,-2.8894642572522597,-6.407778274575472,3.5183140173232124,-6.729590604166785,3.8401263469145253,-6.844249429343316,3.9547851720910563,0.4364711547678439,0.8,1.0,0.4859095496663454,0.0,0.0,0.001,267.02301025390625,379.77099609375,2.0
79868.0,17.0,30.0,8.0,-3.482037906724944,-6.031076433119345,2.5490385263944013,-5.904292949459897,2.422255042734953,-6.010106557982349,2.5280686512574047,-0.020969875136996663,0.8,1.0,0.5514816174850699,0.0,0.0,0.0010000000000000002,251.822998046875,385.3710021972656,2.0
84860.0,18.0,30.0,8.0,-2.950325703659672,-6.015154831530227,3.0648291278705546,-6.209222668597828,3.258896964938156,-6.282105147828724,3.331779444169052,0.2669503162984972,0.8,1.0,0.49306168875282286,0.0,0.0,0.001,272.822998046875,390.77099609375,2.0
91099.0,19.0,30.0,8.0,-4.026550567102968,-5.062378471884022,1.035827904781054,-5.299621246568851,1.2730706794658824,-5.3004075452215655,1.273856978118597,0.2380290733375432,1.2,1.0,0.6043507654462859,0.0,0.0,0.001,253.6230010986328,397.77099609375,2.0
96091.0,20.0,30.0,8.0,-3.1669007889672613,-5.726873423090969,2.5599726341237075,-5.731176518770138,2.564275729802876,-5.847935851229939,2.6810350622626773,0.12106242813896984,0.8,0.875,0.5177223838639283,0.0,0.7071067811865476,0.0009999999999999998,274.62298583984375,403.1709899902344,2.0
101083.0,21.0,30.0,8.0,-5.116080764001253,-6.3074598165993105,1.1913790525980579,-6.2611229919880165,1.1450422279867638,-6.354447285945194,1.2383665219439415,0.0469874693458836,0.8,1.0,0.6921232747117618,0.0,0.0,0.001,259.4230041503906,408.77099609375,2.0
103579.0,22.0,30.0,8.0,-6.075994131120716,-6.502002269618155,0.4260081384974397,-6.161112531808556,0.08511840068783982,-6.526380473970565,0.4503863428498489,0.024378204352409227,0.4,1.0,0.7531910817223487,0.0,0.0,0.001,251.822998046875,411.5710144042969,2.0
107323.0,23.0,30.0,8.0,-5.02286612885902,-6.304070873557087,1.2812047446980674,-6.3776897707559375,1.3548236418969175,-6.4106559732974935,1.3877898444384735,0.10658509974040609,0.8,1.0,0.685446187861827,0.0,0.0,0.0009999999999999998,276.62298583984375,415.5710144042969,2.0
131034.0,24.0,30.0,8.0,-3.93883566046242,-6.995024199780411,3.056188539317991,-6.951119077111084,3.012283416648664,-7.188115372705135,3.249279712242715,0.19309117292472422,0.8,1.0,0.5962576216631913,0.0,0.0,0.0009999999999999998,276.62298583984375,441.77099609375,2.0
132282.0,25.0,30.0,8.0,-3.6490594522950364,-5.987626950636736,2.3385674983416997,-6.214978018908005,2.565918566612969,-6.222060112716383,2.5730006604213465,0.2344331620796467,0.8,1.0,0.5684011905818355,0.0,0.0,0.0010000000000000002,272.822998046875,443.1709899902344,2.0
133530.0,26.0,30.0,8.0,-4.6904684961133665,-6.112156820734231,1.421688324620865,-5.9449510511693,1.254482555055933,-6.138650790840924,1.448182294727557,0.02649397010669219,0.4,1.0,0.6604192487656334,0.0,0.0,0.001,269.02301025390625,444.5710144042969,2.0
137273.0,27.0,30.0,8.0,-3.6963576245548864,-5.97912459582405,2.282766971269164,-6.193283424382252,2.4969257998273657,-6.193283424382252,2.4969257998273657,0.2141588285582019,1.0,1.0,0.5730717104422379,0.0,0.0,0.0009999999999999998,257.4230041503906,448.77099609375,2.0
141017.0,28.0,30.0,8.0,-5.259215192298964,-6.180631389700864,0.9214161974019,-5.891878784406015,0.6326635921070514,-6.273388063833817,1.0141728715348535,0.09275667413295352,0.4,1.0,0.7021168636215473,0.0,0.0,0.0010000000000000002,246.0229949951172,452.97100830078125,2.0
142265.0,29.0,30.0,8.0,-5.425426478876815,-5.39641870318388,-0.029007775692935667,-5.135636761244835,-0.28978971763198036,-5.451567093367621,0.026140614490805625,0.05514839018374129,0.2,1.0,0.7132897117037102,0.0,0.0,0.001,278.4230041503906,454.1709899902344,2.0
144761.0,30.0,30.0,8.0,-3.2227061193625444,-3.6639201950529587,0.4412140756904144,-3.27456946989805,0.051863350535505504,-3.8098349310317703,0.5871288116692259,0.14591473597881155,0.4,1.0,0.5238765911229849,0.0,0.0,0.0009999999999999998,270.822998046875,456.97100830078125,2.0
151001.0,31.0,30.0,8.0,-5.943413166237047,-6.831310041027492,0.887896874790445,-6.716449538860207,0.7730363726231602,-6.8264092125789055,0.8829960463418587,-0.004900828448586303,0.6,1.0,0.7455319300706851,0.0,0.0,0.0010000000000000005,251.822998046875,463.97100830078125,2.0
164728.0,32.0,30.0,8.0,-2.7145502864137656,-5.076101138780135,2.3615508523663697,-5.353898161816934,2.6393478754031685,-5.353898161816934,2.6393478754031685,0.27779702303679876,1.0,1.0,0.4647772163421994,0.0,0.0,0.001,246.0229949951172,479.1709899902344,2.0
167224.0,33.0,30.0,8.0,-3.012405523222645,-4.78779202587619,1.7753865026535447,-4.454127785686532,1.4417222624638866,-4.765229586517646,1.7528240632950007,-0.022562439358543962,0.8,1.0,0.5002567924087364,0.0,0.0,0.001,274.62298583984375,481.77099609375,2.0
169720.0,34.0,30.0,8.0,-4.4337052395383525,-5.714136778552551,1.2804315390141987,-5.431378733268026,0.9976734937296738,-5.719241514295445,1.2855362747570922,0.005104735742893496,0.6,1.0,0.6397431017550932,0.0,0.0,0.001,267.02301025390625,484.5710144042969,2.0
174712.0,35.0,30.0,8.0,-3.122741387050845,-4.127071620972391,1.0043302339215456,-4.4794119863436315,1.3566705992927863,-4.67860210947399,1.5558607224231444,0.5515304885015988,1.2,0.875,0.5127971181912199,0.0,0.7071067811865476,0.001,251.822998046875,490.1709899902344,2.0
182199.0,36.0,30.0,8.0,-4.01354791634571,-5.688266723750015,1.6747188074043047,-5.797351713302072,1.783803796956362,-5.797351713302072,1.783803796956362,0.10908498955205737,1.0,1.0,0.6031567846003729,0.0,0.0,0.0009999999999999998,265.02301025390625,498.3710021972656,2.0
184695.0,37.0,30.0,8.0,-4.8141820677746985,-6.3935019108542015,1.579319843079503,-6.935450388331054,2.1212683205563554,-7.052025107423887,2.2378430396491886,0.6585231965696856,1.2,1.0,0.6699634125472367,0.0,0.0,0.0009999999999999998,257.4230041503906,501.1709899902344,2.0
193431.0,38.0,30.0,8.0,-5.105655977542769,-5.066482055558329,-0.03917392198443981,-4.695737529049641,-0.4099184484931282,-5.234640248654471,0.12898427111170196,0.16815819309614177,0.2,1.0,0.6913911670976243,0.0,0.0,0.001,267.02301025390625,510.77099609375,2.0
194679.0,39.0,30.0,8.0,-5.302915016590123,-4.73488003503158,-0.5680349815585428,-4.313007077833465,-0.9899079387566578,-5.302915016590103,-1.9539925233402755e-14,0.5680349815585233,0.0,1.0,0.7050872243325025,0.0,0.0,0.001,263.2229919433594,512.1710205078125,2.0
198423.0,40.0,30.0,8.0,-5.757756064110536,-5.674748617402594,-0.08300744670794202,-5.476350125933659,-0.281405938176877,-5.845949946854877,0.08819388274434115,0.17120132945228317,0.2,0.875,0.7344077430510801,0.7905694150420949,0.7905694150420949,0.0009999999999999998,251.822998046875,516.3709716796875,2.0
199671.0,41.0,30.0,8.0,-4.695239052247705,-5.084024027645358,0.38878497539765355,-4.705308573435763,0.010069521188058594,-5.115971094166399,0.4207320419186944,0.031947066521040846,0.4,1.0,0.6608081891016638,0.0,0.0,0.001,248.0229949951172,517.77099609375,2.0
204662.0,42.0,30.0,8.0,-4.340543716129754,-4.6726974247050395,0.3321537085752855,-4.3956654564929,0.055121740363145655,-4.741283150013831,0.40073943388407685,0.06858572530879137,0.4,1.0,0.6319326643585452,0.0,0.0,0.0009999999999999998,268.822998046875,523.1710205078125,2.0
213398.0,43.0,30.0,8.0,-4.849141040120422,-5.674519041169677,0.8253780010492546,-5.514945055277593,0.6658040151571711,-5.789440303319742,0.9402992631993197,0.11492126215006504,0.4,1.0,0.672606270905507,0.0,0.0,0.0009999999999999998,278.4230041503906,532.77099609375,2.0
215894.0,44.0,30.0,8.0,-3.433108571895648,-4.454517041517807,1.021408469622159,-4.306948157274574,0.873839585378926,-4.463867502849515,1.0307589309538674,0.00935046133170836,0.6,1.0,0.5463933609467351,0.0,0.0,0.0009999999999999998,270.822998046875,535.5709838867188,2.0
217142.0,45.0,30.0,8.0,-4.21184858404326,-7.280057391390628,3.068208807347368,-7.672137119753609,3.4602885357103492,-7.738675978420947,3.526827394377687,0.458618587030319,1.2,1.0,0.6208549297445606,0.0,0.0,0.0009999999999999998,267.02301025390625,536.9710083007812,2.0
225878.0,46.0,30.0,8.0,-4.4201181067515085,-5.470376231491602,1.0502581247400933,-5.111757914729166,0.6916398079776576,-5.475181960346701,1.0550638535951924,0.004805728855099112,0.6,1.0,0.6386199707474726,0.0,0.0,0.0010000000000000002,276.62298583984375,546.5709838867188,2.0
235861.0,47.0,30.0,8.0,-5.854870159536578,-6.570566203257066,0.715696043720488,-6.621529104105035,0.7666589445684568,-6.621815272564895,0.7669451130283171,0.05124906930782913,0.8,1.0,0.7402878211482227,0.0,0.0,0.0010000000000000002,246.0229949951172,557.77099609375,2.0
244597.0,48.0,30.0,8.0,-8.210672613156355,-8.476470388362042,0.26579777520568726,-7.814835276886651,-0.39583733626970385,-8.696291952233564,0.4856193390772088,0.21982156387152152,0.4,1.0,0.8490330165919902,0.0,0.0,0.001,255.6230010986328,567.3709716796875,2.0
247093.0,49.0,30.0,8.0,-3.534791495733463,-4.810276730972338,1.2754852352388748,-4.036571678245013,0.5017801825115504,-4.796843926473028,1.262052430739565,-0.013432804499309725,0.6,1.0,0.5568931650738742,0.0,0.0,0.001,248.0229949951172,570.1710205078125,2.0
252084.0,50.0,30.0,8.0,-3.675051780827196,-3.9101893672546644,0.2351375864274683,-3.7450192846399126,0.06996750381271655,-3.9245978540641686,0.24954607323697253,0.01440848680950424,0.4,1.0,0.5709698703057605,0.0,0.0,0.0009999999999999998,268.822998046875,575.5709838867188,2.0
265812.0,51.0,30.0,8.0,-4.863261909277253,-5.880041414369933,1.0167795050926802,-5.806258974817481,0.9429970655402276,-5.88123309314321,1.0179711838659573,0.0011916787732770828,0.8,1.0,0.6736717660978988,0.0,0.0,0.0009999999999999998,263.2229919433594,590.77099609375,2.0
269556.0,52.0,30.0,8.0,-2.859376538082513,-4.42633154627798,1.5669550081954675,-4.760664573864259,1.9012880357817457,-4.760664573864259,1.9012880357817457,0.33433302758627814,1.0,1.0,0.4823398129576705,0.0,0.0,0.0010000000000000005,251.822998046875,594.9710083007812,2.0
272051.0,53.0,30.0,8.0,-3.968208632255699,-5.485989707402893,1.5177810751471936,-5.9988486848596425,2.0306400526039434,-5.9988486848596425,2.0306400526039434,0.5128589774567498,1.0,1.0,0.5989759493104462,0.0,0.0,0.001,244.0229949951172,597.77099609375,2.0
273299.0,54.0,30.0,8.0,-3.17259636916186,-3.662262834424746,0.4896664652628857,-2.925404606398156,-0.24719176276370414,-3.9910920288772527,0.8184956597153925,0.3288291944525068,0.4,0.875,0.518365348230467,0.0,0.5,0.001,276.4230041503906,598.9710083007812,2.0
285779.0,55.0,30.0,8.0,-5.768219620718505,-6.165501669356731,0.3972820486382256,-5.792568402254794,0.024348781536288833,-6.211273466554099,0.4430538458355935,0.0457717971973679,0.4,1.0,0.7350595308562868,0.0,0.0,0.001,274.62298583984375,612.77099609375,2.0
290771.0,56.0,30.0,8.0,-9.710269145894578,-9.706825724321403,-0.0034434215731753426,-9.641047921962487,-0.06922122393209129,-9.718898730746403,0.008629584851824745,0.012073006425000088,0.2,1.0,0.8931124451959993,0.0,0.0,0.001,259.4230041503906,618.3709716796875,2.0
297010.0,57.0,30.0,8.0,-5.61252424810319,-5.918948543788094,0.3064242956849039,-5.803342578081402,0.19081832997821202,-5.9219981862833535,0.30947393818016344,0.003049642495259519,0.6,1.0,0.7253829903147478,0.0,0.0,0.0009999999999999998,276.4230041503906,625.1710205078125,2.0
298258.0,58.0,30.0,8.0,-8.67838141977549,-8.793437719745164,0.11505629996967315,-9.131487052211881,0.45310563243639024,-9.410259123741062,0.7318777039655711,0.6168214039958979,1.2,1.0,0.8644441911576846,0.0,0.0,0.0009999999999999998,272.62298583984375,626.5709838867188,2.0
304498.0,59.0,30.0,8.0,-6.152871773303642,-6.663582562707573,0.5107107894039311,-6.612964421529588,0.4600926482259462,-6.6625221772420575,0.5096504039384158,-0.0010603854655153455,0.8,1.0,0.7575095596967587,0.0,0.0,0.0010000000000000002,253.6230010986328,633.5709838867188,2.0
306994.0,60.0,30.0,8.0,-3.9969229572044416,-5.010899400552297,1.0139764433478557,-4.656811191796709,0.6598882345922679,-5.183038092414547,1.1861151352101054,0.17213869186224962,0.4,1.0,0.6016395330404203,0.0,0.0,0.0009999999999999998,246.0229949951172,636.3709716796875,2.0
311986.0,61.0,30.0,8.0,-4.147958931853397,-5.821261150128726,1.673302218275329,-4.724543923968419,0.5765849921150217,-5.826832359778358,1.6788734279249606,0.005571209649631648,0.8,1.0,0.6152452490838383,0.0,0.0,0.001,267.02301025390625,641.77099609375,2.0
314482.0,62.0,30.0,8.0,-4.75444609712124,-6.979240305762499,2.224794208641259,-7.432399887301394,2.6779537901801547,-7.432399887301394,2.6779537901801547,0.4531595815388956,1.0,1.0,0.6653906214994726,0.0,0.0,0.0010000000000000002,259.4230041503906,644.5709838867188,2.0
320721.0,63.0,30.0,8.0,-4.383139915668911,-8.724992829752445,4.341852914083534,-10.260813960481682,5.877674044812771,-10.260813960481682,5.877674044812771,1.5358211307292375,1.0,1.0,0.6355184581269112,0.0,0.0,0.0010000000000000002,276.4230041503906,651.3709716796875,2.0
328209.0,64.0,30.0,8.0,-4.502335828910327,-5.905097349471488,1.4027615205611612,-6.022520927993485,1.5201850990831582,-6.022520927993485,1.5201850990831582,0.11742357852199703,1.0,0.875,0.6453903208191584,0.0,0.3535533905932738,0.001,253.6230010986328,659.77099609375,2.0
330705.0,65.0,30.0,8.0,-2.788213415557866,-5.523057792147966,2.7348443765901003,-5.629805881393574,2.841592465835708,-5.798593562340299,3.010380146782433,0.27553577019233266,0.8,1.0,0.4737805400516176,0.0,0.0,0.0010000000000000002,246.0229949951172,662.5709838867188,2.0
334449.0,66.0,30.0,8.0,-4.666399683783932,-7.714493809789359,3.0480941260054273,-8.989533752823508,4.323134069039576,-9.407939744100695,4.741540060316763,1.6934459343113355,1.2,1.0,0.6585398998808384,0.0,0.0,0.0009999999999999998,270.822998046875,666.5709838867188,2.0
339441.0,67.0,30.0,8.0,-5.5815615251110895,-6.371706035947468,0.7901445108363783,-6.133037978607741,0.5514764534966519,-6.378682499371962,0.7971209742608725,0.006976463424494206,0.6,1.0,0.7234167903788165,0.0,0.0,0.001,255.6230010986328,672.1710205078125,2.0
343184.0,68.0,30.0,8.0,-4.952896555953762,-7.690411824881073,2.737515268927311,-7.681394142792549,2.7284975868387873,-7.9668564193727285,3.0139598634189664,0.2764445944916556,0.8,1.0,0.680331968923435,0.0,0.0,0.001,244.0229949951172,676.3709716796875,2.0
349424.0,69.0,30.0,8.0,-6.2900079671426266,-7.0322967566245,0.742288789481873,-6.929421140852526,0.6394131737098991,-7.026718410941984,0.7367104437993577,-0.005578345682515362,0.6,1.0,0.7650591233839572,0.0,0.0,0.0010000000000000002,261.2229919433594,683.1710205078125,2.0
350672.0,70.0,30.0,8.0,-9.579881940572779,-9.460496656434943,-0.11938528413783622,-9.399611239663281,-0.1802707009094977,-9.579881940572829,4.973799150320701e-14,0.11938528413788596,0.0,1.0,0.8898621036481098,0.0,0.0,0.0010000000000000002,257.4230041503906,684.5709838867188,2.0
354416.0,71.0,30.0,8.0,-8.477095178382925,-8.543854101982003,0.0667589235990782,-7.14166280087237,-1.3354323775105543,-8.659875908606981,0.1827807302240565,0.1160218066249783,0.4,1.0,0.8580107500627788,0.0,0.0,0.0009999999999999996,246.0229949951172,688.77099609375,2.0
363151.0,72.0,30.0,8.0,-4.216927473292733,-6.1602452708570485,1.9433177975643154,-5.998720412337959,1.7817929390452258,-6.244560352070675,2.0276328787779416,0.08431508121362619,0.8,1.0,0.6213092247854013,0.0,0.0,0.0009999999999999998,255.42300415039062,698.3709716796875,2.0
371887.0,73.0,30.0,8.0,-2.8379155094622432,-4.602425234426379,1.7645097249641357,-4.57315257917386,1.735237069711617,-4.723248487683432,1.885332978221189,0.12082325325705323,0.8,1.0,0.47976413778190397,0.0,0.0,0.001,265.02301025390625,707.9710083007812,2.0
373135.0,74.0,30.0,8.0,-3.4169364401606788,-4.659714612365779,1.2427781722051,-4.903489449467293,1.4865530093066144,-4.903489449467293,1.4865530093066144,0.24377483710151449,1.0,1.0,0.5447079674086179,0.0,0.0,0.001,261.2229919433594,709.3709716796875,2.0
375631.0,75.0,30.0,8.0,-5.183962764784694,-7.521359278552611,2.3373965137679162,-8.265988498341777,3.0820257335570824,-8.280999933416963,3.0970371686322684,0.7596406548643522,1.2,1.0,0.6969072267072055,0.0,0.0,0.001,253.6230010986328,712.1710205078125,2.0
379375.0,76.0,30.0,8.0,-4.256926306402852,-6.535752228354102,2.27882592195125,-7.022377249809799,2.7654509434069467,-7.022377249809799,2.7654509434069467,0.48662502145569686,1.0,1.0,0.6247797709109953,0.0,0.0,0.0009999999999999998,278.4230041503906,716.1710205078125,2.0
386862.0,77.0,30.0,8.0,-8.119304268283523,-8.119304268283523,0.0,-8.119304268283521,-1.7763568394002505e-15,-8.119304268283521,-1.7763568394002505e-15,-1.7763568394002505e-15,0.0,1.0,0.8458165942682923,0.0,0.0,0.001,255.42300415039062,724.5709838867188,2.0
391854.0,78.0,30.0,8.0,-5.14675899579085,-6.730531347015907,1.5837723512250568,-6.475924868228603,1.3291658724377529,-6.727731333116966,1.5809723373261164,-0.0028000138989403567,0.6,1.0,0.6942966511991511,0.0,0.0,0.0009999999999999998,276.4230041503906,729.9710083007812,2.0
400590.0,79.0,30.0,8.0,-2.736091638893179,-4.500822366284426,1.7647307273912474,-4.753605708266798,2.0175140693736195,-4.758374391943406,2.0222827530502268,0.2575520256589794,1.2,1.0,0.46742797993780516,0.0,0.0,0.001,249.822998046875,739.77099609375,2.0
404334.0,80.0,30.0,8.0,-3.3061021766770757,-5.8289007613038715,2.5227985846267957,-6.17091646301628,2.864814286339204,-6.17091646301628,2.864814286339204,0.34201570171240814,1.0,1.0,0.5329384657535907,0.0,0.0,0.001,274.62298583984375,743.77099609375,2.0
408077.0,81.0,30.0,8.0,-2.431474685859824,-3.8086733392287715,1.3771986533689473,-3.735574484618783,1.3040997987589589,-3.8711821620666154,1.4397074762067912,0.06250882283784387,0.8,1.0,0.42872691965454024,0.0,0.0,0.001,263.02301025390625,747.9710083007812,2.0
410573.0,82.0,30.0,8.0,-3.147685608442781,-5.21872826395753,2.071042655514749,-5.246665574712232,2.0989799662694506,-5.345174132053146,2.197488523610365,0.1264458680956162,0.8,1.0,0.5155829743600411,0.0,0.0,0.0009999999999999998,255.42300415039062,750.77099609375,2.0
418061.0,83.0,30.0,8.0,-3.402849130048789,-3.589794130127539,0.18694500007875003,-3.5931773726240523,0.19032824257526348,-3.5959537783884454,0.19310464833965657,0.006159648260906536,0.8,1.0,0.5432308142445903,0.0,0.0,0.001,268.822998046875,758.9710083007812,2.0
426797.0,84.0,30.0,8.0,-3.299074205303871,-4.118082698979853,0.819008493675982,-3.8527724154443326,0.5536982101404617,-4.12150830498242,0.8224340996785493,0.0034256060025672497,0.6,1.0,0.5321785260545758,0.0,0.0,0.0010000000000000005,278.4230041503906,768.5709838867188,2.0
428045.0,85.0,30.0,8.0,-2.9059667949182777,-3.8500232598568775,0.9440564649385998,-3.9532088682128963,1.0472420732946186,-3.9532088682128963,1.0472420732946186,0.10318560835601875,1.0,1.0,0.4878548005627339,0.0,0.0,0.001,274.62298583984375,769.9710083007812,2.0
433036.0,86.0,30.0,8.0,-3.6879045977711957,-4.113782854886367,0.4258782571151709,-3.990336198347506,0.30243160057631036,-4.110125093273428,0.4222204955022324,-0.003657761612938515,0.6,1.0,0.5722425943330378,0.0,0.0,0.001,259.2229919433594,775.5709838867188,2.0
434284.0,87.0,30.0,8.0,-2.9808357073485636,-4.379586380803916,1.3987506734553525,-4.6429824688509855,1.662146761502422,-4.6429824688509855,1.662146761502422,0.2633960880470694,1.0,1.0,0.4966080332413544,0.0,0.0,0.001,255.42300415039062,776.9710083007812,2.0
436780.0,88.0,30.0,8.0,-2.806021401449583,-3.616369962008432,0.8103485605588494,-3.8084422681652077,1.002420866715625,-3.8084422681652077,1.002420866715625,0.1920723061567755,1.0,1.0,0.47594045912408706,0.0,0.0,0.0009999999999999998,247.822998046875,779.77099609375,2.0
445516.0,89.0,30.0,8.0,-2.7625660144397512,-4.71895909012704,1.9563930756872887,-5.228381648914992,2.4658156344752404,-5.271126901725907,2.508560887286156,0.5521678115988671,1.2,1.0,0.4706642381882993,0.0,0.0,0.0009999999999999998,257.4230041503906,789.3709716796875,2.0
460491.0,90.0,30.0,8.0,-2.583500404944252,-3.3331390388271744,0.7496386338829226,-3.283217467265863,0.6997170623216111,-3.353107494944905,0.7696070900006533,0.019968456117730682,0.8,0.875,0.4483980530070438,1.0606601717798212,0.3535533905932738,0.001,247.822998046875,805.9710083007812,2.0
461739.0,91.0,30.0,8.0,-2.3975160003842055,-3.648415003646865,1.2508990032626595,-4.016845129175321,1.6193291287911156,-4.019808961416293,1.622292961032087,0.37139395776942763,1.2,1.0,0.4242494457799078,0.0,0.0,0.0009999999999999996,244.0229949951172,807.3709716796875,2.0
470475.0,92.0,30.0,8.0,-4.802622960986395,-5.484841774638044,0.6822188136516489,-5.172218720913814,0.3695957599274191,-5.498228316614919,0.6956053556285244,0.013386541976875499,0.6,1.0,0.6690788357359768,0.0,0.0,0.0010000000000000002,253.6230010986328,816.9710083007812,2.0
472971.0,93.0,30.0,8.0,-2.516017054172817,-4.0092744799502515,1.4932574257774345,-4.113506827520498,1.5974897733476805,-4.1420547647931585,1.6260377106203414,0.13278028484290694,0.8,1.0,0.43974737676301734,0.0,0.0,0.001,246.0229949951172,819.77099609375,2.0
474219.0,94.0,30.0,8.0,-2.640340294021262,-3.749878170969918,1.109537876948656,-3.5671602680002676,0.9268199739790055,-3.7451427619723447,1.1048024679510826,-0.004735408997573298,0.6,1.0,0.45555124198067176,0.0,0.0,0.0010000000000000002,278.4230041503906,820.9710083007812,2.0
475466.0,95.0,30.0,8.0,-2.2441918349170193,-2.8310365842586975,0.5868447493416782,-2.8795167972146207,0.6353249622976014,-2.881690855881695,0.6374990209646758,0.050654271622997626,0.8,1.0,0.4035512599591278,0.0,0.0,0.0009999999999999998,274.4230041503906,822.3709716796875,2.0
476714.0,96.0,30.0,8.0,-2.034069484754645,-2.605809745608309,0.5717402608536641,-2.7336746648792536,0.6996051801246086,-2.7336746648792536,0.6996051801246086,0.12786491927094445,1.0,1.0,0.3739922182763597,0.0,0.0,0.0010000000000000002,270.62298583984375,823.77099609375,2.0
489194.0,97.0,30.0,8.0,-3.4523293613218913,-3.84136329723657,0.3890339359146786,-3.8737637593665664,0.4214343980446751,-3.8737637593665664,0.4214343980446751,0.03240046212999648,1.0,1.0,0.5484127900951226,0.0,0.0,0.0009999999999999998,268.822998046875,837.5709838867188,2.0
490442.0,98.0,30.0,8.0,-3.391588708060726,-4.712053694892973,1.3204649868322473,-5.110490747853237,1.7189020397925105,-5.110490747853237,1.7189020397925105,0.3984370529602632,1.0,1.0,0.5420466992361326,0.0,0.0,0.0010000000000000002,265.02301025390625,838.9710083007812,2.0
497930.0,99.0,30.0,8.0,-4.555800238052913,-4.971226824856435,0.4154265868035223,-4.987643779556463,0.4318435415035502,-5.001976953571834,0.4461767155189209,0.030750128715398617,1.2,1.0,0.6497267207496531,0.0,0.0,0.0009999999999999998,278.4230041503906,847.1710205078125,2.0
2495.0,0.0,30.0,16.0,-4.863760921905004,-7.249610705958566,2.385849784053562,-7.291278717941866,2.427517796036862,-7.296391729892014,2.4326308079870103,0.046781023933448296,0.8,1.0,0.6737347638777438,0.0,0.0,0.0010000000000000002,270.822998046875,299.77099609375,2.0
9983.0,1.0,30.0,16.0,-5.084907558257377,-6.202268894196935,1.1173613359395587,-6.0944413705817215,1.009533812324345,-6.20523214041707,1.120324582159693,0.00296324622013433,0.8,1.0,0.6899275956446907,0.0,0.0,0.001,248.0229949951172,308.1709899902344,2.0
12479.0,2.0,30.0,16.0,-6.893440953926197,-8.025551838342796,1.1321108844165995,-6.848019313040577,-0.045421640885619396,-8.062834139677399,1.1693931857512023,0.03728230133460286,0.6,1.0,0.7955429942281281,0.0,0.0,0.001,276.62298583984375,310.77099609375,2.0
24958.0,3.0,30.0,16.0,-5.732564491294909,-6.775285405354682,1.0427209140597729,-6.658475734143318,0.9259112428484091,-6.774271665742191,1.0417071744472821,-0.0010137396124907383,0.8,1.0,0.7328963532783375,0.0,0.0,0.0010000000000000005,274.62298583984375,324.5710144042969,2.0
27454.0,4.0,30.0,16.0,-7.193288118561938,-10.86789703992177,3.674608921359832,-11.171301803945186,3.9780136853832477,-11.171301803945186,3.9780136853832477,0.30340476402341565,1.0,0.9375,0.8091880996057303,0.25,0.4330127018922193,0.001,267.02301025390625,327.3710021972656,2.0
33694.0,5.0,30.0,16.0,-6.6453698477963705,-9.313351683158045,2.667981835361674,-9.243425662713053,2.598055814916682,-9.313291411742435,2.6679215639460647,-6.0271415609491896e-05,0.6,1.0,0.7835379089486478,0.0,0.0,0.0010000000000000005,248.0229949951172,334.3710021972656,2.0
34942.0,6.0,30.0,16.0,-5.3633249363758,-7.052978372083594,1.6896534357077932,-6.841410195084633,1.4780852587088322,-7.067331890604538,1.7040069542287375,0.014353518520944242,0.6,1.0,0.7091840361427707,0.0,0.0,0.001,244.22300720214844,335.77099609375,2.0
37438.0,7.0,30.0,16.0,-5.754250380119704,-8.853120111228984,3.0988697311092803,-8.501669107784693,2.7474187276649893,-8.834239407246926,3.0799890271272226,-0.018880703982057767,0.8,1.0,0.7342123389140679,0.0,0.0,0.001,272.822998046875,338.3710021972656,2.0
39934.0,8.0,30.0,16.0,-4.493931750114158,-6.807873351512846,2.313941601398688,-6.921786582316486,2.4278548322023275,-6.921786582316486,2.4278548322023275,0.11391323080363946,1.0,1.0,0.6447224203080394,0.0,0.0,0.0009999999999999996,265.2229919433594,341.1709899902344,2.0
41182.0,9.0,30.0,16.0,-6.3000473550876315,-9.931885730286815,3.631838375199184,-9.997171992019684,3.6971246369320525,-10.012701546862308,3.7126541917746767,0.08081581657549286,1.2,1.0,0.7656059184928732,0.0,0.0,0.001,261.4230041503906,342.5710144042969,2.0
47421.0,10.0,30.0,16.0,-8.069633861850035,-9.113743255429148,1.044109393579113,-8.490157950850053,0.42052408900001836,-9.273525678553296,1.203891816703262,0.15978242312414892,0.4,0.9375,0.8440674748244099,0.5,0.5,0.001,278.4230041503906,349.3710021972656,2.0
48669.0,11.0,30.0,16.0,-6.763848625921137,-7.498220755431553,0.7343721295104162,-6.844730573212888,0.08088194729175147,-7.584086632521449,0.8202380066003121,0.0858658770898959,0.4,1.0,0.7893556876798803,0.0,0.0,0.0009999999999999998,274.62298583984375,350.77099609375,2.0
52413.0,12.0,30.0,16.0,-9.958936693895971,-12.083639596132452,2.1247029022364803,-10.613397343510718,0.6544606496147463,-12.138286480543862,2.17934978664789,0.05464688441140986,0.6,1.0,0.8990817605244957,0.0,0.0,0.0009999999999999998,263.2229919433594,354.97100830078125,2.0
57405.0,13.0,30.0,16.0,-6.558875416066999,-6.3847588450612065,-0.1741165710057926,-6.047344908472616,-0.511530507594383,-6.796734436684022,0.23785902061702302,0.4119755916228156,0.2,1.0,0.7791859157175104,0.0,0.0,0.0010000000000000002,248.0229949951172,360.5710144042969,2.0
69884.0,14.0,30.0,16.0,-6.7939433102105085,-9.719408003376875,2.925464693166367,-9.921527704892647,3.1275843946821382,-9.921527704892647,3.1275843946821382,0.2021197015157714,1.0,1.0,0.7908158621590367,0.0,0.0,0.0010000000000000002,246.0229949951172,374.3710021972656,2.0
71132.0,15.0,30.0,16.0,-6.584730172717123,-12.297608609860829,5.712878437143706,-12.334434162137114,5.7497039894199915,-12.438119725672205,5.853389552955083,0.14051111581137654,0.8,1.0,0.7804889609980727,0.0,0.0,0.001,278.4230041503906,375.5710144042969,2.0
74876.0,16.0,30.0,16.0,-5.620780917910513,-9.27326156621472,3.6524806483042065,-9.916234026319655,4.295453108409142,-10.21208827071291,4.591307352802397,0.9388267044981902,1.2,1.0,0.7259274642320044,0.0,0.0,0.001,267.02301025390625,379.77099609375,2.0
79868.0,17.0,30.0,16.0,-7.252717336926702,-11.681422092489338,4.428704755562636,-11.154453211193772,3.90173587426707,-11.693815772703363,4.441098435776661,0.012393680214024982,0.6,1.0,0.8117875542294307,0.0,0.0,0.0010000000000000002,251.822998046875,385.3710021972656,2.0
84860.0,18.0,30.0,16.0,-7.040014256171634,-13.64854584442288,6.608531588251246,-13.774184272010698,6.734170015839064,-13.819087525171804,6.77907326900017,0.17054168074892395,0.8,1.0,0.8023365255744515,0.0,0.0,0.001,272.822998046875,390.77099609375,2.0
91099.0,19.0,30.0,16.0,-6.2184463896549556,-7.849649036360471,1.6312026467055158,-7.5608600139613715,1.342413624306416,-7.8430307760178355,1.62458438636288,-0.006618260342635907,0.6,1.0,0.7611793277397487,0.0,0.0,0.001,253.6230010986328,397.77099609375,2.0
96091.0,20.0,30.0,16.0,-6.74708523094071,-10.95054436784494,4.203459136904229,-10.764420795265554,4.017335564324844,-10.919422359151284,4.1723371282105735,-0.031122008693655445,0.8,1.0,0.7885366137191296,0.0,0.0,0.0009999999999999998,274.62298583984375,403.1709899902344,2.0
101083.0,21.0,30.0,16.0,-7.802094761406217,-9.147601407331464,1.3455066459252478,-8.95170227229245,1.1496075108862343,-9.150114332795818,1.3480195713896013,0.0025129254643534438,0.8,1.0,0.8341474605206864,0.0,0.0,0.001,259.4230041503906,408.77099609375,2.0
103579.0,22.0,30.0,16.0,-9.432863734432843,-8.75081064926492,-0.6820530851679223,-8.092145127546669,-1.340718606886174,-9.563193647462942,0.13032991303009922,0.8123829981980215,0.2,1.0,0.886080123575966,0.0,0.0,0.001,251.822998046875,411.5710144042969,2.0
107323.0,23.0,30.0,16.0,-7.87258871612059,-8.350592762055895,0.47800404593530477,-8.002216116827777,0.1296274007071867,-8.416056446646863,0.543467730526273,0.06546368459096819,0.4,1.0,0.8368334143650143,0.0,0.0,0.0009999999999999998,276.62298583984375,415.5710144042969,2.0
131034.0,24.0,30.0,16.0,-6.943617503154249,-10.934884119819264,3.9912666166650155,-10.869284215680484,3.925666712526235,-10.92614911818069,3.982531615026442,-0.008735001638573436,0.8,1.0,0.7978864470139193,0.0,0.0,0.0009999999999999998,276.62298583984375,441.77099609375,2.0
132282.0,25.0,30.0,16.0,-6.27930882701746,-8.296525354463135,2.017216527445675,-8.317956161327254,2.038647334309794,-8.412972429989296,2.1336636029718354,0.1164470755261604,0.8,0.9375,0.7644809686774543,0.0,0.25,0.0010000000000000002,272.822998046875,443.1709899902344,2.0
133530.0,26.0,30.0,16.0,-7.241982626936529,-9.454509708804983,2.212527081868454,-8.944450851971812,1.7024682250352834,-9.497031543991968,2.255048917055439,0.04252183518698516,0.6,1.0,0.8113057366039468,0.0,0.0,0.001,269.02301025390625,444.5710144042969,2.0
137273.0,27.0,30.0,16.0,-6.248638929059696,-9.758764819425704,3.510125890366007,-8.810210058978281,2.561571129918585,-9.789957802490532,3.5413188734308356,0.03119298306482854,0.6,1.0,0.7628080578494265,0.0,0.0,0.0009999999999999998,257.4230041503906,448.77099609375,2.0
141017.0,28.0,30.0,16.0,-8.87822914041296,-8.889003408230536,0.010774267817575733,-8.09767611521999,-0.7805530251929707,-9.798606122519173,0.9203769821062124,0.9096027142886367,0.2,1.0,0.8705722089545034,0.0,0.0,0.0010000000000000002,246.0229949951172,452.97100830078125,2.0
142265.0,29.0,30.0,16.0,-9.115310346317187,-9.809482614897984,0.6941722685807967,-8.729999292758313,-0.3853110535588744,-9.977942443799815,0.8626320974826278,0.1684598289018311,0.4,1.0,0.8774228724278484,0.0,0.0,0.001,278.4230041503906,454.1709899902344,2.0
144761.0,30.0,30.0,16.0,-6.488610040519164,-6.6287519863732545,0.1401419458540909,-5.9319872923639,-0.5566227481552639,-7.010537527023303,0.521927486504139,0.3817855406500481,0.4,1.0,0.7755650079952414,0.0,0.0,0.0009999999999999998,270.822998046875,456.97100830078125,2.0
151001.0,31.0,30.0,16.0,-9.787555663726689,-9.704833319783134,-0.08272234394355493,-8.965487218351502,-0.8220684453751872,-10.065412272328796,0.27785660860210726,0.3605789525456622,0.2,1.0,0.8950256730052334,0.0,0.0,0.0010000000000000005,251.822998046875,463.97100830078125,2.0
164728.0,32.0,30.0,16.0,-6.007563701569605,-8.19311697139033,2.1855532698207245,-7.359578706019151,1.3520150044495454,-8.256436731177743,2.248873029608138,0.06331975978741333,0.6,1.0,0.7492761919314279,0.0,0.0,0.001,246.0229949951172,479.1709899902344,2.0
167224.0,33.0,30.0,16.0,-5.986989832895427,-8.11500780279911,2.1280179699036825,-7.269324266228229,1.2823344333328022,-8.12353272549994,2.1365428926045134,0.008524922700830828,0.6,1.0,0.7480825774798598,0.0,0.0,0.001,274.62298583984375,481.77099609375,2.0
169720.0,34.0,30.0,16.0,-7.078311920250417,-8.102022159063653,1.0237102388132353,-7.313533860802219,0.2352219405518019,-8.328620661903907,1.2503087416534893,0.22659850284025396,0.4,1.0,0.8040709811265243,0.0,0.0,0.001,267.02301025390625,484.5710144042969,2.0
174712.0,35.0,30.0,16.0,-6.7954283267238065,-10.371079223131405,3.5756508964075984,-9.48040849562932,2.684980168905513,-10.433029097435508,3.6376007707117015,0.06194987430410315,0.6,1.0,0.7908785640317865,0.0,0.0,0.001,251.822998046875,490.1709899902344,2.0
182199.0,36.0,30.0,16.0,-6.513147952468129,-8.409932005423425,1.8967840529552955,-8.278857392272913,1.765709439804784,-8.402310505878809,1.8891625534106797,-0.007621499544615773,0.8,1.0,0.7768446768261235,0.0,0.0,0.0009999999999999998,265.02301025390625,498.3710021972656,2.0
184695.0,37.0,30.0,16.0,-7.122156540179406,-8.981473018106081,1.8593164779266758,-8.852634515100632,1.730477974921227,-8.968795247910805,1.8466387077313993,-0.012677770195276494,0.8,1.0,0.8060355122092399,0.0,0.0,0.0009999999999999998,257.4230041503906,501.1709899902344,2.0
193431.0,38.0,30.0,16.0,-8.302833609163507,-8.433468458175534,0.1306348490120275,-7.741474041891507,-0.5613595672719995,-8.674954436881206,0.3721208277176995,0.241485978705672,0.4,1.0,0.8522147501353021,0.0,0.0,0.001,267.02301025390625,510.77099609375,2.0
194679.0,39.0,30.0,16.0,-8.81164635863811,-9.089590679365893,0.27794432072778186,-8.186723798303829,-0.6249225603342818,-9.34532437219569,0.5336780135575783,0.2557336928297964,0.4,1.0,0.868555679504197,0.0,0.0,0.001,263.2229919433594,512.1710205078125,2.0
198423.0,40.0,30.0,16.0,-8.937767001838054,-9.125682841876312,0.1879158400382579,-8.805278936871748,-0.1324880649663065,-9.322182271445623,0.3844152696075689,0.196499429569311,0.4,1.0,0.8723244064904702,0.0,0.0,0.0009999999999999998,251.822998046875,516.3709716796875,2.0
199671.0,41.0,30.0,16.0,-7.862871529832274,-7.673532441020797,-0.18933908881147765,-7.130082454737553,-0.732789075094721,-7.964848206294807,0.10197667646253272,0.2913157652740104,0.2,1.0,0.8364676768359295,0.0,0.0,0.001,248.0229949951172,517.77099609375,2.0
204662.0,42.0,30.0,16.0,-8.588375643910052,-7.9305732339434645,-0.6578024099665871,-7.330600612326382,-1.2577750315836695,-8.805163193777354,0.21678754986730198,0.8745899598338891,0.2,1.0,0.8616223327858799,0.0,0.0,0.0009999999999999998,268.822998046875,523.1710205078125,2.0
213398.0,43.0,30.0,16.0,-8.440174681886903,-10.567463606919702,2.127288925032799,-9.698420482639499,1.2582458007525954,-11.045243730796006,2.605069048909103,0.477780123876304,0.4,1.0,0.856812946277351,0.0,0.0,0.0009999999999999998,278.4230041503906,532.77099609375,2.0
215894.0,44.0,30.0,16.0,-7.260104309121338,-10.368696023040938,3.1085917139195995,-9.228754036359355,1.9686497272380166,-10.482502100132487,3.222397791011149,0.11380607709154944,0.6,1.0,0.8121052154887137,0.0,0.0,0.0009999999999999998,270.822998046875,535.5709838867188,2.0
217142.0,45.0,30.0,16.0,-6.853709094719468,-11.215965201320817,4.3622561066013485,-11.246942400596065,4.393233305876597,-11.339671881681303,4.485962786961835,0.12370668036048649,0.8,1.0,0.7936648966931723,0.0,0.0,0.0009999999999999998,267.02301025390625,536.9710083007812,2.0
225878.0,46.0,30.0,16.0,-7.282618945972077,-7.389736527255239,0.10711758128316173,-6.919942714797871,-0.36267623117420555,-7.904352311785353,0.6217333658132764,0.5146157845301147,0.2,1.0,0.8130759314916246,0.0,0.0,0.0010000000000000002,276.62298583984375,546.5709838867188,2.0
235861.0,47.0,30.0,16.0,-10.304772793437548,-10.497932338310669,0.19315954487312048,-9.387475415268158,-0.9172973781693905,-10.962731234491747,0.6579584410541983,0.46479889618107784,0.4,1.0,0.906807845713547,0.0,0.0,0.0010000000000000002,246.0229949951172,557.77099609375,2.0
244597.0,48.0,30.0,16.0,-11.665195332715,-12.342338154135238,0.6771428214202384,-12.023322428837368,0.35812709612236837,-12.428739346607792,0.7635440138927923,0.08640119247255384,0.4,1.0,0.9318774563980221,0.0,0.0,0.001,255.6230010986328,567.3709716796875,2.0
247093.0,49.0,30.0,16.0,-6.196082475005383,-9.31462266729386,3.118540192288476,-8.636896697894635,2.4408142228892515,-9.257217646635649,3.0611351716302657,-0.057405020658210404,0.6,1.0,0.7599252177586306,0.0,0.0,0.001,248.0229949951172,570.1710205078125,2.0
252084.0,50.0,30.0,16.0,-6.105033414686459,-8.068250523075905,1.963217108389446,-8.765127142795135,2.6600937281086763,-9.099031505586911,2.993998090900452,1.030780982511006,1.2,1.0,0.7548261985656108,0.0,0.0,0.0009999999999999998,268.822998046875,575.5709838867188,2.0
265812.0,51.0,30.0,16.0,-7.599740984678105,-9.304606219632113,1.704865234954008,-9.06981588749449,1.4700749028163855,-9.301176359599307,1.7014353749212017,-0.003429860032806431,0.6,1.0,0.8262340823645854,0.0,0.0,0.0009999999999999998,263.2229919433594,590.77099609375,2.0
269556.0,52.0,30.0,16.0,-5.980436561717427,-8.010058045473594,2.0296214837561664,-7.633352399972134,1.6529158382547067,-8.024519082846721,2.044082521129294,0.014461037373127539,0.6,1.0,0.7477127248747368,0.0,0.0,0.0010000000000000005,251.822998046875,594.9710083007812,2.0
272051.0,53.0,30.0,16.0,-7.751181737961792,-11.251558574872844,3.5003768369110517,-10.558325026284688,2.807143288322896,-11.273178074755513,3.5219963367937215,0.021619499882669757,0.6,0.9375,0.8321868142298917,0.3535533905932738,0.3535533905932738,0.001,244.0229949951172,597.77099609375,2.0
273299.0,54.0,30.0,16.0,-7.105216870485881,-9.724690725861333,2.6194738553754515,-8.469561731536547,1.3643448610506663,-9.744665832865804,2.639448962379923,0.01997510700447158,0.6,1.0,0.8052876277525131,0.0,0.0,0.001,276.4230041503906,598.9710083007812,2.0
285779.0,55.0,30.0,16.0,-7.8242609481877645,-9.26446803066863,1.4402070824808648,-8.620945579094903,0.796684630907138,-9.289796874126115,1.46553592593835,0.025328843457485206,0.6,1.0,0.8350078399114854,0.0,0.0,0.001,274.62298583984375,612.77099609375,2.0
290771.0,56.0,30.0,16.0,-13.34944710724943,-13.724211892775786,0.37476478552635584,-12.956074220858643,-0.3933728863907877,-13.801763387508368,0.45231628025893755,0.07755149473258172,0.4,1.0,0.9537806647667045,0.0,0.0,0.001,259.4230041503906,618.3709716796875,2.0
297010.0,57.0,30.0,16.0,-7.535336398330363,-8.197487171366896,0.662150773036533,-8.07959870110895,0.544262302778586,-8.195418555512186,0.6600821571818223,-0.0020686158547107425,0.6,0.9375,0.8236343328242852,0.0,0.5,0.0009999999999999998,276.4230041503906,625.1710205078125,2.0
298258.0,58.0,30.0,16.0,-10.767347261705106,-12.723273663346571,1.9559264016414648,-13.140189048404622,2.3728417866995155,-13.229435761864217,2.46208850015911,0.5061620985176454,1.2,1.0,0.916227867674703,0.0,0.0,0.0009999999999999998,272.62298583984375,626.5709838867188,2.0
304498.0,59.0,30.0,16.0,-8.15213617078853,-8.963168900989047,0.811032730200516,-8.925422697692513,0.7732865269039824,-8.96517867440873,0.8130425036201991,0.002009773419683114,0.6,1.0,0.8469868170692392,0.0,0.0,0.0010000000000000002,253.6230010986328,633.5709838867188,2.0
306994.0,60.0,30.0,16.0,-7.2985303823933725,-11.120972578789395,3.8224421963960227,-11.65717128772977,4.358640905336398,-11.65717128772977,4.358640905336398,0.5361987089403755,1.0,1.0,0.8137693577131216,0.0,0.0,0.0009999999999999998,246.0229949951172,636.3709716796875,2.0
311986.0,61.0,30.0,16.0,-6.900300522759364,-9.105101526287015,2.204801003527651,-10.050346320182575,3.1500457974232106,-11.14090228479581,4.240601762036446,2.0358007585087954,1.2,1.0,0.7958830246397652,0.0,0.0,0.001,267.02301025390625,641.77099609375,2.0
314482.0,62.0,30.0,16.0,-7.984988546410882,-11.016359942417646,3.0313713960067634,-10.66936052788236,2.684371981471477,-11.006944181582794,3.0219556351719117,-0.009415760834851739,0.6,1.0,0.8409893696747568,0.0,0.0,0.0010000000000000002,259.4230041503906,644.5709838867188,2.0
320721.0,63.0,30.0,16.0,-7.976440083088664,-12.078604380459627,4.102164297370963,-12.117926566687675,4.141486483599011,-12.155000903118108,4.1785608200294435,0.07639652265848085,0.8,1.0,0.840669438735395,0.0,0.0,0.0010000000000000002,276.4230041503906,651.3709716796875,2.0
328209.0,64.0,30.0,16.0,-7.266400283072636,-8.378473023871003,1.1120727407983662,-8.12631489337925,0.859914610306614,-8.394376025169155,1.1279757420965186,0.015903001298152475,0.6,1.0,0.8123749523088899,0.0,0.0,0.001,253.6230010986328,659.77099609375,2.0
330705.0,65.0,30.0,16.0,-6.594538718435258,-10.582321351267556,3.987782632832298,-10.072815531492889,3.478276813057631,-10.578611023040647,3.984072304605389,-0.0037103282269086435,0.8,1.0,0.780977216244791,0.0,0.0,0.0010000000000000002,246.0229949951172,662.5709838867188,2.0
334449.0,66.0,30.0,16.0,-7.216755342096386,-11.53972043921792,4.322965097121534,-11.700740568711348,4.483985226614962,-11.725390586152471,4.5086352440560855,0.18567014693455164,0.8,1.0,0.8102268027653632,0.0,0.0,0.0009999999999999998,270.822998046875,666.5709838867188,2.0
339441.0,67.0,30.0,16.0,-8.327679348937615,-9.578671967365972,1.2509926184283575,-9.196889878357013,0.8692105294193979,-9.560255297250787,1.2325759483131726,-0.018416670115184886,0.6,1.0,0.8530532416253387,0.0,0.0,0.001,255.6230010986328,672.1710205078125,2.0
343184.0,68.0,30.0,16.0,-7.431239744277064,-9.996927379007264,2.5656876347302005,-10.126473255347294,2.6952335110702306,-10.126473255347294,2.6952335110702306,0.12954587634003012,1.0,1.0,0.8193581078668817,0.0,0.0,0.001,244.0229949951172,676.3709716796875,2.0
349424.0,69.0,30.0,16.0,-9.280033624085776,-10.353481958067709,1.0734483339819327,-10.32491495925822,1.0448813351724429,-10.359812503575718,1.0797788794899414,0.006330545508008711,0.8,1.0,0.8819989616605977,0.0,0.0,0.0010000000000000002,261.2229919433594,683.1710205078125,2.0
350672.0,70.0,30.0,16.0,-11.956665616107507,-13.851373186314033,1.894707570206526,-13.885010983904442,1.9283453677969344,-13.967291137639407,2.0106255215318996,0.11591795132537364,0.8,0.9375,0.9363016818181241,0.0,0.5,0.0010000000000000002,257.4230041503906,684.5709838867188,2.0
354416.0,71.0,30.0,16.0,-12.059285757353157,-12.430846629322707,0.37156087196954957,-9.282377541748,-2.7769082156051574,-12.859339782568203,0.8000540252150454,0.42849315324549586,0.4,1.0,0.9377774722511755,0.0,0.0,0.0009999999999999996,246.0229949951172,688.77099609375,2.0
363151.0,72.0,30.0,16.0,-7.602735974428681,-8.909008832784245,1.3062728583555643,-8.29166225650853,0.6889262820798496,-9.159350967672482,1.5566149932438016,0.2503421348882373,0.4,1.0,0.8263689556125817,0.0,0.0,0.0009999999999999998,255.42300415039062,698.3709716796875,2.0
371887.0,73.0,30.0,16.0,-5.24512829302096,-7.448315051497383,2.2031867584764235,-7.273111507433791,2.0279832144128314,-7.48821947108004,2.24309117805908,0.03990441958265656,0.8,1.0,0.7011627081288738,0.0,0.0,0.001,265.02301025390625,707.9710083007812,2.0
373135.0,74.0,30.0,16.0,-5.944977286201797,-7.327339156777252,1.3823618705754548,-7.287170633513047,1.34219334731125,-7.332713018698209,1.3877357324964121,0.005373861920957346,0.8,1.0,0.7456386311143681,0.0,0.0,0.001,261.2229919433594,709.3709716796875,2.0
375631.0,75.0,30.0,16.0,-8.548130512647184,-11.501732057999373,2.953601545352189,-11.07277496644841,2.5246444538012263,-11.494347458430447,2.946216945783263,-0.00738459956892612,0.6,1.0,0.8603299861847177,0.0,0.0,0.001,253.6230010986328,712.1710205078125,2.0
379375.0,76.0,30.0,16.0,-6.523193425497569,-9.082232308417641,2.5590388829200723,-9.31833419913465,2.7951407736370815,-9.31833419913465,2.7951407736370815,0.23610189071700916,1.0,1.0,0.7773578432732378,0.0,0.0,0.0009999999999999998,278.4230041503906,716.1710205078125,2.0
386862.0,77.0,30.0,16.0,-10.801613353670223,-11.082954037341635,0.2813406836714112,-11.12737319189513,0.32575983822490606,-11.162120989016085,0.3605076353458614,0.0791669516744502,1.2,1.0,0.9168759507531774,0.0,0.0,0.001,255.42300415039062,724.5709838867188,2.0
391854.0,78.0,30.0,16.0,-8.545644636493213,-9.788869635904437,1.2432249994112237,-9.252620022312419,0.7069753858192058,-9.881119721780735,1.3354750852875217,0.09225008587629802,0.4,1.0,0.8602656935428282,0.0,0.0,0.0009999999999999998,276.4230041503906,729.9710083007812,2.0
400590.0,79.0,30.0,16.0,-5.424094864789177,-7.479073142193973,2.0549782774047953,-7.379856194649009,1.9557613298598318,-7.476160005162862,2.052065140373685,-0.002913137031110402,0.6,1.0,0.713236840962509,0.0,0.0,0.001,249.822998046875,739.77099609375,2.0
404334.0,80.0,30.0,16.0,-6.335454663976287,-10.173059163148732,3.8376044991724454,-10.039150715306759,3.703696051330472,-10.151066294041494,3.8156116300652068,-0.021992869107238633,0.8,1.0,0.7675119232558407,0.0,0.0,0.001,274.62298583984375,743.77099609375,2.0
408077.0,81.0,30.0,16.0,-4.656320875370316,-6.536434176246847,1.8801133008765314,-6.9278830172192505,2.2715621418489347,-7.109422326459755,2.453101451089439,0.5729881502129075,1.2,1.0,0.6577652272147357,0.0,0.0,0.001,263.02301025390625,747.9710083007812,2.0
410573.0,82.0,30.0,16.0,-5.711228390680512,-7.588739582305176,1.8775111916246638,-7.29708548889294,1.5858570982124283,-7.590195054627654,1.8789666639471418,0.001455472322478002,0.6,1.0,0.7315623849356303,0.0,0.0,0.0009999999999999998,255.42300415039062,750.77099609375,2.0
418061.0,83.0,30.0,16.0,-5.489642549697217,-6.904451527190818,1.4148089774936006,-6.866467723310321,1.3768251736131036,-6.974654022005534,1.485011472308317,0.07020249481471641,0.8,1.0,0.7175224868692034,0.0,0.0,0.001,268.822998046875,758.9710083007812,2.0
426797.0,84.0,30.0,16.0,-5.835355578527263,-7.7792836878688085,1.9439281093415453,-7.251668525859143,1.41631294733188,-7.7792445314211065,1.9438889528938432,-3.915644770202675e-05,0.6,1.0,0.7391292987746402,0.0,0.0,0.0010000000000000005,278.4230041503906,768.5709838867188,2.0
428045.0,85.0,30.0,16.0,-5.326868309166503,-6.901902617365126,1.5750343081986227,-6.675015264920817,1.3481469557543138,-6.9193265928754775,1.5924582837089742,0.017423975510351575,0.8,1.0,0.7067210234939286,0.0,0.0,0.001,274.62298583984375,769.9710083007812,2.0
433036.0,86.0,30.0,16.0,-5.613229604650721,-6.604079594012642,0.9908499893619211,-6.245840171857257,0.6326105672065356,-6.606177400257488,0.9929477956067672,0.002097806244846012,0.6,1.0,0.7254367178575206,0.0,0.0,0.001,259.2229919433594,775.5709838867188,2.0
434284.0,87.0,30.0,16.0,-4.9878120898272895,-6.769345469475692,1.781533379648402,-7.04391075481278,2.05609866498549,-7.050183157232679,2.0623710674053894,0.28083768775698736,1.2,0.9375,0.6829001532428247,0.6123724356957945,0.5,0.001,255.42300415039062,776.9710083007812,2.0
436780.0,88.0,30.0,16.0,-4.911446945234927,-5.76289103100892,0.8514440857739922,-5.8364779639676,0.9250310187326729,-5.8364779639676,0.9250310187326729,0.07358693295868068,1.0,1.0,0.677287436161833,0.0,0.0,0.0009999999999999998,247.822998046875,779.77099609375,2.0
445516.0,89.0,30.0,16.0,-5.179939513874375,-7.58873512267903,2.408795608804655,-7.665915727911649,2.485976214037274,-7.715530781629244,2.535591267754869,0.12679565895021394,0.8,1.0,0.6966298276646701,0.0,0.0,0.0009999999999999998,257.4230041503906,789.3709716796875,2.0
460491.0,90.0,30.0,16.0,-4.781752710875928,-5.923861185827498,1.14210847495157,-5.665054938976364,0.8833022281004359,-5.913295762673007,1.1315430517970793,-0.010565423154490716,0.6,1.0,0.6675134476307407,0.0,0.0,0.001,247.822998046875,805.9710083007812,2.0
461739.0,91.0,30.0,16.0,-4.451170192750706,-8.028286114489395,3.577115921738689,-8.713758171612323,4.2625879788616166,-8.713758171612323,4.2625879788616166,0.6854720571229276,1.0,1.0,0.6412112263178449,0.0,0.0,0.0009999999999999996,244.0229949951172,807.3709716796875,2.0
470475.0,92.0,30.0,16.0,-6.798393142671168,-8.263428840416898,1.46503569774573,-7.995828769850374,1.197435627179206,-8.244341570322161,1.4459484276509933,-0.019087270094736652,0.8,1.0,0.791011876192314,0.0,0.0,0.0010000000000000002,253.6230010986328,816.9710083007812,2.0
472971.0,93.0,30.0,16.0,-4.476760237655929,-6.168252711469256,1.6914924738133266,-6.108930819866441,1.6321705822105121,-6.173336770160013,1.6965765325040838,0.005084058690757232,0.6,1.0,0.6433177471489429,0.0,0.0,0.001,246.0229949951172,819.77099609375,2.0
474219.0,94.0,30.0,16.0,-4.739223823055875,-6.393552111294561,1.6543282882386858,-6.464423347996249,1.7251995249403738,-6.464423347996249,1.7251995249403738,0.07087123670168793,1.0,1.0,0.6642333020352773,0.0,0.0,0.0010000000000000002,278.4230041503906,820.9710083007812,2.0
475466.0,95.0,30.0,16.0,-4.250040862488454,-5.22079229528904,0.9707514328005855,-4.962760172811679,0.7127193103232248,-5.212747072949474,0.96270621046102,-0.008045222339565505,0.6,1.0,0.624181158433834,0.0,0.0,0.0009999999999999998,274.4230041503906,822.3709716796875,2.0
476714.0,96.0,30.0,16.0,-3.7629082730222985,-5.4976162380708296,1.734707965048531,-5.37354144040642,1.6106331673841217,-5.535529292463547,1.7726210194412486,0.03791305439271753,0.8,0.9375,0.5795844613357278,0.5,0.6123724356957945,0.0010000000000000002,270.62298583984375,823.77099609375,2.0
489194.0,97.0,30.0,16.0,-5.916292306819355,-6.628184897297641,0.7118925904782856,-6.38525171877026,0.4689594119509053,-6.632161811777175,0.7158695049578201,0.003976914479534521,0.6,1.0,0.7439596609995491,0.0,0.0,0.0009999999999999998,268.822998046875,837.5709838867188,2.0
490442.0,98.0,30.0,16.0,-5.943204963226872,-8.131112545563491,2.187907582336619,-7.896780240116275,1.9535752768894028,-8.14872027765827,2.2055153144313984,0.017607732094779394,0.6,1.0,0.7455473272831381,0.0,0.0,0.0010000000000000002,265.02301025390625,838.9710083007812,2.0
497930.0,99.0,30.0,16.0,-7.264721090948778,-7.584071668467899,0.31935057751912055,-7.287583450577044,0.02286235962826577,-7.72463408298938,0.45991299204060176,0.14056241452148122,0.4,1.0,0.8123024578919442,0.0,0.0,0.0009999999999999998,278.4230041503906,847.1710205078125,2.0
