user_index,sample_index,snr_db,l_value,grid_channel_nmse_db,source_alpha_channel_nmse_db,source_alpha_gain_vs_grid_db,bounded_refine_channel_nmse_db,bounded_gain_vs_grid_db,oracle_alpha_channel_nmse_db,oracle_alpha_gain_vs_grid_db,source_alpha_gap_vs_oracle_db,oracle_alpha,support_recall,dominant_energy_recall,delay_bin_rmse,tx_bin_rmse,noise_variance,rx_x_m,rx_y_m,rx_z_m
298.0,0.0,0.0,4.0,-8.265394603957564,-10.171132907810456,1.9057383038528926,-10.458588358333369,2.1931937543758053,-10.458588358333369,2.1931937543758053,0.28745545052291277,1.0,0.5,0.9073484406135462,7.54983443527075,0.0,0.9999999999999999,26.899900436401367,6.200439929962158,0.6000000238418579
1192.0,1.0,0.0,4.0,-9.935768969060078,-12.757188974202773,2.821420005142695,-12.653464758415573,2.7176957893554956,-12.822841518225268,2.8870725491651896,0.06565254402249465,0.8,0.75,0.9368774476244808,0.7071067811865476,0.5,0.9999999999999999,27.36989974975586,6.270440101623535,0.6000000238418579
2385.0,2.0,0.0,4.0,-11.297613338019543,-13.583632514049738,2.2860191760301944,-13.371574070005043,2.0739607319854994,-13.61540949841042,2.317796160390877,0.03177698436068255,0.6,0.75,0.9686856551846335,0.5,0.0,0.9999999999999999,27.199899673461914,6.3704400062561035,0.6000000238418579
4472.0,3.0,0.0,4.0,-8.250131712011141,-11.823009574355414,3.5728778623442725,-11.741309392253793,3.491177680242652,-11.841671091365436,3.5915393793542947,0.018661517010022166,0.8,0.75,0.9136325737746172,11.5,0.0,1.0,27.499900817871094,6.540440082550049,0.6000000238418579
4770.0,4.0,0.0,4.0,-8.165712481107043,-7.628927961402566,-0.5367845197044776,-7.544781599222642,-0.6209308818844015,-8.165712481107036,-7.105427357601002e-15,0.5367845197044705,0.0,0.5,0.9330153803715,16.408839081421938,0.7071067811865476,1.0000000000000004,26.849899291992188,6.57043981552124,0.6000000238418579
8049.0,5.0,0.0,4.0,-8.778740332613111,-8.06984244523698,-0.708897887376132,-7.978215614897193,-0.800524717715918,-8.778740332613113,1.7763568394002505e-15,0.7088978873761338,0.0,0.5,0.934154080215795,9.313968005098578,0.5,1.0,26.969900131225586,6.840439796447754,0.6000000238418579
10733.0,6.0,0.0,4.0,-9.140301607355049,-13.464082922851885,4.323781315496836,-13.333107893289618,4.192806285934569,-13.705542881925155,4.565241274570106,0.24145995907326956,0.8,0.5,0.9193594376505108,2.1213203435596424,0.5,0.9999999999999998,27.189899444580078,7.0604400634765625,0.6000000238418579
11031.0,7.0,0.0,4.0,-7.713902702705787,-8.768700586795493,1.054797884089706,-7.807680586973531,0.0937778842677437,-8.81391942000756,1.1000167173017728,0.045218833212066656,0.6,0.5,0.9511755725955149,6.946221994724902,0.0,1.0,26.539899826049805,7.090439796447754,0.6000000238418579
12223.0,8.0,0.0,4.0,-8.25182031732764,-8.215030730776691,-0.03678958655094888,-6.961998918267531,-1.2898213990601093,-8.663136769884076,0.4113164525564361,0.448106039107385,0.4,0.25,0.9484444197714926,21.691011963483863,0.7071067811865476,1.0,26.359899520874023,7.1904401779174805,0.6000000238418579
13714.0,9.0,0.0,4.0,-7.9062285902854335,-8.184086030389414,0.27785744010398084,-6.99328516753133,-0.9129434227541031,-8.508939263790957,0.6027106735055234,0.3248532334015426,0.4,0.5,0.9629588667682436,14.239030865898142,0.5,0.9999999999999998,26.749900817871094,7.3104400634765625,0.6000000238418579
15503.0,10.0,0.0,4.0,-8.936861174029891,-9.80960560415134,0.8727444301214486,-10.529563955777594,1.5927027817477022,-10.88734608360972,1.9504849095798278,1.0777404794583791,1.2,0.5,0.9400440789850472,2.1213203435596424,0.5,1.0,26.489900588989258,7.460440158843994,0.6000000238418579
15801.0,11.0,0.0,4.0,-7.550043896633766,-8.407237530933212,0.8571936342994464,-8.349748465172137,0.7997045685383712,-8.409244797927315,0.8592009012935486,0.0020072669941022525,0.6,0.5,0.9167420439989179,9.617692030835672,0.7071067811865476,0.9999999999999998,27.04990005493164,7.480440139770508,0.6000000238418579
17292.0,12.0,0.0,4.0,-10.894007013293141,-16.05813595044026,5.164128937147119,-16.4901745631916,5.59616754989846,-16.638804529198318,5.7447975159051765,0.5806685787580577,1.2,0.5,0.9481211733844357,0.0,0.7071067811865476,1.0000000000000002,27.439899444580078,7.60044002532959,0.6000000238418579
17590.0,13.0,0.0,4.0,-7.565258952748398,-7.021546444074856,-0.5437125086735426,-6.94718748681086,-0.6180714659375388,-7.565258952748406,7.993605777301127e-15,0.5437125086735506,0.0,0.5,0.9180400065134161,7.44983221287567,0.0,1.0,26.789899826049805,7.6304402351379395,0.6000000238418579
18484.0,14.0,0.0,4.0,-8.781143325906447,-10.156072410050815,1.3749290841443678,-8.840929932261316,0.05978660635486932,-10.222464110583545,1.4413207846770977,0.06639170053272991,0.6,0.5,0.9403812724808961,12.103718436910205,0.5,1.0,27.259899139404297,7.700439929962158,0.6000000238418579
18782.0,15.0,0.0,4.0,-7.931618626252722,-8.444163064048146,0.512544437795424,-8.850629069704773,0.9190104434520512,-9.087375469927663,1.1557568436749408,0.6432124058795168,1.2,0.75,0.9267081818139326,11.521718621802913,0.0,1.0,26.609899520874023,7.730440139770508,0.6000000238418579
19080.0,16.0,0.0,4.0,-9.070741808048478,-13.56193904155858,4.491197233510102,-13.341421858366244,4.270680050317766,-13.61572569263757,4.544983884589092,0.05378665107899039,0.8,0.75,0.9186353006680129,1.5811388300841898,0.0,1.0,27.16990089416504,7.7504401206970215,0.6000000238418579
20869.0,17.0,0.0,4.0,-8.787333066095295,-10.693920615517914,1.9065875494226194,-9.683502495195459,0.8961694291001638,-10.697260865215197,1.9099277991199024,0.003340249697282971,0.6,0.75,0.9482798304963725,7.0,0.5,0.9999999999999999,26.909900665283203,7.900440216064453,0.6000000238418579
21167.0,18.0,0.0,4.0,-8.79904605499964,-10.083415406757656,1.2843693517580164,-9.807102748171895,1.0080566931722554,-10.096368503000882,1.2973224480012426,0.01295309624322627,0.6,0.75,0.954196678029378,14.0,0.0,0.9999999999999999,27.469900131225586,7.920440196990967,0.6000000238418579
22360.0,19.0,0.0,4.0,-8.447899406888487,-11.302497184503927,2.8545977776154405,-10.533221904770794,2.0853224978823075,-11.25238850998618,2.8044891030976924,-0.05010867451774814,0.6,0.5,0.9155176675836726,11.61895003862225,0.5,0.9999999999999997,27.29990005493164,8.020440101623535,0.6000000238418579
22658.0,20.0,0.0,4.0,-8.090004000141871,-7.8584732893846,-0.23153071075727105,-7.81982473324236,-0.2701792668995111,-8.090004000141867,-3.552713678800501e-15,0.2315307107572675,0.0,0.5,0.9351751683269267,8.645808232895291,0.0,1.0,26.649900436401367,8.050439834594727,0.6000000238418579
23254.0,21.0,0.0,4.0,-9.201008511440335,-11.648981758414145,2.4479732469738096,-11.342586260664882,2.141577749224547,-11.638269819139047,2.437261307698712,-0.010711939275097393,0.6,0.75,0.9388199337118452,7.533259586659682,0.5,1.0000000000000002,26.559900283813477,8.10044002532959,0.6000000238418579
25341.0,22.0,0.0,4.0,-7.636499270533319,-7.307897026607076,-0.3286022439262428,-7.235817932170515,-0.40068133836280406,-7.636499270533319,0.0,0.3286022439262428,0.0,0.5,0.9346330798413843,4.272001872658765,0.5,1.0,26.859899520874023,8.270440101623535,0.6000000238418579
26236.0,23.0,0.0,4.0,-8.627460680019526,-11.872230375817704,3.244769695798178,-11.888807704101257,3.261347024081731,-11.965325606504232,3.3378649264847056,0.09309523068652759,1.2,0.75,0.9427255533382926,2.5495097567963922,0.0,0.9999999999999998,27.33989906311035,8.340439796447754,0.6000000238418579
26534.0,24.0,0.0,4.0,-7.912931254858956,-10.010504219013841,2.0975729641548853,-9.283602503362733,1.3706712485037773,-9.994251243061907,2.081319988202951,-0.01625297595193409,0.6,0.5,0.9200099413129934,11.412712210513327,0.5,1.0,26.689899444580078,8.370439529418945,0.6000000238418579
27428.0,25.0,0.0,4.0,-8.089214830776816,-8.374797772769062,0.28558294199224576,-7.168059353888636,-0.9211554768881802,-8.539490621202079,0.45027579042526256,0.1646928484330168,0.4,0.5,0.9316461108584504,13.738631664034086,0.5,1.0,27.159900665283203,8.44044017791748,0.6000000238418579
30112.0,26.0,0.0,4.0,-6.956110611603968,-8.095889453888061,1.1397788422840929,-7.578052317649848,0.6219417060458801,-8.100686042451159,1.1445754308471905,0.004796588563097615,0.6,0.5,0.9227522855878287,16.650825805346713,0.5,1.0,27.379899978637695,8.660440444946289,0.6000000238418579
30410.0,27.0,0.0,4.0,-5.898528673521421,-6.026531412479315,0.12800273895789438,-6.166030208179381,0.2675015346579608,-6.269349396440534,0.37082072291911317,0.2428179839612188,1.2,0.25,0.9380614421909822,12.114041439585717,0.5,1.0000000000000002,26.729900360107422,8.69044017791748,0.6000000238418579
32199.0,28.0,0.0,4.0,-10.025641209477637,-11.464679665492811,1.439038456015174,-10.88042253114687,0.8547813216692326,-11.488877773873005,1.463236564395368,0.024198108380193872,0.6,1.0,0.9578757084954952,0.0,0.0,1.0,26.469900131225586,8.840439796447754,0.6000000238418579
32497.0,29.0,0.0,4.0,-10.244505695683799,-12.59239145584981,2.3478857601660117,-12.664059003251719,2.41955330756792,-12.754623069041028,2.510117373357229,0.16223161319121715,1.2,1.0,0.9561457019835827,0.0,0.0,1.0000000000000002,27.02989959716797,8.860440254211426,0.6000000238418579
33093.0,30.0,0.0,4.0,-9.882236304430542,-10.99272385883376,1.1104875544032176,-11.331789785775308,1.4495534813447666,-11.389756491277849,1.507520186847307,0.3970326324440894,1.2,0.75,0.9557249437247594,9.027735042633894,0.0,1.0000000000000002,26.939899444580078,8.910440444946289,0.6000000238418579
33391.0,31.0,0.0,4.0,-9.722335292134451,-11.45897539381936,1.736640101684909,-10.904054549747462,1.181719257613011,-11.548094390105142,1.8257590979706908,0.0891189962857819,0.4,0.75,0.9438850860049305,11.022703842524301,0.0,1.0,27.499900817871094,8.930439949035645,0.6000000238418579
34286.0,32.0,0.0,4.0,-7.668675804474068,-8.372780073996447,0.7041042695223787,-7.7468243007735325,0.0781484962994643,-8.390685589105319,0.7220097846312505,0.01790551510887184,0.6,0.5,0.9360628313469961,12.549900398011133,0.7071067811865476,1.0,26.769899368286133,9.0104398727417,0.6000000238418579
36969.0,33.0,0.0,4.0,-8.96767164798386,-12.214511067290053,3.246839419306193,-12.168640897017218,3.200969249033358,-12.276061744740714,3.3083900967568542,0.06155067745066134,0.8,0.5,0.9463003051508988,0.8660254037844386,0.0,1.0,26.979900360107422,9.230440139770508,0.6000000238418579
37565.0,34.0,0.0,4.0,-9.005611989185333,-10.363658637549122,1.3580466483637892,-10.110631562165167,1.1050195729798347,-10.442344208996989,1.436732219811656,0.07868557144786692,0.4,0.75,0.9529199679432581,8.0,0.5,0.9999999999999999,26.88990020751953,9.280440330505371,0.6000000238418579
38758.0,35.0,0.0,4.0,-7.691651973551963,-10.67366607718889,2.982014103636928,-10.4468241184021,2.755172144850137,-10.81199390615431,3.120341932602347,0.13832782896541929,0.8,0.5,0.901618425630192,12.786711852544421,0.0,1.0,26.719900131225586,9.380439758300781,0.6000000238418579
41739.0,36.0,0.0,4.0,-9.033536988107048,-11.076059080034945,2.0425220919278964,-10.812956333374617,1.7794193452675682,-11.103727130966842,2.0701901428597935,0.02766805093189717,0.6,0.75,0.9295888199290541,15.008331019803634,0.0,1.0,27.489900588989258,9.620439529418945,0.6000000238418579
42634.0,37.0,0.0,4.0,-8.576503118758016,-8.469248018095573,-0.10725510066244226,-8.507892217540721,-0.06861090121729418,-8.57650311875802,3.552713678800501e-15,0.10725510066244581,0.0,0.5,0.9429919297956778,12.196310917650468,0.5,0.9999999999999998,26.759899139404297,9.700440406799316,0.6000000238418579
42932.0,38.0,0.0,4.0,-7.197480211293766,-9.379035361416253,2.1815551501224872,-9.096770101631687,1.8992898903379212,-9.434030310421432,2.2365500991276663,0.054994949005179095,0.8,0.5,0.9250765803821325,13.509256086106296,0.5,1.0,27.319900512695312,9.720439910888672,0.6000000238418579
43230.0,39.0,0.0,4.0,-7.294883919112779,-9.38964379866267,2.0947598795498905,-8.964757062949573,1.669873143836794,-9.361970359222699,2.06708644010992,-0.027673439439970693,0.8,0.5,0.9035361990085053,13.80217374184226,0.0,1.0000000000000002,26.66990089416504,9.750439643859863,0.6000000238418579
43826.0,40.0,0.0,4.0,-8.538024785642621,-10.005895722319426,1.467870936676805,-9.85638425488803,1.318359469245408,-10.079368083216666,1.5413432975740449,0.07347236089723985,1.2,0.75,0.9512392802939375,3.082207001484488,0.0,1.0000000000000004,26.57990074157715,9.800439834594727,0.6000000238418579
45317.0,41.0,0.0,4.0,-8.448993807100496,-8.088318994064,-0.3606748130364963,-7.472928564628873,-0.9760652424716234,-8.448993807100493,-3.552713678800501e-15,0.36067481303649274,0.0,0.5,0.9437386986093423,15.0,0.5,1.0,26.969900131225586,9.920439720153809,0.6000000238418579
48000.0,42.0,0.0,4.0,-8.097056866880889,-9.366330250697422,1.2692733838165324,-9.573766743463135,1.4767098765822464,-9.834731784907728,1.7376749180268387,0.4684015342103063,1.2,0.75,0.9304173035039836,6.0,0.5,1.0000000000000004,27.179899215698242,10.140399932861328,0.6000000238418579
48895.0,43.0,0.0,4.0,-8.466302370028188,-9.424561442634058,0.9582590726058697,-8.231052406792916,-0.23524996323527247,-9.562357685469888,1.0960553154416992,0.13779624283582947,0.4,0.5,0.9499232698780431,12.658988901172163,0.5,1.0,26.449899673461914,10.220399856567383,0.6000000238418579
50982.0,44.0,0.0,4.0,-9.449173397038482,-9.519120271790872,0.06994687475238948,-8.300951940814308,-1.1482214562241744,-9.902770646302004,0.4535972492635221,0.3836503745111326,0.4,0.5,0.9657206491557868,13.892443989449804,0.7071067811865476,1.0,26.749900817871094,10.390399932861328,0.6000000238418579
51578.0,45.0,0.0,4.0,-9.085142199262261,-10.92896746290917,1.8438252636469095,-10.811833406817275,1.7266912075550138,-10.92750552121011,1.8423633219478486,-0.0014619416990608869,0.8,0.75,0.9400881685673417,4.031128874149275,0.0,1.0,26.659900665283203,10.440400123596191,0.6000000238418579
54261.0,46.0,0.0,4.0,-8.124853871729579,-9.678227650158606,1.5533737784290267,-9.703524505347817,1.5786706336182377,-9.799761848519475,1.6749079767898962,0.12153419836086954,1.2,0.75,0.9438473202043012,12.5,0.0,1.0,26.86989974975586,10.660400390625,0.6000000238418579
55155.0,47.0,0.0,4.0,-8.098396613909056,-10.7962755450688,2.697878931159744,-10.57305532009379,2.4746587061847336,-10.771237255577809,2.6728406416687527,-0.025038289490991517,0.6,0.75,0.9223865180642321,15.5,0.5,1.0,27.33989906311035,10.730400085449219,0.6000000238418579
55454.0,48.0,0.0,4.0,-6.260582911734037,-6.733275955350018,0.47269304361598063,-6.629938727014491,0.36935581528045436,-6.763771726911657,0.5031888151776203,0.03049577156163963,0.4,0.5,0.8389964922122433,10.074720839804943,0.7071067811865476,0.9999999999999999,26.699899673461914,10.76039981842041,0.6000000238418579
58435.0,49.0,0.0,4.0,-10.462660897856606,-12.026389309741267,1.5637284118846608,-11.738086185702489,1.2754252878458825,-12.064533456026492,1.6018725581698856,0.03814414628522478,0.4,0.75,0.9609421898327101,2.1213203435596424,0.5,1.0,27.469900131225586,11.000399589538574,0.6000000238418579
59329.0,50.0,0.0,4.0,-7.201307494785699,-8.809835975312865,1.6085284805271653,-8.188938456335457,0.9876309615497574,-8.803643111090631,1.6023356163049316,-0.0061928642222337515,0.6,0.5,0.9195489499644873,8.74642784226795,0.5,1.0000000000000004,26.729900360107422,11.080400466918945,0.6000000238418579
60224.0,51.0,0.0,4.0,-10.735893801156422,-12.217156523745443,1.4812627225890207,-11.650427334658353,0.9145335335019311,-12.321562252943776,1.5856684517873543,0.10440572919833357,0.4,0.75,0.9636783523935544,6.5383484153110105,0.5,1.0,27.20989990234375,11.150400161743164,0.6000000238418579
61118.0,52.0,0.0,4.0,-6.597452321777978,-6.0337155058839365,-0.5637368158940417,-5.951387837288211,-0.6460644844897674,-6.59745232177798,1.7763568394002505e-15,0.5637368158940435,0.0,0.5,0.9070217336776336,16.109003693587013,0.0,1.0,26.469900131225586,11.230400085449219,0.6000000238418579
62013.0,53.0,0.0,4.0,-9.441387535369083,-11.598834966941965,2.1574474315728818,-11.667568947778452,2.2261814124093693,-11.838392574367997,2.3970050389989144,0.2395576074260326,1.2,0.75,0.9475284694151892,4.0,0.5,0.9999999999999998,26.949899673461914,11.300399780273438,0.6000000238418579
62311.0,54.0,0.0,4.0,-11.69980542763619,-15.5492681642015,3.849462736565311,-15.410111607759873,3.710306180123684,-15.592256153810826,3.892450726174637,0.04298798960932615,0.8,1.0,0.959301847880297,0.0,0.0,1.0000000000000002,27.509899139404297,11.32040023803711,0.6000000238418579
63205.0,55.0,0.0,4.0,-7.262388066884747,-7.092556742006928,-0.16983132487781916,-7.177778389626583,-0.0846096772581637,-7.277920524277034,0.015532457392287036,0.1853637822701062,1.2,0.5,0.9350150288173135,16.575584454250777,0.5,1.0,26.769899368286133,11.400400161743164,0.6000000238418579
64398.0,56.0,0.0,4.0,-8.921350785725501,-11.1711578102562,2.2498070245307,-11.254807458734081,2.3334566730085804,-11.430494971145265,2.509144185419764,0.2593371608890642,1.2,0.75,0.9427260960645355,1.224744871391589,0.5,1.0000000000000002,26.599899291992188,11.500399589538574,0.6000000238418579
64696.0,57.0,0.0,4.0,-6.972095183427661,-7.30483724943077,0.3327420660031093,-6.582728456043073,-0.389366727384588,-7.390727857678475,0.41863267425081396,0.08589060824770467,0.4,0.5,0.9388793103235865,10.27131929208707,0.7071067811865476,1.0,27.159900665283203,11.520400047302246,0.6000000238418579
64994.0,58.0,0.0,4.0,-10.993105118820727,-12.444989598120008,1.4518844792992809,-12.307039004162938,1.3139338853422107,-12.450118280802196,1.4570131619814681,0.005128682682187247,0.6,0.75,0.9631496442229031,0.7071067811865476,0.5,1.0000000000000004,26.509899139404297,11.550399780273438,0.6000000238418579
65292.0,59.0,0.0,4.0,-7.955494578061797,-10.005016169960063,2.049521591898266,-9.39488527922115,1.4393907011593523,-9.977869374574215,2.022374796512418,-0.027146795385847966,0.6,0.5,0.9368764061745094,5.612486080160912,0.5,1.0,27.069900512695312,11.57040023803711,0.6000000238418579
66783.0,60.0,0.0,4.0,-9.919238081542762,-13.041054036512843,3.1218159549700815,-11.845768224636764,1.926530143094002,-13.121468568731789,3.202230487189027,0.08041453221894557,0.6,0.75,0.9369632024046499,1.0,0.0,1.0,18.715299606323242,6.011020183563232,1.0
68274.0,61.0,0.0,4.0,-8.6599625666622,-10.209950100692014,1.549987534029814,-8.786090833295289,0.12612826663308851,-10.239955685117199,1.5799931184549987,0.03000558442518475,0.6,0.5,0.9495057833254503,10.04987562112089,0.5,1.0000000000000002,19.121299743652344,6.249020099639893,1.0
68572.0,62.0,0.0,4.0,-7.614934686128006,-9.231427329588659,1.6164926434606528,-8.413767063644972,0.7988323775169661,-9.242987634444505,1.6280529483164994,0.011560304855846582,0.6,0.5,0.9217888031353656,16.408839081421938,0.0,1.0,18.4773006439209,6.305019855499268,1.0
72746.0,63.0,0.0,4.0,-9.06435432418633,-11.428857319119103,2.3645029949327743,-10.94701732098601,1.8826629967996809,-11.430329769343226,2.365975445156897,0.0014724502241225679,0.6,0.75,0.9416473951202085,0.5,0.0,0.9999999999999998,19.121299743652344,6.977019786834717,1.0
74535.0,64.0,0.0,4.0,-9.066532478896459,-10.196611439648462,1.1300789607520034,-9.583693684132093,0.5171612052356345,-10.389055632764869,1.32252315386841,0.19244419311640648,0.4,0.75,0.9467923933497158,1.0,0.0,1.0,18.88330078125,7.27101993560791,1.0
75727.0,65.0,0.0,4.0,-9.985078089017465,-10.99046859376636,1.0053905047488954,-9.807842120226383,-0.1772359687910825,-11.297084967842006,1.3120068788245405,0.3066163740756451,0.4,0.75,0.9654075416663884,10.523782589924593,0.0,0.9999999999999998,18.715299606323242,7.467020034790039,1.0
76323.0,66.0,0.0,4.0,-9.24647145504335,-9.863329076092898,0.6168576210495473,-8.997793873851045,-0.24867758119230565,-10.21293942552457,0.9664679704812205,0.34961034943167313,0.4,0.75,0.9539630911535655,13.518505834595775,0.0,0.9999999999999999,18.63129997253418,7.5650200843811035,1.0
77218.0,67.0,0.0,4.0,-9.762140088471277,-7.875180527745415,-1.8869595607258622,-5.143961908325645,-4.618178180145632,-9.762140088471284,7.105427357601002e-15,1.8869595607258693,0.0,0.5,0.9654893531974296,1.8708286933869707,0.0,1.0000000000000002,19.121299743652344,7.705019950866699,1.0
80497.0,68.0,0.0,4.0,-8.732500346105295,-8.181848842962006,-0.550651503143289,-8.123759279422814,-0.608741066682482,-8.732500346105292,-3.552713678800501e-15,0.5506515031432855,0.0,0.5,0.9654145513176516,9.192388155425117,0.7071067811865476,0.9999999999999998,19.275299072265625,8.237019538879395,1.0
81392.0,69.0,0.0,4.0,-8.49039463619599,-9.325928952010779,0.8355343158147885,-8.149582074707347,-0.3408125614886437,-9.509972762365024,1.0195781261690335,0.184043810354245,0.4,0.5,0.9311904551344319,10.198039027185569,0.5,1.0,18.56130027770996,8.391019821166992,1.0
84373.0,70.0,0.0,4.0,-9.107062528896089,-9.232139058591345,0.1250765296952565,-7.9548258091115684,-1.1522367197845202,-9.646635321086208,0.5395727921901194,0.41449626249486293,0.4,0.5,0.9517949815532118,6.442049363362563,0.5,1.0,19.35930061340332,8.867019653320312,1.0
84970.0,71.0,0.0,4.0,-8.930600833850498,-8.391923092771503,-0.5386777410789954,-6.006879675894315,-2.923721157956183,-9.092814711435418,0.16221387758491979,0.7008916186639151,0.2,0.5,0.9645722267682737,11.6081867662439,0.5,1.0,19.2893009185791,8.965020179748535,1.0
85864.0,72.0,0.0,4.0,-9.526153829842235,-9.318614600206848,-0.20753922963538685,-9.698690363413967,0.1725365335717317,-10.038830252634819,0.512676422792584,0.7202156524279708,1.2,0.75,0.9630166989202431,2.5,0.5,1.0,18.56130027770996,9.119020462036133,1.0
86460.0,73.0,0.0,4.0,-8.52352931792016,-8.00832797277177,-0.5152013451483892,-7.987709529825697,-0.5358197880944626,-8.523529317920152,-7.105427357601002e-15,0.5152013451483821,0.0,0.5,0.9455810649250288,17.342145196024624,0.0,1.0000000000000004,18.4773006439209,9.217020034790039,1.0
86758.0,74.0,0.0,4.0,-10.92746176258473,-12.041112389480254,1.1136506268955237,-10.816873447701443,-0.11058831488328735,-12.457497471258588,1.5300357086738572,0.41638508177833344,0.4,0.75,0.9673827805699149,7.533259586659682,0.5,0.9999999999999997,19.03730010986328,9.25901985168457,1.0
87355.0,75.0,0.0,4.0,-9.208179869210305,-10.293844945393955,1.0856650761836502,-9.459552555007864,0.2513726857975591,-10.329931240208062,1.1217513709977567,0.03608629481410652,0.6,0.5,0.9644374608525407,15.5161206491829,0.5,0.9999999999999998,18.967300415039062,9.357020378112793,1.0
88547.0,76.0,0.0,4.0,-9.246343218741897,-8.508144492504835,-0.7381987262370622,-8.57503653684734,-0.6713066818945563,-9.246343218741881,-1.5987211554602254e-14,0.7381987262370462,0.0,0.5,0.9697174847902738,15.272524349301264,0.5,1.0,18.799299240112305,9.553019523620605,1.0
91529.0,77.0,0.0,4.0,-9.077627475066167,-8.86291374783016,-0.214713727236008,-8.866656333663085,-0.21097114140308193,-9.077627475066159,-8.881784197001252e-15,0.21471372723599913,0.0,0.5,0.9522628692462308,19.912307751739878,0.7071067811865476,0.9999999999999999,18.40730094909668,10.043000221252441,1.0
94510.0,78.0,0.0,4.0,-8.890872127743917,-9.308845567663987,0.4179734399200701,-7.88715813655303,-1.003713991190887,-9.688790717689153,0.7979185899452368,0.3799451500251667,0.4,0.5,0.9633687753336531,11.423659658795863,0.5,1.0,19.205299377441406,10.519000053405762,1.0
96299.0,79.0,0.0,4.0,-12.823582025019707,-14.401148463807573,1.5775664387878656,-13.343790325710849,0.5202083006911415,-14.962040187807592,2.1384581627878845,0.5608917240000189,0.4,1.0,0.9766380235142375,0.0,0.0,0.9999999999999996,18.967300415039062,10.812999725341797,1.0
97491.0,80.0,0.0,4.0,-11.147610492844382,-11.178468391552553,0.03085789870817024,-9.429430179137173,-1.7181803137072098,-12.242270616954684,1.0946601241103018,1.0638022254021315,0.4,0.75,0.9599514140300451,12.509996003196804,0.0,0.9999999999999998,18.799299240112305,11.008999824523926,1.0
98088.0,81.0,0.0,4.0,-8.871455114522739,-11.030685874424595,2.159230759901856,-10.339156651856245,1.4677015373335056,-11.032002125407123,2.1605470108843843,0.0013162509825281887,0.6,0.75,0.930109696975926,1.5,0.0,0.9999999999999998,18.729299545288086,11.107000350952148,1.0
98386.0,82.0,0.0,4.0,-9.694876273939935,-9.461708781363065,-0.23316749257686986,-9.468120679362748,-0.22675559457718641,-9.694876273939952,1.7763568394002505e-14,0.23316749257688762,0.0,0.5,0.9707408696052151,9.7082439194738,0.5,0.9999999999999999,19.2893009185791,11.14900016784668,1.0
99578.0,83.0,0.0,4.0,-9.285658314897898,-10.954021805081029,1.6683634901831308,-10.066186012385504,0.7805276974876065,-10.993897296618291,1.7082389817203936,0.039875491537262775,0.6,0.75,0.948826637532274,13.019216566291536,0.0,1.0,19.121299743652344,11.345000267028809,1.0
99877.0,84.0,0.0,4.0,-9.062652910929849,-10.955840465323828,1.893187554393979,-10.406919993152222,1.3442670822223732,-10.992248065714268,1.929595154784419,0.03640760039044011,0.6,0.75,0.9299887242117696,0.5,0.0,1.0,18.491300582885742,11.401000022888184,1.0
100175.0,85.0,0.0,4.0,-6.983553830881272,-6.80260839242083,-0.18094543846044164,-6.756292758252009,-0.22726107262926298,-6.983553830881263,-8.881784197001252e-15,0.18094543846043276,0.0,0.5,0.8860829890720079,9.300537618869138,0.5,1.0,19.051300048828125,11.442999839782715,1.0
100473.0,86.0,0.0,4.0,-9.213026221828912,-9.792629698578043,0.5796034767491314,-10.070423685470804,0.8573974636418917,-10.191471678876354,0.9784454570474423,0.39884198029831097,1.2,0.75,0.9648530972569076,4.5,0.0,0.9999999999999998,18.40730094909668,11.49899959564209,1.0
101069.0,87.0,0.0,4.0,-9.050057416631756,-8.944151455800704,-0.10590596083105197,-7.534571031775119,-1.5154863848566364,-9.422546442502435,0.37248902587067967,0.47839498670173164,0.4,0.5,0.965188807381968,7.516648189186454,0.5,0.9999999999999999,19.527299880981445,11.583000183105469,1.0
102262.0,88.0,0.0,4.0,-8.882993332856985,-9.060998309532492,0.1780049766755063,-7.593374891656631,-1.2896184412003544,-9.529297693474858,0.6463043606178722,0.4682993839423659,0.4,0.5,0.9543837637585104,8.261355820929152,0.5,1.0,19.373300552368164,11.779000282287598,1.0
106137.0,89.0,0.0,4.0,-7.207314576064868,-7.117233316344501,-0.09008125972036662,-7.256806886726474,0.04949231066160564,-7.386842685429157,0.17952810936428865,0.26960936908465527,1.2,0.5,0.930608576300037,5.431390245600108,0.0,1.0,19.443300247192383,12.409000396728516,1.0
106436.0,90.0,0.0,4.0,-7.644197519124665,-8.107753553634764,0.4635560345100984,-7.265058547079169,-0.37913897204549585,-8.224863301009277,0.5806657818846119,0.11710974737451352,0.4,0.5,0.9629131844604575,13.946325680981353,0.5,1.0,18.81329917907715,12.46500015258789,1.0
107628.0,91.0,0.0,4.0,-7.629009115805603,-7.948214541602756,0.3192054257971524,-6.911103210719157,-0.7179059050864467,-8.209793428062712,0.5807843122571086,0.2615788864599562,0.4,0.5,0.9441033745239327,9.656603957913983,0.5,0.9999999999999998,18.645299911499023,12.66100025177002,1.0
108821.0,92.0,0.0,4.0,-8.876521207943721,-10.715795480783076,1.8392742728393543,-9.670923554682831,0.7944023467391101,-10.73136979037635,1.8548485824326288,0.015574309593274549,0.6,0.5,0.9446492178332988,1.3228756555322954,0.5,0.9999999999999999,18.491300582885742,12.857000350952148,1.0
109119.0,93.0,0.0,4.0,-8.528359990292477,-10.81565155664115,2.2872915663486726,-10.133239980774205,1.6048799904817272,-10.822695661411728,2.294335671119251,0.007044104770578485,0.6,0.75,0.9404787458897994,1.5,0.5,1.0,19.051300048828125,12.89900016784668,1.0
109715.0,94.0,0.0,4.0,-8.812867789352351,-9.193283365633906,0.3804155762815551,-7.898029035752053,-0.9148387536002982,-9.554572306572533,0.7417045172201817,0.3612889409386266,0.4,0.5,0.9493589221414175,15.305227865013967,0.5,0.9999999999999999,18.967300415039062,12.996999740600586,1.0
112100.0,95.0,0.0,4.0,-7.766292677217078,-8.7474066449298,0.9811139677127221,-7.8996286737766255,0.13333599655954753,-8.785685001005723,1.0193923237886446,0.03827835607592256,0.6,0.5,0.9094266454363781,14.080127840328723,0.5,1.0000000000000002,18.645299911499023,13.388999938964844,1.0
115976.0,96.0,0.0,4.0,-9.738283630055381,-11.956887345460585,2.2186037154052034,-10.675264422485997,0.9369807924306155,-12.149098268687226,2.4108146386318445,0.19221092322664113,0.4,0.75,0.9389013201676163,4.06201920231798,0.5,1.0,18.729299545288086,14.019000053405762,1.0
116274.0,97.0,0.0,4.0,-8.700413853040619,-11.007373837495756,2.306959984455137,-11.039674209025135,2.339260355984516,-11.116970511738666,2.416556658698047,0.1095966742429102,0.8,0.75,0.9214209182111355,0.8660254037844386,0.0,1.0,19.2893009185791,14.060999870300293,1.0
116572.0,98.0,0.0,4.0,-6.835657968961087,-7.316287615850275,0.48062964688918797,-5.4579928752535745,-1.3776650937075123,-7.363020235507549,0.5273622665464623,0.04673261965727438,0.6,0.5,0.9136176585344876,12.658988901172163,0.5,0.9999999999999998,18.645299911499023,14.116999626159668,1.0
118361.0,99.0,0.0,4.0,-7.949131629219379,-10.884831109780173,2.9356994805607934,-10.953422769378587,3.004291140159208,-11.036763544717438,3.0876319154980587,0.15193243493726527,0.8,0.75,0.9163954018043909,9.0,0.5,1.0000000000000002,18.40730094909668,14.41100025177002,1.0
298.0,0.0,0.0,8.0,-6.575765972764263,-7.046988302149294,0.4712223293850313,-7.260843924047177,0.6850779512829144,-7.378656981875138,0.8028910091108754,0.33166867972584413,1.2,0.5,0.9310351744777665,15.708278072405008,0.3535533905932738,0.9999999999999999,26.899900436401367,6.200439929962158,0.6000000238418579
1192.0,1.0,0.0,8.0,-6.820829090626145,-7.364688757294273,0.5438596666681281,-7.304054477167466,0.48322538654132163,-7.366336500060793,0.5455074094346486,0.0016477427665204658,0.6,0.5,0.9375319372977506,13.224031155438194,0.5,0.9999999999999999,27.36989974975586,6.270440101623535,0.6000000238418579
2385.0,2.0,0.0,8.0,-7.636036116362361,-7.952303228656076,0.3162671122937146,-8.029962615150053,0.3939264987876916,-8.21600804855229,0.5799719321899284,0.26370481989621375,1.2,0.625,0.9803049826048673,9.526279441628825,0.6123724356957945,0.9999999999999999,27.199899673461914,6.3704400062561035,0.6000000238418579
4472.0,3.0,0.0,8.0,-5.978179043924437,-7.433166445138274,1.4549874012138364,-7.3708750204704065,1.3926959765459692,-7.425315016167505,1.4471359722430677,-0.007851428970768737,0.6,0.375,0.9149026207755397,12.5,0.5,1.0,27.499900817871094,6.540440082550049,0.6000000238418579
4770.0,4.0,0.0,8.0,-6.119787231477964,-5.509899046960306,-0.6098881845176587,-5.522579888980821,-0.5972073424971436,-6.119787231477964,0.0,0.6098881845176587,0.0,0.25,0.9333369683435698,16.703293088490067,0.6123724356957945,1.0000000000000004,26.849899291992188,6.57043981552124,0.6000000238418579
8049.0,5.0,0.0,8.0,-6.4046167211033245,-5.7623853997403565,-0.642231321362968,-5.850880626013674,-0.5537360950896506,-6.404616721103311,-1.3322676295501878e-14,0.6422313213629547,0.0,0.25,0.9354309347023805,13.224031155438194,0.5,1.0,26.969900131225586,6.840439796447754,0.6000000238418579
10733.0,6.0,0.0,8.0,-7.818944395079853,-8.90952077952771,1.090576384447857,-8.90942491045422,1.0904805153743666,-8.929523884153383,1.1105794890735297,0.020003104625672563,1.2,0.5,0.9379301252392386,10.891510455395983,0.5,0.9999999999999998,27.189899444580078,7.0604400634765625,0.6000000238418579
11031.0,7.0,0.0,8.0,-5.232925262365086,-5.383939704574257,0.15101444220917148,-4.946855599509252,-0.2860696628558337,-5.478375302188682,0.24545003982359592,0.09443559761442444,0.4,0.25,0.9514205292603888,11.543396380615196,0.6123724356957945,1.0,26.539899826049805,7.090439796447754,0.6000000238418579
12223.0,8.0,0.0,8.0,-6.082258579910992,-5.795052899000975,-0.2872056809100165,-5.079120920082313,-1.0031376598286785,-6.15671611698331,0.07445753707231795,0.3616632179823345,0.2,0.25,0.9511089577795218,17.783419243778738,0.5,1.0,26.359899520874023,7.1904401779174805,0.6000000238418579
13714.0,9.0,0.0,8.0,-5.545477317883538,-5.6776250345109,0.1321477166273617,-5.033833300104411,-0.511644017779127,-5.8420033481459885,0.2965260302624504,0.1643783136350887,0.4,0.25,0.9631380736336679,16.72572868367773,0.3535533905932738,0.9999999999999998,26.749900817871094,7.3104400634765625,0.6000000238418579
15503.0,10.0,0.0,8.0,-5.875735033406361,-5.633834123199906,-0.24190091020645532,-5.802852391861007,-0.07288264154535362,-5.969223386930247,0.0934883535238864,0.3353892637303417,1.2,0.375,0.9402445802943529,13.797644726546629,0.5,1.0,26.489900588989258,7.460440158843994,0.6000000238418579
15801.0,11.0,0.0,8.0,-5.210278504269223,-5.219672749062356,0.009394244793133666,-5.208819976188531,-0.001458528080691579,-5.313739550516937,0.10346104624771435,0.09406680145458068,0.2,0.25,0.9172711518335949,14.692685254915114,0.6123724356957945,0.9999999999999998,27.04990005493164,7.480440139770508,0.6000000238418579
17292.0,12.0,0.0,8.0,-7.514487488715798,-8.931031959367887,1.4165444706520889,-9.029787023155732,1.5152995344399338,-9.133875022729564,1.6193875340137653,0.20284306336167646,1.2,0.5,0.9502427825888857,10.891510455395983,0.3535533905932738,1.0000000000000002,27.439899444580078,7.60044002532959,0.6000000238418579
17590.0,13.0,0.0,8.0,-5.439774883993773,-4.783747001827213,-0.6560278821665602,-4.726641696532687,-0.7131331874610858,-5.439774883993782,8.881784197001252e-15,0.656027882166569,0.0,0.25,0.9183994751818751,13.564659966250536,0.0,1.0,26.789899826049805,7.6304402351379395,0.6000000238418579
18484.0,14.0,0.0,8.0,-6.579401875908024,-6.443668695387686,-0.13573318052033834,-5.81069929790131,-0.7687025780067138,-6.7169038204181755,0.1375019445101513,0.27323512503048963,0.2,0.375,0.9434325733813788,11.5,0.7071067811865476,1.0,27.259899139404297,7.700439929962158,0.6000000238418579
18782.0,15.0,0.0,8.0,-6.338056637326995,-6.63133143573236,0.2932747984053652,-6.7348079486399985,0.3967513113130039,-6.79523126380675,0.4571746264797554,0.16389982807439019,1.2,0.5,0.9570835628294807,13.004806803639953,0.6123724356957945,1.0,26.609899520874023,7.730440139770508,0.6000000238418579
19080.0,16.0,0.0,8.0,-6.479648044322915,-7.9656884540039465,1.4860404096810313,-7.918451073640669,1.4388030293177536,-7.969286364381128,1.489638320058213,0.0035979103771817122,0.8,0.375,0.9217554725379757,13.847382424126229,0.6123724356957945,1.0,27.16990089416504,7.7504401206970215,0.6000000238418579
20869.0,17.0,0.0,8.0,-7.120311704256148,-7.8086902288100335,0.6883785245538858,-7.335122819521413,0.21481111526526497,-7.813821692225718,0.6935099879695708,0.005131463415684934,0.6,0.5,0.9556187461645855,6.892024376045111,0.5,0.9999999999999999,26.909900665283203,7.900440216064453,0.6000000238418579
21167.0,18.0,0.0,8.0,-5.183639957953909,-5.0967449116505055,-0.08689504630340394,-4.915277498396531,-0.2683624595573786,-5.288394550068293,0.10475459211438398,0.19164963841778793,0.2,0.375,0.9552412441972211,14.049021318227117,0.5,0.9999999999999999,27.469900131225586,7.920440196990967,0.6000000238418579
22360.0,19.0,0.0,8.0,-7.32816178628838,-9.006585936752664,1.6784241504642843,-8.71132748593867,1.3831656996502897,-9.015640214703069,1.687478428414689,0.00905427795040481,0.6,0.5,0.9363206401327688,9.300537618869138,0.3535533905932738,0.9999999999999997,27.29990005493164,8.020440101623535,0.6000000238418579
22658.0,20.0,0.0,8.0,-6.042376026436314,-5.391391516320335,-0.650984510115979,-5.30725049783809,-0.7351255285982248,-6.042376026436303,-1.1546319456101628e-14,0.6509845101159675,0.0,0.25,0.9356136663780112,11.302654555457314,0.6123724356957945,1.0,26.649900436401367,8.050439834594727,0.6000000238418579
23254.0,21.0,0.0,8.0,-7.340755697119481,-7.780995556915232,0.4402398597957511,-7.84747232174777,0.5067166246282895,-7.947115925797776,0.6063602286782954,0.16612036888254433,1.2,0.5,0.9624710788340166,8.403868156985805,0.3535533905932738,1.0000000000000002,26.559900283813477,8.10044002532959,0.6000000238418579
25341.0,22.0,0.0,8.0,-5.384450090178367,-4.953960445353497,-0.4304896448248705,-4.870991610156223,-0.5134584800221438,-5.384450090178367,0.0,0.4304896448248705,0.0,0.25,0.9348076193877444,14.053469322555197,0.5,1.0,26.859899520874023,8.270440101623535,0.6000000238418579
26236.0,23.0,0.0,8.0,-6.746361219897005,-7.818371424109386,1.072010204212381,-7.893721302800177,1.1473600829031723,-8.086412530502471,1.3400513106054666,0.26804110639308565,1.2,0.5,0.9505036824856772,14.142135623730951,0.6123724356957945,0.9999999999999998,27.33989906311035,8.340439796447754,0.6000000238418579
26534.0,24.0,0.0,8.0,-6.391707857614959,-7.072177687180504,0.6804698295655456,-7.14955920468639,0.7578513470714308,-7.326189512013967,0.9344816543990078,0.2540118248334622,1.2,0.375,0.9550675993184986,8.492643875731515,0.7071067811865476,1.0,26.689899444580078,8.370439529418945,0.6000000238418579
27428.0,25.0,0.0,8.0,-5.70946631714646,-5.4445012716460015,-0.26496504550045863,-4.872060159557367,-0.8374061575890934,-5.70946631714646,0.0,0.26496504550045863,0.0,0.25,0.931760273564217,17.168284713389397,0.5,1.0,27.159900665283203,8.44044017791748,0.6000000238418579
30112.0,26.0,0.0,8.0,-6.138821051969257,-6.322097269016302,0.18327621704704455,-6.238062796805632,0.09924174483637493,-6.465272885707495,0.32645183373823716,0.1431756166911926,0.4,0.5,0.9528828473247185,15.427248620541512,0.5,1.0,27.379899978637695,8.660440444946289,0.6000000238418579
30410.0,27.0,0.0,8.0,-4.389919432798661,-4.257418986573024,-0.13250044622563717,-4.3374615213583265,-0.05245791144033429,-4.454799120273289,0.0648796874746278,0.19738013370026497,1.2,0.125,0.9382572563839083,16.484841521834536,0.5,1.0000000000000002,26.729900360107422,8.69044017791748,0.6000000238418579
32199.0,28.0,0.0,8.0,-7.297232042338537,-7.40036031819026,0.10312827585172268,-7.086454340488312,-0.21077770185022526,-7.550955293000914,0.253723250662377,0.15059497481065431,0.4,0.625,0.9692706052806915,8.674675786448736,0.3535533905932738,1.0,26.469900131225586,8.840439796447754,0.6000000238418579
32497.0,29.0,0.0,8.0,-6.935107257250768,-7.563362814947242,0.6282555576964741,-7.684550651005417,0.7494433937546496,-7.77850197715151,0.8433947199007426,0.21513916220426843,1.2,0.75,0.9665698781629504,9.797958971132712,0.0,1.0000000000000002,27.02989959716797,8.860440254211426,0.6000000238418579
33093.0,30.0,0.0,8.0,-6.166614801377152,-6.070982940154343,-0.09563186122280953,-6.1602146021496695,-0.006400199227482695,-6.248773833662842,0.08215903228568955,0.17779089350849908,1.2,0.5,0.9596857249674186,12.62933094031509,0.0,1.0000000000000002,26.939899444580078,8.910440444946289,0.6000000238418579
33391.0,31.0,0.0,8.0,-6.541726266867377,-7.083641901571767,0.5419156347043899,-6.999789581479491,0.45806331461211425,-7.08256085582252,0.5408345889551436,-0.0010810457492462788,0.6,0.375,0.9440770437586443,14.970804921579868,0.3535533905932738,1.0,27.499900817871094,8.930439949035645,0.6000000238418579
34286.0,32.0,0.0,8.0,-5.891822918252712,-6.237100439169986,0.34527752091727315,-5.835589039951624,-0.0562338783010885,-6.248991731388766,0.3571688131360533,0.011891292218780158,0.6,0.375,0.9423613784830926,12.995191418367027,0.6123724356957945,1.0,26.769899368286133,9.0104398727417,0.6000000238418579
36969.0,33.0,0.0,8.0,-5.882609205587924,-6.6589841162468675,0.7763749106589435,-6.867328759728183,0.9847195541402591,-7.028395891274192,1.145786685686268,0.3694117750273245,1.2,0.5,0.9482586577561807,12.654050734843764,0.3535533905932738,1.0,26.979900360107422,9.230440139770508,0.6000000238418579
37565.0,34.0,0.0,8.0,-6.015362634499505,-6.183586708535441,0.16822407403593598,-6.175011324120382,0.15964868962087664,-6.297746755461365,0.2823841209618596,0.11416004692592363,1.2,0.5,0.9570251946474877,10.494045930907678,0.6123724356957945,0.9999999999999999,26.88990020751953,9.280440330505371,0.6000000238418579
38758.0,35.0,0.0,8.0,-5.692974999906824,-6.626681584359758,0.933706584452934,-6.524587225476307,0.8316122255694829,-6.637536436520055,0.9445614366132302,0.010854852160296247,0.8,0.25,0.9017680533453806,17.403304283957112,0.5,1.0,26.719900131225586,9.380439758300781,0.6000000238418579
41739.0,36.0,0.0,8.0,-6.826290590856883,-7.419875068025535,0.593584477168652,-7.284186595175779,0.4578960043188962,-7.525736324802633,0.6994457339457503,0.10586125677709823,0.4,0.5,0.935375475045256,13.629013170439011,0.6123724356957945,1.0,27.489900588989258,9.620439529418945,0.6000000238418579
42634.0,37.0,0.0,8.0,-6.388986602401285,-5.969118320702992,-0.41986828169829327,-5.951832281182284,-0.4371543212190012,-6.388986602401289,3.552713678800501e-15,0.4198682816982968,0.0,0.25,0.944232443504168,16.515144564913744,0.3535533905932738,0.9999999999999998,26.759899139404297,9.700440406799316,0.6000000238418579
42932.0,38.0,0.0,8.0,-5.560583415874828,-5.805114052655266,0.2445306367804374,-5.88551820600714,0.3249347901323114,-6.030872545546952,0.4702891296721239,0.22575849289168648,1.2,0.5,0.9595624464794498,14.79019945774904,0.6123724356957945,1.0,27.319900512695312,9.720439910888672,0.6000000238418579
43230.0,39.0,0.0,8.0,-6.848922171656941,-7.196039917316859,0.3471177456599177,-6.896678098400448,0.04775592674350726,-7.350300779828549,0.5013786081716081,0.15426086251169036,0.4,0.5,0.9481095215416855,9.810708435174291,0.0,1.0000000000000002,26.66990089416504,9.750439643859863,0.6000000238418579
43826.0,40.0,0.0,8.0,-6.01665176895109,-6.748207207371663,0.7315554384205729,-6.781751097430975,0.7650993284798853,-6.916898216348827,0.9002464473977367,0.16869100897716383,1.2,0.5,0.9625288191861752,6.642665127793212,0.5,1.0000000000000004,26.57990074157715,9.800439834594727,0.6000000238418579
45317.0,41.0,0.0,8.0,-6.325375578059211,-5.646144682064866,-0.6792308959943449,-5.30454336924572,-1.0208322088134913,-6.325375578059211,0.0,0.6792308959943449,0.0,0.375,0.9569458259106323,12.103718436910205,0.5,1.0,26.969900131225586,9.920439720153809,0.6000000238418579
48000.0,42.0,0.0,8.0,-6.455506553844444,-7.086572384492823,0.631065830648379,-6.976838042138207,0.5213314882937627,-7.0913096316539415,0.6358030778094976,0.004737247161118674,0.6,0.5,0.9386734810901871,8.689073598491383,0.3535533905932738,1.0000000000000004,27.179899215698242,10.140399932861328,0.6000000238418579
48895.0,43.0,0.0,8.0,-6.002601044480822,-6.387624449914662,0.3850234054338397,-5.8224626481717845,-0.1801383963090375,-6.46509653323473,0.4624954887539081,0.07747208332006839,0.4,0.25,0.9500214869328915,16.089592909704088,0.6123724356957945,1.0,26.449899673461914,10.220399856567383,0.6000000238418579
50982.0,44.0,0.0,8.0,-7.119577072762791,-6.878720925958057,-0.24085614680473366,-6.64996060521616,-0.469616467546631,-7.151318168153539,0.031741095390747986,0.27259724219548165,0.2,0.375,0.9728858347973057,15.256146302392358,0.3535533905932738,1.0,26.749900817871094,10.390399932861328,0.6000000238418579
51578.0,45.0,0.0,8.0,-6.824567629574525,-7.620734851856382,0.7961672222818574,-7.68675798095265,0.8621903513781248,-7.785069401906913,0.9605017723323881,0.16433455005053066,1.2,0.5,0.9577086672408551,12.859821149611685,0.5,1.0,26.659900665283203,10.440400123596191,0.6000000238418579
54261.0,46.0,0.0,8.0,-5.994710616272813,-6.968994929822272,0.9742843135494592,-7.123105454718269,1.1283948384454563,-7.261278241498596,1.2665676252257834,0.29228331167632415,1.2,0.375,0.9460121872928704,14.026760139105537,0.6123724356957945,1.0,26.86989974975586,10.660400390625,0.6000000238418579
55155.0,47.0,0.0,8.0,-6.2380038577421075,-7.5592377091415806,1.321233851399473,-7.445831414033798,1.20782755629169,-7.557569887938369,1.3195660301962615,-0.001667821203211517,0.6,0.5,0.9283712483186208,17.414074767267998,0.6123724356957945,1.0,27.33989906311035,10.730400085449219,0.6000000238418579
55454.0,48.0,0.0,8.0,-4.226366628884672,-4.1815824658643495,-0.04478416302032251,-4.17292586807208,-0.05344076081259175,-4.2954443125028074,0.06907768361813549,0.113861846638458,0.2,0.25,0.8397009866499144,11.597413504743201,0.5,0.9999999999999999,26.699899673461914,10.76039981842041,0.6000000238418579
58435.0,49.0,0.0,8.0,-7.670443724803685,-7.754811053919534,0.08436732911584865,-7.495741814145859,-0.17470191065782625,-7.995095463504245,0.32465173870055963,0.24028440958471098,0.2,0.375,0.9613644616952864,11.073617295175051,0.6123724356957945,1.0,27.469900131225586,11.000399589538574,0.6000000238418579
59329.0,50.0,0.0,8.0,-5.8344240618549925,-5.802477518309508,-0.03194654354548465,-5.706567867397787,-0.12785619445720542,-5.965881612116317,0.13145755026132466,0.16340409380680931,0.2,0.5,0.9534352653537299,10.198039027185569,0.5,1.0000000000000004,26.729900360107422,11.080400466918945,0.6000000238418579
60224.0,51.0,0.0,8.0,-7.270766331014529,-7.357630324476028,0.08686399346149898,-7.051684927473097,-0.21908140354143146,-7.542334718762305,0.27156838774777636,0.18470439428627738,0.2,0.375,0.9639088791154782,14.983324063771697,0.5,1.0,27.20989990234375,11.150400161743164,0.6000000238418579
61118.0,52.0,0.0,8.0,-4.531917135375952,-4.3579434513643545,-0.17397368401159774,-4.3694734434603895,-0.16244369191556274,-4.531917135375961,8.881784197001252e-15,0.17397368401160662,0.0,0.25,0.9091301519990757,19.77371993328519,0.0,1.0,26.469900131225586,11.230400085449219,0.6000000238418579
62013.0,53.0,0.0,8.0,-6.4293648464463455,-7.082685710467667,0.6533208640213211,-7.091054411172742,0.6616895647263963,-7.204090993797315,0.7747261473509699,0.12140528332964884,1.2,0.375,0.9477179123691226,15.066519173319364,0.5,0.9999999999999998,26.949899673461914,11.300399780273438,0.6000000238418579
62311.0,54.0,0.0,8.0,-7.383723704376555,-7.474151457585881,0.09042775320932606,-7.313829444868598,-0.06989425950795702,-7.605100942707478,0.2213772383309225,0.13094948512159643,0.4,0.5,0.9595851027249895,15.67242801865748,0.5,1.0000000000000002,27.509899139404297,11.32040023803711,0.6000000238418579
63205.0,55.0,0.0,8.0,-6.506561138785044,-6.801647475808964,0.2950863370239194,-6.910072353166457,0.403511214381413,-6.960032947872456,0.4534718090874117,0.1583854720634923,1.2,0.5,0.9552342663113481,16.64331697709324,0.6123724356957945,1.0,26.769899368286133,11.400400161743164,0.6000000238418579
64398.0,56.0,0.0,8.0,-6.482145339595266,-6.5638701257711265,0.08172478617586076,-6.435887096885181,-0.04625824271008483,-6.735240917945653,0.2530955783503872,0.17137079217452644,0.2,0.625,0.9537003415154228,8.724964183307574,0.3535533905932738,1.0000000000000002,26.599899291992188,11.500399589538574,0.6000000238418579
64696.0,57.0,0.0,8.0,-5.2032907431232465,-5.223552447579656,0.02026170445640929,-4.808130900964456,-0.3951598421587903,-5.297984081106053,0.09469333798280655,0.07443163352639726,0.4,0.375,0.9429946956590327,14.391837964624255,0.5,1.0,27.159900665283203,11.520400047302246,0.6000000238418579
64994.0,58.0,0.0,8.0,-8.12723845032153,-8.05169275195251,-0.07554569836901948,-7.947344933209235,-0.17989351711229418,-8.270571215256883,0.1433327649353533,0.21887846330437277,0.2,0.5,0.9645297750114122,8.154753215150045,0.7071067811865476,1.0000000000000004,26.509899139404297,11.550399780273438,0.6000000238418579
65292.0,59.0,0.0,8.0,-5.413029340394449,-5.814302256961966,0.4012729165675166,-5.490775200470938,0.07774586007648843,-5.826463289981126,0.41343394958667634,0.012161033019159717,0.6,0.25,0.9369867121613872,16.488632447841148,0.5,1.0,27.069900512695312,11.57040023803711,0.6000000238418579
66783.0,60.0,0.0,8.0,-7.1166558671758775,-7.819940053772928,0.7032841865970507,-7.497944513505104,0.3812886463292262,-7.907088154031142,0.7904322868552649,0.08714810025821418,0.4,0.5,0.9434754990004184,10.723805294763608,0.3535533905932738,1.0,18.715299606323242,6.011020183563232,1.0
68274.0,61.0,0.0,8.0,-7.020404999932783,-7.088657962824882,0.0682529628920987,-6.461859863270872,-0.5585451366619107,-7.232450536610317,0.21204553667753423,0.14379257378543553,0.4,0.5,0.9685239121787268,15.548311805466213,0.3535533905932738,1.0000000000000002,19.121299743652344,6.249020099639893,1.0
68572.0,62.0,0.0,8.0,-5.394274876806158,-5.803181270301181,0.4089063934950232,-5.412688616957089,0.018413740150931446,-5.821095068581919,0.4268201917757617,0.01791379828073847,0.6,0.25,0.9222904214289803,15.5161206491829,0.3535533905932738,1.0,18.4773006439209,6.305019855499268,1.0
72746.0,63.0,0.0,8.0,-6.72153766889664,-7.331699098264965,0.6101614293683246,-7.324362269514397,0.6028246006177573,-7.456443091694764,0.734905422798124,0.12474399342979936,1.2,0.625,0.9485068862732242,5.338539126015656,0.3535533905932738,0.9999999999999998,19.121299743652344,6.977019786834717,1.0
74535.0,64.0,0.0,8.0,-6.327321965581549,-6.197937388894382,-0.1293845766871673,-5.86955561564202,-0.45776634993952925,-6.538408487371528,0.21108652178997822,0.3404710984771455,0.2,0.375,0.9470700018203755,15.600480761822695,0.5,1.0,18.88330078125,7.27101993560791,1.0
75727.0,65.0,0.0,8.0,-6.755162325658354,-6.580456874902369,-0.17470545075598487,-6.052837183139181,-0.7023251425191726,-6.915585735109794,0.16042340945143962,0.3351288602074245,0.2,0.375,0.9656088781254354,12.90348790056394,0.3535533905932738,0.9999999999999998,18.715299606323242,7.467020034790039,1.0
76323.0,66.0,0.0,8.0,-6.83842654961065,-6.544880083010039,-0.29354646660061157,-6.309765792788459,-0.528660756822191,-6.968143354994513,0.12971680538386288,0.42326327198447444,0.2,0.5,0.9685569131511372,12.519984025548915,0.3535533905932738,0.9999999999999999,18.63129997253418,7.5650200843811035,1.0
77218.0,67.0,0.0,8.0,-7.2292477037910725,-5.24444567062803,-1.9848020331630423,-3.50222623924691,-3.7270214645441624,-7.2292477037910805,7.993605777301127e-15,1.9848020331630503,0.0,0.375,0.9656135201125623,7.73789377027108,0.6123724356957945,1.0000000000000002,19.121299743652344,7.705019950866699,1.0
80497.0,68.0,0.0,8.0,-6.451382627513327,-6.07012244214207,-0.38126018537125717,-6.253734293261836,-0.19764833425149142,-6.451382627513327,0.0,0.38126018537125717,0.0,0.25,0.9658281651150827,11.335784048754634,0.5,0.9999999999999998,19.275299072265625,8.237019538879395,1.0
81392.0,69.0,0.0,8.0,-7.7622693478136835,-7.521088828650656,-0.24118051916302718,-6.845373647459895,-0.9168957003537885,-8.044895634495987,0.2826262866823033,0.5238068058453305,0.2,0.5,0.9676512138689327,10.35615758860399,0.5,1.0,18.56130027770996,8.391019821166992,1.0
84373.0,70.0,0.0,8.0,-7.570507476702688,-7.294440086946618,-0.27606738975607037,-6.792250893280407,-0.778256583422281,-7.72115924086886,0.150651764166172,0.42671915392224236,0.2,0.375,0.9667155315427091,14.941552797483935,0.0,1.0,19.35930061340332,8.867019653320312,1.0
84970.0,71.0,0.0,8.0,-6.693397947301712,-6.2408264278262475,-0.45257151947546426,-5.717681660778783,-0.9757162865229292,-6.693397947301698,-1.4210854715202004e-14,0.45257151947545005,0.0,0.375,0.9782534903302744,13.955285736952863,0.5,1.0,19.2893009185791,8.965020179748535,1.0
85864.0,72.0,0.0,8.0,-6.7332266638729195,-6.631121447990617,-0.10210521588230215,-6.803300096779603,0.07007343290668366,-7.071225187209876,0.3379985233369567,0.4401037392192588,1.2,0.5,0.9690255176101478,12.62933094031509,0.5,1.0,18.56130027770996,9.119020462036133,1.0
86460.0,73.0,0.0,8.0,-6.052135129105697,-5.184074938887888,-0.8680601902178084,-5.084899980470194,-0.9672351486355026,-6.052135129105691,-5.329070518200751e-15,0.8680601902178031,0.0,0.25,0.946002558083896,16.98528775146303,0.6123724356957945,1.0000000000000004,18.4773006439209,9.217020034790039,1.0
86758.0,74.0,0.0,8.0,-7.9209529934105705,-7.623008511337442,-0.2979444820731283,-7.1321334155366465,-0.788819577873924,-8.090644018647424,0.16969102523685375,0.46763550730998205,0.2,0.375,0.9676031061672102,13.932874793092774,0.6123724356957945,0.9999999999999997,19.03730010986328,9.25901985168457,1.0
87355.0,75.0,0.0,8.0,-7.35637998180541,-7.052856763114209,-0.30352321869120047,-6.718784542557752,-0.6375954392476579,-7.526210499758274,0.16983051795286386,0.4733537366440643,0.2,0.5,0.9763254277275256,14.300349646075091,0.5,0.9999999999999998,18.967300415039062,9.357020378112793,1.0
88547.0,76.0,0.0,8.0,-6.2414546183478645,-5.8340752835716625,-0.40737933477620203,-5.831773464221598,-0.4096811541262664,-6.241454618347861,-3.552713678800501e-15,0.4073793347761985,0.0,0.25,0.9698357518929936,17.363755354185336,0.6123724356957945,1.0,18.799299240112305,9.553019523620605,1.0
91529.0,77.0,0.0,8.0,-6.617283661625467,-6.011101855755698,-0.6061818058697686,-6.1241825257706335,-0.4931011358548334,-6.617283661625457,-9.769962616701378e-15,0.6061818058697588,0.0,0.25,0.9525521934911291,21.18372016431486,0.6123724356957945,0.9999999999999999,18.40730094909668,10.043000221252441,1.0
94510.0,78.0,0.0,8.0,-6.835811887618385,-6.932690607754786,0.09687872013640142,-6.750392446780706,-0.08541944083767827,-7.040497916205242,0.20468602858685703,0.10780730845045561,0.4,0.5,0.9710595135598636,14.062361110425233,0.7071067811865476,1.0,19.205299377441406,10.519000053405762,1.0
96299.0,79.0,0.0,8.0,-8.14326728609958,-7.149521023530438,-0.9937462625691413,-6.7835567306266,-1.3597105554729794,-8.14326728609956,-1.9539925233402755e-14,0.9937462625691218,0.0,0.5,0.9771265013651828,7.929375763576853,0.5,0.9999999999999996,18.967300415039062,10.812999725341797,1.0
97491.0,80.0,0.0,8.0,-7.6977146104634695,-7.077676352264786,-0.6200382581986839,-6.285959855760115,-1.4117547547033542,-7.847097210038035,0.14938259957456523,0.7694208577732491,0.2,0.375,0.9611091577067236,13.393095235978874,0.3535533905932738,0.9999999999999998,18.799299240112305,11.008999824523926,1.0
98088.0,81.0,0.0,8.0,-5.925918570949328,-6.598523077988557,0.672604507039229,-6.4147055652428,0.4887869942934717,-6.600176154755938,0.67425758380661,0.0016530767673810232,0.6,0.375,0.9305036635188667,12.869537676233751,0.6123724356957945,0.9999999999999998,18.729299545288086,11.107000350952148,1.0
98386.0,82.0,0.0,8.0,-7.4785893753865675,-6.9376478672064055,-0.5409415081801621,-6.938569767302273,-0.5400196080842949,-7.478589375386581,1.3322676295501878e-14,0.5409415081801754,0.0,0.375,0.9755047623787602,10.62426468043789,0.6123724356957945,0.9999999999999999,19.2893009185791,11.14900016784668,1.0
99578.0,83.0,0.0,8.0,-5.9444501843868105,-6.093077651414406,0.14862746702759555,-5.757696576202526,-0.18675360818428466,-6.204492476058434,0.2600422916716232,0.11141482464402763,0.4,0.375,0.9489853327913447,16.97056274847714,0.3535533905932738,1.0,19.121299743652344,11.345000267028809,1.0
99877.0,84.0,0.0,8.0,-6.899686559385902,-7.159327789854254,0.2596412304683522,-6.891286428727463,-0.008400130658438698,-7.325918128076559,0.4262315686906568,0.16659033822230462,0.4,0.625,0.9430990574529612,9.772410142846033,0.6123724356957945,1.0,18.491300582885742,11.401000022888184,1.0
100175.0,85.0,0.0,8.0,-5.7345906109675715,-5.789849523595509,0.05525891262793792,-5.892100552920776,0.15750994195320445,-5.9941019966637,0.2595113856961282,0.20425247306819028,1.2,0.375,0.8989252894454925,12.45491870708115,0.5,1.0,19.051300048828125,11.442999839782715,1.0
100473.0,86.0,0.0,8.0,-5.9655003079218885,-6.0946999433016185,0.12919963537973,-6.326701489900078,0.3612011819781893,-6.489379211688106,0.5238789037662173,0.39467926838648726,1.2,0.375,0.965714734189356,11.017032268265352,0.3535533905932738,0.9999999999999998,18.40730094909668,11.49899959564209,1.0
101069.0,87.0,0.0,8.0,-6.120398583279577,-5.746210801583903,-0.37418778169567446,-4.989687792243495,-1.1307107910360825,-6.170256838160386,0.04985825488080842,0.4240460365764829,0.2,0.375,0.9659017040910397,9.89317946870469,0.6123724356957945,0.9999999999999999,19.527299880981445,11.583000183105469,1.0
102262.0,88.0,0.0,8.0,-6.4575396447554665,-6.2492766140724,-0.2082630306830664,-5.468874013225928,-0.9886656315295381,-6.590788275382727,0.13324863062726067,0.34151166131032706,0.2,0.25,0.9551988183526946,13.110110602126895,0.5,1.0,19.373300552368164,11.779000282287598,1.0
106137.0,89.0,0.0,8.0,-4.768281655637322,-4.609850388641006,-0.15843126699631593,-4.6690268621313855,-0.09925479350593669,-4.768281655637315,-7.105427357601002e-15,0.15843126699630883,0.0,0.25,0.9308090075619401,14.071247279470288,0.5,1.0,19.443300247192383,12.409000396728516,1.0
106436.0,90.0,0.0,8.0,-6.311447335268739,-6.194262020522979,-0.11718531474576022,-5.941787472948464,-0.36965986232027515,-6.378912751887517,0.06746541661877803,0.18465073136453825,0.2,0.375,0.9728294515106441,14.44385682565429,0.7071067811865476,1.0,18.81329917907715,12.46500015258789,1.0
107628.0,91.0,0.0,8.0,-5.765177539885208,-5.664885938877376,-0.1002916010078323,-5.312385804654238,-0.4527917352309698,-5.92048703742365,0.15530949753844148,0.2556010985462738,0.2,0.375,0.9558258067236798,13.0862523283024,0.5,0.9999999999999998,18.645299911499023,12.66100025177002,1.0
108821.0,92.0,0.0,8.0,-6.371077585924768,-6.870626392229363,0.4995488063045954,-6.463856612824692,0.09277902689992423,-6.877723313245541,0.5066457273207732,0.00709692101617776,0.6,0.5,0.9540957044400671,7.810249675906654,0.0,0.9999999999999999,18.491300582885742,12.857000350952148,1.0
109119.0,93.0,0.0,8.0,-6.677468928529588,-6.851258018204094,0.17378908967450624,-6.881685269923919,0.2042163413943312,-7.052658227081814,0.37518929855222627,0.20140020887772003,1.2,0.5,0.960638630555551,3.122498999199199,0.5,1.0,19.051300048828125,12.89900016784668,1.0
109715.0,94.0,0.0,8.0,-6.028509462821704,-6.97949057909331,0.9509811162716062,-6.501465822931808,0.47295636011010345,-6.976009396506809,0.9474999336851049,-0.003481182586501319,0.6,0.25,0.9498839599704475,15.972632844963288,0.6123724356957945,0.9999999999999999,18.967300415039062,12.996999740600586,1.0
112100.0,95.0,0.0,8.0,-5.976843852924366,-6.146732117539151,0.16988826461478457,-5.5729470199308215,-0.40389683299354484,-6.280862989363226,0.3040191364388596,0.13413087182407502,0.4,0.375,0.9139657738619632,16.658331248957683,0.5,1.0000000000000002,18.645299911499023,13.388999938964844,1.0
115976.0,96.0,0.0,8.0,-6.984713028188404,-7.345762436174597,0.3610494079861928,-6.813728681426791,-0.170984346761613,-7.589742515728199,0.6050294875397952,0.24398007955360246,0.4,0.375,0.9390687169571764,8.507349763586777,0.6123724356957945,1.0,18.729299545288086,14.019000053405762,1.0
116274.0,97.0,0.0,8.0,-7.307035449703346,-7.486381808464221,0.179346358760875,-7.554745872887066,0.2477104231837206,-7.863480634558196,0.5564451848548506,0.3770988260939756,1.2,0.625,0.9557896196177487,14.089002803605371,0.5,1.0,19.2893009185791,14.060999870300293,1.0
116572.0,98.0,0.0,8.0,-5.010635160060296,-5.507325718315908,0.4966905582556116,-4.2262913253951915,-0.7843438346651048,-5.529944315578987,0.5193091555186911,0.022618597263079465,0.6,0.25,0.9137217940438184,21.60150457722795,0.3535533905932738,0.9999999999999998,18.645299911499023,14.116999626159668,1.0
118361.0,99.0,0.0,8.0,-5.871602180299616,-6.835002257521858,0.963400077222242,-6.837869056078193,0.9662668757785768,-6.87573253462518,1.0041303543255635,0.040730277103321555,1.2,0.5,0.9336392531018718,15.016657417681207,0.3535533905932738,1.0000000000000002,18.40730094909668,14.41100025177002,1.0
298.0,0.0,0.0,16.0,-4.396421526255655,-4.559772906064788,0.16335137980913306,-4.680040462323253,0.28361893606759825,-4.680836843565473,0.2844153173098176,0.12106393750068456,1.2,0.3125,0.9402579972728444,14.75211849193193,0.5,0.9999999999999999,26.899900436401367,6.200439929962158,0.6000000238418579
1192.0,1.0,0.0,16.0,-4.651311701837502,-4.5444747619667245,-0.10683693987077714,-4.541815473020227,-0.1094962288172745,-4.6622536780455235,0.010941976208021842,0.11777891607879898,0.2,0.3125,0.9435581346347178,13.842868199907128,0.4330127018922193,0.9999999999999999,27.36989974975586,6.270440101623535,0.6000000238418579
2385.0,2.0,0.0,16.0,-4.62736426416713,-4.363014298458332,-0.26434996570879754,-4.2586683726783905,-0.3686958914887395,-4.633923979407647,0.006559715240516795,0.27090968094931434,0.2,0.375,0.9812584818748465,15.153382460691738,0.5590169943749475,0.9999999999999999,27.199899673461914,6.3704400062561035,0.6000000238418579
4472.0,3.0,0.0,16.0,-4.75621021454667,-5.0818011898018325,0.3255909752551629,-5.099857252494272,0.3436470379476022,-5.168145296539671,0.41193508199300144,0.08634410673783854,1.2,0.3125,0.9521030296231471,11.357816691600547,0.3535533905932738,1.0,27.499900817871094,6.540440082550049,0.6000000238418579
4770.0,4.0,0.0,16.0,-4.340089896870946,-3.995872941169072,-0.3442169557018744,-4.128162916809402,-0.21192698006154398,-4.340089896870944,-2.6645352591003757e-15,0.3442169557018717,0.0,0.1875,0.9489887879681682,13.372079120316332,0.5590169943749475,1.0000000000000004,26.849899291992188,6.57043981552124,0.6000000238418579
8049.0,5.0,0.0,16.0,-4.593164225830541,-4.15623450476788,-0.43692972106266037,-4.254662856034731,-0.3385013697958099,-4.593164225830517,-2.398081733190338e-14,0.4369297210626364,0.0,0.1875,0.9358271202628865,15.17810923666054,0.5,1.0,26.969900131225586,6.840439796447754,0.6000000238418579
10733.0,6.0,0.0,16.0,-5.252228601040262,-5.000463833403983,-0.25176476763627864,-4.89717977912313,-0.3550488219171317,-5.281770279869362,0.029541678829100526,0.28130644646537917,0.2,0.375,0.9411050782133943,13.242922638149027,0.6123724356957945,0.9999999999999998,27.189899444580078,7.0604400634765625,0.6000000238418579
11031.0,7.0,0.0,16.0,-3.27957739917373,-3.3630726141893112,0.08349521501558144,-3.114388617297388,-0.165188781876342,-3.3840166267911567,0.10443922761742686,0.02094401260184542,0.4,0.125,0.9520076467767306,16.24807680927192,0.25,1.0,26.539899826049805,7.090439796447754,0.6000000238418579
12223.0,8.0,0.0,16.0,-4.380977584208102,-3.9877612754211005,-0.39321630878700153,-4.031966563716857,-0.3490110204912451,-4.380977584208098,-4.440892098500626e-15,0.3932163087869971,0.0,0.25,0.9670502692299404,14.947825928876748,0.5,1.0,26.359899520874023,7.1904401779174805,0.6000000238418579
13714.0,9.0,0.0,16.0,-4.1423992401569825,-4.201650013432803,0.059250773275820734,-4.248583899668137,0.10618465951115486,-4.350068678190093,0.20766943803311033,0.1484186647572896,1.2,0.3125,0.9765757984098083,14.385322380815802,0.6123724356957945,0.9999999999999998,26.749900817871094,7.3104400634765625,0.6000000238418579
15503.0,10.0,0.0,16.0,-3.6720088392911343,-3.0600591009856695,-0.6119497383054648,-3.100201189151171,-0.5718076501399634,-3.672008839291138,3.552713678800501e-15,0.6119497383054684,0.0,0.25,0.940724279004201,14.324367350776788,0.5590169943749475,1.0,26.489900588989258,7.460440158843994,0.6000000238418579
15801.0,11.0,0.0,16.0,-3.5547860111936505,-3.084106320978975,-0.47067969021467526,-3.0427413125405076,-0.5120446986531428,-3.55478601119364,-1.0658141036401503e-14,0.4706796902146646,0.0,0.1875,0.9542997393771788,12.579745625409124,0.5,0.9999999999999998,27.04990005493164,7.480440139770508,0.6000000238418579
17292.0,12.0,0.0,16.0,-4.907581850336538,-5.010646338629517,0.1030644882929792,-5.015160468407826,0.10757861807128855,-5.091360969765435,0.18377911942889735,0.08071463113591815,1.2,0.4375,0.9687528872092542,13.946325680981353,0.4330127018922193,1.0000000000000002,27.439899444580078,7.60044002532959,0.6000000238418579
17590.0,13.0,0.0,16.0,-3.767577210384916,-3.31645120591949,-0.4511260044654257,-3.373268199561265,-0.3943090108236511,-3.7675772103849203,4.440892098500626e-15,0.45112600446543016,0.0,0.25,0.9393215542864958,15.22128443988877,0.5,1.0,26.789899826049805,7.6304402351379395,0.6000000238418579
18484.0,14.0,0.0,16.0,-4.6216588967077605,-4.3785930878886585,-0.243065808819102,-4.003759868832194,-0.6178990278755663,-4.6233053818009235,0.0016464850931630082,0.244712293912265,0.2,0.375,0.9485305904933036,10.571187255932987,0.5590169943749475,1.0,27.259899139404297,7.700439929962158,0.6000000238418579
18782.0,15.0,0.0,16.0,-3.992543950482055,-3.96361366515094,-0.028930285331114636,-4.140354080752871,0.14781013027081658,-4.312461339417616,0.3199173889355609,0.3488476742666755,1.2,0.25,0.957456137258303,16.64331697709324,0.4330127018922193,1.0,26.609899520874023,7.730440139770508,0.6000000238418579
19080.0,16.0,0.0,16.0,-4.5731732807515035,-4.799715199210444,0.22654191845894012,-4.886935048079754,0.31376176732825023,-5.008265219178247,0.4350919384267433,0.2085500199678032,1.2,0.5,0.9520081799968019,13.997767679169419,0.25,1.0,27.16990089416504,7.7504401206970215,0.6000000238418579
20869.0,17.0,0.0,16.0,-4.9562801209337,-4.740014374585052,-0.2162657463486477,-4.383028819603728,-0.5732513013299716,-4.956280120933705,5.329070518200751e-15,0.21626574634865303,0.0,0.3125,0.9562247040508963,14.92690523852818,0.3535533905932738,0.9999999999999999,26.909900665283203,7.900440216064453,0.6000000238418579
21167.0,18.0,0.0,16.0,-3.1863143975289576,-2.9648550447317366,-0.22145935279722107,-3.0203650358702934,-0.16594936165866425,-3.186314397528945,-1.2434497875801753e-14,0.22145935279720863,0.0,0.4375,0.9654136919355849,13.145816825134906,0.0,0.9999999999999999,27.469900131225586,7.920440196990967,0.6000000238418579
22360.0,19.0,0.0,16.0,-4.94454573759741,-5.406212066799901,0.4616663292024912,-5.18431554594771,0.23976980835030037,-5.4917209208788105,0.5471751832814009,0.08550885407890974,0.4,0.375,0.9415683234349558,8.13557004763649,0.5,0.9999999999999997,27.29990005493164,8.020440101623535,0.6000000238418579
22658.0,20.0,0.0,16.0,-4.225176874049913,-3.8818869026608187,-0.343289971389094,-3.891063181212104,-0.3341136928378088,-4.225176874049908,-4.440892098500626e-15,0.34328997138908957,0.0,0.25,0.9541591745408986,13.96424004376894,0.5,1.0,26.649900436401367,8.050439834594727,0.6000000238418579
23254.0,21.0,0.0,16.0,-4.343501646253694,-4.647873477760483,0.30437183150678937,-4.963260220466136,0.6197585742124421,-5.253310064965643,0.9098084187119486,0.6054365872051592,1.2,0.3125,0.9679140501232613,14.884975646604197,0.3535533905932738,1.0000000000000002,26.559900283813477,8.10044002532959,0.6000000238418579
25341.0,22.0,0.0,16.0,-3.4730340015432244,-3.0205587874111033,-0.4524752141321211,-3.0170590414403353,-0.45597496010288907,-3.473034001543221,-3.552713678800501e-15,0.45247521413211755,0.0,0.125,0.9354886025669268,15.0996688705415,0.4330127018922193,1.0,26.859899520874023,8.270440101623535,0.6000000238418579
26236.0,23.0,0.0,16.0,-4.740918480920223,-4.989311014265385,0.24839253334516176,-5.0570021327346755,0.3160836518144521,-5.2436184644857775,0.5026999835655541,0.25430745022039236,1.2,0.25,0.9509949500508738,15.71822190961815,0.25,0.9999999999999998,27.33989906311035,8.340439796447754,0.6000000238418579
26534.0,24.0,0.0,16.0,-3.716799674845362,-3.5690865898725925,-0.14771308497276925,-3.565503447663811,-0.15129622718155078,-3.735993699976765,0.019194025131403336,0.16690711010417258,0.2,0.3125,0.9567458207478098,13.603767860412791,0.5590169943749475,1.0,26.689899444580078,8.370439529418945,0.6000000238418579
27428.0,25.0,0.0,16.0,-4.123202895302872,-3.864181505995137,-0.25902138930773466,-3.357744670557317,-0.7654582247455548,-4.12320289530287,-1.7763568394002505e-15,0.2590213893077329,0.0,0.3125,0.938644206564626,14.064583179035203,0.6123724356957945,1.0,27.159900665283203,8.44044017791748,0.6000000238418579
30112.0,26.0,0.0,16.0,-3.5784283943338506,-3.5652546838625945,-0.01317371047125615,-3.570439027980284,-0.00798936635356684,-3.6434028496727704,0.06497445533891977,0.07814816581017592,1.2,0.3125,0.9535733744982009,17.05505790081054,0.3535533905932738,1.0,27.379899978637695,8.660440444946289,0.6000000238418579
30410.0,27.0,0.0,16.0,-3.390139813531267,-3.246908102087081,-0.1432317114441859,-3.307331198460264,-0.08280861507100301,-3.4414806079181046,0.05134079438683781,0.1945725058310237,1.2,0.25,0.9775751576022726,13.007209539328564,0.5,1.0000000000000002,26.729900360107422,8.69044017791748,0.6000000238418579
32199.0,28.0,0.0,16.0,-4.591704810627232,-4.490661498268147,-0.10104331235908504,-4.521477030755678,-0.07022777987155404,-4.591704810627239,7.105427357601002e-15,0.10104331235909214,0.0,0.4375,0.9710439044140432,12.142384444580891,0.3535533905932738,1.0,26.469900131225586,8.840439796447754,0.6000000238418579
32497.0,29.0,0.0,16.0,-4.590133154843203,-4.132281798109309,-0.45785135673389377,-4.176225282253354,-0.4139078725898493,-4.590133154843184,-1.865174681370263e-14,0.4578513567338751,0.0,0.4375,0.9700059303736798,11.546103238755489,0.3535533905932738,1.0000000000000002,27.02989959716797,8.860440254211426,0.6000000238418579
33093.0,30.0,0.0,16.0,-4.0691190407506035,-3.8618940548055525,-0.207224985945051,-3.9455406485948954,-0.1235783921557081,-4.069119040750596,-7.105427357601002e-15,0.2072249859450439,0.0,0.375,0.9626840073049733,10.940178243520533,0.5590169943749475,1.0000000000000002,26.939899444580078,8.910440444946289,0.6000000238418579
33391.0,31.0,0.0,16.0,-3.824841845242383,-3.849287793362524,0.024445948120141114,-3.892836271306242,0.06799442606385897,-3.9699838751418435,0.14514202989946057,0.12069608177931945,1.2,0.25,0.9463037540122926,11.656543226874767,0.6123724356957945,1.0,27.499900817871094,8.930439949035645,0.6000000238418579
34286.0,32.0,0.0,16.0,-4.056538174261893,-4.272129551851211,0.2155913775893179,-4.154954945575704,0.09841677131381132,-4.276932334959493,0.22039416069760076,0.00480278310828286,0.6,0.4375,0.9493255596219924,10.562315087138805,0.6123724356957945,1.0,26.769899368286133,9.0104398727417,0.6000000238418579
36969.0,33.0,0.0,16.0,-3.6421278474158973,-3.4555281447036728,-0.1865997027122246,-3.4834559420742615,-0.1586719053416359,-3.6421278474158933,-3.9968028886505635e-15,0.1865997027122206,0.0,0.375,0.9486989613737972,15.66445019782054,0.4330127018922193,1.0,26.979900360107422,9.230440139770508,0.6000000238418579
37565.0,34.0,0.0,16.0,-4.068234064366527,-3.6581156944137905,-0.4101183699527362,-3.65999865302133,-0.4082354113451965,-4.068234064366523,-3.552713678800501e-15,0.41011836995273265,0.0,0.3125,0.9627206454601022,13.379088160259652,0.5590169943749475,0.9999999999999999,26.88990020751953,9.280440330505371,0.6000000238418579
38758.0,35.0,0.0,16.0,-4.00088686819332,-4.407850234584733,0.4069633663914125,-4.385171898377865,0.38428503018454485,-4.412979718470567,0.4120928502772463,0.0051294838858337855,0.8,0.25,0.9044694983151248,14.077908225301087,0.7071067811865476,1.0,26.719900131225586,9.380439758300781,0.6000000238418579
41739.0,36.0,0.0,16.0,-4.551243435077736,-5.06042689659862,0.5091834615208839,-5.09997701347093,0.5487335783931941,-5.179782892902961,0.6285394578252248,0.1193559963043409,1.2,0.375,0.9399259372527176,17.313289693180785,0.3535533905932738,1.0,27.489900588989258,9.620439529418945,0.6000000238418579
42634.0,37.0,0.0,16.0,-4.556221031532376,-4.553980933553975,-0.002240097978400968,-4.662027070041218,0.10580603850884263,-4.758406788437718,0.20218575690534202,0.20442585488374299,1.2,0.25,0.9577587203120177,18.411952639521967,0.4330127018922193,0.9999999999999998,26.759899139404297,9.700440406799316,0.6000000238418579
42932.0,38.0,0.0,16.0,-3.6514934751424395,-3.590404196066883,-0.06108927907555639,-3.620103135910001,-0.03139033923243861,-3.680711146487396,0.029217671344956564,0.09030695042051295,1.2,0.375,0.9770965082576348,17.175564037317667,0.6123724356957945,1.0,27.319900512695312,9.720439910888672,0.6000000238418579
43230.0,39.0,0.0,16.0,-4.218885077814678,-3.961697393704383,-0.2571876841102947,-3.785962423062572,-0.43292265475210545,-4.262041529281257,0.043156451466579426,0.3003441355768741,0.2,0.375,0.9517944102627219,14.688430821568382,0.4330127018922193,1.0000000000000002,26.66990089416504,9.750439643859863,0.6000000238418579
43826.0,40.0,0.0,16.0,-3.6508093835087414,-3.596908520721139,-0.05390086278760231,-3.75277761222367,0.10196822871492861,-3.969735738307273,0.3189263547985317,0.372827217586134,1.2,0.3125,0.9686684649762657,11.169153951844338,0.5,1.0000000000000004,26.57990074157715,9.800439834594727,0.6000000238418579
45317.0,41.0,0.0,16.0,-3.9194022441096994,-3.501584343746449,-0.4178179003632505,-3.4016328636162307,-0.5177693804934687,-3.9194022441096976,-1.7763568394002505e-15,0.41781790036324873,0.0,0.25,0.967482887916327,12.634278768493278,0.4330127018922193,1.0,26.969900131225586,9.920439720153809,0.6000000238418579
48000.0,42.0,0.0,16.0,-4.728570467072568,-5.057934763424212,0.32936429635164455,-5.007160442112369,0.2785899750398011,-5.067966164466425,0.339395697393857,0.010031401042212451,0.4,0.3125,0.9493345008909622,11.667261889578034,0.5590169943749475,1.0000000000000004,27.179899215698242,10.140399932861328,0.6000000238418579
48895.0,43.0,0.0,16.0,-4.203669773248539,-4.2873396245729065,0.08366985132436788,-4.1275027339235875,-0.07616703932495117,-4.3264960204865295,0.12282624723799085,0.039156395913622966,0.4,0.3125,0.9623454956439141,11.92948029044015,0.5590169943749475,1.0,26.449899673461914,10.220399856567383,0.6000000238418579
50982.0,44.0,0.0,16.0,-4.575340224735383,-4.203499874257941,-0.37184035047744235,-4.138266726746212,-0.4370734979891706,-4.575340224735381,-1.7763568394002505e-15,0.3718403504774406,0.0,0.3125,0.9756019155402063,11.45916663636584,0.5,1.0,26.749900817871094,10.390399932861328,0.6000000238418579
51578.0,45.0,0.0,16.0,-4.0717098607806825,-4.045956261611625,-0.025753599169057395,-4.023536942393007,-0.048172918387675345,-4.141555027261219,0.06984516648053685,0.09559876564959424,0.2,0.25,0.9583972530522012,15.13481086766531,0.5590169943749475,1.0,26.659900665283203,10.440400123596191,0.6000000238418579
54261.0,46.0,0.0,16.0,-3.680908235387083,-3.9010630654904563,0.22015483010337356,-4.057035263530231,0.3761270281431486,-4.258916908619255,0.5780086732321719,0.3578538431287983,1.2,0.25,0.9463568742240978,17.573061770789973,0.5,1.0,26.86989974975586,10.660400390625,0.6000000238418579
55155.0,47.0,0.0,16.0,-4.603333442345054,-4.440652353055969,-0.16268108928908465,-4.410783200146517,-0.19255024219853745,-4.654198556664427,0.05086511431937257,0.21354620360845722,0.2,0.3125,0.9568523750738048,13.63359820443598,0.4330127018922193,1.0,27.33989906311035,10.730400085449219,0.6000000238418579
55454.0,48.0,0.0,16.0,-3.0500963134086905,-2.9634788272400354,-0.08661748616865506,-3.0152541491440195,-0.034842164264671016,-3.137577981504598,0.0874816680959074,0.17409915426456246,1.2,0.3125,0.9372964970984845,12.619429464123963,0.5,0.9999999999999999,26.699899673461914,10.76039981842041,0.6000000238418579
58435.0,49.0,0.0,16.0,-4.946956763445898,-4.862707116646213,-0.08424964679968472,-4.740463039625358,-0.20649372382053954,-5.054498592484359,0.10754182903846132,0.19179147583814604,0.2,0.1875,0.9616337381716815,13.028814220795383,0.7071067811865476,1.0,27.469900131225586,11.000399589538574,0.6000000238418579
59329.0,50.0,0.0,16.0,-3.1853887597626827,-2.9203856591565733,-0.2650031006061093,-2.880545340251472,-0.30484341951121063,-3.1853887597626915,8.881784197001252e-15,0.2650031006061182,0.0,0.375,0.9546630710129775,14.181854603682835,0.4330127018922193,1.0000000000000004,26.729900360107422,11.080400466918945,0.6000000238418579
60224.0,51.0,0.0,16.0,-4.659506710789262,-4.446905921027862,-0.2126007897613995,-4.266873794410767,-0.39263291637849473,-4.704189458436618,0.04468274764735636,0.25728353740875587,0.2,0.3125,0.9668137467914939,14.914338738274655,0.5,1.0,27.20989990234375,11.150400161743164,0.6000000238418579
61118.0,52.0,0.0,16.0,-2.8085638399261814,-2.3799862545070476,-0.4285775854191338,-2.3616403403895934,-0.44692349953658805,-2.8085638399261748,-6.661338147750939e-15,0.42857758541912716,0.0,0.25,0.9113826418482469,16.952138508164687,0.4330127018922193,1.0,26.469900131225586,11.230400085449219,0.6000000238418579
62013.0,53.0,0.0,16.0,-4.221117452479132,-4.403607495897456,0.18249004341832364,-4.44711573544716,0.22599828296802826,-4.580194944952562,0.3590774924734301,0.17658744905510648,1.2,0.1875,0.9482504817898316,17.679437208237143,0.4330127018922193,0.9999999999999998,26.949899673461914,11.300399780273438,0.6000000238418579
62311.0,54.0,0.0,16.0,-4.595377846459378,-4.322654284583888,-0.2727235618754902,-4.29373823579528,-0.3016396106640986,-4.595377846459368,-9.769962616701378e-15,0.2727235618754804,0.0,0.25,0.960551244013499,14.135504943227179,0.6123724356957945,1.0000000000000002,27.509899139404297,11.32040023803711,0.6000000238418579
63205.0,55.0,0.0,16.0,-4.526012487801211,-4.381084582760978,-0.144927905040233,-4.474788906808258,-0.051223580992952655,-4.568599310384892,0.04258682258368118,0.1875147276239142,1.2,0.25,0.9556325602927075,17.505356323137214,0.4330127018922193,1.0,26.769899368286133,11.400400161743164,0.6000000238418579
64398.0,56.0,0.0,16.0,-4.075326692008751,-3.959792499306759,-0.11553419270199239,-3.972960863618509,-0.102365828390242,-4.0996751590821825,0.0243484670734313,0.1398826597754237,0.2,0.4375,0.973264867236734,9.56229574945264,0.5590169943749475,1.0000000000000002,26.599899291992188,11.500399589538574,0.6000000238418579
64696.0,57.0,0.0,16.0,-3.2587884269309857,-3.093755561467847,-0.16503286546313856,-2.8472174559476935,-0.4115709709832922,-3.2587884269309892,3.552713678800501e-15,0.1650328654631421,0.0,0.25,0.9473786789026843,13.451301052314605,0.6123724356957945,1.0,27.159900665283203,11.520400047302246,0.6000000238418579
64994.0,58.0,0.0,16.0,-5.429197942644594,-5.305373561576735,-0.12382438106785898,-5.39858437120569,-0.030613571438903975,-5.527966305698529,0.0987683630539351,0.22259274412179408,1.2,0.375,0.9754912570798236,13.145816825134906,0.4330127018922193,1.0000000000000004,26.509899139404297,11.550399780273438,0.6000000238418579
65292.0,59.0,0.0,16.0,-3.7548240674025513,-3.4433271316405607,-0.31149693576199056,-3.4805310416436823,-0.27429302575886894,-3.7548240674025575,6.217248937900877e-15,0.3114969357619968,0.0,0.25,0.9521696807454758,15.081031131855672,0.25,1.0,27.069900512695312,11.57040023803711,0.6000000238418579
66783.0,60.0,0.0,16.0,-4.534158089556607,-4.3399910627424925,-0.19416702681411468,-4.48540710038284,-0.04875098917376697,-4.728377763008865,0.19421967345225788,0.38838670026637256,1.2,0.375,0.9569314739182978,15.773791554347357,0.5,1.0,18.715299606323242,6.011020183563232,1.0
68274.0,61.0,0.0,16.0,-4.633352877705671,-4.429991014471252,-0.20336186323441918,-4.137099125798947,-0.49625375190672383,-4.633352877705653,-1.7763568394002505e-14,0.20336186323440142,0.0,0.375,0.9727680459935143,15.299101280794241,0.7071067811865476,1.0000000000000002,19.121299743652344,6.249020099639893,1.0
68572.0,62.0,0.0,16.0,-3.5568297582709283,-3.480775700430298,-0.07605405784063013,-3.2367756806135013,-0.320054077657427,-3.6312151410067712,0.07438538273584294,0.15043944057647307,0.2,0.1875,0.932388410647047,15.793590472087086,0.5,1.0,18.4773006439209,6.305019855499268,1.0
72746.0,63.0,0.0,16.0,-4.793253774627451,-4.359753235811428,-0.43350053881602335,-4.211247201438067,-0.5820065731893838,-4.793253774627434,-1.687538997430238e-14,0.4335005388160065,0.0,0.375,0.9740277204948414,13.926144477205455,0.4330127018922193,0.9999999999999998,19.121299743652344,6.977019786834717,1.0
74535.0,64.0,0.0,16.0,-4.290306979443051,-3.991809823222601,-0.29849715622045014,-3.84964033988207,-0.4406666395609813,-4.290306979443056,4.440892098500626e-15,0.2984971562204546,0.0,0.25,0.9475682608128957,15.81731646013318,0.4330127018922193,1.0,18.88330078125,7.27101993560791,1.0
75727.0,65.0,0.0,16.0,-4.402720164256334,-4.248306220037682,-0.1544139442186525,-4.082478857132525,-0.32024130712380927,-4.402720164256334,0.0,0.1544139442186525,0.0,0.25,0.9666682231062047,15.461646096066227,0.5590169943749475,0.9999999999999998,18.715299606323242,7.467020034790039,1.0
76323.0,66.0,0.0,16.0,-4.089458171821485,-3.565935545841747,-0.5235226259797376,-3.493059668034715,-0.5963985037867698,-4.0894581718215015,1.687538997430238e-14,0.5235226259797545,0.0,0.3125,0.9701043998432743,11.62432793756267,0.6123724356957945,0.9999999999999999,18.63129997253418,7.5650200843811035,1.0
77218.0,67.0,0.0,16.0,-4.94518619574379,-3.741203823351773,-1.2039823723920167,-2.4879955839573884,-2.4571906117864013,-4.9451861957438075,1.7763568394002505e-14,1.2039823723920344,0.0,0.3125,0.966242156294138,9.836157786453,0.4330127018922193,1.0000000000000002,19.121299743652344,7.705019950866699,1.0
80497.0,68.0,0.0,16.0,-4.2164865493314725,-3.9288715214351653,-0.2876150278963072,-4.061673801606808,-0.15481274772466413,-4.216486549331467,-5.329070518200751e-15,0.2876150278963019,0.0,0.125,0.9664431412121854,10.723805294763608,0.5590169943749475,0.9999999999999998,19.275299072265625,8.237019538879395,1.0
81392.0,69.0,0.0,16.0,-5.026042561508194,-4.909583015775356,-0.11645954573283834,-4.905981043582902,-0.12006151792529174,-5.0756366762798795,0.049594114771685405,0.16605366050452375,0.2,0.4375,0.9716979025130489,8.782084035125148,0.7071067811865476,1.0,18.56130027770996,8.391019821166992,1.0
84373.0,70.0,0.0,16.0,-5.069992066811494,-4.377937539686011,-0.6920545271254834,-4.039719838759353,-1.0302722280521408,-5.069992066811489,-5.329070518200751e-15,0.6920545271254781,0.0,0.25,0.9671414272251773,13.959763608313716,0.5590169943749475,1.0,19.35930061340332,8.867019653320312,1.0
84970.0,71.0,0.0,16.0,-4.27708086604307,-3.868041008986804,-0.4090398570562659,-3.6399414487031114,-0.6371394173399585,-4.277080866043067,-2.6645352591003757e-15,0.4090398570562632,0.0,0.375,0.9792910323701224,12.349089035228468,0.4330127018922193,1.0,19.2893009185791,8.965020179748535,1.0
85864.0,72.0,0.0,16.0,-4.467266326972468,-4.265738280890159,-0.20152804608230923,-4.3029694623994255,-0.1642968645730427,-4.4814390970868665,0.014172770114398325,0.21570081619670756,1.2,0.5,0.972955481122877,13.06474263045392,0.5,1.0,18.56130027770996,9.119020462036133,1.0
86460.0,73.0,0.0,16.0,-4.280690127920632,-3.623846115360645,-0.6568440125599873,-3.561638087500803,-0.7190520404198293,-4.280690127920623,-8.881784197001252e-15,0.6568440125599784,0.0,0.1875,0.9551740582960351,16.62265020987929,0.5,1.0000000000000004,18.4773006439209,9.217020034790039,1.0
86758.0,74.0,0.0,16.0,-5.28758368026816,-5.061217649376173,-0.22636603089198637,-4.763728642945907,-0.523855037322253,-5.354825647729092,0.06724196746093192,0.2936079983529183,0.2,0.1875,0.9679022827159044,16.274980798759795,0.5590169943749475,0.9999999999999997,19.03730010986328,9.25901985168457,1.0
87355.0,75.0,0.0,16.0,-5.0205563241483455,-4.302223332590824,-0.7183329915575216,-4.057837345757895,-0.9627189783904502,-5.020556324148345,-8.881784197001252e-16,0.7183329915575207,0.0,0.4375,0.9790763021491707,12.422258248804845,0.25,0.9999999999999998,18.967300415039062,9.357020378112793,1.0
88547.0,76.0,0.0,16.0,-3.9830228227107565,-3.2882711426680684,-0.6947516800426881,-3.2683672647835027,-0.7146555579272538,-3.9830228227107636,7.105427357601002e-15,0.6947516800426952,0.0,0.125,0.9704173588817598,13.926144477205455,0.7071067811865476,1.0,18.799299240112305,9.553019523620605,1.0
91529.0,77.0,0.0,16.0,-4.60563763666876,-3.8285583898343374,-0.7770792468344228,-3.805581464834521,-0.8000561718342389,-4.605637636668755,-5.329070518200751e-15,0.7770792468344174,0.0,0.1875,0.9564194973580776,15.94129856692986,0.7071067811865476,0.9999999999999999,18.40730094909668,10.043000221252441,1.0
94510.0,78.0,0.0,16.0,-4.722176864970545,-4.510579849088509,-0.2115970158820364,-4.469836885419153,-0.2523399795513921,-4.722176864970528,-1.687538997430238e-14,0.2115970158820195,0.0,0.4375,0.9753366354955257,13.624426593438713,0.5590169943749475,1.0,19.205299377441406,10.519000053405762,1.0
96299.0,79.0,0.0,16.0,-5.420167776665411,-5.086061644439765,-0.33410613222564667,-4.971389505546485,-0.4487782711189263,-5.420167776665403,-7.993605777301127e-15,0.3341061322256387,0.0,0.25,0.977362882632055,13.174312126255398,0.6614378277661477,0.9999999999999996,18.967300415039062,10.812999725341797,1.0
97491.0,80.0,0.0,16.0,-5.023496756158444,-4.606238971124545,-0.41725778503389943,-4.565854199947528,-0.4576425562109163,-5.023496756158434,-9.769962616701378e-15,0.41725778503388966,0.0,0.3125,0.9721013412874481,14.968717379922703,0.4330127018922193,0.9999999999999998,18.799299240112305,11.008999824523926,1.0
98088.0,81.0,0.0,16.0,-4.007872654205579,-3.8762126609647045,-0.13165999324087485,-3.793869507231915,-0.2140031469736643,-4.0208092841066385,0.012936629901059149,0.144596623141934,0.2,0.5,0.9406911558766596,9.324028099485759,0.4330127018922193,0.9999999999999998,18.729299545288086,11.107000350952148,1.0
98386.0,82.0,0.0,16.0,-5.086099339767783,-4.618938456209233,-0.4671608835585497,-4.550058516532197,-0.5360408232355853,-5.086099339767785,2.6645352591003757e-15,0.46716088355855234,0.0,0.25,0.9759238581943791,10.726718976462466,0.5590169943749475,0.9999999999999999,19.2893009185791,11.14900016784668,1.0
99578.0,83.0,0.0,16.0,-4.163383500494966,-3.724486024626277,-0.43889747586868877,-3.6038613939433977,-0.5595221065515683,-4.163383500494949,-1.687538997430238e-14,0.4388974758686719,0.0,0.25,0.9779232135214765,14.66074691139575,0.6123724356957945,1.0,19.121299743652344,11.345000267028809,1.0
99877.0,84.0,0.0,16.0,-4.795515294440616,-4.195542241757089,-0.5999730526835272,-3.944972733368588,-0.8505425610720279,-4.795515294440621,5.329070518200751e-15,0.5999730526835325,0.0,0.5,0.9623503060568871,11.707369473968095,0.5590169943749475,1.0,18.491300582885742,11.401000022888184,1.0
100175.0,85.0,0.0,16.0,-4.42764058235975,-3.835982971346361,-0.5916576110133889,-3.729194824513508,-0.6984457578462422,-4.427640582359744,-6.217248937900877e-15,0.5916576110133827,0.0,0.25,0.9539674328118175,14.0089257261219,0.6123724356957945,1.0,19.051300048828125,11.442999839782715,1.0
100473.0,86.0,0.0,16.0,-3.334126216412898,-2.9200171729735658,-0.4141090434393324,-3.116593972506924,-0.21753224390597437,-3.3716505503343273,0.037524333921429065,0.4516333773607615,1.2,0.375,0.9681668682447685,11.629703349613008,0.3535533905932738,0.9999999999999998,18.40730094909668,11.49899959564209,1.0
101069.0,87.0,0.0,16.0,-4.210579416981793,-3.7925832065203826,-0.41799621046141056,-3.4986745380770823,-0.7119048789047109,-4.210579416981784,-8.881784197001252e-15,0.4179962104614017,0.0,0.4375,0.9822825649592697,8.860022573334675,0.6614378277661477,0.9999999999999999,19.527299880981445,11.583000183105469,1.0
102262.0,88.0,0.0,16.0,-4.84910994772307,-4.481985829404445,-0.36712411831862557,-4.107207957034002,-0.741901990689068,-4.854942252581575,0.0058323048585045,0.37295642317713007,0.2,0.375,0.9700927600074678,14.99166435056495,0.6123724356957945,1.0,19.373300552368164,11.779000282287598,1.0
106137.0,89.0,0.0,16.0,-2.632981663167052,-2.241982066425257,-0.39099959674179496,-2.311255020775012,-0.32172664239203996,-2.6329816631670373,-1.4654943925052066e-14,0.3909995967417803,0.0,0.1875,0.9352223978318576,11.824233590385468,0.4330127018922193,1.0,19.443300247192383,12.409000396728516,1.0
106436.0,90.0,0.0,16.0,-4.323001976782267,-3.850795027278104,-0.4722069495041632,-3.7865572240360637,-0.5364447527462035,-4.323001976782253,-1.4210854715202004e-14,0.472206949504149,0.0,0.25,0.9816073277306677,14.771171246722448,0.5590169943749475,1.0,18.81329917907715,12.46500015258789,1.0
107628.0,91.0,0.0,16.0,-3.679718017314049,-3.3176741970277375,-0.36204382028631166,-3.1291381514892413,-0.5505798658248078,-3.679718017314036,-1.3322676295501878e-14,0.36204382028629833,0.0,0.3125,0.9642718378581299,14.730919862656235,0.3535533905932738,0.9999999999999998,18.645299911499023,12.66100025177002,1.0
108821.0,92.0,0.0,16.0,-3.6367549748993127,-3.819656564101688,0.18290158920237554,-3.694794903819129,0.05803992891981613,-3.8156769322163067,0.178921957316994,-0.003979631885381529,0.6,0.5,0.9563721877167035,11.784523749392676,0.5590169943749475,0.9999999999999999,18.491300582885742,12.857000350952148,1.0
109119.0,93.0,0.0,16.0,-4.180655554722513,-4.136498258643679,-0.044157296078833674,-4.12701916586305,-0.05363638885946287,-4.24917556274724,0.06852000802472702,0.1126773041035607,1.2,0.375,0.9649714204793195,11.535271995059327,0.5,1.0,19.051300048828125,12.89900016784668,1.0
109715.0,94.0,0.0,16.0,-4.098826450296581,-4.107731742228512,0.00890529193193057,-4.102826057637596,0.003999607341015121,-4.17244168631728,0.07361523602069919,0.06470994408876862,1.2,0.375,0.9712029084827462,14.38749456993816,0.3535533905932738,0.9999999999999999,18.967300415039062,12.996999740600586,1.0
112100.0,95.0,0.0,16.0,-4.136812255835245,-3.9968842922166417,-0.1399279636186037,-3.6347486067301316,-0.5020636491051138,-4.177096261648472,0.040284005813227,0.1802119694318307,0.2,0.3125,0.9171368594347626,11.640446726822816,0.5,1.0000000000000002,18.645299911499023,13.388999938964844,1.0
115976.0,96.0,0.0,16.0,-4.833225080116701,-4.8898614430275025,0.0566363629108011,-4.881184515131164,0.047959435014462315,-5.003373606136829,0.1701485260201272,0.1135121631093261,1.2,0.25,0.9480368814280427,11.575836902790225,0.5,1.0,18.729299545288086,14.019000053405762,1.0
116274.0,97.0,0.0,16.0,-4.920819195140826,-5.021154932589695,0.10033573744886937,-5.150025657053083,0.22920646191225735,-5.3846587772122145,0.46383958207138853,0.36350384462251917,1.2,0.4375,0.9626539518025181,13.953046262375826,0.6614378277661477,1.0,19.2893009185791,14.060999870300293,1.0
116572.0,98.0,0.0,16.0,-3.916578212706172,-4.168043313774724,0.25146510106855224,-3.9684860574310887,0.05190784472491661,-4.164149586043138,0.24757137333696555,-0.0038937277315866936,0.8,0.3125,0.9527685285297984,14.596660576995,0.5,0.9999999999999998,18.645299911499023,14.116999626159668,1.0
118361.0,99.0,0.0,16.0,-4.03189705417825,-3.7537367494286156,-0.2781603047496346,-3.64907180101558,-0.38282525316267035,-4.0360881918720075,0.004191137693757341,0.28235144244339194,0.2,0.4375,0.9570995473902082,13.381423691072635,0.6123724356957945,1.0000000000000002,18.40730094909668,14.41100025177002,1.0
298.0,0.0,10.0,4.0,-11.028656457071657,-19.806264688393817,8.77760823132216,-21.19740852550536,10.168752068433703,-21.2225221484554,10.193865691383744,1.4162574600615834,0.8,0.75,0.925216585272251,0.7071067811865476,0.5,0.09999999999999999,26.899900436401367,6.200439929962158,0.6000000238418579
1192.0,1.0,10.0,4.0,-12.071215468961835,-25.72696407737448,13.655748608412644,-26.14181212110416,14.070596652142324,-27.425934610717597,15.354719141755762,1.6989705333431182,0.8,1.0,0.9390791549908732,0.0,0.0,0.09999999999999999,27.36989974975586,6.270440101623535,0.6000000238418579
2385.0,2.0,10.0,4.0,-15.81350890725918,-20.01086833939447,4.19735943213529,-19.75712394758505,3.94361504032587,-20.1584901049331,4.3449811976739205,0.1476217655386307,0.8,1.0,0.9768892299002626,0.0,0.0,0.09999999999999999,27.199899673461914,6.3704400062561035,0.6000000238418579
4472.0,3.0,10.0,4.0,-11.191121576666044,-24.78585896709336,13.594737390427317,-22.369161028840225,11.17803945217418,-24.476748333740783,13.28562675707474,-0.30911063335257793,0.6,0.75,0.9257425882561003,0.7071067811865476,0.0,0.1,27.499900817871094,6.540440082550049,0.6000000238418579
4770.0,4.0,10.0,4.0,-15.133975182836137,-24.36533184345691,9.231356660620774,-25.398725019108312,10.264749836272175,-25.398725019108312,10.264749836272175,1.0333931756514012,1.0,1.0,0.9727595774275035,0.0,0.0,0.10000000000000005,26.849899291992188,6.57043981552124,0.6000000238418579
8049.0,5.0,10.0,4.0,-14.258975811077919,-17.923622584520935,3.6646467734430157,-17.306165102574266,3.0471892914963465,-17.93444949301376,3.6754736819358396,0.010826908492823861,0.8,1.0,0.9664037373790311,0.0,0.0,0.1,26.969900131225586,6.840439796447754,0.6000000238418579
10733.0,6.0,10.0,4.0,-12.811161215415158,-25.95290677700858,13.14174556159342,-24.326731078495996,11.515569863080838,-25.991698496167672,13.180537280752514,0.03879171915909296,0.8,1.0,0.9494889303985512,0.0,0.0,0.09999999999999998,27.189899444580078,7.0604400634765625,0.6000000238418579
11031.0,7.0,10.0,4.0,-14.235746797978969,-22.81195076452636,8.576203966547393,-21.107708436411897,6.8719616384329285,-22.86522663981913,8.629479841840162,0.053275875292769115,0.6,1.0,0.9674512941581926,0.0,0.0,0.1,26.539899826049805,7.090439796447754,0.6000000238418579
12223.0,8.0,10.0,4.0,-15.874021664946511,-17.04342434124045,1.169402676293938,-17.01279794643447,1.13877628148796,-17.062871840374047,1.188850175427536,0.019447499133598,0.8,1.0,0.9768284965985806,0.0,0.0,0.1,26.359899520874023,7.1904401779174805,0.6000000238418579
13714.0,9.0,10.0,4.0,-14.652082296874996,-16.778155165844087,2.126072868969091,-18.20855350270833,3.5564712058333345,-19.02970089672977,4.377618599854776,2.2515457308856845,1.2,0.75,0.9757764632132611,0.7071067811865476,0.5,0.09999999999999998,26.749900817871094,7.3104400634765625,0.6000000238418579
15503.0,10.0,10.0,4.0,-14.36833700399756,-23.208880254031353,8.840543250033793,-20.915108439572858,6.546771435575298,-23.356567455042644,8.988230451045084,0.14768720101129063,0.6,1.0,0.9679749759412843,0.0,0.0,0.1,26.489900588989258,7.460440158843994,0.6000000238418579
15801.0,11.0,10.0,4.0,-14.379110214424989,-21.477793766889278,7.098683552464289,-22.490538506889802,8.111428292464813,-22.7170485599433,8.337938345518312,1.2392547930540232,1.2,1.0,0.9660286670572874,0.0,0.0,0.09999999999999998,27.04990005493164,7.480440139770508,0.6000000238418579
17292.0,12.0,10.0,4.0,-13.847254413377883,-27.764173389155182,13.9169189757773,-24.057923269430756,10.210668856052873,-27.60171927958536,13.754464866207478,-0.16245410956982198,0.6,0.75,0.9604398363436465,0.7071067811865476,0.5,0.10000000000000002,27.439899444580078,7.60044002532959,0.6000000238418579
17590.0,13.0,10.0,4.0,-13.789549679978336,-21.06745286055395,7.277903180575613,-19.94153003215647,6.1519803521781355,-20.998357098749487,7.208807418771151,-0.06909576180446209,0.8,1.0,0.9600830691053959,0.0,0.0,0.1,26.789899826049805,7.6304402351379395,0.6000000238418579
18484.0,14.0,10.0,4.0,-14.55848503595449,-16.59106497773241,2.0325799417779216,-16.99388802418708,2.435402988232589,-17.578348823076915,3.019863787122425,0.9872838453445034,1.2,1.0,0.9681690657590261,0.0,0.0,0.1,27.259899139404297,7.700439929962158,0.6000000238418579
18782.0,15.0,10.0,4.0,-13.216413913324509,-20.13476048605579,6.918346572731281,-20.809612258869358,7.593198345544849,-21.03357392065577,7.81716000733126,0.8988134345999796,1.2,1.0,0.9563651375755343,0.0,0.0,0.1,26.609899520874023,7.730440139770508,0.6000000238418579
19080.0,16.0,10.0,4.0,-12.17441129519371,-25.362827728354695,13.188416433160985,-25.05371862641933,12.879307331225618,-26.387279998593087,14.212868703399376,1.0244522702383918,0.8,1.0,0.9412449467349377,0.0,0.0,0.1,27.16990089416504,7.7504401206970215,0.6000000238418579
20869.0,17.0,10.0,4.0,-14.093195385740918,-27.96486432303443,13.871668937293512,-24.010624364755966,9.917428979015048,-27.911376526898092,13.818181141157174,-0.053487796136337806,0.6,0.75,0.9626504479656057,0.7071067811865476,0.5,0.09999999999999999,26.909900665283203,7.900440216064453,0.6000000238418579
21167.0,18.0,10.0,4.0,-14.290265474779286,-22.288947408447616,7.99868193366833,-20.888609848227784,6.598344373448498,-22.23760013960749,7.947334664828205,-0.05134726884012508,0.6,1.0,0.9686225206161692,0.0,0.0,0.09999999999999999,27.469900131225586,7.920440196990967,0.6000000238418579
22360.0,19.0,10.0,4.0,-12.455794427914348,-19.08967635359478,6.633881925680431,-19.940960934164924,7.485166506250575,-19.940960934164924,7.485166506250575,0.8512845805701446,1.0,0.75,0.9487539459700531,0.7071067811865476,0.5,0.09999999999999996,27.29990005493164,8.020440101623535,0.6000000238418579
22658.0,20.0,10.0,4.0,-13.900118146479933,-29.2657201131637,15.365601966683766,-24.754563848233072,10.85444570175314,-29.00396006263165,15.103841916151715,-0.2617600505320503,0.6,0.75,0.9602231952880839,0.7071067811865476,0.5,0.1,26.649900436401367,8.050439834594727,0.6000000238418579
23254.0,21.0,10.0,4.0,-13.899762808200645,-26.487563845901263,12.587801037700618,-23.464122922374884,9.564360114174239,-26.40349149140386,12.503728683203214,-0.08407235449740469,0.6,0.75,0.9605354573450825,0.7071067811865476,0.5,0.10000000000000002,26.559900283813477,8.10044002532959,0.6000000238418579
25341.0,22.0,10.0,4.0,-13.491176633838577,-21.329671314413638,7.83849468057506,-20.23259148214805,6.741414848309471,-21.30221210866098,7.811035474822404,-0.027459205752656146,0.6,0.75,0.9615295720172614,0.7071067811865476,0.5,0.1,26.859899520874023,8.270440101623535,0.6000000238418579
26236.0,23.0,10.0,4.0,-12.468873496427431,-22.203667826471694,9.734794330044263,-21.56124586787573,9.092372371448299,-22.440567241775152,9.971693745347721,0.23689941530345848,0.8,0.75,0.9450528678588825,0.7071067811865476,0.5,0.09999999999999998,27.33989906311035,8.340439796447754,0.6000000238418579
26534.0,24.0,10.0,4.0,-14.740437870424651,-19.324298497463605,4.583860627038954,-19.798809927677567,5.058372057252916,-21.62895386350427,6.88851599307962,2.3046553660406666,1.2,1.0,0.9703662562020903,0.0,0.0,0.1,26.689899444580078,8.370439529418945,0.6000000238418579
27428.0,25.0,10.0,4.0,-13.68969409039735,-16.213304274908445,2.523610184511096,-14.716724942947323,1.0270308525499736,-16.362236766417332,2.672542676019983,0.1489324915088872,0.4,0.75,0.9625191326377206,0.8660254037844386,0.0,0.1,27.159900665283203,8.44044017791748,0.6000000238418579
30112.0,26.0,10.0,4.0,-13.458034080748,-26.82186070502848,13.363826624280481,-23.805264246842526,10.347230166094526,-26.565654366274714,13.107620285526714,-0.25620633875376697,0.6,1.0,0.9564081862781562,0.0,0.0,0.1,27.379899978637695,8.660440444946289,0.6000000238418579
30410.0,27.0,10.0,4.0,-16.46573046312267,-20.705669567333448,4.239939104210777,-21.527357992797768,5.061627529675096,-21.680888798584196,5.215158335461524,0.9752192312507475,1.2,1.0,0.980419789796829,0.0,0.0,0.10000000000000002,26.729900360107422,8.69044017791748,0.6000000238418579
32199.0,28.0,10.0,4.0,-13.535460932363648,-19.91506647335249,6.379605540988841,-19.76893276304782,6.233471830684174,-20.091782985774145,6.556322053410497,0.1767165124216561,0.8,1.0,0.9578757084954952,0.0,0.0,0.1,26.469900131225586,8.840439796447754,0.6000000238418579
32497.0,29.0,10.0,4.0,-12.220666136988484,-13.038213557844461,0.817547420855977,-12.69033571353,0.4696695765415164,-13.101945540783408,0.8812794037949239,0.06373198293894689,0.4,0.75,0.9441801298184599,0.7071067811865476,0.5,0.10000000000000002,27.02989959716797,8.860440254211426,0.6000000238418579
33093.0,30.0,10.0,4.0,-14.586502853580562,-21.419506115902905,6.833003262322343,-23.034381892607414,8.447879039026851,-23.779160493202266,9.192657639621704,2.3596543772993606,1.2,1.0,0.9686302385541513,0.0,0.0,0.10000000000000002,26.939899444580078,8.910440444946289,0.6000000238418579
33391.0,31.0,10.0,4.0,-13.43649920350111,-20.860336971671845,7.423837768170735,-20.885766314985187,7.449267111484076,-21.759613261261613,8.323114057760503,0.8992762895897677,1.2,1.0,0.9576739912810976,0.0,0.0,0.1,27.499900817871094,8.930439949035645,0.6000000238418579
34286.0,32.0,10.0,4.0,-15.556626003088518,-23.75380294876948,8.197176945680962,-23.243488999725482,7.686862996636965,-23.798461589839,8.241835586750483,0.04465864106952111,0.6,1.0,0.9740849561412036,0.0,0.0,0.1,26.769899368286133,9.0104398727417,0.6000000238418579
36969.0,33.0,10.0,4.0,-13.09815751060813,-23.749424519363448,10.651267008755317,-23.479019399242564,10.380861888634433,-23.656194836563124,10.558037325954993,-0.09322968280032384,0.6,0.75,0.9550406206140918,0.5,0.0,0.1,26.979900360107422,9.230440139770508,0.6000000238418579
37565.0,34.0,10.0,4.0,-13.927395074463284,-23.174579139144132,9.247184064680848,-21.66637637447488,7.738981300011595,-23.150134760054065,9.222739685590781,-0.024444379090066803,0.6,1.0,0.9622423888198254,0.0,0.0,0.09999999999999999,26.88990020751953,9.280440330505371,0.6000000238418579
38758.0,35.0,10.0,4.0,-12.737965453698514,-21.29037208449667,8.552406630798156,-21.102533140818597,8.364567687120083,-21.275546085763622,8.537580632065108,-0.014825998733048351,0.8,1.0,0.9524386174183361,0.0,0.0,0.1,26.719900131225586,9.380439758300781,0.6000000238418579
41739.0,36.0,10.0,4.0,-12.371755927108643,-23.64461296580935,11.272857038700709,-22.886325902947576,10.514569975838933,-23.894804137339342,11.5230482102307,0.25019117152999115,0.8,1.0,0.9459551921231191,0.0,0.0,0.1,27.489900588989258,9.620439529418945,0.6000000238418579
42634.0,37.0,10.0,4.0,-14.146734262147653,-24.62281883780113,10.476084575653477,-21.99150888162687,7.844774619479217,-24.716978971781263,10.57024470963361,0.09416013398013234,0.6,1.0,0.9651705850619892,0.0,0.0,0.09999999999999998,26.759899139404297,9.700440406799316,0.6000000238418579
42932.0,38.0,10.0,4.0,-14.41506854235543,-23.37329570906722,8.958227166711792,-22.77314012609857,8.358071583743142,-23.38483154120926,8.96976299885383,0.01153583214203735,0.6,1.0,0.967621399849799,0.0,0.0,0.1,27.319900512695312,9.720439910888672,0.6000000238418579
43230.0,39.0,10.0,4.0,-11.93307204260875,-19.570256199292345,7.637184156683595,-19.338933820639415,7.4058617780306655,-19.696573679186585,7.7635016365778355,0.12631747989424014,0.8,1.0,0.9467694756572831,0.0,0.0,0.10000000000000002,26.66990089416504,9.750439643859863,0.6000000238418579
43826.0,40.0,10.0,4.0,-12.980783940696806,-21.260560764769192,8.279776824072385,-20.514691778512194,7.533907837815388,-21.14462553383088,8.163841593134073,-0.11593523093831237,0.6,0.75,0.9562815793632748,0.7071067811865476,0.5,0.10000000000000005,26.57990074157715,9.800439834594727,0.6000000238418579
45317.0,41.0,10.0,4.0,-14.366624701386739,-21.710276272805622,7.343651571418883,-18.682930094559605,4.3163053931728665,-23.31093086397633,8.944306162589593,1.6006545911707093,0.4,0.75,0.9646731647114953,0.7071067811865476,0.0,0.1,26.969900131225586,9.920439720153809,0.6000000238418579
48000.0,42.0,10.0,4.0,-12.860645978804197,-21.587778407710193,8.727132428905996,-21.173127570739574,8.312481591935377,-21.65541797205472,8.794771993250524,0.06763956434452822,0.8,1.0,0.9508332941499955,0.0,0.0,0.10000000000000005,27.179899215698242,10.140399932861328,0.6000000238418579
48895.0,43.0,10.0,4.0,-15.932625915149272,-20.05477313861517,4.1221472234659,-17.293054756024535,1.3604288408752634,-21.416786646585297,5.484160731436026,1.3620135079701257,0.4,1.0,0.9769891737132194,0.0,0.0,0.1,26.449899673461914,10.220399856567383,0.6000000238418579
50982.0,44.0,10.0,4.0,-15.564555744156216,-17.96075156485765,2.3961958207014327,-19.703484694175046,4.13892895001883,-20.79910096193779,5.234545217781573,2.8383493970801403,1.2,0.75,0.9743633289730925,0.7071067811865476,0.5,0.1,26.749900817871094,10.390399932861328,0.6000000238418579
51578.0,45.0,10.0,4.0,-12.961001832077985,-23.363840777412015,10.40283894533403,-21.86152160468368,8.900519772605696,-23.446347808751156,10.485345976673171,0.08250703133914072,0.6,0.75,0.9519737748454359,0.7071067811865476,0.0,0.1,26.659900665283203,10.440400123596191,0.6000000238418579
54261.0,46.0,10.0,4.0,-13.270855884578374,-26.853826145775006,13.582970261196632,-23.535916532385947,10.265060647807573,-26.605893797376496,13.335037912798121,-0.24793234839851053,0.6,0.75,0.9540816978577555,0.7071067811865476,0.5,0.1,26.86989974975586,10.660400390625,0.6000000238418579
55155.0,47.0,10.0,4.0,-12.74996776420338,-26.814585069733575,14.064617305530195,-24.726006276018936,11.976038511815556,-26.78531391303173,14.03534614882835,-0.02927115670184577,0.8,1.0,0.9491994915818897,0.0,0.0,0.1,27.33989906311035,10.730400085449219,0.6000000238418579
55454.0,48.0,10.0,4.0,-12.599027068881067,-22.478349872443513,9.879322803562445,-23.749842705209794,11.150815636328726,-23.749842705209794,11.150815636328726,1.2714928327662811,1.0,1.0,0.9465506941220913,0.0,0.0,0.09999999999999999,26.699899673461914,10.76039981842041,0.6000000238418579
58435.0,49.0,10.0,4.0,-15.762351978333268,-24.57256303030343,8.810211051970164,-22.940106803131396,7.177754824798129,-24.709050906475014,8.946698928141746,0.1364878761715822,0.6,1.0,0.9750118429431552,0.0,0.0,0.1,27.469900131225586,11.000399589538574,0.6000000238418579
59329.0,50.0,10.0,4.0,-14.147085214334913,-22.587457682429722,8.44037246809481,-24.450241935326464,10.30315672099155,-25.339926376314317,11.192841161979404,2.7524686938845946,1.2,1.0,0.962641494416438,0.0,0.0,0.10000000000000005,26.729900360107422,11.080400466918945,0.6000000238418579
60224.0,51.0,10.0,4.0,-15.308125309807085,-24.46441923325726,9.156293923450175,-22.43284938894981,7.124724079142723,-24.361906470997795,9.05378116119071,-0.10251276225946526,0.6,1.0,0.973769025711449,0.0,0.0,0.1,27.20989990234375,11.150400161743164,0.6000000238418579
61118.0,52.0,10.0,4.0,-11.903663994006713,-21.98062969999033,10.076965705983618,-21.142141656551374,9.23847766254466,-21.92856276466368,10.024898770656968,-0.052066935326649855,0.6,0.75,0.9408345926756045,0.7071067811865476,0.0,0.1,26.469900131225586,11.230400085449219,0.6000000238418579
62013.0,53.0,10.0,4.0,-13.61091932162837,-19.79585201561308,6.18493269398471,-20.666042173926606,7.055122852298236,-21.862442788739223,8.251523467110854,2.066590773126144,1.2,1.0,0.9589362507242366,0.0,0.0,0.09999999999999998,26.949899673461914,11.300399780273438,0.6000000238418579
62311.0,54.0,10.0,4.0,-13.78512604838939,-27.571627890450014,13.786501842060623,-25.81772051621259,12.032594467823198,-27.61521348861043,13.830087440221039,0.04358559816041563,0.8,1.0,0.959301847880297,0.0,0.0,0.10000000000000002,27.509899139404297,11.32040023803711,0.6000000238418579
63205.0,55.0,10.0,4.0,-13.160425987704208,-19.149337252315014,5.988911264610806,-16.889639560508975,3.729213572804767,-19.684871891154863,6.524445903450655,0.5355346388398488,0.4,0.75,0.9584926589402472,0.7071067811865476,0.0,0.1,26.769899368286133,11.400400161743164,0.6000000238418579
64398.0,56.0,10.0,4.0,-13.454138556316588,-19.437563805775472,5.983425249458884,-19.21133066849644,5.757192112179853,-20.022178967612675,6.568040411296087,0.5846151618372026,1.2,1.0,0.9598118292568433,0.0,0.0,0.10000000000000002,26.599899291992188,11.500399589538574,0.6000000238418579
64696.0,57.0,10.0,4.0,-14.897099959538622,-20.346472066678412,5.449372107139791,-20.911195584439536,6.014095624900914,-21.291152390441077,6.394052430902455,0.9446803237626646,1.2,1.0,0.969623614074004,0.0,0.0,0.1,27.159900665283203,11.520400047302246,0.6000000238418579
64994.0,58.0,10.0,4.0,-13.593778586342545,-19.21721390236887,5.623435316026324,-16.04668026076353,2.4529016744209855,-20.685343747065783,7.091565160723238,1.4681298446969144,0.4,0.75,0.9595092646972836,0.7071067811865476,0.0,0.10000000000000005,26.509899139404297,11.550399780273438,0.6000000238418579
65292.0,59.0,10.0,4.0,-13.743991608031559,-23.08802177144788,9.344030163416322,-21.158557336448784,7.414565728417225,-23.11220622073417,9.36821461270261,0.024184449286288157,0.6,1.0,0.9626726851051416,0.0,0.0,0.1,27.069900512695312,11.57040023803711,0.6000000238418579
66783.0,60.0,10.0,4.0,-12.772612724941034,-24.14619651503347,11.373583790092436,-23.064486959746148,10.291874234805114,-24.17556739132955,11.402954666388517,0.02937087629608115,0.8,1.0,0.9491495370479295,0.0,0.0,0.1,18.715299606323242,6.011020183563232,1.0
68274.0,61.0,10.0,4.0,-13.712707239536126,-18.386942869051758,4.674235629515632,-12.56390672078023,-1.1488005187558965,-18.78053008494248,5.067822845406354,0.3935872158907223,0.6,0.75,0.9622529158999693,0.5,0.0,0.10000000000000002,19.121299743652344,6.249020099639893,1.0
68572.0,62.0,10.0,4.0,-13.18713111134009,-22.66227420298538,9.47514309164529,-21.799311203280006,8.612180091939916,-22.54368601390925,9.356554902569162,-0.118588189076128,0.8,1.0,0.9561048804638146,0.0,0.0,0.1,18.4773006439209,6.305019855499268,1.0
72746.0,63.0,10.0,4.0,-14.25502009526947,-24.908161800890483,10.653141705621012,-21.9467269727823,7.69170687751283,-25.081214065132762,10.826193969863292,0.17305226424227982,0.6,1.0,0.9635655097316528,0.0,0.0,0.09999999999999998,19.121299743652344,6.977019786834717,1.0
74535.0,64.0,10.0,4.0,-13.404626158624382,-15.228307543435477,1.8236813848110955,-13.250740239478574,-0.1538859191458073,-16.466962201892624,3.0623360432682425,1.238654658457147,0.4,1.0,0.9591822955750442,0.0,0.0,0.1,18.88330078125,7.27101993560791,1.0
75727.0,65.0,10.0,4.0,-15.507256179815323,-21.659030563853584,6.15177438403826,-15.866158580489715,0.35890240067439194,-26.22541440882828,10.718158229012955,4.566383844974695,0.4,1.0,0.9729007333082798,0.0,0.0,0.09999999999999998,18.715299606323242,7.467020034790039,1.0
76323.0,66.0,10.0,4.0,-14.668000397111067,-15.316100231049553,0.6480998339384865,-12.859623897392087,-1.80837649971898,-16.99129292920833,2.3232925320972644,1.675192698158778,0.4,1.0,0.9679731399756185,0.0,0.0,0.09999999999999999,18.63129997253418,7.5650200843811035,1.0
77218.0,67.0,10.0,4.0,-18.033433383169175,-20.212985281550967,2.179551898381792,-13.76514567519961,-4.268287707969565,-24.332989571417954,6.299556188248779,4.120004289866987,0.4,1.0,0.986028338838241,0.0,0.0,0.10000000000000002,19.121299743652344,7.705019950866699,1.0
80497.0,68.0,10.0,4.0,-16.601137932729586,-20.108286464436006,3.50714853170642,-19.153129549427383,2.551991616697798,-20.10619083982016,3.505052907090576,-0.002095624615844116,0.6,1.0,0.9828460200038837,0.0,0.0,0.09999999999999998,19.275299072265625,8.237019538879395,1.0
81392.0,69.0,10.0,4.0,-15.282623778995557,-17.6290480543499,2.3464242753543445,-15.045352787656698,-0.23727099133885865,-19.823006814944808,4.540383035949251,2.1939587605949065,0.4,1.0,0.9723937674428623,0.0,0.0,0.1,18.56130027770996,8.391019821166992,1.0
84373.0,70.0,10.0,4.0,-15.757453959605671,-21.106728646151712,5.349274686546041,-19.037677676166812,3.2802237165611405,-22.036538994437493,6.279085034831821,0.9298103482857805,0.4,1.0,0.9750122970230699,0.0,0.0,0.1,19.35930061340332,8.867019653320312,1.0
84970.0,71.0,10.0,4.0,-16.005886404412205,-17.04426345850415,1.0383770540919457,-13.040931664241,-2.964954740171205,-20.47365583808386,4.467769433671656,3.42939237957971,0.4,0.75,0.9784088083812112,1.224744871391589,0.0,0.1,19.2893009185791,8.965020179748535,1.0
85864.0,72.0,10.0,4.0,-15.13683222331782,-22.325580812546853,7.188748589229034,-19.78105499704506,4.6442227737272415,-22.706552683979886,7.569720460662067,0.380971871433033,0.4,1.0,0.9732641205873814,0.0,0.0,0.1,18.56130027770996,9.119020462036133,1.0
86460.0,73.0,10.0,4.0,-14.358348134875648,-20.552455495402103,6.194107360526456,-19.05399057024639,4.695642435370743,-20.688408178053006,6.330060043177358,0.13595268265090255,0.6,1.0,0.9692796424360913,0.0,0.0,0.10000000000000005,18.4773006439209,9.217020034790039,1.0
86758.0,74.0,10.0,4.0,-15.967153988496182,-18.193154848975507,2.226000860479324,-15.152946792821291,-0.8142071956748911,-20.63107856768354,4.663924579187359,2.437923718708035,0.4,1.0,0.9766343780057121,0.0,0.0,0.09999999999999996,19.03730010986328,9.25901985168457,1.0
87355.0,75.0,10.0,4.0,-15.677001054999538,-20.607657115689836,4.930656060690298,-18.71475017370654,3.037749118707003,-21.443571391282575,5.766570336283037,0.8359142755927387,0.4,1.0,0.9780149580741484,0.0,0.0,0.09999999999999998,18.967300415039062,9.357020378112793,1.0
88547.0,76.0,10.0,4.0,-17.7244319711033,-23.609817135097877,5.885385163994577,-22.23529839504952,4.510866423946219,-23.62853816047572,5.9041061893724205,0.018721025377843148,0.6,1.0,0.9841839456830183,0.0,0.0,0.1,18.799299240112305,9.553019523620605,1.0
91529.0,77.0,10.0,4.0,-16.34395507495267,-17.89543154540091,1.5514764704482396,-14.588776327517847,-1.7551787474348242,-20.392929622587623,4.048974547634952,2.4974980771867124,0.4,1.0,0.9794448644382749,0.0,0.0,0.09999999999999999,18.40730094909668,10.043000221252441,1.0
94510.0,78.0,10.0,4.0,-15.861403982582747,-17.888767148698214,2.0273631661154674,-19.017115365552048,3.155711382969301,-19.49264099176893,3.631237009186183,1.6038738430707156,1.2,0.75,0.9784014279401965,0.5,0.0,0.1,19.205299377441406,10.519000053405762,1.0
96299.0,79.0,10.0,4.0,-15.682148755930275,-17.12588801207117,1.4437392561408942,-14.511705343960218,-1.1704434119700569,-19.558958192084674,3.8768094361543994,2.4330701800135053,0.4,1.0,0.9766380235142375,0.0,0.0,0.09999999999999995,18.967300415039062,10.812999725341797,1.0
97491.0,80.0,10.0,4.0,-13.432748601837543,-16.817508459618175,3.3847598577806313,-15.084225544164255,1.6514769423267115,-17.491681061328393,4.058932459490849,0.6741726017102181,0.4,0.75,0.9567975347340318,0.7071067811865476,0.0,0.09999999999999998,18.799299240112305,11.008999824523926,1.0
98088.0,81.0,10.0,4.0,-13.577901196470384,-15.979988792271548,2.4020875958011647,-13.604186404522821,0.02628520805243717,-17.02537210371029,3.4474709072399055,1.0453833114387407,0.4,0.75,0.962745676383327,0.8660254037844386,0.0,0.09999999999999998,18.729299545288086,11.107000350952148,1.0
98386.0,82.0,10.0,4.0,-16.891358319031976,-19.86486028172169,2.9735019626897135,-21.579423084772063,4.688064765740087,-22.67972568636123,5.788367367329254,2.8148654046395407,1.2,1.0,0.9825401413906091,0.0,0.0,0.09999999999999999,19.2893009185791,11.14900016784668,1.0
99578.0,83.0,10.0,4.0,-15.862407999265976,-17.05502701833732,1.1926190190713442,-13.741751176312615,-2.120656822953361,-19.517146577704516,3.6547385784385398,2.4621195593671956,0.4,1.0,0.9767800348965912,0.0,0.0,0.1,19.121299743652344,11.345000267028809,1.0
99877.0,84.0,10.0,4.0,-11.993316745724972,-23.031542531568867,11.038225785843895,-22.920062651680162,10.92674590595519,-23.61170714138247,11.6183903956575,0.580164609813604,0.8,0.75,0.9376970377258953,0.7071067811865476,0.5,0.1,18.491300582885742,11.401000022888184,1.0
100175.0,85.0,10.0,4.0,-13.081108862790385,-12.718823898384564,-0.3622849644058217,-10.95679834975588,-2.124310513034505,-14.263759229964768,1.1826503671743822,1.544935331580204,0.2,0.75,0.9532737679670373,0.7071067811865476,0.5,0.1,19.051300048828125,11.442999839782715,1.0
100473.0,86.0,10.0,4.0,-14.824082742856024,-24.354443664238982,9.530360921382957,-21.288029835689084,6.46394709283306,-24.664018781348226,9.839936038492201,0.3095751171092438,0.6,0.75,0.9701932412078222,0.7071067811865476,0.5,0.09999999999999998,18.40730094909668,11.49899959564209,1.0
101069.0,87.0,10.0,4.0,-17.296808521510037,-22.390360749167154,5.093552227657117,-20.00020508399111,2.703396562481071,-22.491076090328256,5.194267568818219,0.10071534116110215,0.6,1.0,0.9843690117263826,0.0,0.0,0.09999999999999999,19.527299880981445,11.583000183105469,1.0
102262.0,88.0,10.0,4.0,-15.278269977711847,-20.029365225666133,4.751095247954286,-18.888383594360793,3.6101136166489454,-20.167896096768303,4.889626119056455,0.13853087110216933,0.6,1.0,0.9759647342532949,0.0,0.0,0.1,19.373300552368164,11.779000282287598,1.0
106137.0,89.0,10.0,4.0,-14.58303526811247,-17.96446728858441,3.381432020471939,-14.603400149982681,0.02036488187021135,-20.220679185667564,5.637643917555094,2.256211897083155,0.4,1.0,0.966490886276851,0.0,0.0,0.1,19.443300247192383,12.409000396728516,1.0
106436.0,90.0,10.0,4.0,-16.0857256942288,-16.907349807501724,0.8216241132729252,-14.071456760478352,-2.014268933750447,-18.88234161313818,2.7966159189093815,1.9749918056364564,0.4,1.0,0.9811159873985463,0.0,0.0,0.1,18.81329917907715,12.46500015258789,1.0
107628.0,91.0,10.0,4.0,-14.6743192531164,-23.473434565126556,8.799115312010157,-21.814208100415673,7.139888847299273,-23.53351669409623,8.859197440979832,0.06008212896967535,0.6,1.0,0.9669663589795406,0.0,0.0,0.09999999999999998,18.645299911499023,12.66100025177002,1.0
108821.0,92.0,10.0,4.0,-13.45369512380013,-23.087734236264463,9.634039112464333,-21.613073147557387,8.159378023757256,-22.995469430156454,9.541774306356324,-0.09226480610800891,0.6,1.0,0.9604310248195901,0.0,0.0,0.09999999999999999,18.491300582885742,12.857000350952148,1.0
109119.0,93.0,10.0,4.0,-12.696637536194274,-19.130400355878876,6.433762819684603,-14.36379294699908,1.6671554108048063,-20.075288793178835,7.378651256984561,0.9448884372999586,0.4,0.75,0.9491065014923648,0.7071067811865476,0.0,0.1,19.051300048828125,12.89900016784668,1.0
109715.0,94.0,10.0,4.0,-14.431360651519352,-20.429733873425455,5.998373221906103,-16.974796645963593,2.5434359944442413,-22.595349458577935,8.163988807058583,2.16561558515248,0.4,0.75,0.9664057635259321,0.7071067811865476,0.5,0.09999999999999999,18.967300415039062,12.996999740600586,1.0
112100.0,95.0,10.0,4.0,-14.51401817975323,-21.52302999150381,7.009011811750582,-20.24243029520319,5.728412115449959,-21.459012026038874,6.944993846285644,-0.06401796546493799,0.6,1.0,0.9659916628163244,0.0,0.0,0.10000000000000002,18.645299911499023,13.388999938964844,1.0
115976.0,96.0,10.0,4.0,-13.156170963079452,-18.146255265691433,4.990084302611981,-16.24023955418481,3.0840685911053587,-18.771014684137523,5.614843721058071,0.6247594184460894,0.4,1.0,0.9540179668801512,0.0,0.0,0.1,18.729299545288086,14.019000053405762,1.0
116274.0,97.0,10.0,4.0,-12.558516601331407,-18.21263494410816,5.654118342776753,-14.915835946496692,2.357319345165285,-18.463355092042274,5.904838490710867,0.2507201479341141,0.6,1.0,0.9521647929262362,0.0,0.0,0.1,19.2893009185791,14.060999870300293,1.0
116572.0,98.0,10.0,4.0,-12.80649117977436,-23.635119794427556,10.828628614653196,-19.92267614244868,7.116184962674319,-23.395448069392856,10.588956889618496,-0.23967172503470024,0.6,0.75,0.9489163425523433,0.7071067811865476,0.5,0.09999999999999998,18.645299911499023,14.116999626159668,1.0
118361.0,99.0,10.0,4.0,-11.401748208778077,-21.680313157514554,10.278564948736477,-20.83455542726876,9.432807218490684,-22.453802657920296,11.052054449142219,0.7734895004057414,0.8,0.75,0.9312146642856489,0.7071067811865476,0.5,0.10000000000000002,18.40730094909668,14.41100025177002,1.0
298.0,0.0,10.0,8.0,-13.68036758445093,-19.4968635746809,5.816495990229971,-19.526297115213534,5.845929530762604,-19.558014863616403,5.877647279165473,0.061151288935501924,0.8,0.875,0.9669447407348831,0.9354143466934853,0.0,0.09999999999999999,26.899900436401367,6.200439929962158,0.6000000238418579
1192.0,1.0,10.0,8.0,-13.28782262439449,-20.16972194378914,6.881899319394648,-20.08251454213838,6.79469191774389,-20.215222854343157,6.927400229948667,0.0455009105540185,0.8,0.75,0.9607228213179967,8.32165848854662,0.3535533905932738,0.09999999999999999,27.36989974975586,6.270440101623535,0.6000000238418579
2385.0,2.0,10.0,8.0,-15.220347503299724,-18.133925516041653,2.9135780127419295,-18.803320394699742,3.5829728914000185,-19.129059269012465,3.9087117657127415,0.995133752970812,1.2,0.625,0.9809112278406951,4.937104414532874,0.5,0.09999999999999999,27.199899673461914,6.3704400062561035,0.6000000238418579
4472.0,3.0,10.0,8.0,-14.100524283350087,-21.977420309117935,7.876896025767849,-22.374057466303437,8.27353318295335,-22.52612717177665,8.425602888426564,0.5487068626587153,1.2,0.875,0.9673380833537704,0.7071067811865476,0.0,0.1,27.499900817871094,6.540440082550049,0.6000000238418579
4770.0,4.0,10.0,8.0,-15.566586894752792,-19.798476990698862,4.231890095946071,-20.573508567016358,5.006921672263566,-20.573508567016358,5.006921672263566,0.7750315763174953,1.0,0.875,0.985203113698693,2.29128784747792,0.0,0.10000000000000005,26.849899291992188,6.57043981552124,0.6000000238418579
8049.0,5.0,10.0,8.0,-14.476315060543088,-17.183939126851733,2.707624066308645,-17.0305730278505,2.5542579673074126,-17.190734456343996,2.714419395800908,0.006795329492263136,0.8,0.75,0.9758580416853112,6.90108687092113,0.3535533905932738,0.1,26.969900131225586,6.840439796447754,0.6000000238418579
10733.0,6.0,10.0,8.0,-13.327028137506362,-18.15764627603441,4.830618138528047,-18.043345848915727,4.716317711409365,-18.135043842812657,4.808015705306294,-0.022602433221752705,0.6,0.75,0.9673630060452726,11.247221879201993,0.3535533905932738,0.09999999999999998,27.189899444580078,7.0604400634765625,0.6000000238418579
11031.0,7.0,10.0,8.0,-14.48039171301821,-18.78989845510166,4.30950674208345,-18.771503580314736,4.291111867296525,-18.79996787545713,4.319576162438921,0.010069420355470982,1.2,0.625,0.9778619176899727,8.8670739254841,0.3535533905932738,0.1,26.539899826049805,7.090439796447754,0.6000000238418579
12223.0,8.0,10.0,8.0,-16.502654529008847,-19.347259096967456,2.8446045679586085,-19.997761471372307,3.49510694236346,-20.185993529161706,3.683339000152859,0.8387344321942507,1.2,0.75,0.9865524587095664,4.257346591481601,0.5,0.1,26.359899520874023,7.1904401779174805,0.6000000238418579
13714.0,9.0,10.0,8.0,-15.111449658972717,-17.054578798108494,1.9431291391357775,-17.855238179533043,2.743788520560326,-18.30256439106722,3.191114732094505,1.2479855929587274,1.2,0.75,0.9865727690568529,7.929375763576853,0.3535533905932738,0.09999999999999998,26.749900817871094,7.3104400634765625,0.6000000238418579
15503.0,10.0,10.0,8.0,-15.39644939208115,-20.075391611374624,4.678942219293473,-20.159322494965327,4.762873102884177,-20.344717406526453,4.948268014445302,0.2693257951518291,1.2,0.875,0.9807344281246442,1.7677669529663689,0.3535533905932738,0.1,26.489900588989258,7.460440158843994,0.6000000238418579
15801.0,11.0,10.0,8.0,-14.48536995524494,-18.75256368327331,4.267193728028369,-18.656123812601283,4.170753857356344,-18.859665532832665,4.374295577587725,0.10710184955935631,1.2,0.75,0.9743507870582738,2.0,0.3535533905932738,0.09999999999999998,27.04990005493164,7.480440139770508,0.6000000238418579
17292.0,12.0,10.0,8.0,-14.99161228482713,-21.785602956618003,6.793990671790873,-22.424694650688842,7.433082365861711,-22.95286802478438,7.961255739957249,1.167265068166376,1.2,0.75,0.9756113707935375,0.9354143466934853,0.0,0.10000000000000002,27.439899444580078,7.60044002532959,0.6000000238418579
17590.0,13.0,10.0,8.0,-15.857652368887017,-21.90471118558117,6.047058816694154,-22.680962252968797,6.82330988408178,-22.680962252968797,6.82330988408178,0.7762510673876264,1.0,0.875,0.9786221839278375,0.7071067811865476,0.0,0.1,26.789899826049805,7.6304402351379395,0.6000000238418579
18484.0,14.0,10.0,8.0,-16.56603813883075,-21.066536430650082,4.5004982918193335,-21.170628826599692,4.604590687768944,-21.180016997514972,4.613978858684224,0.11348056686489016,0.8,0.875,0.9835279906212342,0.7905694150420949,0.0,0.1,27.259899139404297,7.700439929962158,0.6000000238418579
18782.0,15.0,10.0,8.0,-15.070949742343739,-21.31052161210099,6.239571869757253,-21.620441839579435,6.549492097235696,-21.78634029978095,6.71539055743721,0.4758186876799577,1.2,0.875,0.9771682136310614,0.3535533905932738,0.0,0.1,26.609899520874023,7.730440139770508,0.6000000238418579
19080.0,16.0,10.0,8.0,-13.850673873899368,-21.78191889163996,7.9312450177405935,-22.083321425071585,8.232647551172217,-22.083321425071585,8.232647551172217,0.3014025334316237,1.0,0.875,0.9678133078967639,0.3535533905932738,0.3535533905932738,0.1,27.16990089416504,7.7504401206970215,0.6000000238418579
20869.0,17.0,10.0,8.0,-15.809902910317529,-23.491696276217592,7.681793365900063,-22.912772816632657,7.102869906315128,-23.540568135641614,7.730665225324085,0.048871859424021835,0.6,0.75,0.9780519316447639,0.6123724356957945,0.3535533905932738,0.09999999999999999,26.909900665283203,7.900440216064453,0.6000000238418579
21167.0,18.0,10.0,8.0,-16.15075695224683,-21.007175490384952,4.856418538138122,-20.715345817025938,4.5645888647791075,-21.014977689223137,4.864220736976307,0.007802198838184893,0.6,1.0,0.9836208026436375,0.0,0.0,0.09999999999999999,27.469900131225586,7.920440196990967,0.6000000238418579
22360.0,19.0,10.0,8.0,-13.646328006129318,-18.79061107158551,5.144283065456191,-18.902698060841242,5.256370054711924,-19.02151516392605,5.3751871577967325,0.2309040923405412,1.2,0.625,0.9688446491281328,1.4142135623730951,0.3535533905932738,0.09999999999999996,27.29990005493164,8.020440101623535,0.6000000238418579
22658.0,20.0,10.0,8.0,-16.35768151849827,-26.920450641453115,10.562769122954844,-27.410621768748875,11.052940250250604,-27.61582716142935,11.25814564293108,0.6953765199762358,1.2,0.875,0.9795289329225114,0.0,0.3535533905932738,0.1,26.649900436401367,8.050439834594727,0.6000000238418579
23254.0,21.0,10.0,8.0,-15.093930800513956,-21.593603066026073,6.4996722655121175,-21.903881617717484,6.809950817203529,-22.081440055822974,6.987509255309018,0.48783698979690016,1.2,0.75,0.9765333454324979,4.650268809434569,0.3535533905932738,0.10000000000000002,26.559900283813477,8.10044002532959,0.6000000238418579
25341.0,22.0,10.0,8.0,-15.288321906179519,-18.79635028653992,3.5080283803604004,-18.671396581522938,3.383074675343419,-18.803366333098076,3.515044426918557,0.0070160465581565745,0.6,1.0,0.9820754918997909,0.0,0.0,0.1,26.859899520874023,8.270440101623535,0.6000000238418579
26236.0,23.0,10.0,8.0,-14.370799411918675,-19.68662634444339,5.315826932524715,-19.76036817890717,5.389568766988496,-19.8988025566613,5.528003144742623,0.2121762122179085,1.2,0.75,0.973071248290683,6.020797289396148,0.3535533905932738,0.09999999999999998,27.33989906311035,8.340439796447754,0.6000000238418579
26534.0,24.0,10.0,8.0,-15.195174045807562,-17.399802431024554,2.204628385216992,-17.7150795150428,2.519905469235237,-18.824649954015126,3.6294759082075636,1.4248475229905715,1.2,0.625,0.9796758327829617,1.7320508075688772,0.0,0.1,26.689899444580078,8.370439529418945,0.6000000238418579
27428.0,25.0,10.0,8.0,-14.945859485444648,-16.490228692130465,1.5443692066858166,-16.573436709203314,1.6275772237586654,-16.69831276793314,1.7524532824884904,0.20808407580267385,1.2,0.75,0.9796105452850488,1.1726039399558574,0.0,0.1,27.159900665283203,8.44044017791748,0.6000000238418579
30112.0,26.0,10.0,8.0,-15.571291815322397,-24.438530232682428,8.867238417360031,-24.211650941660878,8.640359126338481,-24.487328992021705,8.916037176699309,0.04879875933927735,0.6,0.875,0.9754132177791074,0.6123724356957945,0.0,0.1,27.379899978637695,8.660440444946289,0.6000000238418579
30410.0,27.0,10.0,8.0,-16.944974654288963,-19.418342141943338,2.473367487654375,-19.530267624295526,2.585292970006563,-19.547612905095,2.602638250806038,0.12927076315166275,1.2,0.875,0.9873346034493111,4.330127018922194,0.3535533905932738,0.10000000000000002,26.729900360107422,8.69044017791748,0.6000000238418579
32199.0,28.0,10.0,8.0,-14.785933815939217,-21.052181909474676,6.266248093535459,-22.26150928985853,7.475575473919314,-22.767571814111722,7.981637998172506,1.7153899046370462,1.2,0.75,0.9759143116394331,0.5,0.0,0.1,26.469900131225586,8.840439796447754,0.6000000238418579
32497.0,29.0,10.0,8.0,-13.946737871084213,-18.018647780214444,4.07190990913023,-18.586701223136217,4.639963352052003,-18.612888976376368,4.666151105292155,0.5942411961619243,1.2,0.75,0.9713010426899124,3.0413812651491097,0.3535533905932738,0.10000000000000002,27.02989959716797,8.860440254211426,0.6000000238418579
33093.0,30.0,10.0,8.0,-15.429476348194678,-20.374794643374962,4.945318295180284,-20.49932778933933,5.069851441144651,-20.49932778933933,5.069851441144651,0.12453314596436726,1.0,0.75,0.9793604694215654,1.4577379737113252,0.0,0.10000000000000002,26.939899444580078,8.910440444946289,0.6000000238418579
33391.0,31.0,10.0,8.0,-15.154971965313756,-21.731578581039628,6.576606615725872,-21.999098325070456,6.8441263597567,-22.082772999723936,6.92780103441018,0.3511944186843081,1.2,0.875,0.9764765635711183,0.7905694150420949,0.0,0.1,27.499900817871094,8.930439949035645,0.6000000238418579
34286.0,32.0,10.0,8.0,-16.25003329359941,-19.57498123513366,3.3249479415342478,-19.612082153324234,3.3620488597248226,-19.770213219155607,3.520179925556196,0.19523198402194808,1.2,0.875,0.9859942060350926,6.363961030678928,0.3535533905932738,0.1,26.769899368286133,9.0104398727417,0.6000000238418579
36969.0,33.0,10.0,8.0,-15.214708345246725,-20.204579592171555,4.98987124692483,-20.39307471852465,5.178366373277926,-20.686278386741314,5.471570041494589,0.48169879456975906,1.2,0.875,0.9785849536671951,7.097534783289195,0.3535533905932738,0.1,26.979900360107422,9.230440139770508,0.6000000238418579
37565.0,34.0,10.0,8.0,-15.93402797963593,-22.001724806794485,6.067696827158555,-22.162555094203697,6.2285271145677665,-22.303598109782357,6.3695701301464265,0.30187330298787174,1.2,0.875,0.980127122933059,0.3535533905932738,0.3535533905932738,0.09999999999999999,26.88990020751953,9.280440330505371,0.6000000238418579
38758.0,35.0,10.0,8.0,-14.563473229694896,-19.89538262600346,5.331909396308564,-20.173018327987236,5.60954509829234,-20.370038827418192,5.806565597723296,0.4746562014147315,1.2,0.875,0.9748563015948363,0.7905694150420949,0.0,0.1,26.719900131225586,9.380439758300781,0.6000000238418579
41739.0,36.0,10.0,8.0,-13.873604069148257,-19.991378881439847,6.117774812291589,-20.23421132993731,6.3606072607890525,-20.35640012860536,6.482796059457105,0.3650212471655152,1.2,0.875,0.970000159273315,6.010407640085654,0.3535533905932738,0.1,27.489900588989258,9.620439529418945,0.6000000238418579
42634.0,37.0,10.0,8.0,-15.171686263807825,-20.979065526628638,5.807379262820813,-21.300492950529637,6.128806686721813,-21.70448903184752,6.532802768039694,0.7254235052188811,1.2,0.75,0.9789026938854718,1.8708286933869707,0.0,0.09999999999999998,26.759899139404297,9.700440406799316,0.6000000238418579
42932.0,38.0,10.0,8.0,-15.974485864477824,-20.79856137416973,4.824075509691905,-20.57500235280336,4.600516488325535,-20.83925427223977,4.864768407761947,0.040692898070041394,0.6,0.75,0.9819408234569215,0.7905694150420949,0.3535533905932738,0.1,27.319900512695312,9.720439910888672,0.6000000238418579
43230.0,39.0,10.0,8.0,-13.363243283513249,-17.87740022566051,4.51415694214726,-17.918789896894516,4.555546613381267,-17.931374713671985,4.568131430158736,0.05397448801147675,1.2,0.875,0.9703257772960356,4.286607049870562,0.3535533905932738,0.10000000000000002,26.66990089416504,9.750439643859863,0.6000000238418579
43826.0,40.0,10.0,8.0,-14.634064605168028,-19.7324651510506,5.098400545882573,-20.199939461662634,5.565874856494606,-20.429499046956387,5.795434441788359,0.6970338959057862,1.2,0.875,0.9776360154090018,1.0606601717798212,0.0,0.10000000000000005,26.57990074157715,9.800439834594727,0.6000000238418579
45317.0,41.0,10.0,8.0,-15.063121982028145,-19.452828553653593,4.389706571625448,-19.53952539407568,4.476403412047537,-19.619730885420264,4.556608903392119,0.16690233176667135,1.2,0.625,0.9785290090692474,2.091650066335189,0.3535533905932738,0.1,26.969900131225586,9.920439720153809,0.6000000238418579
48000.0,42.0,10.0,8.0,-14.707514877906187,-20.862218618331973,6.154703740425786,-21.742598748056118,7.035083870149931,-22.22526868584599,7.517753807939803,1.363050067514017,1.2,0.875,0.9732604596811862,0.3535533905932738,0.0,0.10000000000000005,27.179899215698242,10.140399932861328,0.6000000238418579
48895.0,43.0,10.0,8.0,-15.63853621311921,-17.476287429201008,1.8377512160817986,-15.766980188647837,0.12844397552862752,-18.331451426142493,2.6929152130232836,0.855163996941485,0.4,0.625,0.9824912064378171,3.3166247903554,0.5,0.1,26.449899673461914,10.220399856567383,0.6000000238418579
50982.0,44.0,10.0,8.0,-16.07381993591482,-18.329683130073573,2.255863194158753,-18.977780670899534,2.9039607349847145,-19.25184591917217,3.178025983257349,0.9221627890985964,1.2,0.75,0.9868217309447181,1.9039432764659772,0.5,0.1,26.749900817871094,10.390399932861328,0.6000000238418579
51578.0,45.0,10.0,8.0,-15.20203184516051,-22.57057152401769,7.36853967885718,-22.946616929787393,7.744585084626882,-23.01004512360793,7.8080132784474205,0.4394735995902401,1.2,0.75,0.9749547626765811,0.7905694150420949,0.3535533905932738,0.1,26.659900665283203,10.440400123596191,0.6000000238418579
54261.0,46.0,10.0,8.0,-15.173067901037939,-20.672723683096812,5.499655782058873,-20.28602439232366,5.112956491285722,-20.7119304464762,5.53886254543826,0.039206763379386445,0.6,0.875,0.9757326782493658,1.0606601717798212,0.3535533905932738,0.1,26.86989974975586,10.660400390625,0.6000000238418579
55155.0,47.0,10.0,8.0,-14.289307856408705,-21.54143923307747,7.252131376668764,-21.945263779929167,7.655955923520462,-22.151915351125716,7.862607494717011,0.610476118048247,1.2,0.75,0.9701172906761938,0.7905694150420949,0.3535533905932738,0.1,27.33989906311035,10.730400085449219,0.6000000238418579
55454.0,48.0,10.0,8.0,-14.039087320513651,-20.767606163600544,6.728518843086892,-20.895740291603445,6.856652971089794,-20.925566195319163,6.886478874805512,0.15796003171861983,1.2,0.875,0.9686145583590005,9.899494936611665,0.0,0.09999999999999999,26.699899673461914,10.76039981842041,0.6000000238418579
58435.0,49.0,10.0,8.0,-17.61504890892699,-21.50068498946027,3.8856360805332812,-20.752170306569386,3.137121397642396,-21.652919914420387,4.037871005493397,0.1522349249601156,0.4,0.875,0.9877667217939133,0.3535533905932738,0.0,0.1,27.469900131225586,11.000399589538574,0.6000000238418579
59329.0,50.0,10.0,8.0,-13.663642619659186,-18.15021949345597,4.4865768737967855,-17.98177631411604,4.318133694456854,-18.144233928028534,4.480591308369348,-0.005985565427437223,0.6,0.625,0.9692801962102268,7.881941385217223,0.0,0.10000000000000005,26.729900360107422,11.080400466918945,0.6000000238418579
60224.0,51.0,10.0,8.0,-14.587271093810825,-19.05088281354979,4.4636117197389655,-18.357743650400046,3.7704725565892208,-19.019295566847937,4.432024473037112,-0.031587246701853644,0.6,0.625,0.9781961019331553,7.2886898685566255,0.3535533905932738,0.1,27.20989990234375,11.150400161743164,0.6000000238418579
61118.0,52.0,10.0,8.0,-13.730092239280065,-19.50582558701052,5.775733347730455,-19.841779483224155,6.11168724394409,-19.931711740379715,6.20161950109965,0.4258861533691949,1.2,0.75,0.9693384938808011,1.1726039399558574,0.3535533905932738,0.1,26.469900131225586,11.230400085449219,0.6000000238418579
62013.0,53.0,10.0,8.0,-16.00374312596317,-22.858277874081587,6.854534748118418,-23.09626535226652,7.092522226303352,-23.248472618409902,7.244729492446734,0.3901947443283156,1.2,0.875,0.9796494746980087,0.7905694150420949,0.0,0.09999999999999998,26.949899673461914,11.300399780273438,0.6000000238418579
62311.0,54.0,10.0,8.0,-15.86508594383601,-24.779964615156445,8.914878671320434,-24.875887411205383,9.010801467369372,-24.963228829645672,9.098142885809661,0.18326421448922758,1.2,0.875,0.9776659405604224,0.7905694150420949,0.0,0.10000000000000002,27.509899139404297,11.32040023803711,0.6000000238418579
63205.0,55.0,10.0,8.0,-13.835513368748733,-17.458422127653137,3.622908758904403,-17.613502503101547,3.777989134352813,-17.76051641148311,3.9250030427343763,0.30209428382997316,1.2,0.625,0.9733949043711556,7.673004626611403,0.5,0.1,26.769899368286133,11.400400161743164,0.6000000238418579
64398.0,56.0,10.0,8.0,-13.59116683040382,-17.506374360282134,3.915207529878314,-17.540759312931364,3.949592482527544,-17.568424164430635,3.977257334026815,0.0620498041485007,1.2,0.625,0.9706770542109295,7.14142842854285,0.3535533905932738,0.10000000000000002,26.599899291992188,11.500399589538574,0.6000000238418579
64696.0,57.0,10.0,8.0,-16.754031999347482,-21.21782801906964,4.463796019722157,-21.530479300424375,4.776447301076892,-21.662649585502738,4.9086175861552555,0.4448215664330988,1.2,1.0,0.985213629798601,0.0,0.0,0.1,27.159900665283203,11.520400047302246,0.6000000238418579
64994.0,58.0,10.0,8.0,-14.422826718521158,-18.88121560906708,4.458388890545923,-19.24060375232465,4.817777033803491,-19.36260552735336,4.939778808832202,0.4813899182862791,1.2,0.75,0.9773004942275078,6.8282501418738315,0.5,0.10000000000000005,26.509899139404297,11.550399780273438,0.6000000238418579
65292.0,59.0,10.0,8.0,-14.105060199025205,-18.997601809587547,4.892541610562342,-19.415511528176957,5.310451329151752,-19.697783805278174,5.592723606252969,0.7001819956906274,1.2,0.75,0.9740394128102379,0.7905694150420949,0.3535533905932738,0.1,27.069900512695312,11.57040023803711,0.6000000238418579
66783.0,60.0,10.0,8.0,-15.378500912568462,-23.473533320402936,8.095032407834474,-23.80549707048294,8.426996157914477,-24.060752795771194,8.682251883202731,0.5872194753682578,1.2,1.0,0.9756114273975394,0.0,0.0,0.1,18.715299606323242,6.011020183563232,1.0
68274.0,61.0,10.0,8.0,-15.421493534182574,-17.139837767368455,1.7183442331858814,-12.739864759317712,-2.681628774864862,-17.28542646146217,1.8639329272795955,0.1455886940937141,0.4,0.75,0.9851575741453523,7.1501748230375455,0.3535533905932738,0.10000000000000002,19.121299743652344,6.249020099639893,1.0
68572.0,62.0,10.0,8.0,-13.196984421068986,-17.383561974191732,4.186577553122746,-17.27571946705209,4.078735045983105,-17.387700682740412,4.190716261671426,0.00413870854868037,0.6,0.625,0.9683141643907233,9.63716763369819,0.3535533905932738,0.1,18.4773006439209,6.305019855499268,1.0
72746.0,63.0,10.0,8.0,-15.41245373119281,-20.654219582593516,5.2417658514007055,-20.76722046091852,5.354766729725709,-21.075989926440055,5.663536195247245,0.4217703438465392,1.2,0.875,0.978539070698537,5.338539126015656,0.3535533905932738,0.09999999999999998,19.121299743652344,6.977019786834717,1.0
74535.0,64.0,10.0,8.0,-15.288864138723262,-19.284491985431544,3.995627846708281,-19.26730361724613,3.978439478522869,-19.452645498829238,4.163781360105975,0.16815351339769435,1.2,0.875,0.9792773055186482,0.3535533905932738,0.0,0.1,18.88330078125,7.27101993560791,1.0
75727.0,65.0,10.0,8.0,-16.107521389122766,-18.973097081118283,2.8655756919955166,-17.039720162119025,0.9321987729962586,-20.493755076578335,4.386233687455569,1.520657995460052,0.4,0.75,0.9817320891231334,0.7905694150420949,0.0,0.09999999999999998,18.715299606323242,7.467020034790039,1.0
76323.0,66.0,10.0,8.0,-14.962594384505651,-18.98157488039572,4.018980495890068,-18.68951250890194,3.72691812439629,-19.006646118534153,4.044051734028502,0.025071238138433927,0.6,0.75,0.97741868119892,2.7838821814150108,0.5,0.09999999999999999,18.63129997253418,7.5650200843811035,1.0
77218.0,67.0,10.0,8.0,-17.369557039642068,-17.510551029906793,0.14099399026472526,-14.382902080351696,-2.9866549592903713,-18.644092342587733,1.2745353029456652,1.13354131268094,0.4,0.625,0.9911795923686084,4.663689526544408,0.3535533905932738,0.10000000000000002,19.121299743652344,7.705019950866699,1.0
80497.0,68.0,10.0,8.0,-15.312914194711738,-17.094545778277507,1.781631583565769,-16.340791353088722,1.0278771583769846,-17.224738960857135,1.911824766145397,0.1301931825796281,0.4,0.625,0.9855436479939278,9.433981132056603,0.3535533905932738,0.09999999999999998,19.275299072265625,8.237019538879395,1.0
81392.0,69.0,10.0,8.0,-15.018677750187885,-15.729457672262585,0.7107799220746998,-14.131764633909187,-0.8869131162786985,-17.13868902024391,2.1200112700560236,1.4092313479813239,0.4,0.75,0.9811042340510738,6.8282501418738315,0.5,0.1,18.56130027770996,8.391019821166992,1.0
84373.0,70.0,10.0,8.0,-15.307070959314613,-17.98490001691736,2.6778290576027484,-18.036525077776535,2.7294541184619217,-18.222346846198526,2.9152758868839133,0.2374468292811649,1.2,0.75,0.9835056369699164,6.144102863722254,0.3535533905932738,0.1,19.35930061340332,8.867019653320312,1.0
84970.0,71.0,10.0,8.0,-16.047401762889052,-18.487003478369537,2.439601715480485,-18.08248406150906,2.035082298620008,-18.929901858900458,2.8825000960114053,0.4428983805309201,0.4,0.625,0.9865225922530214,10.14889156509222,0.3535533905932738,0.1,19.2893009185791,8.965020179748535,1.0
85864.0,72.0,10.0,8.0,-16.102680338506243,-20.12732929795511,4.024648959448868,-20.143094820925356,4.040414482419113,-20.354593622554702,4.2519132840484595,0.22726432459959156,1.2,0.875,0.9847138455029969,2.1213203435596424,0.3535533905932738,0.1,18.56130027770996,9.119020462036133,1.0
86460.0,73.0,10.0,8.0,-15.454408880054002,-18.94918090452341,3.494772024469407,-18.95603100921766,3.5016221291636587,-19.11266835756655,3.6582594775125497,0.1634874530431425,1.2,0.875,0.9830812800024086,7.7781745930520225,0.0,0.10000000000000005,18.4773006439209,9.217020034790039,1.0
86758.0,74.0,10.0,8.0,-17.564479116356694,-20.347944657723673,2.7834655413669793,-19.537279733184203,1.9728006168275094,-21.316963025872827,3.7524839095161333,0.969018368149154,0.4,0.875,0.9860380605586029,0.7071067811865476,0.0,0.09999999999999996,19.03730010986328,9.25901985168457,1.0
87355.0,75.0,10.0,8.0,-16.790013783294576,-19.73931105894364,2.9492972756490623,-19.653630775765407,2.8636169924708312,-19.862236334332632,3.072222551038056,0.12292527538899378,0.4,0.875,0.9882533629354061,0.3535533905932738,0.0,0.09999999999999998,18.967300415039062,9.357020378112793,1.0
88547.0,76.0,10.0,8.0,-15.624234426985273,-17.223340351193862,1.5991059242085885,-17.24549459336781,1.6212601663825357,-17.248168513154777,1.6239340861695037,0.024828161960915196,0.8,0.625,0.987607751132941,11.554220008291344,0.6123724356957945,0.1,18.799299240112305,9.553019523620605,1.0
91529.0,77.0,10.0,8.0,-16.52065545603334,-16.32307246177777,-0.19758299425556913,-13.921559428425335,-2.599096027608004,-18.369604217065024,1.8489487610316857,2.046531755287255,0.2,0.75,0.9864612234659961,2.715695122800054,0.3535533905932738,0.09999999999999999,18.40730094909668,10.043000221252441,1.0
94510.0,78.0,10.0,8.0,-16.5969239943721,-18.715080245915583,2.118156251543482,-19.284769534120414,2.687845539748313,-19.54833897378829,2.951414979416189,0.8332587278727068,1.2,0.875,0.9883355416893759,10.27131929208707,0.3535533905932738,0.1,19.205299377441406,10.519000053405762,1.0
96299.0,79.0,10.0,8.0,-14.025795573313285,-14.242137711266633,0.21634213795334745,-12.95909129018578,-1.066704283127505,-15.491946133553395,1.4661505602401093,1.2498084222867618,0.2,0.625,0.981587952387271,12.323757543866238,0.5,0.09999999999999995,18.967300415039062,10.812999725341797,1.0
97491.0,80.0,10.0,8.0,-15.895907092413035,-20.472349251321532,4.576442158908497,-20.459100979138817,4.563193886725783,-20.596727061064723,4.700819968651688,0.12437780974319068,1.2,0.75,0.9818567883929916,5.0,0.0,0.09999999999999998,18.799299240112305,11.008999824523926,1.0
98088.0,81.0,10.0,8.0,-14.45019128441331,-14.840801491600937,0.3906102071876276,-12.988189799022907,-1.4620014853904024,-15.926863309450674,1.4766720250373648,1.0860618178497372,0.2,0.75,0.9796556303965505,3.48209706929603,0.3535533905932738,0.09999999999999998,18.729299545288086,11.107000350952148,1.0
98386.0,82.0,10.0,8.0,-15.627524102783912,-16.823102674325135,1.1955785715412226,-17.165219596882892,1.5376954940989798,-17.353602529946603,1.7260784271626903,0.5304998556214677,1.2,0.625,0.9868868976963633,10.056092680559383,0.0,0.09999999999999999,19.2893009185791,11.14900016784668,1.0
99578.0,83.0,10.0,8.0,-15.568630751384054,-15.102892726910834,-0.4657380244732199,-12.750034815557905,-2.818595935826149,-17.089413979843805,1.5207832284597504,1.9865212529329703,0.2,0.75,0.9858236715381385,5.1478150704935,0.3535533905932738,0.1,19.121299743652344,11.345000267028809,1.0
99877.0,84.0,10.0,8.0,-13.809736569288518,-18.328070668002685,4.518334098714167,-18.788197387492584,4.978460818204066,-19.383078738335318,5.5733421690468,1.055008070332633,1.2,0.75,0.9671830933706055,1.3228756555322954,0.3535533905932738,0.1,18.491300582885742,11.401000022888184,1.0
100175.0,85.0,10.0,8.0,-15.224570839133118,-18.769801357830982,3.5452305186978634,-18.891063316284292,3.6664924771511735,-19.215730883775507,3.9911600446423883,0.44592952594452484,1.2,0.75,0.977259791235882,6.726812023536855,0.0,0.1,19.051300048828125,11.442999839782715,1.0
100473.0,86.0,10.0,8.0,-15.01493182207543,-20.143796188740495,5.128864366665065,-19.195631163650123,4.180699341574693,-20.211547085976477,5.196615263901046,0.06775089723598171,0.6,0.625,0.9777335964450622,2.0615528128088303,0.3535533905932738,0.09999999999999998,18.40730094909668,11.49899959564209,1.0
101069.0,87.0,10.0,8.0,-16.288775458649564,-18.324393280031796,2.035617821382232,-18.185905683428878,1.897130224779314,-18.323172579915063,2.034397121265499,-0.001220700116732587,0.8,0.75,0.98881323966931,11.3852975367357,0.5,0.09999999999999999,19.527299880981445,11.583000183105469,1.0
102262.0,88.0,10.0,8.0,-15.922060563971357,-18.393505677042565,2.4714451130712085,-18.6250971188551,2.7030365548837416,-18.814091908789695,2.8920313448183386,0.42058623174713006,1.2,0.875,0.9866946475732716,1.224744871391589,0.3535533905932738,0.1,19.373300552368164,11.779000282287598,1.0
106137.0,89.0,10.0,8.0,-15.582888707887063,-20.69036015867646,5.1074714507893955,-20.39129867268809,4.808409964801028,-20.758073494894887,5.175184787007824,0.06771333621842857,0.6,0.75,0.979496513375963,0.7905694150420949,0.0,0.1,19.443300247192383,12.409000396728516,1.0
106436.0,90.0,10.0,8.0,-15.096876453206722,-15.228276958384503,0.13140050517778157,-13.19524107815791,-1.9016353750488122,-16.59709157564739,1.5002151224406681,1.3688146172628866,0.2,0.625,0.9851187999631194,8.403868156985805,0.5,0.1,18.81329917907715,12.46500015258789,1.0
107628.0,91.0,10.0,8.0,-13.90698434309902,-18.59060579235333,4.683621449254309,-18.545638620561952,4.638654277462932,-18.873161154269994,4.966176811170973,0.2825553619166641,1.2,0.625,0.9713691521305223,3.588175023601831,0.3535533905932738,0.09999999999999998,18.645299911499023,12.66100025177002,1.0
108821.0,92.0,10.0,8.0,-14.504189769153976,-18.550645132049844,4.046455362895868,-18.835664336216283,4.3314745670623065,-19.167252376529127,4.663062607375151,0.6166072444792832,1.2,0.875,0.9780713972364414,6.010407640085654,0.3535533905932738,0.09999999999999999,18.491300582885742,12.857000350952148,1.0
109119.0,93.0,10.0,8.0,-14.967651085444496,-20.016565392739906,5.04891430729541,-19.973624662290607,5.005973576846111,-20.14498922488295,5.177338139438453,0.1284238321430422,1.2,0.875,0.9759130386329704,10.277402395547233,0.3535533905932738,0.1,19.051300048828125,12.89900016784668,1.0
109715.0,94.0,10.0,8.0,-15.419731646072384,-18.71537153705937,3.295639890986985,-18.466929170023903,3.047197523951519,-18.779055520871438,3.3593238747990544,0.0636839838120693,0.4,0.75,0.9827864568597339,11.10180165558726,0.0,0.09999999999999999,18.967300415039062,12.996999740600586,1.0
112100.0,95.0,10.0,8.0,-16.55447246821189,-22.767164882159744,6.2126924139478525,-22.904221971383652,6.349749503171761,-23.129287032344813,6.574814564132922,0.3621221501850691,0.8,0.875,0.9837659648508023,0.8660254037844386,0.0,0.10000000000000002,18.645299911499023,13.388999938964844,1.0
115976.0,96.0,10.0,8.0,-13.34414607970135,-19.3450910441988,6.0009449644974495,-19.210468026321955,5.866321946620605,-19.37958402863574,6.035437948934391,0.03449298443694104,0.8,0.625,0.9638041354285717,3.3354160160315836,0.3535533905932738,0.1,18.729299545288086,14.019000053405762,1.0
116274.0,97.0,10.0,8.0,-14.3076908194519,-19.384807106715858,5.077116287263959,-19.073232701645022,4.765541882193123,-19.377514616494384,5.069823797042485,-0.007292490221473713,0.6,0.875,0.974937780645488,0.6123724356957945,0.0,0.1,19.2893009185791,14.060999870300293,1.0
116572.0,98.0,10.0,8.0,-15.293531088327319,-24.282814278623796,8.989283190296478,-24.624755288274343,9.331224199947025,-24.890932261078703,9.597401172751384,0.6081179824549068,1.2,0.875,0.9747411524134706,0.7905694150420949,0.0,0.09999999999999998,18.645299911499023,14.116999626159668,1.0
118361.0,99.0,10.0,8.0,-12.959017259998973,-18.75604949227726,5.797032232278287,-18.633937149393386,5.674919889394413,-18.796923562763734,5.837906302764761,0.04087407048647407,0.8,0.875,0.9613574317022304,4.286607049870562,0.3535533905932738,0.10000000000000002,18.40730094909668,14.41100025177002,1.0
298.0,0.0,10.0,16.0,-13.027240032808923,-15.136163277705062,2.1089232448961397,-15.243309078105867,2.216069045296944,-15.362765227839482,2.3355251950305593,0.22660195013441964,1.2,0.6875,0.9787007457867004,4.716990566028302,0.3535533905932738,0.09999999999999999,26.899900436401367,6.200439929962158,0.6000000238418579
1192.0,1.0,10.0,16.0,-13.169765179617434,-17.107024510958514,3.93725933134108,-16.963221740448585,3.7934565608311512,-17.103251029290398,3.933485849672964,-0.0037734816681158634,0.6,0.5625,0.9693902104211203,8.933784192602818,0.5,0.09999999999999999,27.36989974975586,6.270440101623535,0.6000000238418579
2385.0,2.0,10.0,16.0,-13.716772535621196,-15.026741347898575,1.3099688122773792,-15.466600102744618,1.7498275671234218,-15.829735996090086,2.1129634604688903,0.8029946481915111,1.2,0.5,0.9836080044293745,7.917543811056558,0.3535533905932738,0.09999999999999999,27.199899673461914,6.3704400062561035,0.6000000238418579
4472.0,3.0,10.0,16.0,-13.550924804322229,-17.199254309583477,3.6483295052612483,-17.204009749528314,3.6530849452060856,-17.21941500944845,3.668490205126222,0.020160699864973708,0.8,0.6875,0.9758422649304421,7.945124291035352,0.25,0.1,27.499900817871094,6.540440082550049,0.6000000238418579
4770.0,4.0,10.0,16.0,-13.602549223339091,-15.03714896278202,1.4345997394429286,-15.33129748127849,1.7287482579393991,-15.418834497384253,1.8162852740451623,0.38168553460223364,1.2,0.5625,0.9868146218666396,11.219402836158437,0.6123724356957945,0.10000000000000005,26.849899291992188,6.57043981552124,0.6000000238418579
8049.0,5.0,10.0,16.0,-13.421714754948228,-14.931283722857152,1.5095689679089244,-14.731081202355048,1.3093664474068198,-14.936499035464276,1.5147842805160483,0.005215312607123934,0.6,0.6875,0.9811438290148786,8.860022573334675,0.4330127018922193,0.1,26.969900131225586,6.840439796447754,0.6000000238418579
10733.0,6.0,10.0,16.0,-13.139407983922794,-15.882698399866,2.743290415943205,-15.975724665766549,2.836316681843755,-16.07261653855518,2.9332085546323867,0.1899181386891815,1.2,0.625,0.9759880588031122,7.897784499465657,0.3535533905932738,0.09999999999999998,27.189899444580078,7.0604400634765625,0.6000000238418579
11031.0,7.0,10.0,16.0,-14.359308942011044,-15.801597743539531,1.4422888015284876,-15.908598776485443,1.5492898344743988,-16.02289390899059,1.6635849669795455,0.2212961654510579,1.2,0.6875,0.9886282982964145,10.422331792837916,0.25,0.1,26.539899826049805,7.090439796447754,0.6000000238418579
12223.0,8.0,10.0,16.0,-14.113262009332887,-15.21816892337488,1.104906914041992,-15.540319865504435,1.4270578561715475,-15.743135152948515,1.6298731436156277,0.5249662295736357,1.2,0.5,0.9878294246281464,9.89002022242624,0.5590169943749475,0.1,26.359899520874023,7.1904401779174805,0.6000000238418579
13714.0,9.0,10.0,16.0,-13.154639668248699,-14.12775800322439,0.9731183349756911,-14.736225972932038,1.5815863046833396,-15.164004653510725,2.0093649852620263,1.0362466502863352,1.2,0.375,0.9868682648364183,11.093353866166895,0.4330127018922193,0.09999999999999998,26.749900817871094,7.3104400634765625,0.6000000238418579
15503.0,10.0,10.0,16.0,-14.455768015710637,-17.051738718887353,2.5959707031767163,-17.256642692603098,2.8008746768924606,-17.401353495554467,2.94558547984383,0.3496147766671136,1.2,0.6875,0.9862487523323049,4.58257569495584,0.4330127018922193,0.1,26.489900588989258,7.460440158843994,0.6000000238418579
15801.0,11.0,10.0,16.0,-14.67007305800745,-15.937901926939045,1.2678288689315949,-16.104011289391313,1.4339382313838627,-16.240397147607585,1.5703240896001347,0.30249522066853984,1.2,0.6875,0.987501325251069,7.00446286306095,0.4330127018922193,0.09999999999999998,27.04990005493164,7.480440139770508,0.6000000238418579
17292.0,12.0,10.0,16.0,-14.672888990657375,-16.48403915893568,1.8111501682783047,-16.492293035666435,1.81940404500906,-16.669158245354627,1.9962692546972516,0.18511908641894692,1.2,0.75,0.9852517867494547,5.782516753110189,0.5,0.10000000000000002,27.439899444580078,7.60044002532959,0.6000000238418579
17590.0,13.0,10.0,16.0,-14.344592730403203,-15.784883710163477,1.4402909797602739,-15.844694522029547,1.500101791626344,-15.893524213722873,1.5489314833196701,0.10864050355939625,1.2,0.6875,0.9843851167655874,10.641898326896381,0.25,0.1,26.789899826049805,7.6304402351379395,0.6000000238418579
18484.0,14.0,10.0,16.0,-14.319134700198461,-16.158023839637785,1.838889139439324,-16.531085156756046,2.2119504565575845,-16.745246930294645,2.4261122300961837,0.5872230906568596,1.2,0.6875,0.9877604598694595,8.459462157844316,0.25,0.1,27.259899139404297,7.700439929962158,0.6000000238418579
18782.0,15.0,10.0,16.0,-14.09097039480808,-16.8343240418984,2.7433536470903217,-17.07240822274135,2.9814378279332683,-17.1807667594457,3.0897963646376194,0.3464427175472977,1.2,0.625,0.9831329309332613,9.594920531197744,0.6123724356957945,0.1,26.609899520874023,7.730440139770508,0.6000000238418579
19080.0,16.0,10.0,16.0,-12.74749660284235,-15.771423743329631,3.023927140487281,-15.640985328561358,2.893488725719008,-15.782681169857236,3.035184567014886,0.011257426527604864,0.6,0.5625,0.9724412779130431,9.542667341996157,0.4330127018922193,0.1,27.16990089416504,7.7504401206970215,0.6000000238418579
20869.0,17.0,10.0,16.0,-14.043390552296168,-16.48832579628419,2.444935243988022,-16.28294682856459,2.239556276268422,-16.509907039154864,2.466516486858696,0.02158124287067409,0.6,0.625,0.982293924795393,6.708203932499369,0.3535533905932738,0.09999999999999999,26.909900665283203,7.900440216064453,0.6000000238418579
21167.0,18.0,10.0,16.0,-14.586756972530942,-15.853764596634583,1.2670076241036412,-15.598788164894755,1.0120311923638123,-16.00085611010314,1.4140991375721974,0.1470915134685562,0.4,0.6875,0.987138022539973,6.219927652312364,0.4330127018922193,0.09999999999999999,27.469900131225586,7.920440196990967,0.6000000238418579
22360.0,19.0,10.0,16.0,-13.644093614837292,-16.583696569445475,2.9396029546081834,-16.909774595196883,3.2656809803595905,-17.067275771046724,3.423182156209432,0.48357920160124834,1.2,0.6875,0.9802799358403802,6.800735254367722,0.25,0.09999999999999996,27.29990005493164,8.020440101623535,0.6000000238418579
22658.0,20.0,10.0,16.0,-14.643335278870325,-17.250404654420812,2.6070693755504877,-17.449385452619914,2.8060501737495898,-17.52086794818925,2.8775326693189243,0.2704632937684366,1.2,0.6875,0.9863748168454952,5.5170191226784775,0.25,0.1,26.649900436401367,8.050439834594727,0.6000000238418579
23254.0,21.0,10.0,16.0,-13.223411346361786,-15.721645534139373,2.4982341877775873,-15.84840488522566,2.6249935388638743,-16.010372042127244,2.7869606957654582,0.2887265079878709,1.2,0.4375,0.9775026529894516,10.77323071320762,0.4330127018922193,0.10000000000000002,26.559900283813477,8.10044002532959,0.6000000238418579
25341.0,22.0,10.0,16.0,-13.81327144816803,-15.294957284506438,1.481685836338409,-15.38987122097809,1.5765997728100611,-15.479867339073895,1.6665958909058656,0.18491005456745668,1.2,0.625,0.9860418445297926,6.388466169590319,0.3535533905932738,0.1,26.859899520874023,8.270440101623535,0.6000000238418579
26236.0,23.0,10.0,16.0,-12.773086553569055,-15.126668077886386,2.353581524317331,-15.391917427063738,2.6188308734946837,-15.579247533887447,2.806160980318392,0.452579456001061,1.2,0.5,0.9779435100853635,8.73212459828649,0.3535533905932738,0.09999999999999998,27.33989906311035,8.340439796447754,0.6000000238418579
26534.0,24.0,10.0,16.0,-14.136964769130156,-14.095997287989611,-0.04096748114054449,-14.238221851364672,0.10125708223451646,-14.876769012830152,0.7398042436999965,0.780771724840541,0.2,0.625,0.9871285010581614,11.294356998076518,0.5590169943749475,0.1,26.689899444580078,8.370439529418945,0.6000000238418579
27428.0,25.0,10.0,16.0,-14.070072723332913,-15.328299570115405,1.2582268467824917,-15.589159958511784,1.519087235178871,-15.765050824654615,1.694978101321702,0.43675125453921027,1.2,0.625,0.98788098669449,8.757139944068497,0.25,0.1,27.159900665283203,8.44044017791748,0.6000000238418579
30112.0,26.0,10.0,16.0,-15.48979202185534,-17.780550892306405,2.2907588704510644,-17.64384945641829,2.154057434562951,-17.81896731470017,2.3291752928448304,0.03841642239376597,0.4,0.75,0.9862011614528298,9.148087231765993,0.25,0.1,27.379899978637695,8.660440444946289,0.6000000238418579
30410.0,27.0,10.0,16.0,-15.019840342071273,-16.0769788814437,1.0571385393724277,-16.095761940448057,1.0759215983767838,-16.306040807778107,1.286200465706834,0.22906192633440625,1.2,0.5,0.9886437417151619,10.917302780449024,0.6123724356957945,0.10000000000000002,26.729900360107422,8.69044017791748,0.6000000238418579
32199.0,28.0,10.0,16.0,-14.399910232373879,-16.411998783171608,2.0120885507977295,-17.011033429955308,2.6111231975814295,-17.40273370677305,3.00282347439917,0.9907349236014404,1.2,0.875,0.9873281436615802,2.598076211353316,0.4330127018922193,0.1,26.469900131225586,8.840439796447754,0.6000000238418579
32497.0,29.0,10.0,16.0,-12.936528189292922,-14.67509536573022,1.7385671764372983,-14.79760604146131,1.861077852168389,-14.871890723616106,1.9353625343231844,0.1967953578858861,1.2,0.625,0.9770037906082953,6.614378277661476,0.4330127018922193,0.10000000000000002,27.02989959716797,8.860440254211426,0.6000000238418579
33093.0,30.0,10.0,16.0,-14.610594854777705,-15.596101225560439,0.9855063707827334,-15.455222986794585,0.8446281320168794,-15.733510158911514,1.1229153041338087,0.1374089333510753,0.4,0.625,0.9866990019455278,11.388041973930374,0.5590169943749475,0.10000000000000002,26.939899444580078,8.910440444946289,0.6000000238418579
33391.0,31.0,10.0,16.0,-13.66418239608043,-15.562525360298054,1.8983429642176244,-15.789548198664288,2.1253658025838593,-16.02038085535499,2.3561984592745606,0.45785549505693623,1.2,0.625,0.9823641969060115,9.797958971132712,0.4330127018922193,0.1,27.499900817871094,8.930439949035645,0.6000000238418579
34286.0,32.0,10.0,16.0,-14.204130681737812,-15.36400698509996,1.1598763033621484,-15.528750947575265,1.3246202658374528,-15.720007134156893,1.5158764524190804,0.356000149056932,1.2,0.625,0.9886584064057904,7.322909257938405,0.5,0.1,26.769899368286133,9.0104398727417,0.6000000238418579
36969.0,33.0,10.0,16.0,-14.401755676917386,-16.84539544449731,2.443639767579924,-16.83909907149144,2.4373433945740537,-16.938202142009818,2.536446465092432,0.0928066975125077,1.2,0.5625,0.98427865772529,9.931012033020602,0.25,0.1,26.979900360107422,9.230440139770508,0.6000000238418579
37565.0,34.0,10.0,16.0,-14.410313454642537,-16.326090126546347,1.91577667190381,-16.316071191241804,1.9057577365992664,-16.455429166993422,2.045115712350885,0.1293390404470749,1.2,0.625,0.9837755593846529,5.973901572674261,0.3535533905932738,0.09999999999999999,26.88990020751953,9.280440330505371,0.6000000238418579
38758.0,35.0,10.0,16.0,-13.080116280269339,-15.512991947672711,2.4328756674033727,-15.667482301762675,2.5873660214933363,-15.831832675266318,2.751716394996979,0.3188407275936065,1.2,0.5625,0.9773607958882438,9.620940702446928,0.5590169943749475,0.1,26.719900131225586,9.380439758300781,0.6000000238418579
41739.0,36.0,10.0,16.0,-12.909875763038418,-15.71100005331983,2.801124290281413,-15.781062544252556,2.8711867812141385,-15.918359635060463,3.0084838720220457,0.20735958174063285,1.2,0.5625,0.9748581471630406,7.053367989832942,0.25,0.1,27.489900588989258,9.620439529418945,0.6000000238418579
42634.0,37.0,10.0,16.0,-13.288946535130087,-14.608352002424756,1.3194054672946685,-14.420023646923553,1.1310771117934664,-14.804988443635384,1.5160419085052972,0.19663644121062873,0.4,0.4375,0.9803082400013031,10.362190888031353,0.4330127018922193,0.09999999999999998,26.759899139404297,9.700440406799316,0.6000000238418579
42932.0,38.0,10.0,16.0,-14.442041870675341,-16.300485302247914,1.8584434315725726,-16.42884867813344,1.9868068074581,-16.59693002481967,2.154888154144329,0.29644472257175636,1.2,0.625,0.9857802899758922,7.6892782496148495,0.5590169943749475,0.1,27.319900512695312,9.720439910888672,0.6000000238418579
43230.0,39.0,10.0,16.0,-12.405295320767408,-14.709923107401039,2.304627786633631,-14.837515673478674,2.4322203527112656,-15.015589865715276,2.610294544947868,0.30566675831423673,1.2,0.5625,0.9747102188270371,8.347903928532,0.25,0.10000000000000002,26.66990089416504,9.750439643859863,0.6000000238418579
43826.0,40.0,10.0,16.0,-13.466855213201432,-15.947903591711885,2.4810483785104527,-16.148789089643557,2.681933876442125,-16.3053574782903,2.8385022650888683,0.3574538865784156,1.2,0.5,0.9802963439933676,11.583932838203095,0.3535533905932738,0.10000000000000005,26.57990074157715,9.800439834594727,0.6000000238418579
45317.0,41.0,10.0,16.0,-13.935799914518796,-15.581266011138261,1.6454660966194652,-15.869866290911743,1.9340663763929467,-16.074592805162176,2.13879289064338,0.49332679402391477,1.2,0.6875,0.9873468554961476,7.079901129253148,0.5,0.1,26.969900131225586,9.920439720153809,0.6000000238418579
48000.0,42.0,10.0,16.0,-13.559693526603727,-16.483356643820393,2.923663117216666,-16.900072857685736,3.3403793310820085,-17.089174629837903,3.5294811032341755,0.6058179860175095,1.2,0.625,0.9776904999506658,4.75,0.4330127018922193,0.10000000000000005,27.179899215698242,10.140399932861328,0.6000000238418579
48895.0,43.0,10.0,16.0,-13.897668682449641,-14.196706028811105,0.2990373463614642,-13.504679469065428,-0.39298921338421344,-14.57836135819633,0.6806926757466893,0.3816553293852252,0.2,0.625,0.987311863463979,9.188987974744553,0.4330127018922193,0.1,26.449899673461914,10.220399856567383,0.6000000238418579
50982.0,44.0,10.0,16.0,-14.03842073693286,-14.822760504532045,0.7843397675991852,-15.042502446757542,1.004081709824682,-15.168230684955828,1.1298099480229684,0.3454701804237832,1.2,0.4375,0.9889158505664959,11.115867037707854,0.5590169943749475,0.1,26.749900817871094,10.390399932861328,0.6000000238418579
51578.0,45.0,10.0,16.0,-14.318663907231997,-16.76986715218943,2.4512032449574335,-16.90811861901638,2.5894547117843842,-17.010219024433862,2.6915551172018652,0.24035187224443177,1.2,0.6875,0.9848890851238817,4.802343178074636,0.4330127018922193,0.1,26.659900665283203,10.440400123596191,0.6000000238418579
54261.0,46.0,10.0,16.0,-14.78013140803428,-17.334467550051727,2.5543361420174477,-17.359023911855484,2.578892503821205,-17.436643655792466,2.6565122477581866,0.10217610574073888,1.2,0.75,0.9844880207566469,6.823672031978091,0.3535533905932738,0.1,26.86989974975586,10.660400390625,0.6000000238418579
55155.0,47.0,10.0,16.0,-14.856386858629973,-17.557466787680976,2.7010799290510032,-17.73029940077806,2.8739125421480853,-17.938559922140826,3.0821730635108526,0.3810931344598494,1.2,0.8125,0.9840406835229132,2.6457513110645907,0.25,0.1,27.33989906311035,10.730400085449219,0.6000000238418579
55454.0,48.0,10.0,16.0,-13.81291372937416,-16.26548118412797,2.4525674547538117,-16.210404683733614,2.397490954359455,-16.274192011722775,2.4612782823486157,0.008710827594804016,0.6,0.6875,0.9790614688337221,10.594810050208546,0.3535533905932738,0.09999999999999999,26.699899673461914,10.76039981842041,0.6000000238418579
58435.0,49.0,10.0,16.0,-15.024046611248558,-15.850606467487665,0.8265598562391077,-15.637145284005427,0.6130986727568697,-15.948751724142396,0.9247051128938377,0.09814525665473006,0.4,0.625,0.9916775809028036,10.723805294763608,0.25,0.1,27.469900131225586,11.000399589538574,0.6000000238418579
59329.0,50.0,10.0,16.0,-12.990859383489838,-14.262122293202657,1.271262909712819,-14.295393032267775,1.3045336487779373,-14.422412775345279,1.4315533918554415,0.16029048214262254,1.2,0.4375,0.9801163432931976,8.951256894984079,0.5,0.10000000000000005,26.729900360107422,11.080400466918945,0.6000000238418579
60224.0,51.0,10.0,16.0,-12.773488310257669,-14.242810351285797,1.4693220410281285,-14.135798122582454,1.362309812324785,-14.25444522341493,1.4809569131572609,0.01163487212913239,0.6,0.4375,0.9829151220889328,12.852528934026953,0.5,0.1,27.20989990234375,11.150400161743164,0.6000000238418579
61118.0,52.0,10.0,16.0,-12.461018658112465,-14.181376423818064,1.7203577657055984,-14.20459991434426,1.7435812562317956,-14.332152098166533,1.8711334400540682,0.15077567434846983,1.2,0.75,0.9784743211899891,6.698880503487131,0.25,0.1,26.469900131225586,11.230400085449219,0.6000000238418579
62013.0,53.0,10.0,16.0,-13.709826596080095,-15.354247101039372,1.6444205049592764,-15.270456920458429,1.5606303243783337,-15.399201490835663,1.6893748947555682,0.04495438979629185,0.4,0.5625,0.9818415774493238,11.297123527695003,0.5,0.09999999999999998,26.949899673461914,11.300399780273438,0.6000000238418579
62311.0,54.0,10.0,16.0,-14.160666572151593,-16.43988144202683,2.279214869875238,-16.65267437131313,2.492007799161536,-16.907865970771887,2.7471993986202943,0.46798452874505614,1.2,0.625,0.9830554460930853,10.985786271359915,0.5,0.10000000000000002,27.509899139404297,11.32040023803711,0.6000000238418579
63205.0,55.0,10.0,16.0,-13.511949655888492,-15.305277258692055,1.7933276028035632,-15.42336012156099,1.911410465672498,-15.507142175079942,1.9951925191914501,0.20186491638788695,1.2,0.625,0.9828072163992916,7.854139036202504,0.4330127018922193,0.1,26.769899368286133,11.400400161743164,0.6000000238418579
64398.0,56.0,10.0,16.0,-13.10912415128546,-14.769474819292167,1.660350668006707,-14.6470575115579,1.53793336027244,-14.803363534191503,1.6942393829060425,0.033888714899335426,0.4,0.625,0.9804368937291418,10.407329148249325,0.0,0.10000000000000002,26.599899291992188,11.500399589538574,0.6000000238418579
64696.0,57.0,10.0,16.0,-14.44656311113244,-15.69297143100628,1.24640831987384,-15.755665558473265,1.309102447340825,-15.819148150935092,1.3725850398026527,0.12617671992881263,1.2,0.625,0.9882398461986933,7.842193570679061,0.4330127018922193,0.1,27.159900665283203,11.520400047302246,0.6000000238418579
64994.0,58.0,10.0,16.0,-13.11950861043256,-14.519002531230553,1.399493920797994,-14.745785182578109,1.6262765721455494,-14.984026697925565,1.8645180874930052,0.46502416669501123,1.2,0.5,0.9837449528078588,11.874342087037917,0.5590169943749475,0.10000000000000005,26.509899139404297,11.550399780273438,0.6000000238418579
65292.0,59.0,10.0,16.0,-14.623467278730747,-16.424739338650795,1.8012720599200485,-16.47127677151891,1.847809492788162,-16.556283050613366,1.9328157718826198,0.1315437119625713,1.2,0.75,0.9869713430980513,8.496322733983215,0.25,0.1,27.069900512695312,11.57040023803711,0.6000000238418579
66783.0,60.0,10.0,16.0,-14.465223089664509,-17.136122611547723,2.6708995218832143,-17.340959561973012,2.8757364723085033,-17.5149779976327,3.0497549079681896,0.37885538608497527,1.2,0.75,0.9829220728978508,3.0618621784789726,0.0,0.1,18.715299606323242,6.011020183563232,1.0
68274.0,61.0,10.0,16.0,-14.558898553993247,-15.73713528469927,1.1782367307060237,-14.02787354636528,-0.5310250076279672,-15.738734391520621,1.1798358375273743,0.00159910682135056,0.6,0.625,0.9901198638574269,10.603655030224248,0.4330127018922193,0.10000000000000002,19.121299743652344,6.249020099639893,1.0
68572.0,62.0,10.0,16.0,-13.225050180903526,-15.257041916022654,2.031991735119128,-15.363953266222822,2.1389030853192956,-15.494404163031676,2.26935398212815,0.2373622470090222,1.2,0.625,0.9803022991343207,8.814051281902097,0.3535533905932738,0.1,18.4773006439209,6.305019855499268,1.0
72746.0,63.0,10.0,16.0,-13.960192278626202,-15.374250894042836,1.414058615416634,-15.52968189747608,1.569489618849877,-15.783217119784297,1.8230248411580945,0.4089662257414606,1.2,0.5625,0.9846817410958625,10.685855136581255,0.4330127018922193,0.09999999999999998,19.121299743652344,6.977019786834717,1.0
74535.0,64.0,10.0,16.0,-13.899508944259564,-15.299737849861796,1.4002289056022317,-15.328651828336213,1.429142884076649,-15.420722617765465,1.5212136735059012,0.12098476790366952,1.2,0.6875,0.9845016578686774,10.11805317242403,0.4330127018922193,0.1,18.88330078125,7.27101993560791,1.0
75727.0,65.0,10.0,16.0,-13.98065864618945,-14.819712991128661,0.8390543449392105,-14.174278448562578,0.19361980237312792,-15.409307936663442,1.4286492904739916,0.5895949455347811,0.4,0.625,0.9845498678744514,7.917543811056558,0.4330127018922193,0.09999999999999998,18.715299606323242,7.467020034790039,1.0
76323.0,66.0,10.0,16.0,-13.903818789648675,-14.28338434071404,0.37956555106536527,-14.295042844745176,0.39122405509650093,-14.511432546089559,0.6076137564408839,0.22804820537551862,1.2,0.625,0.9884677725415064,8.674675786448736,0.4330127018922193,0.09999999999999999,18.63129997253418,7.5650200843811035,1.0
77218.0,67.0,10.0,16.0,-14.400554318969865,-14.369693001480673,-0.030861317489192075,-12.854949036705559,-1.5456052822643063,-14.841504197067195,0.4409498780973298,0.47181119558652185,0.2,0.5,0.9917178210990402,7.454025757937787,0.5,0.10000000000000002,19.121299743652344,7.705019950866699,1.0
80497.0,68.0,10.0,16.0,-13.871256081180734,-15.09467420912555,1.2234181279448162,-15.012319046944105,1.1410629657633713,-15.09388030822355,1.2226242270428163,-0.0007939009019999332,0.6,0.5,0.9888432989515186,13.645054048995188,0.5590169943749475,0.09999999999999998,19.275299072265625,8.237019538879395,1.0
81392.0,69.0,10.0,16.0,-13.43677390149351,-14.762125340333412,1.3253514388399026,-14.968287874405599,1.531513972912089,-15.238750924579973,1.8019770230864633,0.47662558424656076,1.2,0.5,0.9858421281475446,8.888194417315589,0.5,0.1,18.56130027770996,8.391019821166992,1.0
84373.0,70.0,10.0,16.0,-13.943551357213515,-15.0182669367085,1.0747155794949848,-14.982333486335799,1.0387821291222838,-15.125246040563383,1.1816946833498676,0.10697910385488285,0.4,0.4375,0.9864566976028656,9.993748045653343,0.5590169943749475,0.1,19.35930061340332,8.867019653320312,1.0
84970.0,71.0,10.0,16.0,-14.457173279467515,-14.887469568049166,0.43029628858165125,-14.757057790684563,0.29988451121704784,-15.103635437485858,0.646462158018343,0.2161658694366917,0.4,0.5625,0.9913991309330913,11.149551560488879,0.25,0.1,19.2893009185791,8.965020179748535,1.0
85864.0,72.0,10.0,16.0,-13.655554382937876,-15.068537466141924,1.4129830832040486,-15.376697101464744,1.7211427185268686,-15.707147457158733,2.0515930742208575,0.6386099910168088,1.2,0.4375,0.9856190473837776,11.22218784373172,0.4330127018922193,0.1,18.56130027770996,9.119020462036133,1.0
86460.0,73.0,10.0,16.0,-14.094480326397289,-15.748644348868863,1.6541640224715746,-15.823025118115927,1.7285447917186385,-15.929602526326285,1.8351221999289962,0.1809581774574216,1.2,0.5625,0.9864363091351424,13.428049001995785,0.4330127018922193,0.10000000000000005,18.4773006439209,9.217020034790039,1.0
86758.0,74.0,10.0,16.0,-15.77398110580659,-17.643272830415544,1.8692917246089547,-17.850710880737324,2.076729774930735,-18.097158159987178,2.3231770541805883,0.45388532957163363,1.2,0.625,0.9889819990330239,8.295330011518528,0.3535533905932738,0.09999999999999996,19.03730010986328,9.25901985168457,1.0
87355.0,75.0,10.0,16.0,-14.71230991649515,-15.114246992680137,0.4019370761849874,-15.133835391566642,0.4215254750714923,-15.451858687812116,0.7395487713169668,0.3376116951319794,0.2,0.625,0.9911807458476405,11.280514172678478,0.5,0.09999999999999998,18.967300415039062,9.357020378112793,1.0
88547.0,76.0,10.0,16.0,-14.204702999278744,-14.910729352461074,0.7060263531823292,-14.88687878059868,0.6821757813199358,-14.913107690861203,0.7084046915824587,0.002378338400129465,0.6,0.625,0.992499771997081,12.108881038312335,0.3535533905932738,0.1,18.799299240112305,9.553019523620605,1.0
91529.0,77.0,10.0,16.0,-15.038345596586527,-15.565420483964115,0.5270748873775872,-15.29729258622908,0.2589469896425527,-15.842871655531956,0.8045260589454291,0.2774511715678418,0.2,0.625,0.9913808671504686,7.664854858377946,0.5,0.09999999999999999,18.40730094909668,10.043000221252441,1.0
94510.0,78.0,10.0,16.0,-14.459805954770477,-15.259525034723133,0.7997190799526557,-15.532304794744736,1.0724988399742585,-15.738823773453895,1.2790178186834176,0.4792987387307619,1.2,0.5625,0.9919395084020985,12.774486291041217,0.5,0.1,19.205299377441406,10.519000053405762,1.0
96299.0,79.0,10.0,16.0,-12.64348816669239,-13.897796395800947,1.2543082291085579,-13.918831670787393,1.2753435040950034,-14.048178151663024,1.4046899849706342,0.15038175586207636,1.2,0.4375,0.9842139315861854,12.160386507015309,0.6614378277661477,0.09999999999999995,18.967300415039062,10.812999725341797,1.0
97491.0,80.0,10.0,16.0,-13.88108230280199,-15.656651173842684,1.7755688710406936,-15.949775261949672,2.068692959147681,-16.270697864773794,2.3896155619718034,0.6140466909311098,1.2,0.5625,0.9837431936717056,10.259142264341596,0.3535533905932738,0.09999999999999998,18.799299240112305,11.008999824523926,1.0
98088.0,81.0,10.0,16.0,-13.188608229885626,-12.835283903806703,-0.3533243260789227,-11.699610385677978,-1.4889978442076472,-13.69256239420151,0.5039541643158838,0.8572784903948065,0.2,0.5625,0.9863901772002359,8.355387483534201,0.5,0.09999999999999998,18.729299545288086,11.107000350952148,1.0
98386.0,82.0,10.0,16.0,-14.194743404014229,-14.912332786508548,0.7175893824943191,-15.08551290711576,0.8907695031015308,-15.207099667529878,1.012356263515649,0.29476688102132975,1.2,0.4375,0.9907435443181078,10.056092680559383,0.25,0.09999999999999999,19.2893009185791,11.14900016784668,1.0
99578.0,83.0,10.0,16.0,-13.912075808481184,-13.159804502595012,-0.7522713058861719,-11.583743064359965,-2.3283327441212194,-14.461625568116972,0.5495497596357879,1.3018210655219598,0.2,0.5,0.9892687765270596,9.788385975225946,0.6123724356957945,0.1,19.121299743652344,11.345000267028809,1.0
99877.0,84.0,10.0,16.0,-13.604197007808697,-15.443396538421599,1.8391995306129019,-15.500349193932,1.8961521861233024,-15.749754110841947,2.1455571030332496,0.3063575724203478,1.2,0.625,0.9764591306330604,5.09288719686584,0.4330127018922193,0.1,18.491300582885742,11.401000022888184,1.0
100175.0,85.0,10.0,16.0,-14.708436925101122,-16.158335868735037,1.4498989436339151,-16.19567996174386,1.487243036642738,-16.412956057838343,1.7045191327372216,0.2546201891033064,1.2,0.625,0.9839893970575024,5.7118298293979315,0.25,0.1,19.051300048828125,11.442999839782715,1.0
100473.0,86.0,10.0,16.0,-14.242203178699736,-15.481327621920197,1.2391244432204616,-15.309076271263038,1.066873092563302,-15.643558998319005,1.401355819619269,0.16223137639880747,0.4,0.625,0.9867777098745901,9.113863066779093,0.3535533905932738,0.09999999999999998,18.40730094909668,11.49899959564209,1.0
101069.0,87.0,10.0,16.0,-14.203739661924757,-14.946137116724438,0.742397454799681,-15.004469919212882,0.8007302572881247,-15.00527522996382,0.8015355680390623,0.05913811323938134,0.8,0.5,0.991518751223371,12.272937708633577,0.5590169943749475,0.09999999999999999,19.527299880981445,11.583000183105469,1.0
102262.0,88.0,10.0,16.0,-13.19859005742758,-14.197851080237884,0.9992610228103036,-14.281511833495571,1.082921776067991,-14.392986423423908,1.1943963659963277,0.1951353431860241,1.2,0.5625,0.9878644047968135,14.278480311293636,0.3535533905932738,0.1,19.373300552368164,11.779000282287598,1.0
106137.0,89.0,10.0,16.0,-14.902307315660394,-17.105078636124574,2.20277132046418,-17.71052676099602,2.8082194453356273,-18.139786073612484,3.23747875795209,1.03470743748791,1.2,0.625,0.9880312369808278,6.485560885536423,0.25,0.1,19.443300247192383,12.409000396728516,1.0
106436.0,90.0,10.0,16.0,-12.959638842340738,-12.844022452338564,-0.11561639000217383,-11.641397277601403,-1.3182415647393348,-13.674431277320899,0.7147924349801613,0.8304088249823351,0.2,0.375,0.985454027145534,12.293290853144248,0.7071067811865476,0.1,18.81329917907715,12.46500015258789,1.0
107628.0,91.0,10.0,16.0,-12.960277997911628,-14.492827373652592,1.5325493757409632,-14.604498398439326,1.644220400527697,-14.954977082120442,1.994699084208813,0.46214970846784986,1.2,0.5,0.9794940212677264,6.566962768281849,0.5,0.09999999999999998,18.645299911499023,12.66100025177002,1.0
108821.0,92.0,10.0,16.0,-13.632504125439782,-14.718316249559251,1.0858121241194691,-14.600068376913772,0.9675642514739895,-14.891558597696786,1.259054472257004,0.17324234813753492,0.4,0.625,0.9836025028675315,9.807522622966516,0.4330127018922193,0.09999999999999999,18.491300582885742,12.857000350952148,1.0
109119.0,93.0,10.0,16.0,-14.241706212035298,-16.058940588313828,1.8172343762785292,-16.044622216884502,1.8029160048492034,-16.210511960382,1.9688057483467016,0.1515713720681724,1.2,0.5625,0.9823962356950344,12.759800155174846,0.5,0.1,19.051300048828125,12.89900016784668,1.0
109715.0,94.0,10.0,16.0,-13.99206191057573,-15.580113694997786,1.5880517844220563,-15.53403681674771,1.5419749061719799,-15.593099049665343,1.6010371390896125,0.012985354667556237,0.4,0.5,0.9865622707839304,13.160072188251856,0.5,0.09999999999999999,18.967300415039062,12.996999740600586,1.0
112100.0,95.0,10.0,16.0,-13.990371477437982,-15.732571529180138,1.7422000517421559,-15.728402398964317,1.7380309215263345,-15.771056146462923,1.7806846690249412,0.038484617282785294,0.8,0.5625,0.9856060513284478,10.213349107907748,0.5590169943749475,0.10000000000000002,18.645299911499023,13.388999938964844,1.0
115976.0,96.0,10.0,16.0,-13.458147372488565,-15.541174511120657,2.083027138632092,-15.73613999103114,2.2779926185425747,-15.960972536323183,2.5028251638346184,0.4197980252025264,1.2,0.5625,0.9790235823601194,9.303897032964198,0.25,0.1,18.729299545288086,14.019000053405762,1.0
116274.0,97.0,10.0,16.0,-13.26856447498849,-15.262089021298369,1.993524546309878,-15.38994841597869,2.1213839409901993,-15.496833293198591,2.2282688182101005,0.2347442719002224,1.2,0.625,0.98215013439182,8.551315688243536,0.4330127018922193,0.1,19.2893009185791,14.060999870300293,1.0
116572.0,98.0,10.0,16.0,-14.34381751957719,-16.559310894986037,2.2154933754088475,-16.397441575137815,2.0536240555606255,-16.590993704900402,2.2471761853232124,0.031682809914364896,0.4,0.6875,0.9820600503386961,8.452070752188483,0.4330127018922193,0.09999999999999998,18.645299911499023,14.116999626159668,1.0
118361.0,99.0,10.0,16.0,-12.515035523142997,-14.798482986001751,2.2834474628587547,-14.684426480779734,2.169390957636738,-14.804626182494383,2.2895906593513864,0.006143196492631731,0.6,0.5625,0.9725703072052754,8.972179222463181,0.4330127018922193,0.10000000000000002,18.40730094909668,14.41100025177002,1.0
298.0,0.0,20.0,4.0,-12.22230949433786,-27.923643832499607,15.701334338161747,-29.49050268811149,17.26819319377363,-31.791333895351332,19.569024401013472,3.8676900628517252,0.8,1.0,0.9401146755051588,0.0,0.0,0.009999999999999998,26.899900436401367,6.200439929962158,0.6000000238418579
1192.0,1.0,20.0,4.0,-11.983266853355875,-21.84781443263731,9.864547579281435,-26.404271529915455,14.42100467655958,-26.404271529915455,14.42100467655958,4.556457097278145,1.0,0.75,0.9368774476244808,0.7071067811865476,0.5,0.009999999999999998,27.36989974975586,6.270440101623535,0.6000000238418579
2385.0,2.0,20.0,4.0,-16.333132356506628,-21.59078753729598,5.257655180789353,-21.298369320731602,4.9652369642249745,-21.82036164601172,5.487229289505091,0.22957410871573813,0.8,1.0,0.9768892299002626,0.0,0.0,0.009999999999999998,27.199899673461914,6.3704400062561035,0.6000000238418579
4472.0,3.0,20.0,4.0,-12.068258261933174,-28.4030648108685,16.334806548935326,-29.79243385859403,17.724175596660857,-33.08492874145739,21.016670479524215,4.681863930588889,0.8,1.0,0.9381015778129362,0.0,0.0,0.01,27.499900817871094,6.540440082550049,0.6000000238418579
4770.0,4.0,20.0,4.0,-15.571740026837569,-27.76453923367533,12.19279920683776,-25.077017189602607,9.505277162765038,-27.925878560223897,12.354138533386328,0.16133932654856764,0.6,1.0,0.9727595774275035,0.0,0.0,0.010000000000000004,26.849899291992188,6.57043981552124,0.6000000238418579
8049.0,5.0,20.0,4.0,-14.709704298645022,-21.814904541649767,7.105200243004745,-22.162968392484288,7.453264093839266,-26.413279693177024,11.703575394532002,4.598375151527257,1.2,1.0,0.9664037373790311,0.0,0.0,0.01,26.969900131225586,6.840439796447754,0.6000000238418579
10733.0,6.0,20.0,4.0,-12.95322143041549,-31.93012925817337,18.97690782775788,-27.500820603965433,14.547599173549944,-32.166366237333435,19.213144806917946,0.23623697916006492,0.8,1.0,0.9494889303985512,0.0,0.0,0.009999999999999998,27.189899444580078,7.0604400634765625,0.6000000238418579
11031.0,7.0,20.0,4.0,-14.789721151990546,-26.309029488137927,11.51930833614738,-22.84119992596478,8.051478773974234,-27.692564330857326,12.90284317886678,1.3835348427193992,0.4,0.75,0.9673008702444655,0.7071067811865476,0.0,0.01,26.539899826049805,7.090439796447754,0.6000000238418579
12223.0,8.0,20.0,4.0,-16.261342968445817,-17.641289500360294,1.3799465319144772,-17.628046391856294,1.3667034234104776,-17.675759745203944,1.4144167767581273,0.03447024484365002,0.8,1.0,0.9768284965985806,0.0,0.0,0.01,26.359899520874023,7.1904401779174805,0.6000000238418579
13714.0,9.0,20.0,4.0,-16.955053390742926,-22.02825574814443,5.073202357401506,-25.20098681078356,8.245933420040636,-26.561702053278267,9.606648662535342,4.533446305133836,1.2,1.0,0.9800558810437807,0.0,0.0,0.009999999999999998,26.749900817871094,7.3104400634765625,0.6000000238418579
15503.0,10.0,20.0,4.0,-14.902305622998552,-26.586008434270884,11.683702811272331,-21.385621763676482,6.48331614067793,-27.373622285347885,12.471316662349333,0.7876138510770012,0.6,1.0,0.9679749759412843,0.0,0.0,0.01,26.489900588989258,7.460440158843994,0.6000000238418579
15801.0,11.0,20.0,4.0,-14.654826028207374,-23.546571414544562,8.891745386337188,-25.485163434158082,10.830337405950708,-26.008861095126132,11.354035066918758,2.46228968058157,1.2,1.0,0.9660286670572874,0.0,0.0,0.009999999999999998,27.04990005493164,7.480440139770508,0.6000000238418579
17292.0,12.0,20.0,4.0,-13.98653339006282,-33.39616839815828,19.40963500809546,-25.687382545324393,11.700849155261572,-32.82901000320289,18.842476613140068,-0.567158394955392,0.6,0.75,0.9604398363436465,0.7071067811865476,0.5,0.010000000000000002,27.439899444580078,7.60044002532959,0.6000000238418579
17590.0,13.0,20.0,4.0,-13.91015596825335,-18.214913872122462,4.3047579038691115,-21.337857576490308,7.427701608236957,-23.099098750480167,9.188942782226816,4.884184878357704,1.2,1.0,0.9600830691053959,0.0,0.0,0.01,26.789899826049805,7.6304402351379395,0.6000000238418579
18484.0,14.0,20.0,4.0,-14.945915156695426,-17.10791440642788,2.161999249732455,-17.453347036493895,2.507431879798469,-18.089241013664417,3.143325856968991,0.9813266072365359,1.2,1.0,0.9681690657590261,0.0,0.0,0.01,27.259899139404297,7.700439929962158,0.6000000238418579
18782.0,15.0,20.0,4.0,-13.58012202388251,-22.251060565007677,8.670938541125167,-23.402495147872045,9.822373123989536,-23.823666369452962,10.243544345570452,1.5726058044452849,1.2,1.0,0.9563651375755343,0.0,0.0,0.01,26.609899520874023,7.730440139770508,0.6000000238418579
19080.0,16.0,20.0,4.0,-12.28120899239583,-28.543256471843698,16.262047479447865,-27.991554343065197,15.710345350669366,-31.091921500878694,18.810712508482865,2.5486650290349964,0.8,1.0,0.9412449467349377,0.0,0.0,0.01,27.16990089416504,7.7504401206970215,0.6000000238418579
20869.0,17.0,20.0,4.0,-14.369694542383142,-27.928712150546428,13.559017608163286,-27.638079927083904,13.268385384700762,-28.566009208730335,14.196314666347194,0.6372970581839077,1.2,1.0,0.9638353033502725,0.0,0.0,0.009999999999999998,26.909900665283203,7.900440216064453,0.6000000238418579
21167.0,18.0,20.0,4.0,-14.98895694130036,-32.161090119938805,17.172133178638447,-24.817282816840077,9.828325875539717,-31.951102056862855,16.962145115562492,-0.20998806307595075,0.6,1.0,0.9686225206161692,0.0,0.0,0.009999999999999998,27.469900131225586,7.920440196990967,0.6000000238418579
22360.0,19.0,20.0,4.0,-13.191260492877294,-28.600183403335993,15.408922910458699,-25.55704046573314,12.365779972855847,-28.11409215748236,14.922831664605066,-0.4860912458536326,0.8,1.0,0.9522738250549406,0.0,0.0,0.009999999999999997,27.29990005493164,8.020440101623535,0.6000000238418579
22658.0,20.0,20.0,4.0,-14.124898593123746,-25.7869135342913,11.662014941167556,-26.856835757865696,12.73193716474195,-26.856835757865696,12.73193716474195,1.0699222235743946,1.0,1.0,0.9618402405853795,0.0,0.0,0.01,26.649900436401367,8.050439834594727,0.6000000238418579
23254.0,21.0,20.0,4.0,-14.172693203824211,-29.680805962000235,15.508112758176024,-27.656361179391425,13.483667975567213,-30.006539342920178,15.833846139095966,0.3257333809199423,0.6,1.0,0.9620714765400373,0.0,0.0,0.010000000000000002,26.559900283813477,8.10044002532959,0.6000000238418579
25341.0,22.0,20.0,4.0,-14.129317342300158,-30.683793855853544,16.554476513553386,-23.77792500199897,9.648607659698811,-30.42860367874827,16.299286336448112,-0.25519017710527336,0.6,1.0,0.9618171779338207,0.0,0.0,0.01,26.859899520874023,8.270440101623535,0.6000000238418579
26236.0,23.0,20.0,4.0,-13.471932992044977,-30.011963638281905,16.54003064623693,-25.68509640896825,12.213163416923273,-29.265881841686642,15.793948849641666,-0.7460817965952629,0.6,1.0,0.9555924523776772,0.0,0.0,0.009999999999999998,27.33989906311035,8.340439796447754,0.6000000238418579
26534.0,24.0,20.0,4.0,-15.246378098973475,-20.456101352136823,5.209723253163348,-20.867288475011122,5.6209103760376475,-23.280400221805188,8.034022122831713,2.8242988696683646,1.2,1.0,0.9703662562020903,0.0,0.0,0.01,26.689899444580078,8.370439529418945,0.6000000238418579
27428.0,25.0,20.0,4.0,-15.039579086939368,-16.954730207920427,1.9151511209810597,-16.41158902779655,1.3720099408571809,-16.961463921868642,1.9218848349292745,0.00673371394821487,0.6,1.0,0.9687725761860717,0.0,0.0,0.01,27.159900665283203,8.44044017791748,0.6000000238418579
30112.0,26.0,20.0,4.0,-13.595481125831508,-30.77962331211758,17.18414218628607,-25.256685384705563,11.661204258874054,-30.207402796677428,16.61192167084592,-0.5722205154401507,0.6,1.0,0.9564081862781562,0.0,0.0,0.01,27.379899978637695,8.660440444946289,0.6000000238418579
30410.0,27.0,20.0,4.0,-17.018352420479946,-23.471718184956206,6.45336576447626,-23.446688045699634,6.428335625219688,-23.552131476777323,6.5337790562973765,0.08041329182111667,1.2,1.0,0.980419789796829,0.0,0.0,0.010000000000000002,26.729900360107422,8.69044017791748,0.6000000238418579
32199.0,28.0,20.0,4.0,-13.701336890535757,-20.790146661593873,7.088809771058116,-20.523620616146463,6.822283725610706,-20.979725710630987,7.2783888200952305,0.1895790490371141,0.8,1.0,0.9578757084954952,0.0,0.0,0.01,26.469900131225586,8.840439796447754,0.6000000238418579
32497.0,29.0,20.0,4.0,-13.559352090796203,-18.976512881056983,5.41716079026078,-19.071953653120104,5.512601562323901,-19.454794136995574,5.895442046199371,0.4782812559385903,0.8,1.0,0.9561457019835827,0.0,0.0,0.010000000000000002,27.02989959716797,8.860440254211426,0.6000000238418579
33093.0,30.0,20.0,4.0,-15.003310880588936,-24.094527144557134,9.091216263968198,-27.451022442041342,12.447711561452406,-29.321268159044536,14.3179572784556,5.226741014487402,1.2,1.0,0.9686302385541513,0.0,0.0,0.010000000000000002,26.939899444580078,8.910440444946289,0.6000000238418579
33391.0,31.0,20.0,4.0,-13.714255684260015,-22.141769893313036,8.42751420905302,-23.135831353622613,9.421575669362598,-25.239138604971096,11.52488292071108,3.09736871165806,1.2,1.0,0.9576739912810976,0.0,0.0,0.01,27.499900817871094,8.930439949035645,0.6000000238418579
34286.0,32.0,20.0,4.0,-15.850723320569,-26.189163132517322,10.338439811948323,-25.422843557203812,9.572120236634813,-26.25796632315231,10.40724300258331,0.06880319063498774,0.6,1.0,0.9740849561412036,0.0,0.0,0.01,26.769899368286133,9.0104398727417,0.6000000238418579
36969.0,33.0,20.0,4.0,-14.227682428887473,-31.16556665601424,16.937884227126766,-24.874260576352864,10.64657814746539,-31.17570468554056,16.948022256653086,0.01013802952632048,0.6,1.0,0.9625842714941087,0.0,0.0,0.01,26.979900360107422,9.230440139770508,0.6000000238418579
37565.0,34.0,20.0,4.0,-14.039390399583667,-23.37844072331453,9.339050323730863,-24.165215217836355,10.125824818252688,-28.213047486690947,14.17365708710728,4.834606763376417,1.2,0.75,0.9609477975704074,0.7071067811865476,0.5,0.009999999999999998,26.88990020751953,9.280440330505371,0.6000000238418579
38758.0,35.0,20.0,4.0,-13.181719418393335,-29.316623780850307,16.13490436245697,-27.729865142247696,14.548145723854361,-29.590160081582333,16.408440663188998,0.27353630073202595,0.8,1.0,0.9524386174183361,0.0,0.0,0.01,26.719900131225586,9.380439758300781,0.6000000238418579
41739.0,36.0,20.0,4.0,-12.634163451043634,-28.309587413886398,15.675423962842764,-26.163740883309327,13.529577432265693,-28.869229360902985,16.23506590985935,0.559641947016587,0.8,1.0,0.9459551921231191,0.0,0.0,0.01,27.489900588989258,9.620439529418945,0.6000000238418579
42634.0,37.0,20.0,4.0,-14.567028456793539,-35.07680938206123,20.50978092526769,-24.86724168505478,10.30021322826124,-36.510979077902604,21.943950621109067,1.4341696958413763,0.6,1.0,0.9651705850619892,0.0,0.0,0.009999999999999998,26.759899139404297,9.700440406799316,0.6000000238418579
42932.0,38.0,20.0,4.0,-14.881332590046599,-29.630480694033842,14.749148103987244,-26.79606168976914,11.91472909972254,-29.811465582171664,14.930132992125065,0.18098488813782154,0.6,1.0,0.967621399849799,0.0,0.0,0.01,27.319900512695312,9.720439910888672,0.6000000238418579
43230.0,39.0,20.0,4.0,-12.724268288178084,-32.5691489952823,19.844880707104213,-28.25907786199013,15.534809573812044,-34.28601882627874,21.561750538100657,1.716869830996444,0.8,1.0,0.9467694756572831,0.0,0.0,0.010000000000000002,26.66990089416504,9.750439643859863,0.6000000238418579
43826.0,40.0,20.0,4.0,-14.123150042703065,-21.412102669033036,7.288952626329971,-19.16345915518309,5.040309112480026,-24.46806191812207,10.344911875419006,3.0559592490890353,0.4,1.0,0.9616541129958253,0.0,0.0,0.010000000000000004,26.57990074157715,9.800439834594727,0.6000000238418579
45317.0,41.0,20.0,4.0,-14.774159024100538,-27.930037353120536,13.155878329019998,-23.47102025083579,8.696861226735251,-28.28094990735488,13.506790883254343,0.35091255423434475,0.6,1.0,0.9667150345940612,0.0,0.0,0.01,26.969900131225586,9.920439720153809,0.6000000238418579
48000.0,42.0,20.0,4.0,-13.047201609153802,-23.47412828805814,10.426926678904337,-22.90905352936378,9.861851920209979,-23.612769560742557,10.565567951588754,0.13864127268441706,0.8,1.0,0.9508332941499955,0.0,0.0,0.010000000000000004,27.179899215698242,10.140399932861328,0.6000000238418579
48895.0,43.0,20.0,4.0,-16.350436777051637,-21.2313827636458,4.880945986594163,-17.87109889119791,1.5206621141462726,-23.155650404903426,6.8052136278517885,1.9242676412576252,0.4,1.0,0.9769891737132194,0.0,0.0,0.01,26.449899673461914,10.220399856567383,0.6000000238418579
50982.0,44.0,20.0,4.0,-16.81892082889921,-17.696186303830977,0.8772654749317681,-17.454468610823096,0.6355477819238864,-17.715936183120043,0.8970153542208337,0.019749879289065575,0.6,1.0,0.9793689337943111,0.0,0.0,0.01,26.749900817871094,10.390399932861328,0.6000000238418579
51578.0,45.0,20.0,4.0,-13.64091315898592,-29.451092884112366,15.810179725126446,-25.167402133635424,11.526488974649503,-28.958610341996376,15.317697183010456,-0.4924825421159902,0.6,1.0,0.9571922720940492,0.0,0.0,0.01,26.659900665283203,10.440400123596191,0.6000000238418579
54261.0,46.0,20.0,4.0,-13.566812322004598,-22.19912293842855,8.63231061642395,-23.587755883006942,10.020943561002344,-25.275293387208816,11.708481065204218,3.0761704487802675,1.2,1.0,0.9563712711406657,0.0,0.0,0.01,26.86989974975586,10.660400390625,0.6000000238418579
55155.0,47.0,20.0,4.0,-12.928770865619468,-31.363264663885595,18.434493798266125,-26.834558151226094,13.905787285606626,-31.016035047039992,18.087264181420522,-0.3472296168456026,0.8,1.0,0.9491994915818897,0.0,0.0,0.01,27.33989906311035,10.730400085449219,0.6000000238418579
55454.0,48.0,20.0,4.0,-12.703476214385551,-23.96735462154847,11.263878407162919,-25.972494519841355,13.269018305455804,-25.972494519841355,13.269018305455804,2.005139898292885,1.0,1.0,0.9465506941220913,0.0,0.0,0.009999999999999998,26.699899673461914,10.76039981842041,0.6000000238418579
58435.0,49.0,20.0,4.0,-15.989725958118292,-28.7422120312954,12.752486073177106,-25.746235860876126,9.756509902757834,-28.972058613300497,12.982332655182205,0.22984658200509855,0.6,1.0,0.9750118429431552,0.0,0.0,0.01,27.469900131225586,11.000399589538574,0.6000000238418579
59329.0,50.0,20.0,4.0,-14.227425075666595,-23.593358983915792,9.365933908249197,-26.648236484767892,12.420811409101297,-28.775838811736534,14.54841373606994,5.1824798278207425,1.2,1.0,0.962641494416438,0.0,0.0,0.010000000000000004,26.729900360107422,11.080400466918945,0.6000000238418579
60224.0,51.0,20.0,4.0,-15.725728796190765,-30.18344740595838,14.457718609767614,-25.261557698177242,9.535828901986477,-29.78855045697998,14.062821660789215,-0.3948969489783991,0.6,1.0,0.973769025711449,0.0,0.0,0.01,27.20989990234375,11.150400161743164,0.6000000238418579
61118.0,52.0,20.0,4.0,-12.954175203995195,-29.14884493914116,16.194669735145965,-26.047081164113315,13.09290596011812,-28.982225494128407,16.028050290133212,-0.16661944501275272,0.8,1.0,0.9495350438866497,0.0,0.0,0.01,26.469900131225586,11.230400085449219,0.6000000238418579
62013.0,53.0,20.0,4.0,-13.838721324379852,-21.069491797460216,7.230770473080364,-22.427454294380915,8.588732970001063,-24.450672211614854,10.611950887235002,3.381180414154638,1.2,1.0,0.9589362507242366,0.0,0.0,0.009999999999999998,26.949899673461914,11.300399780273438,0.6000000238418579
62311.0,54.0,20.0,4.0,-13.875261424956957,-31.708593645902194,17.833332220945238,-28.52437418609693,14.649112761139975,-32.269334468537686,18.39407304358073,0.5607408226354913,0.8,1.0,0.959301847880297,0.0,0.0,0.010000000000000002,27.509899139404297,11.32040023803711,0.6000000238418579
63205.0,55.0,20.0,4.0,-14.417218239557428,-25.883234249169785,11.466016009612357,-22.71643270613992,8.299214466582491,-26.038989898563727,11.6217716590063,0.15575564939394226,0.6,1.0,0.9641163498813382,0.0,0.0,0.01,26.769899368286133,11.400400161743164,0.6000000238418579
64398.0,56.0,20.0,4.0,-13.923692673068818,-23.13580760179407,9.212114928725253,-22.943107804917823,9.019415131849005,-24.985060767437286,11.061368094368468,1.8492531656432156,1.2,1.0,0.9598118292568433,0.0,0.0,0.010000000000000002,26.599899291992188,11.500399589538574,0.6000000238418579
64696.0,57.0,20.0,4.0,-15.155209509768909,-21.55540856072424,6.4001990509553295,-22.517067359921143,7.361857850152234,-23.18792695360316,8.032717443834251,1.6325183928789215,1.2,1.0,0.969623614074004,0.0,0.0,0.01,27.159900665283203,11.520400047302246,0.6000000238418579
64994.0,58.0,20.0,4.0,-14.31735207107481,-21.103603897716027,6.786251826641218,-21.27729423219192,6.959942161117111,-21.37638217940447,7.05903010832966,0.2727782816884421,0.8,0.75,0.9631496442229031,0.7071067811865476,0.5,0.010000000000000004,26.509899139404297,11.550399780273438,0.6000000238418579
65292.0,59.0,20.0,4.0,-14.224368576311974,-29.40671266519002,15.182344088878047,-24.06541451882576,9.841045942513787,-29.568766596610168,15.344398020298193,0.16205393142014657,0.6,1.0,0.9626726851051416,0.0,0.0,0.01,27.069900512695312,11.57040023803711,0.6000000238418579
66783.0,60.0,20.0,4.0,-12.8867864804058,-26.645878794002307,13.759092313596508,-25.069756829748798,12.182970349342998,-26.838723456413497,13.951936976007698,0.19284466241118992,0.8,1.0,0.9491495370479295,0.0,0.0,0.01,18.715299606323242,6.011020183563232,1.0
68274.0,61.0,20.0,4.0,-16.266338378835396,-19.065749581925047,2.799411203089651,-14.927034952610505,-1.339303426224891,-22.704144975904214,6.437806597068818,3.6383953939791667,0.4,1.0,0.976580640783426,0.0,0.0,0.010000000000000002,19.121299743652344,6.249020099639893,1.0
68572.0,62.0,20.0,4.0,-13.57001002437193,-28.218790174202617,14.648780149830687,-25.4632267289331,11.893216704561171,-27.654232784458756,14.084222760086826,-0.5645573897438609,0.6,1.0,0.9561048804638146,0.0,0.0,0.01,18.4773006439209,6.305019855499268,1.0
72746.0,63.0,20.0,4.0,-14.36044608889771,-26.02069282934917,11.66024674045146,-22.474726521332013,8.114280432434303,-26.24957767601213,11.88913158711442,0.22888484666296094,0.6,1.0,0.9635655097316528,0.0,0.0,0.009999999999999998,19.121299743652344,6.977019786834717,1.0
74535.0,64.0,20.0,4.0,-13.844657750816067,-15.867351997355604,2.0226942465395368,-13.632434864855863,-0.21222288596020356,-17.363040135075046,3.518382384258979,1.4956881377194424,0.4,1.0,0.9591822955750442,0.0,0.0,0.01,18.88330078125,7.27101993560791,1.0
75727.0,65.0,20.0,4.0,-15.637211715189625,-22.94190981306044,7.304698097870816,-16.265654475279238,0.6284427600896123,-30.01776678286575,14.380555067676124,7.075856969805308,0.4,1.0,0.9729007333082798,0.0,0.0,0.009999999999999998,18.715299606323242,7.467020034790039,1.0
76323.0,66.0,20.0,4.0,-14.888041434350743,-15.571834918035899,0.6837934836851556,-12.989791547974885,-1.898249886375858,-17.38423843993545,2.4961970055847083,1.8124035218995527,0.4,1.0,0.9679731399756185,0.0,0.0,0.009999999999999998,18.63129997253418,7.5650200843811035,1.0
77218.0,67.0,20.0,4.0,-18.385974933292605,-21.046082667875705,2.6601077345831,-13.959301162971984,-4.426673770320621,-26.60096704554927,8.214992112256667,5.554884377673567,0.4,1.0,0.986028338838241,0.0,0.0,0.010000000000000002,19.121299743652344,7.705019950866699,1.0
80497.0,68.0,20.0,4.0,-17.600899219040137,-20.303367712392223,2.702468493352086,-14.774045140657659,-2.8268540783824783,-27.563982217615106,9.963082998574968,7.2606145052228825,0.4,1.0,0.9828460200038837,0.0,0.0,0.009999999999999998,19.275299072265625,8.237019538879395,1.0
81392.0,69.0,20.0,4.0,-15.53911610863215,-18.143371836221547,2.604255727589397,-15.338405819018037,-0.20071028961411308,-20.6703672593309,5.131251150698748,2.5269954231093514,0.4,1.0,0.9723937674428623,0.0,0.0,0.01,18.56130027770996,8.391019821166992,1.0
84373.0,70.0,20.0,4.0,-15.995440390563775,-22.339700015865326,6.34425962530155,-19.861316762068547,3.865876371504772,-23.427114751012073,7.431674360448298,1.0874147351467478,0.4,1.0,0.9750122970230699,0.0,0.0,0.01,19.35930061340332,8.867019653320312,1.0
84970.0,71.0,20.0,4.0,-17.63370648194185,-17.65332320303802,0.01961672109617041,-13.454113034361864,-4.179593447579986,-22.464183270937713,4.830476788995863,4.810860067899693,0.2,1.0,0.9832803555006303,0.0,0.0,0.01,19.2893009185791,8.965020179748535,1.0
85864.0,72.0,20.0,4.0,-15.654326739467363,-26.869655628350927,11.215328888883564,-21.722757279326057,6.068430539858694,-27.914714231560932,12.26038749209357,1.0450586032100055,0.4,1.0,0.9732641205873814,0.0,0.0,0.01,18.56130027770996,9.119020462036133,1.0
86460.0,73.0,20.0,4.0,-15.089359973972915,-25.264453740451568,10.175093766478653,-21.744396199191307,6.655036225218392,-25.694123300077585,10.60476332610467,0.42966955962601716,0.6,1.0,0.9692796424360913,0.0,0.0,0.010000000000000004,18.4773006439209,9.217020034790039,1.0
86758.0,74.0,20.0,4.0,-16.246199716796504,-18.687224692219445,2.441024975422941,-15.019676337535639,-1.2265233792608647,-21.709732167220906,5.4635324504244025,3.0225074750014613,0.4,1.0,0.9766343780057121,0.0,0.0,0.009999999999999997,19.03730010986328,9.25901985168457,1.0
87355.0,75.0,20.0,4.0,-16.455261958755546,-23.873305433055364,7.418043474299818,-20.566970789629593,4.111708830874047,-25.80552653239204,9.350264573636494,1.932221099336676,0.4,1.0,0.9780149580741484,0.0,0.0,0.009999999999999998,18.967300415039062,9.357020378112793,1.0
88547.0,76.0,20.0,4.0,-17.90190539337551,-23.02046983859767,5.118564445222159,-25.727488791232553,7.8255833978570415,-26.493572423578293,8.591667030202782,3.473102584980623,1.2,1.0,0.9841839456830183,0.0,0.0,0.01,18.799299240112305,9.553019523620605,1.0
91529.0,77.0,20.0,4.0,-16.819244061223174,-18.557115798543048,1.7378717373198747,-14.433027629344926,-2.386216431878248,-21.942249301903143,5.123005240679969,3.3851335033600947,0.4,1.0,0.9794448644382749,0.0,0.0,0.009999999999999998,18.40730094909668,10.043000221252441,1.0
94510.0,78.0,20.0,4.0,-17.43539969982286,-19.638529153746745,2.2031294539238857,-14.857586793326632,-2.577812906496227,-25.511814400952318,8.076414701129458,5.8732852472055725,0.4,1.0,0.9820743716538737,0.0,0.0,0.01,19.205299377441406,10.519000053405762,1.0
96299.0,79.0,20.0,4.0,-16.27415373137704,-17.96041591711523,1.6862621857381903,-14.937125905014907,-1.3370278263621334,-21.191245688912716,4.917091957535675,3.2308297717974845,0.4,1.0,0.9766380235142375,0.0,0.0,0.009999999999999995,18.967300415039062,10.812999725341797,1.0
97491.0,80.0,20.0,4.0,-15.25529268490818,-25.455913101319837,10.200620416411656,-22.25146356258975,6.996170877681568,-25.801388844855428,10.546096159947247,0.34547574353559085,0.6,1.0,0.9706258157975042,0.0,0.0,0.009999999999999998,18.799299240112305,11.008999824523926,1.0
98088.0,81.0,20.0,4.0,-15.07680409619513,-16.710108864229632,1.6333047680345025,-14.522184873000242,-0.5546192231948872,-18.76512315329932,3.6883190571041915,2.055014289069689,0.4,1.0,0.9694426141867326,0.0,0.0,0.009999999999999998,18.729299545288086,11.107000350952148,1.0
98386.0,82.0,20.0,4.0,-17.523655686131214,-18.078231342467202,0.554575656335988,-14.084006012838655,-3.4396496732925588,-21.87807872467595,4.354423038544738,3.7998473822087497,0.4,1.0,0.9825401413906091,0.0,0.0,0.009999999999999998,19.2893009185791,11.14900016784668,1.0
99578.0,83.0,20.0,4.0,-16.27976778615492,-17.755516757399633,1.4757489712447125,-14.448152011086833,-1.8316157750680873,-20.6464439010462,4.3666761148912805,2.890927143646568,0.4,1.0,0.9767800348965912,0.0,0.0,0.01,19.121299743652344,11.345000267028809,1.0
99877.0,84.0,20.0,4.0,-12.352398179451678,-14.016368096749328,1.663969917297651,-12.386202202889308,0.03380402343763045,-14.986946307165862,2.6345481277141847,0.9705782104165337,0.4,1.0,0.9420302919923631,0.0,0.0,0.01,18.491300582885742,11.401000022888184,1.0
100175.0,85.0,20.0,4.0,-13.420602045863683,-22.36389144318126,8.943289397317576,-20.96590453414557,7.5453024882818855,-22.329208768693608,8.908606722829925,-0.03468267448765161,0.6,1.0,0.954791026538045,0.0,0.0,0.01,19.051300048828125,11.442999839782715,1.0
100473.0,86.0,20.0,4.0,-15.22226215608258,-30.780182848370515,15.557920692287935,-23.54572573612836,8.32346358004578,-32.225320152512765,17.003057996430186,1.44513730414225,0.6,0.75,0.9701932412078222,0.7071067811865476,0.5,0.009999999999999998,18.40730094909668,11.49899959564209,1.0
101069.0,87.0,20.0,4.0,-17.985344883919968,-25.019370983838574,7.034026099918606,-24.261194880292287,6.275849996372319,-25.120010692952135,7.1346658090321675,0.10063970911356179,0.6,1.0,0.9843690117263826,0.0,0.0,0.009999999999999998,19.527299880981445,11.583000183105469,1.0
102262.0,88.0,20.0,4.0,-16.15948122623854,-22.727155824571632,6.567674598333092,-20.73388664001839,4.57440541377985,-23.15402716202554,6.994545935786999,0.4268713374539068,0.4,1.0,0.9759647342532949,0.0,0.0,0.01,19.373300552368164,11.779000282287598,1.0
106137.0,89.0,20.0,4.0,-14.699739783286924,-18.658058060134607,3.958318276847683,-14.550407012997333,-0.14933277028959147,-21.08258107801509,6.3828412947281645,2.4245230178804817,0.4,1.0,0.966490886276851,0.0,0.0,0.01,19.443300247192383,12.409000396728516,1.0
106436.0,90.0,20.0,4.0,-17.128625117065962,-25.733535239051232,8.60491012198527,-22.61540884027491,5.486783723208948,-25.844702736439224,8.716077619373262,0.11116749738799214,0.6,1.0,0.9811159873985463,0.0,0.0,0.01,18.81329917907715,12.46500015258789,1.0
107628.0,91.0,20.0,4.0,-14.774504719581818,-24.43245011045532,9.657945390873502,-22.47065643906072,7.6961517194789,-24.501348285789852,9.726843566208034,0.06889817533453169,0.6,1.0,0.9669663589795406,0.0,0.0,0.009999999999999998,18.645299911499023,12.66100025177002,1.0
108821.0,92.0,20.0,4.0,-13.992008122634939,-34.736904553677064,20.744896431042125,-26.13549439819364,12.1434862755587,-33.77315633192786,19.78114820929292,-0.9637482217492064,0.6,1.0,0.9604310248195901,0.0,0.0,0.009999999999999998,18.491300582885742,12.857000350952148,1.0
109119.0,93.0,20.0,4.0,-13.829873880771796,-29.30043257518779,15.470558694415995,-25.116175456755272,11.286301575983476,-28.90798221899592,15.078108338224123,-0.39245035619187263,0.6,1.0,0.9586825438473706,0.0,0.0,0.01,19.051300048828125,12.89900016784668,1.0
109715.0,94.0,20.0,4.0,-15.61903714501552,-27.51311527794818,11.89407813293266,-22.15711239915814,6.538075254142621,-28.551281694561066,12.932244549545546,1.038166416612885,0.6,1.0,0.9726951333040663,0.0,0.0,0.009999999999999998,18.967300415039062,12.996999740600586,1.0
112100.0,95.0,20.0,4.0,-14.645090788795192,-22.247606779097573,7.602515990302381,-20.8412995056742,6.196208716879008,-22.160969554737548,7.515878765942356,-0.0866372243600253,0.6,1.0,0.9659916628163244,0.0,0.0,0.010000000000000002,18.645299911499023,13.388999938964844,1.0
115976.0,96.0,20.0,4.0,-13.341485723563212,-17.50750151052872,4.166015786965508,-14.200608613770003,0.8591228902067911,-19.149629822515678,5.808144098952466,1.6421283119869585,0.4,1.0,0.9540179668801512,0.0,0.0,0.01,18.729299545288086,14.019000053405762,1.0
116274.0,97.0,20.0,4.0,-13.173545673178687,-20.800377973742748,7.626832300564061,-16.103559928007524,2.930014254828837,-21.33147789886395,8.157932225685265,0.5310999251212039,0.6,1.0,0.9521647929262362,0.0,0.0,0.01,19.2893009185791,14.060999870300293,1.0
116572.0,98.0,20.0,4.0,-12.871733750164843,-26.876864737781858,14.005130987617015,-19.440444377465216,6.568710627300373,-26.65667688327853,13.784943133113686,-0.22018785450332956,0.6,0.75,0.9489163425523433,0.7071067811865476,0.5,0.009999999999999998,18.645299911499023,14.116999626159668,1.0
118361.0,99.0,20.0,4.0,-11.748026187228863,-28.29803290321424,16.550006715985376,-28.913902975038475,17.165876787809612,-32.724388219682496,20.976362032453633,4.426355316468257,0.8,1.0,0.9333112693075352,0.0,0.0,0.010000000000000002,18.40730094909668,14.41100025177002,1.0
298.0,0.0,20.0,8.0,-15.135924213893928,-29.70590325393193,14.569979040038001,-30.772190121138692,15.636265907244765,-30.904530794738037,15.768606580844109,1.1986275408061076,1.2,1.0,0.9702442507452991,0.0,0.0,0.009999999999999998,26.899900436401367,6.200439929962158,0.6000000238418579
1192.0,1.0,20.0,8.0,-15.328493090088106,-30.364986339818966,15.03649324973086,-31.8473011225556,16.518808032467494,-31.86690601254959,16.538412922461486,1.5019196727306259,1.2,1.0,0.971197089146358,0.0,0.0,0.009999999999999998,27.36989974975586,6.270440101623535,0.6000000238418579
2385.0,2.0,20.0,8.0,-18.695616258272747,-25.202001905788162,6.506385647515415,-25.703667773657102,7.008051515384356,-25.928347808147805,7.232731549875059,0.7263459023596432,1.2,0.875,0.9870718747601085,0.3535533905932738,0.0,0.009999999999999998,27.199899673461914,6.3704400062561035,0.6000000238418579
4472.0,3.0,20.0,8.0,-15.040980906220057,-31.500033514645107,16.45905260842505,-32.55063838266447,17.50965747644441,-32.76015658364113,17.71917567742107,1.2601230689960197,0.8,1.0,0.9691510095957415,0.0,0.0,0.01,27.499900817871094,6.540440082550049,0.6000000238418579
4770.0,4.0,20.0,8.0,-18.61874950183671,-27.531838698833955,8.913089196997245,-25.71983493246947,7.101085430632761,-27.750613986684634,9.131864484847924,0.21877528785067923,0.6,1.0,0.9869318297097202,0.0,0.0,0.010000000000000004,26.849899291992188,6.57043981552124,0.6000000238418579
8049.0,5.0,20.0,8.0,-17.426696337308343,-30.794569062621925,13.367872725313582,-31.75050761066695,14.323811273358608,-32.52306938582453,15.096373048516185,1.7285003232026028,1.2,1.0,0.9824301548957005,0.0,0.0,0.01,26.969900131225586,6.840439796447754,0.6000000238418579
10733.0,6.0,20.0,8.0,-15.789249953899349,-30.847218450375394,15.057968496476045,-31.09515320610397,15.30590325220462,-31.503618803377123,15.714368849477774,0.6564003530017288,1.2,0.875,0.9743519742853926,0.7071067811865476,0.3535533905932738,0.009999999999999998,27.189899444580078,7.0604400634765625,0.6000000238418579
11031.0,7.0,20.0,8.0,-17.784145191386177,-31.875128158281605,14.090982966895428,-31.310117754375,13.525972562988823,-31.93757774137437,14.153432549988192,0.06244958309276427,0.6,0.875,0.9839582853018547,0.0,0.3535533905932738,0.01,26.539899826049805,7.090439796447754,0.6000000238418579
12223.0,8.0,20.0,8.0,-19.34510988832024,-24.54824541569223,5.2031355273719875,-26.28327856734701,6.93816867902677,-27.07675177673037,7.7316418884101275,2.52850636103814,1.2,0.875,0.9892000370078614,0.8660254037844386,0.0,0.01,26.359899520874023,7.1904401779174805,0.6000000238418579
13714.0,9.0,20.0,8.0,-19.78996809123668,-28.47844118216422,8.688473090927541,-31.920727376450927,12.130759285214246,-32.790626844422405,13.000658753185725,4.312185662258184,1.2,1.0,0.9899651459730437,0.0,0.0,0.009999999999999998,26.749900817871094,7.3104400634765625,0.6000000238418579
15503.0,10.0,20.0,8.0,-17.76385027244479,-32.107396160804086,14.343545888359294,-31.414316288384754,13.650466015939962,-32.18770965332866,14.423859380883869,0.08031349252457431,0.6,1.0,0.983767751220337,0.0,0.0,0.01,26.489900588989258,7.460440158843994,0.6000000238418579
15801.0,11.0,20.0,8.0,-17.38835336730085,-31.127521458578098,13.739168091277246,-32.00567327753613,14.617319910235281,-32.3259947177178,14.937641350416946,1.1984732591396998,1.2,0.875,0.9822505806113291,0.7071067811865476,0.3535533905932738,0.009999999999999998,27.04990005493164,7.480440139770508,0.6000000238418579
17292.0,12.0,20.0,8.0,-16.89832213360944,-29.83381343319284,12.9354912995834,-29.51613403587585,12.61781190226641,-29.761203586651085,12.862881453041645,-0.07260984654175573,1.2,0.875,0.9806917864085378,0.7071067811865476,0.3535533905932738,0.010000000000000002,27.439899444580078,7.60044002532959,0.6000000238418579
17590.0,13.0,20.0,8.0,-16.81355670496893,-24.548779745982547,7.735223041013615,-28.354993563104873,11.541436858135942,-29.484790620314403,12.671233915345471,4.936010874331856,1.2,0.875,0.9801413477656111,0.7071067811865476,0.3535533905932738,0.01,26.789899826049805,7.6304402351379395,0.6000000238418579
18484.0,14.0,20.0,8.0,-18.024180071072777,-28.470432962714778,10.446252891642,-31.266348288156113,13.242168217083336,-31.608620530136264,13.584440459063487,3.138187567421486,1.2,1.0,0.9847482213488622,0.0,0.0,0.01,27.259899139404297,7.700439929962158,0.6000000238418579
18782.0,15.0,20.0,8.0,-16.664799952287957,-31.25924074974385,14.594440797455892,-32.23068647669081,15.565886524402856,-32.55163431405765,15.886834361769694,1.2923935643138016,1.2,1.0,0.9791175662215088,0.0,0.0,0.01,26.609899520874023,7.730440139770508,0.6000000238418579
19080.0,16.0,20.0,8.0,-15.211053969205171,-30.511349210948453,15.300295241743282,-31.15856146607878,15.947507496873609,-31.302109845788348,16.091055876583177,0.790760634839895,0.8,1.0,0.9706747347553244,0.0,0.0,0.01,27.16990089416504,7.7504401206970215,0.6000000238418579
20869.0,17.0,20.0,8.0,-17.179815241655994,-30.172807553598673,12.992992311942679,-29.635791356969698,12.455976115313703,-30.137359183720804,12.95754394206481,-0.03544836987786937,0.6,0.875,0.9818345104511592,0.7071067811865476,0.3535533905932738,0.009999999999999998,26.909900665283203,7.900440216064453,0.6000000238418579
21167.0,18.0,20.0,8.0,-17.68131580401893,-31.147314771485245,13.465998967466316,-29.602741260673756,11.921425456654827,-31.14839783966769,13.467082035648762,0.0010830681824458566,0.6,1.0,0.9836208026436375,0.0,0.0,0.009999999999999998,27.469900131225586,7.920440196990967,0.6000000238418579
22360.0,19.0,20.0,8.0,-16.32084084390754,-29.962328945011272,13.641488101103732,-30.955651030255854,14.634810186348314,-31.214666674913765,14.893825831006225,1.252337729902493,1.2,1.0,0.9772497134060333,0.0,0.0,0.009999999999999997,27.29990005493164,8.020440101623535,0.6000000238418579
22658.0,20.0,20.0,8.0,-16.8886754204923,-29.822654596103924,12.933979175611622,-29.71365333007478,12.82497790958248,-29.918365304488542,13.029689883996241,0.09571070838461893,1.2,0.875,0.980373761779105,0.7905694150420949,0.0,0.01,26.649900436401367,8.050439834594727,0.6000000238418579
23254.0,21.0,20.0,8.0,-16.932846363467835,-30.439132673790784,13.506286310322949,-30.35773390556885,13.424887542101015,-30.53791278037793,13.605066416910095,0.09878010658714587,1.2,0.875,0.9805607344601791,0.7905694150420949,0.0,0.010000000000000002,26.559900283813477,8.10044002532959,0.6000000238418579
25341.0,22.0,20.0,8.0,-17.305098576374498,-31.41666361267896,14.111565036304462,-31.60816060473553,14.303062028361033,-31.841812735372642,14.536714158998144,0.4251491226936821,1.2,1.0,0.9820754918997909,0.0,0.0,0.01,26.859899520874023,8.270440101623535,0.6000000238418579
26236.0,23.0,20.0,8.0,-16.44121625089455,-30.501853924825983,14.060637673931435,-30.03180980921519,13.590593558320641,-30.394221589822486,13.953005338927937,-0.10763233500349756,0.8,1.0,0.978128494643244,0.0,0.0,0.009999999999999998,27.33989906311035,8.340439796447754,0.6000000238418579
26534.0,24.0,20.0,8.0,-18.557755609062752,-20.33742020538884,1.7796645963260893,-21.281247014024643,2.723491404961891,-24.218032568771225,5.660276959708472,3.880612363382383,1.2,1.0,0.9865976208106576,0.0,0.0,0.01,26.689899444580078,8.370439529418945,0.6000000238418579
27428.0,25.0,20.0,8.0,-17.782724931307285,-24.289630980822366,6.506906049515081,-27.840085440897848,10.057360509590563,-30.132094229806615,12.34936929849933,5.842463248984249,1.2,1.0,0.9836735651531001,0.0,0.0,0.01,27.159900665283203,8.44044017791748,0.6000000238418579
30112.0,26.0,20.0,8.0,-16.699611864972624,-31.589584349888327,14.889972484915702,-32.192089978196094,15.49247811322347,-32.962795856649876,16.263183991677252,1.3732115067615496,1.2,1.0,0.97912992055134,0.0,0.0,0.01,27.379899978637695,8.660440444946289,0.6000000238418579
30410.0,27.0,20.0,8.0,-18.797974327426118,-24.62235780247517,5.8243834750490535,-24.759920402674087,5.961946075247969,-24.856849465772065,6.058875138345947,0.2344916632968932,1.2,0.875,0.9877937827838333,0.9354143466934853,0.0,0.010000000000000002,26.729900360107422,8.69044017791748,0.6000000238418579
32199.0,28.0,20.0,8.0,-16.541401556923688,-28.098097214501507,11.55669565757782,-30.10366077478985,13.562259217866163,-30.679469742580636,14.138068185656948,2.581372528079129,1.2,0.875,0.9786806516827177,0.6123724356957945,0.0,0.01,26.469900131225586,8.840439796447754,0.6000000238418579
32497.0,29.0,20.0,8.0,-16.499555590375294,-26.652600191607377,10.153044601232082,-29.593907229838532,13.094351639463238,-29.593907229838532,13.094351639463238,2.9413070382311552,1.0,1.0,0.9779370863275281,0.0,0.0,0.010000000000000002,27.02989959716797,8.860440254211426,0.6000000238418579
33093.0,30.0,20.0,8.0,-17.73830251138521,-29.403278851577397,11.664976340192187,-32.517150364965694,14.778847853580483,-33.43622446070587,15.697921949320662,4.032945609128475,1.2,1.0,0.9837341759524124,0.0,0.0,0.010000000000000002,26.939899444580078,8.910440444946289,0.6000000238418579
33391.0,31.0,20.0,8.0,-16.515244367349126,-31.482569816279714,14.967325448930588,-32.85821195252191,16.342967585172786,-33.159645038376006,16.64440067102688,1.677075222096292,1.2,1.0,0.9779956453305423,0.0,0.0,0.01,27.499900817871094,8.930439949035645,0.6000000238418579
34286.0,32.0,20.0,8.0,-19.236260822542924,-25.653781876125308,6.417521053582384,-25.48078103748859,6.244520214945666,-26.14439659207772,6.908135769534795,0.490614715952411,0.4,1.0,0.9884108243554134,0.0,0.0,0.01,26.769899368286133,9.0104398727417,0.6000000238418579
36969.0,33.0,20.0,8.0,-17.105036018091305,-31.449870938701523,14.344834920610218,-30.90874694837506,13.803710930283756,-31.362183620418605,14.2571476023273,-0.0876873182829172,0.6,0.875,0.9812319309119752,0.7071067811865476,0.0,0.01,26.979900360107422,9.230440139770508,0.6000000238418579
37565.0,34.0,20.0,8.0,-17.179209336105888,-30.032024112335115,12.852814776229227,-30.518290704534095,13.339081368428207,-31.10124307778539,13.922033741679503,1.0692189654502755,1.2,0.875,0.9814179234580772,0.7071067811865476,0.3535533905932738,0.009999999999999998,26.88990020751953,9.280440330505371,0.6000000238418579
38758.0,35.0,20.0,8.0,-16.10819058844804,-29.569811778723725,13.461621190275686,-29.399009435138474,13.290818846690435,-29.669667032927507,13.561476444479467,0.09985525420378139,0.8,1.0,0.9763876120857045,0.0,0.0,0.01,26.719900131225586,9.380439758300781,0.6000000238418579
41739.0,36.0,20.0,8.0,-15.590410329636665,-30.341557093139503,14.751146763502838,-30.364124443975896,14.773714114339231,-30.661996072492737,15.071585742856072,0.3204389793532343,0.8,0.875,0.9730409335403083,0.7071067811865476,0.3535533905932738,0.01,27.489900588989258,9.620439529418945,0.6000000238418579
42634.0,37.0,20.0,8.0,-17.656231917561595,-35.28505805854401,17.628826140982415,-32.92163240439055,15.265400486828955,-35.499616666526535,17.84338474896494,0.21455860798252502,0.6,1.0,0.9830515216249478,0.0,0.0,0.009999999999999998,26.759899139404297,9.700440406799316,0.6000000238418579
42932.0,38.0,20.0,8.0,-17.727537352979347,-32.15388929563276,14.426351942653412,-31.708724036417518,13.981186683438171,-32.216815252367766,14.48927789938842,0.06292595673500756,0.6,1.0,0.9834344976359752,0.0,0.0,0.01,27.319900512695312,9.720439910888672,0.6000000238418579
43230.0,39.0,20.0,8.0,-15.67132438381449,-31.101649785457756,15.430325401643266,-30.805656054174683,15.134331670360194,-31.297838709305452,15.626514325490962,0.19618892384769637,0.8,1.0,0.9735296309118223,0.0,0.0,0.010000000000000002,26.66990089416504,9.750439643859863,0.6000000238418579
43826.0,40.0,20.0,8.0,-16.644786932870787,-28.505644187343265,11.860857254472478,-28.840165443020528,12.195378510149741,-29.418330676533387,12.7735437436626,0.9126864891901221,1.2,0.875,0.9790967872869898,0.7905694150420949,0.0,0.010000000000000004,26.57990074157715,9.800439834594727,0.6000000238418579
45317.0,41.0,20.0,8.0,-17.80646506569136,-32.207471016040415,14.401005950349056,-31.94835612328991,14.14189105759855,-32.69975529993535,14.893290234243988,0.4922842838949322,1.2,1.0,0.9837814754001549,0.0,0.0,0.01,26.969900131225586,9.920439720153809,0.6000000238418579
48000.0,42.0,20.0,8.0,-15.996884191905512,-28.82548534882193,12.828601156916417,-30.14696108284708,14.15007689094157,-30.685816851263734,14.688932659358223,1.860331502441806,1.2,1.0,0.9755734526364218,0.0,0.0,0.010000000000000004,27.179899215698242,10.140399932861328,0.6000000238418579
48895.0,43.0,20.0,8.0,-19.05364197171976,-29.688446874445876,10.634804902726117,-29.364419715640537,10.310777743920777,-29.79596906956642,10.742327097846662,0.10752219512054495,0.6,0.875,0.9880315843806573,0.7071067811865476,0.3535533905932738,0.01,26.449899673461914,10.220399856567383,0.6000000238418579
50982.0,44.0,20.0,8.0,-19.928957204818975,-27.228515912552997,7.299558707734022,-30.75286842046146,10.823911215642486,-32.22377540908573,12.294818204266758,4.995259496532736,1.2,1.0,0.990260291425351,0.0,0.0,0.01,26.749900817871094,10.390399932861328,0.6000000238418579
51578.0,45.0,20.0,8.0,-16.609257768828478,-30.811322627183692,14.202064858355214,-31.830496368515693,15.221238599687215,-32.14659654642944,15.537338777600965,1.3352739192457506,1.2,0.875,0.9787757015577763,0.7071067811865476,0.3535533905932738,0.01,26.659900665283203,10.440400123596191,0.6000000238418579
54261.0,46.0,20.0,8.0,-16.74272339778543,-31.65553264516172,14.912809247376291,-31.85699721039878,15.114273812613352,-32.00376074718329,15.261037349397863,0.3482281020215723,1.2,1.0,0.9792518529376139,0.0,0.0,0.01,26.86989974975586,10.660400390625,0.6000000238418579
55155.0,47.0,20.0,8.0,-15.895395604017466,-32.16184472128821,16.266449117270746,-31.948890467724805,16.05349486370734,-32.40313572180605,16.507740117788586,0.24129100051784036,0.8,0.875,0.9747270153110524,0.7071067811865476,0.3535533905932738,0.01,27.33989906311035,10.730400085449219,0.6000000238418579
55454.0,48.0,20.0,8.0,-15.668363574221896,-31.56663417015929,15.898270595937394,-33.188568229297076,17.52020465507518,-33.48077240483191,17.812408830610014,1.9141382346726203,1.2,1.0,0.9735204556047173,0.0,0.0,0.009999999999999998,26.699899673461914,10.76039981842041,0.6000000238418579
58435.0,49.0,20.0,8.0,-19.295554969482847,-27.783652902413706,8.48809793293086,-25.939162842272452,6.643607872789605,-27.9713928760445,8.675837906561654,0.1877399736307943,0.6,1.0,0.9888162412517909,0.0,0.0,0.01,27.469900131225586,11.000399589538574,0.6000000238418579
59329.0,50.0,20.0,8.0,-17.264202949461072,-30.59636092034413,13.332157970883056,-32.24183604476171,14.97763309530064,-32.345796634014405,15.081593684553333,1.7494357136702767,1.2,1.0,0.9817479039761655,0.0,0.0,0.010000000000000004,26.729900360107422,11.080400466918945,0.6000000238418579
60224.0,51.0,20.0,8.0,-18.478508415515215,-30.631962302426203,12.153453886910988,-30.071614937890523,11.593106522375308,-30.68237134587321,12.203862930357996,0.05040904344700792,0.6,1.0,0.9865951319919131,0.0,0.0,0.01,27.20989990234375,11.150400161743164,0.6000000238418579
61118.0,52.0,20.0,8.0,-15.965664367778105,-33.413055756111135,17.44739138833303,-33.3254669383949,17.359802570616793,-33.488824805309385,17.52316043753128,0.07576904919825012,1.2,1.0,0.9750419779350777,0.0,0.0,0.01,26.469900131225586,11.230400085449219,0.6000000238418579
62013.0,53.0,20.0,8.0,-16.706671957276264,-29.173406514404803,12.46673455712854,-29.829083017777048,13.122411060500784,-30.200551257110952,13.493879299834688,1.0271447427061489,1.2,0.875,0.9796494746980087,0.7905694150420949,0.0,0.009999999999999998,26.949899673461914,11.300399780273438,0.6000000238418579
62311.0,54.0,20.0,8.0,-16.723156176804125,-31.905583518163713,15.182427341359588,-31.343986129336873,14.620829952532748,-31.746545847968044,15.023389671163919,-0.15903767019566928,0.8,1.0,0.9792853818711208,0.0,0.0,0.010000000000000002,27.509899139404297,11.32040023803711,0.6000000238418579
63205.0,55.0,20.0,8.0,-17.366443599541146,-29.603490969216594,12.237047369675448,-29.841399756955713,12.474956157414567,-30.4292683899282,13.062824790387054,0.8257774207116064,1.2,1.0,0.9823799247922737,0.0,0.0,0.01,26.769899368286133,11.400400161743164,0.6000000238418579
64398.0,56.0,20.0,8.0,-16.647713938155604,-23.053992899483482,6.406278961327878,-23.1788735755954,6.531159637439796,-25.599042174848744,8.95132823669314,2.545049275365262,1.2,1.0,0.9791293260779221,0.0,0.0,0.010000000000000002,26.599899291992188,11.500399589538574,0.6000000238418579
64696.0,57.0,20.0,8.0,-18.011177820099856,-27.80888872384414,9.797710903744285,-29.331130040689636,11.31995222058978,-29.95482431441998,11.943646494320124,2.1459355905758386,1.2,0.875,0.9850340152185337,0.8660254037844386,0.0,0.01,27.159900665283203,11.520400047302246,0.6000000238418579
64994.0,58.0,20.0,8.0,-17.425443519473014,-31.770033055741997,14.344589536268984,-31.547503368277138,14.122059848804124,-32.01842463317736,14.592981113704347,0.24839157743536333,1.2,0.875,0.9823592145528683,0.7071067811865476,0.3535533905932738,0.010000000000000004,26.509899139404297,11.550399780273438,0.6000000238418579
65292.0,59.0,20.0,8.0,-17.267337076985783,-31.95676266820371,14.689425591217926,-31.05767212883198,13.7903350518462,-31.938478455257133,14.67114137827135,-0.01828421294657545,0.6,1.0,0.9817543465854629,0.0,0.0,0.01,27.069900512695312,11.57040023803711,0.6000000238418579
66783.0,60.0,20.0,8.0,-15.977691931449595,-28.54973459333797,12.572042661888375,-28.734505900001807,12.756813968552212,-29.101643605286206,13.123951673836611,0.5519090119482364,1.2,1.0,0.9756114273975394,0.0,0.0,0.01,18.715299606323242,6.011020183563232,1.0
68274.0,61.0,20.0,8.0,-18.785984780021828,-20.422546088637127,1.636561308615299,-17.989214392356583,-0.7967703876652443,-23.638386625971425,4.852401845949597,3.215840537334298,0.2,1.0,0.9872197146447006,0.0,0.0,0.010000000000000002,19.121299743652344,6.249020099639893,1.0
68572.0,62.0,20.0,8.0,-16.232816985815074,-28.930413360801445,12.697596374986372,-29.047728378836123,12.814911393021049,-29.378284663010184,13.14546767719511,0.44787130220873905,1.2,0.875,0.9770646064783398,0.0,0.3535533905932738,0.01,18.4773006439209,6.305019855499268,1.0
72746.0,63.0,20.0,8.0,-17.04847048310346,-28.78169117720183,11.733220694098367,-28.553663564121905,11.505193081018444,-29.381341649566195,12.332871166462734,0.5996504723643667,1.2,0.875,0.9809718955083857,0.7071067811865476,0.0,0.009999999999999998,19.121299743652344,6.977019786834717,1.0
74535.0,64.0,20.0,8.0,-16.99620441498864,-23.7220180003778,6.725813585389162,-23.49851737327223,6.502312958283589,-24.048975276542983,7.052770861554343,0.32695727616518155,1.2,1.0,0.9807467257347371,0.0,0.0,0.01,18.88330078125,7.27101993560791,1.0
75727.0,65.0,20.0,8.0,-18.200693750595615,-31.55759156425519,13.356897813659575,-30.14306903871804,11.942375288122424,-31.933249192260096,13.73255544166448,0.3756576280049053,0.6,0.875,0.9853505562655279,0.7905694150420949,0.0,0.009999999999999998,18.715299606323242,7.467020034790039,1.0
76323.0,66.0,20.0,8.0,-18.25412618767978,-24.728378273330584,6.474252085650804,-24.152262309751183,5.898136122071403,-25.164957509245927,6.910831321566146,0.4365792359153424,0.4,1.0,0.9858665581805611,0.0,0.0,0.009999999999999998,18.63129997253418,7.5650200843811035,1.0
77218.0,67.0,20.0,8.0,-21.453564727311218,-26.8807166168323,5.427151889521081,-21.92054843768965,0.46698371037843245,-28.662344043808837,7.208779316497619,1.781627426976538,0.4,1.0,0.9938759317140904,0.0,0.0,0.010000000000000002,19.121299743652344,7.705019950866699,1.0
80497.0,68.0,20.0,8.0,-19.98777486133729,-28.75643524968906,8.768660388351769,-28.33038309264422,8.34260823130693,-29.89214603683131,9.90437117549402,1.1357107871422514,0.4,1.0,0.9907214352224742,0.0,0.0,0.009999999999999998,19.275299072265625,8.237019538879395,1.0
81392.0,69.0,20.0,8.0,-18.404054492644782,-26.323040332340174,7.918985839695392,-24.455236450737992,6.05118195809321,-27.096261968368577,8.692207475723794,0.7732216360284028,0.4,0.875,0.9860339576408708,0.8660254037844386,0.0,0.01,18.56130027770996,8.391019821166992,1.0
84373.0,70.0,20.0,8.0,-18.910436529255957,-29.115024177621013,10.204587648365056,-29.95791661481738,11.047480085561421,-31.165102050731196,12.25466552147524,2.050077873110183,1.2,1.0,0.9875414939296377,0.0,0.0,0.01,19.35930061340332,8.867019653320312,1.0
84970.0,71.0,20.0,8.0,-20.251425324481467,-27.94129487764709,7.689869553165622,-28.215761554456805,7.964336229975338,-29.136573729864466,8.885148405383,1.1952788522173776,1.2,1.0,0.9912673256699516,0.0,0.0,0.01,19.2893009185791,8.965020179748535,1.0
85864.0,72.0,20.0,8.0,-18.52057083212545,-30.301719789077968,11.781148956952517,-29.496552864365867,10.975982032240417,-30.923659295444708,12.403088463319257,0.6219395063667399,0.4,0.875,0.9865909153191634,0.7071067811865476,0.3535533905932738,0.01,18.56130027770996,9.119020462036133,1.0
86460.0,73.0,20.0,8.0,-17.984094361690506,-28.19069380978209,10.206599448091584,-28.494937799689268,10.510843437998762,-29.579399986314424,11.595305624623919,1.3887061765323345,1.2,1.0,0.9849663644005929,0.0,0.0,0.010000000000000004,18.4773006439209,9.217020034790039,1.0
86758.0,74.0,20.0,8.0,-18.813399644103306,-23.44447154857491,4.631071904471604,-22.019350529694094,3.205950885590788,-25.07855145711074,6.265151813007435,1.6340799085358313,0.4,0.875,0.9874944395721237,0.8660254037844386,0.0,0.009999999999999997,19.03730010986328,9.25901985168457,1.0
87355.0,75.0,20.0,8.0,-19.135951503907627,-26.88268146705461,7.746729963146983,-26.98906766654057,7.8531161626329435,-27.729680355910777,8.59372885200315,0.8469988888561666,1.2,0.875,0.9889781374071398,0.7905694150420949,0.0,0.009999999999999998,18.967300415039062,9.357020378112793,1.0
88547.0,76.0,20.0,8.0,-20.10848522848427,-27.420606040519875,7.312120812035605,-30.16584923785175,10.057364009367479,-30.80925752651208,10.700772298027811,3.388651485992206,1.2,0.875,0.9908103908272847,0.7071067811865476,0.3535533905932738,0.01,18.799299240112305,9.553019523620605,1.0
91529.0,77.0,20.0,8.0,-19.520303147952337,-25.76260223317972,6.242299085227383,-23.721355411105595,4.201052263153258,-28.127235959621455,8.606932811669118,2.3646337264417348,0.4,1.0,0.9894885558668378,0.0,0.0,0.009999999999999998,18.40730094909668,10.043000221252441,1.0
94510.0,78.0,20.0,8.0,-20.010813419143933,-27.939254279282807,7.928440860138874,-27.437145592019057,7.426332172875124,-29.187318941345577,9.176505522201644,1.2480646620627702,0.4,1.0,0.990858269828434,0.0,0.0,0.01,19.205299377441406,10.519000053405762,1.0
96299.0,79.0,20.0,8.0,-19.130587556336494,-26.287318450875915,7.156730894539422,-24.28916027735644,5.158572721019947,-28.175033390429665,9.044445834093171,1.8877149395537494,0.4,1.0,0.9882820697516147,0.0,0.0,0.009999999999999995,18.967300415039062,10.812999725341797,1.0
97491.0,80.0,20.0,8.0,-17.940006603183786,-28.836454116705887,10.896447513522102,-29.021796696313316,11.08179009312953,-29.642128028112978,11.702121424929192,0.8056739114070908,1.2,0.875,0.9845814365518094,0.7071067811865476,0.3535533905932738,0.009999999999999998,18.799299240112305,11.008999824523926,1.0
98088.0,81.0,20.0,8.0,-17.934725629484078,-24.57138828891079,6.636662659426712,-23.520664809029192,5.5859391795451145,-24.93913698333651,7.004411353852433,0.3677486944257211,0.4,0.875,0.984878183979529,0.8660254037844386,0.0,0.009999999999999998,18.729299545288086,11.107000350952148,1.0
98386.0,82.0,20.0,8.0,-20.606407175413576,-28.556701475911606,7.9502943004980295,-28.68700092760642,8.080593752192843,-29.67481493318896,9.068407757775383,1.118113457277353,1.2,1.0,0.9918516778547241,0.0,0.0,0.009999999999999998,19.2893009185791,11.14900016784668,1.0
99578.0,83.0,20.0,8.0,-19.491092630204903,-17.703670923764268,-1.787421706440636,-14.687119628104012,-4.803973002100891,-22.77083538589649,3.2797427556915864,5.067164462132222,0.2,1.0,0.9892843541939826,0.0,0.0,0.01,19.121299743652344,11.345000267028809,1.0
99877.0,84.0,20.0,8.0,-16.0068686731355,-23.95168719730645,7.944818524170948,-24.70849138425497,8.70162271111947,-25.47498002984748,9.46811135671198,1.5232928325410313,1.2,1.0,0.9752663446655102,0.0,0.0,0.01,18.491300582885742,11.401000022888184,1.0
100175.0,85.0,20.0,8.0,-17.377634553276526,-22.40438249227511,5.026747938998586,-23.04519412066307,5.667559567386544,-23.57964082946582,6.2020062761892945,1.1752583371907086,1.2,1.0,0.9822589900188959,0.0,0.0,0.01,19.051300048828125,11.442999839782715,1.0
100473.0,86.0,20.0,8.0,-18.02343468267778,-31.56338903818061,13.539954355502829,-29.846693759864372,11.823259077186592,-31.836892628097118,13.813457945419337,0.27350358991650836,0.6,0.875,0.9848822442522712,0.7071067811865476,0.0,0.009999999999999998,18.40730094909668,11.49899959564209,1.0
101069.0,87.0,20.0,8.0,-20.68623629915635,-26.957807718687118,6.271571419530769,-26.53464927361844,5.848412974462093,-27.10338988212086,6.417153582964513,0.14558216343374397,0.4,0.875,0.9921144199274766,0.8660254037844386,0.0,0.009999999999999998,19.527299880981445,11.583000183105469,1.0
102262.0,88.0,20.0,8.0,-19.09225775130091,-28.698271275251557,9.606013523950647,-29.619162757088574,10.526905005787665,-30.549380798854298,11.457123047553388,1.8511095236027408,1.2,1.0,0.9881092798945053,0.0,0.0,0.01,19.373300552368164,11.779000282287598,1.0
106137.0,89.0,20.0,8.0,-17.461697171909314,-25.537369467085217,8.075672295175902,-23.848401366562896,6.386704194653582,-26.735871504944505,9.274174333035191,1.1985020378592885,0.4,0.875,0.9829557724321595,0.7071067811865476,0.3535533905932738,0.01,19.443300247192383,12.409000396728516,1.0
106436.0,90.0,20.0,8.0,-19.381207183677013,-26.24386075198555,6.862653568308538,-25.116707884729372,5.735500701052359,-26.224945445891954,6.843738262214941,-0.018915306093596485,0.6,0.875,0.9893267889162357,0.9354143466934853,0.0,0.01,18.81329917907715,12.46500015258789,1.0
107628.0,91.0,20.0,8.0,-17.516207771556314,-28.22253727017501,10.706329498618697,-29.464953040983776,11.948745269427462,-30.84727860469713,13.331070833140817,2.6247413345221204,1.2,0.875,0.98285828406966,0.7071067811865476,0.0,0.009999999999999998,18.645299911499023,12.66100025177002,1.0
108821.0,92.0,20.0,8.0,-17.010599937266054,-32.19914440352185,15.188544466255795,-31.154103241570677,14.143503304304623,-32.09959708755318,15.088997150287124,-0.09954731596867106,0.6,1.0,0.9806483173385417,0.0,0.0,0.009999999999999998,18.491300582885742,12.857000350952148,1.0
109119.0,93.0,20.0,8.0,-16.856365511908365,-31.855521501197654,14.999155989289289,-31.8054219583468,14.949056446438433,-32.653795605340086,15.797430093431721,0.7982741041424326,1.2,1.0,0.9797295856169439,0.0,0.0,0.01,19.051300048828125,12.89900016784668,1.0
109715.0,94.0,20.0,8.0,-18.340245832933142,-30.32986380066792,11.989617967734777,-28.861332960773968,10.521087127840826,-30.651718519532587,12.311472686599444,0.32185471886466743,0.6,0.875,0.9859227614197179,0.3535533905932738,0.0,0.009999999999999998,18.967300415039062,12.996999740600586,1.0
112100.0,95.0,20.0,8.0,-17.790642852281163,-29.975803110573153,12.18516025829199,-27.171353005492787,9.380710153211623,-30.09105703668816,12.300414184406996,0.11525392611500607,0.8,0.875,0.9837659648508023,0.8660254037844386,0.0,0.010000000000000002,18.645299911499023,13.388999938964844,1.0
115976.0,96.0,20.0,8.0,-16.484830897205242,-25.300875696009463,8.81604479880422,-23.635423161140334,7.150592263935092,-25.504140430916426,9.019309533711183,0.20326473490696273,0.6,0.875,0.9781364152794452,0.8660254037844386,0.0,0.01,18.729299545288086,14.019000053405762,1.0
116274.0,97.0,20.0,8.0,-16.34498317258348,-28.83672072857063,12.49173755598715,-28.57923098106869,12.234247808485211,-28.905258453000734,12.560275280417255,0.06853772443010442,1.2,1.0,0.977717738648308,0.0,0.0,0.01,19.2893009185791,14.060999870300293,1.0
116572.0,98.0,20.0,8.0,-16.045114402884696,-30.245823090607722,14.200708687723026,-29.75811216698954,13.712997764104845,-30.248259330355815,14.203144927471119,0.0024362397480928166,0.8,1.0,0.97598426411082,0.0,0.0,0.009999999999999998,18.645299911499023,14.116999626159668,1.0
118361.0,99.0,20.0,8.0,-14.720773646673893,-30.496452186592844,15.775678539918951,-30.460150901711707,15.739377255037814,-31.15341681856723,16.43264317189334,0.656964631974386,0.8,0.875,0.9668602934632188,0.7905694150420949,0.0,0.010000000000000002,18.40730094909668,14.41100025177002,1.0
298.0,0.0,20.0,16.0,-17.71220870277442,-27.391203322863532,9.678994620089114,-27.64629144264503,9.934082739870611,-27.70529815204535,9.993089449270933,0.3140948291818191,1.2,0.9375,0.9847677636140012,0.8660254037844386,0.25,0.009999999999999998,26.899900436401367,6.200439929962158,0.6000000238418579
1192.0,1.0,20.0,16.0,-17.688128764371566,-28.911139077981534,11.223010313609969,-29.104078158472973,11.415949394101407,-29.187151998444115,11.49902323407255,0.2760129204625805,1.2,0.875,0.9840841328792728,0.9013878188659973,0.25,0.009999999999999998,27.36989974975586,6.270440101623535,0.6000000238418579
2385.0,2.0,20.0,16.0,-20.598977498385246,-25.808006580233943,5.209029081848698,-25.97563609113914,5.376658592753895,-26.350470221548417,5.751492723163171,0.5424636413144732,1.2,0.8125,0.9927374282381298,1.541103500742244,0.25,0.009999999999999998,27.199899673461914,6.3704400062561035,0.6000000238418579
4472.0,3.0,20.0,16.0,-17.81853027364472,-30.278075072378137,12.459544798733418,-30.54305973898371,12.724529465338993,-30.567570918310338,12.74904064466562,0.28949584593220123,1.2,0.9375,0.9843731884159594,0.7071067811865476,0.25,0.01,27.499900817871094,6.540440082550049,0.6000000238418579
4770.0,4.0,20.0,16.0,-20.081432533648403,-25.569556775458512,5.488124241810109,-24.570061944569083,4.48862941092068,-25.71604926641779,5.634616732769388,0.14649249095927885,0.4,0.8125,0.9922539399496104,2.0,0.25,0.010000000000000004,26.849899291992188,6.57043981552124,0.6000000238418579
8049.0,5.0,20.0,16.0,-19.58218024975656,-28.934378448628397,9.352198198871836,-29.10032503928921,9.518144789532649,-29.203978711307084,9.621798461550522,0.2696002626786864,1.2,0.875,0.990234358075976,4.756574397610112,0.3535533905932738,0.01,26.969900131225586,6.840439796447754,0.6000000238418579
10733.0,6.0,20.0,16.0,-18.105816529395312,-27.74294049599199,9.637123966596679,-28.21899057998155,10.113174050586238,-28.401227878707438,10.295411349312126,0.6582873827154465,1.2,0.875,0.9864385256995698,1.5206906325745548,0.25,0.009999999999999998,27.189899444580078,7.0604400634765625,0.6000000238418579
11031.0,7.0,20.0,16.0,-20.228880847251606,-29.12874144474818,8.899860597496573,-29.328115555945363,9.099234708693757,-29.50097936917429,9.272098521922683,0.37223792442610915,1.2,0.875,0.9917970678707848,0.9013878188659973,0.0,0.01,26.539899826049805,7.090439796447754,0.6000000238418579
12223.0,8.0,20.0,16.0,-21.440019887342736,-27.96069285002318,6.520672962680443,-29.333540268082135,7.8935203807394,-29.699122313092694,8.259102425749958,1.7384294630695152,1.2,0.8125,0.9940821980507344,1.0897247358851685,0.0,0.01,26.359899520874023,7.1904401779174805,0.6000000238418579
13714.0,9.0,20.0,16.0,-21.62399060663553,-28.53000850738145,6.906017900745919,-29.784349953759865,8.160359347124334,-30.17539001236181,8.55139940572628,1.6453815049803602,1.2,0.8125,0.9944730020965403,1.0,0.0,0.009999999999999998,26.749900817871094,7.3104400634765625,0.6000000238418579
15503.0,10.0,20.0,16.0,-20.109212392314895,-30.02686767297879,9.917655280663894,-29.978675061253647,9.869462668938752,-30.034563900468093,9.925351508153199,0.007696227489304874,1.2,0.875,0.9913244157426734,0.5,0.25,0.01,26.489900588989258,7.460440158843994,0.6000000238418579
15801.0,11.0,20.0,16.0,-19.285751272855908,-27.93529081613173,8.649539543275822,-28.099828977756562,8.814077704900654,-28.21451583879071,8.928764565934802,0.27922502265898075,1.2,0.8125,0.989430745203833,0.9354143466934853,0.25,0.009999999999999998,27.04990005493164,7.480440139770508,0.6000000238418579
17292.0,12.0,20.0,16.0,-18.986316029558733,-26.95827346898558,7.971957439426848,-26.87057996188003,7.884263932321296,-26.95883447403704,7.9725184444783075,0.0005610050514590625,0.6,0.875,0.989436117165488,1.4361406616345072,0.0,0.010000000000000002,27.439899444580078,7.60044002532959,0.6000000238418579
17590.0,13.0,20.0,16.0,-19.26356234698408,-26.479113573105984,7.215551226121903,-27.59051937450377,8.32695702751969,-27.71536391697572,8.451801569991638,1.2362503438697345,1.2,0.9375,0.9900838462984792,1.0,0.25,0.01,26.789899826049805,7.6304402351379395,0.6000000238418579
18484.0,14.0,20.0,16.0,-20.383722672219026,-29.92082605384268,9.537103381623655,-30.8288319318895,10.445109259670474,-30.8288319318895,10.445109259670474,0.9080058780468185,1.0,0.9375,0.9918304970003408,1.0307764064044151,0.0,0.01,27.259899139404297,7.700439929962158,0.6000000238418579
18782.0,15.0,20.0,16.0,-18.69926738590414,-27.90787704773741,9.208609661833272,-28.216933401825916,9.517666015921776,-28.22673812415937,9.527470738255229,0.3188610764219568,1.2,0.9375,0.9881805405994595,0.7071067811865476,0.0,0.01,26.609899520874023,7.730440139770508,0.6000000238418579
19080.0,16.0,20.0,16.0,-17.82714249079365,-29.127512792399024,11.300370301605373,-29.163327246555045,11.336184755761394,-29.205345306203448,11.378202815409797,0.0778325138044238,0.8,0.9375,0.9846886400134104,0.7071067811865476,0.0,0.01,27.16990089416504,7.7504401206970215,0.6000000238418579
20869.0,17.0,20.0,16.0,-19.530567032701178,-28.31987041908252,8.789303386381341,-28.32121929833878,8.7906522656376,-28.33998718219044,8.809420149489263,0.020116763107921543,0.8,0.875,0.9904382501456687,0.9354143466934853,0.25,0.009999999999999998,26.909900665283203,7.900440216064453,0.6000000238418579
21167.0,18.0,20.0,16.0,-20.393029089814597,-29.57518556904254,9.182156479227942,-29.417614551471356,9.02458546165676,-29.56924341264915,9.176214322834554,-0.005942156393388132,0.6,0.9375,0.9919405475652665,0.25,0.0,0.009999999999999998,27.469900131225586,7.920440196990967,0.6000000238418579
22360.0,19.0,20.0,16.0,-18.8469117271357,-29.028730054348596,10.181818327212895,-29.323459092012925,10.476547364877224,-29.45424308105103,10.607331353915328,0.42551302670243274,1.2,0.9375,0.9879935289110336,0.25,0.0,0.009999999999999997,27.29990005493164,8.020440101623535,0.6000000238418579
22658.0,20.0,20.0,16.0,-19.24769664279284,-27.1790216181191,7.9313249753262625,-27.33901593943447,8.091319296641633,-27.489247413604957,8.241550770812118,0.3102257954858558,1.2,0.875,0.9900013448644638,1.0307764064044151,0.3535533905932738,0.01,26.649900436401367,8.050439834594727,0.6000000238418579
23254.0,21.0,20.0,16.0,-19.629553957235427,-28.48095278688016,8.851398829644733,-28.53138283657384,8.901828879338414,-28.622016990253968,8.992463033018542,0.14106420337380854,1.2,0.9375,0.9904308735430968,0.25,0.0,0.010000000000000002,26.559900283813477,8.10044002532959,0.6000000238418579
25341.0,22.0,20.0,16.0,-19.543635696661504,-28.488394407092397,8.944758710430893,-28.84536245783659,9.301726761175086,-28.985673570597523,9.44203787393602,0.4972791635051266,1.2,0.875,0.9904280687108501,0.75,0.25,0.01,26.859899520874023,8.270440101623535,0.6000000238418579
26236.0,23.0,20.0,16.0,-19.144538595905736,-28.616075548431418,9.471536952525682,-28.775032937024797,9.63049434111906,-28.95918296987144,9.814644373965702,0.3431074214400205,1.2,0.9375,0.9891479446943813,0.7071067811865476,0.25,0.009999999999999998,27.33989906311035,8.340439796447754,0.6000000238418579
26534.0,24.0,20.0,16.0,-20.760997672711245,-21.386537483859716,0.6255398111484709,-22.361272316698674,1.6002746439874294,-24.14759541130038,3.386597738589135,2.761057927440664,1.2,0.9375,0.9933344317400762,0.25,0.0,0.01,26.689899444580078,8.370439529418945,0.6000000238418579
27428.0,25.0,20.0,16.0,-20.551338745491936,-28.87045345811982,8.319114712627883,-30.763325685240762,10.211986939748826,-31.1225374533455,10.571198707853565,2.252083995225682,1.2,0.9375,0.9919881640095629,0.7071067811865476,0.25,0.01,27.159900665283203,8.44044017791748,0.6000000238418579
30112.0,26.0,20.0,16.0,-19.451220042723094,-30.431310363033198,10.980090320310104,-30.35092341895897,10.899703376235877,-30.410877509880088,10.959657467156994,-0.020432853153110386,0.6,0.9375,0.9894818212068457,0.75,0.0,0.01,27.379899978637695,8.660440444946289,0.6000000238418579
30410.0,27.0,20.0,16.0,-20.543477728111178,-26.005989909349925,5.462512181238747,-26.62714458037076,6.083666852259583,-26.95580796486503,6.412330236753853,0.9498180555151059,1.2,0.8125,0.9936015515349077,1.4361406616345072,0.3535533905932738,0.010000000000000002,26.729900360107422,8.69044017791748,0.6000000238418579
32199.0,28.0,20.0,16.0,-18.991680603407282,-27.825954011015853,8.83427340760857,-28.049924942062194,9.058244338654912,-28.050285991981944,9.058605388574662,0.22433198096609175,1.2,0.8125,0.9888748032527759,0.7071067811865476,0.0,0.01,26.469900131225586,8.840439796447754,0.6000000238418579
32497.0,29.0,20.0,16.0,-19.075835517893974,-28.310113647519263,9.234278129625288,-29.175689701638735,10.09985418374476,-29.183913400457115,10.10807788256314,0.8737997529378525,1.2,0.9375,0.9884805034411178,0.82915619758885,0.25,0.010000000000000002,27.02989959716797,8.860440254211426,0.6000000238418579
33093.0,30.0,20.0,16.0,-19.604095789647978,-27.24848908742011,7.644393297772133,-27.494816397544266,7.890720607896288,-27.55930936794423,7.955213578296252,0.31082028052411914,1.2,0.8125,0.9906543494815904,2.806243040080456,0.25,0.010000000000000002,26.939899444580078,8.910440444946289,0.6000000238418579
33391.0,31.0,20.0,16.0,-18.727138972389834,-28.605835001436454,9.878696029046619,-29.319477573861462,10.592338601471628,-29.525227027133067,10.798088054743232,0.919392025696613,1.2,0.875,0.9878423968461463,1.3228756555322954,0.25,0.01,27.499900817871094,8.930439949035645,0.6000000238418579
34286.0,32.0,20.0,16.0,-20.928100585210075,-24.060389344700187,3.1322887594901125,-24.151756491145257,3.223655905935182,-24.762907698025856,3.8348071128157812,0.7025183533256687,1.2,0.8125,0.993755260980266,1.7853571071357126,0.25,0.01,26.769899368286133,9.0104398727417,0.6000000238418579
36969.0,33.0,20.0,16.0,-19.418858227073205,-28.695458273685617,9.276600046612412,-28.606892761909414,9.18803453483621,-28.68317218015409,9.264313953080887,-0.01228609353152521,0.6,0.8125,0.9899721104348017,0.8660254037844386,0.0,0.01,26.979900360107422,9.230440139770508,0.6000000238418579
37565.0,34.0,20.0,16.0,-19.674744732930943,-29.512445826456556,9.837701093525613,-29.9802803489218,10.305535615990856,-30.12338461616092,10.448639883229976,0.6109387897043632,1.2,0.9375,0.9903541376812995,1.0307764064044151,0.25,0.009999999999999998,26.88990020751953,9.280440330505371,0.6000000238418579
38758.0,35.0,20.0,16.0,-18.432197335738866,-26.801894842813194,8.369697507074328,-26.910306131164315,8.478108795425449,-27.013773671273395,8.581576335534528,0.21187882846020045,1.2,0.875,0.9876919883428488,0.6614378277661477,0.25,0.01,26.719900131225586,9.380439758300781,0.6000000238418579
41739.0,36.0,20.0,16.0,-18.00041527886709,-28.26974188322548,10.269326604358387,-28.18349666164736,10.18308138278027,-28.27938958987122,10.278974311004127,0.009647706645740328,0.8,0.9375,0.9855579581786108,0.4330127018922193,0.25,0.01,27.489900588989258,9.620439529418945,0.6000000238418579
42634.0,37.0,20.0,16.0,-19.8963354358997,-29.194934888919562,9.298599453019861,-29.665203517515486,9.768868081615786,-29.97072576934648,10.074390333446779,0.7757908804269178,1.2,0.875,0.9910301257636174,1.299038105676658,0.25,0.009999999999999998,26.759899139404297,9.700440406799316,0.6000000238418579
42932.0,38.0,20.0,16.0,-20.12362462302216,-30.497695252214747,10.374070629192587,-30.380302266632455,10.256677643610296,-30.5002836474926,10.376659024470442,0.0025883952778542607,0.6,0.8125,0.9910872013380609,0.7905694150420949,0.25,0.01,27.319900512695312,9.720439910888672,0.6000000238418579
43230.0,39.0,20.0,16.0,-18.323307853746137,-28.43544851874102,10.112140664994882,-28.422973534678086,10.099665680931949,-28.467883593377113,10.144575739630977,0.032435074636094186,0.8,0.9375,0.9866225675239779,0.25,0.0,0.010000000000000002,26.66990089416504,9.750439643859863,0.6000000238418579
43826.0,40.0,20.0,16.0,-18.760521163291013,-26.86105314156959,8.100531978278578,-26.958619666722367,8.198098503431353,-26.958619666722367,8.198098503431353,0.09756652515277509,1.0,0.875,0.9886991510417071,1.1989578808281798,0.0,0.010000000000000004,26.57990074157715,9.800439834594727,0.6000000238418579
45317.0,41.0,20.0,16.0,-19.663832923995713,-27.690409994537276,8.026577070541563,-27.781525453564,8.117692529568288,-27.931979473321352,8.268146549325639,0.24156947878407564,1.2,0.875,0.9905845674898907,0.9354143466934853,0.0,0.01,26.969900131225586,9.920439720153809,0.6000000238418579
48000.0,42.0,20.0,16.0,-18.491567575787066,-28.30815211954117,9.816584543754104,-28.548517784224245,10.05695020843718,-28.548517784224245,10.05695020843718,0.2403656646830754,1.0,0.875,0.9870655909132975,0.8660254037844386,0.25,0.010000000000000004,27.179899215698242,10.140399932861328,0.6000000238418579
48895.0,43.0,20.0,16.0,-20.24726667432857,-26.016045033413082,5.768778359084511,-26.0665590445322,5.81929237020363,-26.251261089889887,6.003994415561316,0.23521605647680488,1.2,0.75,0.9925012640570088,6.932712311931024,0.3535533905932738,0.01,26.449899673461914,10.220399856567383,0.6000000238418579
50982.0,44.0,20.0,16.0,-21.375944060614746,-27.050843920531435,5.674899859916689,-28.16961729968004,6.793673239065296,-28.52616140373111,7.150217343116363,1.4753174831996745,1.2,0.875,0.9944083348323718,6.75,0.25,0.01,26.749900817871094,10.390399932861328,0.6000000238418579
51578.0,45.0,20.0,16.0,-18.738594244098323,-28.44121581260987,9.702621568511546,-28.783508015373755,10.044913771275432,-29.07782793251027,10.339233688411948,0.636612119900402,1.2,0.75,0.9878703494356439,1.5206906325745548,0.3535533905932738,0.01,26.659900665283203,10.440400123596191,0.6000000238418579
54261.0,46.0,20.0,16.0,-18.821862174007403,-29.502884717941114,10.681022543933711,-29.786873044548944,10.96501087054154,-29.786873044548944,10.96501087054154,0.2839883266078296,1.0,0.875,0.9880956632372507,0.7905694150420949,0.4330127018922193,0.01,26.86989974975586,10.660400390625,0.6000000238418579
55155.0,47.0,20.0,16.0,-18.770275884958888,-29.840581705879377,11.070305820920488,-30.16151317604935,11.391237291090462,-30.290143126831914,11.519867241873026,0.4495614209525378,1.2,1.0,0.9878397539524116,0.0,0.0,0.01,27.33989906311035,10.730400085449219,0.6000000238418579
55454.0,48.0,20.0,16.0,-17.92975480199282,-28.28416554137617,10.354410739383347,-28.724622267936603,10.794867465943781,-28.871723083740317,10.941968281747496,0.5875575423641486,1.2,0.8125,0.9854135582440706,1.5612494995995996,0.0,0.009999999999999998,26.699899673461914,10.76039981842041,0.6000000238418579
58435.0,49.0,20.0,16.0,-20.843242893031114,-26.723731604338138,5.880488711307024,-26.83445430315637,5.991211410125256,-27.02613670387545,6.182893810844337,0.30240509953731376,1.2,0.875,0.9937557135073095,5.006246098625197,0.25,0.01,27.469900131225586,11.000399589538574,0.6000000238418579
59329.0,50.0,20.0,16.0,-19.302213436190062,-27.649959447626284,8.347746011436222,-27.93034313519609,8.628129699006028,-28.1891934138736,8.886979977683538,0.5392339662473162,1.2,0.875,0.9898052645772851,1.2747548783981961,0.3535533905932738,0.010000000000000004,26.729900360107422,11.080400466918945,0.6000000238418579
60224.0,51.0,20.0,16.0,-20.645579800132232,-27.962416070835943,7.3168362707037105,-28.080656865775907,7.435077065643675,-28.198213126214597,7.552633326082365,0.23579705537865436,1.2,0.9375,0.9930131732030211,3.1024184114977142,0.0,0.01,27.20989990234375,11.150400161743164,0.6000000238418579
61118.0,52.0,20.0,16.0,-18.636778781873453,-29.780458951885244,11.143680170011791,-29.72353354956931,11.086754767695858,-29.751741056127187,11.114962274253735,-0.0287178957580565,0.8,0.9375,0.9871131726843585,0.6614378277661477,0.0,0.01,26.469900131225586,11.230400085449219,0.6000000238418579
62013.0,53.0,20.0,16.0,-19.49666562076285,-27.64694804561612,8.15028242485327,-27.77484950572376,8.27818388496091,-27.901201892868993,8.404536272106142,0.2542538472528726,1.2,0.875,0.9902967126370391,1.0,0.0,0.009999999999999998,26.949899673461914,11.300399780273438,0.6000000238418579
62311.0,54.0,20.0,16.0,-19.41745008232212,-29.411730781262104,9.994280698939985,-29.313419819066485,9.895969736744366,-29.38141416825186,9.963964085929742,-0.030316613010242577,0.6,0.9375,0.9896295181894347,0.25,0.0,0.010000000000000002,27.509899139404297,11.32040023803711,0.6000000238418579
63205.0,55.0,20.0,16.0,-19.972798920803697,-28.92910032729171,8.956301406488013,-29.161990871284843,9.189191950481145,-29.32904409309815,9.356245172294454,0.39994376580644087,1.2,0.9375,0.9910335734669644,0.25,0.25,0.01,26.769899368286133,11.400400161743164,0.6000000238418579
64398.0,56.0,20.0,16.0,-19.00469494558646,-27.413181962268176,8.408487016681715,-27.696452280107767,8.691757334521306,-27.788414956469076,8.783720010882615,0.37523299420089984,1.2,0.875,0.9890250686872015,3.082207001484488,0.25,0.010000000000000002,26.599899291992188,11.500399589538574,0.6000000238418579
64696.0,57.0,20.0,16.0,-20.248314347793027,-27.82340801993522,7.5750936721421915,-28.073718353444978,7.825404005651951,-28.2210974954265,7.972783147633471,0.39768947549127986,1.2,0.875,0.9920001170213418,0.9013878188659973,0.0,0.01,27.159900665283203,11.520400047302246,0.6000000238418579
64994.0,58.0,20.0,16.0,-20.367776385552673,-30.39789165230779,10.030115266755118,-30.356057692925056,9.988281307372382,-30.398997843233953,10.03122145768128,0.0011061909261620428,0.8,0.9375,0.9915347384846446,0.6614378277661477,0.0,0.010000000000000004,26.509899139404297,11.550399780273438,0.6000000238418579
65292.0,59.0,20.0,16.0,-19.48436828610029,-27.592829515259325,8.108461229159037,-27.789032810176487,8.304664524076198,-27.96459646488877,8.480228178788483,0.37176694962944623,1.2,0.9375,0.9904508451947821,3.0,0.0,0.01,27.069900512695312,11.57040023803711,0.6000000238418579
66783.0,60.0,20.0,16.0,-18.210293679564373,-27.304023565397717,9.093729885833344,-27.494170014071003,9.28387633450663,-27.627438616283673,9.4171449367193,0.3234150508859557,1.2,0.875,0.9865307863968604,0.9013878188659973,0.0,0.01,18.715299606323242,6.011020183563232,1.0
68274.0,61.0,20.0,16.0,-20.759976279556707,-27.006579398268485,6.2466031187117785,-26.774688191205506,6.014711911648799,-27.530858541920704,6.7708822623639975,0.524279143652219,0.4,0.8125,0.9929126202159049,5.135659646043535,0.3535533905932738,0.010000000000000002,19.121299743652344,6.249020099639893,1.0
68572.0,62.0,20.0,16.0,-18.689777163131524,-26.83276339586749,8.142986232735968,-27.04753077259296,8.357753609461437,-27.251979475368962,8.562202312237439,0.4192160795014708,1.2,0.8125,0.9882778447725145,0.4330127018922193,0.0,0.01,18.4773006439209,6.305019855499268,1.0
72746.0,63.0,20.0,16.0,-19.74013211461465,-28.41131633417875,8.6711842195641,-28.484475082265014,8.744342967650365,-28.61880510570758,8.87867299109293,0.20748877152882983,1.2,0.875,0.9906378410055374,0.75,0.0,0.009999999999999998,19.121299743652344,6.977019786834717,1.0
74535.0,64.0,20.0,16.0,-19.089532438667703,-25.385304921928487,6.295772483260784,-26.460990980579467,7.371458541911764,-27.20785715851195,8.118324719844246,1.822552236583462,1.2,0.875,0.9892077478185344,2.384848003542364,0.25,0.01,18.88330078125,7.27101993560791,1.0
75727.0,65.0,20.0,16.0,-20.386173545625446,-28.845658437706888,8.459484892081441,-29.102729036959975,8.716555491334528,-29.483164563891147,9.096991018265701,0.6375061261842596,1.2,0.8125,0.9921581834062052,5.332682251925386,0.25,0.009999999999999998,18.715299606323242,7.467020034790039,1.0
76323.0,66.0,20.0,16.0,-21.02611046930409,-24.028518175752822,3.0024077064487322,-23.546971239064476,2.520860769760386,-24.904427661302307,3.8783171919982173,0.8759094855494851,0.4,0.875,0.9935080696621517,1.8874586088176875,0.3535533905932738,0.009999999999999998,18.63129997253418,7.5650200843811035,1.0
77218.0,67.0,20.0,16.0,-21.963545402651366,-25.866375528133567,3.9028301254822004,-23.26253638042123,1.298990977769865,-26.200709250984218,4.237163848332852,0.3343337228506513,0.4,0.8125,0.9959591770851758,2.207940216581962,0.0,0.010000000000000002,19.121299743652344,7.705019950866699,1.0
80497.0,68.0,20.0,16.0,-21.42348688545905,-26.648259214720223,5.2247723292611745,-26.54492859302262,5.121441707563573,-27.018173166412446,5.594686280953397,0.3699139516922223,0.4,0.8125,0.9946730352973111,2.5248762345905194,0.0,0.009999999999999998,19.275299072265625,8.237019538879395,1.0
81392.0,69.0,20.0,16.0,-20.624383702153644,-27.337984908780108,6.713601206626464,-27.69495668568964,7.070572983535996,-28.075180130273907,7.450796428120263,0.7371952214937991,1.2,0.875,0.9929053727133017,0.8660254037844386,0.25,0.01,18.56130027770996,8.391019821166992,1.0
84373.0,70.0,20.0,16.0,-21.3435453407321,-29.041200022920176,7.697654682188077,-29.818316547262892,8.474771206530793,-30.251044399653253,8.907499058921154,1.209844376733077,1.2,0.9375,0.9936763549714294,0.25,0.0,0.01,19.35930061340332,8.867019653320312,1.0
84970.0,71.0,20.0,16.0,-21.29367443591821,-25.77940083141265,4.485726395494442,-26.349747840474656,5.056073404556447,-27.103442962127705,5.809768526209496,1.3240421307150534,1.2,0.75,0.9944619758809717,2.883140648667699,0.4330127018922193,0.01,19.2893009185791,8.965020179748535,1.0
85864.0,72.0,20.0,16.0,-20.568989118960893,-28.28695423992254,7.717965120961647,-28.483980123889282,7.914991004928389,-28.748046813892955,8.179057694932062,0.46109257397041503,1.2,0.875,0.9926390916279327,1.5,0.25,0.01,18.56130027770996,9.119020462036133,1.0
86460.0,73.0,20.0,16.0,-20.39142696246291,-28.052471915599373,7.661044953136464,-28.055662598896077,7.664235636433169,-28.17862958647392,7.787202624011012,0.126157670874548,1.2,0.875,0.9921753311495153,0.82915619758885,0.0,0.010000000000000004,18.4773006439209,9.217020034790039,1.0
86758.0,74.0,20.0,16.0,-20.349234281379754,-26.024544424503418,5.675310143123664,-26.449637530588035,6.100403249208281,-26.950872139207014,6.60163785782726,0.9263277147035964,1.2,0.75,0.9924076844253595,2.091650066335189,0.0,0.009999999999999997,19.03730010986328,9.25901985168457,1.0
87355.0,75.0,20.0,16.0,-21.050868837569787,-26.479052623125785,5.428183785555998,-26.69266912317846,5.641800285608674,-26.889957131770533,5.839088294200746,0.41090450864474803,1.2,0.875,0.9941872016457656,3.4641016151377544,0.25,0.009999999999999998,18.967300415039062,9.357020378112793,1.0
88547.0,76.0,20.0,16.0,-22.388280850876967,-28.548922852451874,6.160642001574907,-29.264672204309576,6.876391353432609,-29.27198155173674,6.883700700859773,0.7230586992848664,1.2,0.875,0.9951924470473292,0.7905694150420949,0.25,0.01,18.799299240112305,9.553019523620605,1.0
91529.0,77.0,20.0,16.0,-21.869105298896905,-26.703251400184314,4.834146101287409,-26.589594462788533,4.720489163891628,-27.29625600543598,5.427150706539074,0.5930046052516644,0.4,0.9375,0.9947893629102638,0.9682458365518543,0.0,0.009999999999999998,18.40730094909668,10.043000221252441,1.0
94510.0,78.0,20.0,16.0,-20.96032144064189,-26.04716824770255,5.08684680706066,-26.203362740758603,5.243041300116712,-26.318566222658845,5.358244782016953,0.2713979749562938,1.2,0.8125,0.9944585581166635,5.344389581607987,0.4330127018922193,0.01,19.205299377441406,10.519000053405762,1.0
96299.0,79.0,20.0,16.0,-21.317959345571534,-27.190290692928446,5.872331347356912,-27.541872448732427,6.223913103160893,-28.145836325886453,6.827876980314919,0.9555456329580068,1.2,0.875,0.9938073811081185,1.2747548783981961,0.0,0.009999999999999995,18.967300415039062,10.812999725341797,1.0
97491.0,80.0,20.0,16.0,-20.166033526780268,-27.81412884194577,7.648095315165502,-28.27030452427898,8.104270997498713,-28.569398850965587,8.40336532418532,0.7552700090198172,1.2,0.8125,0.9919789030210406,1.4577379737113252,0.25,0.009999999999999998,18.799299240112305,11.008999824523926,1.0
98088.0,81.0,20.0,16.0,-20.50605633603016,-23.47308098226467,2.96702464623451,-22.886513800375894,2.380457464345735,-24.271382489284367,3.7653261532542075,0.7983015070196977,0.4,0.875,0.9930476989462919,4.123105625617661,0.0,0.009999999999999998,18.729299545288086,11.107000350952148,1.0
98386.0,82.0,20.0,16.0,-21.628034843007388,-26.435564091230198,4.80752924822281,-26.83209776521966,5.204062922212273,-27.156403387231464,5.528368544224076,0.720839296001266,1.2,0.8125,0.9952384690997258,8.2915619758885,0.25,0.009999999999999998,19.2893009185791,11.14900016784668,1.0
99578.0,83.0,20.0,16.0,-21.793092152164814,-24.923376719788305,3.130284567623491,-23.950582670325904,2.15749051816109,-26.710988735855473,4.917896583690659,1.7876120160671682,0.4,0.875,0.9944098893714471,1.224744871391589,0.25,0.01,19.121299743652344,11.345000267028809,1.0
99877.0,84.0,20.0,16.0,-18.50591723748856,-27.252454220081912,8.746536982593351,-28.35484085770194,9.84892362021338,-28.666401368820967,10.160484131332407,1.4139471487390551,1.2,0.9375,0.987101843042655,0.4330127018922193,0.25,0.01,18.491300582885742,11.401000022888184,1.0
100175.0,85.0,20.0,16.0,-19.613044394100307,-23.2821303800217,3.669085985921395,-24.14606281383397,4.533018419733665,-24.791478798575003,5.178434404474697,1.5093484185533015,1.2,0.875,0.9903194681983746,1.14564392373896,0.0,0.01,19.051300048828125,11.442999839782715,1.0
100473.0,86.0,20.0,16.0,-19.922870192175704,-27.011047311077213,7.088177118901509,-27.129265886564234,7.2063956943885294,-27.296772331622215,7.3739021394465105,0.2857250205450015,1.2,0.8125,0.991905853876692,1.14564392373896,0.3535533905932738,0.009999999999999998,18.40730094909668,11.49899959564209,1.0
101069.0,87.0,20.0,16.0,-21.977046909008617,-25.10072284044575,3.123675931437134,-24.87713805416724,2.9000911451586227,-25.34630936545267,3.3692624564440514,0.24558652500691736,0.4,0.75,0.9953968739055183,4.031128874149275,0.25,0.009999999999999998,19.527299880981445,11.583000183105469,1.0
102262.0,88.0,20.0,16.0,-21.13032922056904,-27.087099069033172,5.956769848464134,-27.608051447380927,6.477722226811888,-27.865965071484187,6.735635850915148,0.7788660024510143,1.2,0.875,0.9937809923838357,0.3535533905932738,0.0,0.01,19.373300552368164,11.779000282287598,1.0
106137.0,89.0,20.0,16.0,-20.064720440897972,-28.505921691008055,8.441201250110083,-29.009800653134363,8.945080212236391,-29.182923534502162,9.11820309360419,0.6770018434941072,1.2,0.9375,0.9916898918510025,0.7071067811865476,0.25,0.01,19.443300247192383,12.409000396728516,1.0
106436.0,90.0,20.0,16.0,-21.163332498704044,-25.564601329426104,4.40126883072206,-25.273508136977618,4.110175638273574,-25.573005853873696,4.409673355169652,0.008404524447591655,0.6,0.875,0.9945922814423677,2.384848003542364,0.0,0.01,18.81329917907715,12.46500015258789,1.0
107628.0,91.0,20.0,16.0,-20.153282235109042,-28.62753676440084,8.474254529291798,-29.38148220905099,9.228199973941948,-29.82711103874192,9.673828803632876,1.199574274341078,1.2,0.875,0.9915387631999738,0.3535533905932738,0.3535533905932738,0.009999999999999998,18.645299911499023,12.66100025177002,1.0
108821.0,92.0,20.0,16.0,-19.780481779294583,-29.26313937635789,9.482657597063309,-28.94238436599393,9.161902586699348,-29.3008735435345,9.520391764239918,0.037734167176608935,0.6,1.0,0.9904930144126985,0.0,0.0,0.009999999999999998,18.491300582885742,12.857000350952148,1.0
109119.0,93.0,20.0,16.0,-19.43476694049368,-29.873405029811508,10.438638089317827,-29.987095712912915,10.552328772419234,-30.125731410215543,10.690964469721862,0.25232638040403543,1.2,0.875,0.9895325677612538,0.4330127018922193,0.25,0.01,19.051300048828125,12.89900016784668,1.0
109715.0,94.0,20.0,16.0,-20.464219669849353,-28.378626409422086,7.914406739572733,-28.713837147639488,8.249617477790135,-29.12113197141618,8.656912301566827,0.7425055619940935,1.2,0.8125,0.9924766527134526,1.1989578808281798,0.3535533905932738,0.009999999999999998,18.967300415039062,12.996999740600586,1.0
112100.0,95.0,20.0,16.0,-20.404795088863587,-27.29825476234232,6.893459673478734,-25.847877689018368,5.443082600154781,-27.42036256463215,7.015567475768563,0.12210780228982898,0.8,0.875,0.9924613307769431,6.057020719792859,0.25,0.010000000000000002,18.645299911499023,13.388999938964844,1.0
115976.0,96.0,20.0,16.0,-19.402202390753263,-27.19795592970284,7.795753538949576,-27.849026492639823,8.446824101886559,-28.401912078991618,8.999709688238354,1.2039561492887785,1.2,1.0,0.9899692229558299,0.0,0.0,0.01,18.729299545288086,14.019000053405762,1.0
116274.0,97.0,20.0,16.0,-18.944330361286635,-27.763386268542497,8.819055907255862,-27.777200906501843,8.832870545215208,-27.87256833386313,8.928237972576493,0.10918206532063124,1.2,0.9375,0.9887509016143282,0.6123724356957945,0.0,0.01,19.2893009185791,14.060999870300293,1.0
116572.0,98.0,20.0,16.0,-18.440218143362998,-26.851056239379503,8.410838096016505,-26.768014331893696,8.327796188530698,-26.837592266273216,8.397374122910218,-0.013463973106286886,0.8,0.9375,0.9877047260770043,0.25,0.0,0.009999999999999998,18.645299911499023,14.116999626159668,1.0
118361.0,99.0,20.0,16.0,-17.33092794435253,-28.169295555452386,10.838367611099855,-28.175075148562723,10.844147204210191,-28.30850002115069,10.977572076798157,0.13920446569830247,0.8,0.875,0.9828810890479459,0.82915619758885,0.0,0.010000000000000002,18.40730094909668,14.41100025177002,1.0
298.0,0.0,30.0,4.0,-12.224679534608907,-28.142360408203956,15.91768087359505,-29.868704982597972,17.644025447989065,-32.40045167917052,20.175772144561616,4.258091270966567,0.8,1.0,0.9401146755051588,0.0,0.0,0.0009999999999999998,26.899900436401367,6.200439929962158,0.6000000238418579
1192.0,1.0,30.0,4.0,-12.150090340029747,-28.56944930333366,16.419358963303914,-30.407166717431984,18.257076377402235,-33.77029835935025,21.6202080193205,5.20084905601659,0.8,1.0,0.9390791549908732,0.0,0.0,0.0009999999999999998,27.36989974975586,6.270440101623535,0.6000000238418579
2385.0,2.0,30.0,4.0,-16.3577368344979,-21.760022754390278,5.402285919892378,-21.507189906550394,5.149453072052495,-22.025357906750184,5.667621072252285,0.26533515235990635,0.8,1.0,0.9768892299002626,0.0,0.0,0.0009999999999999998,27.199899673461914,6.3704400062561035,0.6000000238418579
4472.0,3.0,30.0,4.0,-12.079948316010396,-29.180112043871787,17.100163727861393,-31.00314691583796,18.923198599827565,-36.10316337811713,24.023215062106736,6.9230513342453435,0.8,1.0,0.9381015778129362,0.0,0.0,0.001,27.499900817871094,6.540440082550049,0.6000000238418579
4770.0,4.0,30.0,4.0,-15.643218652386226,-29.7816423299321,14.138423677545875,-32.20119623701899,16.557977584632766,-32.20119623701899,16.557977584632766,2.4195539070868897,1.0,1.0,0.9727595774275035,0.0,0.0,0.0010000000000000005,26.849899291992188,6.57043981552124,0.6000000238418579
8049.0,5.0,30.0,4.0,-14.734751433756285,-21.898939658243215,7.16418822448693,-22.25278314925669,7.518031715500404,-26.67218773344315,11.937436299686864,4.773248075199934,1.2,1.0,0.9664037373790311,0.0,0.0,0.001,26.969900131225586,6.840439796447754,0.6000000238418579
10733.0,6.0,30.0,4.0,-12.96484908055304,-33.15996129896247,20.19511221840943,-27.94823076261045,14.98338168205741,-33.54842702777428,20.58357794722124,0.3884657288118092,0.8,1.0,0.9494889303985512,0.0,0.0,0.0009999999999999998,27.189899444580078,7.0604400634765625,0.6000000238418579
11031.0,7.0,30.0,4.0,-14.85076956781917,-27.138503817563645,12.287734249744476,-23.19820799211773,8.347438424298561,-28.917025944833345,14.066256377014176,1.7785221272696994,0.4,0.75,0.9673008702444655,0.7071067811865476,0.0,0.001,26.539899826049805,7.090439796447754,0.6000000238418579
12223.0,8.0,30.0,4.0,-16.347953387982642,-17.75156747260619,1.4036140846235483,-17.731909511641323,1.383956123658681,-17.784176046057098,1.4362226580744561,0.03260857345090784,0.8,1.0,0.9768284965985806,0.0,0.0,0.001,26.359899520874023,7.1904401779174805,0.6000000238418579
13714.0,9.0,30.0,4.0,-16.992409850421655,-22.165146579034282,5.172736728612627,-25.51809383663634,8.525683986214684,-27.025843844705125,10.03343399428347,4.860697265670844,1.2,1.0,0.9800558810437807,0.0,0.0,0.0009999999999999998,26.749900817871094,7.3104400634765625,0.6000000238418579
15503.0,10.0,30.0,4.0,-14.941732301114302,-27.214735482307404,12.273003181193102,-21.564436293835886,6.6227039927215845,-28.142032371828574,13.200300070714272,0.9272968895211697,0.6,1.0,0.9679749759412843,0.0,0.0,0.001,26.489900588989258,7.460440158843994,0.6000000238418579
15801.0,11.0,30.0,4.0,-14.687275650271456,-23.868202192406464,9.180926542135008,-26.035641707189573,11.348366056918117,-26.65200140564073,11.964725755369273,2.783799213234264,1.2,1.0,0.9660286670572874,0.0,0.0,0.0009999999999999998,27.04990005493164,7.480440139770508,0.6000000238418579
17292.0,12.0,30.0,4.0,-14.124502043807773,-33.26554978182388,19.141047738016105,-31.648763481690814,17.52426143788304,-33.581670724786875,19.457168680979102,0.3161209429629963,0.6,1.0,0.9613433497680756,0.0,0.0,0.0010000000000000002,27.439899444580078,7.60044002532959,0.6000000238418579
17590.0,13.0,30.0,4.0,-13.983297839113478,-18.386639475656125,4.403341636542647,-21.688438870025422,7.705141030911944,-23.636384541786228,9.65308670267275,5.249745066130103,1.2,1.0,0.9600830691053959,0.0,0.0,0.001,26.789899826049805,7.6304402351379395,0.6000000238418579
18484.0,14.0,30.0,4.0,-14.967532386760727,-17.156692264064016,2.1891598773032896,-17.512335777425584,2.544803390664857,-18.16473477739988,3.197202390639152,1.0080425133358624,1.2,1.0,0.9681690657590261,0.0,0.0,0.001,27.259899139404297,7.700439929962158,0.6000000238418579
18782.0,15.0,30.0,4.0,-13.600311155450374,-22.3987282321905,8.798417076740126,-23.60340147888754,10.003090323437167,-24.05107161945104,10.450760464000666,1.6523433872605402,1.2,1.0,0.9563651375755343,0.0,0.0,0.001,26.609899520874023,7.730440139770508,0.6000000238418579
19080.0,16.0,30.0,4.0,-12.30804913537595,-29.901302168026042,17.593253032650093,-29.166799218455637,16.858750083079688,-33.9686802372101,21.660631101834152,4.067378069184059,0.8,1.0,0.9412449467349377,0.0,0.0,0.001,27.16990089416504,7.7504401206970215,0.6000000238418579
20869.0,17.0,30.0,4.0,-14.41525740838205,-28.708958805344306,14.293701396962256,-28.34913335571425,13.9338759473322,-29.560456276601293,15.145198868219243,0.8514974712569874,1.2,1.0,0.9638353033502725,0.0,0.0,0.0009999999999999998,26.909900665283203,7.900440216064453,0.6000000238418579
21167.0,18.0,30.0,4.0,-15.029266770893106,-36.185758171801076,21.15649140090797,-25.375296388232933,10.346029617339827,-35.60684985435667,20.577583083463562,-0.5789083174444087,0.6,1.0,0.9686225206161692,0.0,0.0,0.0009999999999999998,27.469900131225586,7.920440196990967,0.6000000238418579
22360.0,19.0,30.0,4.0,-13.206749856965814,-29.516796366818056,16.310046509852242,-26.030062882297308,12.823313025331494,-28.967183427860338,15.760433570894524,-0.5496129389577185,0.8,1.0,0.9522738250549406,0.0,0.0,0.0009999999999999996,27.29990005493164,8.020440101623535,0.6000000238418579
22658.0,20.0,30.0,4.0,-14.18225969111694,-26.67502719536625,12.492767504249311,-27.914746939988767,13.732487248871827,-27.914746939988767,13.732487248871827,1.2397197446225157,1.0,1.0,0.9618402405853795,0.0,0.0,0.001,26.649900436401367,8.050439834594727,0.6000000238418579
23254.0,21.0,30.0,4.0,-14.201944515291263,-31.399601183569157,17.197656668277894,-28.894267336565356,14.692322821274093,-31.831577857356823,17.62963334206556,0.43197667378766624,0.6,1.0,0.9620714765400373,0.0,0.0,0.0010000000000000002,26.559900283813477,8.10044002532959,0.6000000238418579
25341.0,22.0,30.0,4.0,-14.144370875051454,-29.590206746908855,15.445835871857401,-24.862245254509507,10.717874379458053,-29.428685680727888,15.284314805676434,-0.16152106618096695,0.6,0.75,0.9615295720172614,0.7071067811865476,0.5,0.001,26.859899520874023,8.270440101623535,0.6000000238418579
26236.0,23.0,30.0,4.0,-13.5232679231198,-32.482394536761305,18.959126613641505,-26.37150150492183,12.848233581802031,-31.271648449481656,17.748380526361856,-1.2107460872796487,0.6,1.0,0.9555924523776772,0.0,0.0,0.0009999999999999998,27.33989906311035,8.340439796447754,0.6000000238418579
26534.0,24.0,30.0,4.0,-15.279187587329297,-20.56194441747116,5.282756830141864,-20.98229729471264,5.703109707383344,-23.481983280877813,8.202795693548516,2.9200388634066528,1.2,1.0,0.9703662562020903,0.0,0.0,0.001,26.689899444580078,8.370439529418945,0.6000000238418579
27428.0,25.0,30.0,4.0,-15.050526551916688,-16.975688998813734,1.9251624468970459,-16.43138362533066,1.3808570734139725,-16.9822779201701,1.9317513682534138,0.006588921356367905,0.6,1.0,0.9687725761860717,0.0,0.0,0.001,27.159900665283203,8.44044017791748,0.6000000238418579
30112.0,26.0,30.0,4.0,-13.603634462638334,-31.555331071650663,17.95169660901233,-25.503995549342303,11.900361086703969,-30.858976505153418,17.255342042515082,-0.696354566497245,0.6,1.0,0.9564081862781562,0.0,0.0,0.001,27.379899978637695,8.660440444946289,0.6000000238418579
30410.0,27.0,30.0,4.0,-17.077418239295667,-23.684076090133026,6.606657850837358,-23.68558888510249,6.608170645806823,-23.817462347346726,6.740044108051059,0.1333862572137008,1.2,1.0,0.980419789796829,0.0,0.0,0.0010000000000000002,26.729900360107422,8.69044017791748,0.6000000238418579
32199.0,28.0,30.0,4.0,-13.752574689333377,-21.05625539584738,7.303680706514003,-20.777271085312655,7.024696395979278,-21.259903696233696,7.507329006900319,0.2036483003863161,0.8,1.0,0.9578757084954952,0.0,0.0,0.001,26.469900131225586,8.840439796447754,0.6000000238418579
32497.0,29.0,30.0,4.0,-13.574672889766045,-19.024240014547807,5.449567124781762,-19.112153858823092,5.537480969057047,-19.504580004473752,5.9299071147077065,0.4803399899259446,0.8,1.0,0.9561457019835827,0.0,0.0,0.0010000000000000002,27.02989959716797,8.860440254211426,0.6000000238418579
33093.0,30.0,30.0,4.0,-15.027557884097103,-24.35051553347535,9.322957649378246,-27.9728546756289,12.945296791531796,-30.091444908627132,15.063887024530029,5.740929375151783,1.2,1.0,0.9686302385541513,0.0,0.0,0.0010000000000000002,26.939899444580078,8.910440444946289,0.6000000238418579
33391.0,31.0,30.0,4.0,-13.728782230441826,-22.252822607378654,8.524040376936828,-23.254129894642407,9.52534766420058,-25.394787236734476,11.66600500629265,3.1419646293558223,1.2,1.0,0.9576739912810976,0.0,0.0,0.001,27.499900817871094,8.930439949035645,0.6000000238418579
34286.0,32.0,30.0,4.0,-15.861181006930007,-26.187151265045614,10.325970258115607,-23.656792828422134,7.795611821492127,-26.424773263324145,10.563592256394138,0.2376219982785308,0.6,1.0,0.9740849561412036,0.0,0.0,0.001,26.769899368286133,9.0104398727417,0.6000000238418579
36969.0,33.0,30.0,4.0,-14.2656468189775,-32.12925516006324,17.863608341085737,-25.026179773751842,10.760532954774343,-32.19168719814729,17.92604037916979,0.0624320380840544,0.6,1.0,0.9625842714941087,0.0,0.0,0.001,26.979900360107422,9.230440139770508,0.6000000238418579
37565.0,34.0,30.0,4.0,-14.227840765748844,-26.002859175055914,11.77501840930707,-23.340318153433568,9.112477387684724,-25.984129687907043,11.756288922158198,-0.018729487148871016,0.6,1.0,0.9622423888198254,0.0,0.0,0.0009999999999999998,26.88990020751953,9.280440330505371,0.6000000238418579
38758.0,35.0,30.0,4.0,-13.225233864285471,-32.19844753068647,18.973213666401,-32.36419189273389,19.13895802844842,-34.08028591252487,20.8550520482394,1.8818383818383992,0.8,1.0,0.9524386174183361,0.0,0.0,0.001,26.719900131225586,9.380439758300781,0.6000000238418579
41739.0,36.0,30.0,4.0,-12.671804874887748,-30.692094214353954,18.020289339466206,-27.538333264304672,14.866528389416924,-31.82781946901472,19.156014594126972,1.1357252546607661,0.8,1.0,0.9459551921231191,0.0,0.0,0.001,27.489900588989258,9.620439529418945,0.6000000238418579
42634.0,37.0,30.0,4.0,-14.578290128784161,-36.591279378761094,22.012989249976933,-24.99188511610353,10.413594987319367,-38.79638279709394,24.21809266830978,2.205103418332847,0.6,1.0,0.9651705850619892,0.0,0.0,0.0009999999999999998,26.759899139404297,9.700440406799316,0.6000000238418579
42932.0,38.0,30.0,4.0,-14.892231074548164,-29.73412397518969,14.841892900641525,-26.83134041644728,11.939109341899115,-29.9285460342338,15.036314959685637,0.19442205904411125,0.6,1.0,0.967621399849799,0.0,0.0,0.001,27.319900512695312,9.720439910888672,0.6000000238418579
43230.0,39.0,30.0,4.0,-12.736069539118876,-33.2719360462968,20.535866507177925,-28.513771827353978,15.777702288235101,-35.36953709088994,22.633467551771066,2.097601044593141,0.8,1.0,0.9467694756572831,0.0,0.0,0.0010000000000000002,26.66990089416504,9.750439643859863,0.6000000238418579
43826.0,40.0,30.0,4.0,-14.15948716509757,-21.517195390771924,7.3577082256743545,-19.24746500403267,5.0879778389351,-24.708291111294898,10.548803946197328,3.1910957205229735,0.4,1.0,0.9616541129958253,0.0,0.0,0.0010000000000000005,26.57990074157715,9.800439834594727,0.6000000238418579
45317.0,41.0,30.0,4.0,-14.775934789697535,-27.952439638308334,13.176504848610799,-23.479292049795674,8.703357260098139,-28.30529376191217,13.529358972214636,0.35285412360383717,0.6,1.0,0.9667150345940612,0.0,0.0,0.001,26.969900131225586,9.920439720153809,0.6000000238418579
48000.0,42.0,30.0,4.0,-13.0811517312039,-23.869788547389405,10.788636816185505,-23.25814705886563,10.176995327661732,-24.024308505744404,10.943156774540505,0.15451995835499943,0.8,1.0,0.9508332941499955,0.0,0.0,0.0010000000000000005,27.179899215698242,10.140399932861328,0.6000000238418579
48895.0,43.0,30.0,4.0,-16.370119380552836,-21.283923756221597,4.913804375668761,-17.905196240086646,1.5350768595338096,-23.228430919796494,6.858311539243658,1.9445071635748974,0.4,1.0,0.9769891737132194,0.0,0.0,0.001,26.449899673461914,10.220399856567383,0.6000000238418579
50982.0,44.0,30.0,4.0,-16.850327053577846,-17.743275450071458,0.8929483964936118,-17.499993495636254,0.6496664420584075,-17.762841219170813,0.9125141655929667,0.019565769099354924,0.6,1.0,0.9793689337943111,0.0,0.0,0.001,26.749900817871094,10.390399932861328,0.6000000238418579
51578.0,45.0,30.0,4.0,-13.682378277292361,-31.203560323063208,17.521182045770846,-25.702518172398953,12.020139895106592,-30.50067520315512,16.818296925862757,-0.702885119908089,0.6,1.0,0.9571922720940492,0.0,0.0,0.001,26.659900665283203,10.440400123596191,0.6000000238418579
54261.0,46.0,30.0,4.0,-13.598644699801044,-22.234220762840017,8.635576063038974,-22.60122016928298,9.002575469481934,-23.81594064806627,10.217295948265226,1.5817198852262528,1.2,1.0,0.9563712711406657,0.0,0.0,0.001,26.86989974975586,10.660400390625,0.6000000238418579
55155.0,47.0,30.0,4.0,-12.937455615288748,-32.55708957699633,19.619633961707585,-27.26816589307377,14.330710277785023,-32.185003707610406,19.247548092321658,-0.372085869385927,0.8,1.0,0.9491994915818897,0.0,0.0,0.001,27.33989906311035,10.730400085449219,0.6000000238418579
55454.0,48.0,30.0,4.0,-12.717289091865016,-24.146421273080204,11.429132181215188,-26.266356201370474,13.549067109505458,-26.266356201370474,13.549067109505458,2.11993492829027,1.0,1.0,0.9465506941220913,0.0,0.0,0.0009999999999999998,26.699899673461914,10.76039981842041,0.6000000238418579
58435.0,49.0,30.0,4.0,-16.020599879841097,-29.444679650340934,13.424079770499837,-26.106324366849293,10.085724487008196,-29.711047450639345,13.690447570798248,0.26636780029841134,0.6,1.0,0.9750118429431552,0.0,0.0,0.001,27.469900131225586,11.000399589538574,0.6000000238418579
59329.0,50.0,30.0,4.0,-14.271822808383769,-24.004978533468105,9.733155725084336,-27.54177082220476,13.269948013820992,-30.359709020788173,16.087886212404406,6.354730487320069,1.2,1.0,0.962641494416438,0.0,0.0,0.0010000000000000005,26.729900360107422,11.080400466918945,0.6000000238418579
60224.0,51.0,30.0,4.0,-15.807008092192694,-32.30047957704396,16.493471484851263,-25.73333018732165,9.926322095128954,-31.72584575516297,15.918837662970274,-0.5746338218809903,0.6,1.0,0.973769025711449,0.0,0.0,0.001,27.20989990234375,11.150400161743164,0.6000000238418579
61118.0,52.0,30.0,4.0,-12.966094483377965,-29.61540286977254,16.649308386394576,-26.255509703017033,13.289415219639068,-29.41700337018231,16.450908886804346,-0.19839949959023073,0.8,1.0,0.9495350438866497,0.0,0.0,0.001,26.469900131225586,11.230400085449219,0.6000000238418579
62013.0,53.0,30.0,4.0,-13.862780590763247,-21.226346797732354,7.363566206969107,-22.677470391959957,8.81468980119671,-24.890832866220304,11.028052275457057,3.6644860684879497,1.2,1.0,0.9589362507242366,0.0,0.0,0.0009999999999999998,26.949899673461914,11.300399780273438,0.6000000238418579
62311.0,54.0,30.0,4.0,-13.902112248469209,-33.10760467907231,19.2054924306031,-29.0748143563996,15.172702107930391,-33.795612614026524,19.893500365557315,0.6880079349542143,0.8,1.0,0.959301847880297,0.0,0.0,0.0010000000000000002,27.509899139404297,11.32040023803711,0.6000000238418579
63205.0,55.0,30.0,4.0,-14.447143825511525,-26.166000831465347,11.718857005953822,-22.82677792578618,8.379634100274654,-26.340104426293752,11.892960600782228,0.17410359482840576,0.6,1.0,0.9641163498813382,0.0,0.0,0.001,26.769899368286133,11.400400161743164,0.6000000238418579
64398.0,56.0,30.0,4.0,-13.95259961621274,-23.287644901900684,9.335045285687944,-23.05509335872367,9.10249374251093,-25.13177761987727,11.179178003664529,1.844132717976585,1.2,1.0,0.9598118292568433,0.0,0.0,0.0010000000000000002,26.599899291992188,11.500399589538574,0.6000000238418579
64696.0,57.0,30.0,4.0,-15.172162510180613,-21.612210310929477,6.440047800748864,-22.581453872656077,7.409291362475464,-23.26030069590744,8.088138185726827,1.6480903849779622,1.2,1.0,0.969623614074004,0.0,0.0,0.001,27.159900665283203,11.520400047302246,0.6000000238418579
64994.0,58.0,30.0,4.0,-14.409742081760006,-28.37835419120824,13.968612109448232,-24.196880827016084,9.787138745256078,-28.430146704337936,14.02040462257793,0.05179251312969768,0.6,1.0,0.9637879366576025,0.0,0.0,0.0010000000000000005,26.509899139404297,11.550399780273438,0.6000000238418579
65292.0,59.0,30.0,4.0,-14.277981627640822,-31.795340526677375,17.51735889903655,-24.642166538786586,10.364184911145765,-32.07712557398689,17.79914394634607,0.2817850473095156,0.6,1.0,0.9626726851051416,0.0,0.0,0.001,27.069900512695312,11.57040023803711,0.6000000238418579
66783.0,60.0,30.0,4.0,-12.934762963105797,-27.899576382194976,14.964813419089179,-25.851826195726414,12.917063232620617,-28.12071715621038,15.185954193104582,0.221140774015403,0.8,1.0,0.9491495370479295,0.0,0.0,0.001,18.715299606323242,6.011020183563232,1.0
68274.0,61.0,30.0,4.0,-16.29751738231017,-19.13756565670061,2.8400482743904405,-14.952790271151638,-1.3447271111585302,-22.868188824973213,6.570671442663045,3.7306231682726043,0.4,1.0,0.976580640783426,0.0,0.0,0.0010000000000000002,19.121299743652344,6.249020099639893,1.0
68572.0,62.0,30.0,4.0,-13.570515237983606,-28.328976048476807,14.758460810493201,-25.556006863758213,11.985491625774607,-27.770342044636767,14.19982680665316,-0.5586340038400408,0.8,1.0,0.9561048804638146,0.0,0.0,0.001,18.4773006439209,6.305019855499268,1.0
72746.0,63.0,30.0,4.0,-14.37894396340871,-26.172906414661693,11.793962451252982,-22.52949718408609,8.150553220677379,-26.415144788093762,12.036200824685052,0.24223837343206966,0.6,1.0,0.9635655097316528,0.0,0.0,0.0009999999999999998,19.121299743652344,6.977019786834717,1.0
74535.0,64.0,30.0,4.0,-13.8873608383966,-15.734059849705693,1.8466990113090933,-13.211466889508884,-0.6758939488877154,-17.415400096666815,3.5280392582702156,1.6813402469611223,0.4,1.0,0.9591822955750442,0.0,0.0,0.001,18.88330078125,7.27101993560791,1.0
75727.0,65.0,30.0,4.0,-15.660291871596483,-23.00809905894986,7.347807187353377,-16.27562966472166,0.6153377931251764,-30.478363747727233,14.81807187613075,7.470264688777373,0.4,1.0,0.9729007333082798,0.0,0.0,0.0009999999999999998,18.715299606323242,7.467020034790039,1.0
76323.0,66.0,30.0,4.0,-14.941507745959868,-15.635629164234775,0.6941214182749071,-13.02594483239977,-1.9155629135600982,-17.48051766935739,2.539009923397522,1.844888505122615,0.4,1.0,0.9679731399756185,0.0,0.0,0.0009999999999999998,18.63129997253418,7.5650200843811035,1.0
77218.0,67.0,30.0,4.0,-18.532548736909863,-21.3166493568491,2.784100619939238,-14.01641488708295,-4.516133849826913,-27.626674242370232,9.094125505460369,6.3100248855211305,0.4,1.0,0.986028338838241,0.0,0.0,0.0010000000000000002,19.121299743652344,7.705019950866699,1.0
80497.0,68.0,30.0,4.0,-17.64685239232498,-22.19869846832584,4.55184607600086,-20.34998350701907,2.703131114694088,-22.320243059167275,4.673390666842295,0.12154459084143454,0.6,1.0,0.9828460200038837,0.0,0.0,0.0009999999999999998,19.275299072265625,8.237019538879395,1.0
81392.0,69.0,30.0,4.0,-15.583614195963362,-17.945924418513496,2.362310222550134,-14.352670252767082,-1.23094394319628,-20.863108141899357,5.279493945935995,2.917183723385861,0.4,1.0,0.9723937674428623,0.0,0.0,0.001,18.56130027770996,8.391019821166992,1.0
84373.0,70.0,30.0,4.0,-16.015705523519934,-22.435253329239817,6.419547805719883,-19.917916399723676,3.9022108762037426,-23.545732403231888,7.530026879711954,1.110479073992071,0.4,1.0,0.9750122970230699,0.0,0.0,0.001,19.35930061340332,8.867019653320312,1.0
84970.0,71.0,30.0,4.0,-17.761992348826478,-17.778793187933907,0.0168008391074288,-13.497277390781342,-4.264714958045136,-22.867810748657025,5.105818399830547,5.089017560723118,0.2,1.0,0.9832803555006303,0.0,0.0,0.001,19.2893009185791,8.965020179748535,1.0
85864.0,72.0,30.0,4.0,-15.726439944220843,-27.750309235029654,12.023869290808811,-21.951285295837867,6.224845351617024,-29.161516774328817,13.435076830107974,1.4112075392991628,0.4,1.0,0.9732641205873814,0.0,0.0,0.001,18.56130027770996,9.119020462036133,1.0
86460.0,73.0,30.0,4.0,-15.117654503481699,-25.66310168471233,10.545447181230632,-21.924735238581246,6.807080735099547,-26.13252337031936,11.01486886683766,0.4694216856070277,0.6,1.0,0.9692796424360913,0.0,0.0,0.0010000000000000005,18.4773006439209,9.217020034790039,1.0
86758.0,74.0,30.0,4.0,-16.3095819301734,-18.788355957641688,2.478774027468287,-15.060962691484958,-1.248619238688443,-21.922375362542983,5.612793432369582,3.134019404901295,0.4,1.0,0.9766343780057121,0.0,0.0,0.0009999999999999996,19.03730010986328,9.25901985168457,1.0
87355.0,75.0,30.0,4.0,-16.577651584731743,-24.51588788234847,7.938236297616726,-20.840275685635522,4.262624100903778,-26.903920802066757,10.326269217335014,2.388032919718288,0.4,1.0,0.9780149580741484,0.0,0.0,0.0009999999999999998,18.967300415039062,9.357020378112793,1.0
88547.0,76.0,30.0,4.0,-18.006171640063805,-23.33618108724185,5.330009447178046,-26.347488342367292,8.341316702303487,-27.25509564125143,9.248924001187625,3.9189145540095787,1.2,1.0,0.9841839456830183,0.0,0.0,0.001,18.799299240112305,9.553019523620605,1.0
91529.0,77.0,30.0,4.0,-16.86717436752543,-18.72319628001093,1.8560219124855024,-14.958518766358411,-1.908655601167018,-21.968212246321436,5.1010378787960065,3.245015966310504,0.4,1.0,0.9794448644382749,0.0,0.0,0.0009999999999999998,18.40730094909668,10.043000221252441,1.0
94510.0,78.0,30.0,4.0,-17.462715312928587,-22.76262600429684,5.299910691368254,-21.143205495207415,3.6804901822788274,-22.709039831579734,5.2463245186511465,-0.053586172717107416,0.6,1.0,0.9820743716538737,0.0,0.0,0.001,19.205299377441406,10.519000053405762,1.0
96299.0,79.0,30.0,4.0,-16.309704301595062,-17.757940368678423,1.4482360670833607,-13.98389449951349,-2.3258098020815723,-21.317153547028262,5.0074492454332,3.5592131783498395,0.4,1.0,0.9766380235142375,0.0,0.0,0.0009999999999999996,18.967300415039062,10.812999725341797,1.0
97491.0,80.0,30.0,4.0,-15.31549744556687,-25.887497432704272,10.571999987137403,-22.417325773210393,7.101828327643524,-26.282881111857566,10.967383666290697,0.3953836791532943,0.6,1.0,0.9706258157975042,0.0,0.0,0.0009999999999999998,18.799299240112305,11.008999824523926,1.0
98088.0,81.0,30.0,4.0,-15.144593305175382,-16.50334338358248,1.3587500784070965,-13.575183590696778,-1.5694097144786046,-18.862567823762227,3.7179745185868445,2.359224440179748,0.4,1.0,0.9694426141867326,0.0,0.0,0.0009999999999999998,18.729299545288086,11.107000350952148,1.0
98386.0,82.0,30.0,4.0,-17.573511062512182,-16.75837822553563,-0.8151328369765523,-12.371984764629945,-5.201526297882237,-19.90310102592374,2.329589963411557,3.1447228003881094,0.2,1.0,0.9825401413906091,0.0,0.0,0.0009999999999999998,19.2893009185791,11.14900016784668,1.0
99578.0,83.0,30.0,4.0,-16.330134355522034,-17.694656385908768,1.364522030386734,-14.030550741267977,-2.2995836142540576,-20.707307059364997,4.377172703842962,3.0126506734562284,0.4,1.0,0.9767800348965912,0.0,0.0,0.001,19.121299743652344,11.345000267028809,1.0
99877.0,84.0,30.0,4.0,-12.364597571068368,-14.034899451808155,1.6703018807397871,-12.399764254288153,0.035166683219785,-15.009037568714225,2.6444399976458577,0.9741381169060706,0.4,1.0,0.9420302919923631,0.0,0.0,0.001,18.491300582885742,11.401000022888184,1.0
100175.0,85.0,30.0,4.0,-13.444260260474671,-22.609512899380565,9.165252638905894,-21.15082384105645,7.706563580581779,-22.57075103795126,9.12649077747659,-0.038761861429303934,0.6,1.0,0.954791026538045,0.0,0.0,0.001,19.051300048828125,11.442999839782715,1.0
100473.0,86.0,30.0,4.0,-15.30340041738836,-26.110918616519726,10.807518199131366,-17.459533940708734,2.1561335233203742,-29.990556931400857,14.687156514012496,3.879638314881131,0.4,1.0,0.9705405114128794,0.0,0.0,0.0009999999999999998,18.40730094909668,11.49899959564209,1.0
101069.0,87.0,30.0,4.0,-18.052807751734647,-25.348614693708363,7.295806941973716,-24.541424089048327,6.48861633731368,-25.457211599284758,7.40440384755011,0.10859690557639468,0.6,1.0,0.9843690117263826,0.0,0.0,0.0009999999999999998,19.527299880981445,11.583000183105469,1.0
102262.0,88.0,30.0,4.0,-16.184258257964665,-22.904856304028243,6.720598046063579,-20.85714197341793,4.672883715453267,-23.327876562976137,7.143618305011472,0.4230202589478935,0.4,1.0,0.9759647342532949,0.0,0.0,0.001,19.373300552368164,11.779000282287598,1.0
106137.0,89.0,30.0,4.0,-14.741436274197461,-18.774199045468016,4.032762771270555,-14.594846172862237,-0.14659010133522443,-21.283293828699037,6.541857554501576,2.5090947832310206,0.4,1.0,0.966490886276851,0.0,0.0,0.001,19.443300247192383,12.409000396728516,1.0
106436.0,90.0,30.0,4.0,-17.23220804086805,-26.52798066663964,9.29577262577159,-22.990020518860238,5.757812477992189,-26.661790006243425,9.429581965375377,0.13380933960378627,0.6,1.0,0.9811159873985463,0.0,0.0,0.001,18.81329917907715,12.46500015258789,1.0
107628.0,91.0,30.0,4.0,-14.799497766527384,-24.60103943989146,9.801541673364074,-22.56589714439166,7.766399377864275,-24.675527694118212,9.876029927590828,0.07448825422675398,0.6,1.0,0.9669663589795406,0.0,0.0,0.0009999999999999998,18.645299911499023,12.66100025177002,1.0
108821.0,92.0,30.0,4.0,-14.022035740858056,-37.91801494837842,23.895979207520362,-26.424082103500908,12.402046362642851,-36.17166064331822,22.14962490246016,-1.7463543050602013,0.6,1.0,0.9604310248195901,0.0,0.0,0.0009999999999999998,18.491300582885742,12.857000350952148,1.0
109119.0,93.0,30.0,4.0,-13.835533294516392,-29.482684208009164,15.647150913492773,-25.183045627417687,11.347512332901296,-29.0746439167333,15.23911062221691,-0.4080402912758636,0.6,1.0,0.9586825438473706,0.0,0.0,0.001,19.051300048828125,12.89900016784668,1.0
109715.0,94.0,30.0,4.0,-15.634807137431391,-27.779369826708788,12.144562689277397,-22.237865154197056,6.603058016765665,-28.889814702834364,13.255007565402973,1.1104448761255767,0.6,1.0,0.9726951333040663,0.0,0.0,0.0009999999999999998,18.967300415039062,12.996999740600586,1.0
112100.0,95.0,30.0,4.0,-14.680093703950217,-15.964370699904428,1.2842769959542117,-14.230369670725375,-0.44972403322484134,-17.681035028475595,3.000941324525378,1.7166643285711665,0.4,1.0,0.9659916628163244,0.0,0.0,0.0010000000000000002,18.645299911499023,13.388999938964844,1.0
115976.0,96.0,30.0,4.0,-13.369930942073054,-17.268691464716653,3.898760522643599,-13.737177845663206,0.3672469035901518,-19.194954189668078,5.825023247595023,1.9262627249514246,0.4,1.0,0.9540179668801512,0.0,0.0,0.001,18.729299545288086,14.019000053405762,1.0
116274.0,97.0,30.0,4.0,-13.1828229005213,-29.18229407332062,15.99947117279932,-25.328291137246218,12.145468236724918,-28.45704743016939,15.27422452964809,-0.7252466431512303,0.6,0.75,0.9519850531065579,0.7071067811865476,0.5,0.001,19.2893009185791,14.060999870300293,1.0
116572.0,98.0,30.0,4.0,-12.913783564234254,-26.87458456613736,13.960801001903107,-21.77355698364726,8.859773419413006,-26.403486474140912,13.489702909906658,-0.47109809199644914,0.6,0.75,0.9489163425523433,0.7071067811865476,0.5,0.0009999999999999998,18.645299911499023,14.116999626159668,1.0
118361.0,99.0,30.0,4.0,-11.755676845782876,-28.685903750421218,16.930226904638342,-29.388492554200944,17.632815708418068,-33.928271657190926,22.17259481140805,5.242367906769708,0.8,1.0,0.9333112693075352,0.0,0.0,0.0010000000000000002,18.40730094909668,14.41100025177002,1.0
298.0,0.0,30.0,8.0,-15.172285533793325,-32.433732009257476,17.26144647546415,-39.88454018137597,24.712254647582643,-40.0660967945968,24.893811260803478,7.632364785339327,1.2,0.875,0.9696804406273316,0.7071067811865476,0.3535533905932738,0.0009999999999999998,26.899900436401367,6.200439929962158,0.6000000238418579
1192.0,1.0,30.0,8.0,-15.398947322631464,-34.56054545520155,19.161598132570084,-41.01395300919648,25.615005686565013,-41.04610802696587,25.647160704334404,6.485562571764319,1.2,1.0,0.971197089146358,0.0,0.0,0.0009999999999999998,27.36989974975586,6.270440101623535,0.6000000238418579
2385.0,2.0,30.0,8.0,-19.14176848865334,-26.492952586105286,7.351184097451945,-26.939953765464615,7.7981852768112745,-27.294920021172032,8.153151532518692,0.8019674350667465,1.2,1.0,0.9878560781812651,0.0,0.0,0.0009999999999999998,27.199899673461914,6.3704400062561035,0.6000000238418579
4472.0,3.0,30.0,8.0,-15.097246359050677,-35.55857925719296,20.46133289814228,-38.827911231039536,23.730664871988857,-39.9297880168823,24.83254165783162,4.371208759689338,0.8,1.0,0.9691510095957415,0.0,0.0,0.001,27.499900817871094,6.540440082550049,0.6000000238418579
4770.0,4.0,30.0,8.0,-18.818150742403144,-29.723633479643865,10.905482737240721,-35.36210098268134,16.543950240278196,-35.36210098268134,16.543950240278196,5.638467503037475,1.0,1.0,0.9869318297097202,0.0,0.0,0.0010000000000000005,26.849899291992188,6.57043981552124,0.6000000238418579
8049.0,5.0,30.0,8.0,-17.530819988432476,-34.243027135056145,16.71220714662367,-36.16545290190232,18.634632913469844,-38.14916478580169,20.61834479736921,3.906137650745542,1.2,1.0,0.9824301548957005,0.0,0.0,0.001,26.969900131225586,6.840439796447754,0.6000000238418579
10733.0,6.0,30.0,8.0,-16.011755820841856,-39.090978766440706,23.07922294559885,-38.165229819317,22.153473998475143,-40.57345107096434,24.561695250122483,1.4824723045236325,0.8,1.0,0.9749872732251207,0.0,0.0,0.0009999999999999998,27.189899444580078,7.0604400634765625,0.6000000238418579
11031.0,7.0,30.0,8.0,-18.074481281549765,-40.57736729505506,22.502886013505297,-37.78936304764003,19.714881766090265,-40.56675131082148,22.492270029271715,-0.010615984233581344,0.6,1.0,0.9844695903999215,0.0,0.0,0.001,26.539899826049805,7.090439796447754,0.6000000238418579
12223.0,8.0,30.0,8.0,-19.65380241704252,-25.582610651721932,5.928808234679412,-27.865088290949398,8.211285873906878,-29.014105828288915,9.360303411246395,3.431495176566983,1.2,0.875,0.9892000370078614,0.8660254037844386,0.0,0.001,26.359899520874023,7.1904401779174805,0.6000000238418579
13714.0,9.0,30.0,8.0,-19.96112880672279,-29.948096271356263,9.986967464633473,-36.28933438666883,16.328205579946037,-39.17996346097802,19.218834654255232,9.23186718962176,1.2,1.0,0.9899651459730437,0.0,0.0,0.0009999999999999998,26.749900817871094,7.3104400634765625,0.6000000238418579
15503.0,10.0,30.0,8.0,-17.88243844436947,-38.09218788518099,20.20974944081152,-35.94961976737868,18.06718132300921,-38.37472034146067,20.492281897091203,0.28253245627968226,0.6,1.0,0.983767751220337,0.0,0.0,0.001,26.489900588989258,7.460440158843994,0.6000000238418579
15801.0,11.0,30.0,8.0,-17.56543898195982,-31.352189681761175,13.786750699801356,-35.551502128843595,17.986063146883776,-37.24221653916785,19.67677755720803,5.890026857406674,1.2,1.0,0.9825084398994888,0.0,0.0,0.0009999999999999998,27.04990005493164,7.480440139770508,0.6000000238418579
17292.0,12.0,30.0,8.0,-17.307726656667633,-40.74376701040249,23.43604035373486,-38.78326722590057,21.47554056923294,-40.30430732938753,22.996580672719894,-0.43945968101496646,0.6,1.0,0.9814691756086948,0.0,0.0,0.0010000000000000002,27.439899444580078,7.60044002532959,0.6000000238418579
17590.0,13.0,30.0,8.0,-17.009890341467628,-26.510350664578777,9.500460323111149,-32.84530872512117,15.835418383653543,-36.08092141757167,19.071031076104045,9.570570752992897,1.2,1.0,0.9801832846173978,0.0,0.0,0.001,26.789899826049805,7.6304402351379395,0.6000000238418579
18484.0,14.0,30.0,8.0,-18.155010520121834,-30.32601585333806,12.171005333216225,-36.333107084586814,18.17809656446498,-36.333107084586814,18.17809656446498,6.007091231248754,1.0,1.0,0.9847482213488622,0.0,0.0,0.001,27.259899139404297,7.700439929962158,0.6000000238418579
18782.0,15.0,30.0,8.0,-16.7965265085715,-36.06028332168754,19.263756813116043,-38.42862773975107,21.632101231179572,-39.34272611231925,22.54619960374775,3.2824427906317055,1.2,1.0,0.9791175662215088,0.0,0.0,0.001,26.609899520874023,7.730440139770508,0.6000000238418579
19080.0,16.0,30.0,8.0,-15.320292124612848,-36.3857748521902,21.065482727577354,-38.73689585228467,23.41660372767182,-40.20731600507453,24.887023880461683,3.821541152884329,0.8,1.0,0.9706747347553244,0.0,0.0,0.001,27.16990089416504,7.7504401206970215,0.6000000238418579
20869.0,17.0,30.0,8.0,-17.566194878844364,-39.255846815989685,21.68965193714532,-37.96429311194387,20.398098233099503,-39.25353789412724,21.687343015282877,-0.0023089218624434693,0.6,1.0,0.982550285667108,0.0,0.0,0.0009999999999999998,26.909900665283203,7.900440216064453,0.6000000238418579
21167.0,18.0,30.0,8.0,-17.84454744988591,-40.63108674309285,22.786539293206943,-33.90330543292539,16.058757983039484,-40.56373763737846,22.71919018749255,-0.06734910571439201,0.6,1.0,0.9836208026436375,0.0,0.0,0.0009999999999999998,27.469900131225586,7.920440196990967,0.6000000238418579
22360.0,19.0,30.0,8.0,-16.414616019269094,-33.62076734174589,17.206151322476796,-36.68995167748513,20.27533565821604,-37.83374972823851,21.419133708969415,4.2129823864926195,1.2,1.0,0.9772497134060333,0.0,0.0,0.0009999999999999996,27.29990005493164,8.020440101623535,0.6000000238418579
22658.0,20.0,30.0,8.0,-17.325667532233734,-38.34121855864987,21.015551026416137,-38.33403777298317,21.00837024074944,-38.75715146224624,21.431483930012508,0.4159329035963708,1.2,1.0,0.9815651531143312,0.0,0.0,0.001,26.649900436401367,8.050439834594727,0.6000000238418579
23254.0,21.0,30.0,8.0,-17.31358819518019,-37.134380838596115,19.820792643415924,-36.93993864420032,19.626350449020126,-37.45521838690116,20.141630191720967,0.3208375483050432,1.2,1.0,0.9815321863137949,0.0,0.0,0.0010000000000000002,26.559900283813477,8.10044002532959,0.6000000238418579
25341.0,22.0,30.0,8.0,-17.447976087525067,-36.742987852607605,19.29501176508254,-37.061554718211184,19.613578630686117,-38.210061765805044,20.762085678279977,1.4670739131974386,1.2,1.0,0.9820754918997909,0.0,0.0,0.001,26.859899520874023,8.270440101623535,0.6000000238418579
26236.0,23.0,30.0,8.0,-16.589535096974807,-37.90294729004795,21.31341219307314,-36.33833206091498,19.748796963940173,-37.63903180839878,21.04949671142397,-0.2639154816491711,0.8,1.0,0.978128494643244,0.0,0.0,0.0009999999999999998,27.33989906311035,8.340439796447754,0.6000000238418579
26534.0,24.0,30.0,8.0,-18.718018829147486,-20.65045138686782,1.932432557720336,-21.65751035087661,2.939491521729124,-24.957938506413036,6.239919677265551,4.307487119545215,1.2,1.0,0.9865976208106576,0.0,0.0,0.001,26.689899444580078,8.370439529418945,0.6000000238418579
27428.0,25.0,30.0,8.0,-17.852647729687924,-24.696944111123237,6.8442963814353135,-28.889302917146487,11.036655187458564,-32.12854736834487,14.275899638656945,7.4316032572216315,1.2,1.0,0.9836735651531001,0.0,0.0,0.001,27.159900665283203,8.44044017791748,0.6000000238418579
30112.0,26.0,30.0,8.0,-16.790015128530268,-35.501003776277294,18.710988647747026,-36.31130450086785,19.52128937233758,-38.2953068445789,21.505291716048635,2.794303068301609,1.2,1.0,0.97912992055134,0.0,0.0,0.001,27.379899978637695,8.660440444946289,0.6000000238418579
30410.0,27.0,30.0,8.0,-19.52688756889251,-25.894208758970155,6.3673211900776465,-25.93037276006705,6.403485191174543,-25.995517006397503,6.468629437504994,0.10130824742734745,1.2,1.0,0.9888932424067216,0.0,0.0,0.0010000000000000002,26.729900360107422,8.69044017791748,0.6000000238418579
32199.0,28.0,30.0,8.0,-16.97510995654179,-33.44923047118804,16.47412051464625,-37.9207430581253,20.945633101583514,-39.74803925457633,22.772929298034537,6.298808783388289,1.2,1.0,0.9799634706545246,0.0,0.0,0.001,26.469900131225586,8.840439796447754,0.6000000238418579
32497.0,29.0,30.0,8.0,-16.54928147860138,-26.99818792124613,10.448906442644752,-30.21869642893673,13.669414950335351,-30.21869642893673,13.669414950335351,3.2205085076905995,1.0,1.0,0.9779370863275281,0.0,0.0,0.0010000000000000002,27.02989959716797,8.860440254211426,0.6000000238418579
33093.0,30.0,30.0,8.0,-17.86782074807544,-31.212679680082683,13.344858932007241,-36.69913883161535,18.83131808353991,-39.21403652816879,21.34621578009335,8.001356848086107,1.2,1.0,0.9837341759524124,0.0,0.0,0.0010000000000000002,26.939899444580078,8.910440444946289,0.6000000238418579
33391.0,31.0,30.0,8.0,-16.562509184555726,-33.669021315388235,17.10651213083251,-37.06559536294919,20.503086178393463,-38.48152995487828,21.919020770322557,4.812508639490048,1.2,1.0,0.9779956453305423,0.0,0.0,0.001,27.499900817871094,8.930439949035645,0.6000000238418579
34286.0,32.0,30.0,8.0,-19.34506630950573,-26.16112789901584,6.8160615895101095,-24.05070796521997,4.705641655714242,-27.220451376445606,7.875385066939877,1.0593234774297677,0.4,1.0,0.9884108243554134,0.0,0.0,0.001,26.769899368286133,9.0104398727417,0.6000000238418579
36969.0,33.0,30.0,8.0,-17.364179997708227,-38.11419010077732,20.750010103069094,-35.52920985571628,18.165029858008054,-37.874443705429066,20.51026370772084,-0.2397463953482557,0.6,1.0,0.9817023061989232,0.0,0.0,0.001,26.979900360107422,9.230440139770508,0.6000000238418579
37565.0,34.0,30.0,8.0,-17.394417579305646,-34.141560686427155,16.74714310712151,-36.810537554011646,19.416119974706,-38.89827136821195,21.503853788906305,4.756710681784796,1.2,1.0,0.9818248609583408,0.0,0.0,0.0009999999999999998,26.88990020751953,9.280440330505371,0.6000000238418579
38758.0,35.0,30.0,8.0,-16.258146464663085,-38.99978009400901,22.741633629345927,-38.41355494830126,22.155408483638176,-39.648893267078236,23.39074680241515,0.6491131730692246,0.8,1.0,0.9763876120857045,0.0,0.0,0.001,26.719900131225586,9.380439758300781,0.6000000238418579
41739.0,36.0,30.0,8.0,-15.757805197336928,-37.885253483488334,22.127448286151406,-39.599612431520924,23.841807234183996,-40.91175324216699,25.15394804483006,3.0264997586786535,1.2,1.0,0.9734667409116987,0.0,0.0,0.001,27.489900588989258,9.620439529418945,0.6000000238418579
42634.0,37.0,30.0,8.0,-17.68746481583722,-40.00490274493008,22.317437929092858,-37.24417891444411,19.556714098606893,-40.37823035079182,22.690765534954597,0.3733276058617392,0.6,0.875,0.9830214885527662,0.7071067811865476,0.3535533905932738,0.0009999999999999998,26.759899139404297,9.700440406799316,0.6000000238418579
42932.0,38.0,30.0,8.0,-17.795255665830844,-35.11029297967521,17.315037313844364,-35.037384754459325,17.24212908862848,-35.74329107674661,17.948035410915764,0.6329980970714004,1.2,1.0,0.9834344976359752,0.0,0.0,0.001,27.319900512695312,9.720439910888672,0.6000000238418579
43230.0,39.0,30.0,8.0,-15.760755307647013,-37.98717788105555,22.226422573408538,-37.56442448931664,21.80366918166963,-39.749562866107524,23.98880755846051,1.7623849850519733,0.8,1.0,0.9735296309118223,0.0,0.0,0.0010000000000000002,26.66990089416504,9.750439643859863,0.6000000238418579
43826.0,40.0,30.0,8.0,-17.042828063486397,-33.74637506414098,16.70354700065458,-35.29846293797224,18.255634874485843,-37.56979995635782,20.526971892871423,3.823424892216842,1.2,1.0,0.9802783478706907,0.0,0.0,0.0010000000000000005,26.57990074157715,9.800439834594727,0.6000000238418579
45317.0,41.0,30.0,8.0,-17.894030206357833,-35.209143209612435,17.315113003254602,-34.454653145268715,16.560622938910882,-35.723455654251445,17.829425447893612,0.5143124446390104,1.2,1.0,0.9837814754001549,0.0,0.0,0.001,26.969900131225586,9.920439720153809,0.6000000238418579
48000.0,42.0,30.0,8.0,-16.11641779629813,-31.511047203510888,15.394629407212758,-34.410083642846075,18.293665846547945,-36.115078511682455,19.998660715384325,4.604031308171567,1.2,1.0,0.9755734526364218,0.0,0.0,0.0010000000000000005,27.179899215698242,10.140399932861328,0.6000000238418579
48895.0,43.0,30.0,8.0,-19.18340199243939,-29.205540184395712,10.022138191956323,-27.79821262491756,8.614810632478171,-29.833058164119983,10.649656171680594,0.6275179797242707,0.4,1.0,0.9880705239025904,0.0,0.0,0.001,26.449899673461914,10.220399856567383,0.6000000238418579
50982.0,44.0,30.0,8.0,-20.098185495301983,-28.266813101857913,8.16862760655593,-33.44095781548807,13.342772320186086,-36.55782478004139,16.45963928473941,8.29101167818348,1.2,1.0,0.990260291425351,0.0,0.0,0.001,26.749900817871094,10.390399932861328,0.6000000238418579
51578.0,45.0,30.0,8.0,-16.74215385986941,-36.75447360685181,20.0123197469824,-35.63001383197251,18.8878599721031,-36.49695301602982,19.75479915616041,-0.25752059082198997,0.8,1.0,0.9789141456676451,0.0,0.0,0.001,26.659900665283203,10.440400123596191,0.6000000238418579
54261.0,46.0,30.0,8.0,-16.81055383241854,-35.57313076873774,18.7625769363192,-37.10920593257332,20.298652100154776,-38.33815935566429,21.527605523245747,2.7650285869265474,1.2,1.0,0.9792518529376139,0.0,0.0,0.001,26.86989974975586,10.660400390625,0.6000000238418579
55155.0,47.0,30.0,8.0,-16.069963074905765,-36.32602972915755,20.256066654251782,-37.31745980187199,21.247496726966226,-37.81743194240682,21.747468867501055,1.4914022132492732,1.2,1.0,0.9753764015048404,0.0,0.0,0.001,27.33989906311035,10.730400085449219,0.6000000238418579
55454.0,48.0,30.0,8.0,-15.762070586780418,-35.68747155329469,19.925400966514275,-39.0852706464177,23.32320005963728,-39.108944182384754,23.346873595604336,3.4214726290900614,1.2,1.0,0.9735204556047173,0.0,0.0,0.0009999999999999998,26.699899673461914,10.76039981842041,0.6000000238418579
58435.0,49.0,30.0,8.0,-19.500157354586555,-29.407685195026836,9.907527840440281,-26.931653679522345,7.4314963249357895,-29.777066473971765,10.27690911938521,0.3693812789449282,0.4,1.0,0.9888162412517909,0.0,0.0,0.001,27.469900131225586,11.000399589538574,0.6000000238418579
59329.0,50.0,30.0,8.0,-17.37472605907342,-33.838237802335975,16.463511743262554,-39.24824950768332,21.873523448609898,-40.394872722261454,23.020146663188033,6.556634919925479,1.2,1.0,0.9817479039761655,0.0,0.0,0.0010000000000000005,26.729900360107422,11.080400466918945,0.6000000238418579
60224.0,51.0,30.0,8.0,-18.71296405853676,-39.79175664252576,21.078792583989003,-37.129542752082926,18.416578693546168,-40.01383791820861,21.30087385967185,0.22208127568284652,0.6,1.0,0.9865951319919131,0.0,0.0,0.001,27.20989990234375,11.150400161743164,0.6000000238418579
61118.0,52.0,30.0,8.0,-16.012423395068872,-36.3238694163102,20.31144602124133,-36.85876605340536,20.84634265833649,-37.8485760144513,21.836152619382425,1.524706598141094,1.2,1.0,0.9750419779350777,0.0,0.0,0.001,26.469900131225586,11.230400085449219,0.6000000238418579
62013.0,53.0,30.0,8.0,-17.2087868749267,-34.82097137421729,17.612184499290585,-37.514388500933975,20.305601626007274,-39.29563378562099,22.08684691069429,4.474662411403706,1.2,1.0,0.9810219167927989,0.0,0.0,0.0009999999999999998,26.949899673461914,11.300399780273438,0.6000000238418579
62311.0,54.0,30.0,8.0,-16.82377395893051,-40.497199165873994,23.673425206943485,-38.42872650028153,21.604952541351018,-40.168094419103824,23.344320460173314,-0.3291047467701702,0.8,1.0,0.9792853818711208,0.0,0.0,0.0010000000000000002,27.509899139404297,11.32040023803711,0.6000000238418579
63205.0,55.0,30.0,8.0,-17.51708221323831,-33.004089354452034,15.487007141213724,-33.30897136738923,15.791889154150923,-34.561223632305925,17.044141419067614,1.5571342778538906,1.2,1.0,0.9823799247922737,0.0,0.0,0.001,26.769899368286133,11.400400161743164,0.6000000238418579
64398.0,56.0,30.0,8.0,-16.789892849359834,-23.69515064440965,6.905257795049817,-23.770317957254914,6.98042510789508,-26.627831799348414,9.83793894998858,2.932681154938763,1.2,1.0,0.9791293260779221,0.0,0.0,0.0010000000000000002,26.599899291992188,11.500399589538574,0.6000000238418579
64696.0,57.0,30.0,8.0,-18.29252222552441,-30.374018180035264,12.081495954510853,-33.345654914083156,15.053132688558744,-34.7872138561282,16.494691630603786,4.413195676092933,1.2,1.0,0.985213629798601,0.0,0.0,0.001,27.159900665283203,11.520400047302246,0.6000000238418579
64994.0,58.0,30.0,8.0,-17.741019986314818,-33.35175470801915,15.610734721704333,-35.635189247038845,17.894169260724027,-36.92227878466325,19.18125879834843,3.570524076644098,1.2,1.0,0.9832173614229335,0.0,0.0,0.0010000000000000005,26.509899139404297,11.550399780273438,0.6000000238418579
65292.0,59.0,30.0,8.0,-17.371479581816867,-37.24611168697259,19.874632105155722,-34.87485391159453,17.50337432977766,-37.163116125945784,19.791636544128917,-0.08299556102680583,0.6,1.0,0.9817543465854629,0.0,0.0,0.001,27.069900512695312,11.57040023803711,0.6000000238418579
66783.0,60.0,30.0,8.0,-16.119906376509082,-32.94125325477957,16.821346878270486,-33.607968669038314,17.488062292529232,-34.924735815960545,18.804829439451463,1.9834825611809777,1.2,1.0,0.9756114273975394,0.0,0.0,0.001,18.715299606323242,6.011020183563232,1.0
68274.0,61.0,30.0,8.0,-18.903098919473425,-20.585274673078548,1.6821757536051223,-18.05890972035896,-0.8441891991144637,-24.008274655069172,5.105175735595747,3.4229999819906247,0.2,1.0,0.9872197146447006,0.0,0.0,0.0010000000000000002,19.121299743652344,6.249020099639893,1.0
68572.0,62.0,30.0,8.0,-16.618202949042605,-34.31677742674892,17.698574477706316,-35.059482718679604,18.441279769637,-35.82476288008894,19.206559931046336,1.5079854533400194,1.2,0.875,0.9783155598114832,0.7071067811865476,0.3535533905932738,0.001,18.4773006439209,6.305019855499268,1.0
72746.0,63.0,30.0,8.0,-17.39709341051304,-33.37693130875153,15.97983789823849,-33.467104308513356,16.070010898000316,-34.67287892290712,17.275785512394076,1.2959476141555868,1.2,1.0,0.9818761624171035,0.0,0.0,0.0009999999999999998,19.121299743652344,6.977019786834717,1.0
74535.0,64.0,30.0,8.0,-17.141979576025296,-24.03621864230335,6.894239066278054,-23.78229430234388,6.640314726318586,-24.349827735970443,7.207848159945147,0.3136090936670932,0.4,1.0,0.9807467257347371,0.0,0.0,0.001,18.88330078125,7.27101993560791,1.0
75727.0,65.0,30.0,8.0,-18.566683909489246,-34.48638418337815,15.919700273888903,-31.953561675391462,13.386877765902216,-35.30060458235778,16.733920672868532,0.8142203989796286,0.6,1.0,0.9861609727095015,0.0,0.0,0.0009999999999999998,18.715299606323242,7.467020034790039,1.0
76323.0,66.0,30.0,8.0,-18.47603355288677,-25.808988008272813,7.332954455386044,-25.127919389191476,6.651885836304707,-26.395230599161586,7.919197046274817,0.586242590888773,0.4,1.0,0.9858665581805611,0.0,0.0,0.0009999999999999998,18.63129997253418,7.5650200843811035,1.0
77218.0,67.0,30.0,8.0,-22.07928897767124,-30.658034365185777,8.578745387514537,-25.958685973636783,3.8793969959655428,-33.94080009940054,11.8615111217293,3.282765734214763,0.4,1.0,0.9938759317140904,0.0,0.0,0.0010000000000000002,19.121299743652344,7.705019950866699,1.0
80497.0,68.0,30.0,8.0,-20.295211574292903,-30.78876117571509,10.493549601422188,-29.79557793981172,9.500366365518818,-30.69753276229877,10.402321188005867,-0.09122841341632082,0.6,1.0,0.9907214352224742,0.0,0.0,0.0009999999999999998,19.275299072265625,8.237019538879395,1.0
81392.0,69.0,30.0,8.0,-18.708610115213332,-26.751874414676294,8.043264299462962,-24.550484749596787,5.841874634383455,-28.78497938477952,10.076369269566186,2.033104970103224,0.4,1.0,0.9866069154678472,0.0,0.0,0.001,18.56130027770996,8.391019821166992,1.0
84373.0,70.0,30.0,8.0,-19.015777537508608,-30.19620902727581,11.180431489767201,-31.283746081064997,12.267968543556389,-33.01795384835308,14.002176310844472,2.821744821077271,1.2,1.0,0.9875414939296377,0.0,0.0,0.001,19.35930061340332,8.867019653320312,1.0
84970.0,71.0,30.0,8.0,-20.552149761641555,-30.276925669613796,9.72477590797224,-30.725858409906497,10.173708648264942,-32.49330600392729,11.941156242285732,2.2163803343134916,1.2,1.0,0.9912673256699516,0.0,0.0,0.001,19.2893009185791,8.965020179748535,1.0
85864.0,72.0,30.0,8.0,-18.82146937040775,-35.2115154340107,16.39004606360295,-33.1680298260649,14.346560455657151,-35.941300314668524,17.119830944260773,0.7297848806578244,0.6,1.0,0.9869374343203953,0.0,0.0,0.001,18.56130027770996,9.119020462036133,1.0
86460.0,73.0,30.0,8.0,-18.173376024559815,-32.937277004254724,14.76390097969491,-32.89133275355285,14.717956728993038,-34.24310740951419,16.069731384954373,1.3058304052594636,1.2,0.875,0.9848433602934488,0.7071067811865476,0.3535533905932738,0.0010000000000000005,18.4773006439209,9.217020034790039,1.0
86758.0,74.0,30.0,8.0,-19.197171246967077,-23.937973682094274,4.740802435127197,-22.385749764296577,3.1885785173295,-26.05436265643374,6.857191409466662,2.116388974339465,0.4,1.0,0.9880591952471655,0.0,0.0,0.0009999999999999996,19.03730010986328,9.25901985168457,1.0
87355.0,75.0,30.0,8.0,-19.67701436171707,-32.29495005044106,12.617935688723989,-32.2235604165127,12.546546054795627,-33.8374755522191,14.160461190502026,1.5425255017780373,1.2,0.875,0.989251680859401,0.7071067811865476,0.3535533905932738,0.0009999999999999998,18.967300415039062,9.357020378112793,1.0
88547.0,76.0,30.0,8.0,-20.440354753671578,-29.358530072020837,8.91817531834926,-34.64647277680656,14.206118023134984,-37.17361353307352,16.733258779401943,7.815083461052684,1.2,1.0,0.9909827070396628,0.0,0.0,0.001,18.799299240112305,9.553019523620605,1.0
91529.0,77.0,30.0,8.0,-19.75718615927171,-26.978987748962933,7.221801589691221,-24.69471305940179,4.937526900130077,-29.945093189300724,10.187907030029013,2.9661054403377918,0.4,1.0,0.9894885558668378,0.0,0.0,0.0009999999999999998,18.40730094909668,10.043000221252441,1.0
94510.0,78.0,30.0,8.0,-20.370351428992286,-30.71819082325385,10.347839394261563,-29.011580381917554,8.641228952925267,-30.628301618616565,10.257950189624278,-0.08988920463728434,0.6,1.0,0.990858269828434,0.0,0.0,0.001,19.205299377441406,10.519000053405762,1.0
96299.0,79.0,30.0,8.0,-19.291176843733844,-26.924373066868593,7.63319622313475,-24.51564364666627,5.224466802932426,-29.828687546189713,10.537510702455869,2.904314479321119,0.4,1.0,0.9882820697516147,0.0,0.0,0.0009999999999999996,18.967300415039062,10.812999725341797,1.0
97491.0,80.0,30.0,8.0,-18.386020486802806,-33.32315967897857,14.937139192175763,-33.637894542730606,15.2518740559278,-35.159927055099864,16.773906568297058,1.8367673761212941,1.2,1.0,0.9855446323301585,0.0,0.0,0.0009999999999999998,18.799299240112305,11.008999824523926,1.0
98088.0,81.0,30.0,8.0,-18.419858551404133,-25.284273472481544,6.864414921077412,-23.98236967931865,5.562511127914519,-26.37084615606218,7.950987604658046,1.0865726835806342,0.4,1.0,0.9856541177448002,0.0,0.0,0.0009999999999999998,18.729299545288086,11.107000350952148,1.0
98386.0,82.0,30.0,8.0,-20.857516567966318,-27.197947317544493,6.340430749578175,-26.361140009240664,5.503623441274346,-27.250442013846534,6.392925445880216,0.05249469630204118,0.6,1.0,0.9918516778547241,0.0,0.0,0.0009999999999999998,19.2893009185791,11.14900016784668,1.0
99578.0,83.0,30.0,8.0,-19.662268166884108,-17.69587473017023,-1.9663934367138758,-14.0684322461709,-5.593835920713207,-23.330480795705185,3.6682126288210775,5.634606065534953,0.2,1.0,0.9892843541939826,0.0,0.0,0.001,19.121299743652344,11.345000267028809,1.0
99877.0,84.0,30.0,8.0,-16.05224850221536,-24.291414036361388,8.239165534146029,-25.133258963802447,9.081010461587088,-25.99730031970349,9.945051817488132,1.7058862833421031,1.2,1.0,0.9752663446655102,0.0,0.0,0.001,18.491300582885742,11.401000022888184,1.0
100175.0,85.0,30.0,8.0,-17.499417169607753,-23.010898004717294,5.511480835109541,-23.96413060201079,6.4647134324030375,-25.178843939983295,7.679426770375542,2.167945935266001,1.2,1.0,0.9822589900188959,0.0,0.0,0.001,19.051300048828125,11.442999839782715,1.0
100473.0,86.0,30.0,8.0,-18.39129074233171,-38.90043229179859,20.50914154946688,-34.81376771015748,16.42247696782577,-40.08408220310351,21.692791460771804,1.1836499113049257,0.6,1.0,0.9855731943311455,0.0,0.0,0.0009999999999999998,18.40730094909668,11.49899959564209,1.0
101069.0,87.0,30.0,8.0,-20.995832405312132,-28.515089206422527,7.519256801110394,-27.85236069824576,6.856528292933628,-28.733788234734853,7.73795582942272,0.2186990283123258,0.4,0.875,0.9921144199274766,0.8660254037844386,0.0,0.0009999999999999998,19.527299880981445,11.583000183105469,1.0
102262.0,88.0,30.0,8.0,-19.222182621379574,-30.547702171221836,11.325519549842262,-32.15899132147242,12.936808700092847,-34.030048845037655,14.807866223658081,3.482346673815819,1.2,1.0,0.9881092798945053,0.0,0.0,0.001,19.373300552368164,11.779000282287598,1.0
106137.0,89.0,30.0,8.0,-17.664386288654917,-27.078597521449264,9.414211232794347,-24.80492191344918,7.140535624794264,-28.91008169328828,11.245695404633363,1.8314841718390156,0.4,0.875,0.9829557724321595,0.7071067811865476,0.3535533905932738,0.001,19.443300247192383,12.409000396728516,1.0
106436.0,90.0,30.0,8.0,-19.889230993046983,-27.965419130526424,8.076188137479441,-26.66826519921271,6.779034206165726,-27.927249597527243,8.03801860448026,-0.03816953299918069,0.6,1.0,0.9898120831312294,0.0,0.0,0.001,18.81329917907715,12.46500015258789,1.0
107628.0,91.0,30.0,8.0,-17.83434792488815,-29.108007935436948,11.273660010548799,-30.697101383319634,12.862753458431484,-32.43236995959926,14.598022034711107,3.3243620241623084,1.2,0.875,0.9836337741715923,0.7071067811865476,0.3535533905932738,0.0009999999999999998,18.645299911499023,12.66100025177002,1.0
108821.0,92.0,30.0,8.0,-17.11882634675485,-41.067780235921624,23.948953889166773,-36.71365694888838,19.594830602133527,-40.18959825251207,23.07077190575722,-0.8781819834095543,0.6,1.0,0.9806483173385417,0.0,0.0,0.0009999999999999998,18.491300582885742,12.857000350952148,1.0
109119.0,93.0,30.0,8.0,-16.916635975936995,-33.77398435746873,16.857348381531732,-33.59017220023019,16.673536224293198,-34.69127034078051,17.774634364843518,0.9172859833117855,1.2,1.0,0.9797295856169439,0.0,0.0,0.001,19.051300048828125,12.89900016784668,1.0
109715.0,94.0,30.0,8.0,-18.816612709619168,-34.279188696438254,15.462575986819086,-31.330606250778917,12.51399354115975,-35.108585879221,16.291973169601835,0.8293971827827491,0.6,1.0,0.9869273573262997,0.0,0.0,0.0009999999999999998,18.967300415039062,12.996999740600586,1.0
112100.0,95.0,30.0,8.0,-18.095111669607412,-27.245862268780403,9.15075059917299,-26.475562074191323,8.380450404583911,-27.34591274641947,9.250801076812056,0.1000504776390656,0.6,1.0,0.984566068749146,0.0,0.0,0.0010000000000000002,18.645299911499023,13.388999938964844,1.0
115976.0,96.0,30.0,8.0,-16.83527645691869,-25.29429402606737,8.459017569148678,-24.038718627637575,7.203442170718883,-26.048848271861974,9.213571814943283,0.7545542457946048,0.4,1.0,0.9793437688755563,0.0,0.0,0.001,18.729299545288086,14.019000053405762,1.0
116274.0,97.0,30.0,8.0,-16.509435677304808,-34.01740631389473,17.507970636589924,-32.84427114202712,16.33483546472231,-33.98413307928715,17.47469740198234,-0.03327323460758436,0.6,1.0,0.977717738648308,0.0,0.0,0.001,19.2893009185791,14.060999870300293,1.0
116572.0,98.0,30.0,8.0,-16.179629153505026,-36.69499644338663,20.515367289881603,-35.357647406922,19.178018253416973,-36.791000780667034,20.611371627162008,0.09600433728040514,0.8,1.0,0.97598426411082,0.0,0.0,0.0009999999999999998,18.645299911499023,14.116999626159668,1.0
118361.0,99.0,30.0,8.0,-14.963126584749064,-33.90997978477259,18.946853200023526,-35.398367171828816,20.435240587079754,-37.44488680931535,22.481760224566287,3.534907024542761,0.8,1.0,0.9682065111571047,0.0,0.0,0.0010000000000000002,18.40730094909668,14.41100025177002,1.0
298.0,0.0,30.0,16.0,-18.30747984715639,-37.432904692959575,19.125424845803185,-39.15781079619787,20.85033094904148,-39.28695635789948,20.979476510743087,1.8540516649399024,1.2,1.0,0.9853462322867758,0.0,0.0,0.0009999999999999998,26.899900436401367,6.200439929962158,0.6000000238418579
1192.0,1.0,30.0,16.0,-18.414038582389942,-38.13397448268902,19.719935900299078,-40.14821686450767,21.734178282117725,-40.22444523068125,21.810406648291305,2.090470747992228,1.2,1.0,0.9856958697635939,0.0,0.0,0.0009999999999999998,27.36989974975586,6.270440101623535,0.6000000238418579
2385.0,2.0,30.0,16.0,-21.86827961438114,-33.02119716596809,11.152917551586949,-36.23387313740521,14.36559352302407,-37.68637879133693,15.818099176955787,4.665181625368838,1.2,0.9375,0.993629056087069,0.25,0.0,0.0009999999999999998,27.199899673461914,6.3704400062561035,0.6000000238418579
4472.0,3.0,30.0,16.0,-18.122058346872997,-36.70422157146759,18.582163224594595,-37.83764663872334,19.715588291850345,-37.95198560303172,19.829927256158726,1.247764031564131,0.8,1.0,0.9847365233523275,0.0,0.0,0.001,27.499900817871094,6.540440082550049,0.6000000238418579
4770.0,4.0,30.0,16.0,-21.662136071350545,-37.5812486312427,15.919112559892156,-38.98934252566503,17.327206454314485,-38.98934252566503,17.327206454314485,1.4080938944223291,1.0,1.0,0.9932929834414468,0.0,0.0,0.0010000000000000005,26.849899291992188,6.57043981552124,0.6000000238418579
8049.0,5.0,30.0,16.0,-20.446979228878316,-36.16182155554253,15.714842326664215,-37.465856882786916,17.0188776539086,-38.038177831985394,17.591198603107078,1.8763562764428627,1.2,1.0,0.9911490070812896,0.0,0.0,0.001,26.969900131225586,6.840439796447754,0.6000000238418579
10733.0,6.0,30.0,16.0,-19.046653247417527,-39.13974464328339,20.093091395865866,-39.057501548158044,20.010848300740516,-39.371250752159995,20.324597504742467,0.2315061088766015,0.8,1.0,0.9876476422551754,0.0,0.0,0.0009999999999999998,27.189899444580078,7.0604400634765625,0.6000000238418579
11031.0,7.0,30.0,16.0,-21.119352874913496,-40.02823730375637,18.908884428842875,-39.484858198985684,18.36550532407219,-40.14529260297933,19.025939728065836,0.11705529922296165,0.6,0.9375,0.9923574180354334,0.0,0.25,0.001,26.539899826049805,7.090439796447754,0.6000000238418579
12223.0,8.0,30.0,16.0,-22.646488642558285,-33.79354379758384,11.147055155025551,-38.409015215622276,15.76252657306399,-39.73880048249866,17.092311839940376,5.945256684914824,1.2,1.0,0.9946355974029047,0.0,0.0,0.001,26.359899520874023,7.1904401779174805,0.6000000238418579
13714.0,9.0,30.0,16.0,-22.811846415351987,-35.14884208880644,12.336995673454453,-38.79318174569716,15.981335330345175,-39.30509484062363,16.493248425271645,4.156252751817192,1.2,0.9375,0.9948893529140028,0.3535533905932738,0.25,0.0009999999999999998,26.749900817871094,7.3104400634765625,0.6000000238418579
15503.0,10.0,30.0,16.0,-20.78408398292907,-38.94939481238622,18.165310829457148,-39.03572047444081,18.25163649151174,-39.672031711471725,18.887947728542656,0.7226368990855079,1.2,0.9375,0.9917630563705484,0.25,0.0,0.001,26.489900588989258,7.460440158843994,0.6000000238418579
15801.0,11.0,30.0,16.0,-20.549428950045975,-36.134762875575866,15.585333925529891,-38.2179562909404,17.668527340894425,-38.634878584865476,18.0854496348195,2.5001157092896094,1.2,0.9375,0.9912882575380147,0.5,0.25,0.0009999999999999998,27.04990005493164,7.480440139770508,0.6000000238418579
17292.0,12.0,30.0,16.0,-20.315965585165618,-40.33833706254312,20.0223714773775,-39.699711313664196,19.383745728498578,-40.25995182029823,19.94398623513261,-0.07838524224489163,0.6,1.0,0.9907851672321575,0.0,0.0,0.0010000000000000002,27.439899444580078,7.60044002532959,0.6000000238418579
17590.0,13.0,30.0,16.0,-20.09028993037947,-32.13551677472053,12.045226844341059,-37.2537738102204,17.163483879840932,-38.33435310722346,18.244063176843987,6.198836332502928,1.2,0.9375,0.9903603628549701,0.7071067811865476,0.25,0.001,26.789899826049805,7.6304402351379395,0.6000000238418579
18484.0,14.0,30.0,16.0,-21.150803389131955,-34.2208843118691,13.070080922737144,-37.652743520597355,16.5019401314654,-37.652743520597355,16.5019401314654,3.4318592087282553,1.0,1.0,0.9924416173380943,0.0,0.0,0.001,27.259899139404297,7.700439929962158,0.6000000238418579
18782.0,15.0,30.0,16.0,-19.796227575462645,-39.095996820947036,19.29976924548439,-41.36311337053574,21.566885795073098,-41.853341722656864,22.05711414719422,2.7573449017098284,1.2,0.9375,0.9895934175675352,0.7071067811865476,0.25,0.001,26.609899520874023,7.730440139770508,0.6000000238418579
19080.0,16.0,30.0,16.0,-18.355744724235507,-39.14001090829119,20.78426618405568,-40.61886463984433,22.263119915608826,-40.61886463984433,22.263119915608826,1.4788537315531443,1.0,1.0,0.9854828036008719,0.0,0.0,0.001,27.16990089416504,7.7504401206970215,0.6000000238418579
20869.0,17.0,30.0,16.0,-20.554395938163545,-38.86718790533555,18.312791967172004,-38.71081094023694,18.156415002073395,-38.92501303523478,18.370617097071232,0.0578251298992285,1.2,1.0,0.9913270906096807,0.0,0.0,0.0009999999999999998,26.909900665283203,7.900440216064453,0.6000000238418579
21167.0,18.0,30.0,16.0,-20.958258203724775,-40.10596136033976,19.147703156614988,-38.40902651896076,17.450768315235983,-40.036448298887976,19.0781900951632,-0.06951306145178648,0.6,1.0,0.9920753159570611,0.0,0.0,0.0009999999999999998,27.469900131225586,7.920440196990967,0.6000000238418579
22360.0,19.0,30.0,16.0,-19.355628155784032,-36.774493944377994,17.418865788593962,-37.64784116377131,18.29221300798728,-37.849780497578756,18.494152341794724,1.0752865532007618,1.2,0.9375,0.9885792051936397,0.25,0.25,0.0009999999999999996,27.29990005493164,8.020440101623535,0.6000000238418579
22658.0,20.0,30.0,16.0,-20.25886249110566,-39.409602356626586,19.150739865520926,-39.64953406448681,19.390671573381148,-39.7789714255145,19.52010893440884,0.369369068887913,1.2,0.9375,0.990690995962945,0.7071067811865476,0.25,0.001,26.649900436401367,8.050439834594727,0.6000000238418579
23254.0,21.0,30.0,16.0,-20.09269765263417,-37.440033303127215,17.347335650493047,-37.871005775782216,17.778308123148047,-38.127950892263,18.035253239628833,0.687917589135786,1.2,0.9375,0.9903928917569076,0.6614378277661477,0.0,0.0010000000000000002,26.559900283813477,8.10044002532959,0.6000000238418579
25341.0,22.0,30.0,16.0,-20.421900956740263,-37.89044853676742,17.46854758002716,-38.631190322296185,18.20928936555592,-39.16253136682635,18.740630410086087,1.2720828300589275,1.2,1.0,0.9910621773124687,0.0,0.0,0.001,26.859899520874023,8.270440101623535,0.6000000238418579
26236.0,23.0,30.0,16.0,-19.587166900508567,-38.33730964350154,18.750142742992974,-38.63265293838995,19.045486037881385,-38.9306880229404,19.343521122431834,0.5933783794388603,1.2,0.9375,0.9891349487095631,0.7071067811865476,0.0,0.0009999999999999998,27.33989906311035,8.340439796447754,0.6000000238418579
26534.0,24.0,30.0,16.0,-21.71188702220336,-22.599581811511126,0.8876947893077656,-23.879886018262788,2.1679989960594277,-26.543939852390658,4.832052830187298,3.944358040879532,1.2,0.9375,0.9933344317400762,0.25,0.0,0.001,26.689899444580078,8.370439529418945,0.6000000238418579
27428.0,25.0,30.0,16.0,-20.948870166426737,-32.71754861126923,11.768678444842493,-37.36212193689794,16.413251770471206,-38.54078002200853,17.591909855581797,5.823231410739304,1.2,1.0,0.9920934097395736,0.0,0.0,0.001,27.159900665283203,8.44044017791748,0.6000000238418579
30112.0,26.0,30.0,16.0,-19.804183734097787,-37.9580657005728,18.153881966475016,-38.07067579984467,18.266492065746885,-38.312362579701045,18.508178845603258,0.3542968791282419,1.2,1.0,0.9896563366704858,0.0,0.0,0.001,27.379899978637695,8.660440444946289,0.6000000238418579
30410.0,27.0,30.0,16.0,-22.438241616234343,-31.55695670003223,9.118715083797888,-32.85235314014829,10.414111523913945,-33.51355163692561,11.07531002069127,1.9565949368933815,1.2,0.9375,0.9944125633265521,0.9354143466934853,0.0,0.0010000000000000002,26.729900360107422,8.69044017791748,0.6000000238418579
32199.0,28.0,30.0,16.0,-19.96423057101078,-37.06471573630688,17.1004851652961,-38.83770764197294,18.87347707096216,-39.14842097463575,19.184190403624967,2.083705238328868,1.2,1.0,0.9900402376702372,0.0,0.0,0.001,26.469900131225586,8.840439796447754,0.6000000238418579
32497.0,29.0,30.0,16.0,-19.530655513709647,-32.68870117916324,13.158045665453592,-36.317039765407095,16.78638425169745,-36.75547353423611,17.224818020526463,4.066772355072871,1.2,0.9375,0.9890139425586342,0.7071067811865476,0.25,0.0010000000000000002,27.02989959716797,8.860440254211426,0.6000000238418579
33093.0,30.0,30.0,16.0,-20.865182753208504,-36.009017270747506,15.143834517539002,-38.40404128100972,17.538858527801214,-38.73639662399391,17.871213870785407,2.7273793532464055,1.2,0.9375,0.9919411577860803,0.8660254037844386,0.0,0.0010000000000000002,26.939899444580078,8.910440444946289,0.6000000238418579
33391.0,31.0,30.0,16.0,-19.551217923406973,-36.29720400994061,16.745986086533634,-38.31053816727802,18.759320243871045,-38.49370367488792,18.942485751480945,2.1964996649473107,1.2,0.9375,0.9890423548102721,0.82915619758885,0.0,0.001,27.499900817871094,8.930439949035645,0.6000000238418579
34286.0,32.0,30.0,16.0,-22.55424230465618,-34.529260442239014,11.975018137582833,-34.341819071264695,11.787576766608513,-34.67828744837465,12.124045143718465,0.1490270061356327,1.2,1.0,0.9945456909874626,0.0,0.0,0.001,26.769899368286133,9.0104398727417,0.6000000238418579
36969.0,33.0,30.0,16.0,-20.370514685712674,-38.3674694302474,17.996954744534722,-38.56195443956916,18.19143975385649,-38.879932598965055,18.50941791325238,0.5124631687176588,1.2,0.9375,0.9909390617115056,0.0,0.25,0.001,26.979900360107422,9.230440139770508,0.6000000238418579
37565.0,34.0,30.0,16.0,-20.42630254178075,-37.662294787467104,17.235992245686354,-39.020009381054024,18.593706839273274,-39.49086425138242,19.06456170960167,1.828569463915315,1.2,1.0,0.9910403367267119,0.0,0.0,0.0009999999999999998,26.88990020751953,9.280440330505371,0.6000000238418579
38758.0,35.0,30.0,16.0,-19.257681027976624,-37.96484419838314,18.707163170406517,-37.84207404198169,18.584393014005066,-38.07744624304965,18.819765215073026,0.11260204466650947,0.8,0.9375,0.9882645305948271,0.7071067811865476,0.25,0.001,26.719900131225586,9.380439758300781,0.6000000238418579
41739.0,36.0,30.0,16.0,-18.74872772736149,-39.09482544983677,20.346097722475278,-39.88594618437081,21.13721845700932,-40.15207697870997,21.40334925134848,1.057251528873202,1.2,0.9375,0.9867540976413722,0.7071067811865476,0.25,0.001,27.489900588989258,9.620439529418945,0.6000000238418579
42634.0,37.0,30.0,16.0,-20.713153640270146,-37.26995777094542,16.55680413067527,-36.768536677577984,16.055383037307838,-37.3325580368113,16.619404396541153,0.06260026586588197,0.6,0.9375,0.99167528925911,0.7071067811865476,0.25,0.0009999999999999998,26.759899139404297,9.700440406799316,0.6000000238418579
42932.0,38.0,30.0,16.0,-20.870393235328002,-38.773559748099906,17.903166512771904,-39.49754626638198,18.62715303105398,-39.92558976847896,19.055196533150955,1.1520300203790512,1.2,0.9375,0.9919078036232148,0.7071067811865476,0.25,0.001,27.319900512695312,9.720439910888672,0.6000000238418579
43230.0,39.0,30.0,16.0,-18.79597229593718,-38.69044749491036,19.89447519897318,-38.70608207194746,19.910109776010284,-39.17710071619813,20.381128420260954,0.48665322128777433,0.8,0.9375,0.9869108877558488,0.7071067811865476,0.25,0.0010000000000000002,26.66990089416504,9.750439643859863,0.6000000238418579
43826.0,40.0,30.0,16.0,-19.926193909254383,-37.64987023102212,17.723676321767737,-38.78367683341756,18.857482924163175,-39.42650957452194,19.500315665267554,1.7766393434998164,1.2,0.9375,0.98991836356676,0.7905694150420949,0.0,0.0010000000000000005,26.57990074157715,9.800439834594727,0.6000000238418579
45317.0,41.0,30.0,16.0,-20.982706563745257,-38.52836811095437,17.54566154720911,-39.60079729135684,18.618090727611584,-40.118407518331686,19.13570095458643,1.5900394073773185,1.2,1.0,0.9921010505333889,0.0,0.0,0.001,26.969900131225586,9.920439720153809,0.6000000238418579
48000.0,42.0,30.0,16.0,-19.151584337250583,-36.72386749906281,17.57228316181223,-39.31456876684728,20.162984429596698,-40.08206664720842,20.93048230995784,3.3581991481456086,1.2,1.0,0.9879247954254068,0.0,0.0,0.0010000000000000005,27.179899215698242,10.140399932861328,0.6000000238418579
48895.0,43.0,30.0,16.0,-22.186346704905336,-34.13788562733631,11.951538922430974,-35.0184463743322,12.832099669426864,-35.7442975122778,13.55795080737246,1.6064118849414868,1.2,0.9375,0.9941515651861353,0.5,0.25,0.001,26.449899673461914,10.220399856567383,0.6000000238418579
50982.0,44.0,30.0,16.0,-23.027648393318035,-34.14017493381691,11.112526540498873,-38.19341620614375,15.165767812825717,-39.05457375063979,16.026925357321755,4.914398816822882,1.2,1.0,0.9951155495739691,0.0,0.0,0.001,26.749900817871094,10.390399932861328,0.6000000238418579
51578.0,45.0,30.0,16.0,-19.81624629976234,-37.23814117093219,17.421894871169847,-37.591669411447235,17.775423111684894,-37.72221200396993,17.90596570420759,0.484070833037741,1.2,1.0,0.9897184013809541,0.0,0.0,0.001,26.659900665283203,10.440400123596191,0.6000000238418579
54261.0,46.0,30.0,16.0,-19.825084632174004,-37.202175036766974,17.37709040459297,-38.11648877086854,18.29140413869454,-38.40014855074087,18.57506391856687,1.1979735139738992,1.2,0.9375,0.9897240703384005,0.7071067811865476,0.25,0.001,26.86989974975586,10.660400390625,0.6000000238418579
55155.0,47.0,30.0,16.0,-19.06417853281705,-37.79808342024889,18.733904887431837,-37.98698266067079,18.92280412785374,-38.1479691784173,19.08379064560025,0.34988575816841205,0.8,0.9375,0.9877379574399606,0.7071067811865476,0.25,0.001,27.33989906311035,10.730400085449219,0.6000000238418579
55454.0,48.0,30.0,16.0,-18.784463298066775,-37.801027714982986,19.01656441691621,-38.973045383191476,20.1885820851247,-39.13508418385875,20.350620885791976,1.3340564688757652,1.2,0.9375,0.9868900603247599,0.7071067811865476,0.25,0.0009999999999999998,26.699899673461914,10.76039981842041,0.6000000238418579
58435.0,49.0,30.0,16.0,-22.598018513368572,-35.73155979444556,13.133541281076987,-34.93970645965821,12.341687946289639,-35.865203699779116,13.267185186410543,0.13364390533355675,0.6,0.9375,0.9946096876690736,0.9354143466934853,0.0,0.001,27.469900131225586,11.000399589538574,0.6000000238418579
59329.0,50.0,30.0,16.0,-20.273224889028157,-36.94668226584391,16.673457376815755,-38.76788169217256,18.4946568031444,-39.1383378491918,18.865112960163643,2.191655583347888,1.2,0.9375,0.9907566404116704,0.9682458365518543,0.0,0.0010000000000000005,26.729900360107422,11.080400466918945,0.6000000238418579
60224.0,51.0,30.0,16.0,-21.782878551505476,-40.54889050569942,18.766011954193942,-40.271265746511276,18.4883871950058,-40.474443458776726,18.69156490727125,-0.07444704692269255,0.6,1.0,0.9934494852267934,0.0,0.0,0.001,27.20989990234375,11.150400161743164,0.6000000238418579
61118.0,52.0,30.0,16.0,-19.084923107958726,-38.067539422583614,18.982616314624888,-38.732771749034576,19.64784864107585,-38.871914987429435,19.78699187947071,0.8043755648458202,1.2,1.0,0.9877962763338696,0.0,0.0,0.001,26.469900131225586,11.230400085449219,0.6000000238418579
62013.0,53.0,30.0,16.0,-20.101037718251487,-38.59890237103356,18.497864652782074,-39.9625023846516,19.861464666400114,-40.395415426129794,20.294377707878308,1.7965130550962343,1.2,0.9375,0.9903256656663872,0.9013878188659973,0.0,0.0009999999999999998,26.949899673461914,11.300399780273438,0.6000000238418579
62311.0,54.0,30.0,16.0,-19.900938960708743,-38.553448427565066,18.652509466856323,-38.41418306101243,18.513244100303687,-38.533778534268336,18.632839573559593,-0.019669893296729413,0.8,1.0,0.9898930280226872,0.0,0.0,0.0010000000000000002,27.509899139404297,11.32040023803711,0.6000000238418579
63205.0,55.0,30.0,16.0,-20.44573184213956,-35.759527060150695,15.313795218011137,-36.99231763230785,16.546585790168294,-37.48181094061594,17.036079098476378,1.7222838804652412,1.2,0.9375,0.9911657361855083,0.75,0.0,0.001,26.769899368286133,11.400400161743164,0.6000000238418579
64398.0,56.0,30.0,16.0,-19.93930594471521,-35.132084214966056,15.192778270250848,-37.76641581617569,17.82710987146048,-38.95257084863368,19.01326490391847,3.8204866336676204,1.2,1.0,0.9899591151105515,0.0,0.0,0.0010000000000000002,26.599899291992188,11.500399589538574,0.6000000238418579
64696.0,57.0,30.0,16.0,-21.25758289349711,-35.28312814884131,14.025545255344198,-37.423287606793195,16.165704713296087,-37.91565351215609,16.658070618658982,2.632525363314784,1.2,0.9375,0.9926387567071987,0.7071067811865476,0.25,0.001,27.159900665283203,11.520400047302246,0.6000000238418579
64994.0,58.0,30.0,16.0,-20.73721400371842,-37.80525823688964,17.06804423317122,-38.65748921126662,17.9202752075482,-39.03557284256199,18.29835883884357,1.2303146056723477,1.2,1.0,0.9916498560122169,0.0,0.0,0.0010000000000000005,26.509899139404297,11.550399780273438,0.6000000238418579
65292.0,59.0,30.0,16.0,-20.349528723815315,-37.78082128916833,17.431292565353015,-38.022242119285984,17.67271339547067,-38.23990378226114,17.890375058445823,0.4590824930928079,1.2,0.9375,0.990931783227503,0.7071067811865476,0.25,0.001,27.069900512695312,11.57040023803711,0.6000000238418579
66783.0,60.0,30.0,16.0,-19.105784376235878,-35.946165770563724,16.840381394327846,-36.982692882062246,17.876908505826368,-37.48502387067595,18.379239494440075,1.538858100112229,1.2,0.9375,0.9878559775162972,0.7071067811865476,0.25,0.001,18.715299606323242,6.011020183563232,1.0
68274.0,61.0,30.0,16.0,-22.04118592503996,-33.74495226116178,11.703766336121816,-34.073620874878365,12.032434949838404,-35.2025752062321,13.161389281192136,1.4576229450703195,1.2,0.9375,0.9939260760802302,0.8660254037844386,0.0,0.0010000000000000002,19.121299743652344,6.249020099639893,1.0
68572.0,62.0,30.0,16.0,-19.639836678096007,-36.3150726003372,16.675235922241196,-37.23167669251284,17.591840014416835,-37.688919350235544,18.049082672139537,1.373846749898341,1.2,0.9375,0.9892798390457223,0.75,0.0,0.001,18.4773006439209,6.305019855499268,1.0
72746.0,63.0,30.0,16.0,-20.41715576892104,-37.11719133064261,16.70003556172157,-37.99050231643918,17.573346547518142,-38.55249253065925,18.13533676173821,1.4353012000166387,1.2,1.0,0.9910346725280117,0.0,0.0,0.0009999999999999998,19.121299743652344,6.977019786834717,1.0
74535.0,64.0,30.0,16.0,-20.106989813397178,-30.874353183141487,10.76736336974431,-33.29052594942186,13.183536136024685,-34.839820275137804,14.732830461740626,3.9654670919963166,1.2,0.9375,0.9903598503148171,0.8660254037844386,0.0,0.001,18.88330078125,7.27101993560791,1.0
75727.0,65.0,30.0,16.0,-21.45698236235933,-37.63498661749431,16.178004255134983,-37.33095661313704,15.87397425077771,-37.80039980143083,16.343417439071498,0.16541318393651494,0.6,0.9375,0.9929750502408647,0.7071067811865476,0.25,0.0009999999999999998,18.715299606323242,7.467020034790039,1.0
76323.0,66.0,30.0,16.0,-22.101741217463807,-25.770323348533427,3.66858213106962,-25.078799129168488,2.97705791170468,-27.143111092639028,5.041369875175221,1.372787744105601,0.4,1.0,0.9939443043960232,0.0,0.0,0.0009999999999999998,18.63129997253418,7.5650200843811035,1.0
77218.0,67.0,30.0,16.0,-24.941024850170315,-33.17413122806926,8.233106377898942,-29.1052506926377,4.164225842467385,-34.89547612098668,9.954451270816364,1.721344892917422,0.4,0.875,0.9969516624966559,0.7905694150420949,0.3535533905932738,0.0010000000000000002,19.121299743652344,7.705019950866699,1.0
80497.0,68.0,30.0,16.0,-23.1307672482898,-34.84495577990391,11.714188531614113,-35.587588005128914,12.456820756839114,-35.587588005128914,12.456820756839114,0.7426322252250017,1.0,0.9375,0.9952519550948435,0.3535533905932738,0.25,0.0009999999999999998,19.275299072265625,8.237019538879395,1.0
81392.0,69.0,30.0,16.0,-21.829745841571317,-33.61034360218309,11.780597760611776,-34.56367851351538,12.73393267194406,-35.93923847547801,14.10949263390669,2.3288948732949137,1.2,0.9375,0.993529660518464,0.7071067811865476,0.25,0.001,18.56130027770996,8.391019821166992,1.0
84373.0,70.0,30.0,16.0,-22.024146831676905,-34.50341197461784,12.479265142940935,-36.60172273354222,14.577575901865313,-37.66390261544831,15.639755783771403,3.160490640830467,1.2,1.0,0.9938724375823635,0.0,0.0,0.001,19.35930061340332,8.867019653320312,1.0
84970.0,71.0,30.0,16.0,-23.547191480472975,-34.28786487148052,10.740673391007547,-35.79912598206959,12.251934501596615,-37.03596234990912,13.488770869436145,2.7480974784285976,1.2,1.0,0.9957170166671463,0.0,0.0,0.001,19.2893009185791,8.965020179748535,1.0
85864.0,72.0,30.0,16.0,-21.839083410481734,-37.67596808673029,15.836884676248559,-37.76404409641456,15.924960685932824,-38.388796344836315,16.54971293435458,0.7128282581060219,1.2,1.0,0.9935739748512239,0.0,0.0,0.001,18.56130027770996,9.119020462036133,1.0
86460.0,73.0,30.0,16.0,-21.236084464448112,-36.03197247510329,14.795888010655176,-37.36982944213712,16.133744977689005,-38.27649341827658,17.040408953828468,2.244520943173292,1.2,1.0,0.9926416341981243,0.0,0.0,0.0010000000000000005,18.4773006439209,9.217020034790039,1.0
86758.0,74.0,30.0,16.0,-22.07672731465251,-28.649816025671623,6.573088711019114,-29.420702076559834,7.343974761907326,-30.604356467093446,8.527629152440937,1.9545404414218233,1.2,0.875,0.9939737441287091,0.75,0.25,0.0009999999999999996,19.03730010986328,9.25901985168457,1.0
87355.0,75.0,30.0,16.0,-22.81787939212062,-37.04129334446617,14.223413952345549,-38.69675336463394,15.878873972513322,-39.94446224846753,17.12658285634691,2.9031689040013617,1.2,1.0,0.9948387144773685,0.0,0.0,0.0009999999999999998,18.967300415039062,9.357020378112793,1.0
88547.0,76.0,30.0,16.0,-23.18389335025958,-34.60987098948257,11.425977639222992,-38.38121890845518,15.197325558195601,-39.14375711884189,15.95986376858231,4.533886129359317,1.2,0.875,0.9953073360312886,0.7905694150420949,0.3535533905932738,0.001,18.799299240112305,9.553019523620605,1.0
91529.0,77.0,30.0,16.0,-22.79415769340912,-31.17228865522463,8.378130961815511,-31.431079473028404,8.636921779619286,-32.750264086361035,9.956106392951916,1.5779754311364051,1.2,0.9375,0.9948534851456388,0.8660254037844386,0.0,0.0009999999999999998,18.40730094909668,10.043000221252441,1.0
94510.0,78.0,30.0,16.0,-23.14597213782595,-35.4916567596982,12.345684621872252,-36.52083851767219,13.374866379846239,-36.52083851767219,13.374866379846239,1.029181757973987,1.0,0.9375,0.9952738070980781,0.4330127018922193,0.25,0.001,19.205299377441406,10.519000053405762,1.0
96299.0,79.0,30.0,16.0,-22.436210999998742,-31.15752024184136,8.721309241842619,-31.627735410718948,9.191524410720206,-33.03517331350075,10.598962313502007,1.8776530716593882,1.2,0.9375,0.9944413164834824,0.25,0.0,0.0009999999999999996,18.967300415039062,10.812999725341797,1.0
97491.0,80.0,30.0,16.0,-21.293697405871,-36.2494199692477,14.955722563376696,-37.48274875708374,16.18905135121274,-38.246830861044984,16.953133455173983,1.997410891797287,1.2,0.9375,0.9927102547982767,0.25,0.25,0.0009999999999999998,18.799299240112305,11.008999824523926,1.0
98088.0,81.0,30.0,16.0,-21.88128322661967,-25.290484785594742,3.4092015589750737,-23.964636082529967,2.0833528559102987,-27.27817685653369,5.396893629914022,1.987692070938948,0.4,1.0,0.993586942961708,0.0,0.0,0.0009999999999999998,18.729299545288086,11.107000350952148,1.0
98386.0,82.0,30.0,16.0,-23.702034572858302,-33.06946948270951,9.367434909851205,-34.618537160577944,10.916502587719641,-34.91077613086262,11.20874155800432,1.8413066481531146,1.2,0.875,0.9958338643886797,1.0,0.0,0.0009999999999999998,19.2893009185791,11.14900016784668,1.0
99578.0,83.0,30.0,16.0,-22.623615940079883,-30.39562851190411,7.772012571824227,-31.2758137816293,8.652197841549416,-32.65152428807397,10.027908347994089,2.2558957761698615,1.2,0.9375,0.9946913092875197,0.9013878188659973,0.0,0.001,19.121299743652344,11.345000267028809,1.0
99877.0,84.0,30.0,16.0,-19.053789831742165,-30.923930036507304,11.87014020476514,-34.0453649109821,14.991575079239936,-35.05711353650261,16.003323704760447,4.133183499995308,1.2,1.0,0.9877006977976861,0.0,0.0,0.001,18.491300582885742,11.401000022888184,1.0
100175.0,85.0,30.0,16.0,-20.50105509789784,-24.85550736876883,4.35445227087099,-25.893554264383447,5.392499166485607,-26.990478249069128,6.489423151171287,2.1349708803002976,1.2,1.0,0.9912062289358317,0.0,0.0,0.001,19.051300048828125,11.442999839782715,1.0
100473.0,86.0,30.0,16.0,-21.441904599966403,-38.659358217800374,17.21745361783397,-38.22256136080391,16.780656760837505,-38.855973925377285,17.414069325410882,0.19661570757691038,0.6,1.0,0.9929484527513698,0.0,0.0,0.0009999999999999998,18.40730094909668,11.49899959564209,1.0
101069.0,87.0,30.0,16.0,-24.568418920372533,-34.483015102474944,9.914596182102411,-34.15722664137017,9.58880772099764,-34.52652786193503,9.958108941562497,0.043512759460085704,0.6,0.9375,0.9966149305973818,0.25,0.0,0.0009999999999999998,19.527299880981445,11.583000183105469,1.0
102262.0,88.0,30.0,16.0,-22.19151882017311,-35.1351067551454,12.943587934972292,-36.93683518993556,14.745316369762449,-37.7183267062364,15.526807886063288,2.583219951090996,1.2,0.9375,0.9941265266772871,0.7071067811865476,0.25,0.001,19.373300552368164,11.779000282287598,1.0
106137.0,89.0,30.0,16.0,-20.844907722926482,-34.99521515761713,14.15030743469065,-36.24272144281469,15.397813719888209,-37.29025770569902,16.445349982772537,2.295042548081888,1.2,1.0,0.9918800868746774,0.0,0.0,0.001,19.443300247192383,12.409000396728516,1.0
106436.0,90.0,30.0,16.0,-23.015686241964374,-34.1321244747458,11.116438232781427,-33.919279487459825,10.90359324549545,-34.098675522109076,11.082989280144702,-0.03344895263672498,0.6,0.9375,0.9951248040013596,1.0,0.0,0.001,18.81329917907715,12.46500015258789,1.0
107628.0,91.0,30.0,16.0,-20.827045849522747,-35.041294663481125,14.214248813958378,-36.54959014579932,15.722544296276574,-37.192056401225294,16.365010551702547,2.150761737744169,1.2,0.9375,0.9918898008231785,0.0,0.25,0.0009999999999999998,18.645299911499023,12.66100025177002,1.0
108821.0,92.0,30.0,16.0,-20.161818114153803,-39.15835176956832,18.996533655414517,-38.816308452397045,18.654490338243242,-39.07465264157713,18.91283452742333,-0.0836991279911885,1.2,0.9375,0.990480305639722,0.7071067811865476,0.25,0.0009999999999999998,18.491300582885742,12.857000350952148,1.0
109119.0,93.0,30.0,16.0,-20.007860676528075,-37.95901096892695,17.95115029239887,-38.538619167334815,18.53075849080674,-38.99173739084674,18.98387671431866,1.03272642191979,1.2,1.0,0.9901233499378552,0.0,0.0,0.001,19.051300048828125,12.89900016784668,1.0
109715.0,94.0,30.0,16.0,-21.87235136737465,-37.57902232694238,15.706670959567727,-37.74672961048064,15.87437824310599,-38.39523330360028,16.522881936225627,0.8162109766578993,1.2,1.0,0.993634930207792,0.0,0.0,0.0009999999999999998,18.967300415039062,12.996999740600586,1.0
112100.0,95.0,30.0,16.0,-21.526376206142437,-27.23114467757416,5.7047684714317235,-26.718194555176424,5.191818349033987,-27.93382379415109,6.407447588008651,0.7026791165769275,0.4,0.9375,0.9930922689324494,0.6123724356957945,0.25,0.0010000000000000002,18.645299911499023,13.388999938964844,1.0
115976.0,96.0,30.0,16.0,-19.92952605592588,-30.97073074068203,11.04120468475615,-32.163216524868396,12.233690468942516,-33.570428144239756,13.640902088313876,2.5996974035577267,1.2,1.0,0.9899692229558299,0.0,0.0,0.001,18.729299545288086,14.019000053405762,1.0
116274.0,97.0,30.0,16.0,-19.359074395278235,-36.32723061978491,16.96815622450668,-36.73036063323147,17.371286237953235,-37.16612676814037,17.807052372862138,0.8388961483554596,1.2,0.9375,0.9885679323991144,0.25,0.25,0.001,19.2893009185791,14.060999870300293,1.0
116572.0,98.0,30.0,16.0,-19.18070100505733,-37.244939384066555,18.064238379009225,-37.462556651269836,18.281855646212506,-37.60357257076967,18.42287156571234,0.3586331867031163,1.2,1.0,0.988081777373242,0.0,0.0,0.0009999999999999998,18.645299911499023,14.116999626159668,1.0
118361.0,99.0,30.0,16.0,-17.97336329133504,-35.637398368921474,17.664035077586433,-37.424543090691394,19.451179799356353,-37.98573600149206,20.012372710157017,2.3483376325705834,0.8,1.0,0.9841850606002721,0.0,0.0,0.0010000000000000002,18.40730094909668,14.41100025177002,1.0
