user_index,sample_index,snr_db,l_value,grid_channel_nmse_db,source_alpha_channel_nmse_db,source_alpha_gain_vs_grid_db,bounded_refine_channel_nmse_db,bounded_gain_vs_grid_db,oracle_alpha_channel_nmse_db,oracle_alpha_gain_vs_grid_db,source_alpha_gap_vs_oracle_db,oracle_alpha,support_recall,dominant_energy_recall,delay_bin_rmse,tx_bin_rmse,noise_variance,rx_x_m,rx_y_m,rx_z_m
4991.0,0.0,0.0,4.0,-2.355223765527959,-4.866907900035708,2.5116841345077487,-5.099481425018481,2.744257659490522,-5.158839482503506,2.803615716975547,0.2919315824677984,0.8,1.0,0.42417433906896973,0.0,0.0,1.0000000000000002,263.2229919433594,302.5710144042969,2.0
12479.0,1.0,0.0,4.0,-2.0924733044036232,-2.604435030872847,0.5119617264692238,-2.9720328259043,0.8795595215006768,-3.1492201275544565,1.0567468231508332,0.5447850966816095,1.2,0.75,0.39209782784086133,0.0,0.5,1.0,276.62298583984375,310.77099609375,2.0
19967.0,2.0,0.0,4.0,-3.052693856378579,-3.857569855377681,0.8048759989991021,-3.788374822910926,0.7356809665323474,-3.8652255134415614,0.8125316570629826,0.007655658063880466,0.8,1.0,0.5134606427576167,0.0,0.0,1.0,253.822998046875,319.1709899902344,2.0
22463.0,3.0,0.0,4.0,-2.96800455825747,-4.176866388819574,1.2088618305621042,-4.264460332548286,1.2964557742908163,-4.280081115676626,1.3120765574191555,0.10321472685705135,0.8,1.0,0.5045751439938159,0.0,0.0,1.0000000000000002,246.22300720214844,321.97100830078125,2.0
23710.0,4.0,0.0,4.0,-3.9506810639921364,-5.088507989119729,1.1378269251275928,-4.89895949539528,0.9482784314031436,-5.075307085374941,1.124626021382805,-0.013200903744787773,0.8,0.75,0.6063233196868912,0.0,1.224744871391589,1.0000000000000004,278.4230041503906,323.1709899902344,2.0
24958.0,5.0,0.0,4.0,-1.4963807090002996,-2.155326102628714,0.6589453936284144,-2.2180030927712284,0.7216223837709288,-2.2263067146417206,0.729926005641421,0.07098061201300654,0.8,0.75,0.2940665231797284,2.5,1.224744871391589,1.0000000000000004,274.62298583984375,324.5710144042969,2.0
26206.0,6.0,0.0,4.0,-2.749365186331978,-4.545555441051471,1.7961902547194932,-4.888748476229632,2.1393832898976544,-4.888748476229632,2.1393832898976544,0.34319303517816113,1.0,0.75,0.48545746990207317,0.0,1.224744871391589,0.9999999999999999,270.822998046875,325.97100830078125,2.0
34942.0,7.0,0.0,4.0,-1.0954493152180496,-1.695567503117019,0.6001181878989694,-1.9143145558315986,0.818865240613549,-1.9656929569703505,0.870243641752301,0.27012545385333153,1.2,0.75,0.23464794297642352,0.5,1.5,1.0,244.22300720214844,335.77099609375,2.0
44926.0,8.0,0.0,4.0,-1.384502071814472,-2.51288476251144,1.1283826906969678,-2.679920975184798,1.2954189033703258,-2.679920975184798,1.2954189033703258,0.167036212673358,1.0,0.75,0.28430591553727913,0.0,1.224744871391589,1.0,250.0229949951172,346.77099609375,2.0
47421.0,9.0,0.0,4.0,-2.9233400570106216,-4.246131553052387,1.3227914960417655,-4.537761877023318,1.614421820012696,-4.539465978329767,1.6161259213191457,0.2933344252773802,1.2,1.0,0.4950958570990128,0.0,0.0,1.0,278.4230041503906,349.3710021972656,2.0
48669.0,10.0,0.0,4.0,-2.5607967255126973,-3.7381397620097196,1.1773430364970223,-3.681724342170514,1.1209276166578168,-3.785383469558087,1.2245867440453897,0.047243707548367375,0.8,1.0,0.45063741996688167,0.0,0.0,0.9999999999999998,274.62298583984375,350.77099609375,2.0
54909.0,11.0,0.0,4.0,-3.8860174272292647,-4.983353694924964,1.0973362676956993,-4.8027638134241855,0.9167463861949208,-4.970699579836235,1.08468215260697,-0.012654115088729156,0.6,1.0,0.6015988470625411,0.0,0.0,1.0000000000000002,255.6230010986328,357.77099609375,2.0
56157.0,12.0,0.0,4.0,-3.5623066030878063,-4.751764351356612,1.1894577482688056,-4.464189537449495,0.9018829343616885,-4.739784800660097,1.1774781975722903,-0.01197955069651524,0.6,1.0,0.5637248711246933,0.0,0.0,1.0,251.822998046875,359.1709899902344,2.0
59901.0,13.0,0.0,4.0,-1.9205887036400284,-2.017845357536258,0.0972566538962294,-1.9985258722032027,0.07793716856317423,-2.021160314908227,0.10057161126819869,0.003314957371969296,0.8,0.5,0.36401616995362857,0.0,0.8660254037844386,1.0000000000000002,276.62298583984375,363.1709899902344,2.0
61149.0,14.0,0.0,4.0,-3.5360983914308672,-4.715698015907223,1.1795996244763556,-3.6212440490873403,0.08514565765647308,-4.785635500209108,1.2495371087782408,0.06993748430188518,0.4,1.0,0.5632204936597179,0.0,0.0,1.0,272.822998046875,364.5710144042969,2.0
63645.0,15.0,0.0,4.0,-4.554560551403554,-6.93466456014553,2.3801040087419754,-6.491809177964754,1.9372486265611997,-6.906454658351901,2.3518941069483468,-0.02820990179362859,0.8,1.0,0.6518572672600317,0.0,0.0,0.9999999999999997,265.2229919433594,367.3710021972656,2.0
72380.0,16.0,0.0,4.0,-2.071658999102394,-3.360133089492688,1.2884740903902943,-3.46336065402282,1.3917016549204262,-3.4718763524499607,1.4002173533475668,0.11174326295727255,0.8,1.0,0.3920858035094716,0.0,0.0,1.0,274.62298583984375,376.97100830078125,2.0
77372.0,17.0,0.0,4.0,-3.7756907286120778,-7.798802137919708,4.02311140930763,-6.462678579084936,2.686987850472858,-7.724731627411893,3.9490408987998156,-0.07407051050781455,0.6,1.0,0.5923873712682067,0.0,0.0,1.0,259.4230041503906,382.5710144042969,2.0
83612.0,18.0,0.0,4.0,-1.4623539336481783,-2.0428916561044694,0.5805377224562911,-2.152823228634469,0.6904692949862905,-2.152823228634469,0.6904692949862905,0.10993157252999941,1.0,0.5,0.291252756046726,0.5,0.8660254037844386,1.0000000000000002,276.62298583984375,389.3710021972656,2.0
94843.0,19.0,0.0,4.0,-1.313212842047966,-1.8318959912797204,0.5186831492317543,-1.8811674515889525,0.5679546095409864,-1.8811674515889525,0.5679546095409864,0.04927146030923213,1.0,0.5,0.26882880082936395,0.5,1.224744871391589,1.0,278.4230041503906,401.77099609375,2.0
97339.0,20.0,0.0,4.0,-3.0735815190598164,-5.38103013650038,2.3074486174405635,-6.0986658385835835,3.025084319523767,-6.186531552707638,3.112950033647822,0.8055014162072585,1.2,1.0,0.5121772950859061,0.0,0.0,0.9999999999999998,270.822998046875,404.5710144042969,2.0
99835.0,21.0,0.0,4.0,-2.419254050486071,-3.9335374559480316,1.5142834054619607,-4.423868379281167,2.004614328795096,-4.423868379281167,2.004614328795096,0.49033092333313544,1.0,0.75,0.4346840382824783,0.5,0.5,1.0000000000000002,263.2229919433594,407.3710021972656,2.0
101083.0,22.0,0.0,4.0,-2.7853982133599438,-4.003703711965792,1.2183054986058481,-4.139031789999676,1.3536335766397318,-4.139031789999676,1.3536335766397318,0.1353280780338837,1.0,0.75,0.48490904303613813,0.0,1.224744871391589,1.0,259.4230041503906,408.77099609375,2.0
119802.0,23.0,0.0,4.0,-2.3275401543000602,-2.509238923283422,0.1816987689833618,-2.557732950857792,0.23019279655773195,-2.575148047237323,0.2476078929372627,0.06590912395390092,1.2,1.0,0.42470100529409244,0.0,0.0,1.0,274.62298583984375,429.3710021972656,2.0
121050.0,24.0,0.0,4.0,-1.7900711990320106,-3.081691314219954,1.2916201151879432,-2.8307963363353745,1.040725137303364,-3.0890235424567263,1.2989523434247157,0.007332228236772487,0.6,0.75,0.3538713682492212,0.5,0.7071067811865476,1.0,270.822998046875,430.77099609375,2.0
122298.0,25.0,0.0,4.0,-2.3210237702828156,-3.620916625224779,1.2998928549419633,-3.7435208436884815,1.422497073405666,-3.7435208436884815,1.422497073405666,0.12260421846370262,1.0,0.75,0.41768545384333006,0.0,1.118033988749895,1.0,267.02301025390625,432.1709899902344,2.0
126042.0,26.0,0.0,4.0,-1.895349780491971,-3.419602768675797,1.524252988183826,-3.805158607141012,1.9098088266490412,-3.805158607141012,1.9098088266490412,0.38555583846521513,1.0,1.0,0.3600999510902846,0.0,0.0,0.9999999999999999,255.6230010986328,436.3710021972656,2.0
131034.0,27.0,0.0,4.0,-1.548808738488419,-3.854633092183359,2.30582435369494,-4.177444330683025,2.6286355921946063,-4.177444330683025,2.6286355921946063,0.3228112384996664,1.0,0.75,0.3064476147884663,0.0,0.5,0.9999999999999998,276.62298583984375,441.77099609375,2.0
132282.0,28.0,0.0,4.0,-2.0095016037877937,-2.5698395052925855,0.5603379015047918,-2.5184746442903445,0.5089730405025508,-2.5663030386982157,0.556801434910422,-0.0035364665943697915,0.6,1.0,0.3806418198866668,0.0,0.0,1.0000000000000002,272.822998046875,443.1709899902344,2.0
136025.0,29.0,0.0,4.0,-2.1683184314440718,-3.225857394905737,1.0575389634616652,-3.2775877514649743,1.1092693200209025,-3.2775877514649743,1.1092693200209025,0.0517303565592373,1.0,0.75,0.4015941500909689,0.0,1.0,1.0,261.2229919433594,447.3710021972656,2.0
137273.0,30.0,0.0,4.0,-1.8127978194203906,-2.4054509069682126,0.592653087547822,-2.4458555182582904,0.6330576988378998,-2.4458555182582904,0.6330576988378998,0.040404611290077774,1.0,0.75,0.3494625344828194,0.5,0.5,0.9999999999999999,257.4230041503906,448.77099609375,2.0
139769.0,31.0,0.0,4.0,-3.0495601415548057,-4.702593922054742,1.6530337804999364,-5.0345947343475626,1.9850345927927568,-5.0345947343475626,1.9850345927927568,0.3320008122928204,1.0,0.75,0.5097500174399968,0.0,0.5,1.0000000000000004,249.822998046875,451.5710144042969,2.0
143513.0,32.0,0.0,4.0,-2.190837722217486,-2.351507617937267,0.16066989571978096,-2.3502130346447387,0.15937531242725278,-2.3556632376638698,0.1648255154463838,0.004155619726602833,1.2,0.75,0.3984200401590392,0.5,0.7071067811865476,1.0,274.62298583984375,455.5710144042969,2.0
153497.0,33.0,0.0,4.0,-1.8619394649444507,-2.4981414171378207,0.63620195219337,-2.607750779411717,0.7458113144672665,-2.607750779411717,0.7458113144672665,0.1096093622738965,1.0,1.0,0.35589244438848816,0.0,0.0,1.0,244.22300720214844,466.77099609375,2.0
163480.0,34.0,0.0,4.0,-1.0449895162121496,-1.6501092105336044,0.6051196943214547,-1.7707694138854102,0.7257798976732606,-1.7707694138854102,0.7257798976732606,0.12066020335180583,1.0,0.75,0.22714801470003074,1.5,0.5,1.0,249.822998046875,477.77099609375,2.0
164728.0,35.0,0.0,4.0,-1.0289640505011888,-1.2983623615350193,0.2693983110338305,-1.3942118777440702,0.3652478272428814,-1.5283187547468375,0.49935470424564876,0.22995639321181827,1.2,0.5,0.22416772083514602,0.0,1.7320508075688772,1.0,246.0229949951172,479.1709899902344,2.0
170968.0,36.0,0.0,4.0,-2.755204439656356,-3.7173968980487597,0.9621924583924035,-3.5527261283056735,0.7975216886493173,-3.71253588864731,0.9573314489909537,-0.004861009401449845,0.8,1.0,0.4754658751683144,0.0,0.0,1.0,263.2229919433594,485.97100830078125,2.0
179704.0,37.0,0.0,4.0,-1.1623605343936398,-1.6982090682155537,0.5358485338219139,-1.6480992293685643,0.4857386949749245,-1.6973137466309831,0.5349532122373433,-0.0008953215845706186,0.6,0.5,0.24543612800897352,0.5,1.224744871391589,1.0,272.822998046875,495.5710144042969,2.0
183447.0,38.0,0.0,4.0,-2.3151547235586025,-2.6572879891911363,0.34213326563253377,-2.5518584455598963,0.23670372200129375,-2.654709049156228,0.33955432559762544,-0.002578940034908328,0.6,1.0,0.4359712897031161,0.0,0.0,1.0000000000000002,261.2229919433594,499.77099609375,2.0
187191.0,39.0,0.0,4.0,-1.3553382809161238,-2.488288559072542,1.132950278156418,-2.512135237045004,1.15679695612888,-2.5909326010263243,1.2355943201102004,0.1026440419537824,0.8,0.75,0.27412544499884284,1.0,0.5,1.0,249.822998046875,503.97100830078125,2.0
188439.0,40.0,0.0,4.0,-1.1211306583676854,-1.6953563183442006,0.5742256599765152,-1.729044253766191,0.6079135953985055,-1.7335218218971953,0.6123911635295098,0.03816550355299464,0.8,0.5,0.23469372360038193,0.7071067811865476,0.7071067811865476,0.9999999999999999,246.0229949951172,505.3710021972656,2.0
202167.0,41.0,0.0,4.0,-2.0032686338635117,-2.1627812164172235,0.1595125825537118,-2.1496768787019453,0.14640824483843362,-2.1667936105215966,0.16352497665808485,0.0040123941043730404,0.8,1.0,0.3764570469308693,0.0,0.0,1.0,276.62298583984375,520.3709716796875,2.0
204662.0,42.0,0.0,4.0,-2.158171852636047,-2.587453594000162,0.429281741364115,-2.669278002197619,0.5111061495615719,-2.669278002197619,0.5111061495615719,0.08182440819745684,1.0,0.75,0.3952114074200317,0.0,1.0,0.9999999999999999,268.822998046875,523.1710205078125,2.0
205910.0,43.0,0.0,4.0,-3.41427040946182,-3.666766601931481,0.25249619246966093,-3.7395943397592886,0.3253239302974684,-3.7399527247236932,0.3256823152618731,0.07318612279221215,1.2,1.0,0.553484187863625,0.0,0.0,0.9999999999999999,265.02301025390625,524.5709838867188,2.0
212150.0,44.0,0.0,4.0,-1.67371970366627,-3.2754784133532637,1.6017587096869936,-3.9559848757161746,2.2822651720499048,-4.071562554197939,2.397842850531669,0.7960841408446755,1.2,0.5,0.33191975413379354,0.5,0.7071067811865476,1.0,246.0229949951172,531.5709838867188,2.0
214646.0,45.0,0.0,4.0,-2.084701553103244,-2.590719393948659,0.506017840845415,-2.331703820668404,0.24700226756515997,-2.6001252109348445,0.5154236578316005,0.009405816986185478,0.6,0.75,0.3890076037036793,0.0,0.5,0.9999999999999999,274.62298583984375,534.1710205078125,2.0
218390.0,46.0,0.0,4.0,-2.317763635573619,-2.926142857086471,0.6083792215128523,-2.782801220621735,0.4650375850481163,-2.9334511323251995,0.6156874967515806,0.007308275238728346,0.6,1.0,0.419616415854736,0.0,0.0,1.0000000000000002,263.2229919433594,538.3709716796875,2.0
224630.0,47.0,0.0,4.0,-2.0722609977947535,-2.5413117337012587,0.46905073590650526,-2.507632557499069,0.43537155970431574,-2.5559715894119073,0.4837105916171538,0.01465985571064854,0.8,0.75,0.38850187050756113,0.5,1.118033988749895,1.0,244.22300720214844,545.3709716796875,2.0
228373.0,48.0,0.0,4.0,-2.48776064646934,-3.007082212154088,0.5193215656847481,-3.054882876668409,0.567122230199069,-3.054882876668409,0.567122230199069,0.04780066451432097,1.0,1.0,0.44073499069196714,0.0,0.0,0.9999999999999998,268.822998046875,549.3709716796875,2.0
235861.0,49.0,0.0,4.0,-2.842718667513216,-3.27965756674815,0.4369388992349341,-3.2842524274149953,0.44153375990177945,-3.3055325405821137,0.46281387306889776,0.025874973833963644,0.8,0.75,0.48561230985954396,0.0,1.224744871391589,1.0000000000000002,246.0229949951172,557.77099609375,2.0
242101.0,50.0,0.0,4.0,-2.345144491134305,-1.9915418317022033,-0.3536026594321018,-1.8054980787532275,-0.5396464123810776,-2.345144491134304,-1.3322676295501878e-15,0.35360265943210045,0.0,1.0,0.4183585145558329,0.0,0.0,0.9999999999999998,263.2229919433594,564.5709838867188,2.0
244597.0,51.0,0.0,4.0,-3.481057621652587,-3.484745447164717,0.003687825512129983,-3.2428026777416696,-0.2382549439109174,-3.5802245755159383,0.09916695386335128,0.0954791283512213,0.2,0.75,0.5559191989479703,0.5,0.5,1.0,255.6230010986328,567.3709716796875,2.0
247093.0,52.0,0.0,4.0,-1.8164028831086207,-2.1355541252061787,0.31915124209755796,-2.110723285428159,0.29432040231953827,-2.141327500076449,0.3249246169678284,0.005773374870270409,0.8,0.75,0.34693586320824205,0.5,1.118033988749895,1.0,248.0229949951172,570.1710205078125,2.0
249588.0,53.0,0.0,4.0,-2.2802412630235374,-2.625492054672801,0.34525079164926353,-2.5772694015791293,0.29702813855559196,-2.623017422078327,0.34277615905478953,-0.002474632594474002,0.8,1.0,0.41375052122274,0.0,0.0,0.9999999999999998,276.4230041503906,572.77099609375,2.0
250836.0,54.0,0.0,4.0,-2.7031622711554593,-3.0606673317573825,0.3575050606019232,-3.027278995674422,0.3241167245189627,-3.065637341116222,0.36247506996076284,0.004970009358839622,0.8,1.0,0.4742587791095328,0.0,0.0,1.0000000000000002,272.62298583984375,574.1710205078125,2.0
252084.0,55.0,0.0,4.0,-1.9410926257634675,-2.2889602037083896,0.34786757794492207,-2.2440761401564973,0.30298351439302973,-2.286270557209373,0.34517793144590536,-0.002689646499016707,0.6,0.75,0.3710462830937735,0.5,0.5,0.9999999999999998,268.822998046875,575.5709838867188,2.0
260820.0,56.0,0.0,4.0,-1.7710075354831338,-1.5940289904704055,-0.17697854501272836,-1.5455269732112646,-0.2254805622718692,-1.7710075354831338,0.0,0.17697854501272836,0.0,0.5,0.33801275081951804,0.0,1.224744871391589,1.0,278.4230041503906,585.1710205078125,2.0
268308.0,57.0,0.0,4.0,-2.6140190294797554,-3.9906697582402395,1.376650728760484,-4.294510378130608,1.680491348650853,-4.294510378130608,1.680491348650853,0.3038406198903689,1.0,1.0,0.4555920202051114,0.0,0.0,1.0,255.6230010986328,593.5709838867188,2.0
270804.0,58.0,0.0,4.0,-1.546362131149244,-2.633011328912032,1.0866491977627881,-2.8729188287800773,1.3265566976308334,-2.8729188287800773,1.3265566976308334,0.23990749986804527,1.0,0.75,0.31011972875441035,0.7071067811865476,1.224744871391589,1.0,248.0229949951172,596.3709716796875,2.0
277043.0,59.0,0.0,4.0,-3.953557810225727,-4.683115317423195,0.7295575071974683,-4.362721938270468,0.4091641280447411,-4.700673324806511,0.7471155145807837,0.017558007383315477,0.6,1.0,0.6058812989408675,0.0,0.0,1.0000000000000002,265.02301025390625,603.1710205078125,2.0
278291.0,60.0,0.0,4.0,-2.770028265381293,-2.984708241597545,0.21467997621625212,-2.8367262558185,0.06669799043720692,-2.9867151953138116,0.2166869299325187,0.0020069537162665796,0.6,0.75,0.4748178377859813,0.0,0.5,1.0000000000000002,261.2229919433594,604.5709838867188,2.0
280787.0,61.0,0.0,4.0,-3.5743494838893253,-4.15854053737647,0.5841910534871446,-4.188944900331007,0.614595416441682,-4.222351509448119,0.6480020255587937,0.0638109720716491,0.8,1.0,0.5710318196220806,0.0,0.0,1.0,253.6230010986328,607.3709716796875,2.0
282035.0,62.0,0.0,4.0,-2.180270104377991,-2.5795601557272048,0.3992900513492139,-2.5161465100815383,0.3358764057035475,-2.574083085921531,0.3938129815435403,-0.00547706980567364,0.6,0.75,0.40539807706320624,0.0,0.7071067811865476,1.0,249.822998046875,608.77099609375,2.0
288275.0,63.0,0.0,4.0,-3.7894979610065063,-3.797972728712006,0.008474767705499708,-3.604528187142775,-0.18496977386373148,-3.8462385333384312,0.05674057233192498,0.04826580462642527,0.4,1.0,0.5896341533910927,0.0,0.0,1.0,267.02301025390625,615.5709838867188,2.0
293267.0,64.0,0.0,4.0,-5.386459167476111,-7.335108405392675,1.9486492379165643,-7.416252698280614,2.029793530804503,-7.571266994777728,2.1848078273016176,0.2361585893850533,0.8,0.75,0.7152353236830866,0.0,0.7071067811865476,1.0000000000000002,251.822998046875,621.1710205078125,2.0
294514.0,65.0,0.0,4.0,-3.4017017279650292,-4.080725467549659,0.6790237395846295,-3.789281141779316,0.38757941381428695,-4.0765218732071276,0.6748201452420983,-0.004203594342531147,0.6,0.75,0.5670778811362108,0.0,1.0,1.0,247.822998046875,622.5709838867188,2.0
300754.0,66.0,0.0,4.0,-5.052061361444494,-6.041547857678639,0.9894864962341448,-5.647071584375071,0.5950102229305774,-6.033442684806079,0.9813813233615853,-0.008105172872559407,0.6,1.0,0.6915250539760168,0.0,0.0,1.0,265.02301025390625,629.3709716796875,2.0
309490.0,67.0,0.0,4.0,-2.661507821154788,-2.7552576189189764,0.09374979776418835,-2.856727486997758,0.1952196658429699,-2.856727486997758,0.1952196658429699,0.10146986807878156,1.0,1.0,0.46783194567461733,0.0,0.0,1.0,274.62298583984375,638.9710083007812,2.0
310738.0,68.0,0.0,4.0,-2.5381400834208048,-2.9853904057404494,0.4472503223196447,-2.383775396922869,-0.15436468649793555,-2.997573266413105,0.4594331829923002,0.012182860672655504,0.6,1.0,0.45119492209312195,0.0,0.0,1.0000000000000004,270.822998046875,640.3709716796875,2.0
319473.0,69.0,0.0,4.0,-2.053253972859854,-1.9988245878849575,-0.054429384974896244,-1.9565680538511696,-0.09668591900868417,-2.103513965269042,0.050259992409188214,0.10468937738408446,0.2,0.5,0.3829663521072587,0.0,1.3228756555322954,1.0,244.0229949951172,650.1710205078125,2.0
321969.0,70.0,0.0,4.0,-1.6507868847835971,-3.714776411415117,2.06398952663152,-4.629149430951321,2.9783625461677237,-4.814670220498937,3.1638833357153398,1.0998938090838197,1.2,0.75,0.3300123814858258,0.5,0.7071067811865476,0.9999999999999998,272.62298583984375,652.77099609375,2.0
325713.0,71.0,0.0,4.0,-2.583964154663442,-4.435941872610182,1.85197771794674,-4.143099889627558,1.5591357349641157,-4.456705046382635,1.872740891719193,0.02076317377245296,0.8,0.75,0.4630474914304613,0.5,0.8660254037844386,0.9999999999999997,261.2229919433594,656.9710083007812,2.0
331953.0,72.0,0.0,4.0,-1.348450799558971,-2.8015260568435654,1.4530752572845944,-3.3650332284107187,2.0165824288517475,-3.43499966786959,2.0865488683106195,0.6334736110260248,1.2,0.75,0.27140818330938715,0.0,0.7071067811865476,1.0,278.4230041503906,663.77099609375,2.0
335697.0,73.0,0.0,4.0,-2.6822460310564615,-3.9559366024697953,1.2736905714133337,-4.356399722725291,1.6741536916688293,-4.453069419821095,1.7708233887646339,0.4971328173513001,1.2,1.0,0.46463799766438196,0.0,0.0,1.0,267.02301025390625,667.9710083007812,2.0
344432.0,74.0,0.0,4.0,-3.5522607547805016,-3.984619844627587,0.43235908984708527,-3.92984870109349,0.37758794631298853,-3.9849698425675815,0.43270908778707984,0.00034999793999457296,0.6,1.0,0.5633339827241287,0.0,0.0,0.9999999999999999,276.4230041503906,677.5709838867188,2.0
346928.0,75.0,0.0,4.0,-3.9600578201839105,-4.16778234529328,0.20772452510936956,-3.2237502317748263,-0.7363075884090842,-4.28434306037099,0.32428524018707927,0.11656071507770971,0.4,1.0,0.604581724520351,0.0,0.0,1.0,268.822998046875,680.3709716796875,2.0
351920.0,76.0,0.0,4.0,-3.2665500478067875,-3.1345430047268508,-0.13200704307993671,-2.7503356509785255,-0.516214396828262,-3.332338099707242,0.06578805190045456,0.19779509498039127,0.2,1.0,0.5341444135228693,0.0,0.0,1.0,253.6230010986328,685.9710083007812,2.0
354416.0,77.0,0.0,4.0,-2.5441308894457455,-2.2007744706654577,-0.3433564187802878,-1.73941534452597,-0.8047155449197756,-2.5441308894457473,1.7763568394002505e-15,0.34335641878028955,0.0,0.75,0.4596637485756893,0.0,0.8660254037844386,0.9999999999999997,246.0229949951172,688.77099609375,2.0
359408.0,78.0,0.0,4.0,-1.904436861370118,-2.8211321748394362,0.9166953134693183,-3.167104668368389,1.2626678069982713,-3.2782433501532076,1.3738064887830896,0.4571111753137713,1.2,1.0,0.3743994008601766,0.0,0.0,1.0,267.02301025390625,694.1710205078125,2.0
360656.0,79.0,0.0,4.0,-2.226232714373622,-3.9346667878772434,1.7084340735036214,-4.030253960889764,1.8040212465161423,-4.089668614444957,1.8634359000713347,0.15500182656771333,0.8,0.75,0.4113720255188935,0.0,1.0,1.0,263.2229919433594,695.5709838867188,2.0
366895.0,80.0,0.0,4.0,-1.7270252057467241,-2.031814871314637,0.304789665567913,-1.9787192951576293,0.2516940894109052,-2.0320000445610256,0.30497483881430143,0.00018517324638844812,0.6,0.75,0.3354590213570468,0.0,0.5,1.0,244.0229949951172,702.5709838867188,2.0
375631.0,81.0,0.0,4.0,-2.1792759712328054,-3.687798768342981,1.5085227971101758,-4.276856167254962,2.097580196022157,-4.4380335177574946,2.258757546524689,0.7502347494145134,1.2,0.75,0.4049347079209961,0.0,0.5,1.0,253.6230010986328,712.1710205078125,2.0
395598.0,82.0,0.0,4.0,-1.6571982948342154,-2.393993507440048,0.7367952126058324,-2.5778351834444613,0.9206368886102458,-2.5810702874420843,0.9238719926078689,0.18707678000203654,1.2,0.75,0.32548565244005784,0.0,1.0,1.0,265.02301025390625,734.1710205078125,2.0
398094.0,83.0,0.0,4.0,-2.4828462704848606,-3.551798651924156,1.0689523814392952,-3.6437692690966923,1.1609229986118317,-3.6437692690966923,1.1609229986118317,0.09197061717253652,1.0,1.0,0.4404309589239091,0.0,0.0,0.9999999999999999,257.4230041503906,736.9710083007812,2.0
404334.0,84.0,0.0,4.0,-1.4257760831447606,-2.7227775999247177,1.2970015167799571,-3.1169635419813764,1.6911874588366158,-3.1169635419813764,1.6911874588366158,0.3941859420566587,1.0,0.75,0.288461287869676,0.5,0.5,1.0,274.62298583984375,743.77099609375,2.0
406830.0,85.0,0.0,4.0,-2.1059239400332914,-3.7509784789937033,1.6450545389604119,-3.9993436666299753,1.893419726596684,-3.9993436666299753,1.893419726596684,0.24836518763627202,1.0,1.0,0.3951374780199015,0.0,0.0,1.0,267.02301025390625,746.5709838867188,2.0
410573.0,86.0,0.0,4.0,-1.8899498045338823,-3.6431890328470833,1.753239228313201,-4.05026788839315,2.1603180838592677,-4.05026788839315,2.1603180838592677,0.4070788555460667,1.0,1.0,0.35980850168986594,0.0,0.0,0.9999999999999998,255.42300415039062,750.77099609375,2.0
413069.0,87.0,0.0,4.0,-2.7744596603519875,-3.920613872353397,1.1461542120014094,-4.169183295577673,1.3947236352256853,-4.171429516450733,1.3969698560987451,0.2508156440973357,1.2,0.75,0.4754005202947894,0.0,1.0,1.0,247.822998046875,753.5709838867188,2.0
415565.0,88.0,0.0,4.0,-1.408533684317117,-1.528068216076015,0.11953453175889805,-1.4855831289834418,0.0770494446663248,-1.5297952177014607,0.12126153338434364,0.00172700162544559,0.6,0.75,0.2823681145454705,1.5811388300841898,1.118033988749895,0.9999999999999999,276.4230041503906,756.1710205078125,2.0
428045.0,89.0,0.0,4.0,-1.5181903835695956,-1.8096946702803258,0.29150428671073025,-1.796345311210478,0.27815492764088234,-1.8168539947601423,0.29866361119054674,0.007159324479816487,0.8,1.0,0.3090526176195573,0.0,0.0,1.0,274.62298583984375,769.9710083007812,2.0
438028.0,90.0,0.0,4.0,-0.990267379464074,-1.287378921427936,0.29711154196386214,-1.2782892280281797,0.28802184856410573,-1.2970612048336074,0.3067938253695335,0.009682283405671344,0.8,0.5,0.22854654723231974,0.5,0.7071067811865476,0.9999999999999998,244.0229949951172,781.1710205078125,2.0
448012.0,91.0,0.0,4.0,-1.986394284473658,-3.118133501538402,1.1317392170647442,-3.4940515705796433,1.5076572861059854,-3.6049398546926996,1.6185455702190417,0.48680635315429743,1.2,1.0,0.3836585189428347,0.0,0.0,1.0,249.822998046875,792.1710205078125,2.0
459243.0,92.0,0.0,4.0,-1.4585377681708998,-1.5490168591920004,0.09047909102110063,-1.493869193938725,0.03533142576782522,-1.5630508572640267,0.10451308909312695,0.014033998072026321,0.4,1.0,0.2907030849706236,0.0,0.0,1.0000000000000002,251.6230010986328,804.5709838867188,2.0
460491.0,93.0,0.0,4.0,-1.1983530199299168,-1.6221022202824513,0.4237492003525345,-1.710082911049294,0.5117298911193773,-1.710082911049294,0.5117298911193773,0.08798069076684278,1.0,0.75,0.2557126366654343,1.5,1.0,1.0,247.822998046875,805.9710083007812,2.0
464235.0,94.0,0.0,4.0,-2.018534025117362,-2.792484472811911,0.7739504476945491,-2.814125686791575,0.7955916616742131,-2.8352885222484794,0.8167544971311176,0.04280404943656846,0.8,1.0,0.37857177197333414,0.0,0.0,1.0000000000000002,272.62298583984375,809.9710083007812,2.0
465483.0,95.0,0.0,4.0,-1.575089919184739,-1.5284063779290267,-0.04668354125571228,-1.4645222633396138,-0.11056765584512518,-1.624516245170505,0.04942632598576613,0.09610986724147841,0.2,0.5,0.3120110227420052,0.0,1.5811388300841898,1.0,268.822998046875,811.3709716796875,2.0
467979.0,96.0,0.0,4.0,-3.584996592537544,-5.690627376204342,2.1056307836667973,-6.17644215126215,2.591445558724606,-6.186651902032443,2.6016553094948986,0.4960245258281013,1.2,1.0,0.5647038051402833,0.0,0.0,1.0,261.2229919433594,814.1710205078125,2.0
476714.0,97.0,0.0,4.0,-0.8212286121075494,-1.2834835748708615,0.4622549627633121,-1.5438408950406575,0.7226122829331081,-1.571541440730805,0.7503128286232557,0.28805786585994353,1.2,0.5,0.18070048326443944,1.6583123951777,1.224744871391589,1.0000000000000002,270.62298583984375,823.77099609375,2.0
481706.0,98.0,0.0,4.0,-1.05493222717076,-1.3608482619631659,0.3059160347924059,-1.3956383088616775,0.34070608169091754,-1.3956383088616775,0.34070608169091754,0.03479004689851162,1.0,1.0,0.2196896238273193,0.0,0.0,1.0000000000000004,255.42300415039062,829.3709716796875,2.0
496682.0,99.0,0.0,4.0,-4.140703336587323,-4.5690263089373175,0.42832297234999483,-4.6540249702286465,0.5133216336413238,-4.6746098811601575,0.5339065445728348,0.10558357222283998,1.2,1.0,0.6201341272132185,0.0,0.0,1.0,246.0229949951172,845.9710083007812,2.0
4991.0,0.0,0.0,8.0,-3.4577381617983645,-5.749832413065747,2.292094251267383,-5.633423088834064,2.1756849270356997,-5.825162637265978,2.367424475467614,0.07533022420023094,0.8,0.875,0.5638613686814418,0.0,0.7905694150420949,1.0000000000000002,263.2229919433594,302.5710144042969,2.0
12479.0,1.0,0.0,8.0,-3.679552854656414,-4.293369625489608,0.6138167708331941,-4.421516422542659,0.7419635678862453,-4.4631281068512765,0.7835752521948627,0.1697584813616686,1.2,0.75,0.5976163192645703,0.0,0.6123724356957945,1.0,276.62298583984375,310.77099609375,2.0
19967.0,2.0,0.0,8.0,-4.508876313161329,-5.017358056028474,0.5084817428671453,-4.738010592056705,0.2291342788953763,-5.046327412649471,0.5374510994881421,0.028969356620996756,0.4,0.75,0.6589020996694069,1.0606601717798212,1.118033988749895,1.0,253.822998046875,319.1709899902344,2.0
22463.0,3.0,0.0,8.0,-4.542006946414501,-5.734887140956619,1.1928801945421181,-5.857111918058403,1.315104971643902,-5.857111918058403,1.315104971643902,0.12222477710178392,1.0,0.875,0.666369934083834,0.3535533905932738,0.5,1.0000000000000002,246.22300720214844,321.97100830078125,2.0
23710.0,4.0,0.0,8.0,-5.525296578410619,-6.222293576908221,0.6969969984976023,-5.797858401653278,0.27256182324265943,-6.230705342014061,0.7054087636034421,0.008411765105839741,0.6,0.75,0.7491839275973893,5.667892024377317,0.5,1.0000000000000004,278.4230041503906,323.1709899902344,2.0
24958.0,5.0,0.0,8.0,-2.663075867740003,-3.330503326287567,0.6674274585475639,-3.3249306282313644,0.6618547604913614,-3.358219444942738,0.6951435772027348,0.027716118655170874,0.8,0.75,0.468773292993171,1.0606601717798212,0.5,1.0000000000000004,274.62298583984375,324.5710144042969,2.0
26206.0,6.0,0.0,8.0,-4.368423895438674,-6.408234038937504,2.03981014349883,-7.089566154718915,2.7211422592802403,-7.182005736856293,2.8135818414176184,0.7737716979187885,1.2,0.875,0.6659347408910563,0.3535533905932738,0.5,0.9999999999999999,270.822998046875,325.97100830078125,2.0
34942.0,7.0,0.0,8.0,-2.244678162326198,-3.0562071130797004,0.8115289507535022,-3.3659156008743842,1.121237438548186,-3.4045948391220673,1.159916676795869,0.3483877260423669,1.2,0.75,0.4243336696662468,0.7071067811865476,1.0606601717798212,1.0,244.22300720214844,335.77099609375,2.0
44926.0,8.0,0.0,8.0,-2.3612345000935084,-3.98551848361272,1.6242839835192115,-4.103314549688607,1.7420800495950983,-4.103314549688607,1.7420800495950983,0.11779606607588677,1.0,0.75,0.44467782753171037,0.7071067811865476,0.3535533905932738,1.0,250.0229949951172,346.77099609375,2.0
47421.0,9.0,0.0,8.0,-5.2520917989228035,-6.376530762895661,1.1244389639728576,-6.369437882981249,1.117346084058445,-6.439674873346062,1.1875830744232587,0.06314411045040114,0.8,1.0,0.7150135087898448,0.0,0.0,1.0,278.4230041503906,349.3710021972656,2.0
48669.0,10.0,0.0,8.0,-4.138506578143776,-5.061979845693446,0.92347326754967,-4.966446148855914,0.8279395707121378,-5.074446628024769,0.9359400498809931,0.012466782331323145,0.8,0.875,0.6258802887557674,0.0,1.0606601717798212,0.9999999999999998,274.62298583984375,350.77099609375,2.0
54909.0,11.0,0.0,8.0,-5.871508554081332,-6.45796070783943,0.5864521537580973,-6.352166555234257,0.4806580011529249,-6.456280697646473,0.5847721435651403,-0.0016800101929570488,0.6,0.875,0.7667825486158253,0.3535533905932738,1.0606601717798212,1.0000000000000002,255.6230010986328,357.77099609375,2.0
56157.0,12.0,0.0,8.0,-5.620589876639043,-5.648739179034488,0.028149302395444664,-5.279702339041023,-0.3408875375980198,-5.745354397974674,0.12476452133563143,0.09661521894018676,0.4,0.875,0.733157245950935,0.7071067811865476,0.7071067811865476,1.0,251.822998046875,359.1709899902344,2.0
59901.0,13.0,0.0,8.0,-5.358124122374455,-7.8161451698079345,2.45802104743348,-8.50915008711642,3.151025964741966,-8.50915008711642,3.151025964741966,0.6930049173084862,1.0,1.0,0.724394841790524,0.0,0.0,1.0000000000000002,276.62298583984375,363.1709899902344,2.0
61149.0,14.0,0.0,8.0,-5.21213251830992,-5.333150461461525,0.12101794315160497,-4.913042892740979,-0.29908962556894103,-5.446710463086683,0.2345779447767633,0.11356000162515834,0.4,0.875,0.7131607552696076,0.3535533905932738,0.7071067811865476,1.0,272.822998046875,364.5710144042969,2.0
63645.0,15.0,0.0,8.0,-7.181532075879997,-7.457159264654614,0.27562718877461645,-7.069748115982014,-0.11178395989798329,-7.535820434416466,0.35428835853646845,0.078661169761852,0.4,0.875,0.8196557552794588,0.7071067811865476,0.5,0.9999999999999997,265.2229919433594,367.3710021972656,2.0
72380.0,16.0,0.0,8.0,-3.1210882850839066,-4.3924115384602445,1.271323253376338,-4.707591069561937,1.5865027844780308,-4.797318992808152,1.6762307077242453,0.4049074543479074,1.2,0.625,0.5287605871897054,0.0,0.6123724356957945,1.0,274.62298583984375,376.97100830078125,2.0
77372.0,17.0,0.0,8.0,-5.447266992199081,-8.090342989452665,2.643075997253584,-8.791947368854125,3.3446803766550435,-8.923530211793778,3.4762632195946974,0.8331872223411132,1.2,0.75,0.7384786928370641,0.7905694150420949,0.8660254037844386,1.0,259.4230041503906,382.5710144042969,2.0
83612.0,18.0,0.0,8.0,-3.451177923675759,-6.549385723916048,3.098207800240289,-7.019779604462863,3.5686016807871037,-7.019779604462863,3.5686016807871037,0.47039388054681464,1.0,0.75,0.5584851311488067,0.5,0.7071067811865476,1.0000000000000002,276.62298583984375,389.3710021972656,2.0
94843.0,19.0,0.0,8.0,-2.86049388837894,-4.882091924837077,2.021598036458137,-5.0826416349297325,2.2221477465507924,-5.0826416349297325,2.2221477465507924,0.20054971009265543,1.0,0.75,0.49526132418368024,0.0,0.6123724356957945,1.0,278.4230041503906,401.77099609375,2.0
97339.0,20.0,0.0,8.0,-4.21008022637632,-6.16711723308386,1.95703700670754,-6.633191794843334,2.4231115684670144,-7.004319797441948,2.794239571065628,0.8372025643580878,1.2,0.625,0.63391893375872,0.3535533905932738,1.0606601717798212,0.9999999999999998,270.822998046875,404.5710144042969,2.0
99835.0,21.0,0.0,8.0,-4.424749563173809,-5.390724191688818,0.965974628515009,-5.450025688956329,1.0252761257825203,-5.464850460996774,1.040100897822965,0.07412626930795607,0.8,1.0,0.6540825948098917,0.0,0.0,1.0000000000000002,263.2229919433594,407.3710021972656,2.0
101083.0,22.0,0.0,8.0,-4.761496401163315,-5.777866267733077,1.0163698665697618,-5.643218288997087,0.8817218878337716,-5.830140627989432,1.068644226826117,0.052274360256355124,0.8,0.875,0.6876352617652389,0.5,0.7905694150420949,1.0,259.4230041503906,408.77099609375,2.0
119802.0,23.0,0.0,8.0,-3.8455195734139567,-4.5056722119729535,0.6601526385589969,-4.2919546530869885,0.44643507967303186,-4.512489227050062,0.6669696536361052,0.006817015077108302,0.6,0.875,0.6049232306983036,1.0606601717798212,0.6123724356957945,1.0,274.62298583984375,429.3710021972656,2.0
121050.0,24.0,0.0,8.0,-3.541603249644395,-3.6423040120384274,0.10070076239403214,-3.5007841509832724,-0.040819098661122766,-3.853989890381209,0.3123866407368139,0.21168587834278174,0.2,0.875,0.5787661525790361,0.0,0.3535533905932738,1.0,270.822998046875,430.77099609375,2.0
122298.0,25.0,0.0,8.0,-4.225948418873594,-6.086633106794258,1.8606846879206635,-6.069584117984653,1.8436356991110587,-6.150071987554445,1.9241235686808507,0.06343888076018711,0.8,0.75,0.6315663668265055,0.5,0.7071067811865476,1.0,267.02301025390625,432.1709899902344,2.0
126042.0,26.0,0.0,8.0,-3.458205881924181,-7.4799881445757785,4.021782262651597,-8.05314606369486,4.59494018177068,-8.05314606369486,4.59494018177068,0.5731579191190823,1.0,0.875,0.5672446379475616,0.3535533905932738,0.5,0.9999999999999999,255.6230010986328,436.3710021972656,2.0
131034.0,27.0,0.0,8.0,-3.6854402357419453,-6.966950974504018,3.2815107387620723,-6.659187577663243,2.9737473419212974,-7.050635387897105,3.36519515215516,0.08368441339308763,0.8,0.875,0.5933196948696245,0.0,0.3535533905932738,0.9999999999999998,276.62298583984375,441.77099609375,2.0
132282.0,28.0,0.0,8.0,-3.417758677290672,-4.5307235489782824,1.1129648716876104,-4.797827398935135,1.3800687216444634,-4.810990238412783,1.393231561122111,0.2802666894345007,1.2,0.875,0.5580474996404167,0.5,0.7905694150420949,1.0000000000000002,272.822998046875,443.1709899902344,2.0
136025.0,29.0,0.0,8.0,-4.201856793085458,-5.415778026611699,1.213921233526241,-5.072205114135029,0.8703483210495708,-5.431621817332921,1.2297650242474631,0.015843790721222106,0.6,1.0,0.6328467809579952,0.0,0.0,1.0,261.2229919433594,447.3710021972656,2.0
137273.0,30.0,0.0,8.0,-3.478109699590624,-4.51529514612141,1.0371854465307861,-4.455612290011176,0.9775025904205523,-4.5410721154750835,1.0629624158844595,0.02577696935367335,0.4,0.875,0.5659294541283003,0.0,0.7905694150420949,0.9999999999999999,257.4230041503906,448.77099609375,2.0
139769.0,31.0,0.0,8.0,-6.371432596689649,-7.358483010948388,0.9870504142587384,-7.28242553814611,0.9109929414564606,-7.392312902453579,1.0208803057639297,0.033829891505191334,0.8,1.0,0.7880411227598462,0.0,0.0,1.0000000000000004,249.822998046875,451.5710144042969,2.0
143513.0,32.0,0.0,8.0,-4.182992279830726,-3.35934244722274,-0.8236498326079862,-3.212515542028625,-0.9704767378021013,-4.182992279830727,8.881784197001252e-16,0.8236498326079871,0.0,0.875,0.6326910287920718,0.0,0.5,1.0,274.62298583984375,455.5710144042969,2.0
153497.0,33.0,0.0,8.0,-3.3229923537937482,-5.047884434975596,1.7248920811818476,-5.833866818733856,2.510874464940108,-6.117342789852786,2.7943504360590374,1.0694583548771899,1.2,0.875,0.5465947179875635,0.3535533905932738,0.6123724356957945,1.0,244.22300720214844,466.77099609375,2.0
163480.0,34.0,0.0,8.0,-2.1024940414350826,-3.0245485205317912,0.9220544790967087,-3.30245020392892,1.1999561624938373,-3.338839221251658,1.2363451798165754,0.31429070071986676,1.2,0.875,0.40987158441674015,0.0,0.7071067811865476,1.0,249.822998046875,477.77099609375,2.0
164728.0,35.0,0.0,8.0,-2.337948341005658,-4.028801125239721,1.6908527842340635,-4.587324976942664,2.2493766359370064,-4.587324976942664,2.2493766359370064,0.5585238517029429,1.0,0.625,0.4360417017849132,0.6123724356957945,0.0,1.0,246.0229949951172,479.1709899902344,2.0
170968.0,36.0,0.0,8.0,-3.834489807066559,-4.417477331071661,0.5829875240051017,-4.411046140515414,0.5765563334488553,-4.425648561760726,0.5911587546941668,0.008171230689065112,1.2,0.875,0.5995350895326943,0.7071067811865476,0.3535533905932738,1.0,263.2229919433594,485.97100830078125,2.0
179704.0,37.0,0.0,8.0,-2.3115430139448936,-3.3724273291476994,1.0608843152028058,-3.1980503632831674,0.8865073493382738,-3.397418140125627,1.0858751261807336,0.02499081097792777,0.6,0.875,0.42654862515252,0.7905694150420949,0.0,1.0,272.822998046875,495.5710144042969,2.0
183447.0,38.0,0.0,8.0,-3.9439553488558876,-4.786103677185622,0.8421483283297344,-4.519757837132806,0.5758024882769184,-4.785224867185419,0.8412695183295313,-0.0008788100002030674,0.6,1.0,0.6246334319700066,0.0,0.0,1.0000000000000002,261.2229919433594,499.77099609375,2.0
187191.0,39.0,0.0,8.0,-2.251200519831464,-5.687251594182325,3.4360510743508614,-6.514622838881813,4.263422319050349,-6.514622838881813,4.263422319050349,0.8273712446994876,1.0,0.75,0.4200655924510332,0.5,0.7071067811865476,1.0,249.822998046875,503.97100830078125,2.0
188439.0,40.0,0.0,8.0,-2.278649358310983,-3.2821191030598658,1.003469744748883,-3.4634191236955574,1.1847697653845746,-3.4634191236955574,1.1847697653845746,0.18130002063569162,1.0,0.75,0.41983277912582695,0.3535533905932738,0.7071067811865476,0.9999999999999999,246.0229949951172,505.3710021972656,2.0
202167.0,41.0,0.0,8.0,-3.8625948756045876,-4.104295064182823,0.2417001885782355,-3.865019754153588,0.002424878549000198,-4.162325275741285,0.2997304001366974,0.058030211558461886,0.4,0.875,0.5983050559257024,0.5,0.7071067811865476,1.0,276.62298583984375,520.3709716796875,2.0
204662.0,42.0,0.0,8.0,-4.163554798111274,-4.381190835222691,0.21763603711141677,-4.324043282345843,0.16048848423456885,-4.383746407100421,0.22019160898914691,0.002555571877730145,0.6,0.875,0.6299612477070266,0.0,0.7905694150420949,0.9999999999999999,268.822998046875,523.1710205078125,2.0
205910.0,43.0,0.0,8.0,-5.255302085809727,-5.715518959738488,0.4602168739287613,-5.366036167382859,0.11073408157313214,-5.826597133378262,0.571295047568535,0.11107817363977368,0.4,0.875,0.7227541413910066,0.7905694150420949,0.7071067811865476,0.9999999999999999,265.02301025390625,524.5709838867188,2.0
212150.0,44.0,0.0,8.0,-3.34042471901384,-7.283806300720953,3.943381581707113,-8.162129884097816,4.8217051650839755,-8.162129884097816,4.8217051650839755,0.8783235833768623,1.0,0.875,0.5530597047401858,0.3535533905932738,0.5,1.0,246.0229949951172,531.5709838867188,2.0
214646.0,45.0,0.0,8.0,-3.725308575854406,-5.567515706625462,1.8422071307710564,-5.446700926589186,1.7213923507347797,-5.604631671081898,1.879323095227492,0.03711596445643561,0.8,0.75,0.5899261082511655,0.7071067811865476,0.9354143466934853,0.9999999999999999,274.62298583984375,534.1710205078125,2.0
218390.0,46.0,0.0,8.0,-3.355977548219904,-5.543666372676749,2.187688824456845,-5.975944271468739,2.6199667232488353,-5.975944271468739,2.6199667232488353,0.4322778987919902,1.0,0.75,0.5463926511413186,1.3228756555322954,0.6123724356957945,1.0000000000000002,263.2229919433594,538.3709716796875,2.0
224630.0,47.0,0.0,8.0,-3.2922023243358156,-4.290158684859296,0.9979563605234807,-4.356903110432721,1.064700786096905,-4.356903110432721,1.064700786096905,0.06674442557342442,1.0,0.75,0.5509359950555265,0.6123724356957945,0.6123724356957945,1.0,244.22300720214844,545.3709716796875,2.0
228373.0,48.0,0.0,8.0,-3.769927594017437,-4.279834131737704,0.5099065377202674,-4.456804486645415,0.6868768926279776,-4.475201328123576,0.7052737341061386,0.1953671963858712,1.2,0.875,0.59931312713185,0.3535533905932738,0.3535533905932738,0.9999999999999998,268.822998046875,549.3709716796875,2.0
235861.0,49.0,0.0,8.0,-5.6813959342991325,-6.122641233717914,0.44124529941878166,-5.703169510640062,0.021773576340929246,-6.147577019045522,0.4661810847463892,0.02493578532760754,0.4,1.0,0.7402878211482227,0.0,0.0,1.0000000000000002,246.0229949951172,557.77099609375,2.0
242101.0,50.0,0.0,8.0,-4.809923610880034,-3.452898087416547,-1.357025523463487,-3.017722248030819,-1.792201362849215,-4.809923610880034,0.0,1.357025523463487,0.0,0.75,0.6735924000119985,0.0,0.8660254037844386,0.9999999999999998,263.2229919433594,564.5709838867188,2.0
244597.0,51.0,0.0,8.0,-7.87633043846755,-8.506817292883813,0.6304868544162634,-8.054467344857306,0.17813690638975643,-8.568038750261378,0.6917083117938283,0.0612214573775649,0.4,1.0,0.8490330165919902,0.0,0.0,1.0,255.6230010986328,567.3709716796875,2.0
247093.0,52.0,0.0,8.0,-3.2524305000325384,-4.633368981393637,1.380938481361099,-4.3429796816877895,1.090549181655251,-4.6677611755465716,1.4153306755140331,0.03439219415293415,0.8,0.75,0.5424877592055337,0.3535533905932738,0.8660254037844386,1.0,248.0229949951172,570.1710205078125,2.0
249588.0,53.0,0.0,8.0,-3.7958742918323662,-3.87513193415882,0.07925764232645394,-3.4872497714547057,-0.3086245203776605,-4.052890560024539,0.25701626819217305,0.1777586258657191,0.4,0.875,0.5958640707122053,0.3535533905932738,0.0,0.9999999999999998,276.4230041503906,572.77099609375,2.0
250836.0,54.0,0.0,8.0,-4.3994319591761535,-4.601666315416601,0.2022343562404476,-4.2637638134832505,-0.13566814569290297,-4.6897448082011906,0.29031284902503707,0.08807849278458946,0.4,0.875,0.655701215443008,0.3535533905932738,0.3535533905932738,1.0000000000000002,272.62298583984375,574.1710205078125,2.0
252084.0,55.0,0.0,8.0,-3.0609281989658426,-3.340352884617171,0.2794246856513283,-3.1100893413955966,0.049161142429754,-3.420624985687892,0.3596967867220493,0.08027210107072102,0.4,0.875,0.5347967575165191,0.3535533905932738,0.7905694150420949,0.9999999999999998,268.822998046875,575.5709838867188,2.0
260820.0,56.0,0.0,8.0,-4.181050687058089,-6.571176427420831,2.390125740362742,-6.510459213251679,2.329408526193591,-6.859642865229073,2.6785921781709847,0.28846643780824266,1.2,0.875,0.630591038678667,0.3535533905932738,0.5,1.0,278.4230041503906,585.1710205078125,2.0
268308.0,57.0,0.0,8.0,-3.9594509248820935,-5.09121348021413,1.131762555332036,-5.147398915071157,1.187947990189064,-5.147398915071157,1.187947990189064,0.05618543485702787,1.0,1.0,0.6062164902276596,0.0,0.0,1.0,255.6230010986328,593.5709838867188,2.0
270804.0,58.0,0.0,8.0,-3.199716976608364,-5.32286811907696,2.1231511424685956,-5.732163807916315,2.532446831307951,-5.732163807916315,2.532446831307951,0.4092956888393555,1.0,0.875,0.537068418253413,0.0,0.8660254037844386,1.0,248.0229949951172,596.3709716796875,2.0
277043.0,59.0,0.0,8.0,-6.026782805804865,-7.884146541399268,1.8573637355944026,-7.940927687753235,1.9141448819483697,-8.04280634143851,2.0160235356336447,0.15865980003924207,0.8,0.875,0.7729937536371576,0.7905694150420949,0.0,1.0000000000000002,265.02301025390625,603.1710205078125,2.0
278291.0,60.0,0.0,8.0,-4.7100186450219415,-5.182154168921953,0.4721355239000111,-4.471242119193835,-0.23877652582810605,-5.203027804198519,0.4930091591765775,0.020873635276566382,0.6,1.0,0.6685663600599339,0.0,0.0,1.0000000000000002,261.2229919433594,604.5709838867188,2.0
280787.0,61.0,0.0,8.0,-6.036706763268629,-6.732463510811515,0.6957567475428856,-6.436855907944723,0.4001491446760941,-6.730799359943116,0.6940925966744871,-0.0016641508683985506,0.6,1.0,0.7661479203682888,0.0,0.0,1.0,253.6230010986328,607.3709716796875,2.0
282035.0,62.0,0.0,8.0,-3.54343158102918,-3.8227091089631604,0.27927752793398053,-3.5710678611806825,0.027636280151502657,-3.8749077955206204,0.3314762144914405,0.05219868655745996,0.4,0.875,0.5790705627301332,0.7905694150420949,0.0,1.0,249.822998046875,608.77099609375,2.0
288275.0,63.0,0.0,8.0,-7.448537338959032,-7.434112930344493,-0.01442440861453953,-7.038317385637807,-0.4102199533212252,-7.527363107354741,0.07882576839570898,0.09325017701024851,0.4,1.0,0.8354953041294247,0.0,0.0,1.0,267.02301025390625,615.5709838867188,2.0
293267.0,64.0,0.0,8.0,-8.260671916735951,-8.65708967127689,0.39641775454093775,-8.751097370514788,0.49042545377883684,-8.839435882582613,0.5787639658466617,0.18234621130572393,1.2,1.0,0.8660704935718488,0.0,0.0,1.0000000000000002,251.822998046875,621.1710205078125,2.0
294514.0,65.0,0.0,8.0,-6.538032006184533,-6.604564655818673,0.06653264963413985,-6.598702791938998,0.06067078575446505,-6.604026081357479,0.06599407517294598,-0.0005385744611938748,0.6,1.0,0.808289654554321,0.0,0.0,1.0,247.822998046875,622.5709838867188,2.0
300754.0,66.0,0.0,8.0,-7.058559534791423,-7.404430147870674,0.34587061307925104,-7.73198054335513,0.6734210085637065,-7.892065756466265,0.8335062216748419,0.48763560859559085,1.2,0.75,0.8223191223203515,0.5,0.7071067811865476,1.0,265.02301025390625,629.3709716796875,2.0
309490.0,67.0,0.0,8.0,-3.89183149816817,-5.133766432146398,1.2419349339782282,-5.274461759246862,1.3826302610786922,-5.3073748496949555,1.4155433515267855,0.17360841754855727,0.8,0.875,0.6115522263192259,0.3535533905932738,0.7071067811865476,1.0,274.62298583984375,638.9710083007812,2.0
310738.0,68.0,0.0,8.0,-3.4353958539759715,-4.947530525880575,1.5121346719046036,-5.033806591038714,1.5984107370627427,-5.159831068236695,1.7244352142607235,0.21230054235611995,0.8,0.625,0.5631339327685241,0.5,0.7071067811865476,1.0000000000000004,270.822998046875,640.3709716796875,2.0
319473.0,69.0,0.0,8.0,-5.844871531659807,-8.463129555745148,2.618258024085341,-8.070727036669174,2.225855505009367,-8.634209828416871,2.789338296757064,0.17108027267172332,0.8,1.0,0.7537471393857043,0.0,0.0,1.0,244.0229949951172,650.1710205078125,2.0
321969.0,70.0,0.0,8.0,-3.064258396930381,-6.007357475199038,2.943099078268657,-7.011521338107668,3.947262941177287,-7.42298782065939,4.3587294237290095,1.415630345460352,1.2,0.75,0.5294823565246103,0.3535533905932738,0.8660254037844386,0.9999999999999998,272.62298583984375,652.77099609375,2.0
325713.0,71.0,0.0,8.0,-4.567700849127706,-7.817137082825426,3.24943623369772,-6.851833246540173,2.284132397412467,-7.750098101452715,3.182397252325009,-0.06703898137271125,0.6,0.875,0.6743444415277225,0.3535533905932738,0.3535533905932738,0.9999999999999997,261.2229919433594,656.9710083007812,2.0
331953.0,72.0,0.0,8.0,-3.050476319095035,-7.2869970709763034,4.236520751881269,-8.917900321195049,5.867424002100014,-8.917900321195049,5.867424002100014,1.6309032502187453,1.0,0.875,0.5134563052701652,0.0,0.5,1.0,278.4230041503906,663.77099609375,2.0
335697.0,73.0,0.0,8.0,-4.440871172544697,-5.659012646661445,1.2181414741167478,-5.962285833085032,1.5214146605403345,-5.972535542465969,1.5316643699212715,0.31352289580452375,1.2,1.0,0.655038490662978,0.0,0.0,1.0,267.02301025390625,667.9710083007812,2.0
344432.0,74.0,0.0,8.0,-4.833754649442468,-4.711356589046774,-0.12239806039569334,-4.666028209715894,-0.16772643972657342,-4.833754649442476,7.993605777301127e-15,0.12239806039570134,0.0,0.875,0.6913485195914103,0.5,0.7071067811865476,0.9999999999999999,276.4230041503906,677.5709838867188,2.0
346928.0,75.0,0.0,8.0,-6.093275973030252,-5.629835559735186,-0.463440413295066,-4.998359500543935,-1.0949164724863172,-6.093275973030275,2.3092638912203256e-14,0.4634404132950891,0.0,0.875,0.7736394190822742,1.0606601717798212,0.3535533905932738,1.0,268.822998046875,680.3709716796875,2.0
351920.0,76.0,0.0,8.0,-4.622948085052402,-5.572704381130778,0.9497562960783767,-5.479294397245847,0.8563463121934456,-5.571978367432163,0.949030282379761,-0.0007260136986158017,0.8,0.75,0.6725715448701718,0.7905694150420949,1.0,1.0,253.6230010986328,685.9710083007812,2.0
354416.0,77.0,0.0,8.0,-7.708178795654562,-7.163692156396326,-0.5444866392582357,-6.320577578488193,-1.3876012171663694,-7.708178795654574,1.2434497875801753e-14,0.5444866392582481,0.0,1.0,0.8580107500627788,0.0,0.0,0.9999999999999997,246.0229949951172,688.77099609375,2.0
359408.0,78.0,0.0,8.0,-3.325841576487622,-4.329000572169486,1.0031589956818636,-4.435862678422727,1.110021101935105,-4.440862804859826,1.1150212283722039,0.11186223269034024,1.2,0.875,0.5572026132984385,0.3535533905932738,1.0606601717798212,1.0,267.02301025390625,694.1710205078125,2.0
360656.0,79.0,0.0,8.0,-3.3808908803435624,-5.747411586832129,2.3665207064885667,-5.750116762417128,2.3692258820735654,-5.8682017144539556,2.487310834110393,0.1207901276218264,0.8,0.75,0.5645395167500922,0.0,0.6123724356957945,1.0,263.2229919433594,695.5709838867188,2.0
366895.0,80.0,0.0,8.0,-3.3875815679148493,-4.860309666251573,1.4727280983367237,-5.00110992819235,1.6135283602775008,-5.0194725799198885,1.6318910120050392,0.15916291366831548,0.8,0.875,0.5618905508893689,0.5,0.8660254037844386,1.0,244.0229949951172,702.5709838867188,2.0
375631.0,81.0,0.0,8.0,-4.907687923488737,-7.10380509493058,2.196117171441843,-7.910506072395655,3.0028181489069175,-7.998135477020501,3.0904475535317637,0.8943303820899207,1.2,1.0,0.6969072267072055,0.0,0.0,1.0,253.6230010986328,712.1710205078125,2.0
395598.0,82.0,0.0,8.0,-3.3647903453240398,-4.275000821028504,0.9102104757044645,-4.266274739058432,0.9014843937343926,-4.302217700810681,0.9374273554866415,0.027216879782177017,0.8,0.875,0.5550152953910151,0.3535533905932738,0.5,1.0,265.02301025390625,734.1710205078125,2.0
398094.0,83.0,0.0,8.0,-4.085829929972657,-5.179500199944763,1.0936702699721064,-5.445209008103391,1.3593790781307344,-5.526355119664723,1.4405251896920666,0.3468549197199602,1.2,0.875,0.6291350604157203,0.3535533905932738,0.5,0.9999999999999999,257.4230041503906,736.9710083007812,2.0
404334.0,84.0,0.0,8.0,-3.120095191029033,-5.216614854094301,2.096519663065268,-5.60421149657627,2.484116305547237,-5.71270538358344,2.592610192554407,0.49609052948913934,1.2,0.875,0.5249287190432618,0.0,0.6123724356957945,1.0,274.62298583984375,743.77099609375,2.0
406830.0,85.0,0.0,8.0,-3.809653348577639,-6.224809755893885,2.4151564073162457,-6.5251025466954875,2.7154491981178484,-6.5251025466954875,2.7154491981178484,0.30029279080160265,1.0,0.875,0.5979343882586163,0.5,0.9354143466934853,1.0,267.02301025390625,746.5709838867188,2.0
410573.0,86.0,0.0,8.0,-3.009901174993445,-4.5439268332828044,1.5340256582893597,-4.750315860368755,1.7404146853753106,-4.750315860368755,1.7404146853753106,0.20638902708595097,1.0,0.75,0.5109617742727733,1.4577379737113252,0.7905694150420949,0.9999999999999998,255.42300415039062,750.77099609375,2.0
413069.0,87.0,0.0,8.0,-4.265065006114795,-5.3720684326654435,1.1070034265506488,-5.710548915841333,1.445483909726538,-5.757290499751635,1.4922254936368402,0.38522206708619144,1.2,0.875,0.6367315439664015,0.3535533905932738,0.6123724356957945,1.0,247.822998046875,753.5709838867188,2.0
415565.0,88.0,0.0,8.0,-2.4314925783277914,-2.785622363990269,0.35412978566247766,-2.853970580715193,0.42247800238740174,-2.8919847923805038,0.46049221405271235,0.10636242839023469,1.2,0.625,0.44628428592207364,1.541103500742244,1.0,0.9999999999999999,276.4230041503906,756.1710205078125,2.0
428045.0,89.0,0.0,8.0,-2.733776471199445,-3.1480649631751794,0.41428849197573436,-3.1231325343975587,0.38935606319811367,-3.1501834811888507,0.4164070099894057,0.0021185180136713555,0.8,0.875,0.4821438857795993,0.0,1.0606601717798212,1.0,274.62298583984375,769.9710083007812,2.0
438028.0,90.0,0.0,8.0,-2.032888810103125,-3.0286990006934973,0.9958101905903725,-3.2905731391653594,1.2576843290622346,-3.350710261488718,1.3178214513855933,0.3220112607952208,1.2,0.75,0.4054563016628242,0.5,0.5,0.9999999999999998,244.0229949951172,781.1710205078125,2.0
448012.0,91.0,0.0,8.0,-3.393642839121462,-4.810391012655785,1.416748173534323,-5.1425266041502375,1.7488837650287756,-5.186149938526864,1.7925070994054018,0.37575892587107873,1.2,0.875,0.5660892761036689,0.5,0.6123724356957945,1.0,249.822998046875,792.1710205078125,2.0
459243.0,92.0,0.0,8.0,-2.34481466581468,-2.522991809693118,0.1781771438784383,-2.498420079129549,0.1536054133148692,-2.522358819660848,0.1775441538461684,-0.0006329900322699089,0.8,0.875,0.4336402166074916,0.3535533905932738,1.0606601717798212,1.0000000000000002,251.6230010986328,804.5709838867188,2.0
460491.0,93.0,0.0,8.0,-2.0826403068633255,-2.847132895844275,0.7644925889809495,-2.9672731826615073,0.8846328757981818,-2.9672731826615073,0.8846328757981818,0.12014028681723232,1.0,0.75,0.4090160489775976,1.0606601717798212,1.2747548783981961,1.0,247.822998046875,805.9710083007812,2.0
464235.0,94.0,0.0,8.0,-3.010372219479493,-3.9837978128136586,0.9734255933341656,-3.93730565605761,0.9269334365781168,-4.019264529077336,1.0088923095978433,0.0354667162636777,0.8,0.875,0.5163286082413578,0.7071067811865476,0.3535533905932738,1.0000000000000002,272.62298583984375,809.9710083007812,2.0
465483.0,95.0,0.0,8.0,-3.43797163802869,-5.147260457817266,1.709288819788576,-5.1813367271124395,1.7433650890837495,-5.285317740152777,1.8473461021240873,0.1380572823355113,0.8,0.875,0.5589881895186305,0.0,0.3535533905932738,1.0,268.822998046875,811.3709716796875,2.0
467979.0,96.0,0.0,8.0,-5.485578080104958,-7.113644837009289,1.6280667569043317,-7.57697961334598,2.0914015332410223,-7.695789843325825,2.210211763220867,0.5821450063165354,1.2,1.0,0.7269370805419859,0.0,0.0,1.0,261.2229919433594,814.1710205078125,2.0
476714.0,97.0,0.0,8.0,-1.8258890856817538,-2.5781221643632923,0.7522330786815385,-2.637923643546449,0.812034557864695,-2.6387943677321535,0.8129052820503997,0.060672203368861144,0.8,0.75,0.35497316534883866,1.118033988749895,0.5,1.0000000000000002,270.62298583984375,823.77099609375,2.0
481706.0,98.0,0.0,8.0,-1.592909544929966,-2.5901614938366118,0.9972519489066458,-2.8326980024489723,1.2397884575190063,-2.8326980024489723,1.2397884575190063,0.24253650861236054,1.0,0.5,0.32188645852997344,1.3228756555322954,0.9354143466934853,1.0000000000000004,255.42300415039062,829.3709716796875,2.0
496682.0,99.0,0.0,8.0,-6.26357970882558,-6.412368978811789,0.14878926998620923,-6.608947926893411,0.345368218067831,-6.91938952696081,0.6558098181352303,0.5070205481490211,1.2,0.875,0.7798294219251932,0.0,0.3535533905932738,1.0,246.0229949951172,845.9710083007812,2.0
4991.0,0.0,0.0,16.0,-4.391639591729673,-6.690924595033534,2.2992850033038614,-6.72880449082524,2.3371648990955673,-6.734016930242149,2.3423773385124758,0.04309233520861433,0.8,0.75,0.6746166943672666,1.1989578808281798,0.9354143466934853,1.0000000000000002,263.2229919433594,302.5710144042969,2.0
12479.0,1.0,0.0,16.0,-5.653907250605825,-6.433288265199211,0.7793810145933859,-6.6341111205848815,0.9802038699790563,-6.637312708933038,0.9834054583272129,0.204024443733827,1.2,0.8125,0.7705919428147043,1.6770509831248424,0.6123724356957945,1.0,276.62298583984375,310.77099609375,2.0
19967.0,2.0,0.0,16.0,-6.3667712473097895,-6.646913088795744,0.2801418414859542,-6.4874843341626764,0.12071308685288695,-6.691447801423671,0.3246765541138812,0.044534712627926965,0.4,0.75,0.7979912655421458,0.8660254037844386,0.7071067811865476,1.0,253.822998046875,319.1709899902344,2.0
22463.0,3.0,0.0,16.0,-6.0969641197426805,-7.615024891504384,1.5180607717617036,-7.7996964918193274,1.702732372076647,-7.7996964918193274,1.702732372076647,0.18467160031494334,1.0,0.8125,0.7919030614324015,0.7071067811865476,0.75,1.0000000000000002,246.22300720214844,321.97100830078125,2.0
23710.0,4.0,0.0,16.0,-5.821819863990446,-6.323035417558133,0.501215553567687,-6.1132210981531445,0.2914012341626986,-6.331958106137446,0.5101382421469998,0.008922688579312776,0.6,0.6875,0.8119719086509132,7.5,0.6123724356957945,1.0000000000000004,278.4230041503906,323.1709899902344,2.0
24958.0,5.0,0.0,16.0,-5.01344427498047,-5.6950895944154025,0.6816453194349323,-4.899751255218428,-0.11369301976204227,-5.721907449306174,0.7084631743257042,0.02681785489077182,0.6,0.875,0.708952558795435,0.25,0.5590169943749475,1.0000000000000004,274.62298583984375,324.5710144042969,2.0
26206.0,6.0,0.0,16.0,-5.3318777834386495,-7.008483429167299,1.6766056457286496,-7.282890796080564,1.9510130126419147,-7.367818909293241,2.035941125854592,0.3593354801259423,1.2,0.6875,0.7629207764319932,0.9682458365518543,0.5590169943749475,0.9999999999999999,270.822998046875,325.97100830078125,2.0
34942.0,7.0,0.0,16.0,-4.59406075166345,-5.887520950723162,1.2934601990597114,-5.611418786968745,1.0173580353052945,-5.901533280213225,1.3074725285497744,0.014012329490062925,0.6,0.875,0.69711863495348,0.25,0.5590169943749475,1.0,244.22300720214844,335.77099609375,2.0
44926.0,8.0,0.0,16.0,-3.6942247364109067,-4.995972798757367,1.3017480623464603,-4.750283036050861,1.0560582996399548,-5.016537892999145,1.3223131565882387,0.020565094241778326,0.6,0.75,0.6223526770377515,0.9013878188659973,0.7905694150420949,1.0,250.0229949951172,346.77099609375,2.0
47421.0,9.0,0.0,16.0,-6.074916815123677,-7.144730576148982,1.069813761025305,-6.97608019563919,0.9011633805155128,-7.133007849806806,1.0580910346831294,-0.011722726342175527,0.6,0.75,0.7972647380072592,1.4577379737113252,0.4330127018922193,1.0,278.4230041503906,349.3710021972656,2.0
48669.0,10.0,0.0,16.0,-5.551324503058392,-5.957332653343279,0.4060081502848867,-5.526756637558662,-0.02456786549973078,-6.05671055863796,0.5053860555795673,0.0993779052946806,0.4,0.875,0.7547028260459193,0.5,0.3535533905932738,0.9999999999999998,274.62298583984375,350.77099609375,2.0
54909.0,11.0,0.0,16.0,-7.19394865343011,-7.868649491459551,0.674700838029441,-7.890297113580518,0.696348460150408,-7.890297113580518,0.696348460150408,0.021647622120966936,1.0,0.8125,0.8547606362028817,0.6123724356957945,0.5,1.0000000000000002,255.6230010986328,357.77099609375,2.0
56157.0,12.0,0.0,16.0,-6.564326417301349,-6.4325879209296986,-0.1317384963716508,-5.96136273577896,-0.6029636815223895,-6.673176949028675,0.10885053172732562,0.24058902809897642,0.2,0.8125,0.818086232007898,5.261891294962297,0.3535533905932738,1.0,251.822998046875,359.1709899902344,2.0
59901.0,13.0,0.0,16.0,-5.7243220490337965,-7.838271353056589,2.1139493040227926,-8.495397092246815,2.7710750432130187,-8.59526398704613,2.870941938012333,0.7569926339895403,1.2,0.6875,0.7796964495221308,0.4330127018922193,0.7071067811865476,1.0000000000000002,276.62298583984375,363.1709899902344,2.0
61149.0,14.0,0.0,16.0,-5.640832562183392,-5.862570379208375,0.22173781702498285,-5.704124179776637,0.06329161759324542,-5.908804376878195,0.26797181469480336,0.046233997669820504,0.4,0.625,0.7804120559870508,1.0606601717798212,1.0,1.0,272.822998046875,364.5710144042969,2.0
63645.0,15.0,0.0,16.0,-7.143033282221028,-7.313607075168546,0.1705737929475184,-7.102937556239458,-0.04009572598156996,-7.377253294068623,0.23422001184759544,0.06364621890007705,0.4,0.625,0.8672609464583502,6.841966091702004,0.75,0.9999999999999997,265.2229919433594,367.3710021972656,2.0
72380.0,16.0,0.0,16.0,-6.291355857909355,-8.037554560862059,1.7461987029527037,-8.048059948844237,1.756704090934882,-8.060637516235087,1.7692816583257311,0.023082955373027403,0.8,0.9375,0.7929561199233016,0.5,0.4330127018922193,1.0,274.62298583984375,376.97100830078125,2.0
77372.0,17.0,0.0,16.0,-7.1641141105265325,-9.342801221082091,2.1786871105555585,-9.447021179276419,2.2829070687498865,-9.47255174200526,2.3084376314787276,0.12975052092316908,1.2,0.8125,0.8455508515748795,0.6123724356957945,0.7071067811865476,1.0,259.4230041503906,382.5710144042969,2.0
83612.0,18.0,0.0,16.0,-6.256558640361378,-8.48172194984198,2.2251633094806014,-7.92044994142512,1.6638913010637415,-8.53596800259775,2.279409362236372,0.054246052755770435,0.6,0.8125,0.8156176159270769,1.0307764064044151,0.5,1.0000000000000002,276.62298583984375,389.3710021972656,2.0
94843.0,19.0,0.0,16.0,-6.0638213622233135,-9.042538471460356,2.978717109237042,-9.085193204151029,3.0213718419277154,-9.111820205223788,3.0479988430004745,0.06928173376343238,1.2,0.875,0.7855692514086197,0.25,0.3535533905932738,1.0,278.4230041503906,401.77099609375,2.0
97339.0,20.0,0.0,16.0,-6.4786379110525,-7.850952459277526,1.3723145482250256,-7.670364706203037,1.1917267951505366,-7.867354247357139,1.3887163363046389,0.016401788079613233,0.6,0.875,0.8009563994003501,0.25,0.3535533905932738,0.9999999999999998,270.822998046875,404.5710144042969,2.0
99835.0,21.0,0.0,16.0,-6.747604207009918,-7.836155607228033,1.0885514002181154,-7.530491711931395,0.7828875049214776,-7.843869172550186,1.0962649655402688,0.007713565322153393,0.6,0.9375,0.8185042323025764,0.0,0.4330127018922193,1.0000000000000002,263.2229919433594,407.3710021972656,2.0
101083.0,22.0,0.0,16.0,-6.311514133073093,-7.8698933598756105,1.5583792268025176,-7.975741673520259,1.6642275404471665,-8.04707383906377,1.7355597059906778,0.17718047918816016,0.8,0.8125,0.8157714737799593,0.7071067811865476,0.3535533905932738,1.0,259.4230041503906,408.77099609375,2.0
119802.0,23.0,0.0,16.0,-5.888276429627471,-5.904283061414252,0.016006631786781078,-5.137051612338227,-0.751224817289244,-6.237318055351385,0.3490416257239142,0.3330349939371331,0.2,0.875,0.7772186456580976,0.25,0.6123724356957945,1.0,274.62298583984375,429.3710021972656,2.0
121050.0,24.0,0.0,16.0,-6.698965777430655,-9.287926538621349,2.5889607611906937,-8.947469864997739,2.248504087567084,-9.301237878942075,2.60227210151142,0.013311340320726117,0.6,0.9375,0.8182327430192867,0.6123724356957945,0.0,1.0,270.822998046875,430.77099609375,2.0
122298.0,25.0,0.0,16.0,-7.273594597649376,-8.758527366537908,1.484932768888532,-7.779527865188295,0.5059332675389188,-9.117096645990493,1.8435020483411169,0.35856927945258477,0.4,0.875,0.8440631263061956,0.6614378277661477,0.6123724356957945,1.0,267.02301025390625,432.1709899902344,2.0
126042.0,26.0,0.0,16.0,-5.079799108122966,-8.615118953922188,3.535319845799222,-8.431249134879753,3.351450026756787,-8.621754042561395,3.5419549344384293,0.006635088639207254,0.8,0.75,0.7454863422114101,1.713913650100261,0.5,0.9999999999999999,255.6230010986328,436.3710021972656,2.0
131034.0,27.0,0.0,16.0,-5.643161056939666,-8.5436342347158,2.9004731777761332,-7.843578374595649,2.2004173176559823,-8.559037664623254,2.915876607683588,0.01540342990745458,0.6,0.875,0.7766721565125344,0.3535533905932738,0.5,0.9999999999999998,276.62298583984375,441.77099609375,2.0
132282.0,28.0,0.0,16.0,-4.869264939051099,-6.597026983051285,1.727762044000186,-6.824959510435632,1.9556945713845328,-7.282090133175979,2.4128251941248795,0.6850631501246935,1.2,0.75,0.7199028900953581,1.3919410907075054,0.6614378277661477,1.0000000000000002,272.822998046875,443.1709899902344,2.0
136025.0,29.0,0.0,16.0,-6.198987381581481,-7.717146127702216,1.5181587461207355,-7.431969448814288,1.2329820672328067,-7.847866094776194,1.648878713194713,0.13071996707397737,0.4,0.875,0.7948420472147629,0.25,0.6123724356957945,1.0,261.2229919433594,447.3710021972656,2.0
137273.0,30.0,0.0,16.0,-5.592267572591819,-8.096927639651483,2.504660067059664,-7.7054405661749215,2.1131729935831025,-8.087147902896428,2.4948803303046088,-0.009779736755055168,0.6,0.9375,0.7580910285080564,0.5,0.25,0.9999999999999999,257.4230041503906,448.77099609375,2.0
139769.0,31.0,0.0,16.0,-7.719579242893171,-7.725063726222539,0.005484483329367684,-7.287067563570658,-0.4325116793225128,-7.982788443147194,0.26320920025402295,0.25772471692465526,0.2,0.75,0.8988435198659142,9.440603794249602,1.1726039399558574,1.0000000000000004,249.822998046875,451.5710144042969,2.0
143513.0,32.0,0.0,16.0,-7.038018346151453,-6.370469055889219,-0.667549290262234,-5.676567664684574,-1.361450681466879,-7.038018346151448,-5.329070518200751e-15,0.6675492902622286,0.0,0.875,0.8371481587366504,0.25,0.3535533905932738,1.0,274.62298583984375,455.5710144042969,2.0
153497.0,33.0,0.0,16.0,-4.592627855593031,-6.990749055668104,2.3981212000750727,-7.345726296107356,2.753098440514325,-7.45378025966688,2.8611524040738487,0.46303120399877606,1.2,0.75,0.6875776501575742,0.25,0.5590169943749475,1.0,244.22300720214844,466.77099609375,2.0
163480.0,34.0,0.0,16.0,-3.9295397529697675,-4.655288564556418,0.7257488115866506,-4.823882057712473,0.8943423047427057,-4.840321061612339,0.9107813086425711,0.1850324970559205,1.2,0.75,0.6326330901344932,0.7071067811865476,0.6123724356957945,1.0,249.822998046875,477.77099609375,2.0
164728.0,35.0,0.0,16.0,-4.809952097700937,-6.787108130460626,1.977156032759689,-6.18618002569752,1.3762279279965828,-6.795845466882379,1.9858933691814418,0.008737336421752673,0.6,0.875,0.7108473964116886,0.6123724356957945,0.7071067811865476,1.0,246.0229949951172,479.1709899902344,2.0
170968.0,36.0,0.0,16.0,-5.777334649830981,-6.575640114914937,0.7983054650839563,-6.137065684788975,0.35973103495799386,-6.668682295765843,0.8913476459348626,0.09304218085090632,0.4,0.8125,0.7643682817616292,0.7905694150420949,0.5590169943749475,1.0,263.2229919433594,485.97100830078125,2.0
179704.0,37.0,0.0,16.0,-4.640327961219971,-7.924117516922661,3.2837895557026897,-6.925592755694838,2.285264794474867,-7.933582537723866,3.2932545765038945,0.009465020801204815,0.6,0.8125,0.6822636963556895,0.4330127018922193,0.3535533905932738,1.0,272.822998046875,495.5710144042969,2.0
183447.0,38.0,0.0,16.0,-5.952966631668941,-8.41061322977733,2.457646598108388,-8.457902677819959,2.504936046151018,-8.593471665407687,2.640505033738746,0.18285843563035797,0.8,0.9375,0.7974914210623908,0.25,0.25,1.0000000000000002,261.2229919433594,499.77099609375,2.0
187191.0,39.0,0.0,16.0,-4.57916019822482,-8.169318155696686,3.5901579574718667,-8.311415871231237,3.732255673006417,-8.329392694119726,3.750232495894906,0.16007453842303931,0.8,0.875,0.6781151868079395,0.3535533905932738,0.3535533905932738,1.0,249.822998046875,503.97100830078125,2.0
188439.0,40.0,0.0,16.0,-4.438377823652741,-6.771384805742046,2.333006982089305,-7.055829009746038,2.617451186093297,-7.055829009746038,2.617451186093297,0.28444420400399206,1.0,0.8125,0.661215286769113,0.3535533905932738,0.5,0.9999999999999999,246.0229949951172,505.3710021972656,2.0
202167.0,41.0,0.0,16.0,-7.051626517907743,-6.982211493189565,-0.06941502471817795,-6.572235555997581,-0.47939096191016173,-7.264707151004647,0.2130806330969035,0.28249565781508146,0.2,0.875,0.8332253439744607,0.5590169943749475,0.4330127018922193,1.0,276.62298583984375,520.3709716796875,2.0
204662.0,42.0,0.0,16.0,-6.686719327572042,-6.446195087140429,-0.24052424043161214,-6.445165531234862,-0.24155379633717988,-6.779701791306545,0.09298246373450336,0.3335067041661155,0.2,0.8125,0.824585455852961,0.9682458365518543,0.25,0.9999999999999999,268.822998046875,523.1710205078125,2.0
205910.0,43.0,0.0,16.0,-7.838775579161103,-7.652746576515918,-0.18602900264518496,-7.148274323047458,-0.6905012561136452,-8.120284955805108,0.28150937664400466,0.4675383792891896,0.2,0.875,0.8712198840150766,0.4330127018922193,0.5,0.9999999999999999,265.02301025390625,524.5709838867188,2.0
212150.0,44.0,0.0,16.0,-6.444269687070503,-9.641892925093936,3.197623238023433,-9.02658335074317,2.582313663672667,-9.715392656273984,3.271122969203481,0.07349973118004804,0.6,0.875,0.8007774106767921,0.6614378277661477,0.5,1.0,246.0229949951172,531.5709838867188,2.0
214646.0,45.0,0.0,16.0,-6.238508643874942,-8.70630991904674,2.467801275171798,-8.216477336051229,1.9779686921762867,-8.735664125674903,2.497155481799961,0.029354206628163126,0.6,0.875,0.7982123791964797,0.3535533905932738,0.3535533905932738,0.9999999999999999,274.62298583984375,534.1710205078125,2.0
218390.0,46.0,0.0,16.0,-5.679034611062139,-9.357088286175468,3.678053675113329,-9.64022733284844,3.9611927217863006,-9.64022733284844,3.9611927217863006,0.2831390466729715,1.0,0.875,0.7481132202461317,0.4330127018922193,0.5590169943749475,1.0000000000000002,263.2229919433594,538.3709716796875,2.0
224630.0,47.0,0.0,16.0,-5.703278214466846,-6.598828659517216,0.89555044505037,-6.100577602203728,0.397299387736882,-6.76688407404602,1.063605859579174,0.16805541452880401,0.4,0.8125,0.7636141829420415,0.6123724356957945,0.3535533905932738,1.0,244.22300720214844,545.3709716796875,2.0
228373.0,48.0,0.0,16.0,-6.1455594939030975,-5.854583449202737,-0.2909760447003604,-5.685644377718488,-0.4599151161846091,-6.345256827111999,0.19969733320890182,0.49067337790926224,0.2,0.9375,0.7938521960906195,0.3535533905932738,0.5,0.9999999999999998,268.822998046875,549.3709716796875,2.0
235861.0,49.0,0.0,16.0,-8.319145365685825,-8.14461756205397,-0.1745278036318556,-7.674147674501802,-0.6449976911840238,-8.406384866692418,0.08723950100659295,0.26176730463844855,0.2,0.875,0.8890733470028275,0.5,0.5590169943749475,1.0000000000000002,246.0229949951172,557.77099609375,2.0
242101.0,50.0,0.0,16.0,-9.87756366416891,-8.753940090910385,-1.1236235732585254,-7.594616572890626,-2.2829470912782845,-9.87756366416891,0.0,1.1236235732585254,0.0,0.9375,0.9265436535160684,1.5,0.7905694150420949,0.9999999999999998,263.2229919433594,564.5709838867188,2.0
244597.0,51.0,0.0,16.0,-8.138711828412884,-8.456016016626206,0.3173041882133223,-8.217180684609005,0.0784688561961211,-8.59455760264518,0.4558457742322961,0.13854158601897382,0.4,0.6875,0.9059958463218023,8.916277250063503,1.0606601717798212,1.0,255.6230010986328,567.3709716796875,2.0
247093.0,52.0,0.0,16.0,-5.681226704432928,-7.976580149822193,2.2953534453892654,-7.493672239379726,1.8124455349467983,-7.934686352257722,2.253459647824794,-0.04189379756447131,0.6,0.9375,0.7582375188790442,0.25,0.3535533905932738,1.0,248.0229949951172,570.1710205078125,2.0
249588.0,53.0,0.0,16.0,-6.2334414945330465,-7.79453493305356,1.5610934385205137,-7.267229321468398,1.0337878269353515,-7.876199513973848,1.6427580194408016,0.08166458092028783,0.4,0.875,0.7918685770198063,0.4330127018922193,0.5,0.9999999999999998,276.4230041503906,572.77099609375,2.0
250836.0,54.0,0.0,16.0,-5.763970649968635,-6.941195128295247,1.177224478326612,-6.948070888959215,1.1841002389905801,-6.989403343610723,1.2254326936420883,0.048208215315476366,0.8,0.75,0.7785572042223087,0.6123724356957945,0.6614378277661477,1.0000000000000002,272.62298583984375,574.1710205078125,2.0
252084.0,55.0,0.0,16.0,-4.613364965145212,-5.02561565625529,0.41225069111007784,-5.438280466369678,0.8249155012244653,-6.012479250018216,1.3991142848730034,0.9868635937629255,1.2,0.75,0.7245337843547496,0.5,0.6614378277661477,0.9999999999999998,268.822998046875,575.5709838867188,2.0
260820.0,56.0,0.0,16.0,-6.706069021976566,-9.023388529420941,2.3173195074443758,-8.186471747909485,1.4804027259329189,-9.073507921801262,2.3674388998246965,0.050119392380320704,1.2,0.8125,0.8332571190417781,7.327175444876422,0.5590169943749475,1.0,278.4230041503906,585.1710205078125,2.0
268308.0,57.0,0.0,16.0,-5.779345412123749,-7.9941681129751005,2.214822700851352,-8.17700721659127,2.397661804467522,-8.17700721659127,2.397661804467522,0.18283910361617028,1.0,0.875,0.766737418574373,0.3535533905932738,0.7071067811865476,1.0,255.6230010986328,593.5709838867188,2.0
270804.0,58.0,0.0,16.0,-6.045040425389644,-7.680732740779598,1.6356923153899539,-6.931928431009636,0.8868880056199924,-7.8392388311507375,1.7941984057610938,0.15850609037113994,0.4,0.875,0.7935688717969391,1.0606601717798212,0.5,1.0,248.0229949951172,596.3709716796875,2.0
277043.0,59.0,0.0,16.0,-6.099754519504481,-7.120954712089745,1.0212001925852636,-6.950379645044245,0.8506251255397643,-7.119829258638647,1.0200747391341656,-0.0011254534510980463,0.6,0.75,0.8329702378965994,9.832980219648569,0.8660254037844386,1.0000000000000002,265.02301025390625,603.1710205078125,2.0
278291.0,60.0,0.0,16.0,-5.738597148861021,-6.530423538345779,0.7918263894847586,-5.638812266054316,-0.09978488280670472,-6.571394980820216,0.8327978319591951,0.040971442474436515,0.6,0.875,0.7830546377320443,3.427827300200522,0.3535533905932738,1.0000000000000002,261.2229919433594,604.5709838867188,2.0
280787.0,61.0,0.0,16.0,-6.432990758473549,-7.427030512720899,0.9940397542473498,-7.510221815877127,1.0772310574035782,-7.510221815877127,1.0772310574035782,0.08319130315622836,1.0,0.75,0.8381426947343675,7.399324293474371,0.8660254037844386,1.0,253.6230010986328,607.3709716796875,2.0
282035.0,62.0,0.0,16.0,-5.351336038428149,-6.386313659170448,1.034977620742299,-6.9131241334971545,1.561788095069005,-7.098379049610836,1.7470430111826865,0.7120653904403875,1.2,0.875,0.7427805984407533,0.3535533905932738,0.5,1.0,249.822998046875,608.77099609375,2.0
288275.0,63.0,0.0,16.0,-8.026407526875591,-7.985304043877788,-0.0411034829978032,-7.56039070359598,-0.46601682327961136,-8.12721745639558,0.1008099295199898,0.141913412517793,0.2,0.8125,0.9017922258998092,5.402545696243577,1.118033988749895,1.0,267.02301025390625,615.5709838867188,2.0
293267.0,64.0,0.0,16.0,-7.469029840668324,-7.4613383962621525,-0.007691444406171755,-7.4239924507786705,-0.04503738988965367,-7.537879146364546,0.06884930569622139,0.07654075010239314,0.2,0.6875,0.8873649219667898,8.721381771256205,1.0,1.0000000000000002,251.822998046875,621.1710205078125,2.0
294514.0,65.0,0.0,16.0,-5.555058590847638,-5.720833251612209,0.16577466076457092,-5.798641008810938,0.2435824179632995,-5.8372123403950535,0.28215374954741534,0.11637908878284442,1.2,0.5,0.8236944917443141,10.517841983981315,0.9354143466934853,1.0,247.822998046875,622.5709838867188,2.0
300754.0,66.0,0.0,16.0,-6.288260071154442,-6.4586598424877515,0.17039977133330986,-6.712894528063755,0.42463445690931323,-6.888171771936006,0.599911700781564,0.4295119294482541,1.2,0.625,0.8487886714382485,2.207940216581962,0.9013878188659973,1.0,265.02301025390625,629.3709716796875,2.0
309490.0,67.0,0.0,16.0,-5.6354734947354395,-6.178680179050442,0.5432066843150025,-6.423732069162597,0.7882585744271573,-6.751109265504916,1.1156357707694768,0.5724290864544743,1.2,0.875,0.7784543931263728,5.273755777432247,0.4330127018922193,1.0,274.62298583984375,638.9710083007812,2.0
310738.0,68.0,0.0,16.0,-5.417072974449278,-6.474561386355581,1.057488411906303,-5.749863545729563,0.33279057128028544,-6.4977250953556815,1.0806521209064037,0.023163709000100674,0.6,0.875,0.7442490569390783,0.4330127018922193,0.5,1.0000000000000004,270.822998046875,640.3709716796875,2.0
319473.0,69.0,0.0,16.0,-7.5819512977482955,-9.111394125383246,1.5294428276349503,-7.837839404998881,0.25588810725058586,-9.140450541618307,1.5584992438700116,0.029056416235061278,0.6,0.75,0.8710183450665557,3.122498999199199,0.4330127018922193,1.0,244.0229949951172,650.1710205078125,2.0
321969.0,70.0,0.0,16.0,-6.677361664599866,-9.655660584764242,2.9782989201643755,-9.35039691276057,2.673035248160703,-9.668387527838465,2.9910258632385993,0.01272694307422384,0.6,0.9375,0.8197799074260826,0.0,0.5,0.9999999999999998,272.62298583984375,652.77099609375,2.0
325713.0,71.0,0.0,16.0,-6.087199158643836,-8.08875634094899,2.001557182305154,-7.355627877937491,1.268428719293655,-8.12161373432333,2.0344145756794934,0.03285739337433924,0.6,0.8125,0.8113434594940307,2.331844763272204,0.5,0.9999999999999997,261.2229919433594,656.9710083007812,2.0
331953.0,72.0,0.0,16.0,-6.480498936878854,-10.623434479276927,4.142935542398073,-10.612973080092534,4.132474143213679,-10.683559689170396,4.203060752291542,0.060125209893469034,0.8,0.875,0.8022455594522665,0.3535533905932738,0.5,1.0,278.4230041503906,663.77099609375,2.0
335697.0,73.0,0.0,16.0,-6.085571363765151,-6.690166713620435,0.6045953498552841,-6.703950079465462,0.6183787157003104,-6.716035829697807,0.6304644659326559,0.025869116077371856,1.2,0.9375,0.7859270953540063,0.82915619758885,0.25,1.0,267.02301025390625,667.9710083007812,2.0
344432.0,74.0,0.0,16.0,-6.8084910606345925,-6.537959194370312,-0.27053186626428083,-6.3527990187873,-0.45569204184729273,-6.884011540895083,0.07552048026049007,0.3460523465247709,0.2,0.875,0.8288275961613046,0.0,0.3535533905932738,0.9999999999999999,276.4230041503906,677.5709838867188,2.0
346928.0,75.0,0.0,16.0,-7.7406526885147375,-6.734853359674505,-1.005799328840233,-5.814364442527386,-1.9262882459873518,-7.740652688514765,2.7533531010703882e-14,1.0057993288402605,0.0,0.875,0.874947382627395,1.5612494995995996,0.75,1.0,268.822998046875,680.3709716796875,2.0
351920.0,76.0,0.0,16.0,-6.31785867306836,-7.497146429195867,1.1792877561275068,-7.308585486373143,0.9907268133047831,-7.496734594102753,1.1788759210343924,-0.0004118350931143766,0.6,0.875,0.8074895962118417,0.7905694150420949,0.3535533905932738,1.0,253.6230010986328,685.9710083007812,2.0
354416.0,77.0,0.0,16.0,-7.274834105676911,-7.1272975432810135,-0.14753656239589752,-5.998400480411032,-1.276433625265879,-7.274834105676916,5.329070518200751e-15,0.14753656239590285,0.0,0.75,0.9010802873434974,5.1599418601375735,0.6123724356957945,0.9999999999999997,246.0229949951172,688.77099609375,2.0
359408.0,78.0,0.0,16.0,-5.578153067510879,-6.2406728138595025,0.6625197463486234,-5.791390628459453,0.21323756094857416,-6.412018170454256,0.8338651029433768,0.17134535659475336,0.4,0.9375,0.7650981140130099,1.346291201783626,0.75,1.0,267.02301025390625,694.1710205078125,2.0
360656.0,79.0,0.0,16.0,-5.4595991884701895,-6.939850579644816,1.480251391174627,-6.824112832518833,1.3645136440486434,-6.938595850245619,1.4789966617754295,-0.0012547293991973518,0.6,0.8125,0.7538156909205866,0.5,0.5,1.0,263.2229919433594,695.5709838867188,2.0
366895.0,80.0,0.0,16.0,-6.322848631057781,-6.763318001963566,0.4404693709057854,-6.222567100648866,-0.10028153040891485,-7.086275169587481,0.7634265385296999,0.32295716762391447,0.4,0.9375,0.796824229982029,0.7905694150420949,0.3535533905932738,1.0,244.0229949951172,702.5709838867188,2.0
375631.0,81.0,0.0,16.0,-6.289472770935294,-7.982790343829652,1.6933175728943581,-8.101876780227759,1.8124040092924645,-8.101876780227759,1.8124040092924645,0.11908643639810634,1.0,0.8125,0.8220564612996726,5.315072906367325,0.5590169943749475,1.0,253.6230010986328,712.1710205078125,2.0
395598.0,82.0,0.0,16.0,-5.891230076727081,-7.258021924265257,1.3667918475381757,-6.985192884870494,1.093962808143413,-7.245874453545628,1.3546443768185474,-0.012147470719628295,0.6,0.875,0.7731240917019362,0.25,0.3535533905932738,1.0,265.02301025390625,734.1710205078125,2.0
398094.0,83.0,0.0,16.0,-5.845199695942304,-7.427172051455164,1.5819723555128604,-7.373988115420329,1.5287884194780252,-7.478995930147593,1.6337962342052892,0.05182387869242877,0.8,0.875,0.7709751182199907,0.6123724356957945,0.75,0.9999999999999999,257.4230041503906,736.9710083007812,2.0
404334.0,84.0,0.0,16.0,-5.185500245541536,-8.127724431820381,2.942224186278845,-8.299613537596755,3.1141132920552197,-8.360634205779792,3.1751339602382567,0.23290977395941148,1.2,0.875,0.7407280474624263,0.4330127018922193,0.5,1.0,274.62298583984375,743.77099609375,2.0
406830.0,85.0,0.0,16.0,-6.958834943969624,-9.209849301055318,2.251014357085694,-8.06206838345764,1.103233439488017,-9.290747806671616,2.3319128627019925,0.08089850561629852,0.4,0.9375,0.8330318453567943,0.25,0.4330127018922193,1.0,267.02301025390625,746.5709838867188,2.0
410573.0,86.0,0.0,16.0,-4.511315791428949,-6.933284820493462,2.4219690290645133,-7.059442107241269,2.54812631581232,-7.119937223354866,2.6086214319259176,0.18665240286140428,0.8,0.8125,0.6786396461180002,0.3535533905932738,0.4330127018922193,0.9999999999999998,255.42300415039062,750.77099609375,2.0
413069.0,87.0,0.0,16.0,-5.327760210686501,-6.688831001580448,1.3610707908939474,-7.193648912857102,1.8658887021706017,-7.346960274498258,2.0192000638117573,0.6581292729178099,1.2,0.75,0.7414447357144899,1.299038105676658,0.6614378277661477,1.0,247.822998046875,753.5709838867188,2.0
415565.0,88.0,0.0,16.0,-5.2057055827808165,-5.904433358555448,0.6987277757746311,-5.600343635743559,0.39463805296274224,-5.921253550294621,0.7155479675138041,0.01682019173917304,0.6,0.9375,0.7340641161908611,0.7905694150420949,0.3535533905932738,0.9999999999999999,276.4230041503906,756.1710205078125,2.0
428045.0,89.0,0.0,16.0,-4.313420950383006,-5.103440745045421,0.790019794662415,-5.287159863489723,0.9737389131067173,-5.287159863489723,0.9737389131067173,0.18371911844430233,1.0,0.8125,0.6694069561477173,0.25,0.7905694150420949,1.0,274.62298583984375,769.9710083007812,2.0
438028.0,90.0,0.0,16.0,-4.026892690188969,-5.188700934333607,1.1618082441446376,-5.24511632708872,1.2182236368997508,-5.24511632708872,1.2182236368997508,0.0564153927551132,1.0,0.875,0.653997647046578,0.75,0.6614378277661477,0.9999999999999998,244.0229949951172,781.1710205078125,2.0
448012.0,91.0,0.0,16.0,-5.136396867981392,-5.8651380656950245,0.7287411977136324,-5.8312736522841,0.6948767843027079,-5.956494395576466,0.8200975275950739,0.09135632988144149,1.2,0.9375,0.7282454227670394,0.4330127018922193,0.25,1.0,249.822998046875,792.1710205078125,2.0
459243.0,92.0,0.0,16.0,-3.9384724197341936,-4.44411859631067,0.5056461765764761,-4.478262237232043,0.5397898174978493,-4.478262237232043,0.5397898174978493,0.03414364092137312,1.0,0.8125,0.6258035507891011,1.299038105676658,0.82915619758885,1.0000000000000002,251.6230010986328,804.5709838867188,2.0
460491.0,93.0,0.0,16.0,-4.0722269265140065,-5.309616840298509,1.2373899137845026,-5.160733345806328,1.0885064192923215,-5.306169545565831,1.2339426190518248,-0.003447294732677797,0.8,0.8125,0.6527149079483908,0.75,0.7071067811865476,1.0,247.822998046875,805.9710083007812,2.0
464235.0,94.0,0.0,16.0,-4.5455726509086185,-5.278046569597646,0.7324739186890277,-5.000236198042548,0.4546635471339293,-5.2840840780393,0.7385114271306819,0.0060375084416541824,0.6,0.75,0.6832677062703405,1.25,0.3535533905932738,1.0000000000000002,272.62298583984375,809.9710083007812,2.0
465483.0,95.0,0.0,16.0,-5.598502913663014,-6.3915863284254915,0.7930834147624779,-6.487929184129099,0.8894262704660854,-6.487929184129099,0.8894262704660854,0.09634285570360746,1.0,0.875,0.7587566241864184,1.0,0.7071067811865476,1.0,268.822998046875,811.3709716796875,2.0
467979.0,96.0,0.0,16.0,-6.001356681693326,-7.732460513742173,1.7311038320488468,-8.37868056786472,2.3773238861713937,-8.535852465979286,2.5344957842859595,0.8033919522371127,1.2,0.75,0.7938551042776637,0.5590169943749475,0.7905694150420949,1.0,261.2229919433594,814.1710205078125,2.0
476714.0,97.0,0.0,16.0,-2.7002010953783744,-4.048153411626483,1.3479523162481089,-4.129254965536248,1.4290538701578734,-4.153714467864503,1.4535133724861282,0.10556105623801937,0.8,0.75,0.5243662744710864,1.14564392373896,0.5,1.0000000000000002,270.62298583984375,823.77099609375,2.0
481706.0,98.0,0.0,16.0,-3.3651697666733904,-4.745790354391788,1.380620587718398,-4.940484462349477,1.5753146956760862,-4.940484462349477,1.5753146956760862,0.19469410795768827,1.0,0.8125,0.5694358271446704,0.75,0.7071067811865476,1.0000000000000004,255.42300415039062,829.3709716796875,2.0
496682.0,99.0,0.0,16.0,-7.4321203900478485,-7.546717224196255,0.11459683414840605,-7.753325853511269,0.3212054634634205,-8.101322201385923,0.6692018113380742,0.5546049771896682,1.2,0.75,0.8591877189471622,0.7905694150420949,0.6614378277661477,1.0,246.0229949951172,845.9710083007812,2.0
4991.0,0.0,10.0,4.0,-2.3950655686566646,-4.917403466300156,2.5223378976434914,-5.1447702086546165,2.749704639997952,-5.208291508037596,2.8132259393809314,0.29088804173744,0.8,1.0,0.42417433906896973,0.0,0.0,0.10000000000000002,263.2229919433594,302.5710144042969,2.0
12479.0,1.0,10.0,4.0,-2.452007457158901,-3.411071813332583,0.9590643561736818,-2.8673531327608153,0.41534567560191427,-3.422914606343391,0.9709071491844901,0.011842793010808261,0.6,1.0,0.4317117726272255,0.0,0.0,0.1,276.62298583984375,310.77099609375,2.0
19967.0,2.0,10.0,4.0,-3.122475691673603,-4.175136418911215,1.0526607272376123,-4.124940875939009,1.002465184265406,-4.209599895537131,1.0871242038635285,0.0344634766259162,0.8,1.0,0.5134606427576167,0.0,0.0,0.1,253.822998046875,319.1709899902344,2.0
22463.0,3.0,10.0,4.0,-3.045069497907588,-4.481740240452085,1.4366707425444973,-4.6119788494976355,1.5669093515900476,-4.6119788494976355,1.5669093515900476,0.1302386090455503,1.0,1.0,0.5045751439938159,0.0,0.0,0.10000000000000002,246.22300720214844,321.97100830078125,2.0
23710.0,4.0,10.0,4.0,-4.164839096112188,-5.7746296026237145,1.6097905065115263,-5.809769206458142,1.6449301103459542,-5.856070743359294,1.6912316472471058,0.08144114073557951,0.8,1.0,0.6173917622514875,0.0,0.0,0.10000000000000005,278.4230041503906,323.1709899902344,2.0
24958.0,5.0,10.0,4.0,-1.479852001389892,-2.301996996901682,0.8221449955117901,-2.4100373368899604,0.9301853355000684,-2.4100373368899604,0.9301853355000684,0.10804033998827833,1.0,0.75,0.2894459571212913,2.5,0.5,0.10000000000000005,274.62298583984375,324.5710144042969,2.0
26206.0,6.0,10.0,4.0,-2.9501291575840582,-5.139552181531133,2.189423023947075,-5.251126033277761,2.300996875693703,-5.331866850814877,2.3817376932308187,0.19231466928374363,0.8,1.0,0.4932339324396168,0.0,0.0,0.09999999999999999,270.822998046875,325.97100830078125,2.0
34942.0,7.0,10.0,4.0,-1.2305457178266486,-1.9378343051517597,0.7072885873251111,-2.180257652016289,0.9497119341896405,-2.180257652016289,0.9497119341896405,0.24242334686452938,1.0,0.75,0.24726301201117237,0.5,1.5,0.1,244.22300720214844,335.77099609375,2.0
44926.0,8.0,10.0,4.0,-1.6189382901157074,-3.09012373590392,1.4711854457882128,-3.2668060394243676,1.6478677493086602,-3.2668060394243676,1.6478677493086602,0.17668230352044745,1.0,1.0,0.3115082070059099,0.0,0.0,0.1,250.0229949951172,346.77099609375,2.0
47421.0,9.0,10.0,4.0,-2.9640667518982076,-4.735191779907497,1.7711250280092896,-5.2060649608856,2.2419982089873924,-5.224330749128624,2.2602639972304166,0.489138969221127,1.2,1.0,0.4950958570990128,0.0,0.0,0.1,278.4230041503906,349.3710021972656,2.0
48669.0,10.0,10.0,4.0,-2.5983918771069536,-3.801117316432414,1.2027254393254605,-3.761560715640677,1.1631688385337235,-3.8562676326007708,1.2578757554938171,0.05515031616835664,0.8,1.0,0.45063741996688167,0.0,0.0,0.09999999999999998,274.62298583984375,350.77099609375,2.0
54909.0,11.0,10.0,4.0,-3.984593435731526,-5.674697040088247,1.6901036043567208,-5.6570958939098315,1.6725024581783057,-5.7636030374147165,1.7790096016831907,0.08890599732646987,0.8,1.0,0.6015988470625411,0.0,0.0,0.10000000000000002,255.6230010986328,357.77099609375,2.0
56157.0,12.0,10.0,4.0,-3.593989366120956,-4.839253577022955,1.2452642109019991,-4.800310047642701,1.206320681521745,-4.8886886034715245,1.2946992373505686,0.04943502644856945,0.8,1.0,0.5637248711246933,0.0,0.0,0.1,251.822998046875,359.1709899902344,2.0
59901.0,13.0,10.0,4.0,-2.0552363442142783,-2.3084144992162994,0.2531781550020211,-2.209023503343966,0.15378715912968755,-2.3109215117125514,0.2556851674982732,0.00250701249625207,0.6,0.75,0.37759462197185173,0.0,1.224744871391589,0.10000000000000002,276.62298583984375,363.1709899902344,2.0
61149.0,14.0,10.0,4.0,-3.588164649934365,-4.863264278904004,1.275099628969639,-4.80501387921899,1.216849229284625,-4.906789729610665,1.3186250796763002,0.04352545070666114,0.8,1.0,0.5632204936597179,0.0,0.0,0.1,272.822998046875,364.5710144042969,2.0
63645.0,15.0,10.0,4.0,-4.573471885159342,-7.477656862876869,2.9041849777175273,-6.736643900346261,2.1631720151869187,-7.4287748294955165,2.8553029443361746,-0.04888203338135266,0.6,1.0,0.6518572672600317,0.0,0.0,0.09999999999999996,265.2229919433594,367.3710021972656,2.0
72380.0,16.0,10.0,4.0,-2.1565027487459867,-3.7392332343751273,1.5827304856291406,-4.013222725801705,1.8567199770557181,-4.013222725801705,1.8567199770557181,0.27398949142657747,1.0,1.0,0.3920858035094716,0.0,0.0,0.1,274.62298583984375,376.97100830078125,2.0
77372.0,17.0,10.0,4.0,-3.8892521021234354,-8.225972305612697,4.336720203489261,-9.122679932318146,5.23342783019471,-9.122679932318146,5.23342783019471,0.8967076267054495,1.0,1.0,0.5923873712682067,0.0,0.0,0.1,259.4230041503906,382.5710144042969,2.0
83612.0,18.0,10.0,4.0,-1.5835917377800768,-2.300297268524656,0.7167055307445791,-2.756185139071872,1.1725934012917953,-2.9704936384638208,1.386901900683744,0.6701963699391649,1.2,0.75,0.306011402620397,0.0,0.5,0.10000000000000002,276.62298583984375,389.3710021972656,2.0
94843.0,19.0,10.0,4.0,-1.422587472745461,-2.205755488670806,0.7831680159253449,-2.202601112682812,0.780013639937351,-2.2413882917407433,0.8188008189952822,0.035632803069937324,0.8,1.0,0.279961771618581,0.0,0.0,0.1,278.4230041503906,401.77099609375,2.0
97339.0,20.0,10.0,4.0,-3.1110128861064674,-5.416134749413468,2.3051218633070003,-6.133923356170769,3.0229104700643012,-6.221420979265981,3.110408093159514,0.8052862298525136,1.2,1.0,0.5121772950859061,0.0,0.0,0.09999999999999998,270.822998046875,404.5710144042969,2.0
99835.0,21.0,10.0,4.0,-2.8128540502479007,-4.538020158245696,1.7251661079977954,-4.556532338077772,1.743678287829871,-4.65371365028596,1.8408596000380593,0.11569349204026391,0.8,1.0,0.47708028077880443,0.0,0.0,0.10000000000000002,263.2229919433594,407.3710021972656,2.0
101083.0,22.0,10.0,4.0,-2.9635801138416733,-4.630178670703504,1.666598556861831,-4.590897625026379,1.6273175111847058,-4.730778801127164,1.7671986872854903,0.10060013042365945,0.8,1.0,0.4952950643147084,0.0,0.0,0.1,259.4230041503906,408.77099609375,2.0
119802.0,23.0,10.0,4.0,-2.3960414216309625,-3.0085899001625065,0.612548478531544,-3.1471898664606406,0.7511484448296781,-3.1471898664606406,0.7511484448296781,0.1385999662981341,1.0,1.0,0.42470100529409244,0.0,0.0,0.1,274.62298583984375,429.3710021972656,2.0
121050.0,24.0,10.0,4.0,-2.0394272369876094,-2.789689239581588,0.7502620025939786,-2.3488435207494787,0.30941628376186925,-2.965641574560274,0.9262143375726648,0.17595233497868623,0.4,1.0,0.3758826445268871,0.0,0.0,0.1,270.822998046875,430.77099609375,2.0
122298.0,25.0,10.0,4.0,-2.379531802035062,-4.275812060667308,1.8962802586322458,-4.598774755943371,2.2192429539083087,-4.598774755943371,2.2192429539083087,0.3229626952760629,1.0,0.75,0.4229597980785807,0.0,1.4142135623730951,0.1,267.02301025390625,432.1709899902344,2.0
126042.0,26.0,10.0,4.0,-1.9335048187991941,-3.7394070823955734,1.8059022635963793,-4.215781884092164,2.28227706529297,-4.215781884092164,2.28227706529297,0.4763748016965903,1.0,1.0,0.3600999510902846,0.0,0.0,0.09999999999999999,255.6230010986328,436.3710021972656,2.0
131034.0,27.0,10.0,4.0,-1.99955411873453,-2.600813236140734,0.6012591174062041,-2.4409608404395957,0.4414067217050657,-2.607095204592987,0.6075410858584571,0.0062819684522530395,0.6,0.75,0.3696525928275577,0.5,1.5811388300841898,0.09999999999999998,276.62298583984375,441.77099609375,2.0
132282.0,28.0,10.0,4.0,-2.073723409364448,-2.6284356398839916,0.5547122305195438,-2.573927643953551,0.5002042345891029,-2.6251087774377933,0.5513853680733454,-0.0033268624461983975,0.6,1.0,0.3806418198866668,0.0,0.0,0.10000000000000002,272.822998046875,443.1709899902344,2.0
136025.0,29.0,10.0,4.0,-2.2659278258097384,-2.2019596043059804,-0.06396822150375803,-2.048185347104537,-0.21774247870520158,-2.43886590111876,0.1729380753090215,0.23690629681277953,0.2,1.0,0.4073270893621728,0.0,0.0,0.1,261.2229919433594,447.3710021972656,2.0
137273.0,30.0,10.0,4.0,-1.9222194431175563,-2.863814857282962,0.9415954141654057,-3.022505248650143,1.1002858055325866,-3.0409700724267092,1.118750629309153,0.1771552151437472,1.2,0.75,0.3579351343417362,0.0,0.5,0.09999999999999999,257.4230041503906,448.77099609375,2.0
139769.0,31.0,10.0,4.0,-3.3982098813340347,-4.655494426708349,1.257284545374314,-5.211275491631229,1.813065610297194,-5.297905696913498,1.899695815579463,0.642411270205149,1.2,1.0,0.5435213977259111,0.0,0.0,0.10000000000000005,249.822998046875,451.5710144042969,2.0
143513.0,32.0,10.0,4.0,-2.3421653912035496,-2.0795042952372738,-0.26266109596627585,-2.0741061868990593,-0.26805920430449026,-2.3421653912035554,5.773159728050814e-15,0.2626610959662816,0.0,1.0,0.4173558322542483,0.0,0.0,0.1,274.62298583984375,455.5710144042969,2.0
153497.0,33.0,10.0,4.0,-1.9043278068036118,-2.5250944022612165,0.6207665954576047,-2.6403640089931435,0.7360362021895317,-2.6403640089931435,0.7360362021895317,0.11526960673192699,1.0,1.0,0.35589244438848816,0.0,0.0,0.1,244.22300720214844,466.77099609375,2.0
163480.0,34.0,10.0,4.0,-1.2093091999510848,-1.7471946330043473,0.5378854330532625,-1.8042957943873597,0.5949865944362749,-1.8042957943873597,0.5949865944362749,0.057101161383012355,1.0,1.0,0.24376341309288047,0.0,0.0,0.1,249.822998046875,477.77099609375,2.0
164728.0,35.0,10.0,4.0,-1.1828169305369078,-1.6736991270645696,0.49088219652766174,-2.1104629418262126,0.9276460112893048,-2.1104629418262126,0.9276460112893048,0.43676381476164305,1.0,0.75,0.23874795553069775,0.0,1.5,0.1,246.0229949951172,479.1709899902344,2.0
170968.0,36.0,10.0,4.0,-2.793496386862884,-3.736527384938278,0.9430309980753937,-3.9360531672698436,1.1425567804069594,-3.9360531672698436,1.1425567804069594,0.1995257823315657,1.0,1.0,0.4754658751683144,0.0,0.0,0.1,263.2229919433594,485.97100830078125,2.0
179704.0,37.0,10.0,4.0,-1.2002034500859966,-2.605676360280562,1.4054729101945656,-2.580228054304255,1.3800246042182582,-2.6890052646521023,1.4888018145661057,0.08332890437154017,0.8,0.5,0.24219283707685396,0.7071067811865476,0.7071067811865476,0.1,272.822998046875,495.5710144042969,2.0
183447.0,38.0,10.0,4.0,-2.483139430127351,-2.7244216331873314,0.24128220305998038,-2.749584824408556,0.26644539428120506,-2.749584824408556,0.26644539428120506,0.02516319122122468,1.0,1.0,0.4359712897031161,0.0,0.0,0.10000000000000002,261.2229919433594,499.77099609375,2.0
187191.0,39.0,10.0,4.0,-1.428632198040121,-2.928356149200452,1.4997239511603309,-3.188215754380406,1.759583556340285,-3.188215754380406,1.759583556340285,0.2598596051799542,1.0,1.0,0.28072003801107015,0.0,0.0,0.1,249.822998046875,503.97100830078125,2.0
188439.0,40.0,10.0,4.0,-1.2928637678586035,-2.6441831924875054,1.351319424628902,-3.002667179321459,1.7098034114628557,-3.002667179321459,1.7098034114628557,0.35848398683395377,1.0,1.0,0.2589673642498868,0.0,0.0,0.09999999999999999,246.0229949951172,505.3710021972656,2.0
202167.0,41.0,10.0,4.0,-2.042827479761518,-2.242376331877622,0.19954885211610396,-2.339047434535307,0.29621995477378915,-2.408876452203334,0.3660489724418161,0.16650012032571215,1.2,1.0,0.3764570469308693,0.0,0.0,0.1,276.62298583984375,520.3709716796875,2.0
204662.0,42.0,10.0,4.0,-2.2112385556458873,-3.0436621924221328,0.8324236367762454,-3.063531967093673,0.8522934114477856,-3.0680664510402322,0.8568278953943449,0.024404258618099472,0.8,1.0,0.4007133115243613,0.0,0.0,0.09999999999999999,268.822998046875,523.1710205078125,2.0
205910.0,43.0,10.0,4.0,-3.497414693490855,-3.7612217450986627,0.2638070516078077,-3.8348454048805856,0.3374307113897306,-3.8348454048805856,0.3374307113897306,0.07362365978192287,1.0,1.0,0.553484187863625,0.0,0.0,0.09999999999999999,265.02301025390625,524.5709838867188,2.0
212150.0,44.0,10.0,4.0,-2.0069153807595344,-6.047470329000905,4.040554948241371,-6.953131509432959,4.9462161286734245,-6.953131509432959,4.9462161286734245,0.9056611804320536,1.0,1.0,0.3703233829764624,0.0,0.0,0.1,246.0229949951172,531.5709838867188,2.0
214646.0,45.0,10.0,4.0,-2.1828850342134904,-3.8114728226523917,1.6285877884389013,-3.901493826915675,1.7186087927021845,-3.9639781212026226,1.7810930869891322,0.15250529855023087,0.8,1.0,0.39563553678883373,0.0,0.0,0.09999999999999999,274.62298583984375,534.1710205078125,2.0
218390.0,46.0,10.0,4.0,-2.3594467841867965,-3.124730475827637,0.7652836916408403,-3.146127456351695,0.7866806721648985,-3.146170312149999,0.7867235279632023,0.021439836322362016,1.2,1.0,0.419616415854736,0.0,0.0,0.10000000000000002,263.2229919433594,538.3709716796875,2.0
224630.0,47.0,10.0,4.0,-2.200552206428445,-2.5978266130216316,0.3972744065931866,-2.504491293183327,0.3039390867548821,-2.604739181378599,0.4041869749501541,0.006912568356967519,0.6,1.0,0.3981456781177168,0.0,0.0,0.1,244.22300720214844,545.3709716796875,2.0
228373.0,48.0,10.0,4.0,-2.5164687050769037,-2.9113445805839735,0.3948758755070698,-3.013243910134335,0.49677520505743145,-3.033455452451194,0.5169867473742902,0.12211087186722036,1.2,1.0,0.44073499069196714,0.0,0.0,0.09999999999999998,268.822998046875,549.3709716796875,2.0
235861.0,49.0,10.0,4.0,-2.8793192952582363,-3.5247239083747712,0.645404613116535,-3.5737610120629664,0.6944417168047301,-3.578389557496255,0.6990702622380187,0.05366564912148375,0.8,0.75,0.48561230985954396,0.0,1.224744871391589,0.10000000000000002,246.0229949951172,557.77099609375,2.0
242101.0,50.0,10.0,4.0,-2.344473037938735,-1.8477018732576487,-0.4967711646810864,-1.7381700464964296,-0.6063029914423055,-2.3444730379387337,-1.3322676295501878e-15,0.49677116468108506,0.0,1.0,0.4183585145558329,0.0,0.0,0.09999999999999998,263.2229919433594,564.5709838867188,2.0
244597.0,51.0,10.0,4.0,-3.6431897957959314,-3.9277637856976573,0.2845739899017259,-3.8035089607872457,0.16031916499131427,-3.930507632871092,0.28731783707516056,0.002743847173434677,0.6,1.0,0.5686597537932778,0.0,0.0,0.1,255.6230010986328,567.3709716796875,2.0
247093.0,52.0,10.0,4.0,-1.832395697263499,-2.189602806888871,0.35720710962537217,-2.1833280602332676,0.3509323629697687,-2.2044916065507576,0.37209590928725866,0.014888799661886498,0.8,0.75,0.3454989230568783,0.7071067811865476,0.7071067811865476,0.1,248.0229949951172,570.1710205078125,2.0
249588.0,53.0,10.0,4.0,-2.3171157421236446,-2.717731435950177,0.4006156938265324,-2.7882339077913043,0.47111816566765974,-2.7882339077913043,0.47111816566765974,0.07050247184112735,1.0,1.0,0.41375052122274,0.0,0.0,0.09999999999999998,276.4230041503906,572.77099609375,2.0
250836.0,54.0,10.0,4.0,-2.788141201575081,-3.1817427802193765,0.39360157864429546,-3.141042192092374,0.35290099051729307,-3.187527601876417,0.3993864003013359,0.005784821657040418,0.8,1.0,0.4742587791095328,0.0,0.0,0.10000000000000002,272.62298583984375,574.1710205078125,2.0
252084.0,55.0,10.0,4.0,-2.0296012297262065,-2.3168237620926324,0.2872225323664259,-2.348979787162944,0.3193785574367376,-2.348979787162944,0.3193785574367376,0.03215602507031168,1.0,1.0,0.3744244897163814,0.0,0.0,0.09999999999999998,268.822998046875,575.5709838867188,2.0
260820.0,56.0,10.0,4.0,-1.8322486338057784,-2.332247427698629,0.49999879389285073,-2.3373399827853034,0.505091348979525,-2.362648000820749,0.5303993670149705,0.030400573122119745,0.8,0.75,0.34464439609811964,0.0,0.5,0.1,278.4230041503906,585.1710205078125,2.0
268308.0,57.0,10.0,4.0,-2.633129223779789,-3.3647185480589057,0.7315893242791165,-3.6533867635644706,1.0202575397846814,-3.747910264366791,1.114781040587002,0.3831917163078855,1.2,1.0,0.4555920202051114,0.0,0.0,0.1,255.6230010986328,593.5709838867188,2.0
270804.0,58.0,10.0,4.0,-1.6476231069337508,-2.6968525489055812,1.0492294419718304,-3.100189229234961,1.4525661223012103,-3.100189229234961,1.4525661223012103,0.40333668032937986,1.0,0.75,0.3169248138388067,0.5,0.7071067811865476,0.1,248.0229949951172,596.3709716796875,2.0
277043.0,59.0,10.0,4.0,-4.035470088302464,-4.932570936696219,0.8971008483937553,-4.737352389721091,0.7018823014186273,-4.9331569674571245,0.8976868791546604,0.0005860307609051318,0.6,1.0,0.6058812989408675,0.0,0.0,0.10000000000000002,265.02301025390625,603.1710205078125,2.0
278291.0,60.0,10.0,4.0,-2.8669403925255086,-2.892424003307627,0.025483610782118582,-2.84981587816531,-0.017124514360198795,-2.8982089478108803,0.03126855528537176,0.0057849445032531754,0.4,1.0,0.4835204112641271,0.0,0.0,0.10000000000000002,261.2229919433594,604.5709838867188,2.0
280787.0,61.0,10.0,4.0,-3.6697795948443135,-4.239958862790781,0.5701792679464672,-4.3128705707295705,0.643090975885257,-4.32166304957491,0.651883454730597,0.08170418678412972,0.8,1.0,0.5710318196220806,0.0,0.0,0.1,253.6230010986328,607.3709716796875,2.0
282035.0,62.0,10.0,4.0,-2.439019407407019,-2.7347675893731154,0.29574818196609653,-2.530370709285516,0.09135130187849727,-2.7422948543836183,0.30327544697659947,0.007527265010502937,0.6,1.0,0.42980884860685564,0.0,0.0,0.1,249.822998046875,608.77099609375,2.0
288275.0,63.0,10.0,4.0,-3.716911004010071,-3.6662685239598907,-0.05064248005018035,-3.6369883846131708,-0.07992261939690026,-3.7169110040100732,2.220446049250313e-15,0.05064248005018257,0.0,0.75,0.5760521023176949,0.0,0.5,0.1,267.02301025390625,615.5709838867188,2.0
293267.0,64.0,10.0,4.0,-5.573589919173165,-7.613493757706575,2.0399038385334096,-7.466053760266601,1.892463841093436,-7.686906527442861,2.113316608269696,0.07341276973628652,0.8,1.0,0.7239893539572967,0.0,0.0,0.10000000000000002,251.822998046875,621.1710205078125,2.0
294514.0,65.0,10.0,4.0,-3.746165309290455,-4.876671805985989,1.130506496695534,-4.852597275172523,1.1064319658820683,-4.960676141421393,1.2145108321309381,0.08400433543540409,0.8,1.0,0.5790832207797822,0.0,0.0,0.1,247.822998046875,622.5709838867188,2.0
300754.0,66.0,10.0,4.0,-5.095578533651216,-6.095764362160652,1.0001858285094354,-5.700016518074999,0.6044379844237824,-6.087392788372586,0.99181425472137,-0.008371573788065412,0.6,1.0,0.6915250539760168,0.0,0.0,0.1,265.02301025390625,629.3709716796875,2.0
309490.0,67.0,10.0,4.0,-2.7286978843162895,-2.8732572426938585,0.14455935837756906,-2.9361337222652533,0.2074358379489638,-2.9361337222652533,0.2074358379489638,0.06287647957139475,1.0,1.0,0.46783194567461733,0.0,0.0,0.1,274.62298583984375,638.9710083007812,2.0
310738.0,68.0,10.0,4.0,-2.595455427946309,-3.36768334844691,0.7722279205006011,-3.7831957556340248,1.1877403276877159,-3.9556010041674843,1.3601455762211754,0.5879176557205743,1.2,1.0,0.45119492209312195,0.0,0.0,0.10000000000000005,270.822998046875,640.3709716796875,2.0
319473.0,69.0,10.0,4.0,-2.1549646458907166,-2.1994932695656693,0.044528623674952694,-2.026643341923718,-0.12832130396699837,-2.282568863597765,0.12760421770704822,0.08307559403209552,0.4,0.75,0.3913841475810438,0.0,1.3228756555322954,0.1,244.0229949951172,650.1710205078125,2.0
321969.0,70.0,10.0,4.0,-1.7988054489288716,-4.965254647517596,3.166449198588724,-6.525088314110707,4.726282865181836,-6.581407055643933,4.782601606715061,1.6161524081263368,1.2,1.0,0.3407768653173401,0.0,0.0,0.09999999999999998,272.62298583984375,652.77099609375,2.0
325713.0,71.0,10.0,4.0,-2.820807520549483,-4.984507877978789,2.163700357429306,-5.585590334662723,2.7647828141132402,-5.585590334662723,2.7647828141132402,0.6010824566839341,1.0,1.0,0.4788880260468247,0.0,0.0,0.09999999999999996,261.2229919433594,656.9710083007812,2.0
331953.0,72.0,10.0,4.0,-1.407476989572361,-3.078632186587271,1.6711551970149099,-3.689292482726702,2.2818154931543413,-3.754161745050445,2.3466847554780843,0.6755295584631744,1.2,0.75,0.277190094600982,0.5,1.224744871391589,0.1,278.4230041503906,663.77099609375,2.0
335697.0,73.0,10.0,4.0,-2.708112205297424,-3.9953012952190647,1.287189089921641,-4.421893419440275,1.7137812141428515,-4.532167170985756,1.8240549656883318,0.5368658757666909,1.2,1.0,0.46463799766438196,0.0,0.0,0.1,267.02301025390625,667.9710083007812,2.0
344432.0,74.0,10.0,4.0,-3.5960422542621027,-3.937532909666352,0.3414906554042494,-3.9829544768988807,0.38691222263677805,-3.9891668168065446,0.39312456254444195,0.05163390714019256,1.2,1.0,0.5633339827241287,0.0,0.0,0.09999999999999999,276.4230041503906,677.5709838867188,2.0
346928.0,75.0,10.0,4.0,-4.018815696422865,-4.193156261434877,0.17434056501201223,-4.187705621138146,0.16888992471528042,-4.194373976954045,0.17555828053118017,0.001217715519167939,0.8,1.0,0.604581724520351,0.0,0.0,0.1,268.822998046875,680.3709716796875,2.0
351920.0,76.0,10.0,4.0,-3.310724464867416,-4.101594956664829,0.7908704917974125,-4.194912447187395,0.884187982319979,-4.194912447187395,0.884187982319979,0.09331749052256644,1.0,1.0,0.5341444135228693,0.0,0.0,0.1,253.6230010986328,685.9710083007812,2.0
354416.0,77.0,10.0,4.0,-2.986993041374861,-2.8002666073176616,-0.18672643405719924,-2.6616383980504335,-0.32535464332442743,-2.9869930413748644,3.552713678800501e-15,0.1867264340572028,0.0,0.75,0.4982632728479371,0.0,1.0,0.09999999999999996,246.0229949951172,688.77099609375,2.0
359408.0,78.0,10.0,4.0,-2.032381097302323,-3.1117048155125087,1.0793237182101856,-3.3929285356460968,1.3605474383437737,-3.446146794850366,1.413765697548043,0.33444197933785746,1.2,1.0,0.3743994008601766,0.0,0.0,0.1,267.02301025390625,694.1710205078125,2.0
360656.0,79.0,10.0,4.0,-2.4624766026075626,-4.5722473292105885,2.109770726603026,-4.197170403415639,1.7346938008080768,-4.561701784519751,2.099225181912188,-0.010545544690837794,0.8,1.0,0.43354945482305995,0.0,0.0,0.1,263.2229919433594,695.5709838867188,2.0
366895.0,80.0,10.0,4.0,-1.809294738592161,-3.128899927936411,1.31960518934425,-3.1673712165568855,1.3580764779647245,-3.2333652221843403,1.4240704835921794,0.10446529424792939,0.8,0.75,0.3419098990186282,0.0,0.7071067811865476,0.1,244.0229949951172,702.5709838867188,2.0
375631.0,81.0,10.0,4.0,-2.243646363364373,-2.885207060555886,0.6415606971915131,-3.057169389881194,0.8135230265168212,-3.2932246980937254,1.0495783347293526,0.4080176375378395,1.2,0.75,0.4049347079209961,0.0,0.5,0.1,253.6230010986328,712.1710205078125,2.0
395598.0,82.0,10.0,4.0,-1.9091336085155932,-2.6151622822719265,0.7060286737563333,-2.717133065075373,0.8079994565597799,-2.717133065075373,0.8079994565597799,0.10197078280344662,1.0,1.0,0.3560409486701272,0.0,0.0,0.1,265.02301025390625,734.1710205078125,2.0
398094.0,83.0,10.0,4.0,-2.5153164166667388,-3.3015211177618586,0.7862047010951199,-3.4864617798767137,0.9711453632099749,-3.5325744357923776,1.0172580191256388,0.23105331803051898,1.2,1.0,0.4404309589239091,0.0,0.0,0.09999999999999999,257.4230041503906,736.9710083007812,2.0
404334.0,84.0,10.0,4.0,-1.4925208575611968,-2.395139884400494,0.9026190268392973,-2.6426423117598596,1.1501214541986629,-2.643425765351659,1.1509049077904623,0.248285880951165,1.2,0.75,0.292098341947665,0.0,0.5,0.1,274.62298583984375,743.77099609375,2.0
406830.0,85.0,10.0,4.0,-2.178581717306061,-4.461431336580567,2.282849619274506,-4.88703806584383,2.7084563485377693,-4.88703806584383,2.7084563485377693,0.42560672926326326,1.0,1.0,0.3951374780199015,0.0,0.0,0.1,267.02301025390625,746.5709838867188,2.0
410573.0,86.0,10.0,4.0,-1.9319014085704425,-3.8726854829167587,1.9407840743463163,-3.9586100993209956,2.026708690750553,-4.040733160082169,2.108831751511727,0.16804767716541047,0.8,1.0,0.35980850168986594,0.0,0.0,0.09999999999999998,255.42300415039062,750.77099609375,2.0
413069.0,87.0,10.0,4.0,-2.9429114719430585,-4.348713909379541,1.4058024374364821,-4.6313509267407795,1.688439454797721,-4.6313509267407795,1.688439454797721,0.2826370173612389,1.0,1.0,0.4933417043667713,0.0,0.0,0.1,247.822998046875,753.5709838867188,2.0
415565.0,88.0,10.0,4.0,-1.588479509384543,-1.9308045186418457,0.3423250092573027,-1.9591177522224743,0.37063824283793134,-1.9591177522224743,0.37063824283793134,0.02831323358062865,1.0,1.0,0.3084194270293759,0.0,0.0,0.09999999999999999,276.4230041503906,756.1710205078125,2.0
428045.0,89.0,10.0,4.0,-1.6003031638646135,-1.8752393090900052,0.2749361452253918,-1.8384540722233855,0.23815090835877206,-1.872554957163678,0.27225179329906446,-0.002684351926327322,0.8,1.0,0.3090526176195573,0.0,0.0,0.1,274.62298583984375,769.9710083007812,2.0
438028.0,90.0,10.0,4.0,-1.1298345208420273,-1.7715252331652176,0.6416907123231903,-1.8856485854380942,0.7558140645960669,-1.8856485854380942,0.7558140645960669,0.11412335227287662,1.0,0.5,0.23004231632412717,0.5,0.5,0.09999999999999998,244.0229949951172,781.1710205078125,2.0
448012.0,91.0,10.0,4.0,-2.0848735148838187,-2.4028136521631502,0.31794013727933157,-2.4861976341374876,0.40132411925366895,-2.5225037525010814,0.4376302376172627,0.11969010033793115,1.2,0.75,0.38166334155024423,0.5,0.8660254037844386,0.1,249.822998046875,792.1710205078125,2.0
459243.0,92.0,10.0,4.0,-1.490043852067648,-1.6194434752188003,0.12939962315115228,-1.632152039779867,0.142108187712219,-1.6331982537207455,0.14315440165309745,0.013754778501945175,1.2,1.0,0.2907030849706236,0.0,0.0,0.10000000000000002,251.6230010986328,804.5709838867188,2.0
460491.0,93.0,10.0,4.0,-1.3687593481510674,-1.8556904585363165,0.48693111038524917,-1.9145490387968769,0.5457896906458095,-1.9145490387968769,0.5457896906458095,0.058858580260560345,1.0,0.75,0.2710025484465065,2.0,0.0,0.1,247.822998046875,805.9710083007812,2.0
464235.0,94.0,10.0,4.0,-2.063717889027205,-2.814298223619098,0.7505803345918927,-2.839934757209954,0.7762168681827486,-2.858773662886213,0.7950557738590076,0.04447543926711495,0.8,1.0,0.37857177197333414,0.0,0.0,0.10000000000000002,272.62298583984375,809.9710083007812,2.0
465483.0,95.0,10.0,4.0,-1.7174977059279193,-2.4884317173733566,0.7709340114454373,-2.58014759894021,0.8626498930122908,-2.58014759894021,0.8626498930122908,0.09171588156685351,1.0,1.0,0.32824092226405005,0.0,0.0,0.1,268.822998046875,811.3709716796875,2.0
467979.0,96.0,10.0,4.0,-3.6064073720700356,-5.801558510331711,2.1951511382616755,-6.314923977060699,2.7085166049906637,-6.350262670318093,2.7438552982480577,0.5487041599863822,1.2,1.0,0.5647038051402833,0.0,0.0,0.1,261.2229919433594,814.1710205078125,2.0
476714.0,97.0,10.0,4.0,-1.017293997468136,-1.386694260501691,0.3694002630335549,-1.3964131159647952,0.37911911849665914,-1.406198092621724,0.3889040951535878,0.019503832120032927,0.8,0.75,0.2105147645100498,0.7071067811865476,1.118033988749895,0.10000000000000002,270.62298583984375,823.77099609375,2.0
481706.0,98.0,10.0,4.0,-1.0487076691257544,-1.2092715205788094,0.16056385145305496,-1.277158332823468,0.2284506636977135,-1.2864779632628134,0.23777029413705897,0.077206442684004,1.2,0.75,0.21517949359197788,2.0,0.0,0.10000000000000005,255.42300415039062,829.3709716796875,2.0
496682.0,99.0,10.0,4.0,-4.194376449250069,-5.043220730214083,0.8488442809640135,-5.052514797476818,0.8581383482267491,-5.061286492095983,0.8669100428459133,0.01806576188189979,0.8,1.0,0.6201341272132185,0.0,0.0,0.1,246.0229949951172,845.9710083007812,2.0
4991.0,0.0,10.0,8.0,-3.6737257888885377,-6.263383465065717,2.589657676177179,-6.202397975866641,2.5286721869781035,-6.393296939043873,2.7195711501553355,0.12991347397815645,0.8,0.875,0.5720101199971626,0.7071067811865476,0.3535533905932738,0.10000000000000002,263.2229919433594,302.5710144042969,2.0
12479.0,1.0,10.0,8.0,-4.2284889310572416,-4.6216545227850645,0.39316559172782295,-4.334967475513367,0.10647854445612559,-4.628324052134321,0.3998351210770794,0.0066695293492564645,0.6,1.0,0.6230946197155358,0.0,0.0,0.1,276.62298583984375,310.77099609375,2.0
19967.0,2.0,10.0,8.0,-4.799549945986946,-5.1223557243771864,0.32280577839024005,-5.161215560438082,0.36166561445113565,-5.161215560438082,0.36166561445113565,0.0388598360608956,1.0,0.875,0.6703329099084837,0.7071067811865476,0.3535533905932738,0.1,253.822998046875,319.1709899902344,2.0
22463.0,3.0,10.0,8.0,-5.165305209751186,-6.598442115649272,1.4331369058980856,-6.682633519292642,1.5173283095414556,-6.717638333639947,1.5523331238887605,0.11919621799067492,0.8,1.0,0.6971479384849527,0.0,0.0,0.10000000000000002,246.22300720214844,321.97100830078125,2.0
23710.0,4.0,10.0,8.0,-6.539906674557422,-6.825045112506533,0.28513843794911153,-6.478351868565488,-0.06155480599193375,-6.8637513970823765,0.3238447225249548,0.03870628457584324,0.4,0.875,0.7795781147147756,0.3535533905932738,0.7071067811865476,0.10000000000000005,278.4230041503906,323.1709899902344,2.0
24958.0,5.0,10.0,8.0,-3.074479191907246,-3.452450552919455,0.3779713610122091,-3.3744105809484126,0.2999313890411668,-3.4531547261590108,0.3786755342517649,0.0007041732395558498,0.6,0.875,0.5084314372964356,1.7677669529663689,0.5,0.10000000000000005,274.62298583984375,324.5710144042969,2.0
26206.0,6.0,10.0,8.0,-4.954397340016224,-7.175679218575034,2.22128187855881,-7.88561702282654,2.9312196828103154,-7.91305772283922,2.9586603828229956,0.7373785042641856,1.2,1.0,0.6812287412417892,0.0,0.0,0.09999999999999999,270.822998046875,325.97100830078125,2.0
34942.0,7.0,10.0,8.0,-2.520758874200685,-4.29475582771886,1.773996953518175,-4.216838505296364,1.696079631095679,-4.330648367137702,1.8098894929370166,0.03589253941884163,0.8,1.0,0.44120246584844686,0.0,0.0,0.1,244.22300720214844,335.77099609375,2.0
44926.0,8.0,10.0,8.0,-2.8118993774407306,-4.121133825529041,1.3092344480883105,-4.182833996402141,1.3709346189614102,-4.193213796944624,1.3813144195038936,0.07207997141558309,0.8,1.0,0.47813328093638574,0.0,0.0,0.1,250.0229949951172,346.77099609375,2.0
47421.0,9.0,10.0,8.0,-5.203837330274506,-6.558130693803493,1.3542933635289875,-6.541011240258474,1.3371739099839681,-6.617956674958906,1.4141193446844005,0.05982598115541293,0.8,0.875,0.7008411053373338,0.3535533905932738,0.3535533905932738,0.1,278.4230041503906,349.3710021972656,2.0
48669.0,10.0,10.0,8.0,-4.263672628334608,-5.29884703482568,1.0351744064910724,-5.19622028201354,0.9325476536789319,-5.307210154215923,1.043537525881315,0.008363119390242701,0.8,0.875,0.6258802887557674,0.0,1.0606601717798212,0.09999999999999998,274.62298583984375,350.77099609375,2.0
54909.0,11.0,10.0,8.0,-6.306604796700209,-7.250104470551291,0.9434996738510817,-7.589812122464583,1.2832073257643737,-7.677242645852198,1.370637849151989,0.42713817530090736,1.2,0.875,0.7675592718495758,0.0,1.0606601717798212,0.10000000000000002,255.6230010986328,357.77099609375,2.0
56157.0,12.0,10.0,8.0,-5.712519498258736,-5.86265405439375,0.15013455613501403,-5.865340904358519,0.15282140609978345,-5.884118363685825,0.17159886542708946,0.021464309292075434,1.2,1.0,0.7335011323597157,0.0,0.0,0.1,251.822998046875,359.1709899902344,2.0
59901.0,13.0,10.0,8.0,-5.567205477598699,-8.094688055116869,2.52748257751817,-8.778927849041008,3.211722371442309,-8.778927849041008,3.211722371442309,0.6842397939241387,1.0,1.0,0.724394841790524,0.0,0.0,0.10000000000000002,276.62298583984375,363.1709899902344,2.0
61149.0,14.0,10.0,8.0,-5.4339566430879485,-5.52884782109053,0.09489117800258118,-5.487534147406593,0.05357750431864439,-5.546060252748804,0.11210360966085542,0.01721243165827424,0.4,1.0,0.7154949998326791,0.0,0.0,0.1,272.822998046875,364.5710144042969,2.0
63645.0,15.0,10.0,8.0,-7.703617294517233,-9.319556055666297,1.6159387611490637,-8.224515015895516,0.520897721378283,-9.351398172726949,1.6477808782097156,0.03184211706065199,0.6,1.0,0.8318608927972787,0.0,0.0,0.09999999999999996,265.2229919433594,367.3710021972656,2.0
72380.0,16.0,10.0,8.0,-3.454670650818615,-4.8061745160068945,1.3515038651882794,-4.900535409602551,1.4458647587839355,-4.975761537985275,1.5210908871666602,0.16958702197838083,1.2,1.0,0.5495992536530534,0.0,0.0,0.1,274.62298583984375,376.97100830078125,2.0
77372.0,17.0,10.0,8.0,-5.92843509864683,-9.015942449795848,3.087507351149018,-9.650151703580924,3.7217166049340946,-9.66559756385189,3.73716246520506,0.649655114056042,1.2,0.875,0.746339623993967,0.7905694150420949,0.5,0.1,259.4230041503906,382.5710144042969,2.0
83612.0,18.0,10.0,8.0,-3.818819945996645,-7.8294406646799235,4.0106207186832785,-7.524762577434708,3.705942631438063,-8.105660342404914,4.286840396408269,0.2762196777249901,0.8,1.0,0.5861511425499047,0.0,0.0,0.10000000000000002,276.62298583984375,389.3710021972656,2.0
94843.0,19.0,10.0,8.0,-3.073594978941645,-6.69377391060517,3.620178931663525,-6.942666729750862,3.8690717508092174,-7.039031385916035,3.9654364069743897,0.3452574753108646,0.8,0.875,0.5085976080897787,0.3535533905932738,0.5,0.1,278.4230041503906,401.77099609375,2.0
97339.0,20.0,10.0,8.0,-4.491749666115855,-6.727662164120751,2.235912498004896,-7.506069685607304,3.014320019491449,-7.743069421828263,3.251319755712408,1.015407257707512,1.2,0.75,0.645997298716068,0.5,0.8660254037844386,0.09999999999999998,270.822998046875,404.5710144042969,2.0
99835.0,21.0,10.0,8.0,-4.601825714177357,-5.6384906471609835,1.0366649329836264,-5.678624374900275,1.0767986607229183,-5.707930959268852,1.106105245091495,0.06944031210786861,0.8,1.0,0.6540825948098917,0.0,0.0,0.10000000000000002,263.2229919433594,407.3710021972656,2.0
101083.0,22.0,10.0,8.0,-5.085541821264069,-6.2357721533669475,1.1502303321028782,-6.268130147034803,1.182588325770734,-6.317331930127882,1.2317901088638123,0.08155977676093418,0.8,1.0,0.6921232747117618,0.0,0.0,0.1,259.4230041503906,408.77099609375,2.0
119802.0,23.0,10.0,8.0,-4.2020027471691215,-4.707422455218138,0.5054197080490166,-4.408604568723661,0.2066018215545391,-4.76945624387915,0.5674534967100282,0.06203378866101161,0.4,1.0,0.6218118162766118,0.0,0.0,0.1,274.62298583984375,429.3710021972656,2.0
121050.0,24.0,10.0,8.0,-3.85232038410646,-4.268381632027871,0.4160612479214105,-4.89541627995486,1.0430958958484,-4.89541627995486,1.0430958958484,0.6270346479269895,1.0,1.0,0.5896451148001659,0.0,0.0,0.1,270.822998046875,430.77099609375,2.0
122298.0,25.0,10.0,8.0,-4.667910948675129,-6.112605085694522,1.4446941370193933,-6.0174095793512326,1.3494986306761039,-6.119113642734527,1.4512026940593987,0.006508557040005414,0.6,1.0,0.6603713558802284,0.0,0.0,0.1,267.02301025390625,432.1709899902344,2.0
126042.0,26.0,10.0,8.0,-3.8429564563839866,-7.831869373473551,3.9889129170895643,-8.182878229864647,4.33992177348066,-8.182878229864647,4.33992177348066,0.351008856391096,1.0,1.0,0.5886681530402691,0.0,0.0,0.09999999999999999,255.6230010986328,436.3710021972656,2.0
131034.0,27.0,10.0,8.0,-3.9239895980177257,-6.978211081466852,3.054221483449126,-6.929867301701949,3.0058777036842237,-7.16901249529645,3.245022897278724,0.1908014138295977,0.8,1.0,0.5962576216631913,0.0,0.0,0.09999999999999998,276.62298583984375,441.77099609375,2.0
132282.0,28.0,10.0,8.0,-3.5921202700843713,-5.943394904503066,2.3512746344186946,-5.829438929752246,2.237318659667875,-6.119230642208613,2.527110372124242,0.1758357377055475,0.8,0.875,0.5657611805408255,0.7071067811865476,0.7071067811865476,0.10000000000000002,272.822998046875,443.1709899902344,2.0
136025.0,29.0,10.0,8.0,-4.325989219916185,-5.431010919702755,1.1050216997865707,-5.158646460182262,0.8326572402660775,-5.497517934549981,1.171528714633796,0.06650701484722532,0.4,1.0,0.6328467809579952,0.0,0.0,0.1,261.2229919433594,447.3710021972656,2.0
137273.0,30.0,10.0,8.0,-3.6901327635178385,-5.959342889265512,2.269210125747674,-6.2704649350627175,2.580332171544879,-6.2704649350627175,2.580332171544879,0.31112204579720526,1.0,1.0,0.5730717104422379,0.0,0.0,0.09999999999999999,257.4230041503906,448.77099609375,2.0
139769.0,31.0,10.0,8.0,-6.695515831944972,-7.832625629876151,1.1371097979311795,-7.502542967318204,0.8070271353732323,-7.822696545360044,1.127180713415072,-0.009929084516107523,0.6,1.0,0.7880411227598462,0.0,0.0,0.10000000000000005,249.822998046875,451.5710144042969,2.0
143513.0,32.0,10.0,8.0,-4.542375936909105,-3.7837426414653126,-0.7586332954437922,-3.499001166896147,-1.0433747700129579,-4.542375936909111,6.217248937900877e-15,0.7586332954437984,0.0,1.0,0.6504029709333872,0.0,0.0,0.1,274.62298583984375,455.5710144042969,2.0
153497.0,33.0,10.0,8.0,-3.4115447642213126,-5.471926158736964,2.0603813945156513,-6.286465874928973,2.87492111070766,-6.45212592318244,3.040581158961128,0.9801997644454765,1.2,1.0,0.5471122809861132,0.0,0.0,0.1,244.22300720214844,466.77099609375,2.0
163480.0,34.0,10.0,8.0,-2.2578415704989903,-3.506579674493815,1.2487381039948247,-3.9742702589238235,1.7164286884248332,-4.0127831300594154,1.7549415595604252,0.5062034555656005,1.2,0.875,0.40697784975906526,0.7071067811865476,0.3535533905932738,0.1,249.822998046875,477.77099609375,2.0
164728.0,35.0,10.0,8.0,-2.6204343521476448,-4.314788012218714,1.6943536600710694,-4.4473195963664285,1.8268852442187837,-4.4473195963664285,1.8268852442187837,0.13253158414771438,1.0,0.875,0.4540248247866846,0.3535533905932738,0.0,0.1,246.0229949951172,479.1709899902344,2.0
170968.0,36.0,10.0,8.0,-4.123902077626877,-5.057503564473254,0.9336014868463778,-4.777929963951488,0.6540278863246112,-5.0701301290765555,0.9462280514496788,0.012626564603301027,0.6,0.875,0.6150524926427045,0.5,0.7905694150420949,0.1,263.2229919433594,485.97100830078125,2.0
179704.0,37.0,10.0,8.0,-2.4753989114667294,-3.0259384821329705,0.550539570666241,-2.9993582207612155,0.5239593092944861,-3.0236042323502614,0.548205320883532,-0.002334249782709019,0.8,1.0,0.43659321469282997,0.0,0.0,0.1,272.822998046875,495.5710144042969,2.0
183447.0,38.0,10.0,8.0,-4.241923653631937,-4.76667474646228,0.5247510928303427,-4.812951139332177,0.57102748570024,-4.812951139332177,0.57102748570024,0.046276392869897265,1.0,0.875,0.6243064804618365,0.3535533905932738,0.7071067811865476,0.10000000000000002,261.2229919433594,499.77099609375,2.0
187191.0,39.0,10.0,8.0,-2.4450680624827252,-5.574924725151441,3.129856662668716,-6.643558917582687,4.198490855099962,-6.643558917582687,4.198490855099962,1.0686341924312455,1.0,0.875,0.43187119274822056,0.3535533905932738,0.0,0.1,249.822998046875,503.97100830078125,2.0
188439.0,40.0,10.0,8.0,-2.3685703231127255,-4.742153365125532,2.373583042012806,-5.461548287892403,3.0929779647796773,-5.461548287892403,3.0929779647796773,0.7193949227668712,1.0,0.875,0.42286200409670366,0.0,0.7071067811865476,0.09999999999999999,246.0229949951172,505.3710021972656,2.0
202167.0,41.0,10.0,8.0,-4.1124198547872615,-3.92400420343274,-0.18841565135452143,-3.697827544253662,-0.4145923105335996,-4.165891538981793,0.0534716841945313,0.24188733554905273,0.2,1.0,0.6145045924049454,0.0,0.0,0.1,276.62298583984375,520.3709716796875,2.0
204662.0,42.0,10.0,8.0,-4.313746897702217,-4.611381092918612,0.29763419521639545,-4.322730966556836,0.008984068854619665,-4.674012932231227,0.36026603452901007,0.06263183931261462,0.4,1.0,0.6319326643585452,0.0,0.0,0.09999999999999999,268.822998046875,523.1710205078125,2.0
205910.0,43.0,10.0,8.0,-5.922630969645234,-6.19347077194676,0.27083980230152616,-5.72701538266357,-0.19561558698166426,-6.423713193358655,0.5010822237134205,0.23024242141189433,0.4,1.0,0.7451224534105246,0.0,0.0,0.09999999999999999,265.02301025390625,524.5709838867188,2.0
212150.0,44.0,10.0,8.0,-3.6936276424102914,-7.811193127389103,4.117565484978812,-8.16659872254891,4.472971080138619,-8.28931201671849,4.595684374308199,0.4781188893293873,0.8,1.0,0.573630471126303,0.0,0.0,0.1,246.0229949951172,531.5709838867188,2.0
214646.0,45.0,10.0,8.0,-4.010032295822338,-6.960175747959574,2.950143452137236,-6.7198602484025125,2.7098279525801745,-7.174326887970986,3.1642945921486483,0.21415114001141244,0.8,1.0,0.6039959555337352,0.0,0.0,0.09999999999999999,274.62298583984375,534.1710205078125,2.0
218390.0,46.0,10.0,8.0,-3.6252973949399045,-5.13406167788681,1.5087642829469052,-5.035191989211526,1.4098945942716217,-5.131878972129109,1.5065815771892046,-0.0021827057577006315,0.8,0.875,0.5671420962064269,0.7905694150420949,0.3535533905932738,0.10000000000000002,263.2229919433594,538.3709716796875,2.0
224630.0,47.0,10.0,8.0,-3.817401445116108,-4.247375071322671,0.42997362620656343,-4.220982248279904,0.40358080316379663,-4.256780018543288,0.43937857342718,0.009404947220616577,0.8,1.0,0.5869368218845061,0.0,0.0,0.1,244.22300720214844,545.3709716796875,2.0
228373.0,48.0,10.0,8.0,-4.115841176363516,-5.069960985269782,0.9541198089062659,-5.307999791831107,1.1921586154675907,-5.307999791831107,1.1921586154675907,0.2380388065613248,1.0,0.875,0.6140162176194328,0.3535533905932738,0.7071067811865476,0.09999999999999998,268.822998046875,549.3709716796875,2.0
235861.0,49.0,10.0,8.0,-5.82672606169106,-6.535403146758556,0.7086770850674959,-6.587379859376943,0.7606537976858831,-6.587379859376943,0.7606537976858831,0.05197671261838721,1.0,1.0,0.7402878211482227,0.0,0.0,0.10000000000000002,246.0229949951172,557.77099609375,2.0
242101.0,50.0,10.0,8.0,-5.058777146408944,-3.8381054372376555,-1.2206717091712882,-3.3218877866844148,-1.736889359724529,-5.058777146408939,-4.440892098500626e-15,1.2206717091712838,0.0,0.875,0.6899066780982882,0.0,0.7071067811865476,0.09999999999999998,263.2229919433594,564.5709838867188,2.0
244597.0,51.0,10.0,8.0,-8.160429220704032,-8.55979188028139,0.39936265957735806,-7.6983619510154,-0.46206726968863165,-8.865148049710147,0.704718829006115,0.305356169428757,0.4,1.0,0.8490330165919902,0.0,0.0,0.1,255.6230010986328,567.3709716796875,2.0
247093.0,52.0,10.0,8.0,-3.5082442952578514,-4.791742858111576,1.2834985628537243,-4.53570936878735,1.0274650735294983,-4.8025824998557916,1.2943382045979401,0.010839641744215811,0.8,1.0,0.5568931650738742,0.0,0.0,0.1,248.0229949951172,570.1710205078125,2.0
249588.0,53.0,10.0,8.0,-3.983647207556854,-4.639693270335028,0.6560460627781746,-4.559215840035687,0.5755686324788334,-4.639981625400972,0.6563344178441177,0.00028835506594315774,0.8,0.875,0.601504690817976,0.7071067811865476,0.0,0.09999999999999998,276.4230041503906,572.77099609375,2.0
250836.0,54.0,10.0,8.0,-4.932840918790796,-5.473206420050511,0.540365501259715,-5.007039148377662,0.07419822958686595,-5.49546762272882,0.5626267039380242,0.02226120267830911,0.6,1.0,0.6802209204062805,0.0,0.0,0.10000000000000002,272.62298583984375,574.1710205078125,2.0
252084.0,55.0,10.0,8.0,-3.6599814675511477,-3.7925851390151806,0.13260367146403285,-3.65644881436186,-0.00353265318928786,-3.8320717493620005,0.17209028181085273,0.039486610346819884,0.4,1.0,0.5709698703057605,0.0,0.0,0.09999999999999998,268.822998046875,575.5709838867188,2.0
260820.0,56.0,10.0,8.0,-4.7392243725725,-8.741953078206613,4.002728705634113,-7.288459237952689,2.549234865380189,-8.667740918720092,3.928516546147592,-0.07421215948652105,0.6,1.0,0.6652226544511327,0.0,0.0,0.1,278.4230041503906,585.1710205078125,2.0
268308.0,57.0,10.0,8.0,-3.9200326963325556,-5.560485183758806,1.6404524874262507,-5.782519441571897,1.8624867452393414,-5.785592575610297,1.865559879277741,0.2251073918514903,1.2,0.875,0.5958715100238897,0.0,0.3535533905932738,0.1,255.6230010986328,593.5709838867188,2.0
270804.0,58.0,10.0,8.0,-3.44502550524794,-6.20906555238066,2.76404004713272,-5.880374859330804,2.4353493540828635,-6.242789175969187,2.7977636707212468,0.03372362358852676,0.8,0.875,0.5494588116556908,0.0,0.5,0.1,248.0229949951172,596.3709716796875,2.0
277043.0,59.0,10.0,8.0,-6.412737172738069,-8.417857724517248,2.0051205517791786,-8.297528554669793,1.8847913819317235,-8.477445086886172,2.0647079141481033,0.0595873623689247,0.8,0.875,0.7729937536371576,0.7905694150420949,0.0,0.10000000000000002,265.02301025390625,603.1710205078125,2.0
278291.0,60.0,10.0,8.0,-4.7885213795644175,-5.274801894401641,0.48628051483722334,-5.118067599467503,0.32954621990308564,-5.539801354241946,0.7512799746775283,0.26499945984030493,1.2,1.0,0.6685663600599339,0.0,0.0,0.10000000000000002,261.2229919433594,604.5709838867188,2.0
280787.0,61.0,10.0,8.0,-6.291372161843944,-7.691945127661063,1.4005729658171182,-7.936140815811671,1.6447686539677262,-7.963847647412539,1.6724754855685946,0.2719025197514764,0.8,1.0,0.7661479203682888,0.0,0.0,0.1,253.6230010986328,607.3709716796875,2.0
282035.0,62.0,10.0,8.0,-3.8050241457240213,-4.052922676239232,0.24789853051521105,-3.497077895554324,-0.30794625016969723,-4.195745190780378,0.3907210450563565,0.14282251454114547,0.4,1.0,0.5842461907640704,0.0,0.0,0.1,249.822998046875,608.77099609375,2.0
288275.0,63.0,10.0,8.0,-7.791482455114547,-7.791482455114549,1.7763568394002505e-15,-7.791482455114549,1.7763568394002505e-15,-7.791482455114551,3.552713678800501e-15,1.7763568394002505e-15,0.4,1.0,0.8354953041294247,0.0,0.0,0.1,267.02301025390625,615.5709838867188,2.0
293267.0,64.0,10.0,8.0,-8.669090819660973,-9.0813876916641,0.41229687200312704,-9.185875634865797,0.516784815204824,-9.259618635158391,0.5905278154974187,0.1782309434942917,1.2,1.0,0.8660704935718488,0.0,0.0,0.10000000000000002,251.822998046875,621.1710205078125,2.0
294514.0,65.0,10.0,8.0,-7.1384944842762685,-7.165023984604405,0.02652950032813628,-7.575086590689208,0.4365921064129399,-7.717482451582718,0.5789879673064497,0.5524584669783135,1.2,1.0,0.808289654554321,0.0,0.0,0.1,247.822998046875,622.5709838867188,2.0
300754.0,66.0,10.0,8.0,-7.631568933953261,-8.0197728879351,0.38820395398183827,-7.675537674215579,0.043968740262317674,-8.08417415776152,0.4526052238082592,0.06440126982642091,0.4,0.875,0.8290122887561576,0.3535533905932738,0.0,0.1,265.02301025390625,629.3709716796875,2.0
309490.0,67.0,10.0,8.0,-4.025818728068212,-5.122078239862724,1.0962595117945115,-5.541848147576984,1.5160294195087722,-5.563026882261851,1.5372081541936389,0.44094864239912734,1.2,0.75,0.6058366389797698,0.7905694150420949,0.5,0.1,274.62298583984375,638.9710083007812,2.0
310738.0,68.0,10.0,8.0,-3.8886618708571237,-5.356969912961777,1.468308042104653,-6.174285794351241,2.2856239234941174,-6.497548329975922,2.6088864591187986,1.1405784170141455,1.2,1.0,0.5933965890199695,0.0,0.0,0.10000000000000005,270.822998046875,640.3709716796875,2.0
319473.0,69.0,10.0,8.0,-6.06615425310728,-9.668278856809563,3.6021246037022827,-11.115670765976706,5.049516512869426,-11.1413841459817,5.07522989287442,1.4731052891721372,1.2,1.0,0.7537471393857043,0.0,0.0,0.1,244.0229949951172,650.1710205078125,2.0
321969.0,70.0,10.0,8.0,-3.3452648075681686,-6.6114266068406105,3.266161799272442,-7.590935594743708,4.2456707871755395,-7.745561532656779,4.4002967250886105,1.1341349258161681,1.2,0.875,0.5401204287518803,0.0,0.3535533905932738,0.09999999999999998,272.62298583984375,652.77099609375,2.0
325713.0,71.0,10.0,8.0,-5.119263373102126,-7.746389529572694,2.6271261564705677,-8.397398315696806,3.27813494259468,-8.397398315696806,3.27813494259468,0.6510087861241125,1.0,1.0,0.6939923629850823,0.0,0.0,0.09999999999999996,261.2229919433594,656.9710083007812,2.0
331953.0,72.0,10.0,8.0,-3.204576113226332,-6.9806788809391715,3.7761027677128394,-8.934200192611844,5.729624079385511,-8.934200192611844,5.729624079385511,1.953521311672672,1.0,1.0,0.5226914475220579,0.0,0.0,0.1,278.4230041503906,663.77099609375,2.0
335697.0,73.0,10.0,8.0,-4.611649617542075,-6.015154104036125,1.4035044864940502,-6.434658853851517,1.8230092363094421,-6.481067036987728,1.8694174194456528,0.4659129329516025,1.2,1.0,0.655038490662978,0.0,0.0,0.1,267.02301025390625,667.9710083007812,2.0
344432.0,74.0,10.0,8.0,-5.23935636082569,-5.27009459639282,0.030738235567129735,-5.194375302831753,-0.0449810579939367,-5.311559495578933,0.07220313475324325,0.04146489918611351,0.4,1.0,0.7017769546073406,0.0,0.0,0.09999999999999999,276.4230041503906,677.5709838867188,2.0
346928.0,75.0,10.0,8.0,-6.5230801425924465,-6.076849151593039,-0.4462309909994078,-5.8399952437287075,-0.683084898863739,-6.523080142592464,1.7763568394002505e-14,0.44623099099942554,0.0,1.0,0.7784723077735787,0.0,0.0,0.1,268.822998046875,680.3709716796875,2.0
351920.0,76.0,10.0,8.0,-5.0711159455368735,-6.841656076019392,1.7705401304825186,-6.824177302209219,1.7530613566723456,-6.918044145286397,1.8469281997495237,0.07638806926700514,0.8,0.875,0.6901546126157053,0.0,0.3535533905932738,0.1,253.6230010986328,685.9710083007812,2.0
354416.0,77.0,10.0,8.0,-8.434600303241748,-8.434600303241762,1.4210854715202004e-14,-8.434600303241762,1.4210854715202004e-14,-8.434600303241762,1.4210854715202004e-14,0.0,0.0,1.0,0.8580107500627788,0.0,0.0,0.09999999999999996,246.0229949951172,688.77099609375,2.0
359408.0,78.0,10.0,8.0,-3.577241476309683,-4.8087260051089675,1.2314845287992844,-5.089155539165384,1.511914062855701,-5.136605313003212,1.559363836693529,0.3278793078942446,1.2,0.875,0.5622034911420679,0.3535533905932738,0.7071067811865476,0.1,267.02301025390625,694.1710205078125,2.0
360656.0,79.0,10.0,8.0,-3.894283132479179,-5.003913625349552,1.1096304928703735,-4.692166963482593,0.7978838310034138,-5.069506675410525,1.1752235429313465,0.06559305006097294,0.4,0.875,0.5937381071994376,0.3535533905932738,0.6123724356957945,0.1,263.2229919433594,695.5709838867188,2.0
366895.0,80.0,10.0,8.0,-3.6906776189037824,-6.07641757360733,2.3857399547035474,-6.061442181783566,2.370764562879784,-6.25558995623919,2.5649123373354072,0.17917238263185986,0.8,1.0,0.5743068254702427,0.0,0.0,0.1,244.0229949951172,702.5709838867188,2.0
375631.0,81.0,10.0,8.0,-5.152896194766163,-7.465370148226955,2.312473953460792,-8.293084966510076,3.1401887717439125,-8.376510999667033,3.22361480490087,0.9111408514400781,1.2,1.0,0.6969072267072055,0.0,0.0,0.1,253.6230010986328,712.1710205078125,2.0
395598.0,82.0,10.0,8.0,-3.748897864003045,-5.144141996931996,1.3952441329289509,-5.227477880941961,1.4785800169389156,-5.253341157355321,1.5044432933522756,0.10919916042332467,0.8,1.0,0.5800372048707771,0.0,0.0,0.1,265.02301025390625,734.1710205078125,2.0
398094.0,83.0,10.0,8.0,-4.288215057531149,-5.049107569856047,0.7608925123248982,-5.389936509089239,1.10172145155809,-5.545811738852958,1.2575966813218091,0.49670416899691094,1.2,0.875,0.6291350604157203,0.3535533905932738,0.5,0.09999999999999999,257.4230041503906,736.9710083007812,2.0
404334.0,84.0,10.0,8.0,-3.2894365960906837,-5.617768719524085,2.328332123433401,-6.266517569795564,2.9770809737048802,-6.315499760863706,3.0260631647730225,0.6977310413396216,1.2,1.0,0.5329384657535907,0.0,0.0,0.1,274.62298583984375,743.77099609375,2.0
406830.0,85.0,10.0,8.0,-3.9581070523075947,-5.449724438413876,1.491617386106281,-5.584274392125508,1.626167339817913,-5.584274392125508,1.626167339817913,0.13454995371163214,1.0,1.0,0.5996845001747155,0.0,0.0,0.1,267.02301025390625,746.5709838867188,2.0
410573.0,86.0,10.0,8.0,-3.104323702144969,-5.080534654227929,1.9762109520829596,-5.006853885997213,1.9025301838522437,-5.12542671542645,2.0211030132814805,0.04489206119852085,0.8,0.875,0.5127403362382981,0.3535533905932738,0.3535533905932738,0.09999999999999998,255.42300415039062,750.77099609375,2.0
413069.0,87.0,10.0,8.0,-4.422689180928341,-5.458881631215301,1.0361924502869604,-5.699008856811697,1.2763196758833564,-5.740677434806293,1.3179882538779522,0.28179580359099177,1.2,1.0,0.6408727537113013,0.0,0.0,0.1,247.822998046875,753.5709838867188,2.0
415565.0,88.0,10.0,8.0,-3.127385941491247,-3.7634118856752954,0.6360259441840483,-3.8270861638583127,0.6997002223670656,-3.8270861638583127,0.6997002223670656,0.0636742781830173,1.0,1.0,0.5157859453584231,0.0,0.0,0.09999999999999999,276.4230041503906,756.1710205078125,2.0
428045.0,89.0,10.0,8.0,-2.892121094035385,-3.806612530775337,0.9144914367399517,-3.8382358683310622,0.946114774295677,-3.8583296774604614,0.9662085834250762,0.051717146685124504,0.8,1.0,0.4878548005627339,0.0,0.0,0.1,274.62298583984375,769.9710083007812,2.0
438028.0,90.0,10.0,8.0,-2.4939932080260703,-3.2818464101339666,0.7878532021078963,-3.2919813118169654,0.7979881037908951,-3.3049069009005287,0.8109136928744585,0.023060490766562136,0.8,1.0,0.43848484384802605,0.0,0.0,0.09999999999999998,244.0229949951172,781.1710205078125,2.0
448012.0,91.0,10.0,8.0,-3.618788590202158,-5.39919128886353,1.7804026986613715,-5.682145058575881,2.063356468373723,-5.682145058575881,2.063356468373723,0.28295376971235164,1.0,0.875,0.5660892761036689,0.5,0.6123724356957945,0.1,249.822998046875,792.1710205078125,2.0
459243.0,92.0,10.0,8.0,-2.514861148395409,-2.984983775221586,0.4701226268261771,-3.057406881278397,0.5425457328829881,-3.057406881278397,0.5425457328829881,0.07242310605681102,1.0,1.0,0.44024977505766233,0.0,0.0,0.10000000000000002,251.6230010986328,804.5709838867188,2.0
460491.0,93.0,10.0,8.0,-2.5705247852770046,-3.2291899607006402,0.6586651754236357,-3.1806571055246886,0.610132320247684,-3.2439559769245734,0.6734311916475688,0.014766016223933143,0.8,0.875,0.44839805300704383,1.0606601717798212,0.3535533905932738,0.1,247.822998046875,805.9710083007812,2.0
464235.0,94.0,10.0,8.0,-3.3404775322455587,-3.917470453740658,0.5769929214950995,-3.7391287006817238,0.3986511684361651,-3.920823010326205,0.5803454780806465,0.0033525565855470063,0.6,0.875,0.5378059208356246,0.7071067811865476,0.7071067811865476,0.10000000000000002,272.62298583984375,809.9710083007812,2.0
465483.0,95.0,10.0,8.0,-3.6623424255534403,-6.157829249281653,2.4954868237282124,-6.026062800810431,2.3637203752569906,-6.337691264239079,2.6753488386856388,0.17986201495742637,0.8,1.0,0.5720924341886899,0.0,0.0,0.1,268.822998046875,811.3709716796875,2.0
467979.0,96.0,10.0,8.0,-5.615657880926438,-7.508142038216976,1.8924841572905375,-7.7878255996706125,2.1721677187441744,-7.850608538325888,2.23495065739945,0.34246650010891244,1.2,1.0,0.7269370805419859,0.0,0.0,0.1,261.2229919433594,814.1710205078125,2.0
476714.0,97.0,10.0,8.0,-2.0145765664033934,-2.524571970553123,0.5099954041497297,-2.6958315943077515,0.6812550279043581,-2.719094219688957,0.7045176532855635,0.19452224913583382,1.2,1.0,0.3739922182763597,0.0,0.0,0.10000000000000002,270.62298583984375,823.77099609375,2.0
481706.0,98.0,10.0,8.0,-2.020886146510567,-2.4120014318813863,0.3911152853708191,-2.5960623275378776,0.5751761810273104,-2.631276907857143,0.6103907613465758,0.2192754759757567,1.2,1.0,0.3736511759290703,0.0,0.0,0.10000000000000005,255.42300415039062,829.3709716796875,2.0
496682.0,99.0,10.0,8.0,-6.8411334284125385,-6.472942074533295,-0.3681913538792436,-6.2128907209099085,-0.62824270750263,-6.929097876361024,0.08796444794848579,0.4561558018277294,0.2,1.0,0.7954587158702026,0.0,0.0,0.1,246.0229949951172,845.9710083007812,2.0
4991.0,0.0,10.0,16.0,-5.443234306584398,-7.839624961522352,2.396390654937954,-7.861334763918794,2.418100457334396,-7.899972255236426,2.4567379486520275,0.06034729371407366,0.8,0.9375,0.7165288283955058,0.3535533905932738,0.25,0.10000000000000002,263.2229919433594,302.5710144042969,2.0
12479.0,1.0,10.0,16.0,-6.764399794143308,-7.612442045912465,0.848042251769157,-6.915918930257794,0.1515191361144863,-7.625096111204963,0.8606963170616551,0.012654065292498018,0.6,0.875,0.7912315837475803,1.118033988749895,0.4330127018922193,0.1,276.62298583984375,310.77099609375,2.0
19967.0,2.0,10.0,16.0,-7.393327463161597,-7.8375327006500415,0.4442052374884442,-7.8933263763224275,0.4999989131608302,-7.8933263763224275,0.4999989131608302,0.05579367567238602,1.0,0.875,0.8227587866218616,0.5590169943749475,0.25,0.1,253.822998046875,319.1709899902344,2.0
22463.0,3.0,10.0,16.0,-6.852087589658492,-9.311800618455026,2.459713028796534,-9.423168799660708,2.571081210002216,-9.511034078312854,2.6589464886543617,0.1992334598578278,0.8,0.875,0.7977506795109235,0.82915619758885,0.75,0.10000000000000002,246.22300720214844,321.97100830078125,2.0
23710.0,4.0,10.0,16.0,-8.15861225142616,-8.532643661888615,0.3740314104624556,-8.812382474739008,0.6537702233128488,-9.195774965705162,1.0371627142790025,0.663131303816547,1.2,0.9375,0.8494679480233036,0.3535533905932738,0.4330127018922193,0.10000000000000005,278.4230041503906,323.1709899902344,2.0
24958.0,5.0,10.0,16.0,-5.678035614382454,-6.711496229215008,1.0334606148325545,-6.597155337885448,0.9191197235029946,-6.711209555411102,1.0331739410286485,-0.0002866738039060124,0.8,1.0,0.7328963532783375,0.0,0.0,0.10000000000000005,274.62298583984375,324.5710144042969,2.0
26206.0,6.0,10.0,16.0,-7.01786852486939,-10.377932017466577,3.3600634925971873,-11.011108387800894,3.993239862931504,-11.011108387800894,3.993239862931504,0.6331763703343167,1.0,0.9375,0.803345829460634,0.75,0.5,0.09999999999999999,270.822998046875,325.97100830078125,2.0
34942.0,7.0,10.0,16.0,-5.256001252910691,-6.675009363861242,1.4190081109505508,-6.383888042919508,1.1278867900088168,-6.7019242976140525,1.4459230447033615,0.026914933752810732,0.6,0.9375,0.7052927655109331,0.5590169943749475,0.3535533905932738,0.1,244.22300720214844,335.77099609375,2.0
44926.0,8.0,10.0,16.0,-4.604366412621025,-6.451728566315211,1.8473621536941858,-6.457728685343472,1.853362272722447,-6.480952914203261,1.8765865015822358,0.029224347888050062,0.8,0.875,0.6569981181025192,0.5,0.82915619758885,0.1,250.0229949951172,346.77099609375,2.0
47421.0,9.0,10.0,16.0,-7.93044626845293,-9.500359122796622,1.5699128543436922,-9.492462490552262,1.5620162220993317,-9.509187823395196,1.5787415549422663,0.008828700598574102,0.8,1.0,0.8442760414381247,0.0,0.0,0.1,278.4230041503906,349.3710021972656,2.0
48669.0,10.0,10.0,16.0,-6.729473447722635,-7.411435918921284,0.6819624711986494,-6.799216156002872,0.06974270828023776,-7.542681362442307,0.8132079147196727,0.1312454435210233,0.4,1.0,0.7893556876798803,0.0,0.0,0.09999999999999998,274.62298583984375,350.77099609375,2.0
54909.0,11.0,10.0,16.0,-8.987331384565694,-10.6595803940324,1.6722490094667055,-10.443140265935675,1.4558088813699808,-10.643825470297998,1.6564940857323034,-0.015754923734402126,0.6,0.9375,0.8766740777502269,0.0,0.3535533905932738,0.10000000000000002,255.6230010986328,357.77099609375,2.0
56157.0,12.0,10.0,16.0,-7.996955041007702,-8.299647882035767,0.3026928410280654,-8.273931082494201,0.276976041486499,-8.332101025064107,0.33514598405640506,0.03245314302833968,0.4,0.9375,0.8450464800808338,0.4330127018922193,0.5,0.1,251.822998046875,359.1709899902344,2.0
59901.0,13.0,10.0,16.0,-7.135617292457076,-9.658729926292999,2.5231126338359227,-10.069150333222112,2.9335330407650355,-10.069150333222112,2.9335330407650355,0.41042040692911286,1.0,0.875,0.8108798308287904,1.0,0.6614378277661477,0.10000000000000002,276.62298583984375,363.1709899902344,2.0
61149.0,14.0,10.0,16.0,-7.151128733990401,-7.209113744503788,0.057985010513387,-7.112373336049085,-0.03875539794131555,-7.268831753922125,0.11770301993172438,0.05971800941833738,0.4,1.0,0.811258824954042,0.0,0.0,0.1,272.822998046875,364.5710144042969,2.0
63645.0,15.0,10.0,16.0,-9.918948612990068,-12.032206353369139,2.113257740379071,-11.04274087306238,1.123792260072312,-12.071060773491407,2.152112160501339,0.03885442012226825,0.6,0.8125,0.901749308672354,0.6614378277661477,0.6123724356957945,0.09999999999999996,265.2229919433594,367.3710021972656,2.0
72380.0,16.0,10.0,16.0,-7.064094629055756,-9.679142202664593,2.6150475736088374,-9.56060241965101,2.4965077905952544,-9.675669163035037,2.6115745339792813,-0.0034730396295561405,0.6,1.0,0.8061465385159211,0.0,0.0,0.1,274.62298583984375,376.97100830078125,2.0
77372.0,17.0,10.0,16.0,-8.33926858831388,-12.412867709804598,4.073599121490718,-12.351374316222772,4.012105727908892,-12.506255091418286,4.166986503104406,0.09338738161368809,0.8,0.9375,0.8581399702459793,0.5,0.25,0.1,259.4230041503906,382.5710144042969,2.0
83612.0,18.0,10.0,16.0,-7.890110778132611,-11.306368037745738,3.4162572596131273,-10.742736768247699,2.8526259901150883,-11.358312292807003,3.4682015146743925,0.05194425506126521,0.6,0.9375,0.840468118808517,0.5590169943749475,0.4330127018922193,0.10000000000000002,276.62298583984375,389.3710021972656,2.0
94843.0,19.0,10.0,16.0,-6.686452470072346,-10.679435304176783,3.9929828341044367,-9.517356394342778,2.830903924270432,-10.682991504306642,3.9965390342342957,0.003556200129859022,0.6,0.9375,0.7882464427056166,0.25,0.0,0.1,278.4230041503906,401.77099609375,2.0
97339.0,20.0,10.0,16.0,-7.283186869428188,-10.843452070818005,3.560265201389817,-10.844609636640657,3.561422767212469,-10.912830316226035,3.6296434467978473,0.06937824540803028,0.8,1.0,0.81629591846635,0.0,0.0,0.09999999999999998,270.822998046875,404.5710144042969,2.0
99835.0,21.0,10.0,16.0,-7.4913027292561125,-9.130629716662018,1.639326987405905,-8.651980744878536,1.1606780156224232,-9.113564840443605,1.6222621111874922,-0.017064876218412905,0.6,1.0,0.8237199831762462,0.0,0.0,0.10000000000000002,263.2229919433594,407.3710021972656,2.0
101083.0,22.0,10.0,16.0,-7.6945174202484425,-10.036899865258466,2.3423824450100232,-9.874771727598212,2.1802543073497693,-10.15816883882692,2.463651418578478,0.1212689735684549,0.8,0.9375,0.8331402507727655,0.4330127018922193,0.5,0.1,259.4230041503906,408.77099609375,2.0
119802.0,23.0,10.0,16.0,-6.851505145056364,-8.06219745750702,1.2106923124506563,-7.420090346268239,0.5685852012118753,-8.0924580202206,1.2409528751642354,0.03026056271357902,0.6,0.9375,0.7967571008826105,0.7071067811865476,0.4330127018922193,0.1,274.62298583984375,429.3710021972656,2.0
121050.0,24.0,10.0,16.0,-7.424397940358803,-11.757954448932894,4.333556508574091,-11.150774828780508,3.7263768884217043,-11.758625590517852,4.334227650159049,0.0006711415849576241,0.6,1.0,0.8219793270341902,0.0,0.0,0.1,270.822998046875,430.77099609375,2.0
122298.0,25.0,10.0,16.0,-8.122172964789785,-9.941208292068623,1.8190353272788382,-8.773108131804854,0.6509351670150689,-10.614886275981059,2.492713311191274,0.6736779839124356,0.4,0.9375,0.8501761392632099,0.25,0.5590169943749475,0.1,267.02301025390625,432.1709899902344,2.0
126042.0,26.0,10.0,16.0,-6.2826335965433575,-10.365179092540176,4.082545495996818,-10.126498715491632,3.8438651189482744,-10.344896824857631,4.062263228314274,-0.020282267682544486,0.6,0.875,0.7672905904669086,0.8660254037844386,0.75,0.09999999999999999,255.6230010986328,436.3710021972656,2.0
131034.0,27.0,10.0,16.0,-6.808965723641723,-10.855124891670634,4.046159168028911,-10.790570409179015,3.9816046855372917,-10.859587669129011,4.050621945487288,0.004462777458376976,0.8,0.9375,0.794910904263509,0.3535533905932738,0.4330127018922193,0.09999999999999998,276.62298583984375,441.77099609375,2.0
132282.0,28.0,10.0,16.0,-6.117186595788811,-7.856982429744167,1.7397958339553554,-7.679508467869837,1.562321872081026,-7.866567381482361,1.7493807856935497,0.009584951738194292,0.6,0.875,0.7598448645128714,0.5,0.5,0.10000000000000002,272.822998046875,443.1709899902344,2.0
136025.0,29.0,10.0,16.0,-7.318693092726873,-8.787974516414307,1.469281423687434,-8.122143077974332,0.8034499852474593,-9.230873302628332,1.912180209901459,0.442898786214025,0.4,1.0,0.8184122912389767,0.0,0.0,0.1,261.2229919433594,447.3710021972656,2.0
137273.0,30.0,10.0,16.0,-6.076934603997807,-8.727609570105116,2.6506749661073092,-8.393476049192103,2.3165414451942956,-8.735796434543854,2.658861830546047,0.008186864438737729,0.6,0.875,0.7567670508394962,0.7905694150420949,0.6614378277661477,0.09999999999999999,257.4230041503906,448.77099609375,2.0
139769.0,31.0,10.0,16.0,-11.907442428491304,-12.301856680678501,0.3944142521871967,-10.506947880339535,-1.4004945481517694,-13.351791308453462,1.444348879962158,1.0499346277749613,0.4,0.9375,0.9394387510620639,0.5,0.5,0.10000000000000005,249.822998046875,451.5710144042969,2.0
143513.0,32.0,10.0,16.0,-8.104784090169142,-7.451155008605621,-0.6536290815635208,-6.801845963652271,-1.302938126516871,-8.104784090169142,0.0,0.6536290815635208,0.0,0.9375,0.8481008857149115,0.25,0.0,0.1,274.62298583984375,455.5710144042969,2.0
153497.0,33.0,10.0,16.0,-5.676694851164318,-7.58410863640452,1.9074137852402018,-7.958969994912408,2.28227514374809,-7.958969994912408,2.28227514374809,0.3748613585078884,1.0,0.9375,0.7336000008333596,0.3535533905932738,0.5,0.1,244.22300720214844,466.77099609375,2.0
163480.0,34.0,10.0,16.0,-4.881584265925673,-6.386832086502507,1.5052478205768347,-6.399318084103581,1.5177338181779083,-6.492089335187878,1.6105050692622056,0.1052572486853709,0.8,0.9375,0.6777537750202626,0.5590169943749475,0.25,0.1,249.822998046875,477.77099609375,2.0
164728.0,35.0,10.0,16.0,-5.9434758274861546,-8.079382193240498,2.1359063657543436,-7.261025635460001,1.3175498079738466,-8.141713473033722,2.198237645547567,0.062331279793223615,0.4,1.0,0.7492761919314279,0.0,0.0,0.1,246.0229949951172,479.1709899902344,2.0
170968.0,36.0,10.0,16.0,-6.469991335774301,-7.35273643395293,0.8827450981786287,-6.854289826100811,0.3842984903265103,-7.545194379204383,1.0752030434300819,0.1924579452514532,0.4,0.875,0.7778944306743625,0.7071067811865476,0.25,0.1,263.2229919433594,485.97100830078125,2.0
179704.0,37.0,10.0,16.0,-5.374075925575605,-7.523266700899929,2.149190775324324,-7.489828379122061,2.115752453546456,-7.62645099367833,2.252375068102725,0.10318429277840124,0.8,1.0,0.7127703629339682,0.0,0.0,0.1,272.822998046875,495.5710144042969,2.0
183447.0,38.0,10.0,16.0,-6.954020816397048,-9.940222721245087,2.9862019048480395,-10.32931372466145,3.3752929082644023,-10.34918555030278,3.395164733905732,0.40896282905769255,0.8,1.0,0.8007925801497093,0.0,0.0,0.10000000000000002,261.2229919433594,499.77099609375,2.0
187191.0,39.0,10.0,16.0,-5.076347750144232,-8.245810688647282,3.1694629385030497,-8.452701008043487,3.376353257899255,-8.452701008043487,3.376353257899255,0.20689031939620506,1.0,0.9375,0.6918725097849401,0.25,0.5,0.1,249.822998046875,503.97100830078125,2.0
188439.0,40.0,10.0,16.0,-4.817486090132569,-7.589071139090349,2.77158504895778,-7.4866136969669,2.6691276068343317,-7.62861802955669,2.811131939424121,0.03954689046634119,0.8,0.9375,0.6744780315936363,0.0,0.3535533905932738,0.09999999999999999,246.0229949951172,505.3710021972656,2.0
202167.0,41.0,10.0,16.0,-7.961545310833199,-7.334103631795444,-0.627441679037755,-6.887878679096166,-1.0736666317370336,-8.063777214917822,0.1022319040846229,0.729673583122378,0.2,1.0,0.843841515061981,0.0,0.0,0.1,276.62298583984375,520.3709716796875,2.0
204662.0,42.0,10.0,16.0,-8.489419084228802,-7.681858889105077,-0.8075601951237248,-7.158892646904649,-1.3305264373241528,-8.577579067586608,0.08815998335780684,0.8957201784815316,0.2,1.0,0.8616223327858799,0.0,0.0,0.09999999999999999,268.822998046875,523.1710205078125,2.0
205910.0,43.0,10.0,16.0,-9.149919562780298,-9.23167107004604,0.08175150726574287,-8.482839599345416,-0.6670799634348814,-9.672032353739533,0.5221127909592358,0.4403612836934929,0.2,0.9375,0.880033102601551,0.0,0.5,0.09999999999999999,265.02301025390625,524.5709838867188,2.0
212150.0,44.0,10.0,16.0,-7.419942933143493,-11.010017930692381,3.5900749975488884,-10.349830233030161,2.9298872998866683,-11.086821245297243,3.6668783121537496,0.07680331460486123,0.6,1.0,0.8216238544366418,0.0,0.0,0.1,246.0229949951172,531.5709838867188,2.0
214646.0,45.0,10.0,16.0,-7.4770032660609616,-10.113311026787029,2.6363077607260674,-9.494940795839517,2.017937529778555,-10.160113455003497,2.6831101889425355,0.04680242821646807,0.6,0.9375,0.8237046948568454,0.25,0.0,0.09999999999999999,274.62298583984375,534.1710205078125,2.0
218390.0,46.0,10.0,16.0,-5.928491505082746,-9.71312805251199,3.784636547429245,-10.050335051099264,4.121843546016518,-10.050335051099264,4.121843546016518,0.33720699858727343,1.0,0.875,0.7468436179836546,0.3535533905932738,0.6123724356957945,0.10000000000000002,263.2229919433594,538.3709716796875,2.0
224630.0,47.0,10.0,16.0,-6.5519044521315015,-7.133614422873819,0.5817099707423177,-7.168373906493823,0.6164694543623215,-7.373487206622743,0.8215827544912413,0.23987278374892362,0.4,1.0,0.7823311383252699,0.0,0.0,0.1,244.22300720214844,545.3709716796875,2.0
228373.0,48.0,10.0,16.0,-7.712558626190299,-8.667255173647012,0.9546965474567131,-8.871694042941131,1.159135416750832,-8.871694042941131,1.159135416750832,0.20443886929411903,1.0,1.0,0.8338361313339216,0.0,0.0,0.09999999999999998,268.822998046875,549.3709716796875,2.0
235861.0,49.0,10.0,16.0,-10.165027804721586,-10.218007104950985,0.05297930022939923,-9.42158847625625,-0.7434393284653353,-10.512363994099626,0.34733618937804067,0.29435688914864144,0.4,1.0,0.906807845713547,0.0,0.0,0.10000000000000002,246.0229949951172,557.77099609375,2.0
242101.0,50.0,10.0,16.0,-11.690518070167917,-13.11048275902137,1.4199646888534527,-11.742974053021765,0.052455982853848226,-13.168010035066285,1.477491964898368,0.057527276044915254,0.6,0.9375,0.9350429648722575,0.25,0.4330127018922193,0.09999999999999998,263.2229919433594,564.5709838867188,2.0
244597.0,51.0,10.0,16.0,-11.417876813461966,-12.494346299530559,1.0764694860685928,-11.857813761793516,0.4399369483315496,-12.648717592480052,1.2308407790180862,0.15437129294949337,0.4,0.9375,0.9315439985951848,0.3535533905932738,0.5,0.1,255.6230010986328,567.3709716796875,2.0
247093.0,52.0,10.0,16.0,-6.020575973953548,-8.147109337188907,2.1265333632353585,-7.866275620050701,1.8456996460971533,-8.171497338484254,2.1509213645307064,0.024388001295347905,0.8,0.875,0.7547134218667604,0.25,0.5,0.1,248.0229949951172,570.1710205078125,2.0
249588.0,53.0,10.0,16.0,-7.220324933715684,-9.716989815412456,2.4966648816967716,-10.16520780820144,2.9448828744857565,-10.16520780820144,2.9448828744857565,0.4482179927889849,1.0,1.0,0.8132707125271306,0.0,0.0,0.09999999999999998,276.4230041503906,572.77099609375,2.0
250836.0,54.0,10.0,16.0,-7.101145181814795,-8.611150454685104,1.510005272870309,-7.503661053609617,0.4025158717948223,-8.730945450126796,1.6298002683120014,0.11979499544169236,0.4,0.9375,0.8081215278019469,0.25,0.0,0.10000000000000002,272.62298583984375,574.1710205078125,2.0
252084.0,55.0,10.0,16.0,-6.014267452051193,-7.180666291091224,1.1663988390400304,-7.1156604157674295,1.1013929637162363,-7.433526575828038,1.419259123776845,0.25286028473681466,1.2,0.9375,0.7523877425382794,0.3535533905932738,0.25,0.09999999999999998,268.822998046875,575.5709838867188,2.0
260820.0,56.0,10.0,16.0,-8.58017082212292,-11.639057661219166,3.058886839096246,-9.353202365834077,0.7730315437111575,-11.865826658880929,3.285655836758009,0.22676899766176284,0.4,0.9375,0.8635353447294082,0.25,0.25,0.1,278.4230041503906,585.1710205078125,2.0
268308.0,57.0,10.0,16.0,-6.453004772520414,-8.797831813530319,2.3448270410099052,-9.000177433777319,2.547172661256905,-9.023230071324397,2.570225298803983,0.22539825779407785,1.2,0.9375,0.7771455653884118,0.3535533905932738,0.4330127018922193,0.1,255.6230010986328,593.5709838867188,2.0
270804.0,58.0,10.0,16.0,-7.1624147407106395,-9.334328215889617,2.171913475178977,-7.992978825168727,0.8305640844580875,-9.787523309358349,2.6251085686477094,0.4531950934687323,0.4,0.9375,0.8123966883564842,0.25,0.3535533905932738,0.1,248.0229949951172,596.3709716796875,2.0
277043.0,59.0,10.0,16.0,-8.496560931573729,-9.47539926404309,0.9788383324693619,-9.290325033120096,0.7937641015463672,-9.588811288779588,1.0922503572058595,0.11341202473649759,0.4,0.9375,0.861281508614972,0.25,0.4330127018922193,0.10000000000000002,265.02301025390625,603.1710205078125,2.0
278291.0,60.0,10.0,16.0,-7.087065760105393,-8.736271640080695,1.6492058799753018,-7.873168325458727,0.7861025653533344,-8.716560729203392,1.6294949690979994,-0.019710910877302368,0.6,0.9375,0.8065318204244744,0.3535533905932738,0.25,0.10000000000000002,261.2229919433594,604.5709838867188,2.0
280787.0,61.0,10.0,16.0,-8.941212378128215,-11.698166896180922,2.756954518052707,-11.686663416327942,2.745451038199727,-11.817823848404124,2.8766114702759094,0.1196569522232025,0.8,0.9375,0.8751871306124486,0.3535533905932738,0.4330127018922193,0.1,253.6230010986328,607.3709716796875,2.0
282035.0,62.0,10.0,16.0,-5.957255913959594,-6.352226129687947,0.3949702157283532,-6.0789990046081535,0.12174309064855926,-6.442763159586904,0.48550724562730974,0.09053702989895651,0.4,0.875,0.7483586112574507,0.25,0.6123724356957945,0.1,249.822998046875,608.77099609375,2.0
288275.0,63.0,10.0,16.0,-10.536291953425348,-11.400467619730414,0.8641756663050657,-11.331239522403909,0.7949475689785608,-11.437513631363952,0.9012216779386044,0.03704601163353871,0.8,0.9375,0.9142008471867386,0.5,0.75,0.1,267.02301025390625,615.5709838867188,2.0
293267.0,64.0,10.0,16.0,-10.00437395607685,-10.475007772617726,0.4706338165408752,-10.448611825545209,0.44423786946835797,-10.471800667797499,0.4674267117206483,-0.0032071048202269026,0.8,0.75,0.9059083831593151,0.6614378277661477,0.9013878188659973,0.10000000000000002,251.822998046875,621.1710205078125,2.0
294514.0,65.0,10.0,16.0,-8.923226442858741,-9.894483091636573,0.9712566487778318,-10.62883619329936,1.705609750440619,-10.62883619329936,1.705609750440619,0.7343531016627871,1.0,0.9375,0.8739589792625361,0.0,0.25,0.1,247.822998046875,622.5709838867188,2.0
300754.0,66.0,10.0,16.0,-9.17625947181164,-10.020770803831278,0.8445113320196374,-9.707794377553826,0.5315349057421859,-10.041533290633451,0.8652738188218105,0.020762486802173186,0.6,0.8125,0.8836109835110525,0.5590169943749475,0.6123724356957945,0.1,265.02301025390625,629.3709716796875,2.0
309490.0,67.0,10.0,16.0,-7.219478343555076,-10.209363131297264,2.989884787742189,-11.414006072586425,4.194527729031349,-11.467230953450546,4.24775260989547,1.2578678221532815,1.2,1.0,0.8137654100752951,0.0,0.0,0.1,274.62298583984375,638.9710083007812,2.0
310738.0,68.0,10.0,16.0,-6.487969113783404,-8.293640294119449,1.805671180336045,-8.044983476841013,1.5570143630576094,-8.322250039021327,1.8342809252379233,0.028609744901878287,0.6,0.9375,0.7792973610518629,0.3535533905932738,0.4330127018922193,0.10000000000000005,270.822998046875,640.3709716796875,2.0
319473.0,69.0,10.0,16.0,-9.354201284820167,-14.334367239213083,4.980165954392916,-15.020620263773829,5.666418978953661,-15.020620263773829,5.666418978953661,0.6862530245607452,1.0,0.875,0.8867582119682813,0.5,0.3535533905932738,0.1,244.0229949951172,650.1710205078125,2.0
321969.0,70.0,10.0,16.0,-7.435186112358827,-11.018767126528214,3.583581014169387,-10.683663336492678,3.2484772241338513,-11.042646811054436,3.6074606986956086,0.023879684526221467,0.6,1.0,0.8237730443886627,0.0,0.0,0.09999999999999998,272.62298583984375,652.77099609375,2.0
325713.0,71.0,10.0,16.0,-8.75125749797613,-11.655260481455922,2.904002983479792,-11.123832897876422,2.372575399900292,-11.680996379166931,2.9297388811908007,0.025735897711008704,0.6,0.9375,0.8696944577615251,0.25,0.25,0.09999999999999996,261.2229919433594,656.9710083007812,2.0
331953.0,72.0,10.0,16.0,-7.375333604673982,-13.154445479330345,5.779111874656363,-12.357228166465813,4.98189456179183,-13.149532499815479,5.774198895141496,-0.004912979514866578,0.6,1.0,0.819727005418007,0.0,0.0,0.1,278.4230041503906,663.77099609375,2.0
335697.0,73.0,10.0,16.0,-6.788600147183981,-8.636906752388064,1.8483066052040833,-8.795342084594521,2.00674193741054,-8.83947472770089,2.0508745805169095,0.20256797531282622,1.2,0.9375,0.792226968785561,0.75,0.3535533905932738,0.1,267.02301025390625,667.9710083007812,2.0
344432.0,74.0,10.0,16.0,-7.672915734576689,-8.769729625494687,1.096813890917998,-8.36580528730873,0.6928895527320407,-8.776803961363248,1.1038882267865588,0.007074335868560766,0.6,0.9375,0.8310660909525696,0.4330127018922193,0.5,0.09999999999999999,276.4230041503906,677.5709838867188,2.0
346928.0,75.0,10.0,16.0,-9.210945699351132,-8.55857257531898,-0.6523731240321524,-8.155306968840877,-1.055638730510255,-9.210945699351154,2.1316282072803006e-14,0.6523731240321737,0.0,0.9375,0.8825431445760411,0.5,0.5,0.1,268.822998046875,680.3709716796875,2.0
351920.0,76.0,10.0,16.0,-7.902278130674384,-9.695410426156165,1.7931322954817812,-8.93101197286497,1.0287338421905865,-9.732385965500674,1.8301078348262898,0.03697553934450859,0.6,0.9375,0.8408569753359829,0.25,0.3535533905932738,0.1,253.6230010986328,685.9710083007812,2.0
354416.0,77.0,10.0,16.0,-11.743463597118676,-11.753405277349158,0.009941680230481253,-11.307126686017988,-0.43633691110068895,-11.9210435149951,0.17757991787642347,0.1676382376459422,0.4,0.9375,0.9356586102159351,0.25,0.5,0.09999999999999996,246.0229949951172,688.77099609375,2.0
359408.0,78.0,10.0,16.0,-6.61526681339183,-7.586804291412576,0.9715374780207453,-7.707863353912977,1.0925965405211464,-7.849164581963892,1.2338977685720618,0.2623602905513165,1.2,1.0,0.7847924787521873,0.0,0.0,0.1,267.02301025390625,694.1710205078125,2.0
360656.0,79.0,10.0,16.0,-6.4280921102869435,-7.7627935906749865,1.334701480388043,-7.621161912163962,1.1930698018770185,-7.833363002836496,1.4052708925495523,0.07056941216150925,0.4,0.9375,0.775968034274927,0.0,0.5,0.1,263.2229919433594,695.5709838867188,2.0
366895.0,80.0,10.0,16.0,-7.014396210505102,-8.129087678497909,1.1146914679928068,-7.874218353842255,0.8598221433371531,-8.224168209513682,1.2097719990085798,0.09508053101577296,0.4,0.9375,0.8040244079686486,0.25,0.3535533905932738,0.1,244.0229949951172,702.5709838867188,2.0
375631.0,81.0,10.0,16.0,-8.29935664805586,-11.041025679876636,2.741669031820777,-10.605078771894735,2.3057221238388763,-11.041227207128625,2.7418705590727654,0.00020152725198840926,0.6,0.9375,0.8566022024397716,0.0,0.25,0.1,253.6230010986328,712.1710205078125,2.0
395598.0,82.0,10.0,16.0,-6.653372053092973,-8.108019166993857,1.4546471139008847,-7.724260909979198,1.0708888568862251,-8.109286215086085,1.4559141619931122,0.0012670480922274407,0.6,0.875,0.7876498746904315,1.299038105676658,0.5,0.1,265.02301025390625,734.1710205078125,2.0
398094.0,83.0,10.0,16.0,-6.500212292282256,-8.751960086629381,2.251747794347126,-9.132044111911968,2.6318318196297126,-9.132044111911968,2.6318318196297126,0.3800840252825868,1.0,0.9375,0.7802934312728999,0.0,0.25,0.09999999999999999,257.4230041503906,736.9710083007812,2.0
404334.0,84.0,10.0,16.0,-6.277583385299961,-10.109072125978964,3.831488740679003,-9.939114464809576,3.661531079509615,-10.083929737140998,3.8063463518410376,-0.025142388837965157,0.6,1.0,0.7675119232558407,0.0,0.0,0.1,274.62298583984375,743.77099609375,2.0
406830.0,85.0,10.0,16.0,-7.947277675755479,-11.095762204809702,3.1484845290542234,-10.55784887358724,2.610571197831761,-11.13913607856168,3.1918584028062016,0.04337387375197821,0.6,0.9375,0.8427924347041269,0.0,0.5590169943749475,0.1,267.02301025390625,746.5709838867188,2.0
410573.0,86.0,10.0,16.0,-5.648803217001349,-7.464126874814782,1.8153236578134324,-7.340032967062948,1.6912297500615985,-7.4571332532883865,1.8083300362870371,-0.006993621526395266,0.6,1.0,0.7315623849356302,0.0,0.0,0.09999999999999998,255.42300415039062,750.77099609375,2.0
413069.0,87.0,10.0,16.0,-6.053122334363124,-8.235795756252445,2.182673421889321,-8.630507412834296,2.5773850784711723,-8.630507412834296,2.5773850784711723,0.39471165658185114,1.0,0.75,0.7568907294638368,0.8660254037844386,0.5,0.1,247.822998046875,753.5709838867188,2.0
415565.0,88.0,10.0,16.0,-5.752490991555216,-6.669787468501708,0.9172964769464924,-6.498935688748867,0.7464446971936516,-6.669077017502635,0.916586025947419,-0.0007104509990734087,0.6,0.9375,0.737342945323774,0.25,0.4330127018922193,0.09999999999999999,276.4230041503906,756.1710205078125,2.0
428045.0,89.0,10.0,16.0,-5.258867852900523,-6.698958592208442,1.4400907393079185,-6.42361100665942,1.1647431537588968,-6.678547347438267,1.4196794945377436,-0.020411244770174974,0.6,0.9375,0.7041413480212357,1.0307764064044151,0.3535533905932738,0.1,274.62298583984375,769.9710083007812,2.0
438028.0,90.0,10.0,16.0,-4.912892738011652,-5.799054944277348,0.8861622062656958,-5.717328911508407,0.8044361734967547,-5.804528042550544,0.8916353045388918,0.0054730982731960864,0.6,1.0,0.6796112913056938,0.0,0.0,0.09999999999999998,244.0229949951172,781.1710205078125,2.0
448012.0,91.0,10.0,16.0,-5.83402458584926,-7.496631936108589,1.6626073502593286,-7.083947465538468,1.2499228796892083,-7.502644694627739,1.6686201087784793,0.006012758519150729,0.6,0.9375,0.7418317978796384,0.4330127018922193,0.5,0.1,249.822998046875,792.1710205078125,2.0
459243.0,92.0,10.0,16.0,-4.551347611996521,-5.814381061923639,1.2630334499271179,-5.916591969760049,1.3652443577635278,-5.934803637473724,1.3834560254772033,0.1204225755500854,0.8,0.9375,0.6514739729336583,0.5,0.75,0.10000000000000002,251.6230010986328,804.5709838867188,2.0
460491.0,93.0,10.0,16.0,-4.729280826328608,-5.63864400791478,0.9093631815861718,-5.396700136945515,0.6674193106169071,-5.637673288042201,0.9083924617135928,-0.0009707198725790178,0.6,0.9375,0.66587451605873,1.0606601717798212,0.3535533905932738,0.1,247.822998046875,805.9710083007812,2.0
464235.0,94.0,10.0,16.0,-5.559281718498764,-7.471509336414046,1.9122276179152822,-7.302071548587183,1.7427898300884195,-7.477232242781692,1.9179505242829284,0.005722906367646274,0.8,0.9375,0.7249529269589239,0.75,0.0,0.10000000000000002,272.62298583984375,809.9710083007812,2.0
465483.0,95.0,10.0,16.0,-6.257129195181338,-7.55082852784716,1.2936993326658222,-7.294747450514066,1.0376182553327284,-7.525670732970785,1.2685415377894476,-0.025157794876374595,0.8,0.9375,0.7668884485684693,0.3535533905932738,0.4330127018922193,0.1,268.822998046875,811.3709716796875,2.0
467979.0,96.0,10.0,16.0,-7.552625809137952,-9.843349443719053,2.2907236345811004,-10.166125585326839,2.6134997761888865,-10.255803753871373,2.7031779447334205,0.41245431015232015,1.2,0.9375,0.8282683714240262,1.299038105676658,0.5590169943749475,0.1,261.2229919433594,814.1710205078125,2.0
476714.0,97.0,10.0,16.0,-3.617063127934271,-5.801695950086865,2.1846328221525937,-5.858785567047564,2.2417224391132926,-5.986060540992586,2.368997413058315,0.18436459090572122,0.8,0.8125,0.5692181521049828,1.0897247358851685,0.82915619758885,0.10000000000000002,270.62298583984375,823.77099609375,2.0
481706.0,98.0,10.0,16.0,-3.8682198423391756,-6.041406831420612,2.173186989081436,-6.4728944953793235,2.604674653040148,-6.4728944953793235,2.604674653040148,0.43148766395871174,1.0,1.0,0.5925718484332388,0.0,0.0,0.10000000000000005,255.42300415039062,829.3709716796875,2.0
496682.0,99.0,10.0,16.0,-9.35406648079412,-9.759713409188146,0.4056469283940256,-9.524446656464086,0.17038017566996544,-9.952975461849835,0.5989089810557147,0.19326205266168905,0.4,1.0,0.8878101870395969,0.0,0.0,0.1,246.0229949951172,845.9710083007812,2.0
4991.0,0.0,20.0,4.0,-2.3964542014109274,-4.66972846756484,2.273274266153913,-5.256541394331567,2.8600871929206395,-5.256541394331567,2.8600871929206395,0.5868129267667266,1.0,1.0,0.42417433906896973,0.0,0.0,0.010000000000000002,263.2229919433594,302.5710144042969,2.0
12479.0,1.0,20.0,4.0,-2.453962475705285,-3.376578462218963,0.9226159865136778,-2.906662039425674,0.452699563720389,-3.386320260725541,0.932357785020256,0.009741798506578192,0.6,1.0,0.4317117726272255,0.0,0.0,0.01,276.62298583984375,310.77099609375,2.0
19967.0,2.0,20.0,4.0,-3.128266540131501,-4.0441859067911565,0.9159193666596557,-4.228561333037154,1.1002947929056535,-4.262883838131401,1.1346172979999003,0.21869793134024462,1.2,1.0,0.5134606427576167,0.0,0.0,0.01,253.822998046875,319.1709899902344,2.0
22463.0,3.0,20.0,4.0,-3.049619992146921,-4.49182851961349,1.442208527466569,-4.6239851106996674,1.5743651185527465,-4.6239851106996674,1.5743651185527465,0.1321565910861775,1.0,1.0,0.5045751439938159,0.0,0.0,0.010000000000000002,246.22300720214844,321.97100830078125,2.0
23710.0,4.0,20.0,4.0,-4.171621437796778,-5.764261251382688,1.59263981358591,-6.237648102392795,2.0660266645960164,-6.354107433962661,2.182485996165883,0.589846182579973,1.2,1.0,0.6173917622514875,0.0,0.0,0.010000000000000004,278.4230041503906,323.1709899902344,2.0
24958.0,5.0,20.0,4.0,-1.5514662687292933,-1.9859288490872227,0.4344625803579294,-2.0058080067990938,0.4543417380698005,-2.0124607542285484,0.46099448549925515,0.02653190514132575,0.8,1.0,0.3005252873316596,0.0,0.0,0.010000000000000004,274.62298583984375,324.5710144042969,2.0
26206.0,6.0,20.0,4.0,-2.9514073304616573,-4.806551592277733,1.855144261816076,-5.315364075439954,2.3639567449782963,-5.350720292124357,2.3993129616626994,0.5441686998466233,1.2,1.0,0.4932339324396168,0.0,0.0,0.009999999999999998,270.822998046875,325.97100830078125,2.0
34942.0,7.0,20.0,4.0,-1.2641514153864768,-1.9907515366332726,0.7266001212467958,-2.1895915061193048,0.925440090732828,-2.1895915061193048,0.925440090732828,0.1988399694860321,1.0,1.0,0.252622439546971,0.0,0.0,0.01,244.22300720214844,335.77099609375,2.0
44926.0,8.0,20.0,4.0,-1.6202033127251334,-3.242385172715576,1.6221818599904427,-3.2671805512726806,1.6469772385475472,-3.3694325277892254,1.749229215064092,0.12704735507364928,0.8,1.0,0.3115082070059099,0.0,0.0,0.01,250.0229949951172,346.77099609375,2.0
47421.0,9.0,20.0,4.0,-2.967196025701226,-4.740024585543021,1.7728285598417952,-5.212098347432828,2.2449023217316024,-5.230862347695389,2.263666321994163,0.49083776215236785,1.2,1.0,0.4950958570990128,0.0,0.0,0.01,278.4230041503906,349.3710021972656,2.0
48669.0,10.0,20.0,4.0,-2.601113045008847,-3.8061081511259216,1.2049951061170745,-3.766880811141256,1.1657677661324088,-3.8615377227017227,1.2604246776928756,0.055429571575801084,0.8,1.0,0.45063741996688167,0.0,0.0,0.009999999999999998,274.62298583984375,350.77099609375,2.0
54909.0,11.0,20.0,4.0,-3.9963143750412353,-5.689712215013291,1.6933978399720555,-5.670279159480927,1.6739647844396917,-5.778195755821983,1.7818813807807476,0.08848354080869214,0.8,1.0,0.6015988470625411,0.0,0.0,0.010000000000000002,255.6230010986328,357.77099609375,2.0
56157.0,12.0,20.0,4.0,-3.6017446133101787,-4.850905923309607,1.2491613099994279,-4.812443983828275,1.2106993705180962,-4.900773257692185,1.2990286443820063,0.0498673343825784,0.8,1.0,0.5637248711246933,0.0,0.0,0.01,251.822998046875,359.1709899902344,2.0
59901.0,13.0,20.0,4.0,-2.0917403092192317,-3.0137956888018866,0.9220553795826549,-2.9198016994683753,0.8280613902491436,-3.045876307223965,0.9541359980047335,0.032080618422078544,0.8,1.0,0.3823004936286595,0.0,0.0,0.010000000000000002,276.62298583984375,363.1709899902344,2.0
61149.0,14.0,20.0,4.0,-3.596199928075905,-4.873592119124473,1.2773921910485684,-4.814790106254473,1.2185901781785682,-4.917056683398283,1.3208567553223785,0.04346456427381007,0.8,1.0,0.5632204936597179,0.0,0.0,0.01,272.822998046875,364.5710144042969,2.0
63645.0,15.0,20.0,4.0,-4.581543572405672,-6.976287547260575,2.3947439748549026,-6.525864771788854,1.9443211993831815,-6.946395323939885,2.3648517515342125,-0.029892223320690192,0.8,1.0,0.6518572672600317,0.0,0.0,0.009999999999999997,265.2229919433594,367.3710021972656,2.0
72380.0,16.0,20.0,4.0,-2.1608260194255653,-3.6122452154562734,1.4514191960307081,-4.188211596874702,2.0273855774491363,-4.381109807441885,2.22028378801632,0.7688645919856119,1.2,1.0,0.3920858035094716,0.0,0.0,0.01,274.62298583984375,376.97100830078125,2.0
77372.0,17.0,20.0,4.0,-3.8967648951034644,-8.246549442348082,4.349784547244617,-9.150163726079716,5.253398830976252,-9.150163726079716,5.253398830976252,0.9036142837316348,1.0,1.0,0.5923873712682067,0.0,0.0,0.01,259.4230041503906,382.5710144042969,2.0
83612.0,18.0,20.0,4.0,-1.6077633267490234,-2.305354733466671,0.6975914067176474,-2.6639721984634757,1.0562088717144522,-2.6639721984634757,1.0562088717144522,0.3586174649968048,1.0,1.0,0.30945423158572133,0.0,0.0,0.010000000000000002,276.62298583984375,389.3710021972656,2.0
94843.0,19.0,20.0,4.0,-1.4260166349668446,-2.2089347234073418,0.7829180884404972,-2.2069904002311995,0.7809737652643549,-2.2450083351185484,0.8189917001517037,0.0360736117112066,0.8,1.0,0.279961771618581,0.0,0.0,0.01,278.4230041503906,401.77099609375,2.0
97339.0,20.0,20.0,4.0,-3.117009543008397,-5.4251210778210455,2.3081115348126486,-6.1443894774071905,3.0273799343987937,-6.232397257870539,3.115387714862142,0.8072761800494934,1.2,1.0,0.5121772950859061,0.0,0.0,0.009999999999999998,270.822998046875,404.5710144042969,2.0
99835.0,21.0,20.0,4.0,-2.8144976740253185,-4.519294155681425,1.704796481656106,-4.591744191162629,1.7772465171373106,-4.666361222664944,1.851863548639625,0.147067066983519,0.8,1.0,0.47708028077880443,0.0,0.0,0.010000000000000002,263.2229919433594,407.3710021972656,2.0
101083.0,22.0,20.0,4.0,-2.9686051748370756,-4.47322509821607,1.5046199233789945,-4.689661776048993,1.7210566012119175,-4.689661776048993,1.7210566012119175,0.21643667783292297,1.0,1.0,0.4952950643147084,0.0,0.0,0.01,259.4230041503906,408.77099609375,2.0
119802.0,23.0,20.0,4.0,-2.4003861157261746,-2.6899979776826433,0.2896118619564687,-2.7494029983141206,0.34901688258794605,-2.7549015507075136,0.3545154349813391,0.06490357302487038,1.2,1.0,0.42470100529409244,0.0,0.0,0.01,274.62298583984375,429.3710021972656,2.0
121050.0,24.0,20.0,4.0,-2.047063945600377,-2.6443216450080707,0.5972576994076935,-2.279990766954579,0.23292682135420195,-2.8677385714966084,0.8206746258962312,0.22341692648853773,0.4,1.0,0.3758826445268871,0.0,0.0,0.01,270.822998046875,430.77099609375,2.0
122298.0,25.0,20.0,4.0,-2.4324310686704735,-3.3391716817320733,0.9067406130615998,-3.454171057498287,1.0217399888278136,-3.4943041659257243,1.0618730972552508,0.155132484193651,1.2,1.0,0.4288867056552546,0.0,0.0,0.01,267.02301025390625,432.1709899902344,2.0
126042.0,26.0,20.0,4.0,-1.9383872875850412,-3.742269821225985,1.8038825336409436,-4.217731349493507,2.2793440619084655,-4.217731349493507,2.2793440619084655,0.47546152826752186,1.0,1.0,0.3600999510902846,0.0,0.0,0.009999999999999998,255.6230010986328,436.3710021972656,2.0
131034.0,27.0,20.0,4.0,-2.0035915897014434,-2.603441401118336,0.5998498114168926,-2.4428990624380966,0.43930747273665327,-2.6098102889306087,0.6062186992291654,0.006368887812272739,0.6,0.75,0.3696525928275577,0.5,1.5811388300841898,0.009999999999999998,276.62298583984375,441.77099609375,2.0
132282.0,28.0,20.0,4.0,-2.079872206987848,-2.395027550405295,0.3151553434174468,-2.317699281845831,0.2378270748579827,-2.413962015120847,0.3340898081329988,0.018934464715552046,0.4,1.0,0.3806418198866668,0.0,0.0,0.010000000000000002,272.822998046875,443.1709899902344,2.0
136025.0,29.0,20.0,4.0,-2.270950269326915,-2.207925452954453,-0.06302481637246204,-2.0541179055754077,-0.21683236375150727,-2.444490374740795,0.17354010541387987,0.23656492178634192,0.2,1.0,0.4073270893621728,0.0,0.0,0.01,261.2229919433594,447.3710021972656,2.0
137273.0,30.0,20.0,4.0,-1.9585813711169486,-2.4661990409181085,0.5076176698011599,-2.5281710711016214,0.5695896999846728,-2.5649799982717103,0.6063986271547617,0.09878095735360182,1.2,1.0,0.3631498567246925,0.0,0.0,0.009999999999999998,257.4230041503906,448.77099609375,2.0
139769.0,31.0,20.0,4.0,-3.4051244866524137,-4.294810467863303,0.889685981210889,-4.490719817361423,1.0855953307090096,-4.493196602825463,1.0880721161730489,0.19838613496215984,1.2,1.0,0.5435213977259111,0.0,0.0,0.010000000000000004,249.822998046875,451.5710144042969,2.0
143513.0,32.0,20.0,4.0,-2.3315200457081624,-2.5520838602637936,0.22056381455563123,-2.5509776117171272,0.21945756600896482,-2.5657843420312214,0.234264296323059,0.013700481767427775,0.8,0.75,0.4154882011091997,0.5,0.5,0.01,274.62298583984375,455.5710144042969,2.0
153497.0,33.0,20.0,4.0,-1.9100545410495102,-2.6231409704972397,0.7130864294477295,-2.8383538924571825,0.9282993514076723,-2.8821689414385943,0.972114400389084,0.25902797094135455,1.2,1.0,0.35589244438848816,0.0,0.0,0.01,244.22300720214844,466.77099609375,2.0
163480.0,34.0,20.0,4.0,-1.2128122090756204,-1.6808916530246911,0.46807944394907075,-1.8087894204505839,0.5959772113749635,-1.8367958242591436,0.6239836151835232,0.15590417123445244,1.2,1.0,0.24376341309288047,0.0,0.0,0.01,249.822998046875,477.77099609375,2.0
164728.0,35.0,20.0,4.0,-1.2228324343602,-1.5656133183106393,0.3427808839504394,-1.6454939261925536,0.4226614918323537,-1.6454939261925536,0.4226614918323537,0.07988060788191431,1.0,1.0,0.24549056606379444,0.0,0.0,0.01,246.0229949951172,479.1709899902344,2.0
170968.0,36.0,20.0,4.0,-2.801697148479273,-3.7429284596485846,0.9412313111693114,-3.9413483478656137,1.1396511993863405,-3.9413483478656137,1.1396511993863405,0.19841988821702916,1.0,1.0,0.4754658751683144,0.0,0.0,0.01,263.2229919433594,485.97100830078125,2.0
179704.0,37.0,20.0,4.0,-1.2994280380322611,-1.8257250028311534,0.5262969647988922,-1.888672244225905,0.5892442061936438,-1.888672244225905,0.5892442061936438,0.06294724139475161,1.0,1.0,0.2586634799004926,0.0,0.0,0.01,272.822998046875,495.5710144042969,2.0
183447.0,38.0,20.0,4.0,-2.4867289646429276,-2.7146415550349143,0.22791259039198675,-2.768428174553494,0.2816992099105664,-2.7715559205014,0.2848269558584726,0.05691436546648587,1.2,1.0,0.4359712897031161,0.0,0.0,0.010000000000000002,261.2229919433594,499.77099609375,2.0
187191.0,39.0,20.0,4.0,-1.4300869049750051,-2.9029868554831944,1.4728999505081892,-3.1393480547863324,1.7092611498113273,-3.1393480547863324,1.7092611498113273,0.23636119930313804,1.0,1.0,0.28072003801107015,0.0,0.0,0.01,249.822998046875,503.97100830078125,2.0
188439.0,40.0,20.0,4.0,-1.3013958852184877,-2.6477394079701018,1.346343522751614,-3.0290468368141363,1.7276509515956486,-3.0290468368141363,1.7276509515956486,0.38130742884403457,1.0,1.0,0.2589673642498868,0.0,0.0,0.009999999999999998,246.0229949951172,505.3710021972656,2.0
202167.0,41.0,20.0,4.0,-2.0506638824815564,-2.168789494833336,0.11812561235177954,-2.1654617981400923,0.11479791565853592,-2.1742690299095964,0.12360514742803996,0.005479535076260422,1.2,1.0,0.3764570469308693,0.0,0.0,0.01,276.62298583984375,520.3709716796875,2.0
204662.0,42.0,20.0,4.0,-2.2227635986663494,-3.0833662468560434,0.860602648189694,-3.101521419631405,0.8787578209650557,-3.1074686209931994,0.88470502232685,0.02410237413715599,0.8,1.0,0.4007133115243613,0.0,0.0,0.009999999999999998,268.822998046875,523.1710205078125,2.0
205910.0,43.0,20.0,4.0,-3.4997291341797894,-3.7656588911829636,0.2659297570031742,-3.8404873721863417,0.34075823800655236,-3.8404873721863417,0.34075823800655236,0.07482848100337813,1.0,1.0,0.553484187863625,0.0,0.0,0.009999999999999998,265.02301025390625,524.5709838867188,2.0
212150.0,44.0,20.0,4.0,-2.004437063973687,-4.241370925372228,2.2369338613985406,-4.364475396030578,2.3600383320568907,-4.457026450589172,2.452589386615485,0.21565552521694453,0.8,0.75,0.3698454025578939,0.5,1.0,0.01,246.0229949951172,531.5709838867188,2.0
214646.0,45.0,20.0,4.0,-2.1867248697655493,-3.939088363783767,1.7523634940182178,-3.845317372328525,1.6585925025629757,-4.029755784719367,1.8430309149538173,0.09066742093559954,0.8,1.0,0.39563553678883373,0.0,0.0,0.009999999999999998,274.62298583984375,534.1710205078125,2.0
218390.0,46.0,20.0,4.0,-2.3625877243108895,-3.1296214347748452,0.7670337104639557,-3.1512161256773026,0.7886284013664131,-3.1512624693226354,0.788674745011746,0.021641034547790206,1.2,1.0,0.419616415854736,0.0,0.0,0.010000000000000002,263.2229919433594,538.3709716796875,2.0
224630.0,47.0,20.0,4.0,-2.204442861450314,-2.5985854452563983,0.39414258380608436,-2.5050685488579756,0.3006256874076616,-2.605564841411106,0.4011219799607919,0.006979396154707551,0.6,1.0,0.3981456781177168,0.0,0.0,0.01,244.22300720214844,545.3709716796875,2.0
228373.0,48.0,20.0,4.0,-2.523426957597695,-2.924380425232764,0.4009534676350688,-3.0993043171340053,0.5758773595363103,-3.176515469020532,0.6530885114228369,0.2521350437877681,1.2,1.0,0.44073499069196714,0.0,0.0,0.009999999999999998,268.822998046875,549.3709716796875,2.0
235861.0,49.0,20.0,4.0,-2.9090996258286843,-3.316753535898343,0.40765391006965856,-3.2807383626509603,0.371638736822276,-3.3194271919531966,0.41032756612451227,0.0026736560548537014,0.8,1.0,0.4882617795428322,0.0,0.0,0.010000000000000002,246.0229949951172,557.77099609375,2.0
242101.0,50.0,20.0,4.0,-2.3529461452675218,-1.9850010780764962,-0.3679450671910256,-1.874542526659604,-0.4784036186079177,-2.3529461452675218,0.0,0.3679450671910256,0.0,1.0,0.4183585145558329,0.0,0.0,0.009999999999999998,263.2229919433594,564.5709838867188,2.0
244597.0,51.0,20.0,4.0,-3.65118893379691,-3.9169902124734883,0.26580127867657843,-3.862022057892478,0.2108331240955681,-3.916136944870761,0.26494801107385113,-0.0008532676027273034,0.8,1.0,0.5686597537932778,0.0,0.0,0.01,255.6230010986328,567.3709716796875,2.0
247093.0,52.0,20.0,4.0,-1.9318644033961252,-2.464205537289779,0.5323411338936539,-2.379825987828824,0.44796158443269873,-2.4655190901794,0.5336546867832748,0.0013135528896208726,0.8,1.0,0.3591819015863267,0.0,0.0,0.01,248.0229949951172,570.1710205078125,2.0
249588.0,53.0,20.0,4.0,-2.3189965795258844,-2.703976614429098,0.38498003490321375,-2.8147788414032986,0.49578226187741414,-2.8172510662076604,0.49825448668177597,0.11327445177856221,1.2,1.0,0.41375052122274,0.0,0.0,0.009999999999999998,276.4230041503906,572.77099609375,2.0
250836.0,54.0,20.0,4.0,-2.791234858939771,-3.086451892564029,0.2952170336242581,-3.007476328942701,0.21624147000293004,-3.087854867668397,0.2966200087286257,0.0014029751043675986,0.6,1.0,0.4742587791095328,0.0,0.0,0.010000000000000002,272.62298583984375,574.1710205078125,2.0
252084.0,55.0,20.0,4.0,-2.0369149412190795,-2.397560180634653,0.36064523941557347,-2.442087719763761,0.4051727785446815,-2.442087719763761,0.4051727785446815,0.04452753912910801,1.0,1.0,0.3744244897163814,0.0,0.0,0.009999999999999998,268.822998046875,575.5709838867188,2.0
260820.0,56.0,20.0,4.0,-1.8593189106096557,-3.629350997569784,1.7700320869601285,-2.9379002365912403,1.0785813259815846,-3.624526447324455,1.7652075367147995,-0.004824550245329018,0.6,1.0,0.34833047087107033,0.0,0.0,0.01,278.4230041503906,585.1710205078125,2.0
268308.0,57.0,20.0,4.0,-2.6404148580792453,-3.374169758473133,0.7337549003938877,-3.663237541518898,1.0228226834396525,-3.7576605887167873,1.117245730637542,0.3834908302436544,1.2,1.0,0.4555920202051114,0.0,0.0,0.01,255.6230010986328,593.5709838867188,2.0
270804.0,58.0,20.0,4.0,-1.680223266914906,-3.0238893702961467,1.3436661033812407,-3.2831247807613857,1.6029015138464797,-3.2831247807613857,1.6029015138464797,0.259235410465239,1.0,1.0,0.32090427804875626,0.0,0.0,0.01,248.0229949951172,596.3709716796875,2.0
277043.0,59.0,20.0,4.0,-4.043313777899776,-4.998135173318045,0.9548213954182687,-4.777277223985596,0.73396344608582,-5.0001450382891734,0.9568312603893974,0.00200986497112865,0.6,1.0,0.6058812989408675,0.0,0.0,0.010000000000000002,265.02301025390625,603.1710205078125,2.0
278291.0,60.0,20.0,4.0,-2.869064586851793,-2.8941629197923286,0.02509833294053543,-2.851308930121783,-0.017755656730010116,-2.900146299064671,0.03108171221287792,0.005983379272342493,0.4,1.0,0.4835204112641271,0.0,0.0,0.010000000000000002,261.2229919433594,604.5709838867188,2.0
280787.0,61.0,20.0,4.0,-3.674468817191989,-4.24607492640032,0.5716061092083313,-4.318976588890042,0.644507771698053,-4.327865731573365,0.6533969143813758,0.08179080517304449,0.8,1.0,0.5710318196220806,0.0,0.0,0.01,253.6230010986328,607.3709716796875,2.0
282035.0,62.0,20.0,4.0,-2.4389626364450177,-2.7353306074336485,0.2963679709886309,-2.531478745426741,0.09251610898172347,-2.74280294853709,0.3038403120920723,0.0074723411034414156,0.6,1.0,0.42980884860685564,0.0,0.0,0.01,249.822998046875,608.77099609375,2.0
288275.0,63.0,20.0,4.0,-3.8676187621313405,-3.862730889595105,-0.004887872536235349,-3.66937002445674,-0.1982487376746005,-3.9152123124379736,0.04759355030663315,0.0524814228428685,0.4,1.0,0.5896341533910927,0.0,0.0,0.01,267.02301025390625,615.5709838867188,2.0
293267.0,64.0,20.0,4.0,-5.588589661791895,-7.631537332573547,2.0429476707816523,-7.480992668517609,1.892403006725714,-7.703964084941167,2.115374423149272,0.07242675236761986,0.8,1.0,0.7239893539572967,0.0,0.0,0.010000000000000002,251.822998046875,621.1710205078125,2.0
294514.0,65.0,20.0,4.0,-3.757287036938318,-4.889298987362195,1.1320119504238768,-4.8636083006002355,1.1063212636619175,-4.9728740156083635,1.2155869786700455,0.08357502824616869,0.8,1.0,0.5790832207797822,0.0,0.0,0.01,247.822998046875,622.5709838867188,2.0
300754.0,66.0,20.0,4.0,-5.106111942252208,-6.1093366631639,1.0032247209116916,-5.713463737392911,0.607351795140703,-6.100875688531209,0.9947637462790011,-0.008460974632690466,0.6,1.0,0.6915250539760168,0.0,0.0,0.01,265.02301025390625,629.3709716796875,2.0
309490.0,67.0,20.0,4.0,-2.7389768376364882,-2.88202809417699,0.14305125654050155,-2.9420438561571807,0.20306701852069242,-2.9420438561571807,0.20306701852069242,0.060015761980190874,1.0,1.0,0.46783194567461733,0.0,0.0,0.01,274.62298583984375,638.9710083007812,2.0
310738.0,68.0,20.0,4.0,-2.605005544031708,-3.3232117345787615,0.7182061905470536,-3.4366928036704274,0.8316872596387195,-3.4366928036704274,0.8316872596387195,0.11348106909166589,1.0,1.0,0.45119492209312195,0.0,0.0,0.010000000000000004,270.822998046875,640.3709716796875,2.0
319473.0,69.0,20.0,4.0,-2.165772694469518,-2.2936292320850846,0.1278565376155667,-2.304345585008865,0.13857289053934707,-2.3166357163623594,0.1508630218928415,0.023006484277274808,1.2,0.75,0.3927904275961708,0.0,0.7071067811865476,0.01,244.0229949951172,650.1710205078125,2.0
321969.0,70.0,20.0,4.0,-1.8090110438085274,-4.895672350390244,3.086661306581717,-6.4318220783070865,4.622811034498559,-6.482263800420133,4.673252756611606,1.5865914500298892,1.2,1.0,0.3407768653173401,0.0,0.0,0.009999999999999998,272.62298583984375,652.77099609375,2.0
325713.0,71.0,20.0,4.0,-2.8300878616845617,-5.1715944308093675,2.341506569124806,-5.546283544421496,2.7161956827369345,-5.546283544421496,2.7161956827369345,0.37468911361212864,1.0,1.0,0.4788880260468247,0.0,0.0,0.009999999999999997,261.2229919433594,656.9710083007812,2.0
331953.0,72.0,20.0,4.0,-1.4116982634465165,-2.9361826297145415,1.524484366268025,-3.479832633529138,2.0681343700826216,-3.479832633529138,2.0681343700826216,0.5436500038145966,1.0,1.0,0.2776417025347083,0.0,0.0,0.01,278.4230041503906,663.77099609375,2.0
335697.0,73.0,20.0,4.0,-2.7122180445813955,-3.990587217373649,1.2783691727922535,-4.415738200590401,1.7035201560090059,-4.533172717802888,1.8209546732214923,0.5425855004292388,1.2,1.0,0.46463799766438196,0.0,0.0,0.01,267.02301025390625,667.9710083007812,2.0
344432.0,74.0,20.0,4.0,-3.598118013968154,-3.9558764938255857,0.3577584798574316,-4.031713838280009,0.4335958243118547,-4.052052867561699,0.4539348535935446,0.09617637373611299,1.2,1.0,0.5633339827241287,0.0,0.0,0.009999999999999998,276.4230041503906,677.5709838867188,2.0
346928.0,75.0,20.0,4.0,-4.028261638528423,-4.344039688390044,0.3157780498616214,-4.147006504398946,0.11874486587052324,-4.4007413230659465,0.3724796845375238,0.05670163467590239,0.4,1.0,0.604581724520351,0.0,0.0,0.01,268.822998046875,680.3709716796875,2.0
351920.0,76.0,20.0,4.0,-3.3164639531239084,-4.108355497002611,0.7918915438787026,-4.201551847629416,0.8850878945055074,-4.201551847629416,0.8850878945055074,0.09319635062680476,1.0,1.0,0.5341444135228693,0.0,0.0,0.01,253.6230010986328,685.9710083007812,2.0
354416.0,77.0,20.0,4.0,-3.086147986024692,-2.5572776137409923,-0.5288703722836998,-2.3188308723231885,-0.7673171137015036,-3.086147986024697,4.884981308350689e-15,0.5288703722837047,0.0,1.0,0.5086791276290561,0.0,0.0,0.009999999999999997,246.0229949951172,688.77099609375,2.0
359408.0,78.0,20.0,4.0,-2.036677108352169,-3.186039275418373,1.149362167066204,-3.452349972624718,1.415672864272549,-3.4675954612009847,1.4309183528488156,0.28155618578261166,1.2,1.0,0.3743994008601766,0.0,0.0,0.01,267.02301025390625,694.1710205078125,2.0
360656.0,79.0,20.0,4.0,-2.468196012665853,-4.746240965909972,2.2780449532441187,-4.605190236254774,2.136994223588921,-4.867024040149103,2.3988280274832503,0.1207830742391316,0.8,1.0,0.43354945482305995,0.0,0.0,0.01,263.2229919433594,695.5709838867188,2.0
366895.0,80.0,20.0,4.0,-1.8733134929464776,-2.5023889324119852,0.6290754394655076,-2.58267468190003,0.7093611889535525,-2.58267468190003,0.7093611889535525,0.0802857494880449,1.0,1.0,0.3504859822066126,0.0,0.0,0.01,244.0229949951172,702.5709838867188,2.0
375631.0,81.0,20.0,4.0,-2.3340908499433684,-4.39418185868962,2.060091008746252,-5.114842686995357,2.7807518370519886,-5.20597226328438,2.8718814133410118,0.8117904045947597,1.2,1.0,0.4158259202096378,0.0,0.0,0.01,253.6230010986328,712.1710205078125,2.0
395598.0,82.0,20.0,4.0,-1.9111382680274593,-2.6170133341074555,0.7058750660799962,-2.719625450182617,0.8084871821551578,-2.719625450182617,0.8084871821551578,0.10261211607516163,1.0,1.0,0.3560409486701272,0.0,0.0,0.01,265.02301025390625,734.1710205078125,2.0
398094.0,83.0,20.0,4.0,-2.5209563382366333,-3.310179892234916,0.7892235539982826,-3.4959306336442615,0.9749742954076281,-3.5422664877034844,1.021310149466851,0.23208659546856847,1.2,1.0,0.4404309589239091,0.0,0.0,0.009999999999999998,257.4230041503906,736.9710083007812,2.0
404334.0,84.0,20.0,4.0,-1.568199207776853,-2.446139707502495,0.8779404997256419,-2.653690813048844,1.085491605271991,-2.653690813048844,1.085491605271991,0.20755110554634904,1.0,1.0,0.3032211414982885,0.0,0.0,0.01,274.62298583984375,743.77099609375,2.0
406830.0,85.0,20.0,4.0,-2.183308842339021,-4.531743398157573,2.348434555818552,-4.9785250954300935,2.7952162530910725,-4.9785250954300935,2.7952162530910725,0.44678169727252026,1.0,1.0,0.3951374780199015,0.0,0.0,0.01,267.02301025390625,746.5709838867188,2.0
410573.0,86.0,20.0,4.0,-1.9358744839702822,-3.8804664146309626,1.9445919306606805,-3.969060577075583,2.033186093105301,-4.049837179420413,2.1139626954501307,0.16937076478945023,0.8,1.0,0.35980850168986594,0.0,0.0,0.009999999999999998,255.42300415039062,750.77099609375,2.0
413069.0,87.0,20.0,4.0,-2.952539732712769,-4.292587270185365,1.340047537472596,-4.525694782142556,1.5731550494297868,-4.525694782142556,1.5731550494297868,0.23310751195719082,1.0,1.0,0.4933417043667713,0.0,0.0,0.01,247.822998046875,753.5709838867188,2.0
415565.0,88.0,20.0,4.0,-1.6010228410928997,-1.882659916718141,0.2816370756252413,-1.9693967045413996,0.36837386344849987,-2.008028097142559,0.4070052560496591,0.12536818042441777,1.2,1.0,0.3084194270293759,0.0,0.0,0.009999999999999998,276.4230041503906,756.1710205078125,2.0
428045.0,89.0,20.0,4.0,-1.6047162219849707,-1.8821525559622976,0.2774363339773269,-1.8853315952446248,0.28061537325965413,-1.8971656462884474,0.29244942430347676,0.015013090326149836,0.8,1.0,0.3090526176195573,0.0,0.0,0.01,274.62298583984375,769.9710083007812,2.0
438028.0,90.0,20.0,4.0,-1.1305690430755024,-1.902840654888045,0.7722716118125426,-2.0080571216438905,0.8774880785683881,-2.0080571216438905,0.8774880785683881,0.1052164667558455,1.0,0.5,0.22927725105016414,0.7071067811865476,0.5,0.009999999999999998,244.0229949951172,781.1710205078125,2.0
448012.0,91.0,20.0,4.0,-2.1010764719782085,-3.1318827212693034,1.030806249291095,-3.534390163243831,1.4333136912656226,-3.6678841352144858,1.5668076632362773,0.5360014139451823,1.2,1.0,0.3836585189428347,0.0,0.0,0.01,249.822998046875,792.1710205078125,2.0
459243.0,92.0,20.0,4.0,-1.4912728871567837,-1.6727347164623971,0.1814618293056134,-1.6621933267046494,0.17092043954786562,-1.6734578333654426,0.18218494620865888,0.0007231169030454954,0.8,1.0,0.2907030849706236,0.0,0.0,0.010000000000000002,251.6230010986328,804.5709838867188,2.0
460491.0,93.0,20.0,4.0,-1.4249449979302273,-1.6104188803704675,0.1854738824402402,-1.5618671491234783,0.13692215119325102,-1.607623832274096,0.18267883434386878,-0.002795048096371433,0.8,1.0,0.2797642599315742,0.0,0.0,0.01,247.822998046875,805.9710083007812,2.0
464235.0,94.0,20.0,4.0,-2.065962862886874,-2.8482171850056965,0.7822543221188227,-2.8717534494926964,0.8057905866058226,-2.8922384519168487,0.8262755890299749,0.04402126691115216,0.8,1.0,0.37857177197333414,0.0,0.0,0.010000000000000002,272.62298583984375,809.9710083007812,2.0
465483.0,95.0,20.0,4.0,-1.716293832123787,-2.5066082297692893,0.7903143976455023,-2.6062914514358364,0.8899976193120493,-2.6062914514358364,0.8899976193120493,0.09968322166654708,1.0,0.75,0.3264822502086034,0.0,1.5,0.01,268.822998046875,811.3709716796875,2.0
467979.0,96.0,20.0,4.0,-3.6115358840419525,-5.785955228043525,2.1744193440015724,-6.288392588295043,2.6768567042530904,-6.307572472828678,2.6960365887867255,0.521617244785153,1.2,1.0,0.5647038051402833,0.0,0.0,0.01,261.2229919433594,814.1710205078125,2.0
476714.0,97.0,20.0,4.0,-1.0414950711077056,-1.3737229756533342,0.33222790454562867,-1.3722202003370834,0.3307251292293778,-1.3948001926785767,0.35330512157087113,0.021077217025242456,0.8,0.75,0.21330620712023257,0.5,1.0,0.010000000000000002,270.62298583984375,823.77099609375,2.0
481706.0,98.0,20.0,4.0,-1.0770807187120621,-1.399954372290204,0.3228736535781418,-1.445383745978708,0.3683030272666459,-1.445383745978708,0.3683030272666459,0.04542937368850408,1.0,1.0,0.2196896238273193,0.0,0.0,0.010000000000000004,255.42300415039062,829.3709716796875,2.0
496682.0,99.0,20.0,4.0,-4.203080380224722,-5.01791922249224,0.8148388422675179,-5.03053918789133,0.8274588076666083,-5.038928974102483,0.8358485938777616,0.021009751610243654,0.8,1.0,0.6201341272132185,0.0,0.0,0.01,246.0229949951172,845.9710083007812,2.0
4991.0,0.0,20.0,8.0,-3.702484381692309,-5.996580851411128,2.294096469718819,-6.066614443421364,2.364130061729055,-6.0821567626765125,2.3796723809842035,0.08557591126538444,0.8,1.0,0.5737797034166646,0.0,0.0,0.010000000000000002,263.2229919433594,302.5710144042969,2.0
12479.0,1.0,20.0,8.0,-4.236294651706219,-4.681603615421451,0.4453089637152319,-4.123609814205705,-0.11268483750051406,-4.69951155364093,0.463216901934711,0.017907938219479114,0.6,1.0,0.6230946197155358,0.0,0.0,0.01,276.62298583984375,310.77099609375,2.0
19967.0,2.0,20.0,8.0,-4.892969710479397,-5.136423762378405,0.2434540518990076,-5.141377162589399,0.24840745211000215,-5.141377162589399,0.24840745211000215,0.004953400210994552,1.0,1.0,0.6759954935144109,0.0,0.0,0.01,253.822998046875,319.1709899902344,2.0
22463.0,3.0,20.0,8.0,-5.18608752137931,-6.632093258298619,1.4460057369193091,-6.720759226017256,1.5346717046379457,-6.75384713829288,1.5677596169135697,0.12175387999426057,0.8,1.0,0.6971479384849527,0.0,0.0,0.010000000000000002,246.22300720214844,321.97100830078125,2.0
23710.0,4.0,20.0,8.0,-6.579171396719574,-7.017736936030234,0.4385655393106598,-7.1510903827272205,0.5719189860076463,-7.1510903827272205,0.5719189860076463,0.13335344669698657,1.0,1.0,0.7802914407872104,0.0,0.0,0.010000000000000004,278.4230041503906,323.1709899902344,2.0
24958.0,5.0,20.0,8.0,-3.082404474976693,-3.4589266790432367,0.3765222040665437,-3.3803120111279004,0.29790753615120735,-3.45973005033126,0.377325575354567,0.0008033712880233246,0.6,0.875,0.5084314372964356,1.7677669529663689,0.5,0.010000000000000004,274.62298583984375,324.5710144042969,2.0
26206.0,6.0,20.0,8.0,-4.963418262393511,-7.190964606400846,2.227546344007335,-7.904939319379247,2.941521056985736,-7.933457652648395,2.9700393902548834,0.7424930462475485,1.2,1.0,0.6812287412417892,0.0,0.0,0.009999999999999998,270.822998046875,325.97100830078125,2.0
34942.0,7.0,20.0,8.0,-2.5267433970306774,-4.300731977395248,1.7739885803645707,-4.2472327627998485,1.720489365769171,-4.346436113972546,1.8196927169418684,0.04570413657729766,0.8,1.0,0.44120246584844686,0.0,0.0,0.01,244.22300720214844,335.77099609375,2.0
44926.0,8.0,20.0,8.0,-2.822759523035554,-4.283692208347868,1.4609326853123141,-4.185789387156729,1.3630298641211747,-4.3246891407619446,1.5019296177263906,0.040996932414076426,0.8,1.0,0.47813328093638574,0.0,0.0,0.01,250.0229949951172,346.77099609375,2.0
47421.0,9.0,20.0,8.0,-5.4494393546511155,-6.669073352151898,1.2196339975007824,-6.667489708351683,1.2180503537005674,-6.7408322574243265,1.291392902773211,0.07175890527242856,0.8,1.0,0.7150135087898448,0.0,0.0,0.01,278.4230041503906,349.3710021972656,2.0
48669.0,10.0,20.0,8.0,-4.3126948859023635,-5.251929407470985,0.9392345215686211,-5.200177079790026,0.8874821938876627,-5.285252014450328,0.9725571285479644,0.033322606979343306,0.8,1.0,0.6296305317052052,0.0,0.0,0.009999999999999998,274.62298583984375,350.77099609375,2.0
54909.0,11.0,20.0,8.0,-6.411251726719517,-7.034047315349677,0.6227955886301606,-7.168502370648412,0.7572506439288951,-7.196052792316632,0.7848010655971152,0.16200547696695455,1.2,1.0,0.7715868712682312,0.0,0.0,0.010000000000000002,255.6230010986328,357.77099609375,2.0
56157.0,12.0,20.0,8.0,-5.733984833532403,-6.00850207277368,0.2745172392412778,-6.0740006795870265,0.34001584605462387,-6.0740006795870265,0.34001584605462387,0.06549860681334607,1.0,0.875,0.733157245950935,0.7071067811865476,0.7071067811865476,0.01,251.822998046875,359.1709899902344,2.0
59901.0,13.0,20.0,8.0,-5.595556341170829,-8.148380058927104,2.552823717756276,-8.84488625841139,3.249329917240562,-8.84488625841139,3.249329917240562,0.6965061994842863,1.0,1.0,0.724394841790524,0.0,0.0,0.010000000000000002,276.62298583984375,363.1709899902344,2.0
61149.0,14.0,20.0,8.0,-5.456351162176562,-5.558808872616393,0.10245771043983165,-5.5203461034560775,0.06399494127951577,-5.576056115221587,0.1197049530450256,0.017247242605193946,0.4,1.0,0.7154949998326791,0.0,0.0,0.01,272.822998046875,364.5710144042969,2.0
63645.0,15.0,20.0,8.0,-7.739791447590695,-8.515322236796843,0.7755307892061483,-8.015886881892145,0.27609543430145056,-8.539678950854377,0.7998875032636823,0.024356714057534035,0.6,1.0,0.8318608927972787,0.0,0.0,0.009999999999999997,265.2229919433594,367.3710021972656,2.0
72380.0,16.0,20.0,8.0,-3.446729249663539,-4.924601906853005,1.477872657189466,-4.923004002221586,1.476274752558047,-4.975283804617933,1.5285545549543942,0.05068189776492815,0.8,0.875,0.5479791727646884,0.0,0.7905694150420949,0.01,274.62298583984375,376.97100830078125,2.0
77372.0,17.0,20.0,8.0,-5.96210380018356,-9.357794074038125,3.395690273854565,-10.355369625547329,4.393265825363769,-10.379227962236621,4.417124162053061,1.0214338881984961,1.2,1.0,0.7467036475179805,0.0,0.0,0.01,259.4230041503906,382.5710144042969,2.0
83612.0,18.0,20.0,8.0,-3.8302839256323677,-7.873091672439067,4.042807746806699,-7.575047651875984,3.744763726243616,-8.15730043057139,4.327016504939022,0.2842087581323227,0.8,1.0,0.5861511425499047,0.0,0.0,0.010000000000000002,276.62298583984375,389.3710021972656,2.0
94843.0,19.0,20.0,8.0,-3.103095557602369,-6.281622424074804,3.1785268664724353,-6.922973760521797,3.8198782029194285,-6.922973760521797,3.8198782029194285,0.6413513364469932,1.0,1.0,0.5107204192746382,0.0,0.0,0.01,278.4230041503906,401.77099609375,2.0
97339.0,20.0,20.0,8.0,-4.60586920601148,-6.532052384997687,1.9261831789862072,-7.279232602896829,2.6733633968853487,-7.572597672676913,2.966728466665433,1.040545287679226,1.2,1.0,0.6538283316938249,0.0,0.0,0.009999999999999998,270.822998046875,404.5710144042969,2.0
99835.0,21.0,20.0,8.0,-4.607585001245437,-5.648802115355273,1.0412171141098359,-5.689576087103584,1.0819910858581467,-5.720829426950137,1.1132444257046998,0.07202731159486397,0.8,1.0,0.6540825948098917,0.0,0.0,0.010000000000000002,263.2229919433594,407.3710021972656,2.0
101083.0,22.0,20.0,8.0,-5.113115780937534,-6.303328947956737,1.1902131670192029,-6.257221377113692,1.144105596176158,-6.350344377019499,1.2372285960819651,0.04701542906276224,0.8,1.0,0.6921232747117618,0.0,0.0,0.01,259.4230041503906,408.77099609375,2.0
119802.0,23.0,20.0,8.0,-4.221377852586704,-4.733328085218181,0.5119502326314773,-4.4667573860023495,0.24537953341564567,-4.771448977085926,0.5500711244992225,0.038120891867745144,0.4,1.0,0.6218118162766118,0.0,0.0,0.01,274.62298583984375,429.3710021972656,2.0
121050.0,24.0,20.0,8.0,-3.8669829998513445,-4.037705877900329,0.17072287804898467,-3.5231663533256317,-0.34381664652571287,-4.404560667195882,0.5375776673445372,0.3668547892955525,0.4,1.0,0.5896451148001659,0.0,0.0,0.01,270.822998046875,430.77099609375,2.0
122298.0,25.0,20.0,8.0,-4.689037285060371,-6.05707865534273,1.3680413702823593,-6.209868380496123,1.520831095435752,-6.277332293006195,1.588295007945824,0.22025363766346473,1.2,1.0,0.6603713558802284,0.0,0.0,0.01,267.02301025390625,432.1709899902344,2.0
126042.0,26.0,20.0,8.0,-3.855720195778579,-7.855371637003491,3.999651441224912,-8.206525721920572,4.350805526141993,-8.206525721920572,4.350805526141993,0.35115408491708155,1.0,1.0,0.5886681530402691,0.0,0.0,0.009999999999999998,255.6230010986328,436.3710021972656,2.0
131034.0,27.0,20.0,8.0,-3.9375877318534314,-6.99275988576845,3.0551721539150187,-6.948785849650827,3.0111981177973957,-7.185754044953673,3.2481663131002416,0.1929941591852229,0.8,1.0,0.5962576216631913,0.0,0.0,0.009999999999999998,276.62298583984375,441.77099609375,2.0
132282.0,28.0,20.0,8.0,-3.647347577343843,-5.602845046209461,1.9554974688656186,-5.777433091741346,2.1300855143975035,-5.777433091741346,2.1300855143975035,0.1745880455318849,1.0,1.0,0.5684011905818355,0.0,0.0,0.010000000000000002,272.822998046875,443.1709899902344,2.0
136025.0,29.0,20.0,8.0,-4.349373417146824,-5.459037400730225,1.1096639835834017,-5.185250752613703,0.8358773354668791,-5.526162635170846,1.1767892180240223,0.06712523444062057,0.4,1.0,0.6328467809579952,0.0,0.0,0.01,261.2229919433594,447.3710021972656,2.0
137273.0,30.0,20.0,8.0,-3.6943882040956333,-5.9754242177496755,2.281036013654042,-6.1891945023565675,2.4948062982609343,-6.1891945023565675,2.4948062982609343,0.21377028460689207,1.0,1.0,0.5730717104422379,0.0,0.0,0.009999999999999998,257.4230041503906,448.77099609375,2.0
139769.0,31.0,20.0,8.0,-6.734592605115046,-7.7577706009253555,1.0231779958103093,-7.3290680310137555,0.5944754258987093,-7.759659579633077,1.0250669745180305,0.0018889787077212006,0.6,1.0,0.7880411227598462,0.0,0.0,0.010000000000000004,249.822998046875,451.5710144042969,2.0
143513.0,32.0,20.0,8.0,-4.562976593368761,-3.800364495131372,-0.7626120982373892,-3.513263833961532,-1.049712759407229,-4.562976593368769,7.993605777301127e-15,0.7626120982373972,0.0,1.0,0.6504029709333872,0.0,0.0,0.01,274.62298583984375,455.5710144042969,2.0
153497.0,33.0,20.0,8.0,-3.434047671025704,-5.345134870991114,1.9110871999654098,-6.02453752365477,2.590489852629066,-6.183728896721669,2.749681225695965,0.8385940257305551,1.2,0.875,0.5465947179875635,0.3535533905932738,0.6123724356957945,0.01,244.22300720214844,466.77099609375,2.0
163480.0,34.0,20.0,8.0,-2.2874506662838696,-3.210950542621325,0.9234998763374556,-3.1380899259793376,0.8506392596954679,-3.2349177011371566,0.947467034853287,0.02396715851583142,0.8,0.875,0.40968895387349374,0.0,0.7071067811865476,0.01,249.822998046875,477.77099609375,2.0
164728.0,35.0,20.0,8.0,-2.712369945745805,-5.071535824622961,2.359165878877156,-5.349274955377918,2.6369050096321134,-5.349274955377918,2.6369050096321134,0.2777391307549575,1.0,1.0,0.4647772163421994,0.0,0.0,0.01,246.0229949951172,479.1709899902344,2.0
170968.0,36.0,20.0,8.0,-4.211729217167255,-4.942022374232286,0.7302931570650308,-4.797563526129452,0.5858343089621973,-4.953104754349101,0.7413755371818462,0.011082380116815393,0.6,1.0,0.6209308968050984,0.0,0.0,0.01,263.2229919433594,485.97100830078125,2.0
179704.0,37.0,20.0,8.0,-2.4909218844166907,-3.045220079559866,0.5542981951431751,-3.016736445856903,0.5258145614402121,-3.042792126745249,0.5518702423285582,-0.0024279528146169405,0.6,1.0,0.43659321469282997,0.0,0.0,0.01,272.822998046875,495.5710144042969,2.0
183447.0,38.0,20.0,8.0,-4.253818220504604,-5.078613475013456,0.8247952545088522,-5.086846484999066,0.8330282644944624,-5.119875370504432,0.8660571499998282,0.04126189549097603,0.8,1.0,0.6246334319700066,0.0,0.0,0.010000000000000002,261.2229919433594,499.77099609375,2.0
187191.0,39.0,20.0,8.0,-2.469457151874267,-5.249507202436227,2.78005005056196,-6.405297698387557,3.9358405465132895,-6.405297698387557,3.9358405465132895,1.1557904959513294,1.0,1.0,0.4339203456610929,0.0,0.0,0.01,249.822998046875,503.97100830078125,2.0
188439.0,40.0,20.0,8.0,-2.39214655149533,-5.24293957879183,2.8507930272965,-6.401380499948904,4.0092339484535735,-6.401380499948904,4.0092339484535735,1.1584409211570739,1.0,0.875,0.42364109711164843,0.3535533905932738,0.0,0.009999999999999998,246.0229949951172,505.3710021972656,2.0
202167.0,41.0,20.0,8.0,-4.138067559028688,-3.3225833996935568,-0.815484159335131,-3.0561749801448106,-1.0818925788838771,-4.138067559028685,-2.6645352591003757e-15,0.8154841593351283,0.0,1.0,0.6145045924049454,0.0,0.0,0.01,276.62298583984375,520.3709716796875,2.0
204662.0,42.0,20.0,8.0,-4.338227994330964,-4.670871892238855,0.3326438979078912,-4.39404117620777,0.05581318187680573,-4.739229654891121,0.40100166056015674,0.06835776265226556,0.4,1.0,0.6319326643585452,0.0,0.0,0.009999999999999998,268.822998046875,523.1710205078125,2.0
205910.0,43.0,20.0,8.0,-5.931980893056763,-6.20571012991819,0.2737292368614268,-5.739420837331708,-0.19256005572505508,-6.435523119597926,0.5035422265411631,0.2298129896797363,0.4,1.0,0.7451224534105246,0.0,0.0,0.009999999999999998,265.02301025390625,524.5709838867188,2.0
212150.0,44.0,20.0,8.0,-3.699618956576896,-7.845801168705684,4.146182212128788,-8.207502686973816,4.50788373039692,-8.330909403795227,4.631290447218331,0.4851082350895428,0.8,1.0,0.573630471126303,0.0,0.0,0.01,246.0229949951172,531.5709838867188,2.0
214646.0,45.0,20.0,8.0,-4.0217823180961245,-6.638912181171902,2.6171298630757773,-5.982778891440967,1.9609965733448425,-6.605480743691183,2.583698425595059,-0.03343143748071853,0.6,1.0,0.6039959555337352,0.0,0.0,0.009999999999999998,274.62298583984375,534.1710205078125,2.0
218390.0,46.0,20.0,8.0,-3.658232934372933,-5.945165132056866,2.286932197683933,-6.243812394132825,2.585579459759892,-6.243812394132825,2.585579459759892,0.29864726207595904,1.0,1.0,0.5693921224055716,0.0,0.0,0.010000000000000002,263.2229919433594,538.3709716796875,2.0
224630.0,47.0,20.0,8.0,-3.838686130282949,-4.264421145270447,0.4257350149874979,-4.235183559806978,0.3964974295240289,-4.272475703511327,0.4337895732283785,0.008054558240880638,0.8,1.0,0.5869368218845061,0.0,0.0,0.01,244.22300720214844,545.3709716796875,2.0
228373.0,48.0,20.0,8.0,-4.22476414924157,-4.727806282401969,0.5030421331603989,-4.740235909497446,0.5154717602558767,-4.758966119812884,0.5342019705713144,0.031159837410915436,0.8,1.0,0.6221368976555213,0.0,0.0,0.009999999999999998,268.822998046875,549.3709716796875,2.0
235861.0,49.0,20.0,8.0,-5.853116774600082,-6.618133134048746,0.7650163594486639,-6.6505064952613955,0.7973897206613136,-6.657466388523405,0.804349613923323,0.039333254474659185,0.8,1.0,0.7402878211482227,0.0,0.0,0.010000000000000002,246.0229949951172,557.77099609375,2.0
242101.0,50.0,20.0,8.0,-5.0836535239081515,-3.9181889459107677,-1.1654645779973838,-3.437169102328256,-1.6464844215798955,-5.083653523908146,-5.329070518200751e-15,1.1654645779973785,0.0,0.875,0.6899066780982882,0.0,0.7071067811865476,0.009999999999999998,263.2229919433594,564.5709838867188,2.0
244597.0,51.0,20.0,8.0,-8.206851458040191,-8.471887661952715,0.26503620391252447,-7.810546676120095,-0.39630478192009644,-8.691724532425788,0.4848730743855967,0.2198368704730722,0.4,1.0,0.8490330165919902,0.0,0.0,0.01,255.6230010986328,567.3709716796875,2.0
247093.0,52.0,20.0,8.0,-3.533036672011339,-4.943420727200168,1.4103840551888291,-4.573230777857741,1.0401941058464015,-4.919456718815233,1.3864200468038943,-0.023964008384934843,0.8,1.0,0.5568931650738742,0.0,0.0,0.01,248.0229949951172,570.1710205078125,2.0
249588.0,53.0,20.0,8.0,-4.0715602745172434,-4.237025767955397,0.16546549343815364,-3.9918273975145953,-0.0797328770026482,-4.284728155412413,0.21316788089516958,0.04770238745701594,0.4,1.0,0.6084882527446486,0.0,0.0,0.009999999999999998,276.4230041503906,572.77099609375,2.0
250836.0,54.0,20.0,8.0,-4.948750807480629,-5.727361395495819,0.7786105880151908,-5.276692586948178,0.3279417794675492,-5.737450942121534,0.788700134640905,0.010089546625714263,0.6,1.0,0.6802209204062805,0.0,0.0,0.010000000000000002,272.62298583984375,574.1710205078125,2.0
252084.0,55.0,20.0,8.0,-3.673883537819982,-3.9182519317827373,0.24436839396275545,-3.6050858357043225,-0.06879770211565939,-3.9598484084588352,0.28596487063885334,0.04159647667609789,0.4,1.0,0.5709698703057605,0.0,0.0,0.009999999999999998,268.822998046875,575.5709838867188,2.0
260820.0,56.0,20.0,8.0,-4.75091091982831,-8.778983905048781,4.028072985220471,-7.319184797713424,2.5682738778851144,-8.703491883905276,3.952580964076966,-0.07549202114350528,0.6,1.0,0.6652226544511327,0.0,0.0,0.01,278.4230041503906,585.1710205078125,2.0
268308.0,57.0,20.0,8.0,-4.046784095185752,-5.073550435868639,1.0267663406828866,-5.34957285374632,1.3027887585605678,-5.610024795427483,1.5632407002417308,0.5364743595588441,1.2,1.0,0.6062164902276596,0.0,0.0,0.01,255.6230010986328,593.5709838867188,2.0
270804.0,58.0,20.0,8.0,-3.483402327676659,-5.958280418036702,2.4748780903600434,-6.421396429348536,2.937994101671877,-6.421396429348536,2.937994101671877,0.46311601131183355,1.0,1.0,0.5517939154960894,0.0,0.0,0.01,248.0229949951172,596.3709716796875,2.0
277043.0,59.0,20.0,8.0,-6.441091900743311,-8.352569122828875,1.9114772220855638,-8.265589500284928,1.8244975995416173,-8.414512088623304,1.9734201878799933,0.06194296579442948,0.8,0.875,0.7731820405468051,0.5,0.6123724356957945,0.010000000000000002,265.02301025390625,603.1710205078125,2.0
278291.0,60.0,20.0,8.0,-4.793657488201925,-5.084874426088412,0.29121693788648706,-5.12822262051504,0.3345651323131156,-5.12822262051504,0.3345651323131156,0.04334819442662852,1.0,1.0,0.6685663600599339,0.0,0.0,0.010000000000000002,261.2229919433594,604.5709838867188,2.0
280787.0,61.0,20.0,8.0,-6.305606549646235,-7.71282798983872,1.407221440192485,-7.959198935766079,1.6535923861198434,-7.9864525082582745,1.6808459586120392,0.27362451841955426,0.8,1.0,0.7661479203682888,0.0,0.0,0.01,253.6230010986328,607.3709716796875,2.0
282035.0,62.0,20.0,8.0,-3.8097083052163176,-4.05898461593343,0.24927631071711254,-3.5033760599162584,-0.3063322453000592,-4.201647315058535,0.3919390098422175,0.14266269912510499,0.4,1.0,0.5842461907640704,0.0,0.0,0.01,249.822998046875,608.77099609375,2.0
288275.0,63.0,20.0,8.0,-7.835492915721969,-7.767597065511911,-0.06789585021005795,-7.477040820663811,-0.35845209505815756,-7.880810941619027,0.0453180258970578,0.11321387610711575,0.2,1.0,0.8354953041294247,0.0,0.0,0.01,267.02301025390625,615.5709838867188,2.0
293267.0,64.0,20.0,8.0,-8.722897536744645,-9.137032329456837,0.41413479271219167,-9.24309647741086,0.5201989406662157,-9.318699131941427,0.5958015951967823,0.18166680248459066,1.2,1.0,0.8660704935718488,0.0,0.0,0.010000000000000002,251.822998046875,621.1710205078125,2.0
294514.0,65.0,20.0,8.0,-7.169403575334831,-7.194585280452488,0.025181705117656605,-7.607352424832765,0.4379488494979338,-7.750643747748235,0.5812401724134038,0.5560584672957471,1.2,1.0,0.808289654554321,0.0,0.0,0.01,247.822998046875,622.5709838867188,2.0
300754.0,66.0,20.0,8.0,-7.710794087635006,-8.004105638890564,0.29331155125555863,-7.837252674244734,0.1264585866097283,-8.07153732023134,0.36074323259633356,0.06743168134077493,0.4,0.875,0.830824289647844,0.3535533905932738,0.5,0.01,265.02301025390625,629.3709716796875,2.0
309490.0,67.0,20.0,8.0,-4.127225957843953,-5.546518484885321,1.4192925270413683,-5.688094785010924,1.5608688271669715,-5.688094785010924,1.5608688271669715,0.14157630012560318,1.0,0.875,0.613485692043692,0.0,0.3535533905932738,0.01,274.62298583984375,638.9710083007812,2.0
310738.0,68.0,20.0,8.0,-3.906802199686685,-5.415413872422788,1.5086116727361034,-6.24444414093725,2.337641941250565,-6.410233803712498,2.5034316040258133,0.9948199312897099,1.2,1.0,0.5933965890199695,0.0,0.0,0.010000000000000004,270.822998046875,640.3709716796875,2.0
319473.0,69.0,20.0,8.0,-6.082602656170279,-9.714932299286172,3.6323296431158933,-11.18612815031032,5.103525494140042,-11.214246153740886,5.131643497570607,1.499313854454714,1.2,1.0,0.7537471393857043,0.0,0.0,0.01,244.0229949951172,650.1710205078125,2.0
321969.0,70.0,20.0,8.0,-3.3718856149505583,-6.587786166894,3.215900551943442,-7.607374597289871,4.235488982339312,-7.816722297028946,4.444836682078387,1.2289361301349455,1.2,0.875,0.5401204287518803,0.0,0.3535533905932738,0.009999999999999998,272.62298583984375,652.77099609375,2.0
325713.0,71.0,20.0,8.0,-5.141004963040631,-8.35560581498908,3.2146008519484486,-8.661974461749736,3.520969498709105,-8.676941246440869,3.535936283400238,0.32133543145178933,0.8,1.0,0.6939923629850823,0.0,0.0,0.009999999999999997,261.2229919433594,656.9710083007812,2.0
331953.0,72.0,20.0,8.0,-3.1874540050678393,-7.0481387792887675,3.8606847742209283,-8.772518836326014,5.585064831258175,-8.772518836326014,5.585064831258175,1.724380057037247,1.0,0.875,0.5201815392533533,0.5,0.6123724356957945,0.01,278.4230041503906,663.77099609375,2.0
335697.0,73.0,20.0,8.0,-4.618613971403379,-5.977697141911367,1.3590831705079882,-6.400540004755559,1.78192603335218,-6.4585745639793135,1.8399605925759346,0.48087742206794637,1.2,1.0,0.655038490662978,0.0,0.0,0.01,267.02301025390625,667.9710083007812,2.0
344432.0,74.0,20.0,8.0,-5.252342782839979,-5.2529126345136765,0.0005698516736973858,-5.153360202971254,-0.09898257986872494,-5.31272338085695,0.06038059801697049,0.0598107463432731,0.2,1.0,0.7017769546073406,0.0,0.0,0.009999999999999998,276.4230041503906,677.5709838867188,2.0
346928.0,75.0,20.0,8.0,-6.527654045054754,-5.884024718707942,-0.6436293263468116,-5.699637829258005,-0.8280162157967483,-6.527654045054777,2.3092638912203256e-14,0.6436293263468347,0.0,0.875,0.777687556842136,1.1726039399558574,0.7071067811865476,0.01,268.822998046875,680.3709716796875,2.0
351920.0,76.0,20.0,8.0,-5.1082873139782095,-7.07425061636706,1.9659633023888503,-6.917732673825569,1.8094453598473592,-7.095614312746963,1.9873269987687534,0.021363696379903097,0.8,1.0,0.6917031108451938,0.0,0.0,0.01,253.6230010986328,685.9710083007812,2.0
354416.0,77.0,20.0,8.0,-8.473672521766174,-8.540491712652383,0.0668191908862088,-7.140057946678311,-1.3336145750878625,-8.656311071316571,0.18263854955039704,0.11581935866418824,0.4,1.0,0.8580107500627788,0.0,0.0,0.009999999999999997,246.0229949951172,688.77099609375,2.0
359408.0,78.0,20.0,8.0,-3.649142534050805,-5.408284718820205,1.7591421847694004,-5.700539831114192,2.051397297063387,-5.700539831114192,2.051397297063387,0.2922551122939865,1.0,1.0,0.5684997248881497,0.0,0.0,0.01,267.02301025390625,694.1710205078125,2.0
360656.0,79.0,20.0,8.0,-3.969571322906458,-6.423426169562116,2.4538548466556582,-6.1651110915868435,2.1955397686803853,-6.43913706871715,2.4695657458106917,0.01571089915503343,0.8,1.0,0.5991500888382302,0.0,0.0,0.01,263.2229919433594,695.5709838867188,2.0
366895.0,80.0,20.0,8.0,-3.706879964862839,-6.106406544065078,2.399526579202239,-6.0889945718773575,2.3821146070145183,-6.286215865162531,2.579335900299692,0.17980932109745318,0.8,1.0,0.5743068254702427,0.0,0.0,0.01,244.0229949951172,702.5709838867188,2.0
375631.0,81.0,20.0,8.0,-5.182928451007491,-7.524253551960715,2.341325100953224,-8.375388360270264,3.192459909262773,-8.465552697785503,3.2826242467780116,0.9412991458247877,1.2,1.0,0.6969072267072055,0.0,0.0,0.01,253.6230010986328,712.1710205078125,2.0
395598.0,82.0,20.0,8.0,-3.7670051786122287,-5.17043048055727,1.4034253019450413,-5.2549624594552995,1.4879572808430708,-5.280450507463258,1.5134453288510294,0.11002002690598811,0.8,1.0,0.5800372048707771,0.0,0.0,0.01,265.02301025390625,734.1710205078125,2.0
398094.0,83.0,20.0,8.0,-4.326030095974717,-6.100466632253916,1.7744365362791985,-6.734612584534419,2.408582488559702,-6.735465075560304,2.409434979585587,0.6349984433063884,1.2,1.0,0.6308297949578565,0.0,0.0,0.009999999999999998,257.4230041503906,736.9710083007812,2.0
404334.0,84.0,20.0,8.0,-3.3044234533369106,-5.49571756667582,2.1912941133389094,-5.873015440891088,2.568591987554177,-5.873015440891088,2.568591987554177,0.3772978742152677,1.0,1.0,0.5329384657535907,0.0,0.0,0.01,274.62298583984375,743.77099609375,2.0
406830.0,85.0,20.0,8.0,-3.975444667169177,-5.768773677955144,1.7933290107859667,-5.657887242706706,1.6824425755375287,-5.754884310124022,1.779439642954845,-0.013889367831121824,0.6,1.0,0.5996845001747155,0.0,0.0,0.01,267.02301025390625,746.5709838867188,2.0
410573.0,86.0,20.0,8.0,-3.14611558562327,-5.2161762793651025,2.0700606937418327,-5.243925806001358,2.097810220378088,-5.3424672675299725,2.1963516819067026,0.12629098816486994,0.8,1.0,0.5155829743600411,0.0,0.0,0.009999999999999998,255.42300415039062,750.77099609375,2.0
413069.0,87.0,20.0,8.0,-4.445857215732122,-5.511046428305902,1.06518921257378,-5.7468675168312195,1.3010103010990974,-5.784461287478223,1.3386040717461007,0.27341485917232067,1.2,1.0,0.6408727537113013,0.0,0.0,0.01,247.822998046875,753.5709838867188,2.0
415565.0,88.0,20.0,8.0,-3.1480168485570696,-3.7716796465055142,0.6236627979484446,-3.8165779451638,0.6685610966067301,-3.8165779451638,0.6685610966067301,0.04489829865828554,1.0,1.0,0.5157859453584231,0.0,0.0,0.009999999999999998,276.4230041503906,756.1710205078125,2.0
428045.0,89.0,20.0,8.0,-2.8919352546390424,-3.816548674906311,0.9246134202672684,-3.868711757991939,0.9767765033528963,-3.8814494072729087,0.9895141526338662,0.06490073236659777,0.8,0.875,0.4863741798598403,0.7071067811865476,0.7905694150420949,0.01,274.62298583984375,769.9710083007812,2.0
438028.0,90.0,20.0,8.0,-2.5052629586288413,-3.3549255194083383,0.849662560779497,-3.3399543851425255,0.8346914265136842,-3.3708651371668337,0.8656021785379924,0.015939617758495395,0.8,1.0,0.43848484384802605,0.0,0.0,0.009999999999999998,244.0229949951172,781.1710205078125,2.0
448012.0,91.0,20.0,8.0,-3.648397898889015,-5.290114428043658,1.6417165291546434,-5.732924367027261,2.084526468138246,-5.745253565055864,2.0968556661668494,0.455139137012206,1.2,1.0,0.5685536867309735,0.0,0.0,0.01,249.822998046875,792.1710205078125,2.0
459243.0,92.0,20.0,8.0,-2.5183795926187935,-3.015836235863839,0.49745664324504535,-3.0557561692464685,0.537376576627675,-3.0610333660981337,0.5426537734793402,0.045197130234294836,0.8,1.0,0.44024977505766233,0.0,0.0,0.010000000000000002,251.6230010986328,804.5709838867188,2.0
460491.0,93.0,20.0,8.0,-2.5865078135369353,-3.362515794013649,0.7760079804767139,-3.360719422711261,0.7742116091743259,-3.4031492511189523,0.816641437582017,0.040633457105303084,0.8,1.0,0.4489100327652989,0.0,0.0,0.01,247.822998046875,805.9710083007812,2.0
464235.0,94.0,20.0,8.0,-3.37193256528274,-3.965991944525883,0.5940593792431432,-3.845079435860228,0.47314687057748817,-3.9634959315987723,0.5915633663160325,-0.002496012927110769,0.6,0.875,0.5400523643660148,0.7071067811865476,0.5,0.010000000000000002,272.62298583984375,809.9710083007812,2.0
465483.0,95.0,20.0,8.0,-3.6849955778597194,-5.87727895591741,2.1922833780576902,-5.9673013715503895,2.28230579369067,-6.105920943309114,2.4209253654493943,0.22864198739170405,0.8,1.0,0.5720924341886899,0.0,0.0,0.01,268.822998046875,811.3709716796875,2.0
467979.0,96.0,20.0,8.0,-5.634696864079471,-7.515637717205156,1.8809408531256846,-7.803465510109692,2.1687686460302213,-7.859316306831482,2.2246194427520107,0.34367858962632614,1.2,1.0,0.7269370805419859,0.0,0.0,0.01,261.2229919433594,814.1710205078125,2.0
476714.0,97.0,20.0,8.0,-2.032566743653004,-2.5776070449082473,0.5450403012552432,-2.640682325372002,0.608115581718998,-2.640682325372002,0.608115581718998,0.06307528046375488,1.0,1.0,0.3739922182763597,0.0,0.0,0.010000000000000002,270.62298583984375,823.77099609375,2.0
481706.0,98.0,20.0,8.0,-2.0308996949640896,-2.4711326671880967,0.44023297222400704,-2.7581273737731378,0.7272276788090482,-2.7581273737731378,0.7272276788090482,0.2869947065850411,1.0,1.0,0.3736511759290703,0.0,0.0,0.010000000000000004,255.42300415039062,829.3709716796875,2.0
496682.0,99.0,20.0,8.0,-6.888956971769021,-6.611081303745242,-0.2778756680237793,-6.412344448014516,-0.4766125237545049,-7.061061144764933,0.17210417299591185,0.44997984101969113,0.2,1.0,0.7954587158702026,0.0,0.0,0.01,246.0229949951172,845.9710083007812,2.0
4991.0,0.0,20.0,16.0,-5.5499502506930245,-7.961840755006291,2.4118905043132663,-8.023958353128407,2.4740081024353824,-8.041927902530865,2.491977651837841,0.08008714752457458,0.8,1.0,0.7216019043937337,0.0,0.0,0.010000000000000002,263.2229919433594,302.5710144042969,2.0
12479.0,1.0,20.0,16.0,-6.888513023723805,-8.125567375732107,1.2370543520083022,-7.428010979084542,0.5394979553607371,-8.148821152834143,1.2603081291103386,0.023253777102036466,0.6,1.0,0.7955429942281281,0.0,0.0,0.01,276.62298583984375,310.77099609375,2.0
19967.0,2.0,20.0,16.0,-7.573937663297396,-7.62908381679199,0.05514615349459451,-7.446323014743411,-0.1276146485539842,-7.659601927508694,0.08566426421129858,0.030518110716704072,0.4,0.9375,0.8254964500711125,0.5,0.25,0.01,253.822998046875,319.1709899902344,2.0
22463.0,3.0,20.0,16.0,-7.109694624930017,-9.92346703529509,2.8137724103650728,-9.867254122952685,2.757559498022668,-10.076448610254928,2.966753985324911,0.15298157495983844,0.8,1.0,0.805757548124044,0.0,0.0,0.010000000000000002,246.22300720214844,321.97100830078125,2.0
23710.0,4.0,20.0,16.0,-8.278002304976441,-8.656994472870087,0.37899216789364587,-8.489351415674438,0.21134911069799678,-8.713258010487749,0.43525570551130777,0.056263537617661896,0.4,1.0,0.8516315466743851,0.0,0.0,0.010000000000000004,278.4230041503906,323.1709899902344,2.0
24958.0,5.0,20.0,16.0,-5.727506313138631,-6.768766408684902,1.0412600955462716,-6.652095270130078,0.9245889569914478,-6.767743397353435,1.0402370842148043,-0.0010230113314673162,0.8,1.0,0.7328963532783375,0.0,0.0,0.010000000000000004,274.62298583984375,324.5710144042969,2.0
26206.0,6.0,20.0,16.0,-7.074272610669206,-10.034353259560678,2.9600806488914717,-10.660460625004642,3.586188014335436,-10.840464229045663,3.7661916183764568,0.8061109694849851,1.2,1.0,0.8041548468219698,0.0,0.0,0.009999999999999998,270.822998046875,325.97100830078125,2.0
34942.0,7.0,20.0,16.0,-5.360547706546155,-7.048595831140503,1.6880481245943475,-6.8370932818116215,1.4765455752654661,-7.062952222016271,1.702404515470116,0.014356390875768454,0.6,1.0,0.7091840361427707,0.0,0.0,0.01,244.22300720214844,335.77099609375,2.0
44926.0,8.0,20.0,16.0,-4.67741100547814,-6.334985279491301,1.657574274013161,-6.414149452279171,1.7367384468010307,-6.447639500401027,1.770228494922887,0.1126542209097261,1.2,1.0,0.6597580618539977,0.0,0.0,0.01,250.0229949951172,346.77099609375,2.0
47421.0,9.0,20.0,16.0,-8.069524927438225,-9.65603109829136,1.5865061708531343,-9.717184066765217,1.6476591393269917,-9.776170588301438,1.706645660863213,0.12013949001007873,1.2,1.0,0.8442760414381247,0.0,0.0,0.01,278.4230041503906,349.3710021972656,2.0
48669.0,10.0,20.0,16.0,-6.761018151275676,-7.432241199071959,0.6712230477962828,-6.932340271955355,0.17132212067967867,-7.526403382458202,0.7653852311825258,0.09416218338624294,0.4,1.0,0.7893556876798803,0.0,0.0,0.009999999999999998,274.62298583984375,350.77099609375,2.0
54909.0,11.0,20.0,16.0,-9.154291434088925,-9.868391934022444,0.7141004999335188,-9.773741898338479,0.6194504642495531,-9.87853893079398,0.7242474967050541,0.0101469967715353,0.6,1.0,0.8788192263921706,0.0,0.0,0.010000000000000002,255.6230010986328,357.77099609375,2.0
56157.0,12.0,20.0,16.0,-8.137990547080271,-8.480680417707816,0.3426898706275452,-8.548511051052982,0.41052050397271067,-8.548511051052982,0.41052050397271067,0.06783063334516548,1.0,1.0,0.8469257193805149,0.0,0.0,0.01,251.822998046875,359.1709899902344,2.0
59901.0,13.0,20.0,16.0,-7.316754593232195,-10.355188928168522,3.0384343349363263,-10.62257610986509,3.3058215166328946,-10.62257610986509,3.3058215166328946,0.2673871816965683,1.0,1.0,0.8148526553464617,0.0,0.0,0.010000000000000002,276.62298583984375,363.1709899902344,2.0
61149.0,14.0,20.0,16.0,-7.234163283196601,-7.382401761523115,0.1482384783265136,-7.276071947983558,0.04190866478695732,-7.407080729945603,0.17291744674900222,0.024678968422488623,0.4,1.0,0.811258824954042,0.0,0.0,0.01,272.822998046875,364.5710144042969,2.0
63645.0,15.0,20.0,16.0,-10.265225244504554,-11.369591420959772,1.1043661764552173,-11.108232007333921,0.8430067628293667,-11.366782753232982,1.101557508728428,-0.002808667726789338,0.6,1.0,0.9062712488204729,0.0,0.0,0.009999999999999997,265.2229919433594,367.3710021972656,2.0
72380.0,16.0,20.0,16.0,-7.1196340143552375,-9.843627652600437,2.7239936382452,-9.62578354624825,2.506149531893013,-9.831724011645553,2.712089997290316,-0.011903640954884054,0.8,1.0,0.8061465385159211,0.0,0.0,0.01,274.62298583984375,376.97100830078125,2.0
77372.0,17.0,20.0,16.0,-8.477951724049355,-13.013777863839826,4.535826139790471,-12.739187208121345,4.261235484071991,-13.01993041747661,4.5419786934272555,0.0061525536367845746,0.8,1.0,0.8582223597748491,0.0,0.0,0.01,259.4230041503906,382.5710144042969,2.0
83612.0,18.0,20.0,16.0,-7.967788979798116,-11.736307551743588,3.7685185719454717,-11.08867331845235,3.1208843386542346,-11.790664387603249,3.8228754078051326,0.05435683585966089,0.6,1.0,0.840583162405027,0.0,0.0,0.010000000000000002,276.62298583984375,389.3710021972656,2.0
94843.0,19.0,20.0,16.0,-6.795926776719117,-10.723240454532197,3.92731367781308,-10.636294472722312,3.840367696003195,-10.728762673274371,3.932835896555254,0.0055222187421737345,0.8,1.0,0.7912299309446975,0.0,0.0,0.01,278.4230041503906,401.77099609375,2.0
97339.0,20.0,20.0,16.0,-7.353749553643411,-11.074929193987582,3.7211796403441717,-11.077338363381022,3.7235888097376115,-11.151248384858064,3.7974988312146536,0.07631919087048189,0.8,1.0,0.81629591846635,0.0,0.0,0.009999999999999998,270.822998046875,404.5710144042969,2.0
99835.0,21.0,20.0,16.0,-7.529721849540964,-9.267206952307463,1.7374851027664988,-9.144741348614149,1.6150194990731848,-9.318424086635906,1.7887022370949417,0.05121713432844288,0.8,1.0,0.8237199831762462,0.0,0.0,0.010000000000000002,263.2229919433594,407.3710021972656,2.0
101083.0,22.0,20.0,16.0,-7.78374789829194,-9.343281304259916,1.5595334059679757,-9.392938102430383,1.609190204138443,-9.469129457312803,1.685381559020863,0.1258481530528872,0.8,0.9375,0.8337790947727045,0.3535533905932738,0.25,0.01,259.4230041503906,408.77099609375,2.0
119802.0,23.0,20.0,16.0,-6.93034421339087,-8.170444376186573,1.2401001627957031,-7.219198160561632,0.28885394717076185,-8.260490631878563,1.3301464184876926,0.09004625569198943,0.4,1.0,0.7974522625512305,0.0,0.0,0.01,274.62298583984375,429.3710021972656,2.0
121050.0,24.0,20.0,16.0,-7.488879822121577,-12.021089830752205,4.532210008630628,-11.397580288937208,3.908700466815631,-12.022336164077046,4.533456341955469,0.0012463333248415864,0.6,1.0,0.8219793270341902,0.0,0.0,0.01,270.822998046875,430.77099609375,2.0
122298.0,25.0,20.0,16.0,-8.324832864044792,-11.778594899190772,3.4537620351459797,-10.417236826948578,2.092403962903786,-12.016006538917104,3.691173674872312,0.23741163972633217,0.4,1.0,0.8532389103749275,0.0,0.0,0.01,267.02301025390625,432.1709899902344,2.0
126042.0,26.0,20.0,16.0,-6.394175631841633,-9.800059457448123,3.40588382560649,-9.649407716097478,3.2552320842558453,-9.778722485186893,3.3845468533452605,-0.021336972261229548,0.6,1.0,0.7709950750957959,0.0,0.0,0.009999999999999998,255.6230010986328,436.3710021972656,2.0
131034.0,27.0,20.0,16.0,-6.936496549693966,-10.91651654359353,3.980019993899565,-10.849928309070124,3.9134317593761585,-10.907277667576082,3.970781117882116,-0.00923887601744866,0.8,1.0,0.7978864470139193,0.0,0.0,0.009999999999999998,276.62298583984375,441.77099609375,2.0
132282.0,28.0,20.0,16.0,-6.275994585589515,-7.886894549583459,1.6108999639939432,-7.826678609628818,1.5506840240393025,-7.936728229301265,1.6607336437117493,0.049833679717806056,0.8,1.0,0.7645771817044674,0.0,0.0,0.010000000000000002,272.822998046875,443.1709899902344,2.0
136025.0,29.0,20.0,16.0,-7.373747901686496,-8.869125480319909,1.4953775786334127,-8.090064703377905,0.7163168016914092,-9.424650848081193,2.0509029463946966,0.5555253677612839,0.4,0.9375,0.8172842202249614,0.3535533905932738,0.5,0.01,261.2229919433594,447.3710021972656,2.0
137273.0,30.0,20.0,16.0,-6.221581611955904,-9.297348802910799,3.0757671909548945,-8.585210004038927,2.363628392083023,-9.31954585987257,3.097964247916665,0.022197056961770656,0.6,0.9375,0.7617343174115843,0.6614378277661477,0.5590169943749475,0.009999999999999998,257.4230041503906,448.77099609375,2.0
139769.0,31.0,20.0,16.0,-12.157488632147281,-13.066628666940801,0.9091400347935199,-11.2434399234359,-0.9140487087113804,-14.165145412037418,2.0076567798901372,1.0985167450966173,0.4,0.9375,0.9394409927364455,0.0,0.25,0.010000000000000004,249.822998046875,451.5710144042969,2.0
143513.0,32.0,20.0,16.0,-8.258677269100044,-8.306391244338048,0.047713975238004025,-7.474638559597936,-0.7840387095021084,-8.520053679670497,0.2613764105704526,0.21366243533244855,0.4,0.9375,0.8509325667963281,0.25,0.5,0.01,274.62298583984375,455.5710144042969,2.0
153497.0,33.0,20.0,16.0,-5.814294393898373,-7.489810181689855,1.6755157877914817,-7.990270656431556,2.175976262533183,-8.201308900501893,2.3870145066035198,0.7114987188120381,1.2,1.0,0.7380904357169478,0.0,0.0,0.01,244.22300720214844,466.77099609375,2.0
163480.0,34.0,20.0,16.0,-5.00241926212031,-6.222175475483137,1.2197562133628272,-5.94506608998464,0.9426468278643299,-6.213636396877407,1.2112171347570966,-0.008539078605730666,0.6,1.0,0.684337410946657,0.0,0.0,0.01,249.822998046875,477.77099609375,2.0
164728.0,35.0,20.0,16.0,-6.000239078776347,-8.18178360665118,2.1815445278748333,-7.350482716864269,1.350243638087922,-8.244875822358223,2.244636743581876,0.0630922157070426,0.6,1.0,0.7492761919314279,0.0,0.0,0.01,246.0229949951172,479.1709899902344,2.0
170968.0,36.0,20.0,16.0,-6.644620741297568,-7.533729754138433,0.8891090128408647,-7.083418627532949,0.4387978862353812,-7.627762029252358,0.9831412879547896,0.09403227511392487,0.4,0.9375,0.7836969767216575,0.4330127018922193,0.0,0.01,263.2229919433594,485.97100830078125,2.0
179704.0,37.0,20.0,16.0,-5.414366012455218,-7.781038203820172,2.3666721913649535,-7.8121887809529795,2.397822768497761,-7.926443030686895,2.5120770182316763,0.14540482686672274,0.8,1.0,0.7127703629339682,0.0,0.0,0.01,272.822998046875,495.5710144042969,2.0
183447.0,38.0,20.0,16.0,-7.001227008038068,-10.290867355682884,3.2896403476448164,-10.530780041769848,3.52955303373178,-10.65564361355619,3.654416605518122,0.3647762578733058,0.8,1.0,0.8007925801497093,0.0,0.0,0.010000000000000002,261.2229919433594,499.77099609375,2.0
187191.0,39.0,20.0,16.0,-5.167052069358754,-8.596131414481755,3.429079345123001,-8.601599366472074,3.43454729711332,-8.687158805910467,3.520106736551713,0.09102739142871208,0.8,1.0,0.6960763075321122,0.0,0.0,0.01,249.822998046875,503.97100830078125,2.0
188439.0,40.0,20.0,16.0,-4.963266817991705,-7.716399093018441,2.7531322750267355,-7.589728213820398,2.6264613958286924,-7.725212973146721,2.761946155155016,0.008813880128280438,0.8,1.0,0.6813153818464525,0.0,0.0,0.009999999999999998,246.0229949951172,505.3710021972656,2.0
202167.0,41.0,20.0,16.0,-8.054301827903211,-7.249686723732748,-0.8046151041704634,-6.705771126039538,-1.3485307018636732,-8.122084810072124,0.06778298216891265,0.8723980863393761,0.2,1.0,0.843841515061981,0.0,0.0,0.01,276.62298583984375,520.3709716796875,2.0
204662.0,42.0,20.0,16.0,-8.5780799138038,-7.9219723970705855,-0.656107516733214,-7.324106585371402,-1.253973328432398,-8.794189262732575,0.2161093489287751,0.8722168656619891,0.2,1.0,0.8616223327858799,0.0,0.0,0.009999999999999998,268.822998046875,523.1710205078125,2.0
205910.0,43.0,20.0,16.0,-9.235221051463489,-8.762041639188393,-0.47317941227509586,-7.67412203520162,-1.5610990162618688,-9.651590425487509,0.4163693740240202,0.889548786299116,0.2,0.9375,0.8812590952225857,0.3535533905932738,0.25,0.009999999999999998,265.02301025390625,524.5709838867188,2.0
212150.0,44.0,20.0,16.0,-7.474483029525673,-11.009152371637619,3.534669342111946,-10.266342393398366,2.7918593638726934,-11.0956681098159,3.6211850802902275,0.08651573817828151,0.6,1.0,0.8216238544366418,0.0,0.0,0.01,246.0229949951172,531.5709838867188,2.0
214646.0,45.0,20.0,16.0,-7.560532636504881,-10.27819828370032,2.717665647195439,-9.417361422112338,1.8568287856074566,-10.399360164560832,2.838827528055951,0.12116188086051238,0.4,1.0,0.824934489422125,0.0,0.0,0.009999999999999998,274.62298583984375,534.1710205078125,2.0
218390.0,46.0,20.0,16.0,-6.094124323453894,-10.994368664437443,4.90024434098355,-11.383896933367627,5.289772609913733,-11.383896933367627,5.289772609913733,0.38952826893018333,1.0,1.0,0.7544805034649295,0.0,0.0,0.010000000000000002,263.2229919433594,538.3709716796875,2.0
224630.0,47.0,20.0,16.0,-6.593528668910053,-6.9566770077101605,0.3631483388001078,-6.5923691159805795,-0.0011595529294732287,-7.3202847711776995,0.7267561022676468,0.363607763467539,0.4,0.9375,0.7812916014869781,0.3535533905932738,0.5,0.01,244.22300720214844,545.3709716796875,2.0
228373.0,48.0,20.0,16.0,-7.787121544710752,-8.870291392744292,1.08316984803354,-8.917727308076907,1.1306057633661553,-8.917727308076907,1.1306057633661553,0.04743591533261515,1.0,1.0,0.8338361313339216,0.0,0.0,0.009999999999999998,268.822998046875,549.3709716796875,2.0
235861.0,49.0,20.0,16.0,-10.295184689132153,-10.561557490652007,0.26637280151985365,-9.863113681864007,-0.43207100726814573,-10.812098911946313,0.5169142228141599,0.25054142129430623,0.4,1.0,0.906807845713547,0.0,0.0,0.010000000000000002,246.0229949951172,557.77099609375,2.0
242101.0,50.0,20.0,16.0,-11.8790308333758,-12.520200902598265,0.6411700692224649,-11.148966451662998,-0.7300643817128023,-12.686604626387865,0.8075737930120646,0.16640372378959967,0.4,1.0,0.9353436199916145,0.0,0.0,0.009999999999999998,263.2229919433594,564.5709838867188,2.0
244597.0,51.0,20.0,16.0,-11.619114434283972,-12.395408778015199,0.7762943437312266,-12.14461315508342,0.5254987207994475,-12.426580716372209,0.807466282088237,0.031171938357010376,0.4,0.9375,0.9315439985951848,0.3535533905932738,0.5,0.01,255.6230010986328,567.3709716796875,2.0
247093.0,52.0,20.0,16.0,-6.188611070687396,-9.646232257911917,3.457621187224521,-9.09139888036092,2.902787809673524,-9.621002237257649,3.4323911665702527,-0.02523002065426816,0.8,1.0,0.7599252177586306,0.0,0.0,0.01,248.0229949951172,570.1710205078125,2.0
249588.0,53.0,20.0,16.0,-7.282043613400696,-9.429239042523221,2.147195429122525,-9.952751270549175,2.670707657148479,-9.952751270549175,2.670707657148479,0.5235122280259539,1.0,1.0,0.8132707125271306,0.0,0.0,0.009999999999999998,276.4230041503906,572.77099609375,2.0
250836.0,54.0,20.0,16.0,-7.20498391202384,-8.811034621591196,1.6060507095673557,-8.24441703460842,1.0394331225845796,-8.829505036761429,1.6245211247375888,0.018470415170233068,0.6,0.9375,0.8100549845317894,0.25,0.4330127018922193,0.010000000000000002,272.62298583984375,574.1710205078125,2.0
252084.0,55.0,20.0,16.0,-6.101435847781589,-7.804845908492327,1.7034100607107376,-8.359694995128224,2.258259147346635,-8.696147961649006,2.5947121138674163,0.8913020531566787,1.2,1.0,0.7548261985656108,0.0,0.0,0.009999999999999998,268.822998046875,575.5709838867188,2.0
260820.0,56.0,20.0,16.0,-8.638848841172175,-12.261307094434283,3.622458253262108,-9.622225298496582,0.9833764573244075,-12.400128853347294,3.761280012175119,0.13882175891301074,0.6,0.9375,0.8635353447294082,0.25,0.25,0.01,278.4230041503906,585.1710205078125,2.0
268308.0,57.0,20.0,16.0,-6.5567039155280105,-8.69478348517539,2.13807956964738,-8.832547526641047,2.2758436111130367,-8.857010456524636,2.3003065409966252,0.16222697134924502,1.2,1.0,0.7792901822873189,0.0,0.0,0.01,255.6230010986328,593.5709838867188,2.0
270804.0,58.0,20.0,16.0,-7.262299234758514,-8.996629011031047,1.7343297762725332,-8.002275582556736,0.7399763477982226,-9.523189478250362,2.2608902434918488,0.5265604672193156,0.4,1.0,0.8125124114204375,0.0,0.0,0.01,248.0229949951172,596.3709716796875,2.0
277043.0,59.0,20.0,16.0,-8.644712754399013,-9.804593721633411,1.1598809672343986,-9.370356525802642,0.7256437714036288,-9.943194789153665,1.2984820347546524,0.1386010675202538,0.4,1.0,0.8636091488331352,0.0,0.0,0.010000000000000002,265.02301025390625,603.1710205078125,2.0
278291.0,60.0,20.0,16.0,-7.131781889444362,-8.478438427349,1.3466565379046376,-8.232867032541455,1.1010851430970927,-8.460074834242645,1.3282929447982834,-0.01836359310635416,0.8,1.0,0.8067885042091447,0.0,0.0,0.010000000000000002,261.2229919433594,604.5709838867188,2.0
280787.0,61.0,20.0,16.0,-9.033414613821563,-10.946200277540992,1.9127856637194292,-10.800081837061224,1.7666672232396614,-10.934124312711432,1.9007096988898695,-0.012075964829559638,0.8,0.9375,0.875504602852088,0.0,0.25,0.01,253.6230010986328,607.3709716796875,2.0
282035.0,62.0,20.0,16.0,-6.099044779515057,-7.149514978876049,1.0504701993609915,-7.1081595881378865,1.0091148086228294,-7.235551659789834,1.1365068802747773,0.0860366809137858,1.2,0.9375,0.7547803398880375,0.25,0.3535533905932738,0.01,249.822998046875,608.77099609375,2.0
288275.0,63.0,20.0,16.0,-10.672513888191792,-10.918676494795086,0.2461626066032938,-10.160921250794786,-0.5115926373970066,-11.078540233122183,0.4060263449303907,0.15986373832709688,0.4,0.9375,0.9145381137487213,0.4330127018922193,0.3535533905932738,0.01,267.02301025390625,615.5709838867188,2.0
293267.0,64.0,20.0,16.0,-10.574928619971168,-11.202215990279063,0.6272873703078954,-11.091231236540766,0.5163026165695985,-11.20216662712541,0.6272380071542418,-4.936315365355881e-05,0.6,0.875,0.9128986888250434,0.82915619758885,0.6614378277661477,0.010000000000000002,251.822998046875,621.1710205078125,2.0
294514.0,65.0,20.0,16.0,-9.014881625994821,-9.770259487093329,0.7553778610985074,-10.347526183544149,1.3326445575493278,-10.451480273742408,1.4365986477475872,0.6812207866490798,1.2,0.9375,0.8749318632974205,0.25,0.0,0.01,247.822998046875,622.5709838867188,2.0
300754.0,66.0,20.0,16.0,-9.529104293703636,-10.500589804598146,0.9714855108945102,-10.39447284371273,0.8653685500090944,-10.504600555599662,0.9754962618960263,0.004010751001516155,0.6,0.9375,0.8889145828228575,0.4330127018922193,0.5,0.01,265.02301025390625,629.3709716796875,2.0
309490.0,67.0,20.0,16.0,-7.292005632546167,-10.439798182614686,3.1477925500685187,-11.616388213646985,4.324382581100818,-11.616388213646985,4.324382581100818,1.1765900310322994,1.0,1.0,0.8137654100752951,0.0,0.0,0.01,274.62298583984375,638.9710083007812,2.0
310738.0,68.0,20.0,16.0,-6.635326273185026,-9.321746091115749,2.686419817930723,-9.358024642387157,2.7226983692021314,-9.368067151699085,2.7327408785140594,0.046321060583336404,0.8,1.0,0.7833065934492903,0.0,0.0,0.010000000000000004,270.822998046875,640.3709716796875,2.0
319473.0,69.0,20.0,16.0,-9.588499254000721,-14.980326508083897,5.391827254083175,-15.466920169924357,5.878420915923636,-15.466920169924357,5.878420915923636,0.4865936618404607,1.0,1.0,0.8904603131635765,0.0,0.0,0.01,244.0229949951172,650.1710205078125,2.0
321969.0,70.0,20.0,16.0,-7.531496378387979,-11.293117611655784,3.761621233267805,-10.847567276341408,3.316070897953429,-11.324352167170073,3.7928557887820933,0.03123455551428833,0.6,1.0,0.8237730443886627,0.0,0.0,0.009999999999999998,272.62298583984375,652.77099609375,2.0
325713.0,71.0,20.0,16.0,-8.842274323732473,-11.7941587242895,2.9518844005570273,-11.281119312482065,2.438844988749592,-11.823200621876996,2.9809262981445226,0.029041897587495313,0.6,0.9375,0.8696944577615251,0.25,0.25,0.009999999999999997,261.2229919433594,656.9710083007812,2.0
331953.0,72.0,20.0,16.0,-7.432284299546122,-13.380807443910768,5.948523144364646,-13.154666217376896,5.7223819178307735,-13.389931503677593,5.9576472041314705,0.009124059766824288,0.8,1.0,0.819727005418007,0.0,0.0,0.01,278.4230041503906,663.77099609375,2.0
335697.0,73.0,20.0,16.0,-6.818088830049773,-8.459284508643364,1.6411956785935908,-8.572643122541768,1.7545542924919948,-8.605979656618135,1.7878908265683622,0.14669514797477134,1.2,0.9375,0.7924041354522474,0.0,0.3535533905932738,0.01,267.02301025390625,667.9710083007812,2.0
344432.0,74.0,20.0,16.0,-7.735507620911686,-8.334461048085753,0.5989534271740675,-7.586328254192377,-0.14917936671930843,-8.466509230142496,0.7310016092308098,0.1320481820567423,0.4,0.9375,0.8318944556718165,0.0,0.4330127018922193,0.009999999999999998,276.4230041503906,677.5709838867188,2.0
346928.0,75.0,20.0,16.0,-9.440352916762777,-8.021517326044837,-1.41883559071794,-7.346863465011238,-2.0934894517515383,-9.440352916762803,2.6645352591003757e-14,1.4188355907179666,0.0,1.0,0.886545796996758,0.0,0.0,0.01,268.822998046875,680.3709716796875,2.0
351920.0,76.0,20.0,16.0,-8.000053031837504,-9.138729906492829,1.1386768746553244,-8.7692164050565,0.769163373218996,-9.167275074550876,1.1672220427133713,0.028545168058046855,0.6,1.0,0.8418352681808592,0.0,0.0,0.01,253.6230010986328,685.9710083007812,2.0
354416.0,77.0,20.0,16.0,-12.036601132842366,-12.407778488687413,0.3711773558450471,-9.273679088262426,-2.7629220445799394,-12.833513996744133,0.7969128639017669,0.4257355080567198,0.4,1.0,0.9377774722511755,0.0,0.0,0.009999999999999997,246.0229949951172,688.77099609375,2.0
359408.0,78.0,20.0,16.0,-6.666926261094526,-7.749956599266517,1.0830303381719917,-7.868037319231878,1.2011110581373527,-7.993938236816719,1.3270119757221934,0.24398163755020175,1.2,1.0,0.7847924787521873,0.0,0.0,0.01,267.02301025390625,694.1710205078125,2.0
360656.0,79.0,20.0,16.0,-6.498003581576548,-8.48945859122297,1.9914550096464225,-8.27172184390528,1.7737182623287318,-8.496051639723161,1.9980480581466136,0.0065930485001910455,0.6,0.9375,0.7763024205726416,0.3535533905932738,0.4330127018922193,0.01,263.2229919433594,695.5709838867188,2.0
366895.0,80.0,20.0,16.0,-7.104289306087939,-8.503546937450245,1.3992576313623069,-8.07560474607962,0.971315439991681,-8.577110284040796,1.472820977952857,0.07356334659055008,0.4,1.0,0.8056064512772533,0.0,0.0,0.01,244.0229949951172,702.5709838867188,2.0
375631.0,81.0,20.0,16.0,-8.5406564179664,-11.674319746358526,3.1336633283921262,-11.367935842147546,2.827279424181146,-11.652921183704606,3.1122647657382068,-0.021398562653919484,0.6,1.0,0.8603299861847177,0.0,0.0,0.01,253.6230010986328,712.1710205078125,2.0
395598.0,82.0,20.0,16.0,-6.894901222478871,-9.36414068669117,2.4692394642122997,-8.873985251281216,1.9790840288023448,-9.34310434541281,2.448203122933939,-0.021036341278360737,0.6,1.0,0.7957790948304349,0.0,0.0,0.01,265.02301025390625,734.1710205078125,2.0
398094.0,83.0,20.0,16.0,-6.5817229305327585,-9.039920452625799,2.45819752209304,-8.907747911074363,2.3260249805416047,-9.126542660963041,2.544819730430283,0.08662220833724277,0.8,1.0,0.7806129157593308,0.0,0.0,0.009999999999999998,257.4230041503906,736.9710083007812,2.0
404334.0,84.0,20.0,16.0,-6.3276797908303966,-10.280024478198406,3.9523446873680097,-10.183773569257742,3.8560937784273452,-10.283600551897813,3.955920761067416,0.003576073699406379,0.8,1.0,0.7675119232558407,0.0,0.0,0.01,274.62298583984375,743.77099609375,2.0
406830.0,85.0,20.0,16.0,-8.031690973063984,-10.65615166097954,2.6244606879155565,-10.060817994278581,2.029127021214597,-10.872224780238007,2.8405338071740225,0.21607311925846595,0.4,0.9375,0.8427924347041269,0.0,0.5590169943749475,0.01,267.02301025390625,746.5709838867188,2.0
410573.0,86.0,20.0,16.0,-5.706390244576842,-7.580607936932032,1.8742176923551899,-7.288883926388706,1.5824936818118642,-7.582129529901842,1.8757392853249995,0.001521592969809582,0.6,1.0,0.7315623849356303,0.0,0.0,0.009999999999999998,255.42300415039062,750.77099609375,2.0
413069.0,87.0,20.0,16.0,-6.29693896603291,-8.051617377752402,1.7546784117194925,-8.215051403039723,1.9181124370068137,-8.218687395529756,1.921748429496846,0.16707001777735364,1.2,0.9375,0.7656837734941152,0.0,0.75,0.01,247.822998046875,753.5709838867188,2.0
415565.0,88.0,20.0,16.0,-5.865944473756315,-6.915125703535817,1.049181229779502,-6.8278304801107215,0.9618860063544066,-6.907701976354277,1.041757502597962,-0.007423727181540052,0.6,1.0,0.741297261801321,0.0,0.0,0.009999999999999998,276.4230041503906,756.1710205078125,2.0
428045.0,89.0,20.0,16.0,-5.283548977644417,-6.962559423894831,1.6790104462504143,-7.025706270598933,1.7421572929545164,-7.074752187902132,1.7912032102577156,0.11219276400730127,0.8,0.9375,0.7041413480212357,1.0307764064044151,0.3535533905932738,0.01,274.62298583984375,769.9710083007812,2.0
438028.0,90.0,20.0,16.0,-4.923402281903793,-5.536569019750286,0.6131667378464929,-5.394541912133431,0.47113963022963823,-5.624968469792378,0.7015661878885853,0.08839945004209238,0.4,0.9375,0.6784263129075313,0.5,0.25,0.009999999999999998,244.0229949951172,781.1710205078125,2.0
448012.0,91.0,20.0,16.0,-5.983820408927075,-7.72535743015177,1.741537021224695,-7.750302006250043,1.7664815973229677,-7.782958538392407,1.799138129465332,0.05760110824063691,0.8,1.0,0.7481993240900828,0.0,0.0,0.01,249.822998046875,792.1710205078125,2.0
459243.0,92.0,20.0,16.0,-4.708558048012224,-5.920302395773157,1.2117443477609324,-6.097413286403145,1.3888552383909207,-6.097413286403145,1.3888552383909207,0.1771108906299883,1.0,1.0,0.662202038616531,0.0,0.0,0.010000000000000002,251.6230010986328,804.5709838867188,2.0
460491.0,93.0,20.0,16.0,-4.777859261834362,-5.979016778734248,1.2011575168998867,-5.70986472797785,0.9320054661434884,-5.97106335257458,1.1932040907402186,-0.007953426159668098,0.6,1.0,0.6675134476307407,0.0,0.0,0.01,247.822998046875,805.9710083007812,2.0
464235.0,94.0,20.0,16.0,-5.649344068607409,-7.230861730248247,1.581517661640838,-6.851339641440078,1.2019955728326694,-7.218512548051185,1.5691684794437766,-0.012349182197061381,0.6,1.0,0.7280014920221551,0.0,0.0,0.010000000000000002,272.62298583984375,809.9710083007812,2.0
465483.0,95.0,20.0,16.0,-6.409563850703897,-7.3197240000025605,0.9101601492986635,-7.272555356996372,0.8629915062924747,-7.333546462697241,0.9239826119933436,0.013822462694680127,0.8,1.0,0.7717156050308261,0.0,0.0,0.01,268.822998046875,811.3709716796875,2.0
467979.0,96.0,20.0,16.0,-7.754782572518954,-10.228130783419257,2.473348210900303,-10.43772149566919,2.682938923150237,-10.461069437843824,2.70628686532487,0.23293865442456685,1.2,1.0,0.8326389366331134,0.0,0.0,0.01,261.2229919433594,814.1710205078125,2.0
476714.0,97.0,20.0,16.0,-3.7597702303979363,-5.464103081436694,1.704332851038758,-5.080020752123841,1.3202505217259044,-5.442125169377478,1.6823549389795418,-0.021977912059216287,0.8,0.9375,0.5795844613357278,0.5,0.6123724356957945,0.010000000000000002,270.62298583984375,823.77099609375,2.0
481706.0,98.0,20.0,16.0,-3.8957731552573223,-5.343337645292571,1.4475644900352491,-5.7454246708647965,1.8496515156074742,-5.7656241319293535,1.8698509766720313,0.42228648663678214,1.2,1.0,0.5925718484332388,0.0,0.0,0.010000000000000004,255.42300415039062,829.3709716796875,2.0
496682.0,99.0,20.0,16.0,-9.489650232054249,-9.841262613440803,0.3516123813865537,-9.588881697092976,0.09923146503872715,-10.082283665593685,0.5926334335394365,0.24102105215288283,0.2,1.0,0.8878101870395969,0.0,0.0,0.01,246.0229949951172,845.9710083007812,2.0
4991.0,0.0,30.0,4.0,-2.3970469670913195,-4.67061154335639,2.2735645762650707,-5.257635278501591,2.8605883114102717,-5.257635278501591,2.8605883114102717,0.587023735145201,1.0,1.0,0.42417433906896973,0.0,0.0,0.0010000000000000002,263.2229919433594,302.5710144042969,2.0
12479.0,1.0,30.0,4.0,-2.4542679069970506,-3.4460101881960696,0.9917422811990191,-2.922554200414636,0.4682862934175853,-3.459362259228838,1.0050943522317874,0.013352071032768364,0.6,1.0,0.4317117726272255,0.0,0.0,0.001,276.62298583984375,310.77099609375,2.0
19967.0,2.0,30.0,4.0,-3.128750989038391,-4.044819167169792,0.9160681781314013,-4.229203467016126,1.1004524779777354,-4.263513563743507,1.1347625747051158,0.21869439657371448,1.2,1.0,0.5134606427576167,0.0,0.0,0.001,253.822998046875,319.1709899902344,2.0
22463.0,3.0,30.0,4.0,-3.050162106988995,-4.492297178241734,1.4421350712527392,-4.624290843832183,1.5741287368431882,-4.624290843832183,1.5741287368431882,0.131993665590449,1.0,1.0,0.5045751439938159,0.0,0.0,0.0010000000000000002,246.22300720214844,321.97100830078125,2.0
23710.0,4.0,30.0,4.0,-4.172389525881696,-5.765281354277402,1.5928918283957056,-6.238719589777407,2.0663300638957107,-6.3551773652305465,2.1827878393488502,0.5898960109531446,1.2,1.0,0.6173917622514875,0.0,0.0,0.0010000000000000005,278.4230041503906,323.1709899902344,2.0
24958.0,5.0,30.0,4.0,-1.5522226228882985,-1.986754235473041,0.4345316125847425,-2.006616668847575,0.45439404595927635,-2.013283184082481,0.4610605611941827,0.026528948609440217,0.8,1.0,0.3005252873316596,0.0,0.0,0.0010000000000000005,274.62298583984375,324.5710144042969,2.0
26206.0,6.0,30.0,4.0,-2.9518262854906334,-4.807456507403061,1.8556302219124277,-5.316567049965539,2.364740764474906,-5.352029513741396,2.4002032282507626,0.5445730063383349,1.2,1.0,0.4932339324396168,0.0,0.0,0.0009999999999999998,270.822998046875,325.97100830078125,2.0
34942.0,7.0,30.0,4.0,-1.2645557763028799,-1.9911438746318892,0.7265880983290094,-2.189967351493693,0.9254115751908132,-2.189967351493693,0.9254115751908132,0.1988234768618038,1.0,1.0,0.252622439546971,0.0,0.0,0.001,244.22300720214844,335.77099609375,2.0
44926.0,8.0,30.0,4.0,-1.6208603311264682,-3.242917454795962,1.6220571236694938,-3.2674929574599574,1.6466326263334892,-3.36987360515756,1.749013274031092,0.12695615036159813,0.8,1.0,0.3115082070059099,0.0,0.0,0.001,250.0229949951172,346.77099609375,2.0
47421.0,9.0,30.0,4.0,-2.967816583898437,-4.740846633350523,1.7730300494520854,-5.212940503457521,2.2451239195590835,-5.231667427069345,2.263850843170908,0.4908207937188225,1.2,1.0,0.4950958570990128,0.0,0.0,0.001,278.4230041503906,349.3710021972656,2.0
48669.0,10.0,30.0,4.0,-2.601298591746275,-3.8064556930624907,1.2051571013162157,-3.7672948060381857,1.1659962142919107,-3.861918586602941,1.260619994856666,0.05546289354045042,0.8,1.0,0.45063741996688167,0.0,0.0,0.0009999999999999998,274.62298583984375,350.77099609375,2.0
54909.0,11.0,30.0,4.0,-3.9966724316645474,-5.690337395274135,1.6936649636095873,-5.670937411487595,1.6742649798230471,-5.778851515462767,1.7821790837982197,0.08851412018863236,0.8,1.0,0.6015988470625411,0.0,0.0,0.0010000000000000002,255.6230010986328,357.77099609375,2.0
56157.0,12.0,30.0,4.0,-3.60233253080665,-4.851897389914569,1.2495648591079194,-4.813499884904466,1.2111673540978165,-4.9018109771152885,1.2994784463086386,0.049913587200719256,0.8,1.0,0.5637248711246933,0.0,0.0,0.001,251.822998046875,359.1709899902344,2.0
59901.0,13.0,30.0,4.0,-2.0921606813801374,-2.933347919028983,0.8411872376488456,-3.078545251913053,0.9863845705329157,-3.078545251913053,0.9863845705329157,0.1451973328840701,1.0,1.0,0.3823004936286595,0.0,0.0,0.0010000000000000002,276.62298583984375,363.1709899902344,2.0
61149.0,14.0,30.0,4.0,-3.597214912871902,-4.874880298034298,1.2776653851623956,-4.8160446731261946,1.2188297602542923,-4.918349048844897,1.321134135972995,0.04346875081059931,0.8,1.0,0.5632204936597179,0.0,0.0,0.001,272.822998046875,364.5710144042969,2.0
63645.0,15.0,30.0,4.0,-4.5823566909195925,-6.9773264833462125,2.39496979242662,-6.526629805028316,1.9442731141087233,-6.9473424425516415,2.364985751632049,-0.029984040794571065,0.8,1.0,0.6518572672600317,0.0,0.0,0.0009999999999999996,265.2229919433594,367.3710021972656,2.0
72380.0,16.0,30.0,4.0,-2.161501318716675,-3.613349196663676,1.4518478779470008,-4.1895039197011394,2.0280026009844643,-4.382448271223688,2.220946952507013,0.7690990745600121,1.2,1.0,0.3920858035094716,0.0,0.0,0.001,274.62298583984375,376.97100830078125,2.0
77372.0,17.0,30.0,4.0,-3.897447784696822,-8.247933514237328,4.350485729540506,-9.151448565499031,5.254000780802209,-9.151448565499031,5.254000780802209,0.903515051261703,1.0,1.0,0.5923873712682067,0.0,0.0,0.001,259.4230041503906,382.5710144042969,2.0
83612.0,18.0,30.0,4.0,-1.6080474703919367,-2.3058650192601173,0.6978175488681806,-2.664450696454525,1.0564032260625884,-2.664450696454525,1.0564032260625884,0.3585856771944078,1.0,1.0,0.30945423158572133,0.0,0.0,0.0010000000000000002,276.62298583984375,389.3710021972656,2.0
94843.0,19.0,30.0,4.0,-1.4263938562895804,-2.2097484925665625,0.7833546362769821,-2.207827650099535,0.7814337938099547,-2.2458665937098217,0.8194727374202413,0.036118101143259196,0.8,1.0,0.279961771618581,0.0,0.0,0.001,278.4230041503906,401.77099609375,2.0
97339.0,20.0,30.0,4.0,-3.1173449992935884,-5.425802354909766,2.308457355616177,-6.145183588609048,3.0278385893154596,-6.2331965411372625,3.115851541843674,0.8073941862274969,1.2,1.0,0.5121772950859061,0.0,0.0,0.0009999999999999998,270.822998046875,404.5710144042969,2.0
99835.0,21.0,30.0,4.0,-2.8156065671548136,-4.52082133285524,1.7052147657004264,-4.593160558651571,1.7775539914967577,-4.6678856899561,1.8522791228012867,0.1470643571008603,0.8,1.0,0.47708028077880443,0.0,0.0,0.0010000000000000002,263.2229919433594,407.3710021972656,2.0
101083.0,22.0,30.0,4.0,-2.9695681105551905,-4.474674172584183,1.5051060620289922,-4.691128006120775,1.7215598955655844,-4.691128006120775,1.7215598955655844,0.2164538335365922,1.0,1.0,0.4952950643147084,0.0,0.0,0.001,259.4230041503906,408.77099609375,2.0
119802.0,23.0,30.0,4.0,-2.401025071811553,-2.6907443269464877,0.2897192551349348,-2.7501958770310244,0.3491708052194715,-2.75570658409692,0.35468151228536726,0.06496225715043247,1.2,1.0,0.42470100529409244,0.0,0.0,0.001,274.62298583984375,429.3710021972656,2.0
121050.0,24.0,30.0,4.0,-2.0472716048786075,-2.6450865215581096,0.5978149166795022,-2.280766105599291,0.23349450072068345,-2.86837410941007,0.8211025045314626,0.22328758785196046,0.4,1.0,0.3758826445268871,0.0,0.0,0.001,270.822998046875,430.77099609375,2.0
122298.0,25.0,30.0,4.0,-2.43268212120387,-3.3395179937141535,0.9068358725102836,-3.4544884846121082,1.0218063634082384,-3.4945976260001426,1.0619155047962727,0.1550796322859891,1.2,1.0,0.4288867056552546,0.0,0.0,0.001,267.02301025390625,432.1709899902344,2.0
126042.0,26.0,30.0,4.0,-1.938812448111089,-3.7431124397960374,1.8042999916849483,-4.218801363649952,2.279988915538863,-4.218801363649952,2.279988915538863,0.4756889238539146,1.0,1.0,0.3600999510902846,0.0,0.0,0.0009999999999999998,255.6230010986328,436.3710021972656,2.0
131034.0,27.0,30.0,4.0,-2.005574194855565,-3.7147136796149742,1.709139484759409,-3.994627971319733,1.9890537764641678,-3.994627971319733,1.9890537764641678,0.2799142917047588,1.0,1.0,0.3698580591371916,0.0,0.0,0.0009999999999999998,276.62298583984375,441.77099609375,2.0
132282.0,28.0,30.0,4.0,-2.0805252038694686,-2.396033384151337,0.31550818028186844,-2.3186292613734483,0.23810405750397967,-2.4149182108218024,0.33439300695233376,0.018884826670465316,0.4,1.0,0.3806418198866668,0.0,0.0,0.0010000000000000002,272.822998046875,443.1709899902344,2.0
136025.0,29.0,30.0,4.0,-2.2717310455143127,-2.20872010709088,-0.06301093842343253,-2.054870164923553,-0.21686088059075992,-2.4453395323878624,0.17360848687354968,0.2366194252969822,0.2,1.0,0.4073270893621728,0.0,0.0,0.001,261.2229919433594,447.3710021972656,2.0
137273.0,30.0,30.0,4.0,-1.9595716044076037,-2.467543298651584,0.5079716942439803,-2.529528643743883,0.5699570393362794,-2.566324808426581,0.6067532040189774,0.09878150977499711,1.2,1.0,0.3631498567246925,0.0,0.0,0.0009999999999999998,257.4230041503906,448.77099609375,2.0
139769.0,31.0,30.0,4.0,-3.405763524529033,-4.296097712092043,0.8903341875630097,-4.492254016564447,1.0864904920354137,-4.494753049175082,1.088989524646049,0.19865533708303929,1.2,1.0,0.5435213977259111,0.0,0.0,0.0010000000000000005,249.822998046875,451.5710144042969,2.0
143513.0,32.0,30.0,4.0,-2.345912245115758,-2.08290168281363,-0.26301056230212794,-2.0774251185071684,-0.26848712660858975,-2.345912245115765,6.661338147750939e-15,0.2630105623021346,0.0,1.0,0.4173558322542483,0.0,0.0,0.001,274.62298583984375,455.5710144042969,2.0
153497.0,33.0,30.0,4.0,-1.9103741141771804,-2.6165219822697647,0.7061478680925843,-2.8274849218350013,0.9171108076578209,-2.8647244207065157,0.9543503065293353,0.24820243843675094,1.2,1.0,0.35589244438848816,0.0,0.0,0.001,244.22300720214844,466.77099609375,2.0
163480.0,34.0,30.0,4.0,-1.2133905488573353,-1.6815584889527528,0.4681679400954175,-1.8093405785662144,0.5959500297088791,-1.8372489165425712,0.6238583676852358,0.15569042758981833,1.2,1.0,0.24376341309288047,0.0,0.0,0.001,249.822998046875,477.77099609375,2.0
164728.0,35.0,30.0,4.0,-1.2232860778842922,-1.5663489060158295,0.3430628281315373,-1.646616530759397,0.42333045287510473,-1.646616530759397,0.42333045287510473,0.08026762474356741,1.0,1.0,0.24549056606379444,0.0,0.0,0.001,246.0229949951172,479.1709899902344,2.0
170968.0,36.0,30.0,4.0,-2.8022324446736824,-3.7436657409853957,0.9414332963117134,-3.9420299950012527,1.1397975503275704,-3.9420299950012527,1.1397975503275704,0.198364254015857,1.0,1.0,0.4754658751683144,0.0,0.0,0.001,263.2229919433594,485.97100830078125,2.0
179704.0,37.0,30.0,4.0,-1.2997682360080178,-1.8300840255421935,0.5303157895341757,-1.9640177826376726,0.6642495466296547,-2.0154167734060007,0.7156485373979828,0.18533274786380716,1.2,1.0,0.2586634799004926,0.0,0.0,0.001,272.822998046875,495.5710144042969,2.0
183447.0,38.0,30.0,4.0,-2.486954656945084,-2.7149645675229737,0.22800991057788966,-2.768790448128056,0.2818357911829721,-2.7719319932255946,0.2849773362805106,0.05696742570262092,1.2,1.0,0.4359712897031161,0.0,0.0,0.0010000000000000002,261.2229919433594,499.77099609375,2.0
187191.0,39.0,30.0,4.0,-1.4310104428710324,-3.0104241740983473,1.5794137312273149,-3.3407561378958444,1.909745695024812,-3.3407561378958444,1.909745695024812,0.3303319637974971,1.0,1.0,0.28072003801107015,0.0,0.0,0.001,249.822998046875,503.97100830078125,2.0
188439.0,40.0,30.0,4.0,-1.3016044148072117,-2.64795974075513,1.3463553259479182,-3.0294241479598383,1.7278197331526266,-3.0294241479598383,1.7278197331526266,0.3814644072047084,1.0,1.0,0.2589673642498868,0.0,0.0,0.0009999999999999998,246.0229949951172,505.3710021972656,2.0
202167.0,41.0,30.0,4.0,-2.0512945249939794,-2.24846842543792,0.19717390044394056,-2.3447994062540416,0.29350488126006224,-2.4149139935537165,0.36361946855973715,0.16644556811579658,1.2,1.0,0.3764570469308693,0.0,0.0,0.001,276.62298583984375,520.3709716796875,2.0
204662.0,42.0,30.0,4.0,-2.223575855964516,-3.0840001356362228,0.8604242796717068,-3.102030750346775,0.878454894382259,-3.1080452991298237,0.8844694431653077,0.024045163493600974,0.8,1.0,0.4007133115243613,0.0,0.0,0.0009999999999999998,268.822998046875,523.1710205078125,2.0
205910.0,43.0,30.0,4.0,-3.501556748314743,-3.767734780344725,0.26617803202998225,-3.84255228292354,0.34099553460879717,-3.84255228292354,0.34099553460879717,0.07481750257881492,1.0,1.0,0.553484187863625,0.0,0.0,0.0009999999999999998,265.02301025390625,524.5709838867188,2.0
212150.0,44.0,30.0,4.0,-2.0087758299655727,-5.669472702962288,3.6606968729967155,-6.45575311540374,4.446977285438168,-6.45575311540374,4.446977285438168,0.7862804124414522,1.0,1.0,0.3703233829764624,0.0,0.0,0.001,246.0229949951172,531.5709838867188,2.0
214646.0,45.0,30.0,4.0,-2.1869214800652585,-4.297697125312957,2.1107756452476982,-4.339251338411515,2.1523298583462562,-4.482805767153013,2.2958842870877545,0.18510864184005626,0.8,1.0,0.39563553678883373,0.0,0.0,0.0009999999999999998,274.62298583984375,534.1710205078125,2.0
218390.0,46.0,30.0,4.0,-2.3627587767125227,-3.1298039794179284,0.7670452027054058,-3.1514013481916288,0.7886425714791061,-3.151447748566612,0.7886889718540893,0.02164376914868349,1.2,1.0,0.419616415854736,0.0,0.0,0.0010000000000000002,263.2229919433594,538.3709716796875,2.0
224630.0,47.0,30.0,4.0,-2.2050189990283644,-2.599040200028557,0.39402120100019244,-2.5054412344168675,0.3004222353885031,-2.6060348655760004,0.401015866547636,0.006994665547443546,0.6,1.0,0.3981456781177168,0.0,0.0,0.001,244.22300720214844,545.3709716796875,2.0
228373.0,48.0,30.0,4.0,-2.5237550505772806,-2.924864810146069,0.40110975956878825,-3.0998743174270533,0.5761192668497728,-3.177126013759609,0.6533709631823283,0.2522612036135401,1.2,1.0,0.44073499069196714,0.0,0.0,0.0009999999999999998,268.822998046875,549.3709716796875,2.0
235861.0,49.0,30.0,4.0,-2.9094314826238654,-3.2268619039840827,0.31743042136021726,-3.170299290384662,0.26086780776079666,-3.224805096149515,0.3153736135256495,-0.002056807834567742,0.6,1.0,0.4882617795428322,0.0,0.0,0.0010000000000000002,246.0229949951172,557.77099609375,2.0
242101.0,50.0,30.0,4.0,-2.353370758604421,-1.985408211585837,-0.3679625470185841,-1.8749550381753504,-0.47841572042907066,-2.353370758604421,0.0,0.3679625470185841,0.0,1.0,0.4183585145558329,0.0,0.0,0.0009999999999999998,263.2229919433594,564.5709838867188,2.0
244597.0,51.0,30.0,4.0,-3.6517321103032163,-3.9176208483985695,0.2658887380953532,-3.8626712458475536,0.2109391355443373,-3.916774289486879,0.2650421791836628,-0.0008465589116903871,0.8,1.0,0.5686597537932778,0.0,0.0,0.001,255.6230010986328,567.3709716796875,2.0
247093.0,52.0,30.0,4.0,-1.9325881198010342,-2.378775449528911,0.4461873297278769,-2.372443367893748,0.4398552480927138,-2.4007197995971197,0.4681316797960855,0.021944350068208607,0.8,1.0,0.3591819015863267,0.0,0.0,0.001,248.0229949951172,570.1710205078125,2.0
249588.0,53.0,30.0,4.0,-2.319135060887824,-2.7043080812290654,0.38517302034124157,-2.8151328348561955,0.49599777396837164,-2.817618213055658,0.4984831521678341,0.11331013182659255,1.2,1.0,0.41375052122274,0.0,0.0,0.0009999999999999998,276.4230041503906,572.77099609375,2.0
250836.0,54.0,30.0,4.0,-2.792256533898137,-3.0876495039680925,0.2953929700699556,-3.0085932596977334,0.2163367257995965,-3.089053627419144,0.29679709352100714,0.0014041234510515643,0.6,1.0,0.4742587791095328,0.0,0.0,0.0010000000000000002,272.62298583984375,574.1710205078125,2.0
252084.0,55.0,30.0,4.0,-2.037170753178186,-2.3978043594356526,0.36063360625746643,-2.4423634032051025,0.4051926500269163,-2.4423634032051025,0.4051926500269163,0.04455904376944986,1.0,1.0,0.3744244897163814,0.0,0.0,0.0009999999999999998,268.822998046875,575.5709838867188,2.0
260820.0,56.0,30.0,4.0,-1.8597094947756183,-3.629678114798426,1.7699686200228077,-2.938186337532352,1.0784768427567335,-3.624862628377217,1.7651531336015989,-0.004815486421208881,0.6,1.0,0.34833047087107033,0.0,0.0,0.001,278.4230041503906,585.1710205078125,2.0
268308.0,57.0,30.0,4.0,-2.6407381813910478,-3.374530133107493,0.7337919517164453,-3.663666482431003,1.022928301039955,-3.758120183652979,1.1173820022619312,0.3835900505454859,1.2,1.0,0.4555920202051114,0.0,0.0,0.001,255.6230010986328,593.5709838867188,2.0
270804.0,58.0,30.0,4.0,-1.6806577034703418,-3.024441429219457,1.343783725749115,-3.283648978728599,1.6029912752582571,-3.283648978728599,1.6029912752582571,0.25920754950914215,1.0,1.0,0.32090427804875626,0.0,0.0,0.001,248.0229949951172,596.3709716796875,2.0
277043.0,59.0,30.0,4.0,-4.043675362374389,-4.99841218130658,0.954736818932191,-4.777629658390671,0.7339542960162824,-5.00041984144633,0.9567444790719417,0.002007660139750733,0.6,1.0,0.6058812989408675,0.0,0.0,0.0010000000000000002,265.02301025390625,603.1710205078125,2.0
278291.0,60.0,30.0,4.0,-2.869436043689917,-2.8949339756719263,0.025497931982009447,-2.8524057962761544,-0.017030247413762467,-2.900714499095603,0.03127845540568597,0.00578052342367652,0.4,1.0,0.4835204112641271,0.0,0.0,0.0010000000000000002,261.2229919433594,604.5709838867188,2.0
280787.0,61.0,30.0,4.0,-3.675710568357294,-4.247297802882044,0.5715872345247499,-4.320172951477103,0.6444623831198086,-4.3290874895707345,0.6533769212134404,0.08178968668869047,0.8,1.0,0.5710318196220806,0.0,0.0,0.001,253.6230010986328,607.3709716796875,2.0
282035.0,62.0,30.0,4.0,-2.439766803636288,-2.736124948986281,0.29635814534999305,-2.5322042186032507,0.0924374149669629,-2.7436019144901453,0.3038351108538575,0.007476965503864452,0.6,1.0,0.42980884860685564,0.0,0.0,0.001,249.822998046875,608.77099609375,2.0
288275.0,63.0,30.0,4.0,-3.8682115155032184,-3.863104162409765,-0.005107353093453337,-3.669644922867193,-0.1985665926360256,-3.9156731285990825,0.04746161309586405,0.05256896618931739,0.4,1.0,0.5896341533910927,0.0,0.0,0.001,267.02301025390625,615.5709838867188,2.0
293267.0,64.0,30.0,4.0,-5.590607217582103,-7.63485343856598,2.0442462209838768,-7.483719420101325,1.8931122025192222,-7.707138486312739,2.116531268730636,0.07228504774675937,0.8,1.0,0.7239893539572967,0.0,0.0,0.0010000000000000002,251.822998046875,621.1710205078125,2.0
294514.0,65.0,30.0,4.0,-3.7579716895956903,-4.890295651924927,1.1323239623292372,-4.864659783523733,1.1066880939280423,-4.9739194565009495,1.2159477669052592,0.08362380457602203,0.8,1.0,0.5790832207797822,0.0,0.0,0.001,247.822998046875,622.5709838867188,2.0
300754.0,66.0,30.0,4.0,-5.107745993378755,-6.111693151274654,1.0039471578958992,-5.715590287525848,0.6078442941470934,-6.103218687426715,0.9954726940479599,-0.008474463847939262,0.6,1.0,0.6915250539760168,0.0,0.0,0.001,265.02301025390625,629.3709716796875,2.0
309490.0,67.0,30.0,4.0,-2.7394706471707737,-2.8826335712557065,0.1431629240849328,-2.9426601621907706,0.20318951501999694,-2.9426601621907706,0.20318951501999694,0.06002659093506413,1.0,1.0,0.46783194567461733,0.0,0.0,0.001,274.62298583984375,638.9710083007812,2.0
310738.0,68.0,30.0,4.0,-2.605793926814611,-3.278750141182983,0.672956214368372,-3.3815765212957336,0.7757825944811225,-3.3815765212957336,0.7757825944811225,0.10282638011275047,1.0,1.0,0.45119492209312195,0.0,0.0,0.0010000000000000005,270.822998046875,640.3709716796875,2.0
319473.0,69.0,30.0,4.0,-2.186138681018928,-2.0645109570805134,-0.1216277239384147,-2.078007129795925,-0.108131551223003,-2.186138681018928,0.0,0.1216277239384147,0.0,1.0,0.3955254439256922,0.0,0.0,0.001,244.0229949951172,650.1710205078125,2.0
321969.0,70.0,30.0,4.0,-1.8095923382816035,-4.897154019773325,3.0875616814917213,-6.43379075905994,4.624198420778336,-6.4841309199636985,4.674538581682095,1.5869769001903737,1.2,1.0,0.3407768653173401,0.0,0.0,0.0009999999999999998,272.62298583984375,652.77099609375,2.0
325713.0,71.0,30.0,4.0,-2.8306259733997283,-5.172327745789088,2.34170177238936,-5.547079978973604,2.7164540055738753,-5.547079978973604,2.7164540055738753,0.3747522331845152,1.0,1.0,0.4788880260468247,0.0,0.0,0.0009999999999999996,261.2229919433594,656.9710083007812,2.0
331953.0,72.0,30.0,4.0,-1.4124419951472758,-2.9368523757549685,1.5244103806076927,-3.4803626825260983,2.0679206873788223,-3.4803626825260983,2.0679206873788223,0.5435103067711298,1.0,1.0,0.2776417025347083,0.0,0.0,0.001,278.4230041503906,663.77099609375,2.0
335697.0,73.0,30.0,4.0,-2.713509588239255,-4.001048962305377,1.2875393740661218,-4.428453167234699,1.7149435789954444,-4.5392871299373425,1.8257775416980877,0.5382381676319659,1.2,1.0,0.46463799766438196,0.0,0.0,0.001,267.02301025390625,667.9710083007812,2.0
344432.0,74.0,30.0,4.0,-3.5983867252889556,-3.9400708663105233,0.34168414102156763,-3.9855143023437134,0.38712757705475775,-3.991729109598224,0.3933423843092685,0.051658243287700856,1.2,1.0,0.5633339827241287,0.0,0.0,0.0009999999999999998,276.4230041503906,677.5709838867188,2.0
346928.0,75.0,30.0,4.0,-4.029376091286559,-4.373606410018059,0.34423031873150034,-4.222662222348765,0.19328613106220605,-4.41759025037046,0.3882141590839012,0.04398384035240088,0.4,1.0,0.604581724520351,0.0,0.0,0.001,268.822998046875,680.3709716796875,2.0
351920.0,76.0,30.0,4.0,-3.3174117253655115,-4.109336548884746,0.7919248235192349,-4.202517276805185,0.8851055514396737,-4.202517276805185,0.8851055514396737,0.09318072792043885,1.0,1.0,0.5341444135228693,0.0,0.0,0.001,253.6230010986328,685.9710083007812,2.0
354416.0,77.0,30.0,4.0,-3.0862555463064756,-2.557324241634251,-0.5289313046722244,-2.3188281522288547,-0.7674273940776208,-3.0862555463064822,6.661338147750939e-15,0.528931304672231,0.0,1.0,0.5086791276290561,0.0,0.0,0.0009999999999999996,246.0229949951172,688.77099609375,2.0
359408.0,78.0,30.0,4.0,-2.036999937603067,-3.1863311931066356,1.1493312555035686,-3.452613640136743,1.4156137025336761,-3.4678390140581934,1.4308390764551264,0.2815078209515578,1.2,1.0,0.3743994008601766,0.0,0.0,0.001,267.02301025390625,694.1710205078125,2.0
360656.0,79.0,30.0,4.0,-2.468357242180769,-4.746674431628362,2.278317189447593,-4.6057198994511035,2.1373626572703346,-4.867528410462912,2.399171168282143,0.12085397883454974,0.8,1.0,0.43354945482305995,0.0,0.0,0.001,263.2229919433594,695.5709838867188,2.0
366895.0,80.0,30.0,4.0,-1.8740527207523043,-2.502768097198729,0.6287153764464248,-2.582997589558928,0.7089448688066238,-2.582997589558928,0.7089448688066238,0.08022949236019894,1.0,1.0,0.3504859822066126,0.0,0.0,0.001,244.0229949951172,702.5709838867188,2.0
375631.0,81.0,30.0,4.0,-2.3344841126518006,-4.875564041700898,2.541079929049097,-6.055245503440391,3.7207613907885904,-6.430554566365654,4.096070453713853,1.5549905246647562,1.2,1.0,0.4158259202096378,0.0,0.0,0.001,253.6230010986328,712.1710205078125,2.0
395598.0,82.0,30.0,4.0,-1.911359242491265,-2.617572976360254,0.7062137338689889,-2.720391488330289,0.8090322458390238,-2.720391488330289,0.8090322458390238,0.10281851197003489,1.0,1.0,0.3560409486701272,0.0,0.0,0.001,265.02301025390625,734.1710205078125,2.0
398094.0,83.0,30.0,4.0,-2.5214129600289112,-3.311074379817973,0.7896614197890619,-3.496950111461976,0.9755371514330649,-3.543302876660324,1.0218899166314128,0.23222849684235092,1.2,1.0,0.4404309589239091,0.0,0.0,0.0009999999999999998,257.4230041503906,736.9710083007812,2.0
404334.0,84.0,30.0,4.0,-1.5689980769062781,-2.4469238090560905,0.8779257321498124,-2.6544275696477273,1.0854294927414492,-2.6544275696477273,1.0854294927414492,0.20750376059163678,1.0,1.0,0.3032211414982885,0.0,0.0,0.001,274.62298583984375,743.77099609375,2.0
406830.0,85.0,30.0,4.0,-2.1833982445784277,-4.531847704560566,2.3484494599821386,-4.9786254295824435,2.795227185004016,-4.9786254295824435,2.795227185004016,0.4467777250218772,1.0,1.0,0.3951374780199015,0.0,0.0,0.001,267.02301025390625,746.5709838867188,2.0
410573.0,86.0,30.0,4.0,-1.9368385490895135,-3.8819032104588462,1.9450646613693328,-3.9704025802719607,2.033564031182447,-4.051285391767819,2.114446842678306,0.16938218130897287,0.8,1.0,0.35980850168986594,0.0,0.0,0.0009999999999999998,255.42300415039062,750.77099609375,2.0
413069.0,87.0,30.0,4.0,-2.9527633945351264,-4.292924608491634,1.3401612139565078,-4.526050244092909,1.5732868495577828,-4.526050244092909,1.5732868495577828,0.23312563560127497,1.0,1.0,0.4933417043667713,0.0,0.0,0.001,247.822998046875,753.5709838867188,2.0
415565.0,88.0,30.0,4.0,-1.6015511340628474,-1.883259733278107,0.2817085992152595,-1.970091931091622,0.3685407970287746,-2.0087857521031776,0.4072346180403301,0.12552601882507064,1.2,1.0,0.3084194270293759,0.0,0.0,0.0009999999999999998,276.4230041503906,756.1710205078125,2.0
428045.0,89.0,30.0,4.0,-1.6055125019464311,-1.883093619148056,0.2775811172016249,-1.8862745987121978,0.2807620967657667,-1.8981157319659796,0.29260323001954847,0.015022112817923539,0.8,1.0,0.3090526176195573,0.0,0.0,0.001,274.62298583984375,769.9710083007812,2.0
438028.0,90.0,30.0,4.0,-1.1446521929148332,-1.911713906512855,0.7670617135980218,-2.0501725404918822,0.905520347577049,-2.0501725404918822,0.905520347577049,0.13845863397902725,1.0,0.75,0.23170050900459432,0.0,0.5,0.0009999999999999998,244.0229949951172,781.1710205078125,2.0
448012.0,91.0,30.0,4.0,-2.101735123098769,-3.132512291690126,1.030777168591357,-3.5350155215266725,1.4332803984279034,-3.668506932479233,1.5667718093804641,0.5359946407891072,1.2,1.0,0.3836585189428347,0.0,0.0,0.001,249.822998046875,792.1710205078125,2.0
459243.0,92.0,30.0,4.0,-1.4916955241545864,-1.6731886053664868,0.18149308121190044,-1.6627192204346073,0.1710236962800209,-1.6739415647346938,0.1822460405801074,0.0007529593682069624,0.8,1.0,0.2907030849706236,0.0,0.0,0.0010000000000000002,251.6230010986328,804.5709838867188,2.0
460491.0,93.0,30.0,4.0,-1.4252151481171258,-1.610557488928759,0.18534234081163325,-1.5619960542331635,0.13678090611603766,-1.607749083765235,0.18253393564810927,-0.002808405163523986,0.8,1.0,0.2797642599315742,0.0,0.0,0.001,247.822998046875,805.9710083007812,2.0
464235.0,94.0,30.0,4.0,-2.066035841465455,-2.84820285389059,0.782167012425135,-2.8718151593483174,0.8057793178828625,-2.8922481942890315,0.8262123528235765,0.044045340398441546,0.8,1.0,0.37857177197333414,0.0,0.0,0.0010000000000000002,272.62298583984375,809.9710083007812,2.0
465483.0,95.0,30.0,4.0,-1.7278169758037007,-2.480676834340488,0.7528598585367874,-2.5952851310141876,0.8674681552104868,-2.5952851310141876,0.8674681552104868,0.11460829667369943,1.0,1.0,0.32824092226405005,0.0,0.0,0.001,268.822998046875,811.3709716796875,2.0
467979.0,96.0,30.0,4.0,-3.6120817655579036,-5.8113953379085554,2.199313572350652,-6.325835035788833,2.7137532702309293,-6.3609122100666395,2.748830444508736,0.5495168721580841,1.2,1.0,0.5647038051402833,0.0,0.0,0.001,261.2229919433594,814.1710205078125,2.0
476714.0,97.0,30.0,4.0,-1.0422502105858247,-1.3185270278831596,0.2762768172973349,-1.3727112980112683,0.33046108742544367,-1.3727112980112683,0.33046108742544367,0.05418427012810878,1.0,1.0,0.21337339293668403,0.0,0.0,0.0010000000000000002,270.62298583984375,823.77099609375,2.0
481706.0,98.0,30.0,4.0,-1.077262380556083,-1.4003781858150326,0.32311580525894956,-1.4459430349021132,0.36868065434603015,-1.4459430349021132,0.36868065434603015,0.04556484908708058,1.0,1.0,0.2196896238273193,0.0,0.0,0.0010000000000000005,255.42300415039062,829.3709716796875,2.0
496682.0,99.0,30.0,4.0,-4.203670815850095,-5.0187298075527,0.815058991702605,-5.031384656130077,0.8277138402799817,-5.039760141574669,0.8360893257245738,0.021030334021968855,0.8,1.0,0.6201341272132185,0.0,0.0,0.001,246.0229949951172,845.9710083007812,2.0
4991.0,0.0,30.0,8.0,-3.703565937021673,-5.998229314639138,2.294663377617465,-6.068186396034596,2.364620459012923,-6.083804971624575,2.3802390346029023,0.08557565698543712,0.8,1.0,0.5737797034166646,0.0,0.0,0.0010000000000000002,263.2229919433594,302.5710144042969,2.0
12479.0,1.0,30.0,8.0,-4.237508312133357,-4.7582812575472575,0.5207729454139001,-4.261879731141721,0.024371419008363482,-4.768711674228661,0.5312033620953036,0.010430416681403543,0.6,1.0,0.6230946197155358,0.0,0.0,0.001,276.62298583984375,310.77099609375,2.0
19967.0,2.0,30.0,8.0,-4.894315383955082,-5.138177715255747,0.24386233130066515,-5.143257362112815,0.2489419781577329,-5.143257362112815,0.2489419781577329,0.005079646857067743,1.0,1.0,0.6759954935144109,0.0,0.0,0.001,253.822998046875,319.1709899902344,2.0
22463.0,3.0,30.0,8.0,-5.1874635656660795,-6.633898238137471,1.4464346724713915,-6.722533463425984,1.5350698977599047,-6.755671424828923,1.5682078591628432,0.12177318669145176,0.8,1.0,0.6971479384849527,0.0,0.0,0.0010000000000000002,246.22300720214844,321.97100830078125,2.0
23710.0,4.0,30.0,8.0,-6.58105516634029,-7.0199302231135015,0.43887505677321137,-7.15329684716869,0.5722416808283999,-7.15329684716869,0.5722416808283999,0.1333666240551885,1.0,1.0,0.7802914407872104,0.0,0.0,0.0010000000000000005,278.4230041503906,323.1709899902344,2.0
24958.0,5.0,30.0,8.0,-3.090784083529533,-3.9040424549437187,0.8132583714141859,-3.8661062147495096,0.7753221312199767,-3.925567889452463,0.83478380592293,0.021525434508744112,0.8,1.0,0.5091966996462617,0.0,0.0,0.0010000000000000005,274.62298583984375,324.5710144042969,2.0
26206.0,6.0,30.0,8.0,-4.9649151207869755,-7.193869990947439,2.2289548701604636,-7.908617970731965,2.943702849944989,-7.937299006255444,2.972383885468468,0.7434290153080045,1.2,1.0,0.6812287412417892,0.0,0.0,0.0009999999999999998,270.822998046875,325.97100830078125,2.0
34942.0,7.0,30.0,8.0,-2.5273520260096682,-4.301898513033483,1.7745464870238146,-4.248446674522209,1.721094648512541,-4.347643858074834,1.8202918320651658,0.04574534504135119,0.8,1.0,0.44120246584844686,0.0,0.0,0.001,244.22300720214844,335.77099609375,2.0
44926.0,8.0,30.0,8.0,-2.8241097634002568,-4.285036064571232,1.460926301170975,-4.1867779202702025,1.3626681568699457,-4.325884745106609,1.501774981706352,0.040848680535376936,0.8,1.0,0.47813328093638574,0.0,0.0,0.001,250.0229949951172,346.77099609375,2.0
47421.0,9.0,30.0,8.0,-5.451547092811662,-6.671586559944378,1.2200394671327164,-6.669874656949214,1.2183275641375522,-6.7433252104649455,1.2917781176532834,0.07173865052056705,0.8,1.0,0.7150135087898448,0.0,0.0,0.001,278.4230041503906,349.3710021972656,2.0
48669.0,10.0,30.0,8.0,-4.313363815882309,-5.252897786082569,0.9395339702002596,-5.201270534594742,0.8879067187124328,-5.2862835844584355,0.9729197685761264,0.03338579837586675,0.8,1.0,0.6296305317052052,0.0,0.0,0.0009999999999999998,274.62298583984375,350.77099609375,2.0
54909.0,11.0,30.0,8.0,-6.412441231362714,-7.190437081083547,0.777995849720833,-7.427991965557533,1.015550734194819,-7.518004751363744,1.1055635200010299,0.32756767028019684,1.2,1.0,0.7715868712682312,0.0,0.0,0.0010000000000000002,255.6230010986328,357.77099609375,2.0
56157.0,12.0,30.0,8.0,-5.7409522491914675,-6.146247792349262,0.4052955431577949,-6.146137980489582,0.40518573129811486,-6.159732161414052,0.41877991222258437,0.013484369064789448,0.8,0.875,0.7333813113225017,0.3535533905932738,0.7071067811865476,0.001,251.822998046875,359.1709899902344,2.0
59901.0,13.0,30.0,8.0,-5.596784444794696,-8.151072295218587,2.554287850423891,-8.848382788529856,3.25159834373516,-8.848382788529856,3.25159834373516,0.697310493311269,1.0,1.0,0.724394841790524,0.0,0.0,0.0010000000000000002,276.62298583984375,363.1709899902344,2.0
61149.0,14.0,30.0,8.0,-5.458656679233424,-5.56084194984831,0.10218527061488647,-5.522296293053399,0.06363961381997552,-5.578171297556192,0.11951461832276866,0.017329347707882192,0.4,1.0,0.7154949998326791,0.0,0.0,0.001,272.822998046875,364.5710144042969,2.0
63645.0,15.0,30.0,8.0,-7.742889858176984,-8.602495342886225,0.8596054847092418,-8.048732364749595,0.3058425065726116,-8.628272176840232,0.8853823186632486,0.02577683395400676,0.6,1.0,0.8318608927972787,0.0,0.0,0.0009999999999999996,265.2229919433594,367.3710021972656,2.0
72380.0,16.0,30.0,8.0,-3.4591526221926494,-4.6592494250276895,1.20009680283504,-4.709352935640592,1.2502003134479422,-4.743573323654192,1.2844207014615425,0.08432389862650247,1.2,0.875,0.5491119479491957,0.0,0.7905694150420949,0.001,274.62298583984375,376.97100830078125,2.0
77372.0,17.0,30.0,8.0,-5.963459986328376,-9.36064758494476,3.3971875986163838,-10.35924222067143,4.395782234343054,-10.383357889742332,4.419897903413956,1.022710304797572,1.2,1.0,0.7467036475179805,0.0,0.0,0.001,259.4230041503906,382.5710144042969,2.0
83612.0,18.0,30.0,8.0,-3.8314971630837165,-7.876338502328029,4.0448413392443126,-7.577890844967392,3.7463936818836756,-8.160671327057159,4.329174163973443,0.28433282472913035,0.8,1.0,0.5861511425499047,0.0,0.0,0.0010000000000000002,276.62298583984375,389.3710021972656,2.0
94843.0,19.0,30.0,8.0,-3.1043251399880094,-6.28420110264879,3.179875962660781,-6.926011615114454,3.821686475126445,-6.926011615114454,3.821686475126445,0.6418105124656641,1.0,1.0,0.5107204192746382,0.0,0.0,0.001,278.4230041503906,401.77099609375,2.0
97339.0,20.0,30.0,8.0,-4.606925320875719,-6.533955860231223,1.9270305393555036,-7.281666928101966,2.674741607226247,-7.575319305866669,2.96839398499095,1.0413634456354464,1.2,1.0,0.6538283316938249,0.0,0.0,0.0009999999999999998,270.822998046875,404.5710144042969,2.0
99835.0,21.0,30.0,8.0,-4.6101617214135455,-5.651717516299906,1.04155579488636,-5.692533292991687,1.0823715715781415,-5.723772735371232,1.1136110139576862,0.07205521907132617,0.8,1.0,0.6540825948098917,0.0,0.0,0.0010000000000000002,263.2229919433594,407.3710021972656,2.0
101083.0,22.0,30.0,8.0,-5.110777104852028,-7.086494321676553,1.975717216824525,-7.163152725974302,2.052375621122274,-7.21690740448775,2.106130299635722,0.1304130828111969,0.8,0.875,0.6917491989041119,0.3535533905932738,0.0,0.001,259.4230041503906,408.77099609375,2.0
119802.0,23.0,30.0,8.0,-4.222703286355893,-4.734872871193,0.5121695848371068,-4.468236300046115,0.2455330136902223,-4.772978350961835,0.550275064605942,0.03810547976883516,0.4,1.0,0.6218118162766118,0.0,0.0,0.001,274.62298583984375,429.3710021972656,2.0
121050.0,24.0,30.0,8.0,-3.8682383871012234,-4.0393319677522195,0.1710935806509961,-3.5246800612949416,-0.34355832580628176,-4.406124784424799,0.5378863973235757,0.36679281667257957,0.4,1.0,0.5896451148001659,0.0,0.0,0.001,270.822998046875,430.77099609375,2.0
122298.0,25.0,30.0,8.0,-4.6897207546031625,-6.145342277496791,1.4556215228936287,-6.049754641666394,1.3600338870632314,-6.151892842170943,1.4621720875677804,0.006550564674151715,0.6,1.0,0.6603713558802284,0.0,0.0,0.001,267.02301025390625,432.1709899902344,2.0
126042.0,26.0,30.0,8.0,-3.85310520393672,-7.686826518560736,3.8337213146240154,-8.142380780799757,4.289275576863036,-8.142380780799757,4.289275576863036,0.45555426223902096,1.0,0.875,0.5882078839596111,0.3535533905932738,0.7905694150420949,0.0009999999999999998,255.6230010986328,436.3710021972656,2.0
131034.0,27.0,30.0,8.0,-3.9388471212009586,-6.995062631070871,3.0562155098699124,-6.951153210522049,3.0123060893210907,-7.188154190431529,3.2493070692305706,0.19309155936065814,0.8,1.0,0.5962576216631913,0.0,0.0,0.0009999999999999998,276.62298583984375,441.77099609375,2.0
132282.0,28.0,30.0,8.0,-3.6490668175976633,-5.987772855987336,2.3387060383896725,-6.2151347424405925,2.5660679248429292,-6.222224247456058,2.573157429858395,0.2344513914687223,0.8,1.0,0.5684011905818355,0.0,0.0,0.0010000000000000002,272.822998046875,443.1709899902344,2.0
136025.0,29.0,30.0,8.0,-4.351208965080567,-5.461308032722746,1.110099067642179,-5.187349091018236,0.8361401259376686,-5.5285178615612836,1.1773088964807163,0.06720982883853743,0.4,1.0,0.6328467809579952,0.0,0.0,0.001,261.2229919433594,447.3710021972656,2.0
137273.0,30.0,30.0,8.0,-3.6962548633629795,-5.978985760738736,2.2827308973757563,-6.19317371381649,2.4969188504535107,-6.19317371381649,2.4969188504535107,0.2141879530777544,1.0,1.0,0.5730717104422379,0.0,0.0,0.0009999999999999998,257.4230041503906,448.77099609375,2.0
139769.0,31.0,30.0,8.0,-6.723919909830917,-8.690974081361443,1.9670541715305259,-7.824300822137768,1.1003809123068509,-8.70984933732757,1.9859294274966537,0.018875255966127824,0.6,0.875,0.787387680594187,0.3535533905932738,0.6123724356957945,0.0010000000000000005,249.822998046875,451.5710144042969,2.0
143513.0,32.0,30.0,8.0,-4.564197462864151,-3.8014293208330607,-0.7627681420310899,-3.514285930656116,-1.0499115322080348,-4.564197462864158,7.105427357601002e-15,0.762768142031097,0.0,1.0,0.6504029709333872,0.0,0.0,0.001,274.62298583984375,455.5710144042969,2.0
153497.0,33.0,30.0,8.0,-3.4399400785633008,-5.717583040864069,2.277642962300768,-6.506515889002083,3.066575810438782,-6.537313922621135,3.0973738440578344,0.8197308817570663,1.2,1.0,0.5471122809861132,0.0,0.0,0.001,244.22300720214844,466.77099609375,2.0
163480.0,34.0,30.0,8.0,-2.3076097569502414,-2.9990294953179935,0.6914197383677521,-3.0775474445319437,0.7699376875817023,-3.0775474445319437,0.7699376875817023,0.07851794921395028,1.0,1.0,0.4122100234843325,0.0,0.0,0.001,249.822998046875,477.77099609375,2.0
164728.0,35.0,30.0,8.0,-2.714523969182461,-5.076015488946117,2.361491519763656,-5.353822479230775,2.639298510048314,-5.353822479230775,2.639298510048314,0.27780699028465783,1.0,1.0,0.4647772163421994,0.0,0.0,0.001,246.0229949951172,479.1709899902344,2.0
170968.0,36.0,30.0,8.0,-4.21270601046081,-4.943198405535124,0.7304923950743145,-4.798655725025606,0.585949714564796,-4.954288562298634,0.7415825518378245,0.011090156763509995,0.6,1.0,0.6209308968050984,0.0,0.0,0.001,263.2229919433594,485.97100830078125,2.0
179704.0,37.0,30.0,8.0,-2.491565671795744,-3.076319969130028,0.5847542973342841,-3.0968342057569953,0.6052685339612514,-3.0968342057569953,0.6052685339612514,0.020514236626967275,1.0,1.0,0.43659321469282997,0.0,0.0,0.001,272.822998046875,495.5710144042969,2.0
183447.0,38.0,30.0,8.0,-4.2515377014408955,-4.749861431176457,0.4983237297355618,-4.775899825775331,0.5243621243344352,-4.777551140603332,0.5260134391624369,0.027689709426875098,0.8,0.875,0.6243064804618365,0.3535533905932738,0.7071067811865476,0.0010000000000000002,261.2229919433594,499.77099609375,2.0
187191.0,39.0,30.0,8.0,-2.4661969603652603,-4.960583578836019,2.4943866184707586,-5.408043566614257,2.9418466062489967,-5.408043566614257,2.9418466062489967,0.44745998777823814,1.0,0.875,0.43327111110450794,0.3535533905932738,0.7905694150420949,0.001,249.822998046875,503.97100830078125,2.0
188439.0,40.0,30.0,8.0,-2.405128602711591,-5.437439646546959,3.0323110438353686,-6.369321802621,3.9641931999094093,-6.369321802621,3.9641931999094093,0.9318821560740407,1.0,1.0,0.425246077293721,0.0,0.0,0.0009999999999999998,246.0229949951172,505.3710021972656,2.0
202167.0,41.0,30.0,8.0,-4.139634543111768,-3.492156641535638,-0.64747790157613,-3.2214137714115982,-0.9182207717001698,-4.139634543111766,-1.7763568394002505e-15,0.6474779015761283,0.0,1.0,0.6145045924049454,0.0,0.0,0.001,276.62298583984375,520.3709716796875,2.0
204662.0,42.0,30.0,8.0,-4.340458555462042,-4.672533407137159,0.3320748516751175,-4.3954887418242405,0.05503018636219892,-4.741140389765944,0.40068183430390203,0.06860698262878451,0.4,1.0,0.6319326643585452,0.0,0.0,0.0009999999999999998,268.822998046875,523.1710205078125,2.0
205910.0,43.0,30.0,8.0,-5.936327416560444,-6.209958290676045,0.27363087411560105,-5.743188997078548,-0.19313841948189658,-6.440125748681721,0.5037983321212769,0.23016745800567584,0.4,1.0,0.7451224534105246,0.0,0.0,0.0009999999999999998,265.02301025390625,524.5709838867188,2.0
212150.0,44.0,30.0,8.0,-3.7020095428608277,-7.630172609969566,3.9281630671087386,-7.894727284268582,4.192717741407754,-7.995304794537782,4.2932952516769545,0.36513218456821583,0.8,1.0,0.573630471126303,0.0,0.0,0.001,246.0229949951172,531.5709838867188,2.0
214646.0,45.0,30.0,8.0,-4.022769958336846,-6.868103811956584,2.8453338536197386,-6.553946939670064,2.5311769813332186,-6.873694389039607,2.8509244307027615,0.005590577083022907,0.8,1.0,0.6039959555337352,0.0,0.0,0.0009999999999999998,274.62298583984375,534.1710205078125,2.0
218390.0,46.0,30.0,8.0,-3.6590332493472872,-5.947331463651389,2.288298214304102,-6.246607603475873,2.5875743541285856,-6.246607603475873,2.5875743541285856,0.2992761398244834,1.0,1.0,0.5693921224055716,0.0,0.0,0.0010000000000000002,263.2229919433594,538.3709716796875,2.0
224630.0,47.0,30.0,8.0,-3.8396784303727314,-4.265186578437435,0.4255081480647034,-4.236108262123249,0.3964298317505177,-4.273260602909803,0.4335821725370712,0.008074024472367825,0.8,1.0,0.5869368218845061,0.0,0.0,0.001,244.22300720214844,545.3709716796875,2.0
228373.0,48.0,30.0,8.0,-4.226474037509714,-4.7296768153429785,0.5032027778332644,-4.742256633231804,0.5157825957220901,-4.760893994264573,0.5344199567548591,0.0312171789215947,0.8,1.0,0.6221368976555213,0.0,0.0,0.0009999999999999998,268.822998046875,549.3709716796875,2.0
235861.0,49.0,30.0,8.0,-5.854656273620576,-6.570325939528477,0.7156696659079005,-6.62126875160776,0.7666124779871835,-6.621567598500885,0.7669113248803088,0.05124165897240829,0.8,1.0,0.7402878211482227,0.0,0.0,0.0010000000000000002,246.0229949951172,557.77099609375,2.0
242101.0,50.0,30.0,8.0,-5.090395853490079,-4.095601483472506,-0.9947943700175728,-3.5349454120500434,-1.5554504414400352,-5.09039585349008,1.7763568394002505e-15,0.9947943700175745,0.0,1.0,0.6903119260551741,0.0,0.0,0.0009999999999999998,263.2229919433594,564.5709838867188,2.0
244597.0,51.0,30.0,8.0,-8.210689820640289,-8.47651430565329,0.2658244850130007,-7.8148908910224275,-0.395798929617861,-8.69632280405302,0.48563298341273153,0.21980849839973082,0.4,1.0,0.8490330165919902,0.0,0.0,0.001,255.6230010986328,567.3709716796875,2.0
247093.0,52.0,30.0,8.0,-3.5347347916397043,-5.0351107258030146,1.5003759341633103,-4.157756171389702,0.6230213797499982,-5.005711417171036,1.470976625531332,-0.02939930863197837,0.6,1.0,0.5568931650738742,0.0,0.0,0.001,248.0229949951172,570.1710205078125,2.0
249588.0,53.0,30.0,8.0,-4.072413559900743,-4.238051514573693,0.16563795467294984,-3.9930242593919214,-0.07938930050882131,-4.285664403032695,0.2132508431319522,0.047612888459002356,0.4,1.0,0.6084882527446486,0.0,0.0,0.0009999999999999998,276.4230041503906,572.77099609375,2.0
250836.0,54.0,30.0,8.0,-4.951390687486103,-5.623009981831118,0.6716192943450157,-5.1651101159979005,0.21371942851179782,-5.638149442321334,0.686758754835231,0.015139460490215306,0.6,1.0,0.6802209204062805,0.0,0.0,0.0010000000000000002,272.62298583984375,574.1710205078125,2.0
252084.0,55.0,30.0,8.0,-3.674984696823585,-3.91009983471407,0.23511513789048522,-3.7449232514708504,0.0699385546472655,-3.9245153080526034,0.24953061122901854,0.014415473338533324,0.4,1.0,0.5709698703057605,0.0,0.0,0.0009999999999999998,268.822998046875,575.5709838867188,2.0
260820.0,56.0,30.0,8.0,-4.752349746397409,-8.79860500553712,4.04625525913971,-7.31771860393504,2.5653688575376306,-8.721919538468871,3.9695697920714617,-0.07668546706824841,0.6,1.0,0.6652226544511327,0.0,0.0,0.001,278.4230041503906,585.1710205078125,2.0
268308.0,57.0,30.0,8.0,-4.047237685697389,-5.074231718180827,1.0269940324834383,-5.350507586265676,1.3032699005682877,-5.611149040793415,1.5639113550960264,0.5369173226125881,1.2,1.0,0.6062164902276596,0.0,0.0,0.001,255.6230010986328,593.5709838867188,2.0
270804.0,58.0,30.0,8.0,-3.4851017828990867,-5.960979358185626,2.4758775752865394,-6.424676042753417,2.93957425985433,-6.424676042753417,2.93957425985433,0.46369668456779056,1.0,1.0,0.5517939154960894,0.0,0.0,0.001,248.0229949951172,596.3709716796875,2.0
277043.0,59.0,30.0,8.0,-6.466517895836967,-8.479131984129197,2.0126140882922297,-8.231350786503642,1.7648328906666748,-8.487840037228784,2.021322141391817,0.008708053099587332,0.8,1.0,0.7744067122689542,0.0,0.0,0.0010000000000000002,265.02301025390625,603.1710205078125,2.0
278291.0,60.0,30.0,8.0,-4.795963803710244,-5.087513178514116,0.2915493748038722,-5.130803403880541,0.3348396001702971,-5.130803403880541,0.3348396001702971,0.043290225366424906,1.0,1.0,0.6685663600599339,0.0,0.0,0.0010000000000000002,261.2229919433594,604.5709838867188,2.0
280787.0,61.0,30.0,8.0,-6.310241778843139,-7.718950263443447,1.4087084846003082,-7.965343144843664,1.6551013660005252,-7.992866883501216,1.6826251046580776,0.2739166200577694,0.8,1.0,0.7661479203682888,0.0,0.0,0.001,253.6230010986328,607.3709716796875,2.0
282035.0,62.0,30.0,8.0,-3.8114924847354015,-4.060948476050899,0.24945599131549745,-3.5050806164697246,-0.3064118682656769,-4.203629266867011,0.39213678213160996,0.1426807908161125,0.4,1.0,0.5842461907640704,0.0,0.0,0.001,249.822998046875,608.77099609375,2.0
288275.0,63.0,30.0,8.0,-7.83768379867969,-8.312306189994446,0.4746223913147567,-7.950362338693504,0.11267854001381394,-8.306701136690899,0.46901733801120926,-0.005605053303547436,0.6,0.875,0.8354891501000985,0.7071067811865476,0.0,0.001,267.02301025390625,615.5709838867188,2.0
293267.0,64.0,30.0,8.0,-8.730795334638625,-9.14551723129911,0.41472189666048465,-9.251717082014254,0.5209217473756294,-9.327434390882438,0.5966390562438129,0.18191715958332821,1.2,1.0,0.8660704935718488,0.0,0.0,0.0010000000000000002,251.822998046875,621.1710205078125,2.0
294514.0,65.0,30.0,8.0,-7.173261734665451,-7.198634420242126,0.025372685576674492,-7.611772071520253,0.4385103368548018,-7.7551120036622345,0.5818502689967833,0.5564775834201088,1.2,1.0,0.808289654554321,0.0,0.0,0.001,247.822998046875,622.5709838867188,2.0
300754.0,66.0,30.0,8.0,-7.7479695744608845,-8.437737250379413,0.6897676759185289,-8.48045314437792,0.7324835699170356,-8.48045314437792,0.7324835699170356,0.042715893998506616,1.0,1.0,0.8320508488189701,0.0,0.0,0.001,265.02301025390625,629.3709716796875,2.0
309490.0,67.0,30.0,8.0,-4.131291972502567,-5.599703337398239,1.4684113648956716,-5.9151762067380345,1.783884234235467,-5.928405884467863,1.7971139119652957,0.3287025470696241,1.2,1.0,0.613758347513085,0.0,0.0,0.001,274.62298583984375,638.9710083007812,2.0
310738.0,68.0,30.0,8.0,-3.908144866033477,-5.15735568569308,1.249210819659603,-5.940812195078515,2.0326673290450383,-6.157459480572426,2.2493146145389487,1.0001037948793456,1.2,1.0,0.5933965890199695,0.0,0.0,0.0010000000000000005,270.822998046875,640.3709716796875,2.0
319473.0,69.0,30.0,8.0,-6.085866374650866,-9.72320226052079,3.6373358858699234,-11.198402035961589,5.112535661310723,-11.226980794468764,5.141114419817898,1.5037785339479743,1.2,1.0,0.7537471393857043,0.0,0.0,0.001,244.0229949951172,650.1710205078125,2.0
321969.0,70.0,30.0,8.0,-3.3857849252072167,-6.584576891166254,3.198791965959037,-7.617788769992902,4.232003844785686,-7.832941363432316,4.447156438225099,1.2483644722660623,1.2,1.0,0.5414310214295809,0.0,0.0,0.0009999999999999998,272.62298583984375,652.77099609375,2.0
325713.0,71.0,30.0,8.0,-5.142406408485457,-8.358141995559732,3.215735587074275,-8.66463297811611,3.5222265696306527,-8.6796292445234,3.537222836037942,0.32148724896366687,0.8,1.0,0.6939923629850823,0.0,0.0,0.0009999999999999996,261.2229919433594,656.9710083007812,2.0
331953.0,72.0,30.0,8.0,-3.2118965574640197,-7.577372150832665,4.365475593368645,-9.74271764395921,6.530821086495191,-9.74271764395921,6.530821086495191,2.1653454931265452,1.0,1.0,0.5226914475220579,0.0,0.0,0.001,278.4230041503906,663.77099609375,2.0
335697.0,73.0,30.0,8.0,-4.6221786392910005,-5.993608104277123,1.3714294649861225,-6.44573979324708,1.8235611539560797,-6.516333223916851,1.8941545846258503,0.5227251196397278,1.2,1.0,0.655038490662978,0.0,0.0,0.001,267.02301025390625,667.9710083007812,2.0
344432.0,74.0,30.0,8.0,-5.254137469236582,-5.20574030721471,-0.04839716202187194,-5.110745019692247,-0.1433924495443355,-5.289666533870969,0.0355290646343871,0.08392622665625904,0.2,1.0,0.7017769546073406,0.0,0.0,0.0009999999999999998,276.4230041503906,677.5709838867188,2.0
346928.0,75.0,30.0,8.0,-6.5455177948352175,-5.765127697672981,-0.7803900971622362,-5.52187705922912,-1.0236407356060973,-6.545517794835234,1.687538997430238e-14,0.780390097162253,0.0,1.0,0.7784723077735787,0.0,0.0,0.001,268.822998046875,680.3709716796875,2.0
351920.0,76.0,30.0,8.0,-5.110032703353692,-7.076864161994559,1.9668314586408666,-6.9205349429191205,1.8105022395654284,-7.098358003101705,1.9883252997480128,0.02149384110714614,0.8,1.0,0.6917031108451938,0.0,0.0,0.001,253.6230010986328,685.9710083007812,2.0
354416.0,77.0,30.0,8.0,-8.476885577560232,-8.543658297266209,0.06677271970597687,-7.1414810109525595,-1.3354045666076724,-8.659661397800363,0.18277582024013128,0.11600310053415441,0.4,1.0,0.8580107500627788,0.0,0.0,0.0009999999999999996,246.0229949951172,688.77099609375,2.0
359408.0,78.0,30.0,8.0,-3.6500631136808908,-5.409134016864533,1.759070903183642,-5.701309582025587,2.0512464683446963,-5.701309582025587,2.0512464683446963,0.29217556516105425,1.0,1.0,0.5684997248881497,0.0,0.0,0.001,267.02301025390625,694.1710205078125,2.0
360656.0,79.0,30.0,8.0,-3.9700812355739594,-6.424674329888097,2.4545930943141374,-6.166355430994411,2.1962741954204517,-6.440443203755741,2.470361968181782,0.015768873867644473,0.8,1.0,0.5991500888382302,0.0,0.0,0.001,263.2229919433594,695.5709838867188,2.0
366895.0,80.0,30.0,8.0,-3.708818825199069,-6.109412727519514,2.400593902320445,-6.092063750299268,2.3832449251001986,-6.289353778171397,2.580534952972328,0.17994105065188304,0.8,1.0,0.5743068254702427,0.0,0.0,0.001,244.0229949951172,702.5709838867188,2.0
375631.0,81.0,30.0,8.0,-5.184008885552434,-7.5126467508399974,2.328637865287563,-8.347079345459807,3.163070459907373,-8.429864944482704,3.2458560589302694,0.9172181936427064,1.2,1.0,0.6969072267072055,0.0,0.0,0.001,253.6230010986328,712.1710205078125,2.0
395598.0,82.0,30.0,8.0,-3.767769940281097,-5.17198046198633,1.4042105217052328,-5.2568329310300825,1.4890629907489856,-5.282174852268449,1.5144049119873522,0.11019439028211941,0.8,1.0,0.5800372048707771,0.0,0.0,0.001,265.02301025390625,734.1710205078125,2.0
398094.0,83.0,30.0,8.0,-4.327533633325761,-6.103599465494261,1.7760658321685003,-6.738186028040118,2.410652394714357,-6.738848058781285,2.411314425455524,0.6352485932870238,1.2,1.0,0.6308297949578565,0.0,0.0,0.0009999999999999998,257.4230041503906,736.9710083007812,2.0
404334.0,84.0,30.0,8.0,-3.306127416342174,-5.8289897078945465,2.5228622915523724,-6.171011631153434,2.8648842148112603,-6.171011631153434,2.8648842148112603,0.3420219232588879,1.0,1.0,0.5329384657535907,0.0,0.0,0.001,274.62298583984375,743.77099609375,2.0
406830.0,85.0,30.0,8.0,-3.9758671119581974,-5.76961666493526,1.7937495529770624,-5.658693313325298,1.6828262013671003,-5.755723074859075,1.7798559629008777,-0.013893590076184736,0.6,1.0,0.5996845001747155,0.0,0.0,0.001,267.02301025390625,746.5709838867188,2.0
410573.0,86.0,30.0,8.0,-3.147660607035901,-5.218772516723807,2.0711119096879065,-5.246702135479949,2.0990415284440482,-5.345221881415875,2.197561274379974,0.1264493646920677,0.8,1.0,0.5155829743600411,0.0,0.0,0.0009999999999999998,255.42300415039062,750.77099609375,2.0
413069.0,87.0,30.0,8.0,-4.4473178648554175,-5.513017943379638,1.0657000785242206,-5.748981706163826,1.3016638413084083,-5.786607295514593,1.3392894306591758,0.2735893521349553,1.2,1.0,0.6408727537113013,0.0,0.0,0.001,247.822998046875,753.5709838867188,2.0
415565.0,88.0,30.0,8.0,-3.149560401844844,-3.7735613591765755,0.6240009573317313,-3.8185231688328827,0.6689627669880385,-3.8185231688328827,0.6689627669880385,0.04496180965630714,1.0,1.0,0.5157859453584231,0.0,0.0,0.0009999999999999998,276.4230041503906,756.1710205078125,2.0
428045.0,89.0,30.0,8.0,-2.9059643390850134,-3.8028726523688,0.8969083132837867,-3.903168577361656,0.9972042382766424,-3.903168577361656,0.9972042382766424,0.10029592499285567,1.0,1.0,0.4878548005627339,0.0,0.0,0.001,274.62298583984375,769.9710083007812,2.0
438028.0,90.0,30.0,8.0,-2.5062413477980043,-3.355824442079824,0.8495830942818197,-3.3407961651457874,0.834554817347783,-3.3717389478370934,0.865497600039089,0.01591450575726938,0.8,1.0,0.43848484384802605,0.0,0.0,0.0009999999999999998,244.0229949951172,781.1710205078125,2.0
448012.0,91.0,30.0,8.0,-3.650630183561528,-5.292681407376848,1.64205122381532,-5.734964931540909,2.0843347479793812,-5.746879569208717,2.0962493856471895,0.45419816183186956,1.2,1.0,0.5685536867309735,0.0,0.0,0.001,249.822998046875,792.1710205078125,2.0
459243.0,92.0,30.0,8.0,-2.5199727534896113,-3.000560227813436,0.48058747432382454,-3.0354918804728817,0.5155191269832704,-3.0419478070398465,0.5219750535502352,0.041387579226410676,0.8,1.0,0.44024977505766233,0.0,0.0,0.0010000000000000002,251.6230010986328,804.5709838867188,2.0
460491.0,93.0,30.0,8.0,-2.5835934018321396,-3.3332126790298706,0.749619277197731,-3.2832646434991775,0.6996712416670379,-3.3531700433187988,0.7695766414866592,0.019957364288928137,0.8,0.875,0.4483980530070438,1.0606601717798212,0.3535533905932738,0.001,247.822998046875,805.9710083007812,2.0
464235.0,94.0,30.0,8.0,-3.3825180851508145,-4.17023567953197,0.7877175943811556,-4.024800386224239,0.6422823010734247,-4.161713141861891,0.7791950567110764,-0.008522537670079267,0.6,1.0,0.5410815914026704,0.0,0.0,0.0010000000000000002,272.62298583984375,809.9710083007812,2.0
465483.0,95.0,30.0,8.0,-3.6863650930895475,-5.879548159815819,2.1931830667262715,-5.969406104974912,2.283041011885364,-6.108226522620257,2.421861429530709,0.22867836280443754,0.8,1.0,0.5720924341886899,0.0,0.0,0.001,268.822998046875,811.3709716796875,2.0
467979.0,96.0,30.0,8.0,-5.63705676129503,-7.511325484858567,1.874268723563537,-7.8150575255537555,2.1780007642587256,-7.886971648076542,2.2499148867815117,0.37564616321797484,1.2,1.0,0.7269370805419859,0.0,0.0,0.001,261.2229919433594,814.1710205078125,2.0
476714.0,97.0,30.0,8.0,-2.033927692068361,-2.605609761116208,0.571682069047847,-2.733460905118841,0.6995332130504801,-2.733460905118841,0.6995332130504801,0.1278511440026331,1.0,1.0,0.3739922182763597,0.0,0.0,0.0010000000000000002,270.62298583984375,823.77099609375,2.0
481706.0,98.0,30.0,8.0,-2.031674635587647,-2.4722278426989046,0.44055320711125745,-2.75928724128965,0.7276126057020029,-2.75928724128965,0.7276126057020029,0.2870593985907455,1.0,1.0,0.3736511759290703,0.0,0.0,0.0010000000000000005,255.42300415039062,829.3709716796875,2.0
496682.0,99.0,30.0,8.0,-6.891979865604664,-6.613691516262539,-0.2782883493421249,-6.414871234847315,-0.4771086307573489,-7.063991217836084,0.1720113522314204,0.45029970157354526,0.2,1.0,0.7954587158702026,0.0,0.0,0.001,246.0229949951172,845.9710083007812,2.0
4991.0,0.0,30.0,16.0,-5.54484155327985,-8.390580462159953,2.8457389088801026,-8.58007724157477,3.03523568829492,-8.58007724157477,3.03523568829492,0.18949677941481724,1.0,0.9375,0.7210815962312234,0.7071067811865476,0.4330127018922193,0.0010000000000000002,263.2229919433594,302.5710144042969,2.0
12479.0,1.0,30.0,16.0,-6.893306413307458,-8.196578616252342,1.3032722029448838,-7.539221622712389,0.6459152094049303,-8.204444475396572,1.311138062089114,0.007865859144230214,0.6,1.0,0.7955429942281281,0.0,0.0,0.001,276.62298583984375,310.77099609375,2.0
19967.0,2.0,30.0,16.0,-7.593590701161263,-7.721032526286198,0.12744182512493474,-7.705720251481787,0.11212955032052374,-7.747703073631755,0.15411237247049225,0.026670547345557516,0.8,1.0,0.8259901138543447,0.0,0.0,0.001,253.822998046875,319.1709899902344,2.0
22463.0,3.0,30.0,16.0,-7.1159802355998,-9.705040397125092,2.5890601615252926,-9.695421863379682,2.5794416277798824,-9.852766061702136,2.736785826102336,0.1477256645770435,0.8,1.0,0.805757548124044,0.0,0.0,0.0010000000000000002,246.22300720214844,321.97100830078125,2.0
23710.0,4.0,30.0,16.0,-8.285397622789937,-8.664062108173303,0.37866448538336606,-8.496058186555613,0.21066056376567666,-8.720573491217644,0.4351758684277076,0.05651138304434156,0.4,1.0,0.8516315466743851,0.0,0.0,0.0010000000000000005,278.4230041503906,323.1709899902344,2.0
24958.0,5.0,30.0,16.0,-5.732608028619058,-6.827170731777286,1.0945627031582275,-6.523872532758533,0.791264504139475,-6.819633949307388,1.0870259206883297,-0.0075367824698977515,0.6,1.0,0.7328963532783375,0.0,0.0,0.0010000000000000005,274.62298583984375,324.5710144042969,2.0
26206.0,6.0,30.0,16.0,-7.073829747182363,-9.769188078741832,2.6953583315594694,-10.274654884532604,3.2008251373502405,-10.41857590243367,3.3447461552513067,0.6493878236918373,1.2,0.9375,0.8038773299470973,0.9354143466934853,0.6123724356957945,0.0009999999999999998,270.822998046875,325.97100830078125,2.0
34942.0,7.0,30.0,16.0,-5.363383849901454,-7.052842145348928,1.6894582954474737,-6.841228411902991,1.477844562001537,-7.06720468698237,1.703820837080916,0.014362541633442305,0.6,1.0,0.7091840361427707,0.0,0.0,0.001,244.22300720214844,335.77099609375,2.0
44926.0,8.0,30.0,16.0,-4.679917634009476,-6.551937593423942,1.872019959414466,-6.693800003689894,2.0138823696804184,-6.739513858873946,2.05959622486447,0.18757626545000416,1.2,0.9375,0.6596401823017659,0.0,0.5590169943749475,0.001,250.0229949951172,346.77099609375,2.0
47421.0,9.0,30.0,16.0,-8.075492774859972,-9.665147875830138,1.589655100970166,-9.726250703448757,1.650757928588785,-9.785153531075629,1.7096607562156567,0.12000565524549067,1.2,1.0,0.8442760414381247,0.0,0.0,0.001,278.4230041503906,349.3710021972656,2.0
48669.0,10.0,30.0,16.0,-6.763787098944658,-7.437192199592051,0.6734051006473933,-6.92460510096578,0.16081800202112273,-7.534822053135526,0.7710349541908688,0.09762985354347542,0.4,1.0,0.7893556876798803,0.0,0.0,0.0009999999999999998,274.62298583984375,350.77099609375,2.0
54909.0,11.0,30.0,16.0,-9.164604392426327,-10.075130408006483,0.9105260155801567,-9.977229103722507,0.8126247112961806,-10.068932356351812,0.9043279639254855,-0.006198051654671133,0.6,1.0,0.8788192263921706,0.0,0.0,0.0010000000000000002,255.6230010986328,357.77099609375,2.0
56157.0,12.0,30.0,16.0,-8.150372260001204,-8.492331738352721,0.34195947835151763,-8.55858593906053,0.40821367905932604,-8.55858593906053,0.40821367905932604,0.06625420070780841,1.0,1.0,0.8469257193805149,0.0,0.0,0.001,251.822998046875,359.1709899902344,2.0
59901.0,13.0,30.0,16.0,-7.323923723037651,-10.455346606493075,3.131422883455424,-10.77271604126362,3.4487923182259683,-10.77271604126362,3.4487923182259683,0.31736943477054425,1.0,1.0,0.8148526553464617,0.0,0.0,0.0010000000000000002,276.62298583984375,363.1709899902344,2.0
61149.0,14.0,30.0,16.0,-7.240340304237437,-7.364324884340419,0.12398458010298263,-7.2395010252294565,-0.0008392790079803092,-7.400927693752326,0.16058738951488927,0.036602809411906634,0.4,1.0,0.811258824954042,0.0,0.0,0.001,272.822998046875,364.5710144042969,2.0
63645.0,15.0,30.0,16.0,-10.279797854565789,-11.366828953243637,1.0870310986778478,-11.126673355574194,0.8468755010084053,-11.36571598328366,1.0859181287178714,-0.0011129699599763399,0.6,1.0,0.9062712488204729,0.0,0.0,0.0009999999999999996,265.2229919433594,367.3710021972656,2.0
72380.0,16.0,30.0,16.0,-7.124472032223018,-9.854602011301223,2.730129979078205,-9.636731708404792,2.512259676181774,-9.842960473407437,2.7184884411844195,-0.011641537893785525,0.8,1.0,0.8061465385159211,0.0,0.0,0.001,274.62298583984375,376.97100830078125,2.0
77372.0,17.0,30.0,16.0,-8.482880343586436,-12.845997977317387,4.363117633730951,-12.32959413786157,3.846713794275134,-12.809056194894259,4.3261758513078235,-0.036941782423127734,0.6,1.0,0.8582223597748491,0.0,0.0,0.001,259.4230041503906,382.5710144042969,2.0
83612.0,18.0,30.0,16.0,-7.974092158445828,-11.751389649087914,3.777297490642086,-11.101652976211883,3.1275608177660548,-11.805937619672033,3.831845461226205,0.0545479705841192,0.6,1.0,0.840583162405027,0.0,0.0,0.0010000000000000002,276.62298583984375,389.3710021972656,2.0
94843.0,19.0,30.0,16.0,-6.802485985899999,-10.803889966823503,4.001403980923504,-10.621055072814334,3.8185690869143354,-10.774159909553095,3.9716739236530962,-0.029730057270407784,0.8,1.0,0.7912299309446975,0.0,0.0,0.001,278.4230041503906,401.77099609375,2.0
97339.0,20.0,30.0,16.0,-7.358214403430966,-11.08600617736924,3.727791773938274,-11.08801662258141,3.729802219150444,-11.162400444207723,3.8041860407767567,0.0763942668384825,0.8,1.0,0.81629591846635,0.0,0.0,0.0009999999999999998,270.822998046875,404.5710144042969,2.0
99835.0,21.0,30.0,16.0,-7.5369703080213455,-9.233954247777824,1.6969839397564783,-9.122045372567648,1.5850750645463023,-9.28259614520957,1.745625837188225,0.04864189743174663,0.8,1.0,0.8237199831762462,0.0,0.0,0.0010000000000000002,263.2229919433594,407.3710021972656,2.0
101083.0,22.0,30.0,16.0,-7.8018148906376625,-9.147357263650571,1.3455423730129086,-8.951614332676424,1.1497994420387618,-9.149934233705626,1.348119343067963,0.0025769700550544172,0.8,1.0,0.8341474605206864,0.0,0.0,0.001,259.4230041503906,408.77099609375,2.0
119802.0,23.0,30.0,16.0,-6.933852742552901,-8.175452269716855,1.2415995271639542,-7.2233332997729445,0.2894805572200436,-8.265428696081349,1.3315759535284482,0.08997642636449399,0.4,1.0,0.7974522625512305,0.0,0.0,0.001,274.62298583984375,429.3710021972656,2.0
121050.0,24.0,30.0,16.0,-7.491966854645806,-11.499617572826093,4.007650718180287,-11.302556207553895,3.8105893529080888,-11.47984115855069,3.987874303904883,-0.019776414275403553,0.8,0.9375,0.8218710568864415,0.0,0.25,0.001,270.822998046875,430.77099609375,2.0
122298.0,25.0,30.0,16.0,-8.332924299733689,-11.965331023968114,3.632406724234425,-10.994536330623689,2.6616120308899998,-12.11493809651935,3.7820137967856606,0.14960707255123573,0.4,1.0,0.8532389103749275,0.0,0.0,0.001,267.02301025390625,432.1709899902344,2.0
126042.0,26.0,30.0,16.0,-6.401115860488512,-9.814671981527646,3.413556121039133,-9.663610973987536,3.262495113499024,-9.793256162154066,3.3921403016655534,-0.021415819373579836,0.6,1.0,0.7709950750957959,0.0,0.0,0.0009999999999999998,255.6230010986328,436.3710021972656,2.0
131034.0,27.0,30.0,16.0,-6.943447944993569,-10.934550084668171,3.9911021396746023,-10.8689795772377,3.925531632244132,-10.925829971607925,3.9823820266143564,-0.008720113060245893,0.8,1.0,0.7978864470139193,0.0,0.0,0.0009999999999999998,276.62298583984375,441.77099609375,2.0
132282.0,28.0,30.0,16.0,-6.280709403366805,-8.367394133449604,2.0866847300827995,-7.942939594824216,1.662230191457411,-8.336481085099077,2.0557716817322724,-0.030913048350527106,0.6,1.0,0.7645771817044674,0.0,0.0,0.0010000000000000002,272.822998046875,443.1709899902344,2.0
136025.0,29.0,30.0,16.0,-7.408135965621161,-8.870182206341164,1.462046240720003,-8.151429544482404,0.7432935788612429,-9.341479619525597,1.9333436539044353,0.4712974131844323,0.4,1.0,0.8184122912389767,0.0,0.0,0.001,261.2229919433594,447.3710021972656,2.0
137273.0,30.0,30.0,16.0,-6.248406347124359,-9.758576866160446,3.5101705190360875,-8.81002725132509,2.5616209042007316,-9.789759408975522,3.5413530618511633,0.03118254281507582,0.6,1.0,0.7628080578494265,0.0,0.0,0.0009999999999999998,257.4230041503906,448.77099609375,2.0
139769.0,31.0,30.0,16.0,-12.176386184691816,-13.088376174306136,0.9119899896143195,-11.258238287798266,-0.9181478968935508,-14.19308129724638,2.0166951125545634,1.1047051229402438,0.4,0.9375,0.9394409927364455,0.0,0.25,0.0010000000000000005,249.822998046875,451.5710144042969,2.0
143513.0,32.0,30.0,16.0,-8.29662383180727,-7.580652939769724,-0.7159708920375465,-6.87498226105196,-1.4216415707553107,-8.296623831807267,-3.552713678800501e-15,0.7159708920375429,0.0,1.0,0.8520004099988652,0.0,0.0,0.001,274.62298583984375,455.5710144042969,2.0
153497.0,33.0,30.0,16.0,-5.818130411486537,-7.503132361445663,1.6850019499591253,-8.007131164449092,2.1890007529625546,-8.21798820706508,2.3998577955785425,0.7148558456194172,1.2,1.0,0.7380904357169478,0.0,0.0,0.001,244.22300720214844,466.77099609375,2.0
163480.0,34.0,30.0,16.0,-5.007303910699128,-6.229214793276476,1.2219108825773484,-5.9516343494281765,0.9443304387290485,-6.220640902963252,1.2133369922641242,-0.008573890313224197,0.6,1.0,0.684337410946657,0.0,0.0,0.001,249.822998046875,477.77099609375,2.0
164728.0,35.0,30.0,16.0,-6.007563355306866,-8.192969482054206,2.18540612674734,-7.359439101176096,1.35187574586923,-8.256290388303936,2.2487270329970706,0.06332090624973041,0.6,1.0,0.7492761919314279,0.0,0.0,0.001,246.0229949951172,479.1709899902344,2.0
170968.0,36.0,30.0,16.0,-6.666081292811825,-7.781387980329938,1.115306687518113,-7.140584243154348,0.4745029503425231,-7.931511652174624,1.2654303593627994,0.15012367184468633,0.4,1.0,0.7845455693521614,0.0,0.0,0.001,263.2229919433594,485.97100830078125,2.0
179704.0,37.0,30.0,16.0,-5.417091314530803,-7.93867360683676,2.5215822923059568,-7.7861160520646,2.3690247375337963,-8.02862632534389,2.6115350108130864,0.0899527185071296,0.8,1.0,0.7127703629339682,0.0,0.0,0.001,272.822998046875,495.5710144042969,2.0
183447.0,38.0,30.0,16.0,-7.006465371496063,-10.49837240449742,3.4919070330013575,-11.270747311713027,4.264281940216964,-11.270747311713027,4.264281940216964,0.7723749072156068,1.0,1.0,0.8007925801497093,0.0,0.0,0.0010000000000000002,261.2229919433594,499.77099609375,2.0
187191.0,39.0,30.0,16.0,-5.171880396971021,-8.601050565859214,3.4291701688881933,-8.604221752805659,3.4323413558346374,-8.684250447785256,3.5123700508142353,0.083199881926042,0.8,1.0,0.6960763075321122,0.0,0.0,0.001,249.822998046875,503.97100830078125,2.0
188439.0,40.0,30.0,16.0,-4.966154758743419,-7.653963734808756,2.6878089760653374,-7.528666158661494,2.5625113999180753,-7.660493062684793,2.6943383039413744,0.006529327876036994,0.8,1.0,0.6813153818464525,0.0,0.0,0.0009999999999999998,246.0229949951172,505.3710021972656,2.0
202167.0,41.0,30.0,16.0,-8.063049317197196,-7.412192380774137,-0.6508569364230592,-6.742508557583237,-1.3205407596139587,-8.162255964335317,0.09920664713812144,0.7500635835611806,0.2,0.9375,0.8438261131658836,0.25,0.5590169943749475,0.001,276.62298583984375,520.3709716796875,2.0
204662.0,42.0,30.0,16.0,-8.587882894595323,-7.9172740810500155,-0.6706088135453072,-7.348626373445035,-1.2392565211502875,-8.792655789860433,0.20477289526511022,0.8753817088104174,0.2,1.0,0.8616223327858799,0.0,0.0,0.0009999999999999998,268.822998046875,523.1710205078125,2.0
205910.0,43.0,30.0,16.0,-9.290172132129438,-9.272589617912889,-0.017582514216549328,-8.35733203391107,-0.9328400982183673,-9.79022419797089,0.5000520658414516,0.5176345800580009,0.2,1.0,0.8822731638908766,0.0,0.0,0.0009999999999999998,265.02301025390625,524.5709838867188,2.0
212150.0,44.0,30.0,16.0,-7.486088991341871,-11.055329895133035,3.5692409037911634,-10.303061467501163,2.8169724761592914,-11.128173084807838,3.642084093465966,0.07284318967480274,0.6,1.0,0.8216238544366418,0.0,0.0,0.001,246.0229949951172,531.5709838867188,2.0
214646.0,45.0,30.0,16.0,-7.566925677899955,-10.295321914868289,2.728396236968334,-9.595525747520224,2.0286000696202686,-10.410073723940425,2.8431480460404694,0.11475180907213556,0.4,1.0,0.824934489422125,0.0,0.0,0.0009999999999999998,274.62298583984375,534.1710205078125,2.0
218390.0,46.0,30.0,16.0,-6.098580659208574,-11.010730251841071,4.912149592632497,-11.401814135742018,5.303233476533444,-11.401814135742018,5.303233476533444,0.39108388390094717,1.0,1.0,0.7544805034649295,0.0,0.0,0.0010000000000000002,263.2229919433594,538.3709716796875,2.0
224630.0,47.0,30.0,16.0,-6.621163874004204,-7.083357456213896,0.4621935822096921,-7.145375174557027,0.5242113005528228,-7.367474321754407,0.7463104477502025,0.2841168655405104,0.4,1.0,0.7823311383252699,0.0,0.0,0.001,244.22300720214844,545.3709716796875,2.0
228373.0,48.0,30.0,16.0,-7.793876331526537,-8.87921982616516,1.0853434946386233,-8.92714886282211,1.1332725312955727,-8.92714886282211,1.1332725312955727,0.047929036656949364,1.0,1.0,0.8338361313339216,0.0,0.0,0.0009999999999999998,268.822998046875,549.3709716796875,2.0
235861.0,49.0,30.0,16.0,-10.30399361387776,-10.531021960686541,0.22702834680878148,-9.679804047849402,-0.6241895660283578,-10.830359092184207,0.5263654783064471,0.2993371314976656,0.4,1.0,0.906807845713547,0.0,0.0,0.0010000000000000002,246.0229949951172,557.77099609375,2.0
242101.0,50.0,30.0,16.0,-11.85994008868968,-11.783697903557687,-0.0762421851319921,-10.137532473264399,-1.722407615425281,-12.189580737422839,0.3296406487331591,0.4058828338651512,0.4,0.9375,0.9348825265298342,0.3535533905932738,0.5,0.0009999999999999998,263.2229919433594,564.5709838867188,2.0
244597.0,51.0,30.0,16.0,-11.665137961894345,-12.342751544501633,0.6776135826072878,-12.024058108278918,0.35892014638457326,-12.428942756603655,0.7638047947093103,0.08619121210202252,0.4,1.0,0.9318774563980221,0.0,0.0,0.001,255.6230010986328,567.3709716796875,2.0
247093.0,52.0,30.0,16.0,-6.195960791894902,-9.273985135122793,3.0780243432278906,-8.707363146948893,2.511402355053991,-9.246603174413288,3.0506423825183857,-0.027381960709504938,0.8,1.0,0.7599252177586306,0.0,0.0,0.001,248.0229949951172,570.1710205078125,2.0
249588.0,53.0,30.0,16.0,-7.28717573733762,-9.440405556232248,2.153229818894628,-9.966701199357331,2.6795254620197113,-9.966701199357331,2.6795254620197113,0.5262956431250831,1.0,1.0,0.8132707125271306,0.0,0.0,0.0009999999999999998,276.4230041503906,572.77099609375,2.0
250836.0,54.0,30.0,16.0,-7.218547146039959,-8.401614513662741,1.1830673676227823,-8.153463222545795,0.9349160765058366,-8.410740531915978,1.1921933858760196,0.009126018253237334,0.6,1.0,0.8102836942931074,0.0,0.0,0.0010000000000000002,272.62298583984375,574.1710205078125,2.0
252084.0,55.0,30.0,16.0,-6.104821525482822,-8.06784889881618,1.9630273733333583,-8.764684194509247,2.659862669026425,-9.098599651966234,2.993778126483412,1.0307507531500537,1.2,1.0,0.7548261985656108,0.0,0.0,0.0009999999999999998,268.822998046875,575.5709838867188,2.0
260820.0,56.0,30.0,16.0,-8.656233641940945,-12.518502677316064,3.8622690353751192,-12.321050771417543,3.6648171294765977,-12.496825587000338,3.8405919450593924,-0.021677090315726844,0.6,1.0,0.8637509639328688,0.0,0.0,0.001,278.4230041503906,585.1710205078125,2.0
268308.0,57.0,30.0,16.0,-6.561202312114033,-8.702479480372812,2.141277168258779,-8.840742220041932,2.279539907927899,-8.86564229492588,2.3044399828118474,0.16316281455306836,1.2,1.0,0.7792901822873189,0.0,0.0,0.001,255.6230010986328,593.5709838867188,2.0
270804.0,58.0,30.0,16.0,-7.269655144712937,-9.006458533000865,1.7368033882879281,-8.009607126667648,0.7399519819547109,-9.5348642778011,2.265209133088163,0.528405744800235,0.4,1.0,0.8125124114204375,0.0,0.0,0.001,248.0229949951172,596.3709716796875,2.0
277043.0,59.0,30.0,16.0,-8.651352377731738,-9.813880564948454,1.162528187216715,-9.378624259108042,0.7272718813763035,-9.952664635325592,1.3013122575938532,0.13878407037713814,0.4,1.0,0.8636091488331352,0.0,0.0,0.0010000000000000002,265.02301025390625,603.1710205078125,2.0
278291.0,60.0,30.0,16.0,-7.133621204367032,-8.609973797069278,1.4763525927022458,-8.458344564866206,1.3247233604991733,-8.64018119636857,1.5065599920015371,0.030207399299291282,0.8,0.9375,0.8065318204244744,0.3535533905932738,0.25,0.0010000000000000002,261.2229919433594,604.5709838867188,2.0
280787.0,61.0,30.0,16.0,-9.058162854354643,-11.930900027748933,2.87273717339429,-12.397036791109969,3.3388739367553253,-12.397036791109969,3.3388739367553253,0.4661367633610354,1.0,1.0,0.8758209062963755,0.0,0.0,0.001,253.6230010986328,607.3709716796875,2.0
282035.0,62.0,30.0,16.0,-6.111370095678231,-7.2016470384117515,1.0902769427335208,-7.362339377126227,1.250969281447996,-7.362339377126227,1.250969281447996,0.1606923387144752,1.0,1.0,0.7551923523959586,0.0,0.0,0.001,249.822998046875,608.77099609375,2.0
288275.0,63.0,30.0,16.0,-10.680950205939197,-11.150409961595118,0.4694597556559206,-10.881396759601609,0.20044655366241138,-11.149642974508298,0.4686927685691007,-0.0007669870868198814,0.6,0.9375,0.9145381137487213,0.4330127018922193,0.3535533905932738,0.001,267.02301025390625,615.5709838867188,2.0
293267.0,64.0,30.0,16.0,-10.657392418854432,-11.51940144893574,0.8620090300813086,-11.31814717748945,0.6607547586350186,-11.520611775251503,0.8632193563970709,0.0012103263157623445,0.6,1.0,0.9140752583651309,0.0,0.0,0.0010000000000000002,251.822998046875,621.1710205078125,2.0
294514.0,65.0,30.0,16.0,-9.07084315433404,-10.09467614274968,1.0238329884156396,-10.711866567135983,1.6410234128019425,-10.711866567135983,1.6410234128019425,0.6171904243863029,1.0,1.0,0.8761762982208859,0.0,0.0,0.001,247.822998046875,622.5709838867188,2.0
300754.0,66.0,30.0,16.0,-9.583860454299877,-10.116564092697066,0.532703638397189,-10.053246691527853,0.469386237227976,-10.188645440268022,0.6047849859681449,0.07208134757095586,0.4,1.0,0.889964232888321,0.0,0.0,0.001,265.02301025390625,629.3709716796875,2.0
309490.0,67.0,30.0,16.0,-7.298742465544953,-10.462420030507651,3.1636775649626987,-11.657971688607615,4.359229223062663,-11.657971688607615,4.359229223062663,1.1955516580999639,1.0,1.0,0.8137654100752951,0.0,0.0,0.001,274.62298583984375,638.9710083007812,2.0
310738.0,68.0,30.0,16.0,-6.640976238642554,-9.363571893468604,2.7225956548260504,-9.709078004292008,3.0681017656494545,-9.824854520185681,3.1838782815431275,0.4612826267170771,1.2,1.0,0.7833065934492903,0.0,0.0,0.0010000000000000005,270.822998046875,640.3709716796875,2.0
319473.0,69.0,30.0,16.0,-9.60264391557796,-15.071852411962363,5.469208496384402,-15.527010444426512,5.924366528848552,-15.527010444426512,5.924366528848552,0.45515803246414954,1.0,1.0,0.8904603131635765,0.0,0.0,0.001,244.0229949951172,650.1710205078125,2.0
321969.0,70.0,30.0,16.0,-7.538676264094372,-11.318650782770995,3.7799745186766227,-10.880623953448698,3.341947689354326,-11.349100328803042,3.81042406470867,0.03044954603204708,0.6,1.0,0.8237730443886627,0.0,0.0,0.0009999999999999998,272.62298583984375,652.77099609375,2.0
325713.0,71.0,30.0,16.0,-8.86233200467814,-12.194218589103347,3.331886584425206,-11.585372779451049,2.723040774772908,-12.208068719709551,3.3457367150314106,0.013850130606204658,0.6,1.0,0.8700863728183417,0.0,0.0,0.0009999999999999996,261.2229919433594,656.9710083007812,2.0
331953.0,72.0,30.0,16.0,-7.440187687544846,-13.412580559876064,5.972392872331218,-13.184538548048545,5.744350860503699,-13.421671738296418,5.981484050751572,0.009091178420353785,0.8,1.0,0.819727005418007,0.0,0.0,0.001,278.4230041503906,663.77099609375,2.0
335697.0,73.0,30.0,16.0,-6.828381719583988,-8.34293340527383,1.5145516856898427,-8.36377480914087,1.535393089556881,-8.375881587449612,1.547499867865624,0.032948182175781326,0.8,1.0,0.7924570637301308,0.0,0.0,0.001,267.02301025390625,667.9710083007812,2.0
344432.0,74.0,30.0,16.0,-7.778736694494905,-8.296823186015121,0.5180864915202168,-7.740906506360017,-0.0378301881348877,-8.363807364157058,0.5850706696621533,0.06698417814193647,0.4,1.0,0.8332724904001786,0.0,0.0,0.0009999999999999998,276.4230041503906,677.5709838867188,2.0
346928.0,75.0,30.0,16.0,-9.450616946566576,-8.039244460815443,-1.4113724857511336,-7.5993857802799525,-1.8512311662866239,-9.450616946566605,2.842170943040401e-14,1.411372485751162,0.0,1.0,0.886545796996758,0.0,0.0,0.001,268.822998046875,680.3709716796875,2.0
351920.0,76.0,30.0,16.0,-8.007711775173188,-9.146651399444583,1.1389396242713943,-8.776083034057297,0.768371258884109,-9.175368087872144,1.1676563126989556,0.028716688427561365,0.6,1.0,0.8418352681808592,0.0,0.0,0.001,253.6230010986328,685.9710083007812,2.0
354416.0,77.0,30.0,16.0,-12.058279370108858,-12.42969766508499,0.37141829497613266,-9.281832065124592,-2.7764473049842664,-12.858039112220807,0.7997597421119487,0.428341447135816,0.4,1.0,0.9377774722511755,0.0,0.0,0.0009999999999999996,246.0229949951172,688.77099609375,2.0
359408.0,78.0,30.0,16.0,-6.670811739526145,-7.75515016097053,1.084338421444385,-7.873365747167274,1.2025540076411296,-7.9996907139255,1.3288789743993554,0.24454055295497046,1.2,1.0,0.7847924787521873,0.0,0.0,0.001,267.02301025390625,694.1710205078125,2.0
360656.0,79.0,30.0,16.0,-6.503604577439717,-8.09326145174055,1.5896568743008341,-8.022084516840069,1.5184799394003523,-8.104133209770701,1.6005286323309846,0.010871758030150502,0.6,1.0,0.7763448961527142,0.0,0.0,0.001,263.2229919433594,695.5709838867188,2.0
366895.0,80.0,30.0,16.0,-7.112224865248051,-8.516332511601908,1.4041076463538564,-8.087138652855343,0.9749137876072913,-8.589701787217539,1.4774769219694877,0.07336927561563122,0.4,1.0,0.8056064512772533,0.0,0.0,0.001,244.0229949951172,702.5709838867188,2.0
375631.0,81.0,30.0,16.0,-8.548125264753347,-11.668842473653495,3.120717208900148,-11.371945121190086,2.8238198564367387,-11.648203430274712,3.1000781655213654,-0.020639043378782418,0.6,1.0,0.8603299861847177,0.0,0.0,0.001,253.6230010986328,712.1710205078125,2.0
395598.0,82.0,30.0,16.0,-6.898436359780208,-9.371559479262038,2.47312311948183,-8.881170247659103,1.9827338878788954,-9.350404643253233,2.4519682834730254,-0.021154836008804523,0.6,1.0,0.7957790948304349,0.0,0.0,0.001,265.02301025390625,734.1710205078125,2.0
398094.0,83.0,30.0,16.0,-6.587319920594938,-9.05005274212191,2.4627328215269717,-8.917925901423477,2.3306059808285386,-9.137021196078278,2.54970127548334,0.08696845395636821,0.8,1.0,0.7806129157593308,0.0,0.0,0.0009999999999999998,257.4230041503906,736.9710083007812,2.0
404334.0,84.0,30.0,16.0,-6.335343530361691,-10.172805616237124,3.8374620858754325,-10.039011581934826,3.7036680515731346,-10.150855881212006,3.815512350850315,-0.021949735025117434,0.8,1.0,0.7675119232558407,0.0,0.0,0.001,274.62298583984375,743.77099609375,2.0
406830.0,85.0,30.0,16.0,-8.044749149354494,-10.678975307927006,2.6342261585725115,-10.021469178956224,1.9767200296017293,-10.905953114586087,2.861203965231592,0.22697780665908063,0.4,1.0,0.8431583990657141,0.0,0.0,0.001,267.02301025390625,746.5709838867188,2.0
410573.0,86.0,30.0,16.0,-5.71086982180433,-7.588169708495528,1.8772998866911976,-7.296599366526175,1.5857295447218451,-7.589621529200061,1.8787517073957307,0.001451820704533091,0.6,1.0,0.7315623849356303,0.0,0.0,0.0009999999999999998,255.42300415039062,750.77099609375,2.0
413069.0,87.0,30.0,16.0,-6.3057302110053275,-8.631044791997168,2.32531458099184,-8.98849478852077,2.6827645775154423,-8.98849478852077,2.6827645775154423,0.3574499965236022,1.0,0.9375,0.7659271199111456,0.3535533905932738,0.25,0.001,247.822998046875,753.5709838867188,2.0
415565.0,88.0,30.0,16.0,-5.871535797480335,-6.98363926547208,1.1121034679917452,-6.840601243391734,0.969065445911399,-6.976493071669278,1.1049572741889433,-0.007146193802801903,0.6,1.0,0.741297261801321,0.0,0.0,0.0009999999999999998,276.4230041503906,756.1710205078125,2.0
428045.0,89.0,30.0,16.0,-5.326705042787393,-6.805477021167233,1.4787719783798403,-6.90112952279261,1.5744244800052174,-6.919131476896978,1.5924264341095853,0.11365445572974497,0.8,1.0,0.7067210234939286,0.0,0.0,0.001,274.62298583984375,769.9710083007812,2.0
438028.0,90.0,30.0,16.0,-4.94277102012688,-5.793028127299301,0.8502571071724212,-5.6855681729969305,0.7427971528700503,-5.802414125838867,0.8596431057119869,0.009385998539565676,0.6,1.0,0.6796112913056938,0.0,0.0,0.0009999999999999998,244.0229949951172,781.1710205078125,2.0
448012.0,91.0,30.0,16.0,-5.988937138423146,-7.826141633802381,1.8372044953792352,-7.601386893005975,1.612449754582829,-7.80839064222746,1.819453503804314,-0.017750991574921215,0.6,1.0,0.7481993240900828,0.0,0.0,0.001,249.822998046875,792.1710205078125,2.0
459243.0,92.0,30.0,16.0,-4.71314396846798,-6.113774423261785,1.4006304547938049,-6.226468468807318,1.5133245003393379,-6.24270054736108,1.5295565788931,0.12892612409929516,0.8,1.0,0.662202038616531,0.0,0.0,0.0010000000000000002,251.6230010986328,804.5709838867188,2.0
460491.0,93.0,30.0,16.0,-4.781788390959611,-5.9843626082506045,1.2025742172909935,-5.7145854567044925,0.9327970657448814,-5.9764205555553565,1.1946321645957454,-0.007942052695248059,0.6,1.0,0.6675134476307407,0.0,0.0,0.001,247.822998046875,805.9710083007812,2.0
464235.0,94.0,30.0,16.0,-5.653874948014069,-7.107369351143302,1.4534944031292332,-6.564818353121076,0.9109434051070071,-7.111896776622649,1.4580218286085795,0.00452742547934637,0.6,1.0,0.7280014920221551,0.0,0.0,0.0010000000000000002,272.62298583984375,809.9710083007812,2.0
465483.0,95.0,30.0,16.0,-6.4147465010782225,-7.323521040961285,0.9087745398830629,-7.246214012920925,0.8314675118427024,-7.319978524528369,0.9052320234501465,-0.003542516432916365,0.8,1.0,0.7717156050308261,0.0,0.0,0.001,268.822998046875,811.3709716796875,2.0
467979.0,96.0,30.0,16.0,-7.762303923853092,-10.192194784214745,2.4298908603616534,-10.428614995247365,2.666311071394273,-10.465065514214542,2.70276159036145,0.2728707299997968,1.2,1.0,0.8326389366331134,0.0,0.0,0.001,261.2229919433594,814.1710205078125,2.0
476714.0,97.0,30.0,16.0,-3.7626383835844557,-5.497170994770868,1.7345326111864123,-5.373088366920849,1.6104499833363937,-5.535071890894275,1.7724335073098194,0.03790089612340708,0.8,0.9375,0.5795844613357278,0.5,0.6123724356957945,0.0010000000000000002,270.62298583984375,823.77099609375,2.0
481706.0,98.0,30.0,16.0,-3.899091839123052,-5.3391341682579245,1.4400423291348727,-5.490752177227037,1.5916603381039853,-5.498223882081112,1.5991320429580598,0.15908971382318704,0.8,1.0,0.5925718484332388,0.0,0.0,0.0010000000000000005,255.42300415039062,829.3709716796875,2.0
496682.0,99.0,30.0,16.0,-9.499375650334432,-9.8527375931988,0.3533619428643675,-9.600399103916379,0.10102345358194675,-10.09362936746678,0.5942537171323483,0.2408917742679808,0.2,1.0,0.8878101870395969,0.0,0.0,0.001,246.0229949951172,845.9710083007812,2.0
