user_index,sample_index,snr_db,l_value,grid_channel_nmse_db,source_alpha_channel_nmse_db,source_alpha_gain_vs_grid_db,bounded_refine_channel_nmse_db,bounded_gain_vs_grid_db,oracle_alpha_channel_nmse_db,oracle_alpha_gain_vs_grid_db,source_alpha_gap_vs_oracle_db,oracle_alpha,support_recall,dominant_energy_recall,delay_bin_rmse,tx_bin_rmse,noise_variance,rx_x_m,rx_y_m,rx_z_m
0.0,0.0,0.0,4.0,-10.129881837528982,-11.197936927630492,1.0680550901015096,-11.495924166235499,1.3660423287065164,-11.55591265365242,1.426030816123438,0.3579757260219285,1.2,0.75,0.9591564586960455,11.521718621802913,0.5,1.0,26.33989906311035,6.1804399490356445,0.6000000238418579
298.0,1.0,0.0,4.0,-6.849281254636754,-6.3640284027584055,-0.4852528518783483,-6.326987329312183,-0.5222939253245711,-6.8492812546367645,1.0658141036401503e-14,0.485252851878359,0.0,0.5,0.8951622961953193,15.524174696260024,0.0,0.9999999999999999,26.899900436401367,6.200439929962158,0.6000000238418579
596.0,2.0,0.0,4.0,-8.156242472124033,-9.810212505824747,1.6539700337007144,-9.712798759249297,1.5565562871252645,-9.810523914411624,1.6542814422875907,0.0003114085868762828,0.8,0.75,0.9439412781478158,14.0,0.5,0.9999999999999999,27.45989990234375,6.220439910888672,0.6000000238418579
1192.0,3.0,0.0,4.0,-7.739432334938017,-10.645227674115993,2.9057953391779767,-10.423413735967554,2.683981401029537,-10.775130477201472,3.0356981422634552,0.12990280308547852,0.8,0.5,0.8914714351100856,14.713938969562161,0.5,0.9999999999999999,27.36989974975586,6.270440101623535,0.6000000238418579
2683.0,4.0,0.0,4.0,-8.08710478342529,-9.565241878882269,1.4781370954569795,-9.530669439026905,1.443564655601616,-9.563271685521691,1.4761669020964021,-0.0019701933605773547,0.8,0.5,0.9428972151969441,19.30673457630782,0.7071067811865476,1.0,26.54990005493164,6.400440216064453,0.6000000238418579
2981.0,5.0,0.0,4.0,-7.096159512566277,-9.78682483161958,2.690665319053303,-9.671472691030669,2.575313178464392,-9.93997481924456,2.843815306678283,0.15314998762498,0.8,0.5,0.8988212206058502,13.656500283747663,0.5,0.9999999999999998,27.109899520874023,6.420440196990967,0.6000000238418579
3875.0,6.0,0.0,4.0,-6.945367603401024,-8.609313264266872,1.6639456608658474,-8.307635758827445,1.3622681554264204,-8.603403659799945,1.6580360563989203,-0.005909604466927121,0.8,0.5,0.9107601413937599,5.5901699437494745,0.0,1.0,26.36989974975586,6.5004401206970215,0.6000000238418579
4173.0,7.0,0.0,4.0,-9.532779584016337,-12.040899597748414,2.5081200137320767,-12.047376149543709,2.5145965655273717,-12.232480943225637,2.6997013592092998,0.19158134547722305,1.2,0.75,0.9366949160593907,15.016657417681207,0.5,1.0000000000000002,26.929899215698242,6.520440101623535,0.6000000238418579
4472.0,8.0,0.0,4.0,-6.292178380935352,-8.561412571328306,2.269234190392954,-8.785630948475315,2.493452567539963,-8.81199246107072,2.519814080135367,0.2505798897424132,0.8,0.5,0.8879100554011308,13.47219358530748,0.5,1.0,27.499900817871094,6.540440082550049,0.6000000238418579
5366.0,9.0,0.0,4.0,-7.8196351992884585,-10.358260701664996,2.5386255023765374,-10.31997321888565,2.5003380195971916,-10.442105587556345,2.622470388267886,0.08384488589134875,0.8,0.5,0.9250997923605588,10.0,0.5,1.0,26.759899139404297,6.6204400062561035,0.6000000238418579
6260.0,10.0,0.0,4.0,-8.592705002531378,-8.15177607725095,-0.4409289252804278,-8.05228001889301,-0.5404249836383688,-8.592705002531407,2.842170943040401e-14,0.44092892528045624,0.0,0.5,0.9487371352332554,6.5383484153110105,0.7071067811865476,1.0000000000000002,27.229900360107422,6.6904401779174805,0.6000000238418579
7453.0,11.0,0.0,4.0,-8.913537210371608,-10.93395816577592,2.0204209554043118,-10.684451865394802,1.7709146550231942,-10.95956669264555,2.0460294822739424,0.025608526869630666,0.6,0.75,0.9372030051990067,13.5,0.0,1.0,27.059900283813477,6.790440082550049,0.6000000238418579
8646.0,12.0,0.0,4.0,-8.595785606506585,-8.79838774684957,0.20260214034298585,-8.95072175136117,0.3549361448545856,-9.036991044928882,0.44120543842229765,0.2386032980793118,1.2,0.5,0.9562164206798441,5.244044240850758,0.0,1.0000000000000002,26.88990020751953,6.890439987182617,0.6000000238418579
10434.0,13.0,0.0,4.0,-8.031273501973432,-11.382615699808973,3.3513421978355407,-11.700021562391322,3.66874806041789,-11.700021562391322,3.66874806041789,0.3174058625823495,1.0,0.75,0.9199525117725627,1.118033988749895,0.0,1.0,26.61989974975586,7.040440082550049,0.6000000238418579
10733.0,14.0,0.0,4.0,-10.904584229717143,-15.181538749953273,4.27695452023613,-14.392198227476785,3.4876139977596416,-15.197251222038922,4.292666992321779,0.01571247208564941,0.6,0.75,0.9425233294007813,0.7071067811865476,0.0,0.9999999999999998,27.189899444580078,7.0604400634765625,0.6000000238418579
11031.0,15.0,0.0,4.0,-9.78581404898025,-12.170419640189811,2.384605591209562,-12.143435049208804,2.357621000228555,-12.424039761857088,2.6382257128768387,0.2536201216672769,1.2,0.75,0.9598188981206369,8.0156097709407,0.5,1.0,26.539899826049805,7.090439796447754,0.6000000238418579
12820.0,16.0,0.0,4.0,-7.083491087788395,-9.527470523665905,2.4439794358775098,-9.320689469183,2.237198381394605,-9.622558117514515,2.5390670297261204,0.09508759384861065,0.8,0.5,0.8928183425761406,11.247221879201993,0.5,1.0,27.489900588989258,7.230440139770508,0.6000000238418579
14608.0,17.0,0.0,4.0,-8.639839924662915,-10.29843308602171,1.6585931613587945,-9.85457476458367,1.2147348399207551,-10.308639101537535,1.6687991768746198,0.010206015515825229,0.6,0.75,0.9382057882074538,8.0156097709407,0.5,0.9999999999999998,27.219900131225586,7.3804402351379395,0.6000000238418579
16397.0,18.0,0.0,4.0,-7.273525258240384,-8.898304483630502,1.6247792253901183,-8.351442912873882,1.0779176546334979,-8.886440305344557,1.612915047104173,-0.011864178285945215,0.6,0.5,0.9088034119014704,15.580436450882884,0.0,1.0000000000000002,26.95989990234375,7.530439853668213,0.6000000238418579
16695.0,19.0,0.0,4.0,-7.833467813085752,-8.880267024635186,1.046799211549434,-6.7237441953060495,-1.1097236177797027,-8.96268504341235,1.1292172303265975,0.08241801877716348,0.6,0.5,0.9270416175172193,9.565563234854496,0.7071067811865476,1.0,27.519899368286133,7.550439834594727,0.6000000238418579
16994.0,20.0,0.0,4.0,-8.300009928399326,-9.427508510499296,1.1274985820999692,-9.442917645126883,1.1429077167275565,-9.58158204636931,1.2815721179699828,0.1540735358700136,1.2,0.5,0.9405496475813737,15.041608956491324,0.7071067811865476,1.0,26.879899978637695,7.580440044403076,0.6000000238418579
17590.0,21.0,0.0,4.0,-8.664670359367001,-9.522378836469832,0.8577084771028307,-9.545428576455437,0.8807582170884363,-9.69902928213447,1.0343589227674688,0.17665044566463806,1.2,0.75,0.9373437443323039,6.5,0.0,1.0,26.789899826049805,7.6304402351379395,0.6000000238418579
18186.0,22.0,0.0,4.0,-8.157439387541043,-10.818552711327118,2.6611133237860756,-10.243832848511772,2.0863934609707293,-10.812427752576303,2.65498836503526,-0.0061249587508154235,0.8,0.5,0.9332708346816335,7.54983443527075,0.5,0.9999999999999999,26.699899673461914,7.6804399490356445,0.6000000238418579
19080.0,23.0,0.0,4.0,-8.355805734534517,-12.841147809104115,4.485342074569598,-12.695861409377802,4.340055674843285,-12.908966364750194,4.553160630215677,0.0678185556460793,0.8,0.75,0.9156234470067213,8.0156097709407,0.5,1.0,27.16990089416504,7.7504401206970215,0.6000000238418579
20571.0,24.0,0.0,4.0,-8.76943524174056,-11.083783975385387,2.3143487336448274,-11.027899717473124,2.2584644757325645,-11.092299045226948,2.3228638034863884,0.00851506984156103,0.8,0.75,0.9262064184485909,6.0,0.5,1.0,26.349899291992188,7.8804402351379395,0.6000000238418579
21167.0,25.0,0.0,4.0,-7.491268763708337,-8.89217888538193,1.4009101216735935,-8.577721170143386,1.0864524064350487,-8.890273820947334,1.3990050572389965,-0.001905064434597037,0.6,0.75,0.9388296521781121,12.020815280171307,0.5,0.9999999999999999,27.469900131225586,7.920440196990967,0.6000000238418579
23254.0,26.0,0.0,4.0,-8.45820094802788,-9.568552350566353,1.1103514025384733,-10.202800703924632,1.7445997558967523,-10.489947860839772,2.031746912811892,0.9213955102734186,1.2,0.5,0.9350587502343467,14.517231140957975,0.5,1.0000000000000002,26.559900283813477,8.10044002532959,0.6000000238418579
23553.0,27.0,0.0,4.0,-5.880781418223871,-7.507184468594822,1.6264030503709508,-7.491359576688309,1.6105781584644374,-7.6071242406940165,1.7263428224701451,0.09993977209919436,0.8,0.25,0.874811739495247,19.924858845171276,0.5,1.0,27.129899978637695,8.120439529418945,0.6000000238418579
23851.0,28.0,0.0,4.0,-9.852134183248728,-12.932795029031293,3.0806608457825657,-13.25308587430931,3.400951691060582,-13.281499235742915,3.4293650524941874,0.3487042067116217,1.2,0.75,0.9413082258239189,1.118033988749895,0.0,1.0,26.479900360107422,8.150440216064453,0.6000000238418579
25341.0,29.0,0.0,4.0,-8.922401041128069,-10.695476721897618,1.7730756807695496,-10.336356360082064,1.4139553189539953,-10.722504785612088,1.8001037444840193,0.027028063714469752,0.6,0.5,0.9436333804337567,15.5,0.5,1.0,26.859899520874023,8.270440101623535,0.6000000238418579
25640.0,30.0,0.0,4.0,-11.4885266647,-18.052927015456973,6.564400350756973,-19.505802107269,8.017275442569002,-19.505802107269,8.017275442569002,1.4528750918120288,1.0,1.0,0.9486760508087769,0.0,0.0,1.0,27.429899215698242,8.29043960571289,0.6000000238418579
26832.0,31.0,0.0,4.0,-7.010434045317398,-7.667592428934668,0.6571583836172703,-7.155209547005241,0.14477550168784337,-7.679703637423031,0.6692695921056329,0.012111208488362557,0.6,0.5,0.9087266334082174,8.874119674649425,0.5,0.9999999999999999,27.249900817871094,8.390439987182617,0.6000000238418579
28025.0,32.0,0.0,4.0,-11.446866948966028,-11.313650594243683,-0.13321635472234483,-8.829540380525646,-2.6173265684403813,-12.267842541862745,0.8209755928967173,0.9541919476190621,0.4,0.75,0.977615795638156,0.7071067811865476,0.5,1.0000000000000002,27.07990074157715,8.490440368652344,0.6000000238418579
28919.0,33.0,0.0,4.0,-10.918484677363537,-14.86963688787458,3.9511522105110437,-14.874059324047106,3.9555746466835693,-14.997826811440218,4.079342134076681,0.1281899235656372,0.8,1.0,0.9644039314461222,0.0,0.0,0.9999999999999998,26.33989906311035,8.570440292358398,0.6000000238418579
37863.0,34.0,0.0,4.0,-8.143680113583823,-10.32185145692118,2.1781713433373575,-10.55596687537868,2.4122867617948565,-10.745211968333908,2.6015318547500854,0.4233605114127279,1.2,0.75,0.9211005882460681,5.5,0.5,0.9999999999999998,27.449899673461914,9.300439834594727,0.6000000238418579
38460.0,35.0,0.0,4.0,-8.392626384076154,-8.196820214605033,-0.19580616947112084,-8.220505401050985,-0.17212098302516843,-8.392626384076149,-5.329070518200751e-15,0.1958061694711155,0.0,0.5,0.957695280945676,15.008331019803634,0.7071067811865476,0.9999999999999998,27.36989974975586,9.35044002532959,0.6000000238418579
42335.0,36.0,0.0,4.0,-9.247830984439304,-11.306566001541063,2.0587350171017587,-11.360206377610119,2.112375393170815,-11.387116122535904,2.1392851380966,0.08055012099484138,1.2,0.75,0.9622480278684689,0.7071067811865476,0.5,0.9999999999999999,27.399900436401367,9.670439720153809,0.6000000238418579
42932.0,37.0,0.0,4.0,-9.761290680258885,-12.279038210676648,2.517747530417763,-11.976996622648826,2.215705942389942,-12.281130156485947,2.5198394762270624,0.0020919458092993892,0.6,0.75,0.9528796417042472,8.031189202104505,0.5,1.0,27.319900512695312,9.720439910888672,0.6000000238418579
43230.0,38.0,0.0,4.0,-7.257418284308561,-9.778036602643672,2.520618318335111,-9.582548829587612,2.325130545279051,-9.880825452264185,2.623407167955624,0.10278884962051293,0.8,0.5,0.9036531601041575,9.886859966642595,0.0,1.0000000000000002,26.66990089416504,9.750439643859863,0.6000000238418579
48000.0,39.0,0.0,4.0,-7.711541064797993,-10.248559665456515,2.537018600658522,-10.597188672145375,2.885647607347382,-10.739340757510238,3.027799692712245,0.490781092053723,1.2,0.5,0.920027209252226,13.019216566291536,0.5,1.0000000000000004,27.179899215698242,10.140399932861328,0.6000000238418579
53068.0,40.0,0.0,4.0,-6.699136047869775,-7.628154456044162,0.9290184081743869,-7.581198572229849,0.8820625243600739,-7.699261981216514,1.0001259333467392,0.0711075251723523,0.8,0.5,0.918584331536069,17.029386365926403,0.5,1.0,27.039899826049805,10.560400009155273,0.6000000238418579
54559.0,41.0,0.0,4.0,-9.797274653625452,-9.06239828959444,-0.7348763640310114,-9.014129589714084,-0.783145063911368,-9.79727465362549,3.730349362740526e-14,0.7348763640310487,0.0,0.5,0.9753908436265868,8.139410298049853,0.7071067811865476,1.0,27.429899215698242,10.680399894714355,0.6000000238418579
55454.0,42.0,0.0,4.0,-6.93815336901601,-7.389794649839832,0.4516412808238215,-7.283713933719012,0.34556056470300156,-7.397370678449815,0.45921730943380457,0.0075760286099830765,0.6,0.75,0.855403115533421,15.008331019803634,0.5,0.9999999999999999,26.699899673461914,10.76039981842041,0.6000000238418579
57242.0,43.0,0.0,4.0,-7.223710462617925,-7.459797186009518,0.2360867233915931,-7.558285096206417,0.3345746335884918,-7.580565692342821,0.35685522972489636,0.12076850633330327,1.2,0.25,0.9139067647454634,9.219544457292887,0.5,1.0,26.429899215698242,10.910400390625,0.6000000238418579
57839.0,44.0,0.0,4.0,-6.9826769963465765,-8.618415394381639,1.6357383980350626,-8.016830851320375,1.0341538549737983,-8.610741141394442,1.6280641450478655,-0.00767425298719715,0.6,0.5,0.9274152334531988,12.549900398011133,0.0,1.0,26.349899291992188,10.960399627685547,0.6000000238418579
58733.0,45.0,0.0,4.0,-8.17012287535545,-7.954531721864468,-0.21559115349098157,-7.9480162573984465,-0.22210661795700304,-8.17012287535546,1.0658141036401503e-14,0.21559115349099223,0.0,0.5,0.9360718794751582,15.787653403846944,0.0,1.0,26.819900512695312,11.030400276184082,0.6000000238418579
60522.0,46.0,0.0,4.0,-8.668264247436587,-10.68947150583024,2.021207258393652,-10.88565293522336,2.217388687786773,-11.022706206732309,2.3544419592957215,0.33323470090206975,1.2,0.75,0.9512204807270083,9.0,0.0,1.0,26.559900283813477,11.180399894714355,0.6000000238418579
60820.0,47.0,0.0,4.0,-8.281698378341902,-10.889625950552409,2.6079275722105066,-10.852378257421496,2.5706798790795933,-10.966443067756188,2.684744689414286,0.07681711720377926,0.8,0.75,0.937260506894216,4.0,0.5,1.0,27.11989974975586,11.200400352478027,0.6000000238418579
61416.0,48.0,0.0,4.0,-9.547498116995467,-10.279836369082346,0.7323382520868797,-10.09647876884723,0.5489806518517639,-10.338810662909165,0.7913125459136978,0.05897429382681807,0.4,1.0,0.9696809887325524,0.0,0.0,1.0,27.02989959716797,11.250399589538574,0.6000000238418579
63205.0,49.0,0.0,4.0,-8.265062855668182,-8.065521774173774,-0.19954108149440763,-8.03641475618772,-0.22864809948046272,-8.265062855668177,-5.329070518200751e-15,0.1995410814944023,0.0,0.5,0.9349888354745897,19.85572965166478,0.0,1.0,26.769899368286133,11.400400161743164,0.6000000238418579
63503.0,50.0,0.0,4.0,-8.82024316456501,-10.003714863860003,1.1834716992949925,-9.507838775172287,0.6875956106072767,-10.035501546808005,1.215258382242995,0.031786682948002465,0.6,0.75,0.9429070673090569,8.0,0.0,0.9999999999999999,27.32990074157715,11.42039966583252,0.6000000238418579
64398.0,51.0,0.0,4.0,-7.20315414732251,-9.259955979888359,2.0568018325658484,-9.308592996810756,2.1054388494882454,-9.450910341109646,2.2477561937871355,0.19095436122128717,0.8,0.75,0.9142027357730126,12.5,0.5,1.0000000000000002,26.599899291992188,11.500399589538574,0.6000000238418579
65590.0,52.0,0.0,4.0,-8.274596049877957,-8.883521211679977,0.6089251618020199,-7.847238532317195,-0.427357517560762,-9.077898954792857,0.8033029049149008,0.1943777431128808,0.4,0.5,0.9385778077341798,15.992185591719476,0.5,1.0,26.41990089416504,11.6003999710083,0.6000000238418579
65889.0,53.0,0.0,4.0,-10.022185913276399,-13.47294372021571,3.4507578069393112,-13.464561574685321,3.4423756614089225,-13.532656790917537,3.510470877641138,0.059713070701826965,0.8,0.75,0.9491447171227823,0.7071067811865476,0.5,1.0000000000000002,26.989900588989258,11.620400428771973,0.6000000238418579
66783.0,54.0,0.0,4.0,-7.088383315755108,-8.784893820709845,1.6965105049547375,-8.323897125899615,1.2355138101445071,-8.790125835094841,1.7017425193397333,0.0052320143849957645,0.6,0.75,0.9158571304064798,9.513148795220223,0.5,1.0,18.715299606323242,6.011020183563232,1.0
67081.0,55.0,0.0,4.0,-8.442945712338739,-10.165164737048276,1.7222190247095366,-9.024430250461497,0.5814845381227585,-10.200387677832168,1.7574419654934292,0.03522294078389265,0.6,0.5,0.9452764017522124,9.565563234854496,0.5,0.9999999999999998,19.275299072265625,6.053020000457764,1.0
69168.0,56.0,0.0,4.0,-9.24539912041464,-14.29788279323737,5.05248367282273,-14.914805586304789,5.669406465890148,-14.99705641891624,5.751657298501598,0.6991736256788688,1.2,1.0,0.915607147751675,0.0,0.0,1.0000000000000002,18.393299102783203,6.403019905090332,1.0
69466.0,57.0,0.0,4.0,-8.645484363359211,-9.711348969907094,1.0658646065478834,-5.1880711474910735,-3.4574132158681374,-10.056176054862227,1.4106916915030165,0.34482708495513315,0.4,0.75,0.9529084260944566,3.0,0.0,1.0,18.95330047607422,6.4450201988220215,1.0
69764.0,58.0,0.0,4.0,-9.335282136963649,-10.281017833174955,0.9457356962113064,-10.737917388417939,1.4026352514542904,-11.43060791536173,2.095325778398081,1.1495900821867746,1.2,0.75,0.9356426978817782,0.7071067811865476,0.5,1.0,19.5132999420166,6.487020015716553,1.0
70062.0,59.0,0.0,4.0,-8.130228144896927,-8.630870002721036,0.5006418578241085,-7.474543839167622,-0.6556843057293049,-8.88837330410547,0.7581451592085422,0.25750330138443367,0.4,0.5,0.9466764764080395,14.84082207965583,0.5,1.0000000000000002,18.869300842285156,6.543019771575928,1.0
70659.0,60.0,0.0,4.0,-8.286501332847218,-10.230347684899755,1.943846352052537,-9.93589021907644,1.6493888862292216,-10.225244892264083,1.9387435594168654,-0.005102792635671705,0.6,0.75,0.9468058447755545,6.0,0.0,0.9999999999999999,18.799299240112305,6.641019821166992,1.0
71851.0,61.0,0.0,4.0,-7.325006543005273,-9.193857042516878,1.8688504995116055,-8.865839831191643,1.54083328818637,-9.196834926207359,1.8718283832020859,0.002977883690480354,0.6,0.75,0.9048825079494875,1.0,0.0,1.0,18.63129997253418,6.837019920349121,1.0
72448.0,62.0,0.0,4.0,-5.499616247033565,-6.155006875986003,0.6553906289524383,-5.754262500471273,0.2546462534377083,-6.166020927655421,0.6664046806218566,0.011014051669418379,0.6,0.5,0.8767196720512009,14.221462653327892,0.5,1.0,18.56130027770996,6.9350199699401855,1.0
73938.0,63.0,0.0,4.0,-10.719513412613404,-12.27332758763203,1.5538141750186263,-10.983711705966579,0.264198293353175,-12.445662194442468,1.726148781829064,0.17233460681043766,0.4,0.75,0.9729663979716016,0.0,0.5,1.0,18.95330047607422,7.173019886016846,1.0
74236.0,64.0,0.0,4.0,-8.986836112257967,-9.308878973014414,0.32204286075644717,-8.518764439750173,-0.4680716725077936,-9.640950071258775,0.6541139590008083,0.3320710982443611,0.4,0.75,0.9575584246142629,11.5,0.5,1.0,19.5132999420166,7.215020179748535,1.0
77218.0,65.0,0.0,4.0,-8.5263059647137,-9.419403572736595,0.8930976080228952,-7.963244009903521,-0.5630619548101787,-9.472378498246702,0.9460725335330018,0.05297492551010663,0.6,0.5,0.965169930293645,10.535653752852738,0.0,1.0000000000000002,19.121299743652344,7.705019950866699,1.0
78410.0,66.0,0.0,4.0,-10.917407583484934,-10.937321092759149,0.019913509274214647,-9.69008795802173,-1.2273196254632044,-11.666611734859227,0.7492041513742933,0.7292906421000787,0.2,0.75,0.9667169364035595,0.8660254037844386,0.0,1.0,18.95330047607422,7.901020050048828,1.0
81988.0,67.0,0.0,4.0,-7.295449823784503,-8.646465476589425,1.3510156528049215,-7.90012537039977,0.6046755466152662,-8.662071869989186,1.3666220462046823,0.015606393399760776,0.6,0.5,0.9183902487079051,13.294735800308331,0.7071067811865476,1.0000000000000004,18.4773006439209,8.489020347595215,1.0
82584.0,68.0,0.0,4.0,-7.229486698564182,-7.21754629020346,-0.011940408360722188,-7.228998818522038,-0.00048788004214372904,-7.254414296463003,0.02492759789882104,0.03686800625954323,1.2,0.5,0.8927626469793607,15.182226450688976,0.5,0.9999999999999999,18.393299102783203,8.587019920349121,1.0
83181.0,69.0,0.0,4.0,-9.499723072422553,-8.668413176666684,-0.8313098957558687,-7.585272393302297,-1.9144506791202556,-9.499723072422574,2.1316282072803006e-14,0.83130989575589,0.0,0.5,0.9658728550199202,14.142135623730951,0.7071067811865476,1.0000000000000002,19.527299880981445,8.671019554138184,1.0
84671.0,70.0,0.0,4.0,-9.821978706041165,-10.426093628907163,0.6041149228659979,-8.146819152241651,-1.6751595537995136,-10.540621919324803,0.718643213283638,0.11452829041764012,0.4,0.75,0.970187664160153,4.5,0.0,1.0,18.715299606323242,8.923020362854004,1.0
84970.0,71.0,0.0,4.0,-10.814441574422531,-11.036263104089986,0.22182152966745505,-9.845784984557602,-0.9686565898649295,-11.631813224572527,0.8173716501499957,0.5955501204825406,0.4,0.75,0.9774043722110946,8.5,0.0,1.0,19.2893009185791,8.965020179748535,1.0
85864.0,72.0,0.0,4.0,-8.8343030253303,-10.982890664166806,2.1485876388365064,-10.52131152428964,1.6870084989593401,-10.949916569546813,2.1156135442165134,-0.03297409461999301,0.6,0.5,0.9518931499453694,6.557438524302,0.0,1.0,18.56130027770996,9.119020462036133,1.0
87355.0,73.0,0.0,4.0,-9.797421439067758,-10.064676205054553,0.2672547659867952,-8.920196479767359,-0.8772249593003991,-10.51983288763655,0.722411448568792,0.4551566825819968,0.4,0.75,0.9714021638762377,7.0178344238090995,0.5,0.9999999999999998,18.967300415039062,9.357020378112793,1.0
89143.0,74.0,0.0,4.0,-8.300323843540927,-9.039239913143465,0.7389160696025385,-7.856365562751453,-0.44395828078947375,-9.235068810578365,0.9347449670374388,0.19582889743490028,0.4,0.5,0.959512034874505,18.9010581714358,0.0,1.0,18.715299606323242,9.651020050048828,1.0
89740.0,75.0,0.0,4.0,-9.728351112779253,-10.322646156197496,0.5942950434182439,-9.190274654130544,-0.5380764586487086,-10.751951398266774,1.0236002854875217,0.4293052420692778,0.4,0.75,0.9665575394654943,2.0615528128088303,0.0,1.0,18.645299911499023,9.749019622802734,1.0
90336.0,76.0,0.0,4.0,-8.96957477966872,-7.985602688563091,-0.9839720911056293,-7.868648319534128,-1.100926460134592,-8.969574779668744,2.3092638912203256e-14,0.9839720911056524,0.0,0.5,0.9805652432222941,15.443445211480501,0.0,1.0,18.56130027770996,9.847020149230957,1.0
92423.0,77.0,0.0,4.0,-6.455466361468107,-6.189290866760962,-0.2661754947071451,-6.124388456796258,-0.33107790467184905,-6.455466361468114,6.217248937900877e-15,0.2661754947071513,0.0,0.5,0.9049318126766016,10.452272480183437,0.5,1.0000000000000002,18.88330078125,10.182999610900879,1.0
93616.0,78.0,0.0,4.0,-10.63884673208807,-13.262530211186565,2.6236834790984958,-13.393355876345224,2.7545091442571543,-13.507387413224807,2.8685406811367375,0.2448572020382418,1.2,0.75,0.966939318566037,0.7071067811865476,0.5,1.0,18.729299545288086,10.378999710083008,1.0
95106.0,79.0,0.0,4.0,-8.201162246227389,-8.025451802483378,-0.1757104437440109,-8.111674464728448,-0.08948778149894032,-8.216307292252043,0.015145046024654718,0.19085548976866562,1.2,0.5,0.952199431264471,14.933184523068078,0.5,1.0000000000000002,19.121299743652344,10.616999626159668,1.0
95404.0,80.0,0.0,4.0,-9.188543369947427,-9.836812217661183,0.6482688477137568,-8.280873470849636,-0.9076698990977903,-10.210750943441134,1.0222075734937075,0.3739387257799507,0.4,0.5,0.9504212814453679,14.713938969562161,0.7071067811865476,1.0,18.4773006439209,10.67300033569336,1.0
96597.0,81.0,0.0,4.0,-7.816148749716023,-8.720879533133093,0.9047307834170706,-7.786389075644894,-0.029759674071129005,-8.776192155181631,0.9600434054656084,0.05531262204853782,0.4,0.5,0.9357380484015901,16.560495161679196,0.5,1.0,19.527299880981445,10.854999542236328,1.0
96895.0,82.0,0.0,4.0,-8.702899222406433,-8.535280008034661,-0.16761921437177207,-8.552715536311615,-0.15018368609481847,-8.702899222406437,3.552713678800501e-15,0.16761921437177563,0.0,0.5,0.9385039880826466,17.5,0.5,1.0,18.88330078125,10.91100025177002,1.0
98386.0,83.0,0.0,4.0,-9.788663154791612,-9.437135609338576,-0.35152754545303644,-9.364778244412545,-0.4238849103790674,-9.788663154791607,-5.329070518200751e-15,0.3515275454530311,0.0,0.5,0.9704933198169555,13.901438774457844,0.7071067811865476,0.9999999999999999,19.2893009185791,11.14900016784668,1.0
98982.0,84.0,0.0,4.0,-7.764045491477772,-7.2916406798535816,-0.4724048116241901,-7.31813524864288,-0.44591024283489133,-7.764045491477799,2.7533531010703882e-14,0.47240481162421766,0.0,0.5,0.9493158673086678,11.412712210513327,0.7071067811865476,1.0000000000000002,19.205299377441406,11.246999740600586,1.0
99877.0,85.0,0.0,4.0,-8.65952536374236,-9.857838119890019,1.1983127561476596,-9.113304652789502,0.4537792890471426,-10.092850566243406,1.433325202501047,0.23501244635338736,0.4,0.75,0.9245326205299766,13.0,0.0,1.0,18.491300582885742,11.401000022888184,1.0
105839.0,86.0,0.0,4.0,-7.193029641538848,-8.92316227745049,1.7301326359116427,-8.451844504012463,1.2588148624736153,-8.902012855805404,1.7089832142665564,-0.021149421645086264,0.6,0.5,0.9154301531094616,8.845903006477066,0.0,0.9999999999999999,18.88330078125,12.366999626159668,1.0
106137.0,87.0,0.0,4.0,-8.570888883000332,-9.731695991482741,1.160807108482409,-7.461601672686442,-1.1092872103138909,-9.812330933680734,1.2414420506804014,0.08063494219799239,0.6,0.5,0.9351158316148658,6.519202405202649,0.0,1.0,19.443300247192383,12.409000396728516,1.0
107330.0,88.0,0.0,4.0,-11.4256861944033,-12.002820049378055,0.5771338549747558,-12.085242792232322,0.6595565978290221,-12.508397111279294,1.0827109168759943,0.5055770619012385,1.2,1.0,0.9579766111961345,0.0,0.0,1.0000000000000002,19.2893009185791,12.604999542236328,1.0
107926.0,89.0,0.0,4.0,-6.755701054232134,-7.855531828063896,1.099830773831762,-7.20846350542375,0.4527624511916164,-7.845255364305297,1.0895543100731633,-0.010276463758598808,0.8,0.5,0.9126813742710906,3.0413812651491097,0.5,0.9999999999999998,19.205299377441406,12.70300006866455,1.0
108523.0,90.0,0.0,4.0,-9.979018461766787,-11.938600539242316,1.9595820774755293,-10.566218412366034,0.5871999505992473,-12.019151350082474,2.0401328883156875,0.08055081084015825,0.6,0.5,0.9541269851347238,0.8660254037844386,0.5,1.0,19.135299682617188,12.800999641418457,1.0
108821.0,91.0,0.0,4.0,-8.805922614615906,-11.140132495058106,2.3342098804422005,-9.887643355933548,1.0817207413176426,-11.16030995030571,2.354387335689804,0.020177455247603504,0.6,0.5,0.9374423811143372,11.554220008291344,0.5,0.9999999999999999,18.491300582885742,12.857000350952148,1.0
109119.0,92.0,0.0,4.0,-7.531346243559223,-8.886848471742484,1.3555022281832612,-8.076683563259971,0.5453373197007485,-8.907814163991233,1.3764679204320105,0.020965692248749335,0.6,0.5,0.9241190033799689,17.073371078963874,0.0,1.0,19.051300048828125,12.89900016784668,1.0
110311.0,93.0,0.0,4.0,-9.991711028183957,-10.9861813946339,0.9944703664499439,-9.86913594309927,-0.12257508508468717,-11.414163768838995,1.4224527406550376,0.42798237420509366,0.4,0.75,0.9468539061024448,5.545268253204709,0.5,1.0,18.88330078125,13.095000267028809,1.0
111504.0,94.0,0.0,4.0,-6.461454439003448,-7.717584268482119,1.2561298294786711,-7.5885901180430775,1.1271356790396299,-7.738420785023985,1.2769663460205374,0.020836516541866246,0.8,0.5,0.8994296698393242,9.7082439194738,0.7071067811865476,0.9999999999999999,18.729299545288086,13.291000366210938,1.0
114187.0,95.0,0.0,4.0,-8.286214089620994,-12.174834874091466,3.888620784470472,-11.5804896345563,3.2942755449353065,-12.115124941596587,3.8289108519755928,-0.059709932494879325,0.8,0.75,0.9144723947014436,15.0,0.0,0.9999999999999998,18.967300415039062,13.725000381469727,1.0
116274.0,96.0,0.0,4.0,-9.41071820838152,-11.534555569168408,2.1238373607868883,-11.018918947740513,1.6082007393589937,-11.537829659221794,2.1271114508402746,0.0032740900533863027,0.6,0.75,0.9452619176231652,0.0,0.5,1.0,19.2893009185791,14.060999870300293,1.0
116572.0,97.0,0.0,4.0,-6.944225104035376,-7.8951984103128865,0.9509733062775103,-7.125422717734015,0.18119761369863863,-7.899038108532245,0.9548130044968692,0.0038396982193589224,0.6,0.5,0.9129282594990338,18.041618552668716,0.0,0.9999999999999998,18.645299911499023,14.116999626159668,1.0
116871.0,98.0,0.0,4.0,-9.528854730338054,-13.202893700747573,3.6740389704095193,-12.198748318442991,2.6698935881049373,-13.193980812706803,3.665126082368749,-0.008912888040770284,0.6,0.75,0.938616555869869,10.024968827881711,0.0,1.0,19.21929931640625,14.159000396728516,1.0
118063.0,99.0,0.0,4.0,-8.873087562611133,-10.067505349283838,1.1944177866727053,-9.365363286059353,0.4922757234482198,-10.09135332867293,1.2182657660617977,0.023847979389092444,0.6,0.5,0.9263923714911808,7.582875444051551,0.0,0.9999999999999997,19.051300048828125,14.354999542236328,1.0
0.0,0.0,0.0,8.0,-6.867795720668219,-7.027684494537562,0.15988877386934242,-7.300595557345021,0.4327998366768018,-7.473149687441502,0.6053539667732828,0.4454651929039404,1.2,0.5,0.9638838453824305,14.035668847618199,0.6123724356957945,1.0,26.33989906311035,6.1804399490356445,0.6000000238418579
298.0,1.0,0.0,8.0,-5.218984688466707,-5.099723765939763,-0.11926092252694342,-5.178287119173511,-0.04069756929319546,-5.277426180599388,0.05844149213268146,0.17770241465962489,1.2,0.375,0.9188773171799486,17.58195097251724,0.3535533905932738,0.9999999999999999,26.899900436401367,6.200439929962158,0.6000000238418579
596.0,2.0,0.0,8.0,-5.236304677035185,-5.642667598007635,0.40636292097244997,-5.680612413389054,0.4443077363538688,-5.746513198594631,0.5102085215594458,0.10384560058699588,1.2,0.375,0.9469392765340466,10.723805294763608,0.6123724356957945,0.9999999999999999,27.45989990234375,6.220439910888672,0.6000000238418579
1192.0,3.0,0.0,8.0,-6.048655108934553,-6.747014219836051,0.6983591109014977,-6.624832266818873,0.5761771578843202,-6.739781146108159,0.6911260371736061,-0.007233073727891615,0.6,0.375,0.8998733857895361,9.89317946870469,0.0,0.9999999999999999,27.36989974975586,6.270440101623535,0.6000000238418579
2683.0,4.0,0.0,8.0,-6.256545052043155,-6.792116657142328,0.5355716050991735,-6.6489238472810195,0.3923787952378648,-6.819918746113779,0.5633736940706244,0.027802088971450978,0.4,0.375,0.9508910825489882,16.47346350953557,0.6123724356957945,1.0,26.54990005493164,6.400440216064453,0.6000000238418579
2981.0,5.0,0.0,8.0,-4.672201186477657,-5.738855798331125,1.066654611853468,-5.7768730534779795,1.1046718670003228,-5.816471756133991,1.1442705696563342,0.07761595780286612,0.8,0.25,0.8994497195872745,17.98610574860495,0.5,0.9999999999999998,27.109899520874023,6.420440196990967,0.6000000238418579
3875.0,6.0,0.0,8.0,-4.551844140057414,-5.01734706745159,0.4655029273941764,-4.814765612532089,0.2629214724746749,-5.020899153440218,0.4690550133828042,0.0035520859886277734,0.6,0.25,0.9109242272345064,17.857071428428572,0.3535533905932738,1.0,26.36989974975586,6.5004401206970215,0.6000000238418579
4173.0,7.0,0.0,8.0,-6.545893643444984,-7.346768267424432,0.800874623979448,-7.36565260657836,0.8197589631333759,-7.486175325819802,0.9402816823748177,0.1394070583953697,1.2,0.375,0.9386617812687176,14.37445651146505,0.6123724356957945,1.0000000000000002,26.929899215698242,6.520440101623535,0.6000000238418579
4472.0,8.0,0.0,8.0,-5.028684575280433,-6.09288157105094,1.0641969957705069,-6.2101043089734675,1.1814197336930343,-6.2101043089734675,1.1814197336930343,0.11722273792252746,1.0,0.375,0.8966306230599572,14.67140075112121,0.5,1.0,27.499900817871094,6.540440082550049,0.6000000238418579
5366.0,9.0,0.0,8.0,-6.256140643673102,-6.882663105778072,0.6265224621049699,-6.782063261826931,0.525922618153829,-6.892335885660249,0.6361952419871475,0.009672779882177629,0.6,0.5,0.9362931585701313,12.97593927236098,0.5,1.0,26.759899139404297,6.6204400062561035,0.6000000238418579
6260.0,10.0,0.0,8.0,-5.8806306374077755,-5.551825150893989,-0.3288054865137866,-5.620974414591889,-0.2596562228158863,-5.880630637407785,9.769962616701378e-15,0.3288054865137964,0.0,0.25,0.9494164720565565,9.617692030835672,0.6123724356957945,1.0000000000000002,27.229900360107422,6.6904401779174805,0.6000000238418579
7453.0,11.0,0.0,8.0,-7.511874304155215,-7.862683623133479,0.3508093189782633,-7.71381681905666,0.20194251490144488,-7.966442116598226,0.4545678124430106,0.1037584934647473,0.4,0.75,0.9633705968295635,12.757350822173073,0.5,1.0,27.059900283813477,6.790440082550049,0.6000000238418579
8646.0,12.0,0.0,8.0,-5.8055817493574615,-5.336335152551084,-0.4692465968063777,-5.4296047091477275,-0.375977040209734,-5.805581749357483,2.1316282072803006e-14,0.469246596806399,0.0,0.25,0.9563453854031334,17.16464389377187,0.0,1.0000000000000002,26.88990020751953,6.890439987182617,0.6000000238418579
10434.0,13.0,0.0,8.0,-5.620823984591281,-6.65742922354316,1.0366052389518785,-6.687166628887709,1.0663426442964283,-6.6900437779597235,1.0692197933684424,0.03261455441656391,0.8,0.375,0.9225775205262293,7.929375763576853,0.5,1.0,26.61989974975586,7.040440082550049,0.6000000238418579
10733.0,14.0,0.0,8.0,-8.7985411700311,-10.125250146628026,1.326708976596926,-10.253504410080046,1.4549632400489454,-10.367428159108474,1.5688869890773738,0.2421780124804478,1.2,0.625,0.9611825313364895,4.860555523805895,0.5,0.9999999999999998,27.189899444580078,7.0604400634765625,0.6000000238418579
11031.0,15.0,0.0,8.0,-5.956259185992467,-6.1960175390886585,0.23975835309619153,-6.266820282172211,0.31056109617974403,-6.511960450799142,0.5557012648066753,0.3159429117104837,1.2,0.375,0.9599711718074032,15.839034061457157,0.5,1.0,26.539899826049805,7.090439796447754,0.6000000238418579
12820.0,16.0,0.0,8.0,-6.142492905600943,-6.579234059627348,0.43674115402640457,-6.473776437340531,0.33128353173958747,-6.654658726593235,0.5121658209922915,0.0754246669658869,0.4,0.5,0.9337554699775844,14.781745499094482,0.3535533905932738,1.0,27.489900588989258,7.230440139770508,0.6000000238418579
14608.0,17.0,0.0,8.0,-7.170951983091372,-7.0443216703479035,-0.12663031274346892,-7.173977006349875,0.003025023258502735,-7.373874029627739,0.2029220465363668,0.3295523592798357,1.2,0.5,0.9813145525964337,8.986100377805714,0.3535533905932738,0.9999999999999998,27.219900131225586,7.3804402351379395,0.6000000238418579
16397.0,18.0,0.0,8.0,-5.519950542838346,-5.994709306781627,0.47475876394328065,-5.694689346372128,0.17473880353378135,-6.004878460072895,0.48492791723454864,0.010169153291267996,0.6,0.25,0.9093697481339151,16.31716887208072,0.0,1.0000000000000002,26.95989990234375,7.530439853668213,0.6000000238418579
16695.0,19.0,0.0,8.0,-5.927694752817084,-6.213371315634805,0.2856765628177209,-5.751790144308271,-0.17590460850881318,-6.242090215705942,0.3143954628888581,0.0287189000711372,0.4,0.375,0.9391529469630597,13.532368602724357,0.3535533905932738,1.0,27.519899368286133,7.550439834594727,0.6000000238418579
16994.0,20.0,0.0,8.0,-5.963196345862491,-5.984008683618941,0.02081233775645064,-5.912270289687337,-0.05092605617515389,-6.159929860804234,0.19673351494174351,0.17592117718529288,0.2,0.25,0.9420754197146993,10.618380290797651,0.7071067811865476,1.0,26.879899978637695,7.580440044403076,0.6000000238418579
17590.0,21.0,0.0,8.0,-5.798919478278103,-5.886795329618593,0.08787585134049003,-5.957005275782514,0.15808579750441076,-6.115550277977851,0.31663079969974817,0.22875494835925814,1.2,0.375,0.9374398893072453,18.489862087100597,0.3535533905932738,1.0,26.789899826049805,7.6304402351379395,0.6000000238418579
18186.0,22.0,0.0,8.0,-5.687817105883947,-6.485700168408224,0.797883062524277,-6.31307772684194,0.6252606209579934,-6.472572789373373,0.7847556834894265,-0.013127379034850506,0.8,0.375,0.9334323706996838,15.078958850000221,0.5,0.9999999999999999,26.699899673461914,7.6804399490356445,0.6000000238418579
19080.0,23.0,0.0,8.0,-5.797484740387694,-6.817646402694245,1.0201616623065508,-6.6298550973706325,0.8323703569829384,-6.832358709720964,1.0348739693332698,0.014712307026718996,0.6,0.375,0.9164643640556719,14.097872179871684,0.3535533905932738,1.0,27.16990089416504,7.7504401206970215,0.6000000238418579
20571.0,24.0,0.0,8.0,-6.281483117760205,-6.950061981281237,0.6685788635210326,-6.864381338491236,0.5828982207310309,-6.954719559577207,0.6732364418170018,0.004657578295969245,0.6,0.5,0.9353024406367328,13.546217184144066,0.3535533905932738,1.0,26.349899291992188,7.8804402351379395,0.6000000238418579
21167.0,25.0,0.0,8.0,-6.422786108754299,-6.694694056405684,0.2719079476513846,-6.695763962633293,0.2729778538789942,-6.738385449552191,0.31559934079789187,0.043691393146507274,1.2,0.625,0.9715995090588143,8.448372624357901,0.5,0.9999999999999999,27.469900131225586,7.920440196990967,0.6000000238418579
23254.0,26.0,0.0,8.0,-6.153254782371647,-6.506442361742283,0.35318757937063605,-6.904070800658153,0.750816018286506,-7.1943487153233745,1.0410939329517275,0.6879063535810914,1.2,0.375,0.9361894916418658,15.88238017426859,0.0,1.0000000000000002,26.559900283813477,8.10044002532959,0.6000000238418579
23553.0,27.0,0.0,8.0,-5.211121981535606,-5.534922832525845,0.3238008509902386,-5.636536806692719,0.42541482515711326,-5.790309839860135,0.5791878583245289,0.2553870073342903,1.2,0.25,0.9197553340594602,14.208272238382822,0.8660254037844386,1.0,27.129899978637695,8.120439529418945,0.6000000238418579
23851.0,28.0,0.0,8.0,-6.672790023073386,-7.493535323590884,0.8207453005174985,-7.643270654081716,0.9704806310083303,-7.775117102162451,1.102327079089065,0.2815817785715664,1.2,0.375,0.9417074495417731,12.31868499475492,0.3535533905932738,1.0,26.479900360107422,8.150440216064453,0.6000000238418579
25341.0,29.0,0.0,8.0,-5.9021906100958095,-5.913257519360403,0.01106690926459386,-5.74959297744842,-0.15259763264738968,-6.101361516603175,0.19917090650736569,0.18810399724277183,0.2,0.375,0.9440036798673136,13.896942109687297,0.0,1.0,26.859899520874023,8.270440101623535,0.6000000238418579
25640.0,30.0,0.0,8.0,-6.6250825818539525,-7.328683037373676,0.7036004555197239,-7.397227936215712,0.7721453543617596,-7.404620532708677,0.7795379508547242,0.07593749533500027,1.2,0.5,0.9489823079682793,14.239030865898142,0.5,1.0,27.429899215698242,8.29043960571289,0.6000000238418579
26832.0,31.0,0.0,8.0,-5.455831236725074,-5.646396034459311,0.19056479773423707,-5.329595474533496,-0.12623576219157773,-5.664491530174553,0.208660293449479,0.018095495715241938,0.4,0.25,0.9088686554002802,11.302654555457314,0.5,0.9999999999999999,27.249900817871094,8.390439987182617,0.6000000238418579
28025.0,32.0,0.0,8.0,-7.445078798022877,-7.716656881829853,0.27157808380697634,-7.726399714728802,0.2813209167059254,-7.740248934260529,0.295170136237652,0.023592052430675636,1.2,0.625,0.9791294229880654,10.111874208078342,0.0,1.0000000000000002,27.07990074157715,8.490440368652344,0.6000000238418579
28919.0,33.0,0.0,8.0,-8.150617880459066,-9.315707780011332,1.1650898995522656,-9.555755291368124,1.4051374109090577,-9.705668167873727,1.5550502874146606,0.38996038786239495,1.2,0.625,0.9733225186077615,2.806243040080456,0.3535533905932738,0.9999999999999998,26.33989906311035,8.570440292358398,0.6000000238418579
37863.0,34.0,0.0,8.0,-5.547246486288877,-6.292778901971986,0.7455324156831091,-6.40362035466238,0.8563738683735034,-6.5401520626270795,0.9929055763382024,0.2473731606550933,1.2,0.375,0.9212254679891928,19.258115172570758,0.5,0.9999999999999998,27.449899673461914,9.300439834594727,0.6000000238418579
38460.0,35.0,0.0,8.0,-6.115977791604308,-5.664050324150547,-0.45192746745376144,-5.690786571262717,-0.42519122034159107,-6.115977791604306,-2.6645352591003757e-15,0.4519274674537588,0.0,0.25,0.9578838091603717,14.521535731457606,0.5,0.9999999999999998,27.36989974975586,9.35044002532959,0.6000000238418579
42335.0,36.0,0.0,8.0,-6.668849227407932,-7.359636021466294,0.6907867940583614,-7.351080892829356,0.6822316654214235,-7.362308941441759,0.6934597140338266,0.002672919975465149,0.8,0.625,0.9656499074649397,6.113509630318742,0.5,0.9999999999999999,27.399900436401367,9.670439720153809,0.6000000238418579
42932.0,37.0,0.0,8.0,-6.022938640272557,-6.151276554541239,0.12833791426868224,-5.960904484108812,-0.06203415616374475,-6.307970065151009,0.28503142487845246,0.15669351060977021,0.4,0.375,0.9532425049605125,15.47982558041272,0.0,1.0,27.319900512695312,9.720439910888672,0.6000000238418579
43230.0,38.0,0.0,8.0,-5.486541388672701,-6.167408383246572,0.6808669945738712,-6.083943025865763,0.5974016371930624,-6.167793195945915,0.6812518072732141,0.00038481269934287354,0.8,0.25,0.904014591773433,14.933184523068078,0.6123724356957945,1.0000000000000002,26.66990089416504,9.750439643859863,0.6000000238418579
48000.0,39.0,0.0,8.0,-5.4403082075966775,-6.669782224778914,1.2294740171822367,-6.934363507880414,1.494055300283736,-7.104714859643224,1.6644066520465461,0.43493263486430944,1.2,0.375,0.9213009828279858,13.92838827718412,0.6123724356957945,1.0000000000000004,27.179899215698242,10.140399932861328,0.6000000238418579
53068.0,40.0,0.0,8.0,-5.7280367891356505,-6.089822565197432,0.3617857760617813,-6.193596310398554,0.4655595212629038,-6.220518382435846,0.49248159330019536,0.13069581723841406,1.2,0.5,0.9475700446550173,15.116216457830975,0.5,1.0,27.039899826049805,10.560400009155273,0.6000000238418579
54559.0,41.0,0.0,8.0,-6.854018039555764,-5.720990219100322,-1.1330278204554416,-5.491546427346108,-1.3624716122096556,-6.85401803955579,2.5757174171303632e-14,1.1330278204554673,0.0,0.25,0.9755709500325834,12.59464171781,0.5,1.0,27.429899215698242,10.680399894714355,0.6000000238418579
55454.0,42.0,0.0,8.0,-4.666418632879253,-4.8266811071729325,0.16026247429367935,-4.76029043760777,0.09387180472851675,-4.848906467503586,0.18248783462433238,0.022225360330653032,0.4,0.375,0.8556923110473807,18.003471887388834,0.7071067811865476,0.9999999999999999,26.699899673461914,10.76039981842041,0.6000000238418579
57242.0,43.0,0.0,8.0,-5.8468005645962275,-6.055007118355974,0.20820655375974617,-6.387537686183375,0.5407371215871475,-6.600885040729695,0.7540844761334675,0.5458779223737213,1.2,0.375,0.9383715138311506,13.148193792304706,0.5,1.0,26.429899215698242,10.910400390625,0.6000000238418579
57839.0,44.0,0.0,8.0,-5.573247997365486,-6.183128274262804,0.6098802768973188,-5.979770441196522,0.40652244383103664,-6.235235555032679,0.6619875576671932,0.052107280769874365,0.4,0.375,0.9467464524388486,15.771810295587505,0.3535533905932738,1.0,26.349899291992188,10.960399627685547,0.6000000238418579
58733.0,45.0,0.0,8.0,-5.4533601935634115,-5.068799830303141,-0.3845603632602703,-5.0949540431733675,-0.358406150390044,-5.453360193563413,1.7763568394002505e-15,0.3845603632602721,0.0,0.25,0.9360800005089849,18.0,0.6123724356957945,1.0,26.819900512695312,11.030400276184082,0.6000000238418579
60522.0,46.0,0.0,8.0,-6.029699574111936,-6.738517028393885,0.7088174542819496,-6.739304057005379,0.7096044828934431,-6.76397167360334,0.7342720994914043,0.02545464520945462,1.2,0.5,0.9538731687090223,8.753570700005799,0.5,1.0,26.559900283813477,11.180399894714355,0.6000000238418579
60820.0,47.0,0.0,8.0,-6.260198247804251,-7.108166832081437,0.8479685842771865,-7.323359034488506,1.0631607866842554,-7.559362631284748,1.2991643834804973,0.4511957992033109,1.2,0.5,0.9488889027294692,9.68891118753805,0.5,1.0,27.11989974975586,11.200400352478027,0.6000000238418579
61416.0,48.0,0.0,8.0,-5.832155154014255,-6.194302232656373,0.3621470786421179,-6.270962553532816,0.43880739951856107,-6.371397914136202,0.5392427601219474,0.17709568147982946,1.2,0.5,0.9714855942554457,8.52936105461599,0.3535533905932738,1.0,27.02989959716797,11.250399589538574,0.6000000238418579
63205.0,49.0,0.0,8.0,-5.8818162191283605,-5.334862548204875,-0.5469536709234859,-5.318600480449918,-0.5632157386784424,-5.881816219128359,-1.7763568394002505e-15,0.5469536709234841,0.0,0.375,0.9381170775094739,16.639561292293738,0.3535533905932738,1.0,26.769899368286133,11.400400161743164,0.6000000238418579
63503.0,50.0,0.0,8.0,-7.6373153322177965,-7.407827519911249,-0.22948781230654713,-7.303851668771922,-0.3334636634458743,-7.7492211035523395,0.11190577133454305,0.3413935836410902,0.2,0.625,0.9708209332023472,11.763290356018592,0.6123724356957945,0.9999999999999999,27.32990074157715,11.42039966583252,0.6000000238418579
64398.0,51.0,0.0,8.0,-4.759740310226059,-5.453067219672935,0.6933269094468759,-5.484053740084898,0.7243134298588387,-5.520904057567647,0.7611637473415884,0.06783683789471251,0.8,0.5,0.9175698530656428,12.06751838614717,0.6123724356957945,1.0000000000000002,26.599899291992188,11.500399589538574,0.6000000238418579
65590.0,52.0,0.0,8.0,-6.478442600034998,-6.0860570639801725,-0.3923855360548254,-6.024777666707678,-0.45366493332732016,-6.4829438844638485,0.0045012844288505605,0.39688682048367596,0.2,0.375,0.9535448825250812,12.484990989183773,0.6123724356957945,1.0,26.41990089416504,11.6003999710083,0.6000000238418579
65889.0,53.0,0.0,8.0,-7.244328501146258,-7.688899114090346,0.44457061294408806,-7.685815249867058,0.4414867487208003,-7.766137027634057,0.5218085264877992,0.07723791354371112,1.2,0.625,0.963877774277862,11.129914644776033,0.3535533905932738,1.0000000000000002,26.989900588989258,11.620400428771973,0.6000000238418579
66783.0,54.0,0.0,8.0,-5.694674558932078,-6.116878458835351,0.42220389990327245,-6.012456984286373,0.31778242535429424,-6.142205130434371,0.44753057150229303,0.025326671599020578,0.4,0.5,0.9500799719075183,11.629703349613008,0.5,1.0,18.715299606323242,6.011020183563232,1.0
67081.0,55.0,0.0,8.0,-6.657254171927938,-7.292427719033457,0.6351735471055191,-6.918607593322442,0.2613534213945039,-7.337893489809058,0.6806393178811208,0.045465770775601655,0.4,0.5,0.9667726454675228,9.630680142129112,0.5,0.9999999999999998,19.275299072265625,6.053020000457764,1.0
69168.0,56.0,0.0,8.0,-6.21687056273535,-7.900016671113429,1.6831461083780788,-8.09400508537175,1.8771345226363998,-8.180596088795918,1.9637255260605677,0.28057941768248895,1.2,0.5,0.9173070974495983,7.035623639735144,0.0,1.0000000000000002,18.393299102783203,6.403019905090332,1.0
69466.0,57.0,0.0,8.0,-6.167197859443734,-6.461842768513364,0.29464490906963015,-3.700251275712811,-2.466946583730923,-6.711180797715817,0.5439829382720829,0.24933802920245274,0.4,0.375,0.9532814678048152,14.624465802209667,0.6123724356957945,1.0,18.95330047607422,6.4450201988220215,1.0
69764.0,58.0,0.0,8.0,-6.992012996798786,-7.613253595305684,0.6212405985068985,-7.784410653930694,0.7923976571319082,-7.957171905923273,0.9651589091244874,0.34391831061758893,1.2,0.625,0.9543935979892154,18.176220729293536,0.0,1.0,19.5132999420166,6.487020015716553,1.0
70062.0,59.0,0.0,8.0,-5.73450815052717,-5.98677315147151,0.2522650009443401,-5.367364473534291,-0.3671436769928791,-6.107040188744265,0.3725320382170949,0.12026703727275478,0.4,0.25,0.9467894380973934,17.681204710086924,0.7071067811865476,1.0000000000000002,18.869300842285156,6.543019771575928,1.0
70659.0,60.0,0.0,8.0,-6.170017522040095,-7.12170847302616,0.9516909509860652,-7.141100993272781,0.9710834712326859,-7.176521849242818,1.0065043272027232,0.05481337621665805,1.2,0.375,0.9489602538756314,11.863810517704673,0.5,0.9999999999999999,18.799299240112305,6.641019821166992,1.0
71851.0,61.0,0.0,8.0,-4.782222031854816,-5.330126753155762,0.547904721300946,-5.1726577194628645,0.3904356876080488,-5.344147761261977,0.5619257294071618,0.01402100810621576,0.4,0.375,0.9051467481931297,15.668439615992398,0.3535533905932738,1.0,18.63129997253418,6.837019920349121,1.0
72448.0,62.0,0.0,8.0,-5.0969082024050465,-5.536537099474728,0.43962889706968156,-5.584735730632875,0.4878275282278288,-5.660499355188212,0.5635911527831654,0.12396225571348385,1.2,0.5,0.9452365558296318,15.495967217311735,0.3535533905932738,1.0,18.56130027770996,6.9350199699401855,1.0
73938.0,63.0,0.0,8.0,-6.45753276430465,-6.145559252961602,-0.31197351134304796,-5.810678571610151,-0.6468541926944988,-6.496956842568902,0.03942407826425143,0.3513975896072994,0.2,0.625,0.9752633764696745,15.215124054702938,0.0,1.0,18.95330047607422,7.173019886016846,1.0
74236.0,64.0,0.0,8.0,-6.180370087659444,-6.256161681821406,0.07579159416196202,-5.8123471024356475,-0.3680229852237966,-6.445103151289315,0.2647330636298708,0.1889414694679088,0.4,0.375,0.9576898870900297,15.544291556709814,0.5,1.0,19.5132999420166,7.215020179748535,1.0
77218.0,65.0,0.0,8.0,-5.969343426017398,-5.827219635742439,-0.14212379027495903,-5.206215685822089,-0.7631277401953085,-6.026637521695564,0.05729409567816646,0.19941788595312548,0.2,0.375,0.9654443910002388,11.472793905583766,0.3535533905932738,1.0000000000000002,19.121299743652344,7.705019950866699,1.0
78410.0,66.0,0.0,8.0,-7.337395263813579,-6.563110868357746,-0.7742843954558332,-6.301002724563467,-1.0363925392501114,-7.337395263813583,4.440892098500626e-15,0.7742843954558376,0.0,0.625,0.9778583191680654,8.817596044274199,0.3535533905932738,1.0,18.95330047607422,7.901020050048828,1.0
81988.0,67.0,0.0,8.0,-4.927657870993069,-5.145682426287919,0.21802455529484988,-4.7123213199115765,-0.2153365510814922,-5.221509733544866,0.2938518625517972,0.07582730725694731,0.4,0.25,0.9201152710494434,12.569805089976535,0.6123724356957945,1.0000000000000004,18.4773006439209,8.489020347595215,1.0
82584.0,68.0,0.0,8.0,-5.559303091460616,-5.439037741956917,-0.12026534950369872,-5.511437259419102,-0.047865832041513734,-5.60621326885351,0.046910177392893715,0.16717552689659243,1.2,0.25,0.8930957828039622,18.79827119710746,0.3535533905932738,0.9999999999999999,18.393299102783203,8.587019920349121,1.0
83181.0,69.0,0.0,8.0,-6.954377719550049,-6.662092341580909,-0.2922853779691401,-6.041008277842728,-0.9133694417073208,-6.954377719550036,-1.3322676295501878e-14,0.2922853779691268,0.0,0.25,0.9664705452186505,11.667261889578034,0.6123724356957945,1.0000000000000002,19.527299880981445,8.671019554138184,1.0
84671.0,70.0,0.0,8.0,-6.770686191326707,-6.576113601876365,-0.19457258945034184,-5.401749892331282,-1.3689362989954246,-6.835521750772676,0.06483555944596908,0.2594081488963109,0.2,0.375,0.9704813442551756,13.397761006974262,0.5,1.0,18.715299606323242,8.923020362854004,1.0
84970.0,71.0,0.0,8.0,-7.321435597672822,-7.013159617747178,-0.3082759799256438,-6.552202772378799,-0.769232825294023,-7.445897549321224,0.12446195164840201,0.43273793157404583,0.2,0.375,0.9775109018343988,16.977926846349646,0.3535533905932738,1.0,19.2893009185791,8.965020179748535,1.0
85864.0,72.0,0.0,8.0,-6.1696737500448195,-6.406896495583815,0.23722274553899503,-6.173914467477189,0.004240717432369756,-6.463055476283469,0.2933817262386498,0.05615898069965475,0.4,0.375,0.9519713841405874,18.66815470259447,0.6123724356957945,1.0,18.56130027770996,9.119020462036133,1.0
87355.0,73.0,0.0,8.0,-6.509044606964656,-6.059167882231572,-0.44987672473308393,-5.580326211317486,-0.9287183956471701,-6.5267802986391334,0.01773569167447775,0.4676124164075617,0.2,0.375,0.9715867682526937,12.55487952948972,0.3535533905932738,0.9999999999999998,18.967300415039062,9.357020378112793,1.0
89143.0,74.0,0.0,8.0,-6.504328359820159,-6.536398935100483,0.03207057528032475,-6.079228197603877,-0.4251001622162818,-6.712414559923685,0.2080862001035264,0.17601562482320166,0.4,0.375,0.9631687007548021,16.465873800075112,0.0,1.0,18.715299606323242,9.651020050048828,1.0
89740.0,75.0,0.0,8.0,-6.519318710094803,-6.562944793419846,0.043626083325043474,-6.037102328973162,-0.4822163811216411,-6.792375208157225,0.27305649806242194,0.22943041473737846,0.4,0.375,0.9668781988164694,9.867877177995275,0.3535533905932738,1.0,18.645299911499023,9.749019622802734,1.0
90336.0,76.0,0.0,8.0,-6.158054184738143,-5.9466392000477715,-0.21141498469037145,-6.103389726919135,-0.054664457819008305,-6.250749022200902,0.09269483746275942,0.30410982215313087,1.2,0.375,0.9822285657263081,15.748015748023622,0.5,1.0,18.56130027770996,9.847020149230957,1.0
92423.0,77.0,0.0,8.0,-5.287112041071726,-5.276818104813295,-0.01029393625843067,-5.375227494571676,0.08811545349994976,-5.455828542590558,0.16871650151883166,0.17901043777726233,1.2,0.375,0.9432774749359202,15.42319681518718,0.3535533905932738,1.0000000000000002,18.88330078125,10.182999610900879,1.0
93616.0,78.0,0.0,8.0,-6.767179810843301,-6.77100835236091,0.003828541517609807,-6.78601429101183,0.018834480168529844,-6.955837719735227,0.18865790889192624,0.18482936737431643,1.2,0.5,0.9670383671464062,12.267844146385297,0.6123724356957945,1.0,18.729299545288086,10.378999710083008,1.0
95106.0,79.0,0.0,8.0,-6.251171923150624,-6.498157602273204,0.24698567912257996,-6.9807755365622794,0.7296036134116557,-7.350639838647673,1.0994679154970495,0.8524822363744695,1.2,0.375,0.9672194677501871,14.396180048887969,0.5,1.0000000000000002,19.121299743652344,10.616999626159668,1.0
95404.0,80.0,0.0,8.0,-7.309000052065803,-7.741051374972413,0.4320513229066094,-7.052232958901596,-0.256767093164207,-7.9143973038035735,0.6053972517377701,0.17334592883116073,0.4,0.5,0.9577672561259656,12.519984025548915,0.6123724356957945,1.0,18.4773006439209,10.67300033569336,1.0
96597.0,81.0,0.0,8.0,-6.538494016937927,-7.017423562021384,0.4789295450834574,-6.740078205820613,0.20158418888268592,-7.072489131635318,0.5339951146973911,0.05506556961393372,0.4,0.5,0.9489363118211962,15.394804318340652,0.5,1.0,19.527299880981445,10.854999542236328,1.0
96895.0,82.0,0.0,8.0,-6.552570851382265,-6.197066741568229,-0.3555041098140368,-6.103482264888342,-0.44908858649392336,-6.552570851382261,-4.440892098500626e-15,0.35550410981403235,0.0,0.375,0.9436625650563967,16.027320424824605,0.7071067811865476,1.0,18.88330078125,10.91100025177002,1.0
98386.0,83.0,0.0,8.0,-6.86727660968527,-6.3965156240266055,-0.4707609856586643,-6.3169092016332185,-0.5503674080520513,-6.867276609685287,1.687538997430238e-14,0.4707609856586812,0.0,0.25,0.9706103937166534,17.940875118009156,0.6123724356957945,0.9999999999999999,19.2893009185791,11.14900016784668,1.0
98982.0,84.0,0.0,8.0,-5.856643200281728,-5.231571127760923,-0.6250720725208048,-5.328769452426759,-0.5278737478549695,-5.8566432002817495,2.1316282072803006e-14,0.6250720725208261,0.0,0.25,0.9502810716956045,13.21457528640251,0.7071067811865476,1.0000000000000002,19.205299377441406,11.246999740600586,1.0
99877.0,85.0,0.0,8.0,-6.245053000565429,-5.959064461642763,-0.2859885389226662,-5.489916316138523,-0.7551366844269056,-6.422523026652765,0.1774700260873363,0.4634585650100025,0.2,0.5,0.9349806526530271,13.430376018563292,0.7071067811865476,1.0,18.491300582885742,11.401000022888184,1.0
105839.0,86.0,0.0,8.0,-5.631129748338647,-6.687951475944809,1.0568217276061622,-6.499052695179543,0.8679229468408964,-6.676157728128529,1.0450279797898823,-0.011793747816279954,0.8,0.25,0.9177523163624137,12.840366038396258,0.3535533905932738,0.9999999999999999,18.88330078125,12.366999626159668,1.0
106137.0,87.0,0.0,8.0,-6.813354929080248,-6.671042680044874,-0.1423122490353741,-6.392604730931125,-0.42075019814912284,-6.880675915331408,0.06732098625116034,0.20963323528653444,0.2,0.625,0.9668537500227724,10.173494974687902,0.5,1.0,19.443300247192383,12.409000396728516,1.0
107330.0,88.0,0.0,8.0,-7.890753904908365,-8.394280115499967,0.5035262105916019,-8.380361005529775,0.48960710062140933,-8.398459749933803,0.5077058450254377,0.004179634433835844,1.2,0.75,0.9679522524611136,10.920164833920778,0.0,1.0000000000000002,19.2893009185791,12.604999542236328,1.0
107926.0,89.0,0.0,8.0,-5.56959687866165,-5.759037194563993,0.18944031590234278,-5.5313269003547525,-0.03826997830689738,-5.861654359669645,0.292057481007995,0.10261716510565222,0.4,0.5,0.94965907148111,10.600707523557094,0.5,0.9999999999999998,19.205299377441406,12.70300006866455,1.0
108523.0,90.0,0.0,8.0,-7.1013076930148165,-7.8528065992762155,0.751498906261399,-7.256932337939536,0.1556246449247194,-7.900247645998074,0.7989399529832575,0.04744104672185845,0.4,0.5,0.9547878628493117,11.034038245356955,0.5,1.0,19.135299682617188,12.800999641418457,1.0
108821.0,91.0,0.0,8.0,-6.723013563390882,-7.5770404481740155,0.8540268847831332,-7.573525415225234,0.8505118518343515,-7.6022292123105615,0.8792156489196792,0.025188764136546027,1.2,0.5,0.9522360653907058,12.134661099511597,0.0,0.9999999999999999,18.491300582885742,12.857000350952148,1.0
109119.0,92.0,0.0,8.0,-6.16436586614276,-6.533444815997762,0.3690789498550018,-6.081189288946069,-0.08317657719669125,-6.672923682969244,0.5085578168264835,0.1394788669714817,0.4,0.375,0.9431397478134871,14.33527118683145,0.5,1.0,19.051300048828125,12.89900016784668,1.0
110311.0,93.0,0.0,8.0,-7.013188481098926,-7.094102911573518,0.08091443047459279,-6.684816377564875,-0.32837210353405055,-7.337195367291183,0.32400688619225715,0.24309245571766436,0.2,0.375,0.9472735789026968,13.761358944522884,0.5,1.0,18.88330078125,13.095000267028809,1.0
111504.0,94.0,0.0,8.0,-6.135811415333076,-6.825422784629289,0.6896113692962134,-6.59937889311336,0.46356747778028407,-6.8515644266212385,0.7157530112881627,0.02614164199194935,0.4,0.625,0.9281599878135907,12.186057606953941,0.5,0.9999999999999999,18.729299545288086,13.291000366210938,1.0
114187.0,95.0,0.0,8.0,-6.080872787587321,-7.913331717260565,1.832458929673244,-7.705217310716908,1.6243445231295874,-7.895204066530167,1.8143312789428458,-0.018127650730398237,0.8,0.375,0.9161134734948806,14.701190427989157,0.5,0.9999999999999998,18.967300415039062,13.725000381469727,1.0
116274.0,96.0,0.0,8.0,-6.955760194092294,-7.566584702792798,0.610824508700504,-7.323523312263336,0.3677631181710419,-7.604104898987492,0.648344704895198,0.037520196194694044,0.4,0.5,0.9469005959566451,12.05197079319395,0.5,1.0,19.2893009185791,14.060999870300293,1.0
116572.0,97.0,0.0,8.0,-4.671370600145059,-4.873698603281886,0.2023280031368273,-4.4721222989686265,-0.1992483011764321,-4.886519875098833,0.21514927495377467,0.012821271816947366,0.6,0.25,0.9137830534845736,16.33630925270454,0.5,0.9999999999999998,18.645299911499023,14.116999626159668,1.0
116871.0,98.0,0.0,8.0,-6.6645582433157635,-7.677489623208428,1.012931379892665,-7.293668213674751,0.6291099703589875,-7.6949807915872315,1.030422548271468,0.017491168378803046,0.6,0.375,0.9391349440060243,10.41633332799983,0.5,1.0,19.21929931640625,14.159000396728516,1.0
118063.0,99.0,0.0,8.0,-6.356185544320743,-6.5545230162316095,0.19833747191086637,-6.20116166765338,-0.1550238766673635,-6.63202391414948,0.2758383698287368,0.0775008979178704,0.4,0.375,0.927030394826423,14.75211849193193,0.0,0.9999999999999997,19.051300048828125,14.354999542236328,1.0
0.0,0.0,0.0,16.0,-4.439881825973495,-4.248980439084831,-0.19090138688866354,-4.486799789336889,0.046917963363394044,-4.651843010183335,0.2119611842098399,0.40286257109850343,1.2,0.3125,0.96764276593962,12.786711852544421,0.5590169943749475,1.0,26.33989906311035,6.1804399490356445,0.6000000238418579
298.0,1.0,0.0,16.0,-3.6366675887931255,-3.448956329222213,-0.1877112595709125,-3.4935633903842,-0.1431041984089254,-3.63666758879312,-5.329070518200751e-15,0.18771125957090717,0.0,0.3125,0.9535562042532576,17.016536075241635,0.5590169943749475,0.9999999999999999,26.899900436401367,6.200439929962158,0.6000000238418579
596.0,2.0,0.0,16.0,-2.8186366116405552,-3.0708521262749016,0.2522155146343463,-3.152846283469271,0.33420967182871575,-3.225448082360305,0.40681147071974966,0.15459595608540333,1.2,0.3125,0.9485561307212075,11.994790535895156,0.5,0.9999999999999999,27.45989990234375,6.220439910888672,0.6000000238418579
1192.0,3.0,0.0,16.0,-4.008235221010698,-3.97348936494277,-0.03474585606792768,-3.883814705888323,-0.12442051512237473,-4.045002976276273,0.03676775526557563,0.07151361133350331,0.2,0.25,0.902070219175781,13.46755360115563,0.5,0.9999999999999999,27.36989974975586,6.270440101623535,0.6000000238418579
2683.0,4.0,0.0,16.0,-3.8512810244254063,-3.466258488618923,-0.3850225358064834,-3.3279633942876163,-0.52331763013779,-3.851281024425392,-1.4210854715202004e-14,0.38502253580646917,0.0,0.1875,0.9513052907028996,14.718186029535026,0.7071067811865476,1.0,26.54990005493164,6.400440216064453,0.6000000238418579
2981.0,5.0,0.0,16.0,-3.3203059486766904,-3.4806674544121927,0.16036150573550234,-3.5420805467314103,0.22177459805471988,-3.654800546458941,0.33449459778225066,0.17413309204674832,1.2,0.25,0.9454795401161173,14.091220671041953,0.4330127018922193,0.9999999999999998,27.109899520874023,6.420440196990967,0.6000000238418579
3875.0,6.0,0.0,16.0,-3.547881281853176,-3.6895378303277115,0.14165654847453535,-3.834570835779709,0.2866895539265326,-3.954761834142973,0.4068805522897967,0.26522400381526134,1.2,0.4375,0.9640778840877751,14.8387162517517,0.4330127018922193,1.0,26.36989974975586,6.5004401206970215,0.6000000238418579
4173.0,7.0,0.0,16.0,-4.322604279369703,-4.487260313939906,0.1646560345702035,-4.541462898303231,0.21885861893352843,-4.6691118743274105,0.3465075949577079,0.18185156038750439,1.2,0.375,0.9503143474298893,12.155245781143218,0.6123724356957945,1.0000000000000002,26.929899215698242,6.520440101623535,0.6000000238418579
4472.0,8.0,0.0,16.0,-4.261788885114986,-4.094289501432591,-0.1674993836823946,-4.031042719549065,-0.23074616556592087,-4.318231523856323,0.056442638741336815,0.2239420224237314,0.2,0.5,0.9583584991916415,12.820881404958085,0.4330127018922193,1.0,27.499900817871094,6.540440082550049,0.6000000238418579
5366.0,9.0,0.0,16.0,-3.9845739102754796,-3.8604786803149023,-0.12409522996057731,-3.7700662572645935,-0.21450765301088603,-4.047147867004812,0.06257395672933219,0.1866691866899095,0.2,0.3125,0.9369618665221745,14.943644133878456,0.5590169943749475,1.0,26.759899139404297,6.6204400062561035,0.6000000238418579
6260.0,10.0,0.0,16.0,-3.444450289703434,-2.9251952026556056,-0.5192550870478283,-3.009890361400168,-0.43455992830326595,-3.444450289703445,1.1102230246251565e-14,0.5192550870478394,0.0,0.125,0.9496017334682073,12.58222953216162,0.6614378277661477,1.0000000000000002,27.229900360107422,6.6904401779174805,0.6000000238418579
7453.0,11.0,0.0,16.0,-4.242048592889154,-4.01592214456973,-0.22612644831942408,-3.9496559109459217,-0.29239268194323254,-4.2420485928891285,-2.5757174171303632e-14,0.22612644831939832,0.0,0.4375,0.9656944896863315,13.493053768513635,0.5,1.0,27.059900283813477,6.790440082550049,0.6000000238418579
8646.0,12.0,0.0,16.0,-3.5106552788283425,-2.8904338189330367,-0.6202214598953057,-2.9585223275250643,-0.5521329513032782,-3.510655278828356,1.3322676295501878e-14,0.6202214598953191,0.0,0.1875,0.9565634356437407,17.783419243778738,0.5590169943749475,1.0000000000000002,26.88990020751953,6.890439987182617,0.6000000238418579
10434.0,13.0,0.0,16.0,-4.159611954863886,-3.9696183081361163,-0.18999364672776942,-3.8310096891136696,-0.3286022657502161,-4.219764785331886,0.06015283046800057,0.25014647719577,0.2,0.5,0.9451342458977963,8.916277250063503,0.3535533905932738,1.0,26.61989974975586,7.040440082550049,0.6000000238418579
10733.0,14.0,0.0,16.0,-5.289373071518801,-5.519109531579687,0.22973646006088622,-5.578633624697957,0.28926055317915633,-5.6834161569292725,0.3940430854104715,0.1643066253495853,1.2,0.4375,0.9632124314859523,11.025538535599972,0.3535533905932738,0.9999999999999998,27.189899444580078,7.0604400634765625,0.6000000238418579
11031.0,15.0,0.0,16.0,-3.522414266467648,-3.58097178965953,0.05855752319188223,-3.6710957781351627,0.14868151166751487,-3.850390568017705,0.32797630155005697,0.26941877835817474,1.2,0.1875,0.9609788253084377,14.76905548774193,0.6123724356957945,1.0,26.539899826049805,7.090439796447754,0.6000000238418579
12820.0,16.0,0.0,16.0,-4.247888972450032,-4.067307975034618,-0.18058099741541422,-3.9611802974741774,-0.2867086749758547,-4.265664837446766,0.017775864996734114,0.19835686241214834,0.2,0.3125,0.9463765197466829,15.229494410518033,0.4330127018922193,1.0,27.489900588989258,7.230440139770508,0.6000000238418579
14608.0,17.0,0.0,16.0,-4.6271343166789745,-4.313787201983683,-0.31334711469529175,-4.362252273760378,-0.26488204291859674,-4.6271343166789745,0.0,0.31334711469529175,0.0,0.4375,0.9865950022223379,12.288205727444508,0.4330127018922193,0.9999999999999998,27.219900131225586,7.3804402351379395,0.6000000238418579
16397.0,18.0,0.0,16.0,-3.728296165487413,-4.082354740956666,0.35405857546925334,-3.931532458879282,0.203236293391869,-4.0805924949374015,0.35229632944998857,-0.0017622460192647793,0.6,0.125,0.9101029226212716,17.408690358553685,0.5,1.0000000000000002,26.95989990234375,7.530439853668213,0.6000000238418579
16695.0,19.0,0.0,16.0,-4.194316945666779,-3.983017214720474,-0.21129973094630516,-3.731559970191185,-0.46275697547559425,-4.194316945666767,-1.2434497875801753e-14,0.21129973094629273,0.0,0.3125,0.9694210407755977,11.986972094736853,0.4330127018922193,1.0,27.519899368286133,7.550439834594727,0.6000000238418579
16994.0,20.0,0.0,16.0,-4.353329771958908,-4.1973725003946925,-0.15595727156421546,-4.290249145669522,-0.06308062628938593,-4.429043796850926,0.07571402489201784,0.2316712964562333,1.2,0.375,0.9633138232951428,9.320675941153624,0.75,1.0,26.879899978637695,7.580440044403076,0.6000000238418579
17590.0,21.0,0.0,16.0,-4.096890696115379,-3.7045856298628754,-0.3923050662525034,-3.7807095116297935,-0.3161811844855853,-4.096890696115373,-6.217248937900877e-15,0.39230506625249717,0.0,0.375,0.9500670663969334,14.771171246722448,0.5,1.0,26.789899826049805,7.6304402351379395,0.6000000238418579
18186.0,22.0,0.0,16.0,-3.878938208610985,-4.112355968663496,0.23341776005251091,-4.15473838133927,0.2758001727282853,-4.2362057418111725,0.35726753320018734,0.12384977314767642,1.2,0.3125,0.9473489619540366,16.27114009527298,0.5,0.9999999999999999,26.699899673461914,7.6804399490356445,0.6000000238418579
19080.0,23.0,0.0,16.0,-3.8462069864709223,-3.8806034645220784,0.03439647805115609,-3.8315588333088706,-0.014648153162051702,-3.978234569868718,0.13202758339779574,0.09763110534663966,0.2,0.25,0.9201053652187628,12.072696467649637,0.5,1.0,27.16990089416504,7.7504401206970215,0.6000000238418579
20571.0,24.0,0.0,16.0,-4.117373887140001,-3.741993836740253,-0.3753800503997482,-3.573214456007621,-0.5441594311323801,-4.117373887139999,-1.7763568394002505e-15,0.3753800503997464,0.0,0.3125,0.9593755248078569,14.598801320656433,0.4330127018922193,1.0,26.349899291992188,7.8804402351379395,0.6000000238418579
21167.0,25.0,0.0,16.0,-4.172388955555315,-4.041287431957583,-0.13110152359773153,-4.031524575988596,-0.14086437956671904,-4.177209106458777,0.004820150903462661,0.1359216745011942,0.2,0.4375,0.9778736314269413,11.434596626029272,0.5590169943749475,0.9999999999999999,27.469900131225586,7.920440196990967,0.6000000238418579
23254.0,26.0,0.0,16.0,-5.0169916137263595,-4.939412688393082,-0.07757892533327748,-5.15401961777639,0.13702800405003046,-5.396738816542009,0.37974720281564966,0.45732612814892715,1.2,0.5,0.9713715379462032,12.968712349342937,0.3535533905932738,1.0000000000000002,26.559900283813477,8.10044002532959,0.6000000238418579
23553.0,27.0,0.0,16.0,-3.5513376687560756,-3.4755777989636587,-0.07575986979241689,-3.5290733991759775,-0.022264269580098084,-3.637784278450951,0.0864466096948755,0.1622064794872924,1.2,0.1875,0.9381661297799344,12.881673027988251,0.75,1.0,27.129899978637695,8.120439529418945,0.6000000238418579
23851.0,28.0,0.0,16.0,-4.971387696631221,-4.728163483117113,-0.24322421351410828,-4.65975732580444,-0.3116303708267809,-4.974189322151952,0.0028016255207310437,0.24602583903483932,0.2,0.375,0.9587881972968403,13.325257971236429,0.5,1.0,26.479900360107422,8.150440216064453,0.6000000238418579
25341.0,29.0,0.0,16.0,-3.422500882422371,-3.4965881536011962,0.07408727117882519,-3.493664195872002,0.071163313449631,-3.620769844488124,0.19826896206575295,0.12418169088692776,1.2,0.25,0.9452425387854576,15.010413052278075,0.4330127018922193,1.0,26.859899520874023,8.270440101623535,0.6000000238418579
25640.0,30.0,0.0,16.0,-4.04104533175552,-3.9932285480908587,-0.04781678366466169,-4.094205606272578,0.05316027451705718,-4.195746084965939,0.15470075321041854,0.20251753687508023,1.2,0.375,0.9637819755375129,12.295832627357937,0.4330127018922193,1.0,27.429899215698242,8.29043960571289,0.6000000238418579
26832.0,31.0,0.0,16.0,-3.8684336965382093,-3.4909936675780537,-0.3774400289601556,-3.1372088952737958,-0.7312248012644136,-3.8684336965382076,-1.7763568394002505e-15,0.37744002896015383,0.0,0.25,0.9106767945978591,11.653862020806665,0.6123724356957945,0.9999999999999999,27.249900817871094,8.390439987182617,0.6000000238418579
28025.0,32.0,0.0,16.0,-4.710262170907323,-4.3865149662272485,-0.3237472046800747,-4.3821885627012644,-0.3280736082060587,-4.710262170907321,-1.7763568394002505e-15,0.3237472046800729,0.0,0.375,0.9795788884991554,15.035374953754895,0.4330127018922193,1.0000000000000002,27.07990074157715,8.490440368652344,0.6000000238418579
28919.0,33.0,0.0,16.0,-5.247912972953207,-5.216492889950137,-0.031420083003069976,-5.201033605702396,-0.046879367250811654,-5.322396067866188,0.07448309491298044,0.10590317791605042,0.2,0.375,0.9736328610605621,14.37445651146505,0.5590169943749475,0.9999999999999998,26.33989906311035,8.570440292358398,0.6000000238418579
37863.0,34.0,0.0,16.0,-3.7537176824348077,-3.5876042646061053,-0.16611341782870248,-3.581807533000261,-0.17191014943454697,-3.7717394133116806,0.018021730876872866,0.18413514870557535,0.2,0.3125,0.9307481688703121,15.562374497485916,0.4330127018922193,0.9999999999999998,27.449899673461914,9.300439834594727,0.6000000238418579
38460.0,35.0,0.0,16.0,-4.310573607038882,-4.038816752224425,-0.2717568548144573,-4.254782912980058,-0.05579069405882375,-4.4570918700955255,0.1465182630566435,0.41827511787110083,1.2,0.25,0.9677388148697859,15.63449711375457,0.5590169943749475,0.9999999999999998,27.36989974975586,9.35044002532959,0.6000000238418579
42335.0,36.0,0.0,16.0,-4.323977017506361,-4.165631181243378,-0.15834583626298304,-4.129023507805524,-0.19495350970083702,-4.323977017506353,-7.993605777301127e-15,0.15834583626297505,0.0,0.4375,0.9763020992961431,12.651580928879994,0.5,0.9999999999999999,27.399900436401367,9.670439720153809,0.6000000238418579
42932.0,37.0,0.0,16.0,-3.828293384107212,-3.1905556841369243,-0.637737699970288,-3.04347655091836,-0.7848168331888523,-3.8282933841072064,-5.773159728050814e-15,0.6377376999702822,0.0,0.25,0.9564052530270003,14.573091641789672,0.3535533905932738,1.0,27.319900512695312,9.720439910888672,0.6000000238418579
43230.0,38.0,0.0,16.0,-4.185367209053358,-4.3180402601180425,0.13267305106468452,-4.3099770782208235,0.12460986916746553,-4.490708935502409,0.30534172644905055,0.17266867538436603,1.2,0.1875,0.9322396955346968,14.042346669983617,0.5590169943749475,1.0000000000000002,26.66990089416504,9.750439643859863,0.6000000238418579
48000.0,39.0,0.0,16.0,-3.6241384973463213,-3.7893142885992583,0.16517579125293702,-4.08208779079895,0.457949293452629,-4.382419496458588,0.7582809991122663,0.5931052078593293,1.2,0.3125,0.9415475478434865,15.956973397232948,0.5590169943749475,1.0000000000000004,27.179899215698242,10.140399932861328,0.6000000238418579
53068.0,40.0,0.0,16.0,-3.788269893697556,-3.7284381118359184,-0.05983178186163762,-3.789919706684711,0.0016498129871549416,-3.85561006818663,0.06734017448907403,0.12717195635071166,1.2,0.25,0.9488628893575635,15.239750654128171,0.4330127018922193,1.0,27.039899826049805,10.560400009155273,0.6000000238418579
54559.0,41.0,0.0,16.0,-4.754913007591621,-4.042568970891688,-0.7123440366999327,-3.9673766216956823,-0.7875363858959386,-4.754913007591622,8.881784197001252e-16,0.7123440366999336,0.0,0.1875,0.983427870774349,8.660254037844387,0.5,1.0,27.429899215698242,10.680399894714355,0.6000000238418579
55454.0,42.0,0.0,16.0,-3.8182595572414444,-3.8701078779907476,0.051848320749303234,-3.8268582170247507,0.008598659783306317,-3.905023525801985,0.08676396856054058,0.03491564781123735,0.4,0.25,0.9482511267034658,12.772039774444801,0.3535533905932738,0.9999999999999999,26.699899673461914,10.76039981842041,0.6000000238418579
57242.0,43.0,0.0,16.0,-3.490583891728978,-3.573573446761537,0.082989555032559,-3.8317235238529883,0.3411396321240101,-4.014701003513311,0.5241171117843328,0.44112755675177384,1.2,0.25,0.9396930834688644,14.679918255903198,0.6614378277661477,1.0,26.429899215698242,10.910400390625,0.6000000238418579
57839.0,44.0,0.0,16.0,-3.453295924085691,-3.6998060419862973,0.2465101179006064,-3.6501758070070194,0.19687988292132852,-3.7474248289464285,0.2941289048607376,0.04761878696013122,0.4,0.3125,0.9477712892206541,17.7235718747661,0.4330127018922193,1.0,26.349899291992188,10.960399627685547,0.6000000238418579
58733.0,45.0,0.0,16.0,-3.471107841895577,-2.9369764517995565,-0.5341313900960207,-3.0542603162720283,-0.4168475256235489,-3.4711078418955745,-2.6645352591003757e-15,0.5341313900960181,0.0,0.25,0.9492405111888481,16.14969039950921,0.7071067811865476,1.0,26.819900512695312,11.030400276184082,0.6000000238418579
60522.0,46.0,0.0,16.0,-3.823722327182542,-4.102388014928836,0.2786656877462943,-4.1550832871873675,0.3313609600048255,-4.259109895451932,0.43538756826938974,0.15672188052309544,1.2,0.3125,0.9555534970012287,10.960155108391486,0.5590169943749475,1.0,26.559900283813477,11.180399894714355,0.6000000238418579
60820.0,47.0,0.0,16.0,-4.3706076322071,-4.235547307450958,-0.13506032475614127,-4.347770115772647,-0.02283751643445253,-4.528495996300533,0.15788836409343343,0.2929486888495747,1.2,0.4375,0.9757054833921576,15.386682553429118,0.4330127018922193,1.0,27.11989974975586,11.200400352478027,0.6000000238418579
61416.0,48.0,0.0,16.0,-3.455138259444879,-3.3832572360351927,-0.0718810234096865,-3.527229237598737,0.07209097815385768,-3.664947205206954,0.20980894576207465,0.28168996917176115,1.2,0.4375,0.9733780233412569,9.659839543180828,0.3535533905932738,1.0,27.02989959716797,11.250399589538574,0.6000000238418579
63205.0,49.0,0.0,16.0,-3.979933804710987,-3.7852154711958526,-0.19471833351513457,-4.0284902688831785,0.048556464172191394,-4.163876293531431,0.18394248882044417,0.37866082233557874,1.2,0.3125,0.9569565529690377,14.872373717735847,0.5590169943749475,1.0,26.769899368286133,11.400400161743164,0.6000000238418579
63503.0,50.0,0.0,16.0,-4.667866027666808,-4.267433847914871,-0.40043217975193635,-4.167657823003007,-0.5002082046638003,-4.667866027666804,-3.552713678800501e-15,0.4004321797519328,0.0,0.375,0.9721245297863682,13.3393215719541,0.5,0.9999999999999999,27.32990074157715,11.42039966583252,0.6000000238418579
64398.0,51.0,0.0,16.0,-3.396830413075047,-3.4562899065001624,0.05945949342511536,-3.5526883568470424,0.15585794377199536,-3.6925914029312197,0.2957609898561726,0.23630149643105725,1.2,0.5,0.9682431053500219,13.550830232867652,0.5590169943749475,1.0000000000000002,26.599899291992188,11.500399589538574,0.6000000238418579
65590.0,52.0,0.0,16.0,-4.085180090403791,-4.136323982950473,0.05114389254668161,-4.15925089945204,0.0740708090482487,-4.2490654377249175,0.16388534732112614,0.11274145477444453,1.2,0.25,0.9552175737893517,14.845032839303522,0.6123724356957945,1.0,26.41990089416504,11.6003999710083,0.6000000238418579
65889.0,53.0,0.0,16.0,-4.36258275359862,-4.249624632628676,-0.11295812096994329,-4.289553668746648,-0.07302908485197168,-4.424575305533505,0.0619925519348854,0.17495067290482869,1.2,0.375,0.9656104016844338,12.232129822725067,0.3535533905932738,1.0000000000000002,26.989900588989258,11.620400428771973,0.6000000238418579
66783.0,54.0,0.0,16.0,-3.5986966011804067,-3.4004175766706157,-0.19827902450979096,-3.3348397814068136,-0.2638568197735931,-3.6076570536803216,0.00896045249991495,0.2072394770097059,0.2,0.3125,0.9520777908561073,12.52746981636755,0.5,1.0,18.715299606323242,6.011020183563232,1.0
67081.0,55.0,0.0,16.0,-3.97524263235435,-4.0329085069444295,0.05766587459007955,-3.8399983139131444,-0.13524431844120555,-4.119565781303551,0.1443231489492014,0.08665727435912185,0.4,0.3125,0.9672969367530858,12.349089035228468,0.5,0.9999999999999998,19.275299072265625,6.053020000457764,1.0
69168.0,56.0,0.0,16.0,-4.005142326241636,-4.767763954933843,0.762621628692207,-4.920706699419527,0.9155643731778911,-5.042024696256583,1.036882370014947,0.27426074132274003,1.2,0.25,0.9186803087757811,14.142135623730951,0.3535533905932738,1.0000000000000002,18.393299102783203,6.403019905090332,1.0
69466.0,57.0,0.0,16.0,-4.131172533635515,-4.23577524033306,0.10460270669754568,-2.410521038438682,-1.7206514951968326,-4.395960898786648,0.2647883651511336,0.1601856584535879,0.4,0.1875,0.9543804471091984,13.872184399005082,0.5,1.0,18.95330047607422,6.4450201988220215,1.0
69764.0,58.0,0.0,16.0,-4.719091833491295,-4.810186342290735,0.09109450879943992,-4.8806469910386,0.16155515754730487,-4.983070670052179,0.2639788365608835,0.17288432776144358,1.2,0.375,0.9577479855945228,13.950806428303705,0.4330127018922193,1.0,19.5132999420166,6.487020015716553,1.0
70062.0,59.0,0.0,16.0,-4.060118680140824,-3.6867454088097125,-0.3733732713311113,-3.4381078528493134,-0.6220108272915104,-4.06011868014083,6.217248937900877e-15,0.37337327133111753,0.0,0.1875,0.9699048255928784,17.255433926737396,0.7905694150420949,1.0000000000000002,18.869300842285156,6.543019771575928,1.0
70659.0,60.0,0.0,16.0,-4.226786051799194,-4.25327179450183,0.026485742702636372,-4.223586515821082,-0.003199535978112067,-4.330545054705976,0.10375900290678164,0.07727326020414527,0.2,0.375,0.9666793908523604,13.99330196915653,0.4330127018922193,0.9999999999999999,18.799299240112305,6.641019821166992,1.0
71851.0,61.0,0.0,16.0,-2.821513499224549,-2.9349455066703185,0.11343200744576931,-2.826826322752572,0.005312823528022648,-2.98995936011629,0.16844586089174074,0.05501385344597143,0.4,0.25,0.9066017391542379,13.344006145082519,0.3535533905932738,1.0,18.63129997253418,6.837019920349121,1.0
72448.0,62.0,0.0,16.0,-2.9965542208304847,-3.2528176638798207,0.256263443049336,-3.3620307236707854,0.36547650284030064,-3.4433974739376563,0.44684325310717155,0.19057981005783553,1.2,0.375,0.9501864333884191,14.450346016618425,0.5590169943749475,1.0,18.56130027770996,6.9350199699401855,1.0
73938.0,63.0,0.0,16.0,-3.815458031066404,-3.3073189070001003,-0.5081391240663038,-3.1328682839246396,-0.6825897471417646,-3.815458031066396,-7.993605777301127e-15,0.5081391240662958,0.0,0.375,0.9768912062882151,12.529964086141668,0.4330127018922193,1.0,18.95330047607422,7.173019886016846,1.0
74236.0,64.0,0.0,16.0,-3.934316764744924,-3.4420709788542583,-0.4922457858906659,-3.1719109688621847,-0.7624057958827395,-3.9343167647449167,-7.549516567451064e-15,0.49224578589065837,0.0,0.375,0.9623941991818236,13.697627531802725,0.5,1.0,19.5132999420166,7.215020179748535,1.0
77218.0,65.0,0.0,16.0,-3.623866590342604,-3.4854744985698667,-0.13839209177273748,-3.123451074034814,-0.5004155163077901,-3.6238665903425993,-4.884981308350689e-15,0.1383920917727326,0.0,0.25,0.9660730103690244,11.992184955211457,0.4330127018922193,1.0000000000000002,19.121299743652344,7.705019950866699,1.0
78410.0,66.0,0.0,16.0,-4.192324155626621,-3.546688684812672,-0.6456354708139491,-3.4335654689968305,-0.7587586866297906,-4.1923241556266255,4.440892098500626e-15,0.6456354708139536,0.0,0.375,0.9793918632682367,12.820881404958085,0.5590169943749475,1.0,18.95330047607422,7.901020050048828,1.0
81988.0,67.0,0.0,16.0,-2.749463699599579,-2.5879504718707045,-0.16151322772887466,-2.3460948887750863,-0.40336881082449283,-2.7509618553312705,0.0014981557316913197,0.16301138346056598,0.2,0.25,0.9217167480286254,11.4755174175285,0.5590169943749475,1.0000000000000004,18.4773006439209,8.489020347595215,1.0
82584.0,68.0,0.0,16.0,-4.121591114771484,-3.868671704779512,-0.25291940999197227,-3.941910866416455,-0.17968024835502927,-4.121591114771485,8.881784197001252e-16,0.25291940999197315,0.0,0.1875,0.8984701495547057,14.76058941912551,0.4330127018922193,0.9999999999999999,18.393299102783203,8.587019920349121,1.0
83181.0,69.0,0.0,16.0,-4.638482846198246,-4.4498523873535785,-0.1886304588446679,-4.128124071792546,-0.5103587744057005,-4.638482846198232,-1.4210854715202004e-14,0.18863045884465368,0.0,0.25,0.9728344684573025,12.24744871391589,0.5590169943749475,1.0000000000000002,19.527299880981445,8.671019554138184,1.0
84671.0,70.0,0.0,16.0,-4.0865852395035365,-3.8907540805807175,-0.195831158922819,-3.6811959843020983,-0.4053892552014382,-4.086585239503541,4.440892098500626e-15,0.19583115892282343,0.0,0.25,0.9742188756619136,16.170961628796228,0.4330127018922193,1.0,18.715299606323242,8.923020362854004,1.0
84970.0,71.0,0.0,16.0,-4.748192191077201,-4.0610998476150755,-0.6870923434621252,-3.8060912659223995,-0.9421009251548011,-4.748192191077193,-7.993605777301127e-15,0.6870923434621172,0.0,0.1875,0.9776400849010963,16.83560215733313,0.5,1.0,19.2893009185791,8.965020179748535,1.0
85864.0,72.0,0.0,16.0,-3.936840050459022,-4.042465928117348,0.10562587765832632,-3.9803123394999447,0.04347228904092271,-4.06331951218844,0.12647946172941804,0.020853584071091724,0.4,0.3125,0.9554274715063622,16.08376510646683,0.5,1.0,18.56130027770996,9.119020462036133,1.0
87355.0,73.0,0.0,16.0,-4.283239283235986,-3.5909002302368354,-0.6923390529991504,-3.2112680332822734,-1.0719712499537124,-4.2832392832359965,1.0658141036401503e-14,0.6923390529991611,0.0,0.25,0.9725496837443088,14.52583904633395,0.3535533905932738,0.9999999999999998,18.967300415039062,9.357020378112793,1.0
89143.0,74.0,0.0,16.0,-4.24021243509902,-4.13978247745142,-0.10042995764759954,-4.140302006677459,-0.09991042842156084,-4.240212435099022,2.6645352591003757e-15,0.10042995764760221,0.0,0.25,0.9649356274211637,15.46770829825802,0.5590169943749475,1.0,18.715299606323242,9.651020050048828,1.0
89740.0,75.0,0.0,16.0,-3.8892563566725613,-3.5768257935182097,-0.3124305631543516,-3.443318951873829,-0.4459374047987321,-3.8892563566725507,-1.0658141036401503e-14,0.3124305631543409,0.0,0.25,0.9690955662884742,13.527749258468683,0.4330127018922193,1.0,18.645299911499023,9.749019622802734,1.0
90336.0,76.0,0.0,16.0,-3.634744714593224,-3.4721517351604843,-0.16259297943273987,-3.5381955783115475,-0.0965491362816766,-3.634744714593241,1.687538997430238e-14,0.16259297943275675,0.0,0.25,0.9826989231405381,16.764918729298987,0.3535533905932738,1.0,18.56130027770996,9.847020149230957,1.0
92423.0,77.0,0.0,16.0,-3.888787075161058,-3.753567225981805,-0.1352198491792529,-3.857886890278462,-0.030900184882595827,-3.981336842178097,0.09254976701703876,0.22776961619629166,1.2,0.4375,0.9727166109798073,13.695345924802337,0.3535533905932738,1.0000000000000002,18.88330078125,10.182999610900879,1.0
93616.0,78.0,0.0,16.0,-4.012265037970268,-3.7139941443419655,-0.2982708936283025,-3.622454973345866,-0.38981006462440204,-4.012265037970256,-1.2434497875801753e-14,0.29827089362829007,0.0,0.375,0.9683340030148029,11.508149286483905,0.6123724356957945,1.0,18.729299545288086,10.378999710083008,1.0
95106.0,79.0,0.0,16.0,-4.254461621205446,-4.155052879045084,-0.099408742160362,-4.441533312047016,0.18707169084157016,-4.698441234854911,0.44397961364946514,0.5433883558098271,1.2,0.25,0.9677676172229639,12.772039774444801,0.6123724356957945,1.0000000000000002,19.121299743652344,10.616999626159668,1.0
95404.0,80.0,0.0,16.0,-4.808114875970654,-5.116987682174282,0.30887280620362834,-4.84807505454606,0.03996017857540579,-5.1458657450525696,0.33775086908191554,0.028878062878287203,0.4,0.3125,0.9594421095291206,11.324751652906125,0.5,1.0,18.4773006439209,10.67300033569336,1.0
96597.0,81.0,0.0,16.0,-4.241943380215622,-4.2171308658115425,-0.024812514404079167,-4.185014023009285,-0.05692935720633674,-4.305596405344058,0.06365302512843662,0.08846553953251579,0.2,0.375,0.9567433788646994,13.409418331903886,0.6123724356957945,1.0,19.527299880981445,10.854999542236328,1.0
96895.0,82.0,0.0,16.0,-4.27515776075193,-3.6938693646773,-0.5812883960746298,-3.5453604880555933,-0.7297972726963367,-4.27515776075193,0.0,0.5812883960746298,0.0,0.3125,0.9469420761034081,13.977660748494364,0.5590169943749475,1.0,18.88330078125,10.91100025177002,1.0
98386.0,83.0,0.0,16.0,-4.5434333454396185,-4.0850327824518615,-0.458400562987757,-4.18156423356977,-0.36186911186984894,-4.543433345439627,8.881784197001252e-15,0.4584005629877659,0.0,0.25,0.9733527040349538,14.6990645960891,0.6614378277661477,0.9999999999999999,19.2893009185791,11.14900016784668,1.0
98982.0,84.0,0.0,16.0,-4.330553476250223,-3.8899657606331424,-0.440587715617081,-4.004052973393348,-0.3265005028568755,-4.330553476250236,1.2434497875801753e-14,0.4405877156170934,0.0,0.25,0.9730610567945299,14.613777745675483,0.6123724356957945,1.0000000000000002,19.205299377441406,11.246999740600586,1.0
99877.0,85.0,0.0,16.0,-4.194290930107753,-4.047394655805063,-0.1468962743026898,-4.118749472828927,-0.07554145727882577,-4.197058160810813,0.002767230703059731,0.14966350500574954,1.2,0.375,0.9549887411358006,10.914439976471536,0.5,1.0,18.491300582885742,11.401000022888184,1.0
105839.0,86.0,0.0,16.0,-4.795276032639548,-4.426786730377598,-0.36848930226195,-4.429308684875947,-0.3659673477636014,-4.795276032639551,2.6645352591003757e-15,0.36848930226195264,0.0,0.4375,0.9788884165329571,11.445523142259598,0.4330127018922193,0.9999999999999999,18.88330078125,12.366999626159668,1.0
106137.0,87.0,0.0,16.0,-4.185578661624007,-3.646498543418831,-0.5390801182051757,-3.4517057894374528,-0.733872872186554,-4.18557866162401,3.552713678800501e-15,0.5390801182051792,0.0,0.3125,0.967230720205386,15.167811312117513,0.5,1.0,19.443300247192383,12.409000396728516,1.0
107330.0,88.0,0.0,16.0,-4.681744345240183,-4.453738103187808,-0.22800624205237519,-4.473674384705007,-0.2080699605351759,-4.68174434524016,-2.3092638912203256e-14,0.2280062420523521,0.0,0.4375,0.9732197660568994,13.074306864992883,0.3535533905932738,1.0000000000000002,19.2893009185791,12.604999542236328,1.0
107926.0,89.0,0.0,16.0,-3.8371191621200076,-3.509086563391404,-0.32803259872860346,-3.3799127249396244,-0.45720643718038323,-3.8371191621199943,-1.3322676295501878e-14,0.32803259872859014,0.0,0.375,0.968411209131784,13.991068579633222,0.5590169943749475,0.9999999999999998,19.205299377441406,12.70300006866455,1.0
108523.0,90.0,0.0,16.0,-5.250063791384621,-5.387083048259317,0.13701925687469618,-5.411125111690007,0.1610613203053859,-5.505892936143761,0.2558291447591401,0.11880988788444391,1.2,0.4375,0.9769871999640015,11.667261889578034,0.5,1.0,19.135299682617188,12.800999641418457,1.0
108821.0,91.0,0.0,16.0,-4.334738414183111,-4.299272752224467,-0.03546566195864376,-4.25832331237682,-0.07641510180629041,-4.4152089049736745,0.08047049079056379,0.11593615274920754,0.2,0.375,0.9650509158008743,15.455581516073732,0.0,0.9999999999999999,18.491300582885742,12.857000350952148,1.0
109119.0,92.0,0.0,16.0,-4.337082158399737,-4.5058487826054785,0.16876662420574107,-4.221120596916641,-0.115961561483096,-4.587301137923706,0.2502189795239689,0.08145235531822781,0.4,0.1875,0.9436596783815342,15.477806692164107,0.5,1.0,19.051300048828125,12.89900016784668,1.0
110311.0,93.0,0.0,16.0,-4.937484491739659,-4.564900359637751,-0.3725841321019079,-4.260343774756489,-0.6771407169831702,-4.955993923434939,0.01850943169527941,0.3910935637971873,0.2,0.375,0.9515198462965083,12.142384444580891,0.5,1.0,18.88330078125,13.095000267028809,1.0
111504.0,94.0,0.0,16.0,-3.89600618214543,-4.263256364416767,0.367250182271337,-4.089634200889188,0.193628018743758,-4.289529880465938,0.39352369832050815,0.026273516049171164,0.4,0.3125,0.9290700882877867,13.765899897936205,0.3535533905932738,0.9999999999999999,18.729299545288086,13.291000366210938,1.0
114187.0,95.0,0.0,16.0,-5.240943330838666,-5.789424904476775,0.5484815736381083,-5.764457667284023,0.5235143364453565,-5.805662850064967,0.5647195192263004,0.016237945588192026,1.2,0.5,0.9620542167329035,10.69462481810372,0.25,0.9999999999999998,18.967300415039062,13.725000381469727,1.0
116274.0,96.0,0.0,16.0,-5.14523173353189,-4.75283693487711,-0.39239479865478,-4.693557245503167,-0.4516744880287229,-5.145231733531874,-1.5987211554602254e-14,0.392394798654764,0.0,0.5625,0.9674976295254553,12.059747095192337,0.3535533905932738,1.0,19.2893009185791,14.060999870300293,1.0
116572.0,97.0,0.0,16.0,-3.406942622656745,-3.150681127452323,-0.2562614952044222,-3.1525113068292985,-0.2544313158274467,-3.4069426226567394,-5.773159728050814e-15,0.25626149520441643,0.0,0.3125,0.9512118532020198,14.7648230602334,0.4330127018922193,0.9999999999999998,18.645299911499023,14.116999626159668,1.0
116871.0,98.0,0.0,16.0,-4.338542268153192,-4.293821462621075,-0.044720805532117325,-4.140460010799089,-0.19808225735410367,-4.446035595580471,0.1074933274272789,0.15221413295939623,0.2,0.3125,0.9426197390205844,11.236102527122116,0.3535533905932738,1.0,19.21929931640625,14.159000396728516,1.0
118063.0,99.0,0.0,16.0,-4.1791945749006585,-3.9732488732521154,-0.2059457016485431,-3.7926952108769463,-0.3864993640237122,-4.179194574900639,-1.9539925233402755e-14,0.20594570164852355,0.0,0.25,0.928948115776078,13.635890143294644,0.3535533905932738,0.9999999999999997,19.051300048828125,14.354999542236328,1.0
0.0,0.0,10.0,4.0,-15.168566346195743,-22.532560908176976,7.363994561981233,-23.40037284722981,8.231806501034068,-24.880433996107918,9.711867649912175,2.3478730879309424,1.2,1.0,0.9713219180841784,0.0,0.0,0.1,26.33989906311035,6.1804399490356445,0.6000000238418579
298.0,1.0,10.0,4.0,-10.985342409668643,-20.33311747379888,9.347775064130236,-24.16376019392343,13.178417784254787,-24.16376019392343,13.178417784254787,3.830642720124551,1.0,0.75,0.9271489901732849,0.7071067811865476,0.0,0.09999999999999999,26.899900436401367,6.200439929962158,0.6000000238418579
596.0,2.0,10.0,4.0,-13.785655041752115,-28.34757961408449,14.561924572332376,-27.0877239862932,13.302068944541084,-28.72397963552194,14.938324593769824,0.37640002143744766,0.8,1.0,0.9598922563127535,0.0,0.0,0.09999999999999999,27.45989990234375,6.220439910888672,0.6000000238418579
1192.0,3.0,10.0,4.0,-11.1324244774665,-20.104725531400742,8.972301053934242,-22.824287152948408,11.691862675481907,-22.824287152948408,11.691862675481907,2.7195616215476655,1.0,0.75,0.927687832664898,0.5,0.5,0.09999999999999999,27.36989974975586,6.270440101623535,0.6000000238418579
2683.0,4.0,10.0,4.0,-14.461716717594705,-19.619504386219127,5.157787668624422,-20.585369897876134,6.12365318028143,-21.5587762433695,7.097059525774796,1.9392718571503735,1.2,0.75,0.9677137321352554,0.7071067811865476,0.5,0.1,26.54990005493164,6.400440216064453,0.6000000238418579
2981.0,5.0,10.0,4.0,-12.301145122062223,-25.32807561822343,13.026930496161206,-24.545072262512498,12.243927140450275,-25.996902687803424,13.6957575657412,0.6688270695799936,0.8,1.0,0.9433881560798243,0.0,0.0,0.09999999999999998,27.109899520874023,6.420440196990967,0.6000000238418579
3875.0,6.0,10.0,4.0,-12.46973153862804,-18.48969927235251,6.019967733724471,-18.2197138885103,5.749982349882259,-18.78555667976958,6.315825141141541,0.29585740741707056,1.2,0.75,0.9475252741416306,0.7071067811865476,0.5,0.1,26.36989974975586,6.5004401206970215,0.6000000238418579
4173.0,7.0,10.0,4.0,-13.04270044629283,-19.05237804553151,6.009677599238678,-20.162371647425196,7.119671201132366,-21.650319775822307,8.607619329529477,2.597941730290799,1.2,1.0,0.9549480457832478,0.0,0.0,0.10000000000000002,26.929899215698242,6.520440101623535,0.6000000238418579
4472.0,8.0,10.0,4.0,-12.009452026805223,-26.204755578859658,14.195303552054435,-26.98493403023424,14.975482003429017,-28.39591254915675,16.386460522351527,2.1911569702970937,0.8,1.0,0.9381015778129362,0.0,0.0,0.1,27.499900817871094,6.540440082550049,0.6000000238418579
5366.0,9.0,10.0,4.0,-12.915418031905094,-21.69793953765862,8.782521505753525,-19.589054391267968,6.673636359362874,-22.152500179388085,9.23708214748299,0.454560641729465,0.6,1.0,0.9525095409260432,0.0,0.0,0.1,26.759899139404297,6.6204400062561035,0.6000000238418579
6260.0,10.0,10.0,4.0,-15.885477992212154,-21.580824779045294,5.69534678683314,-21.28353482483527,5.3980568326231175,-21.60228067304034,5.716802680828186,0.021455893995046438,0.6,1.0,0.978312917950328,0.0,0.0,0.10000000000000002,27.229900360107422,6.6904401779174805,0.6000000238418579
7453.0,11.0,10.0,4.0,-12.757750566504328,-23.08758288868807,10.32983232218374,-20.847366262466803,8.089615695962475,-23.15248816630436,10.394737599800031,0.06490527761629039,0.6,1.0,0.9515614766454669,0.0,0.0,0.1,27.059900283813477,6.790440082550049,0.6000000238418579
8646.0,12.0,10.0,4.0,-14.593183159253847,-15.773252972909154,1.1800698136553063,-16.022922416276394,1.429739257022547,-16.091089998958793,1.497906839704946,0.3178370260496397,1.2,0.75,0.9683147323965609,0.0,0.5,0.10000000000000002,26.88990020751953,6.890439987182617,0.6000000238418579
10434.0,13.0,10.0,4.0,-11.45612752664081,-20.66273145968711,9.2066039330463,-23.28870361360392,11.832576086963112,-23.28870361360392,11.832576086963112,2.6259721539168126,1.0,0.75,0.9312247413916253,0.7071067811865476,0.5,0.1,26.61989974975586,7.040440082550049,0.6000000238418579
10733.0,14.0,10.0,4.0,-12.784410126499141,-26.597919187069387,13.813509060570246,-24.933346161853493,12.148936035354351,-26.78838456763942,14.003974441140278,0.19046538057003204,0.8,1.0,0.9494889303985512,0.0,0.0,0.09999999999999998,27.189899444580078,7.0604400634765625,0.6000000238418579
11031.0,15.0,10.0,4.0,-13.780734432283241,-21.027501262275898,7.246766829992657,-19.688679381507924,5.907944949224683,-21.10180537985709,7.321070947573849,0.07430411758119249,0.6,0.75,0.9639962244487685,0.7071067811865476,0.0,0.1,26.539899826049805,7.090439796447754,0.6000000238418579
12820.0,16.0,10.0,4.0,-12.237976327319933,-26.98818593304288,14.750209605722949,-26.62791626053469,14.389939933214757,-28.601801108231836,16.363824780911905,1.6136151751889543,0.8,1.0,0.9424478350178769,0.0,0.0,0.1,27.489900588989258,7.230440139770508,0.6000000238418579
14608.0,17.0,10.0,4.0,-15.96978660197893,-19.45057843953734,3.4807918375584084,-20.321780586113526,4.351993984134596,-20.342433000828454,4.372646398849524,0.8918545612911153,1.2,1.0,0.9804943754491776,0.0,0.0,0.09999999999999998,27.219900131225586,7.3804402351379395,0.6000000238418579
16397.0,18.0,10.0,4.0,-12.824803967992516,-24.128984432682998,11.304180464690482,-23.125955928789832,10.301151960797316,-24.1875400342188,11.362736066226283,0.05855560153580086,0.8,1.0,0.9509431836353989,0.0,0.0,0.10000000000000002,26.95989990234375,7.530439853668213,0.6000000238418579
16695.0,19.0,10.0,4.0,-14.010270092679342,-23.89642228518587,9.886152192506529,-22.492842261886285,8.482572169206943,-23.983374782888692,9.97310469020935,0.08695249770282132,0.8,1.0,0.9635266370708723,0.0,0.0,0.1,27.519899368286133,7.550439834594727,0.6000000238418579
16994.0,20.0,10.0,4.0,-13.984957917179182,-19.47028656504598,5.485328647866799,-20.39402577506734,6.409067857888159,-21.272127288952113,7.287169371772931,1.8018407239061318,1.2,0.75,0.963799177983718,1.0,0.0,0.1,26.879899978637695,7.580440044403076,0.6000000238418579
17590.0,21.0,10.0,4.0,-13.84572080812922,-18.000386483207485,4.154665675078265,-20.908776173274717,7.063055365145496,-22.477447546017096,8.631726737887876,4.477061062809611,1.2,1.0,0.9600830691053959,0.0,0.0,0.1,26.789899826049805,7.6304402351379395,0.6000000238418579
18186.0,22.0,10.0,4.0,-13.005287769668834,-24.599291043980557,11.594003274311723,-21.21410153188681,8.208813762217977,-25.29126671889735,12.285978949228516,0.6919756749167938,0.6,0.75,0.952889779757546,0.7071067811865476,0.5,0.09999999999999999,26.699899673461914,7.6804399490356445,0.6000000238418579
19080.0,23.0,10.0,4.0,-12.216663407165434,-26.204181539341604,13.98751813217617,-25.47779180477482,13.261128397609387,-27.247482217444073,15.030818810278639,1.0433006781024687,0.8,1.0,0.9412449467349377,0.0,0.0,0.1,27.16990089416504,7.7504401206970215,0.6000000238418579
20571.0,24.0,10.0,4.0,-12.813272855573857,-25.494993660461013,12.681720804887156,-23.814559000400692,11.001286144826835,-25.384784302216943,12.571511446643086,-0.11020935824407019,0.8,1.0,0.9497376631503711,0.0,0.0,0.1,26.349899291992188,7.8804402351379395,0.6000000238418579
21167.0,25.0,10.0,4.0,-14.818770916529864,-27.337741474915333,12.518970558385469,-23.409647391934246,8.590876475404382,-27.273084010143968,12.454313093614104,-0.06465746477136491,0.6,1.0,0.9686225206161692,0.0,0.0,0.09999999999999999,27.469900131225586,7.920440196990967,0.6000000238418579
23254.0,26.0,10.0,4.0,-13.718255758825277,-23.02916895998138,9.310913201156103,-21.127509358637077,7.4092535998118,-23.046241339948548,9.32798558112327,0.017072379967167706,0.6,0.75,0.9605354573450825,0.7071067811865476,0.5,0.10000000000000002,26.559900283813477,8.10044002532959,0.6000000238418579
23553.0,27.0,10.0,4.0,-13.982197017972597,-22.608571281237708,8.626374263265111,-22.289077913948017,8.30688089597542,-22.539524139701406,8.55732712172881,-0.06904714153630209,0.8,1.0,0.965148536020937,0.0,0.0,0.1,27.129899978637695,8.120439529418945,0.6000000238418579
23851.0,28.0,10.0,4.0,-12.951400605315067,-23.842270985847954,10.890870380532887,-22.512856511227398,9.56145590591233,-23.647142504748345,10.695741899433278,-0.19512848109960856,0.8,1.0,0.9530139597200588,0.0,0.0,0.1,26.479900360107422,8.150440216064453,0.6000000238418579
25341.0,29.0,10.0,4.0,-14.00864261325998,-25.83979553759608,11.831152924336099,-22.197228102210875,8.188585488950896,-25.796827671883182,11.788185058623203,-0.042967865712896014,0.6,1.0,0.9618171779338207,0.0,0.0,0.1,26.859899520874023,8.270440101623535,0.6000000238418579
25640.0,30.0,10.0,4.0,-12.540874180467538,-21.5493859152894,9.00851173482186,-21.633620407417574,9.092746226950036,-21.909159643367136,9.368285462899598,0.35977372807773733,0.8,1.0,0.9486760508087769,0.0,0.0,0.1,27.429899215698242,8.29043960571289,0.6000000238418579
26832.0,31.0,10.0,4.0,-14.816327855504374,-25.12229302608607,10.305965170581695,-23.898536136720566,9.082208281216191,-25.057031369975228,10.240703514470853,-0.06526165611084167,0.6,1.0,0.9698603477847058,0.0,0.0,0.09999999999999999,27.249900817871094,8.390439987182617,0.6000000238418579
28025.0,32.0,10.0,4.0,-16.759854234247324,-19.682629612124344,2.92277537787702,-19.800061022927792,3.040206788680468,-19.90875395343703,3.148899719189707,0.226124341312687,1.2,0.75,0.9818501352682019,0.0,0.5,0.10000000000000002,27.07990074157715,8.490440368652344,0.6000000238418579
28919.0,33.0,10.0,4.0,-14.454241280686023,-25.58541480819473,11.131173527508707,-24.985866826111046,10.531625545425022,-25.86772511451847,11.413483833832448,0.28231030632374043,0.8,1.0,0.9644039314461222,0.0,0.0,0.09999999999999998,26.33989906311035,8.570440292358398,0.6000000238418579
37863.0,34.0,10.0,4.0,-11.508034554145155,-21.388485904586723,9.880451350441568,-21.85396540549078,10.345930851345624,-22.143669074281114,10.635634520135959,0.7551831696943907,0.8,0.75,0.9342635179583096,0.7071067811865476,0.5,0.09999999999999998,27.449899673461914,9.300439834594727,0.6000000238418579
38460.0,35.0,10.0,4.0,-16.12302149368102,-18.262834084161014,2.1398125904799947,-18.26973961233276,2.146718118651741,-18.352956388394116,2.2299348947130966,0.09012230423310186,0.8,1.0,0.9777541139990616,0.0,0.0,0.09999999999999998,27.36989974975586,9.35044002532959,0.6000000238418579
42335.0,36.0,10.0,4.0,-14.582778202208694,-19.155982974910536,4.573204772701843,-19.3791103237906,4.796332121581905,-21.46583502305761,6.883056820848918,2.309852048147075,1.2,1.0,0.9685095572276419,0.0,0.0,0.09999999999999999,27.399900436401367,9.670439720153809,0.6000000238418579
42932.0,37.0,10.0,4.0,-14.583291194600527,-24.159489100686603,9.576197906086076,-22.670762069701592,8.087470875101065,-24.27839703978052,9.695105845179992,0.11890793909391562,0.6,1.0,0.967621399849799,0.0,0.0,0.1,27.319900512695312,9.720439910888672,0.6000000238418579
43230.0,38.0,10.0,4.0,-12.072150732309497,-24.38366915794407,12.311518425634572,-23.117260238196593,11.045109505887096,-24.280734113588917,12.20858338127942,-0.10293504435515288,0.6,0.75,0.940674337665307,0.7071067811865476,0.5,0.10000000000000002,26.66990089416504,9.750439643859863,0.6000000238418579
48000.0,39.0,10.0,4.0,-12.91606037397764,-21.961658505799196,9.045598131821556,-21.565113627323264,8.649053253345624,-22.05797824632258,9.14191787234494,0.09631974052338421,0.8,1.0,0.9508332941499955,0.0,0.0,0.10000000000000005,27.179899215698242,10.140399932861328,0.6000000238418579
53068.0,40.0,10.0,4.0,-13.222528719181978,-21.93486615133692,8.712337432154941,-23.093414690111288,9.87088597092931,-23.093414690111288,9.87088597092931,1.1585485387743688,1.0,1.0,0.954549418894871,0.0,0.0,0.1,27.039899826049805,10.560400009155273,0.6000000238418579
54559.0,41.0,10.0,4.0,-16.380361335228177,-17.2245070864456,0.8441457512174217,-17.454886844055423,1.0745255088272465,-17.492350958327005,1.1119896230988289,0.2678438718814071,1.2,0.75,0.9829730899833891,13.0,0.5,0.1,27.429899215698242,10.680399894714355,0.6000000238418579
55454.0,42.0,10.0,4.0,-12.516567790803348,-21.96516060638534,9.448592815581991,-23.135075032840682,10.618507242037333,-23.135075032840682,10.618507242037333,1.1699144264553425,1.0,1.0,0.9465506941220913,0.0,0.0,0.09999999999999999,26.699899673461914,10.76039981842041,0.6000000238418579
57242.0,43.0,10.0,4.0,-14.389850657286678,-18.574888884448804,4.185038227162126,-19.067048761681946,4.677198104395268,-19.43144799783701,5.041597340550334,0.856559113388208,1.2,1.0,0.9668778011547887,0.0,0.0,0.1,26.429899215698242,10.910400390625,0.6000000238418579
57839.0,44.0,10.0,4.0,-13.058109529406341,-21.900532391578793,8.842422862172452,-19.97470364788555,6.91659411847921,-22.181010598458673,9.122901069052332,0.2804782068798808,0.6,0.75,0.9532083225535017,0.7071067811865476,0.0,0.1,26.349899291992188,10.960399627685547,0.6000000238418579
58733.0,45.0,10.0,4.0,-15.467029958695512,-21.982809073411428,6.515779114715915,-22.333619763236037,6.866589804540524,-22.579299074062845,7.112269115367333,0.5964900006514178,1.2,1.0,0.9730192261673846,0.0,0.0,0.1,26.819900512695312,11.030400276184082,0.6000000238418579
60522.0,46.0,10.0,4.0,-14.579443882581138,-23.64831512491426,9.06887124233312,-23.701613929307996,9.122170046726858,-23.963520483536715,9.384076600955577,0.3152053586224568,1.2,1.0,0.9672848705247412,0.0,0.0,0.1,26.559900283813477,11.180399894714355,0.6000000238418579
60820.0,47.0,10.0,4.0,-12.364936413819489,-22.962603599064764,10.597667185245275,-23.460176585867277,11.095240172047788,-23.460176585867277,11.095240172047788,0.4975729868025134,1.0,0.75,0.9465704842221485,0.0,0.5,0.1,27.11989974975586,11.200400352478027,0.6000000238418579
61416.0,48.0,10.0,4.0,-14.80856731755173,-17.999746445038653,3.1911791274869223,-20.277285927446385,5.468718609894655,-21.652685272215994,6.844117954664263,3.6529388271773406,1.2,1.0,0.9696809887325524,0.0,0.0,0.1,27.02989959716797,11.250399589538574,0.6000000238418579
63205.0,49.0,10.0,4.0,-14.178316029073805,-23.73264442680496,9.554328397731155,-21.63472742300112,7.456411393927315,-23.80473166830392,9.626415639230114,0.07208724149895929,0.6,1.0,0.9641163498813382,0.0,0.0,0.1,26.769899368286133,11.400400161743164,0.6000000238418579
63503.0,50.0,10.0,4.0,-14.710517579908714,-26.784810286274798,12.074292706366084,-27.079559937123463,12.369042357214749,-27.573231294769055,12.862713714860341,0.7884210084942573,0.8,1.0,0.9671078995205648,0.0,0.0,0.09999999999999999,27.32990074157715,11.42039966583252,0.6000000238418579
64398.0,51.0,10.0,4.0,-13.799744092483596,-21.781088990063175,7.981344897579579,-21.725938113485064,7.926194021001468,-23.33102077444519,9.531276681961593,1.5499317843820144,1.2,1.0,0.9598118292568433,0.0,0.0,0.10000000000000002,26.599899291992188,11.500399589538574,0.6000000238418579
65590.0,52.0,10.0,4.0,-13.6988534367453,-20.18730719820265,6.48845376145735,-20.884370205640348,7.185516768895049,-21.397934744694748,7.699081307949449,1.2106275464920984,1.2,0.75,0.9630543381094182,0.7071067811865476,0.5,0.1,26.41990089416504,11.6003999710083,0.6000000238418579
65889.0,53.0,10.0,4.0,-13.300087640187424,-24.965625911830745,11.665538271643321,-20.755025248359665,7.454937608172241,-25.023656035658362,11.723568395470938,0.058030123827617075,0.6,1.0,0.9546774889687524,0.0,0.0,0.10000000000000002,26.989900588989258,11.620400428771973,0.6000000238418579
66783.0,54.0,10.0,4.0,-12.771124428165312,-24.649616475731698,11.878492047566386,-23.656707655182046,10.885583227016735,-24.809788476579094,12.038664048413782,0.16017200084739613,0.8,1.0,0.9491495370479295,0.0,0.0,0.1,18.715299606323242,6.011020183563232,1.0
67081.0,55.0,10.0,4.0,-15.086168735533764,-18.047177920807098,2.9610091852733333,-14.16298541598441,-0.923183319549354,-20.737675608138435,5.651506872604671,2.6904976873313373,0.4,1.0,0.97115362280274,0.0,0.0,0.09999999999999998,19.275299072265625,6.053020000457764,1.0
69168.0,56.0,10.0,4.0,-10.474823588324861,-18.416620711730143,7.941797123405282,-19.67755580096042,9.202732212635558,-19.756948170752498,9.282124582427636,1.3403274590223546,1.2,1.0,0.915607147751675,0.0,0.0,0.10000000000000002,18.393299102783203,6.403019905090332,1.0
69466.0,57.0,10.0,4.0,-14.618534965004404,-17.85447406982898,3.2359391048245776,-14.469932152499487,-0.14860281250491703,-20.943359243831544,6.3248242788271405,3.088885174002563,0.4,1.0,0.9659497618615654,0.0,0.0,0.1,18.95330047607422,6.4450201988220215,1.0
69764.0,58.0,10.0,4.0,-11.658277385549166,-12.49687485540621,0.838597469857044,-11.220855285155674,-0.4374221003934924,-13.291650883145094,1.6333734975959278,0.7947760277388838,0.4,0.75,0.9356426978817782,0.7071067811865476,0.5,0.1,19.5132999420166,6.487020015716553,1.0
70062.0,59.0,10.0,4.0,-16.30015313127782,-19.39788635709425,3.0977332258164303,-15.026928202041814,-1.2732249292360063,-22.995607875967075,6.695454744689254,3.5977215188728238,0.4,1.0,0.9783149594349084,0.0,0.0,0.10000000000000002,18.869300842285156,6.543019771575928,1.0
70659.0,60.0,10.0,4.0,-13.175153519747841,-18.510700700878765,5.335547181130924,-15.136243179059727,1.9610896593118863,-19.396467188538526,6.221313668790685,0.8857664876597617,0.4,0.75,0.9548048132054822,0.8660254037844386,0.0,0.09999999999999999,18.799299240112305,6.641019821166992,1.0
71851.0,61.0,10.0,4.0,-12.164394599246052,-22.907765758064578,10.743371158818526,-22.43295661958041,10.268562020334357,-23.226167079876138,11.061772480630086,0.3184013218115602,0.8,1.0,0.9405210011315411,0.0,0.0,0.1,18.63129997253418,6.837019920349121,1.0
72448.0,62.0,10.0,4.0,-12.445277911823782,-21.055704044014977,8.610426132191195,-21.98780416056655,9.54252624874277,-22.187178493257417,9.741900581433635,1.1314744492424396,1.2,1.0,0.9444593017658177,0.0,0.0,0.1,18.56130027770996,6.9350199699401855,1.0
73938.0,63.0,10.0,4.0,-15.322210358188176,-19.33153578760721,4.009325429419032,-17.81901444303141,2.496804084843234,-19.43230464129598,4.110094283107802,0.10076885368876987,0.6,0.75,0.9736985847849517,0.8660254037844386,0.0,0.1,18.95330047607422,7.173019886016846,1.0
74236.0,64.0,10.0,4.0,-14.301719213987663,-17.902711007878477,3.600991793890813,-14.193485453334436,-0.10823376065322776,-20.095081221579008,5.793362007591345,2.1923702137005314,0.4,0.75,0.9657051660913077,0.7071067811865476,0.5,0.1,19.5132999420166,7.215020179748535,1.0
77218.0,65.0,10.0,4.0,-17.062020227183645,-19.64280127761609,2.5807810504324458,-13.913386027064066,-3.148634200119579,-21.23781611337862,4.175795886194976,1.5950148357625302,0.4,0.75,0.9820040852816683,0.5,0.5,0.10000000000000002,19.121299743652344,7.705019950866699,1.0
78410.0,66.0,10.0,4.0,-15.178171138327077,-17.089757139691002,1.9115860013639256,-15.030568134797285,-0.14760300352979172,-18.921688801183656,3.743517662856579,1.8319316614926535,0.4,1.0,0.9723472072057067,0.0,0.0,0.1,18.95330047607422,7.901020050048828,1.0
81988.0,67.0,10.0,4.0,-14.549113040661869,-24.418994333005447,9.869881292343578,-21.587491059108306,7.038378018446437,-24.53815482007748,9.989041779415611,0.1191604870720333,0.6,0.75,0.9658632195969431,0.8660254037844386,0.0,0.10000000000000005,18.4773006439209,8.489020347595215,1.0
82584.0,68.0,10.0,4.0,-13.90103426240258,-15.063973310843568,1.1629390484409878,-13.10631054853152,-0.7947237138710612,-16.44664858943997,2.5456143270373897,1.3826752785964018,0.4,1.0,0.9608810157505159,0.0,0.0,0.09999999999999999,18.393299102783203,8.587019920349121,1.0
83181.0,69.0,10.0,4.0,-17.381481257811785,-17.399260586537206,0.017779328725421095,-15.422185324533384,-1.9592959332784012,-20.649636281663707,3.2681550238519215,3.2503756951265004,0.2,1.0,0.9857913434815824,0.0,0.0,0.10000000000000002,19.527299880981445,8.671019554138184,1.0
84671.0,70.0,10.0,4.0,-16.07794588985883,-16.325642551391386,0.24769666153255443,-13.186291948513789,-2.8916539413450426,-18.99810377971161,2.920157889852778,2.6724612283202234,0.2,1.0,0.9786240643047148,0.0,0.0,0.1,18.715299606323242,8.923020362854004,1.0
84970.0,71.0,10.0,4.0,-16.41078455473935,-22.440910711623722,6.030126156884371,-19.839298649089415,3.4285140943500636,-23.944296128493868,7.533511573754517,1.5033854168701453,0.4,0.75,0.9795251297995621,0.7071067811865476,0.5,0.1,19.2893009185791,8.965020179748535,1.0
85864.0,72.0,10.0,4.0,-14.886175274616615,-22.092531670769514,7.2063563961528985,-19.768546494028786,4.882371219412171,-22.373689530746166,7.4875142561295505,0.281157859976652,0.6,1.0,0.9732641205873814,0.0,0.0,0.1,18.56130027770996,9.119020462036133,1.0
87355.0,73.0,10.0,4.0,-15.79951215074145,-21.08300780722857,5.283495656487119,-19.042122138252793,3.2426099875113437,-21.993821294635723,6.194309143894273,0.9108134874071538,0.4,1.0,0.9780149580741484,0.0,0.0,0.09999999999999998,18.967300415039062,9.357020378112793,1.0
89143.0,74.0,10.0,4.0,-14.353491966881187,-20.516091335371026,6.16259936848984,-17.11367045079412,2.7601784839129344,-20.871764697822684,6.518272730941497,0.3556733624516575,0.6,0.5,0.9678349607348439,1.0,0.0,0.1,18.715299606323242,9.651020050048828,1.0
89740.0,75.0,10.0,4.0,-15.32253005224778,-22.30152774780912,6.9789976955613415,-19.97004437016986,4.647514317922079,-22.627387892956484,7.304857840708705,0.32586014514736306,0.4,1.0,0.9736783689615508,0.0,0.0,0.1,18.645299911499023,9.749019622802734,1.0
90336.0,76.0,10.0,4.0,-16.922126965969976,-20.076269266644537,3.154142300674561,-21.848312117325218,4.9261851513552415,-22.56334490198909,5.641217936019114,2.487075635344553,1.2,0.75,0.9856981986739598,0.0,0.5,0.1,18.56130027770996,9.847020149230957,1.0
92423.0,77.0,10.0,4.0,-13.61660079319491,-22.080073086617627,8.463472293422717,-20.5510338202984,6.9344330271034895,-22.103448910882086,8.486848117687176,0.023375824264459055,0.6,1.0,0.9583349114705051,0.0,0.0,0.10000000000000002,18.88330078125,10.182999610900879,1.0
93616.0,78.0,10.0,4.0,-15.016611972454426,-14.51359880508755,-0.5030131673668752,-12.46540157786776,-2.551210394586665,-16.623394289183942,1.6067823167295163,2.1097954840963915,0.2,1.0,0.9717610460941415,0.0,0.0,0.1,18.729299545288086,10.378999710083008,1.0
95106.0,79.0,10.0,4.0,-14.126918763551844,-17.8743683386708,3.7474495751189547,-13.52471979499821,-0.6021989685536333,-20.547575049438798,6.420656285886954,2.6732067107679995,0.4,0.75,0.9658859010202874,3.5355339059327378,0.0,0.10000000000000002,19.121299743652344,10.616999626159668,1.0
95404.0,80.0,10.0,4.0,-14.639111455803612,-17.11643528106191,2.477323825258299,-18.837334473035312,4.198223017231701,-19.809863622042066,5.170752166238454,2.693428340980155,1.2,0.75,0.9693625431401021,0.5,0.0,0.1,18.4773006439209,10.67300033569336,1.0
96597.0,81.0,10.0,4.0,-14.930527445750476,-21.977781353801348,7.047253908050871,-19.638631408694852,4.708103962944376,-22.267452118739342,7.336924672988866,0.2896707649379948,0.6,1.0,0.969909958668024,0.0,0.0,0.1,19.527299880981445,10.854999542236328,1.0
96895.0,82.0,10.0,4.0,-15.77337282237445,-16.49523117727666,0.7218583549022117,-13.545284075957964,-2.2280887464164856,-18.656819210958535,2.883446388584085,2.1615880336818734,0.4,1.0,0.9771621478045528,0.0,0.0,0.1,18.88330078125,10.91100025177002,1.0
98386.0,83.0,10.0,4.0,-15.336934836336933,-16.793770104906113,1.4568352685691792,-13.219061717297384,-2.1178731190395492,-19.024954543386297,3.6880197070493637,2.2311844384801844,0.4,0.75,0.9789037363537724,0.8660254037844386,0.0,0.09999999999999999,19.2893009185791,11.14900016784668,1.0
98982.0,84.0,10.0,4.0,-16.292997363683398,-22.25413168409297,5.961134320409574,-20.311512673134892,4.0185153094514945,-22.342727765111672,6.049730401428274,0.08859608101870009,0.6,1.0,0.980329528931512,0.0,0.0,0.10000000000000002,19.205299377441406,11.246999740600586,1.0
99877.0,85.0,10.0,4.0,-12.293782630477644,-13.965785943732246,1.6720033132546028,-12.780996008188021,0.4872133777103773,-14.859408685273031,2.5656260547953877,0.8936227415407849,0.4,1.0,0.9420302919923631,0.0,0.0,0.1,18.491300582885742,11.401000022888184,1.0
105839.0,86.0,10.0,4.0,-14.612742737989812,-21.99125130334157,7.378508565351758,-16.88358272656449,2.2708399885746786,-23.982939708213614,9.370196970223802,1.9916884048720433,0.4,1.0,0.9669314562899309,0.0,0.0,0.09999999999999999,18.88330078125,12.366999626159668,1.0
106137.0,87.0,10.0,4.0,-13.195242635822211,-18.218045279890017,5.022802644067806,-14.93020225188089,1.7349596160586795,-18.871933012814644,5.676690376992433,0.6538877329246269,0.4,0.75,0.9579261116954655,0.0,0.5,0.1,19.443300247192383,12.409000396728516,1.0
107330.0,88.0,10.0,4.0,-13.357347999471905,-14.47030253379203,1.1129545343201244,-13.073202900434733,-0.2841450990371719,-15.457073940458269,2.099725940986364,0.9867714066662394,0.4,1.0,0.9579766111961345,0.0,0.0,0.10000000000000002,19.2893009185791,12.604999542236328,1.0
107926.0,89.0,10.0,4.0,-13.27041805606479,-24.867371124626317,11.596953068561527,-22.77445557672098,9.504037520656192,-24.685970572461496,11.415552516396707,-0.18140055216482054,0.6,1.0,0.9549989229844401,0.0,0.0,0.09999999999999998,19.205299377441406,12.70300006866455,1.0
108523.0,90.0,10.0,4.0,-14.914130029493675,-16.999008519820748,2.084878490327073,-13.562016850487492,-1.3521131790061833,-19.449146002730703,4.535015973237028,2.4501374829099554,0.4,1.0,0.971168686395094,0.0,0.0,0.1,19.135299682617188,12.800999641418457,1.0
108821.0,91.0,10.0,4.0,-13.804860703810233,-25.592756433977605,11.787895730167373,-23.01155802259902,9.206697318788786,-25.50278283973906,11.697922135928826,-0.0899735942385469,0.6,1.0,0.9604310248195901,0.0,0.0,0.09999999999999999,18.491300582885742,12.857000350952148,1.0
109119.0,92.0,10.0,4.0,-13.562348890998026,-23.290176699930072,9.727827808932046,-21.683094598418275,8.12074570742025,-23.21924941386149,9.656900522863465,-0.07092728606858145,0.6,1.0,0.9586825438473706,0.0,0.0,0.1,19.051300048828125,12.89900016784668,1.0
110311.0,93.0,10.0,4.0,-13.075341069868315,-20.900844903195825,7.8255038333275095,-20.125547911256206,7.05020684138789,-20.824211842423892,7.748870772555577,-0.07663306077193255,0.6,0.75,0.9535110123246703,0.7071067811865476,0.5,0.1,18.88330078125,13.095000267028809,1.0
111504.0,94.0,10.0,4.0,-12.012962894505698,-18.908185212534928,6.89522231802923,-15.354422311645246,3.341459417139548,-19.128837249762483,7.115874355256786,0.22065203722755555,0.6,0.75,0.94290427872459,0.5,0.0,0.09999999999999999,18.729299545288086,13.291000366210938,1.0
114187.0,95.0,10.0,4.0,-12.470716866793023,-26.021541745226635,13.550824878433612,-25.04718101144416,12.576464144651137,-26.658805697391195,14.188088830598172,0.6372639521645596,0.8,1.0,0.9444104519251882,0.0,0.0,0.09999999999999998,18.967300415039062,13.725000381469727,1.0
116274.0,96.0,10.0,4.0,-13.009140608121989,-20.562274723755078,7.553134115633089,-16.420638695146387,3.4114980870243983,-20.910070708365517,7.900930100243528,0.34779598461043904,0.6,1.0,0.9521647929262362,0.0,0.0,0.1,19.2893009185791,14.060999870300293,1.0
116572.0,97.0,10.0,4.0,-12.812909925121595,-25.554376187842223,12.741466262720628,-24.32670197807219,11.513792052950595,-25.77323965986148,12.960329734739886,0.21886347201925815,0.8,1.0,0.9497230100604791,0.0,0.0,0.09999999999999998,18.645299911499023,14.116999626159668,1.0
116871.0,98.0,10.0,4.0,-12.843141865423807,-23.20802971833529,10.364887852911483,-17.52438022846302,4.681238363039213,-23.60815434366826,10.765012478244454,0.4001246253329711,0.6,1.0,0.9503233644682169,0.0,0.0,0.1,19.21929931640625,14.159000396728516,1.0
118063.0,99.0,10.0,4.0,-13.75261046225175,-20.59868018792158,6.84606972566983,-15.770662685436093,2.018052223184343,-21.724660521792856,7.972050059541106,1.1259803338712757,0.4,1.0,0.9604019099525909,0.0,0.0,0.09999999999999996,19.051300048828125,14.354999542236328,1.0
0.0,0.0,10.0,8.0,-15.319054448248684,-18.827323067488972,3.5082686192402885,-19.50090544557154,4.181850997322856,-20.25525645357329,4.9362020053246045,1.427933386084316,1.2,0.75,0.9803159032032264,2.4238399287081647,0.5,0.1,26.33989906311035,6.1804399490356445,0.6000000238418579
298.0,1.0,10.0,8.0,-14.175304220944318,-21.598043981390607,7.422739760446289,-22.09492244584984,7.919618224905522,-22.252546243459484,8.077242022515167,0.6545022620688776,1.2,1.0,0.9702442507452991,0.0,0.0,0.09999999999999999,26.899900436401367,6.200439929962158,0.6000000238418579
596.0,2.0,10.0,8.0,-15.637754408420035,-24.45616351424941,8.818409105829376,-24.803464437042393,9.165710028622359,-24.803464437042393,9.165710028622359,0.3473009227929822,1.0,0.875,0.9783851876150121,0.7071067811865476,0.3535533905932738,0.09999999999999999,27.45989990234375,6.220439910888672,0.6000000238418579
1192.0,3.0,10.0,8.0,-13.982692239708763,-20.833391960637716,6.850699720928953,-21.158279274161636,7.175587034452873,-21.165148588429616,7.182456348720853,0.3317566277919006,1.2,0.875,0.968698487226263,0.6123724356957945,0.0,0.09999999999999999,27.36989974975586,6.270440101623535,0.6000000238418579
2683.0,4.0,10.0,8.0,-16.143388379340664,-20.585194945268064,4.441806565927401,-20.799192824331925,4.6558044449912614,-21.134102716876185,4.990714337535522,0.5489077716081212,1.2,0.75,0.9838342402129292,0.5,0.0,0.1,26.54990005493164,6.400440216064453,0.6000000238418579
2981.0,5.0,10.0,8.0,-13.631986832880298,-19.275070890737958,5.64308405785766,-19.341341222739686,5.709354389859389,-19.469618708124763,5.837631875244465,0.19454781738680538,1.2,0.75,0.9665522913631419,9.219544457292887,0.0,0.09999999999999998,27.109899520874023,6.420440196990967,0.6000000238418579
3875.0,6.0,10.0,8.0,-13.543510862470338,-18.83372409898364,5.290213236513303,-19.22339994971205,5.679889087241712,-19.303855214651612,5.760344352181274,0.4701311156679715,1.2,0.75,0.9695331638036639,9.924716620639604,0.5,0.1,26.36989974975586,6.5004401206970215,0.6000000238418579
4173.0,7.0,10.0,8.0,-14.08805676076937,-17.293090680084536,3.2050339193151665,-17.892882542868335,3.804825782098966,-18.680648398029742,4.592591637260373,1.3875577179452065,1.2,0.75,0.9720060766309321,6.051859218455102,0.3535533905932738,0.10000000000000002,26.929899215698242,6.520440101623535,0.6000000238418579
4472.0,8.0,10.0,8.0,-13.86780429578316,-22.428193499584125,8.560389203800966,-22.89428601213092,9.02648171634776,-23.08047660965489,9.212672313871732,0.6522831100707656,1.2,0.75,0.9643923384207412,1.1726039399558574,0.0,0.1,27.499900817871094,6.540440082550049,0.6000000238418579
5366.0,9.0,10.0,8.0,-13.557083196146811,-18.49067970635413,4.933596510207318,-18.32041298665192,4.763329790505109,-18.52127302646049,4.96418983031368,0.0305933201063624,0.6,0.75,0.967842375209646,2.318404623873926,0.5,0.1,26.759899139404297,6.6204400062561035,0.6000000238418579
6260.0,10.0,10.0,8.0,-15.464270867426537,-17.539132845631237,2.0748619782046998,-17.468167118885095,2.003896251458558,-17.549839745753964,2.085568878327427,0.010706900122727347,0.6,0.75,0.9858723382785071,8.551315688243536,0.3535533905932738,0.10000000000000002,27.229900360107422,6.6904401779174805,0.6000000238418579
7453.0,11.0,10.0,8.0,-14.416406526297475,-21.19266908228717,6.776262555989696,-21.54016094239434,7.123754416096865,-21.67862690276563,7.262220376468154,0.4859578204784576,1.2,0.875,0.9721610692015112,0.6123724356957945,0.0,0.1,27.059900283813477,6.790440082550049,0.6000000238418579
8646.0,12.0,10.0,8.0,-14.730421434723265,-16.60868312588894,1.878261691165676,-17.218674256531045,2.48825282180778,-17.506081215730646,2.7756597810073806,0.8973980898417047,1.2,0.75,0.980454730034226,10.142731387550397,0.3535533905932738,0.10000000000000002,26.88990020751953,6.890439987182617,0.6000000238418579
10434.0,13.0,10.0,8.0,-13.41060210559148,-19.909150676702396,6.498548571110916,-20.13137525108697,6.720773145495489,-20.2295629487757,6.818960843184222,0.32041227207330536,1.2,0.875,0.9641964721784716,3.181980515339464,0.0,0.1,26.61989974975586,7.040440082550049,0.6000000238418579
10733.0,14.0,10.0,8.0,-14.00392059033269,-21.224774401454635,7.220853811121945,-21.001848646641285,6.997928056308595,-21.20747163478365,7.203551044450961,-0.017302766670983516,0.6,0.75,0.9659446678631327,0.5,0.5,0.09999999999999998,27.189899444580078,7.0604400634765625,0.6000000238418579
11031.0,15.0,10.0,8.0,-15.835487958786949,-18.792539028925372,2.957051070138423,-18.546513646257896,2.711025687470947,-18.909801070588465,3.0743131118015157,0.11726204166309273,0.4,0.875,0.9839582853018547,0.0,0.3535533905932738,0.1,26.539899826049805,7.090439796447754,0.6000000238418579
12820.0,16.0,10.0,8.0,-13.06776968528906,-18.178480196603193,5.110710511314133,-18.082122496942866,5.014352811653806,-18.170432847714824,5.102663162425765,-0.008047348888368333,1.2,0.75,0.962988165269072,6.45174395028197,0.0,0.1,27.489900588989258,7.230440139770508,0.6000000238418579
14608.0,17.0,10.0,8.0,-15.378651998311083,-17.04080788522131,1.6621558869102255,-17.2637199104086,1.885067912097517,-17.267318501949855,1.8886665036387722,0.22651061672854667,1.2,0.75,0.9858666746709539,5.787918451395113,0.5,0.09999999999999998,27.219900131225586,7.3804402351379395,0.6000000238418579
16397.0,18.0,10.0,8.0,-13.494152131621881,-19.853853447940942,6.359701316319061,-19.70566189049738,6.211509758875501,-19.843219620194255,6.3490674885723735,-0.01063382774668753,0.6,0.75,0.9668545951642495,9.219544457292887,0.3535533905932738,0.10000000000000002,26.95989990234375,7.530439853668213,0.6000000238418579
16695.0,19.0,10.0,8.0,-14.20719833537968,-18.67178488527342,4.464586549893742,-18.493725113497423,4.286526778117743,-18.671021567405546,4.463823232025867,-0.0007633178678752017,0.6,0.75,0.9742288985522681,4.834769901453429,0.3535533905932738,0.1,27.519899368286133,7.550439834594727,0.6000000238418579
16994.0,20.0,10.0,8.0,-14.71092880180496,-17.095824809163634,2.384896007358675,-17.5839375220519,2.8730087202469416,-18.083832796539888,3.372903994734928,0.9880079873762533,1.2,0.75,0.9771933141225918,3.2596012026013246,0.3535533905932738,0.1,26.879899978637695,7.580440044403076,0.6000000238418579
17590.0,21.0,10.0,8.0,-15.62579944115847,-20.831689975348056,5.205890534189585,-23.009866402752728,7.384066961594257,-23.667209591490618,8.041410150332148,2.8355196161425624,1.2,0.875,0.9775943513603815,0.9354143466934853,0.0,0.1,26.789899826049805,7.6304402351379395,0.6000000238418579
18186.0,22.0,10.0,8.0,-14.094533820862548,-19.947002922893283,5.852469102030735,-20.25205443295277,6.157520612090224,-20.493289202634088,6.39875538177154,0.546286279740805,1.2,0.75,0.9722567975013116,9.68891118753805,0.0,0.09999999999999999,26.699899673461914,7.6804399490356445,0.6000000238418579
19080.0,23.0,10.0,8.0,-14.097653397025983,-21.580413538056682,7.482760141030699,-22.30367176887225,8.206018371846266,-22.677231680778082,8.579578283752099,1.0968181427213999,1.2,0.875,0.9688771606555088,0.7071067811865476,0.3535533905932738,0.1,27.16990089416504,7.7504401206970215,0.6000000238418579
20571.0,24.0,10.0,8.0,-12.816105206876614,-18.196906328033716,5.380801121157102,-17.846214250346176,5.030109043469562,-18.223608543697456,5.407503336820842,0.026702215663739537,0.6,0.625,0.9597852514167023,5.477225575051661,0.3535533905932738,0.1,26.349899291992188,7.8804402351379395,0.6000000238418579
21167.0,25.0,10.0,8.0,-15.03841534764744,-20.753948223343265,5.715532875695825,-19.988834205817284,4.950418858169844,-20.704849903959932,5.666434556312492,-0.04909831938333298,0.8,0.75,0.978888274897223,14.004463574160917,0.5,0.09999999999999999,27.469900131225586,7.920440196990967,0.6000000238418579
23254.0,26.0,10.0,8.0,-14.624321052243124,-19.239550867660068,4.615229815416944,-19.432891741370437,4.808570689127313,-19.61454293528462,4.990221883041498,0.3749920676245537,1.2,0.75,0.9764787282213704,8.838834764831844,0.5,0.10000000000000002,26.559900283813477,8.10044002532959,0.6000000238418579
23553.0,27.0,10.0,8.0,-15.304957883448784,-19.175441149802467,3.8704832663536823,-19.102847803208185,3.7978899197594007,-19.20148921655818,3.8965313331093956,0.02604806675571325,1.2,0.875,0.9821752133156546,7.123903424387503,0.3535533905932738,0.1,27.129899978637695,8.120439529418945,0.6000000238418579
23851.0,28.0,10.0,8.0,-14.546786766410932,-19.671002162737132,5.1242153963262,-19.658373669271015,5.111586902860083,-19.698262302701323,5.151475536290391,0.02726013996419141,0.8,0.875,0.9756589849219024,1.0,0.0,0.1,26.479900360107422,8.150440216064453,0.6000000238418579
25341.0,29.0,10.0,8.0,-14.703278835882909,-20.486443491567748,5.783164655684839,-20.997766405507544,6.294487569624636,-21.257684738502913,6.5544059026200046,0.7712412469351655,1.2,0.75,0.9772588533538604,2.979093821953246,0.3535533905932738,0.1,26.859899520874023,8.270440101623535,0.6000000238418579
25640.0,30.0,10.0,8.0,-14.06947953092014,-19.617068453888177,5.547588922968037,-20.15533904878977,6.085859517869631,-20.462997034984248,6.393517504064109,0.8459285810960715,1.2,0.875,0.9705080347998588,6.754628043053148,0.3535533905932738,0.1,27.429899215698242,8.29043960571289,0.6000000238418579
26832.0,31.0,10.0,8.0,-16.876267796177338,-22.572267552762927,5.695999756585589,-21.850324920862324,4.974057124684986,-22.60402411873876,5.727756322561422,0.031756565975832984,0.6,0.875,0.9847338429995872,0.9354143466934853,0.0,0.09999999999999999,27.249900817871094,8.390439987182617,0.6000000238418579
28025.0,32.0,10.0,8.0,-17.56461143445807,-19.51861142660869,1.9539999921506208,-19.308439648215835,1.7438282137577659,-19.523244317235353,1.9586328827772839,0.004632890626663055,0.6,0.75,0.9898190758627323,2.5495097567963922,0.0,0.10000000000000002,27.07990074157715,8.490440368652344,0.6000000238418579
28919.0,33.0,10.0,8.0,-15.228913262948291,-19.98930392698332,4.760390664035031,-20.139414392495002,4.910501129546711,-20.29029313097942,5.06137986803113,0.3009892039960995,1.2,0.875,0.9793572312592428,9.226321043622967,0.3535533905932738,0.09999999999999998,26.33989906311035,8.570440292358398,0.6000000238418579
37863.0,34.0,10.0,8.0,-14.00085985952813,-20.14286780684145,6.142007947313321,-20.472968559115678,6.472108699587547,-20.472968559115678,6.472108699587547,0.33010075227422675,1.0,1.0,0.9695887716274044,0.0,0.0,0.09999999999999998,27.449899673461914,9.300439834594727,0.6000000238418579
38460.0,35.0,10.0,8.0,-15.857266381031556,-18.113623826875678,2.256357445844122,-18.740508110216197,2.8832417291846415,-19.047272846116215,3.190006465084659,0.9336490192405371,1.2,0.625,0.9843334263882119,6.164414002968976,0.3535533905932738,0.09999999999999998,27.36989974975586,9.35044002532959,0.6000000238418579
42335.0,36.0,10.0,8.0,-15.798261509219211,-21.25531397507875,5.4570524658595385,-21.61988471721042,5.821623207991211,-21.96037157331518,6.162110064095968,0.7050575982364293,1.2,0.875,0.9807348388564723,2.1213203435596424,0.0,0.09999999999999999,27.399900436401367,9.670439720153809,0.6000000238418579
42932.0,37.0,10.0,8.0,-14.91992307456669,-19.071931513128185,4.152008438561495,-18.607141244522726,3.6872181699560365,-19.13578655554217,4.215863480975479,0.06385504241398365,0.6,0.75,0.9782203354556883,7.874007874011811,0.5,0.1,27.319900512695312,9.720439910888672,0.6000000238418579
43230.0,38.0,10.0,8.0,-14.702618632276756,-23.449102732891912,8.746484100615156,-23.76713558383763,9.064516951560872,-23.91262223506221,9.210003602785452,0.46351950217029625,1.2,0.875,0.971726784555648,0.9354143466934853,0.3535533905932738,0.10000000000000002,26.66990089416504,9.750439643859863,0.6000000238418579
48000.0,39.0,10.0,8.0,-15.041112188760755,-22.384207559784343,7.343095371023589,-23.22482754005027,8.183715351289516,-23.46122939780868,8.420117209047925,1.0770218380243364,1.2,0.875,0.9742335321321006,0.7071067811865476,0.0,0.10000000000000005,27.179899215698242,10.140399932861328,0.6000000238418579
53068.0,40.0,10.0,8.0,-14.898860135990247,-20.63817065188442,5.7393105158941715,-20.893820470607608,5.99496033461736,-21.064661265658838,6.165801129668591,0.4264906137744191,1.2,0.875,0.9756709200931037,0.0,0.3535533905932738,0.1,27.039899826049805,10.560400009155273,0.6000000238418579
54559.0,41.0,10.0,8.0,-16.96856200994834,-17.263965209811793,0.2954031998634541,-16.65136855009087,-0.3171934598574708,-17.52119699368609,0.5526349837377502,0.2572317838742961,0.4,0.625,0.9909473690133243,10.031201323869439,0.6123724356957945,0.1,27.429899215698242,10.680399894714355,0.6000000238418579
55454.0,42.0,10.0,8.0,-14.179394612777678,-21.45701253422247,7.277617921444794,-21.87773476960182,7.698340156824141,-21.959255383543134,7.779860770765456,0.5022428493206625,1.2,0.75,0.9688831493810328,1.0,0.3535533905932738,0.09999999999999999,26.699899673461914,10.76039981842041,0.6000000238418579
57242.0,43.0,10.0,8.0,-16.055479037241593,-20.126787281434552,4.071308244192959,-20.073204425475232,4.0177253882336394,-20.16464821208862,4.109169174847025,0.03786093065406604,0.8,0.875,0.9836029467233464,8.838834764831844,0.0,0.1,26.429899215698242,10.910400390625,0.6000000238418579
57839.0,44.0,10.0,8.0,-15.430173038194837,-23.231908626236134,7.801735588041296,-24.37197117358061,8.941798135385774,-24.89623232312502,9.466059284930182,1.6643236968888857,1.2,0.875,0.9772317982041568,0.3535533905932738,0.0,0.1,26.349899291992188,10.960399627685547,0.6000000238418579
58733.0,45.0,10.0,8.0,-17.33020329694957,-21.73532738326971,4.405124086320139,-21.30561763667687,3.975414339727301,-21.764736791704227,4.434533494754657,0.02940940843451756,0.6,0.875,0.9862576941518819,0.7071067811865476,0.0,0.1,26.819900512695312,11.030400276184082,0.6000000238418579
60522.0,46.0,10.0,8.0,-16.597246398996077,-20.27874656652831,3.6815001675322314,-20.230518523246612,3.633272124250535,-20.427523724704365,3.8302773257082876,0.1487771581760562,1.2,1.0,0.9842528291777448,0.0,0.0,0.1,26.559900283813477,11.180399894714355,0.6000000238418579
60820.0,47.0,10.0,8.0,-13.77715957473573,-18.31916103170513,4.542001456969398,-18.62902655749115,4.851866982755421,-18.898888361403873,5.121728786668143,0.5797273296987449,1.2,0.75,0.9737705032611784,3.1024184114977142,0.0,0.1,27.11989974975586,11.200400352478027,0.6000000238418579
61416.0,48.0,10.0,8.0,-15.553083041629531,-18.867598813075578,3.3145157714460467,-19.909050252136165,4.355967210506634,-20.289489277137402,4.7364062355078715,1.4218904640618248,1.2,0.75,0.9817286485747045,8.18535277187245,0.3535533905932738,0.1,27.02989959716797,11.250399589538574,0.6000000238418579
63205.0,49.0,10.0,8.0,-15.421123201787946,-21.021712211416382,5.600589009628436,-21.37353138036902,5.952408178581074,-21.7186089279722,6.297485726184252,0.6968967165558162,1.2,0.75,0.979435418667262,2.0,0.3535533905932738,0.1,26.769899368286133,11.400400161743164,0.6000000238418579
63503.0,50.0,10.0,8.0,-14.774922708642064,-20.35786876098665,5.582946052344587,-20.344953877035074,5.57003116839301,-20.4332863961695,5.6583636875274355,0.07541763518284839,1.2,0.75,0.9762058868249183,5.545268253204709,0.3535533905932738,0.09999999999999999,27.32990074157715,11.42039966583252,0.6000000238418579
64398.0,51.0,10.0,8.0,-15.639983768334746,-20.80234730379412,5.1623635354593755,-20.898930651377412,5.258946883042666,-22.399291445537216,6.75930767720247,1.5969441417430943,1.2,0.875,0.9771517369414595,0.7905694150420949,0.3535533905932738,0.10000000000000002,26.599899291992188,11.500399589538574,0.6000000238418579
65590.0,52.0,10.0,8.0,-15.493598965798498,-20.308020521925517,4.814421556127019,-20.45767578422042,4.964076818421923,-20.579839917292738,5.08624095149424,0.27181939536722055,1.2,0.875,0.9817740013558306,1.0,0.0,0.1,26.41990089416504,11.6003999710083,0.6000000238418579
65889.0,53.0,10.0,8.0,-15.092614961888284,-22.509496254580476,7.416881292692192,-22.11061679393234,7.018001832044057,-22.487496389829392,7.394881427941108,-0.021999864751084175,0.6,0.875,0.974311808144817,0.3535533905932738,0.0,0.10000000000000002,26.989900588989258,11.620400428771973,0.6000000238418579
66783.0,54.0,10.0,8.0,-14.176289234838201,-20.84595062994119,6.669661395102988,-21.36423501325372,7.187945778415518,-21.697495638796287,7.521206403958086,0.8515450088550978,1.2,0.875,0.9700612638328463,3.5355339059327378,0.0,0.1,18.715299606323242,6.011020183563232,1.0
67081.0,55.0,10.0,8.0,-14.259934748149716,-15.813385338069567,1.5534505899198514,-13.166090211648067,-1.0938445365016491,-17.30877625135432,3.0488415032046046,1.4953909132847532,0.4,0.5,0.9743100168646667,11.022703842524301,0.5,0.09999999999999998,19.275299072265625,6.053020000457764,1.0
69168.0,56.0,10.0,8.0,-12.428520447346397,-19.55352473226348,7.1250042849170825,-19.99291465665824,7.564394209311843,-20.028515830522117,7.59999538317572,0.47499109825863783,1.2,0.875,0.9509902646327045,0.7071067811865476,0.3535533905932738,0.10000000000000002,18.393299102783203,6.403019905090332,1.0
69466.0,57.0,10.0,8.0,-15.1722735327111,-16.422859916460403,1.2505863837493028,-13.925645123794633,-1.246628408916468,-18.732641926070173,3.560368393359072,2.309782009609769,0.4,0.75,0.9776979255714343,7.106335201775948,0.0,0.1,18.95330047607422,6.4450201988220215,1.0
69764.0,58.0,10.0,8.0,-14.251824656309026,-20.967462645690325,6.7156379893813,-21.48871693732875,7.236892281019724,-21.648392692336323,7.396568036027297,0.6809300466459973,1.2,0.875,0.9696407523650831,0.7071067811865476,0.3535533905932738,0.1,19.5132999420166,6.487020015716553,1.0
70062.0,59.0,10.0,8.0,-16.185833054405705,-17.001635160925478,0.8158021065197723,-14.005509226291135,-2.1803238281145703,-18.907600671717958,2.7217676173122527,1.9059655107924804,0.4,0.75,0.9848009338367135,9.226321043622967,0.3535533905932738,0.10000000000000002,18.869300842285156,6.543019771575928,1.0
70659.0,60.0,10.0,8.0,-15.47689781856775,-17.561160176911322,2.0842623583435724,-14.953520124867271,-0.5233776937004784,-19.291301366656647,3.8144035480888974,1.730141189745325,0.4,0.875,0.9782356351221827,0.8660254037844386,0.0,0.09999999999999999,18.799299240112305,6.641019821166992,1.0
71851.0,61.0,10.0,8.0,-13.763626148103551,-21.699372254467995,7.935746106364444,-22.236395144926377,8.472768996822825,-22.426589340146002,8.66296319204245,0.7272170856780065,1.2,0.75,0.9632167763014349,1.2747548783981961,0.3535533905932738,0.1,18.63129997253418,6.837019920349121,1.0
72448.0,62.0,10.0,8.0,-14.623841878724154,-18.80140054352404,4.177558664799886,-19.813408773186573,5.18956689446242,-20.60034625371237,5.976504374988217,1.798945710188331,1.2,0.875,0.9726283384078309,1.0,0.3535533905932738,0.1,18.56130027770996,6.9350199699401855,1.0
73938.0,63.0,10.0,8.0,-15.259199301501631,-16.86473929022544,1.6055399887238089,-16.865551665298835,1.6063523637972033,-16.9446593570515,1.6854600555498678,0.0799200668260589,1.2,0.625,0.9813325866061512,11.763290356018592,0.6123724356957945,0.1,18.95330047607422,7.173019886016846,1.0
74236.0,64.0,10.0,8.0,-14.921297831300816,-18.952264143639553,4.030966312338737,-18.845053668749024,3.9237558374482084,-19.203533597492527,4.282235766191711,0.2512694538529736,1.2,0.625,0.9783553986056368,1.0606601717798212,0.5,0.1,19.5132999420166,7.215020179748535,1.0
77218.0,65.0,10.0,8.0,-16.29879764843291,-17.073079568441436,0.7742819200085265,-12.853823273267581,-3.4449743751653283,-18.488053997269013,2.1892563488361034,1.414974428827577,0.4,0.625,0.9882187227498404,5.44288526426931,0.0,0.10000000000000002,19.121299743652344,7.705019950866699,1.0
78410.0,66.0,10.0,8.0,-15.104011870047858,-17.696995410883837,2.592983540835979,-17.362859828443998,2.2588479583961405,-17.805462270464727,2.701450400416869,0.10846685958088997,0.4,0.875,0.9812728789656752,9.5524865872714,0.3535533905932738,0.1,18.95330047607422,7.901020050048828,1.0
81988.0,67.0,10.0,8.0,-17.848309075124536,-21.80704694965442,3.9587378745298842,-20.752996926642588,2.9046878515180516,-21.886172221182388,4.037863146057852,0.07912527152796756,0.6,1.0,0.9870605111643369,0.0,0.0,0.10000000000000005,18.4773006439209,8.489020347595215,1.0
82584.0,68.0,10.0,8.0,-15.448659381490447,-14.325300479052226,-1.1233589024382216,-12.597419487363934,-2.851239894126513,-16.621654130734402,1.172994749243955,2.2963536516821765,0.2,0.875,0.9771186938606196,3.570714214271425,0.3535533905932738,0.09999999999999999,18.393299102783203,8.587019920349121,1.0
83181.0,69.0,10.0,8.0,-16.483443327569624,-16.581783354445445,0.098340026875821,-16.003426692094852,-0.48001663547477236,-17.859403538636652,1.375960211067028,1.277620184191207,0.2,0.875,0.9911573701003772,5.303300858899107,0.3535533905932738,0.10000000000000002,19.527299880981445,8.671019554138184,1.0
84671.0,70.0,10.0,8.0,-14.031472141549571,-13.882736026057778,-0.14873611549179344,-11.900816813447568,-2.1306553281020033,-15.331649898860423,1.300177757310852,1.4489138728026454,0.2,0.5,0.9799692380984221,13.63359820443598,0.5,0.1,18.715299606323242,8.923020362854004,1.0
84970.0,71.0,10.0,8.0,-16.21682372741581,-18.901238063897694,2.6844143364818827,-18.153365900577562,1.936542173161751,-19.590564036695074,3.3737403092792633,0.6893259727973806,0.4,0.75,0.9847092109798758,6.461423991660043,0.5,0.1,19.2893009185791,8.965020179748535,1.0
85864.0,72.0,10.0,8.0,-14.297374537273663,-16.117583620995553,1.82020908372189,-15.469063637620511,1.171689100346848,-16.633838998723075,2.3364644614494114,0.5162553777275214,0.4,0.625,0.9793964206143297,14.269723192830336,0.0,0.1,18.56130027770996,9.119020462036133,1.0
87355.0,73.0,10.0,8.0,-14.07464934845309,-16.301718918437683,2.227069569984593,-15.62666789029947,1.5520185418463797,-16.662986699071762,2.588337350618673,0.3612677806340798,0.4,0.5,0.9783878574091849,12.252550754842845,0.0,0.09999999999999998,18.967300415039062,9.357020378112793,1.0
89143.0,74.0,10.0,8.0,-16.844322091980697,-21.267438888208943,4.423116796228246,-21.406215749309887,4.56189365732919,-21.671664055929455,4.827341963948758,0.40422516772051154,1.2,0.875,0.9877917050866482,4.286607049870562,0.3535533905932738,0.1,18.715299606323242,9.651020050048828,1.0
89740.0,75.0,10.0,8.0,-16.06726806703932,-19.00605380531711,2.93878573827779,-19.398728463715074,3.331460396675755,-19.759669930450055,3.692401863410737,0.7536161251329467,1.2,0.875,0.9862744728741856,1.2747548783981961,0.0,0.1,18.645299911499023,9.749019622802734,1.0
90336.0,76.0,10.0,8.0,-16.226192825398407,-17.02394239711426,0.7977495717158547,-17.51438244499098,1.288189619592572,-17.89621809834635,1.6700252729479423,0.8722757012320876,1.2,0.5,0.9896771568371532,10.41633332799983,0.6123724356957945,0.1,18.56130027770996,9.847020149230957,1.0
92423.0,77.0,10.0,8.0,-15.05206093413529,-18.872190423722103,3.8201294895868134,-18.870361335283885,3.818300401148596,-19.101583893856045,4.049522959720756,0.2293934701339424,1.2,0.75,0.976945736719476,1.8027756377319946,0.0,0.10000000000000002,18.88330078125,10.182999610900879,1.0
93616.0,78.0,10.0,8.0,-16.11186640923594,-14.158253897975083,-1.9536125112608573,-12.450645408127492,-3.661221001108448,-16.73017654783686,0.6183101386009184,2.5719226498617758,0.2,0.875,0.9827030924742117,2.179449471770337,0.3535533905932738,0.1,18.729299545288086,10.378999710083008,1.0
95106.0,79.0,10.0,8.0,-16.941838332568576,-21.257421007418607,4.315582674850031,-21.202337941558334,4.2604996089897575,-21.441185316110534,4.499346983541958,0.18376430869192717,1.2,0.875,0.9857050686451174,2.207940216581962,0.0,0.10000000000000002,19.121299743652344,10.616999626159668,1.0
95404.0,80.0,10.0,8.0,-15.589350079094423,-17.553531430947537,1.9641813518531137,-17.828329965222895,2.2389798861284724,-17.977600987143173,2.38825090804875,0.42406955619563647,1.2,0.875,0.9869022352469502,5.7118298293979315,0.0,0.1,18.4773006439209,10.67300033569336,1.0
96597.0,81.0,10.0,8.0,-14.529204895677028,-18.289567452243375,3.7603625565663474,-17.99807487205889,3.4688699763818622,-18.33864362512665,3.8094387294496226,0.04907617288327515,0.6,0.75,0.9769430384358875,1.0,0.0,0.1,19.527299880981445,10.854999542236328,1.0
96895.0,82.0,10.0,8.0,-14.546095593944024,-14.267297458728848,-0.27879813521517605,-12.349351061873264,-2.1967445320707597,-15.66662662341287,1.1205310294688466,1.3993291646840227,0.2,0.75,0.9826877119031959,8.895223437328598,0.3535533905932738,0.1,18.88330078125,10.91100025177002,1.0
98386.0,83.0,10.0,8.0,-16.097376837125623,-18.64995038298702,2.552573545861396,-18.476181253328413,2.37880441620279,-18.81521489778448,2.717838060658856,0.1652645147974603,0.4,0.75,0.989215777867561,6.754628043053148,0.3535533905932738,0.09999999999999999,19.2893009185791,11.14900016784668,1.0
98982.0,84.0,10.0,8.0,-15.275600345575377,-18.22677605970369,2.9511757141283113,-17.901661704015456,2.6260613584400794,-18.226019066190315,2.9504187206149375,-0.0007569935133737715,0.6,0.625,0.9843714038432227,12.434830115445887,0.6123724356957945,0.10000000000000002,19.205299377441406,11.246999740600586,1.0
99877.0,85.0,10.0,8.0,-15.4914220603175,-20.4741336975107,4.982711637193198,-20.44984166252902,4.958419602211521,-20.47315481944147,4.981732759123968,-0.000978878069229694,0.8,1.0,0.9752663446655102,0.0,0.0,0.1,18.491300582885742,11.401000022888184,1.0
105839.0,86.0,10.0,8.0,-15.770675256160105,-22.654495927191995,6.88382067103189,-23.007704309327515,7.23702905316741,-23.398845150068887,7.628169893908781,0.7443492228768918,1.2,0.75,0.9792163529320523,1.0,0.3535533905932738,0.09999999999999999,18.88330078125,12.366999626159668,1.0
106137.0,87.0,10.0,8.0,-15.673490322118466,-20.399632090345804,4.726141768227338,-20.460222218081068,4.7867318959626015,-20.570095826736015,4.896605504617549,0.17046373639021084,1.2,0.875,0.9811173527560122,1.0,0.0,0.1,19.443300247192383,12.409000396728516,1.0
107330.0,88.0,10.0,8.0,-15.73880249705958,-19.294994582446762,3.556192085387181,-19.571058289231107,3.8322557921715266,-19.958022178242988,4.219219681183407,0.6630275957962262,1.2,0.875,0.979999020597528,0.8660254037844386,0.0,0.10000000000000002,19.2893009185791,12.604999542236328,1.0
107926.0,89.0,10.0,8.0,-15.217104910485595,-21.53213816414929,6.315033253663696,-20.880863093886607,5.663758183401011,-21.627377978170777,6.410273067685182,0.09523981402148607,0.6,0.875,0.9750155438192176,0.6123724356957945,0.0,0.09999999999999998,19.205299377441406,12.70300006866455,1.0
108523.0,90.0,10.0,8.0,-15.465470581393761,-17.546361294955318,2.0808907135615566,-16.315468264526643,0.8499976831328819,-18.600559196705714,3.135088615311952,1.0541979017503955,0.4,0.75,0.9803821054529276,0.7071067811865476,0.0,0.1,19.135299682617188,12.800999641418457,1.0
108821.0,91.0,10.0,8.0,-15.078784604713727,-19.978633625191257,4.8998490204775305,-19.793196525947256,4.714411921233529,-19.98648411246205,4.907699507748324,0.007850487270793849,0.6,0.75,0.977413609749816,6.754628043053148,0.0,0.09999999999999999,18.491300582885742,12.857000350952148,1.0
109119.0,92.0,10.0,8.0,-14.976945400193067,-20.15488965233825,5.177944252145185,-19.93906132587419,4.962115925681122,-20.139179761248517,5.16223436105545,-0.01570989108973464,0.6,0.875,0.9784579170309137,0.0,0.3535533905932738,0.1,19.051300048828125,12.89900016784668,1.0
110311.0,93.0,10.0,8.0,-16.126648560252313,-20.22584015224553,4.099191591993218,-19.964320617628108,3.8376720573757943,-20.25932658523484,4.132678024982528,0.03348643298931009,0.6,0.875,0.9804623791723769,1.0606601717798212,0.0,0.1,18.88330078125,13.095000267028809,1.0
111504.0,94.0,10.0,8.0,-14.19289951144571,-19.556670865507307,5.363771354061598,-19.301860557416866,5.1089610459711565,-19.578289088940334,5.3853895774946245,0.021618223433026884,0.6,0.875,0.9716781420635394,7.44983221287567,0.3535533905932738,0.09999999999999999,18.729299545288086,13.291000366210938,1.0
114187.0,95.0,10.0,8.0,-14.008272016562948,-21.10950503769037,7.10123302112742,-21.846352104977598,7.8380800884146495,-22.412120890104994,8.403848873542046,1.3026158524146254,1.2,0.875,0.9676178441983377,2.4748737341529163,0.0,0.09999999999999998,18.967300415039062,13.725000381469727,1.0
116274.0,96.0,10.0,8.0,-13.773220224935564,-18.924564116062317,5.1513438911267535,-17.62571448132,3.8524942563844355,-19.07330903282431,5.300088807888745,0.14874491676199142,0.6,0.75,0.96515193552813,1.4577379737113252,0.0,0.1,19.2893009185791,14.060999870300293,1.0
116572.0,97.0,10.0,8.0,-14.991099359470283,-21.334344114621988,6.343244755151705,-21.78157565063609,6.790476291165806,-22.090477862685635,7.099378503215352,0.7561337480636467,1.2,1.0,0.97598426411082,0.0,0.0,0.09999999999999998,18.645299911499023,14.116999626159668,1.0
116871.0,98.0,10.0,8.0,-14.221199299267141,-21.442584029895087,7.221384730627946,-21.13278723451502,6.91158793524788,-21.410077352966823,7.188878053699682,-0.032506676928264255,0.6,0.75,0.9691239766178256,1.4142135623730951,0.3535533905932738,0.1,19.21929931640625,14.159000396728516,1.0
118063.0,99.0,10.0,8.0,-14.483996374769069,-18.11321598779817,3.629219613029102,-16.59015827431976,2.10616189955069,-18.8114824894281,4.327486114659033,0.6982665016299308,0.4,0.875,0.9738318161260445,2.850438562747845,0.5,0.09999999999999996,19.051300048828125,14.354999542236328,1.0
0.0,0.0,10.0,16.0,-14.121756689651265,-15.791980823399246,1.6702241337479808,-15.98526118029204,1.863504490640775,-16.20179164776659,2.0800349581153252,0.4098108243673444,1.2,0.5625,0.9858322113221648,9.711462299777516,0.6614378277661477,0.1,26.33989906311035,6.1804399490356445,0.6000000238418579
298.0,1.0,10.0,16.0,-12.987526395455687,-16.132228982785925,3.1447025873302383,-16.191029111868062,3.203502716412375,-16.238388574745322,3.2508621792896353,0.10615959195939695,1.2,0.625,0.9740513629575138,11.00568035152757,0.4330127018922193,0.09999999999999999,26.899900436401367,6.200439929962158,0.6000000238418579
596.0,2.0,10.0,16.0,-14.194940040858643,-15.963035521230708,1.7680954803720645,-15.683699296393058,1.488759255534415,-16.093294673144342,1.8983546322856988,0.13025915191363424,0.4,0.625,0.9839099376593101,8.905756565278438,0.5,0.09999999999999999,27.45989990234375,6.220439910888672,0.6000000238418579
1192.0,3.0,10.0,16.0,-13.036596381638459,-15.450037960041389,2.4134415784029297,-15.572262078378905,2.5356656967404465,-15.685425523866638,2.6488291422281787,0.23538756382524895,1.2,0.6875,0.977963584789094,8.242420760917268,0.25,0.09999999999999999,27.36989974975586,6.270440101623535,0.6000000238418579
2683.0,4.0,10.0,16.0,-13.3537314688261,-14.953529878331988,1.5997984095058886,-15.111626157840918,1.7578946890148188,-15.31123626608885,1.9575047972627502,0.3577063877568616,1.2,0.5,0.9842257277508433,9.53283798246881,0.5590169943749475,0.1,26.54990005493164,6.400440216064453,0.6000000238418579
2981.0,5.0,10.0,16.0,-12.948345152842082,-15.374840135144968,2.426494982302886,-15.48024682353895,2.5319016706968682,-15.600154178048427,2.6518090252063455,0.22531404290345947,1.2,0.5625,0.9753873637105881,8.817596044274199,0.4330127018922193,0.09999999999999998,27.109899520874023,6.420440196990967,0.6000000238418579
3875.0,6.0,10.0,16.0,-12.62700699799015,-15.367881481323508,2.740874483333357,-15.659410747297738,3.032403749307587,-15.78576387332654,3.1587568753363886,0.41788239200303146,1.2,0.5625,0.9759003073314271,12.519984025548915,0.4330127018922193,0.1,26.36989974975586,6.5004401206970215,0.6000000238418579
4173.0,7.0,10.0,16.0,-13.789972124415215,-15.751997070160595,1.9620249457453802,-15.860116606199426,2.0701444817842116,-15.860116606199426,2.0701444817842116,0.1081195360388314,1.0,0.75,0.9820195044757286,8.569568250501305,0.4330127018922193,0.10000000000000002,26.929899215698242,6.520440101623535,0.6000000238418579
4472.0,8.0,10.0,16.0,-13.559408055104969,-16.339246273450737,2.779838218345768,-16.499485382748418,2.940077327643449,-16.66397363390958,3.1045655788046123,0.3247273604588443,1.2,0.75,0.9781285028601859,8.37779804005802,0.25,0.1,27.499900817871094,6.540440082550049,0.6000000238418579
5366.0,9.0,10.0,16.0,-13.756670230394247,-15.855134227735315,2.0984639973410673,-15.954709717948774,2.198039487554526,-16.049671635536193,2.293001405141945,0.19453740780087792,1.2,0.75,0.9830213201046113,8.276472678623424,0.4330127018922193,0.1,26.759899139404297,6.6204400062561035,0.6000000238418579
6260.0,10.0,10.0,16.0,-13.350903973975436,-14.159611949182798,0.808707975207362,-14.25293962633241,0.9020356523569735,-14.368715834702524,1.0178118607270878,0.2091038855197258,1.2,0.4375,0.9876964811275839,13.460590625971804,0.6123724356957945,0.10000000000000002,27.229900360107422,6.6904401779174805,0.6000000238418579
7453.0,11.0,10.0,16.0,-14.106660339196255,-16.02696471284807,1.920304373651815,-15.858241205208785,1.7515808660125298,-16.161246133470417,2.0545857942741623,0.13428142062234727,0.4,0.75,0.9813189334150819,7.697402159170326,0.25,0.1,27.059900283813477,6.790440082550049,0.6000000238418579
8646.0,12.0,10.0,16.0,-13.17245016039509,-14.115409697620205,0.9429595372251143,-14.420983127926423,1.2485329675313324,-14.587666282773897,1.4152161223788067,0.4722565851536924,1.2,0.5,0.9828475800980505,12.757350822173073,0.5,0.10000000000000002,26.88990020751953,6.890439987182617,0.6000000238418579
10434.0,13.0,10.0,16.0,-12.638942636350013,-14.833707968757079,2.1947653324070657,-14.913638481604163,2.2746958452541506,-15.03764676010256,2.3987041237525464,0.20393879134548065,1.2,0.625,0.9754431047699651,7.774155902733106,0.25,0.1,26.61989974975586,7.040440082550049,0.6000000238418579
10733.0,14.0,10.0,16.0,-14.387111192278129,-16.136410743462456,1.7492995511843272,-16.21232065772488,1.8252094654467523,-16.412012653886457,2.0249014616083283,0.27560191042400106,1.2,0.75,0.983605165325536,5.425633603552677,0.3535533905932738,0.09999999999999998,27.189899444580078,7.0604400634765625,0.6000000238418579
11031.0,15.0,10.0,16.0,-13.887230016803434,-14.708642902137232,0.8214128853337979,-14.678473910722396,0.7912438939189617,-14.788124212093567,0.9008941952901335,0.07948130995633562,0.4,0.6875,0.988986429327965,8.13557004763649,0.4330127018922193,0.1,26.539899826049805,7.090439796447754,0.6000000238418579
12820.0,16.0,10.0,16.0,-12.997225591553104,-14.826382014722155,1.8291564231690511,-14.701386974854774,1.7041613833016704,-14.979900836366472,1.9826752448133682,0.15351882164431707,0.4,0.625,0.9746945360445198,11.27497228377968,0.5590169943749475,0.1,27.489900588989258,7.230440139770508,0.6000000238418579
14608.0,17.0,10.0,16.0,-13.42608697107367,-14.137786359087151,0.7116993880134821,-14.495827503941483,1.0697405328678133,-14.692009077202993,1.2659221061293238,0.5542227181158417,1.2,0.5,0.9880914607671751,9.797958971132712,0.5,0.09999999999999998,27.219900131225586,7.3804402351379395,0.6000000238418579
16397.0,18.0,10.0,16.0,-12.580937068303658,-14.113104523001567,1.532167454697909,-14.049570366734441,1.4686332984307828,-14.291976189021451,1.7110391207177926,0.1788716660198837,1.2,0.5,0.976690520302575,10.894379284750462,0.5590169943749475,0.10000000000000002,26.95989990234375,7.530439853668213,0.6000000238418579
16695.0,19.0,10.0,16.0,-12.88499042579746,-14.303572958518982,1.4185825327215227,-14.435950151073653,1.5509597252761935,-14.710381318867693,1.8253908930702334,0.4068083603487107,1.2,0.5,0.977235955245178,10.353139620424328,0.5590169943749475,0.1,27.519899368286133,7.550439834594727,0.6000000238418579
16994.0,20.0,10.0,16.0,-13.623048108079258,-14.525594161911268,0.90254605383201,-14.877182274073705,1.2541341659944472,-15.220916757994134,1.5978686499148758,0.6953225960828657,1.2,0.625,0.9833041028286932,8.023403267940607,0.5,0.1,26.879899978637695,7.580440044403076,0.6000000238418579
17590.0,21.0,10.0,16.0,-15.20813580668462,-17.16594614084358,1.9578103341589603,-17.39980811151611,2.1916723048314886,-17.494460152522894,2.286324345838274,0.3285140116793137,1.2,0.75,0.9874256959420954,9.33742469849155,0.3535533905932738,0.1,26.789899826049805,7.6304402351379395,0.6000000238418579
18186.0,22.0,10.0,16.0,-13.12158928867478,-15.996011019093201,2.8744217304184208,-16.41386183388063,3.2922725452058508,-16.54547595511728,3.423886666442499,0.5494649360240782,1.2,0.5,0.9777655286006526,11.090536506409418,0.5,0.09999999999999999,26.699899673461914,7.6804399490356445,0.6000000238418579
19080.0,23.0,10.0,16.0,-14.330051446640272,-16.898594573923027,2.568543127282755,-16.983070681182703,2.6530192345424304,-17.105025003735815,2.7749735570955423,0.20643042981278725,1.2,0.8125,0.9819238821036278,7.0622234459127675,0.25,0.1,27.16990089416504,7.7504401206970215,0.6000000238418579
20571.0,24.0,10.0,16.0,-12.754248857392174,-15.98865264051852,3.2344037831263464,-15.888116219568593,3.133867362176419,-16.00771230171704,3.253463444324865,0.01905966119851854,0.6,0.6875,0.9697946973118928,4.458138625031752,0.4330127018922193,0.1,26.349899291992188,7.8804402351379395,0.6000000238418579
21167.0,25.0,10.0,16.0,-14.496452519524778,-16.2542544783313,1.7578019588065228,-16.40878512432249,1.9123326047977098,-16.60050968851258,2.1040571689878025,0.3462552101812797,1.2,0.625,0.9860000131126762,12.013013776733963,0.5,0.09999999999999999,27.469900131225586,7.920440196990967,0.6000000238418579
23254.0,26.0,10.0,16.0,-14.279522932497436,-16.32277305336842,2.043250120870983,-16.481096084734908,2.201573152237472,-16.57487620459146,2.295353272094026,0.25210315122304294,1.2,0.75,0.9858237562492034,8.810505093353047,0.25,0.10000000000000002,26.559900283813477,8.10044002532959,0.6000000238418579
23553.0,27.0,10.0,16.0,-14.26150787678562,-15.263038583966559,1.0015307071809385,-15.155769067325943,0.8942611905403233,-15.414036610725276,1.152528733939656,0.15099802675871743,0.4,0.6875,0.988267951694666,7.78219120813669,0.4330127018922193,0.1,27.129899978637695,8.120439529418945,0.6000000238418579
23851.0,28.0,10.0,16.0,-13.396929089094625,-15.531460843054003,2.1345317539593776,-15.47734489843461,2.0804158093399856,-15.539997665755777,2.143068576661152,0.008536822701774582,0.6,0.6875,0.9803768263460162,7.952986860293433,0.4330127018922193,0.1,26.479900360107422,8.150440216064453,0.6000000238418579
25341.0,29.0,10.0,16.0,-14.395902183458237,-15.73124817215791,1.3353459886996735,-15.82217188247049,1.4262696990122539,-16.03491222146106,1.639010038002823,0.3036640493031495,1.2,0.75,0.9876656201876834,10.612492638395562,0.4330127018922193,0.1,26.859899520874023,8.270440101623535,0.6000000238418579
25640.0,30.0,10.0,16.0,-13.198891062061453,-15.191786636444967,1.992895574383514,-15.391449175586793,2.1925581135253402,-15.507541376792584,2.308650314731132,0.31575474034761797,1.2,0.625,0.9792742306472663,11.42092378050042,0.3535533905932738,0.1,27.429899215698242,8.29043960571289,0.6000000238418579
26832.0,31.0,10.0,16.0,-14.570083484218069,-16.41887842945431,1.848794945236241,-16.24652743986016,1.6764439556420907,-16.43878494528161,1.8687014610635426,0.01990651582730152,0.6,0.5,0.9854035481177543,7.88986691902975,0.5590169943749475,0.09999999999999999,27.249900817871094,8.390439987182617,0.6000000238418579
28025.0,32.0,10.0,16.0,-15.019700049452311,-16.105032367067132,1.0853323176148209,-16.393469957579136,1.3737699081268246,-16.621277976415424,1.6015779269631132,0.5162456093482923,1.2,0.5,0.9911799136073288,11.49456393257265,0.4330127018922193,0.10000000000000002,27.07990074157715,8.490440368652344,0.6000000238418579
28919.0,33.0,10.0,16.0,-13.564051363555388,-15.27990935581579,1.7158579922604016,-15.283441343175388,1.7193899796200007,-15.38895952865567,1.8249081651002825,0.10905017283988094,1.2,0.625,0.983142789511344,9.676001240181813,0.5590169943749475,0.09999999999999998,26.33989906311035,8.570440292358398,0.6000000238418579
37863.0,34.0,10.0,16.0,-12.796883414957962,-14.862863071962693,2.06597965700473,-14.899447936221124,2.1025645212631616,-15.02525772193679,2.228374306978827,0.1623946499740967,1.2,0.625,0.974160701218232,12.031209415515965,0.5590169943749475,0.09999999999999998,27.449899673461914,9.300439834594727,0.6000000238418579
38460.0,35.0,10.0,16.0,-13.38108751089986,-14.444920112661261,1.0638326017614013,-14.84294497970665,1.4618574688067891,-15.042002913677734,1.6609154027778743,0.597082801016473,1.2,0.5,0.9854016989591714,11.10180165558726,0.6123724356957945,0.09999999999999998,27.36989974975586,9.35044002532959,0.6000000238418579
42335.0,36.0,10.0,16.0,-14.400961247141165,-16.28677031661516,1.8858090694739964,-16.450296297057093,2.0493350499159284,-16.621374578323746,2.2204133311825807,0.33460426170858426,1.2,0.5625,0.9850599836401807,11.129914644776033,0.5590169943749475,0.09999999999999999,27.399900436401367,9.670439720153809,0.6000000238418579
42932.0,37.0,10.0,16.0,-12.8783407107261,-14.606971043580836,1.7286303328547366,-14.515768610297792,1.6374278995716924,-14.656425978460303,1.7780852677342036,0.04945493487946706,0.4,0.5,0.9794658147519917,10.665364503850771,0.6123724356957945,0.1,27.319900512695312,9.720439910888672,0.6000000238418579
43230.0,38.0,10.0,16.0,-13.698225112069991,-16.62087005450617,2.922644942436179,-16.422140795010364,2.7239156829403726,-16.640979959528835,2.9427548474588434,0.02010990502266452,0.6,0.625,0.9774873581573644,9.076067430335673,0.25,0.10000000000000002,26.66990089416504,9.750439643859863,0.6000000238418579
48000.0,39.0,10.0,16.0,-13.83825173464653,-16.17922864931102,2.340976914664491,-16.282003720311693,2.4437519856651626,-16.400338949030974,2.5620872143844444,0.22111029971995322,1.2,0.625,0.9809165209353715,11.46189338634765,0.0,0.10000000000000005,27.179899215698242,10.140399932861328,0.6000000238418579
53068.0,40.0,10.0,16.0,-14.572116340708352,-16.016578762501354,1.444462421793002,-16.137086958270867,1.5649706175625155,-16.354949431542313,1.782833090833961,0.3383706690409589,1.2,0.6875,0.9841097778354385,3.1024184114977142,0.3535533905932738,0.1,27.039899826049805,10.560400009155273,0.6000000238418579
54559.0,41.0,10.0,16.0,-14.560427704338395,-14.927957959350277,0.3675302550118822,-15.108401747946584,0.547974043608189,-15.300019979997789,0.739592275659394,0.3720620206475118,1.2,0.5,0.9917536661886032,9.572094859538323,0.6123724356957945,0.1,27.429899215698242,10.680399894714355,0.6000000238418579
55454.0,42.0,10.0,16.0,-13.543436106876266,-16.136420078539057,2.5929839716627914,-16.18493875063407,2.6415026437578053,-16.22102646473908,2.6775903578628135,0.08460638620002214,1.2,0.6875,0.9796239947846186,8.898735865278843,0.25,0.09999999999999999,26.699899673461914,10.76039981842041,0.6000000238418579
57242.0,43.0,10.0,16.0,-13.701818629025237,-14.844139451623576,1.1423208225983394,-14.809760362430868,1.1079417334056316,-14.88254033653459,1.1807217075093526,0.03840088491101312,1.2,0.5,0.9848935787821463,10.988630487917955,0.3535533905932738,0.1,26.429899215698242,10.910400390625,0.6000000238418579
57839.0,44.0,10.0,16.0,-14.157088859907844,-16.878827104056704,2.7217382441488596,-17.301041359903408,3.1439524999955637,-17.552183753578877,3.3950948936710326,0.673356649522173,1.2,0.6875,0.9839544516880931,12.013013776733963,0.3535533905932738,0.1,26.349899291992188,10.960399627685547,0.6000000238418579
58733.0,45.0,10.0,16.0,-14.373715772746321,-15.814888385916069,1.4411726131697478,-15.89013645666924,1.5164206839229184,-15.982630394814406,1.6089146220680846,0.1677420088983368,1.2,0.625,0.9876958156742071,5.70087712549569,0.25,0.1,26.819900512695312,11.030400276184082,0.6000000238418579
60522.0,46.0,10.0,16.0,-14.320551247899685,-15.27449608053872,0.953944832639035,-15.337088554837756,1.016537306938071,-15.501756505673258,1.1812052577735734,0.22726042513453848,1.2,0.625,0.9872855094513259,7.399324293474371,0.5,0.1,26.559900283813477,11.180399894714355,0.6000000238418579
60820.0,47.0,10.0,16.0,-13.107662684496455,-15.264741966887886,2.1570792823914307,-15.450116815114788,2.342454130618332,-15.630098331520175,2.5224356470237197,0.36535636463228904,1.2,0.625,0.9813453920162006,8.835298523536146,0.5,0.1,27.11989974975586,11.200400352478027,0.6000000238418579
61416.0,48.0,10.0,16.0,-12.84793678185633,-13.971513024313216,1.1235762424568865,-14.357098217399972,1.5091614355436427,-14.584696964262172,1.7367601824058418,0.6131839399489554,1.2,0.4375,0.9819463669627388,14.551632210855248,0.5,0.1,27.02989959716797,11.250399589538574,0.6000000238418579
63205.0,49.0,10.0,16.0,-14.933617793861254,-17.41418498421862,2.4805671903573643,-17.79889674823388,2.8652789543726254,-18.09739540571496,3.163777611853705,0.6832104214963408,1.2,0.625,0.9869738756619515,7.607562027351469,0.3535533905932738,0.1,26.769899368286133,11.400400161743164,0.6000000238418579
63503.0,50.0,10.0,16.0,-13.416873891781195,-15.324869286586498,1.9079953948053028,-15.320369256788133,1.903495365006938,-15.390928813311008,1.974054921529813,0.06605952672451032,1.2,0.4375,0.9820493230245017,7.441438033068608,0.6123724356957945,0.09999999999999999,27.32990074157715,11.42039966583252,0.6000000238418579
64398.0,51.0,10.0,16.0,-15.030634087892258,-16.771881142198804,1.7412470543065464,-16.622491255448296,1.5918571675560376,-17.10185057930866,2.0712164914164024,0.32996943710985605,0.4,0.6875,0.9848273736836876,7.258615570478987,0.3535533905932738,0.10000000000000002,26.599899291992188,11.500399589538574,0.6000000238418579
65590.0,52.0,10.0,16.0,-13.856625088617204,-15.794573227799189,1.9379481391819855,-15.804000990038915,1.9473759014217116,-15.846409922148803,1.9897848335315995,0.05183669434961402,1.2,0.625,0.9855376832437847,10.700467279516348,0.5,0.1,26.41990089416504,11.6003999710083,0.6000000238418579
65889.0,53.0,10.0,16.0,-13.079855557370148,-14.8554114178731,1.7755558605029513,-14.76505720028034,1.685201642910192,-14.88705234221177,1.8071967848416222,0.03164092433867083,0.4,0.5625,0.9778378653930309,11.661903789690601,0.5,0.10000000000000002,26.989900588989258,11.620400428771973,0.6000000238418579
66783.0,54.0,10.0,16.0,-13.951786538981189,-16.644028467519945,2.692241928538756,-16.771521036852157,2.819734497870968,-16.957709178742142,3.0059226397609535,0.3136807112221973,1.2,0.5625,0.9798550626570601,3.69120576505835,0.5,0.1,18.715299606323242,6.011020183563232,1.0
67081.0,55.0,10.0,16.0,-13.91997657222215,-15.573248561458454,1.6532719892363037,-15.527271563384543,1.6072949911623926,-15.756117610130163,1.8361410379080123,0.1828690486717086,1.2,0.625,0.9834265825980942,8.073877630977572,0.25,0.09999999999999998,19.275299072265625,6.053020000457764,1.0
69168.0,56.0,10.0,16.0,-13.1557860459617,-16.895070105541755,3.739284059580056,-17.113778606107502,3.9579925601458026,-17.15373084059694,3.9979447946352398,0.2586607350551837,1.2,0.6875,0.9712229777180897,2.1937410968480306,0.25,0.10000000000000002,18.393299102783203,6.403019905090332,1.0
69466.0,57.0,10.0,16.0,-13.663245750926485,-14.08862804407294,0.4253822931464555,-12.700030446456905,-0.9632153044695801,-15.31484952526714,1.6516037743406553,1.2262214811941998,0.2,0.5,0.9808890675271354,10.621322893124,0.5,0.1,18.95330047607422,6.4450201988220215,1.0
69764.0,58.0,10.0,16.0,-13.094296068380714,-15.281521757791602,2.1872256894108872,-15.559506278212012,2.465210209831298,-15.866456943688043,2.7721608753073284,0.5849351858964411,1.2,0.5625,0.9745946660733648,11.54068888758379,0.3535533905932738,0.1,19.5132999420166,6.487020015716553,1.0
70062.0,59.0,10.0,16.0,-14.315973616732087,-15.474808776096179,1.1588351593640915,-15.167305365675574,0.8513317489434868,-15.73805206403334,1.4220784473012529,0.26324328793716134,0.4,0.4375,0.9885205288966282,11.44825314185531,0.6614378277661477,0.10000000000000002,18.869300842285156,6.543019771575928,1.0
70659.0,60.0,10.0,16.0,-14.601313478604608,-15.279785742180847,0.6784722635762392,-14.68106820739601,0.07975472879140177,-15.84738897468168,1.2460754960770721,0.5676032325008329,0.4,0.6875,0.986172736066812,7.574628703771558,0.3535533905932738,0.09999999999999999,18.799299240112305,6.641019821166992,1.0
71851.0,61.0,10.0,16.0,-13.671579911019533,-17.05597363701292,3.3843937259933856,-17.416841890652705,3.745261979633172,-17.77446265968589,4.102882748666358,0.7184890226729728,1.2,0.625,0.9744426340526762,3.491060010942235,0.25,0.1,18.63129997253418,6.837019920349121,1.0
72448.0,62.0,10.0,16.0,-13.639619513019737,-15.311110593481255,1.671491080461518,-15.81785968472068,2.178240171700944,-16.2719770879185,2.632357574898764,0.960866494437246,1.2,0.6875,0.9810597856165044,5.545268253204709,0.3535533905932738,0.1,18.56130027770996,6.9350199699401855,1.0
73938.0,63.0,10.0,16.0,-13.851752647798453,-14.657340412386157,0.8055877645877043,-14.667545955763226,0.815793307964773,-14.72736357255294,0.8756109247544881,0.07002316016678378,1.2,0.375,0.9840822460229997,10.767427733679014,0.5,0.1,18.95330047607422,7.173019886016846,1.0
74236.0,64.0,10.0,16.0,-14.241915357170738,-15.44292532146489,1.2010099642941512,-15.691751462749913,1.449836105579175,-16.013527137363553,1.7716117801928153,0.5706018158986641,1.2,0.625,0.9872888173875057,9.202581159652981,0.0,0.1,19.5132999420166,7.215020179748535,1.0
77218.0,65.0,10.0,16.0,-14.050644800655563,-14.275346691498523,0.22470189084295988,-11.86766307719659,-2.1829817234589726,-14.793931829088088,0.7432870284325244,0.5185851375895645,0.4,0.4375,0.9893827359581071,8.742854225022855,0.4330127018922193,0.10000000000000002,19.121299743652344,7.705019950866699,1.0
78410.0,66.0,10.0,16.0,-14.023993612709775,-14.45128891977684,0.4272953070670642,-14.384448607702945,0.36045499499316946,-14.675955983334795,0.6519623706250197,0.22466706355795552,0.2,0.5625,0.987832078684572,8.295330011518528,0.5,0.1,18.95330047607422,7.901020050048828,1.0
81988.0,67.0,10.0,16.0,-14.610431543135201,-15.487873875082736,0.8774423319475346,-15.266815449447453,0.6563839063122519,-15.575191368648218,0.964759825513017,0.08731749356548235,0.4,0.5625,0.9881490372808832,10.464224768228174,0.3535533905932738,0.10000000000000005,18.4773006439209,8.489020347595215,1.0
82584.0,68.0,10.0,16.0,-13.075789304699441,-12.337578970423184,-0.7382103342762569,-11.402173254746046,-1.6736160499533952,-13.57396129299611,0.49817198829666864,1.2363823225729256,0.2,0.4375,0.978460556956602,5.482928049865327,0.3535533905932738,0.09999999999999999,18.393299102783203,8.587019920349121,1.0
83181.0,69.0,10.0,16.0,-14.237541820168772,-14.149963022757301,-0.08757879741147079,-14.145611288926911,-0.09193053124186079,-14.78853604994109,0.5509942297723178,0.6385730271837886,0.2,0.5,0.992441184658833,8.302860952707807,0.5,0.10000000000000002,19.527299880981445,8.671019554138184,1.0
84671.0,70.0,10.0,16.0,-12.659977833480713,-12.247857485905111,-0.4121203475756019,-10.905070889339488,-1.7549069441412257,-13.256813126131835,0.5968352926511216,1.0089556402267235,0.2,0.4375,0.9847723763979077,11.847995611072786,0.6614378277661477,0.1,18.715299606323242,8.923020362854004,1.0
84970.0,71.0,10.0,16.0,-14.206635046841281,-15.851738144355814,1.6451030975145322,-15.731610573869057,1.5249755270277756,-16.0088686367186,1.8022335898773179,0.15713049236278565,0.4,0.5625,0.986001546073206,11.280514172678478,0.3535533905932738,0.1,19.2893009185791,8.965020179748535,1.0
85864.0,72.0,10.0,16.0,-13.084109816411718,-13.833815203487871,0.749705387076153,-13.772343408740968,0.6882335923292491,-13.988832765922455,0.9047229495107363,0.1550175624345833,0.4,0.5,0.9849621277685164,14.137715515598693,0.3535533905932738,0.1,18.56130027770996,9.119020462036133,1.0
87355.0,73.0,10.0,16.0,-12.946153114753063,-14.32021678797388,1.3740636732208173,-13.876996566472585,0.9308434517195217,-14.545683404477568,1.5995302897245054,0.22546661650368804,0.4,0.375,0.9806140692675196,10.413332799829265,0.0,0.09999999999999998,18.967300415039062,9.357020378112793,1.0
89143.0,74.0,10.0,16.0,-14.351835186018508,-15.541516020516815,1.189680834498306,-15.525604167686675,1.1737689816681662,-15.640516552690126,1.288681366671618,0.09900053217331184,0.4,0.5,0.9892691512018927,13.77497731395591,0.5,0.1,18.715299606323242,9.651020050048828,1.0
89740.0,75.0,10.0,16.0,-13.958639789537092,-14.580294370853736,0.6216545813166441,-14.512209351457493,0.5535695619204013,-14.735508959420308,0.7768691698832164,0.15521458856657233,0.4,0.6875,0.9891662630066905,12.196310917650468,0.5590169943749475,0.1,18.645299911499023,9.749019622802734,1.0
90336.0,76.0,10.0,16.0,-14.746962792749809,-15.354693755569675,0.6077309628198666,-15.598776521129999,0.8518137283801899,-15.769842789195472,1.0228799964456634,0.4151490336257968,1.2,0.5,0.9915650931227465,10.700467279516348,0.5590169943749475,0.1,18.56130027770996,9.847020149230957,1.0
92423.0,77.0,10.0,16.0,-14.214536471714252,-15.577173943244919,1.3626374715306664,-15.530514263941054,1.3159777922268017,-15.684831121696309,1.4702946499820566,0.10765717845139022,0.4,0.5625,0.9830327842884063,6.614378277661476,0.3535533905932738,0.10000000000000002,18.88330078125,10.182999610900879,1.0
93616.0,78.0,10.0,16.0,-13.747048822114529,-12.13493163314839,-1.6121171889661383,-10.903135047973286,-2.8439137741412424,-13.888285919995639,0.14123709788110972,1.753354286847248,0.2,0.4375,0.9833590232796975,12.681186852972399,0.5,0.1,18.729299545288086,10.378999710083008,1.0
95106.0,79.0,10.0,16.0,-13.743741755763793,-15.138795298149068,1.3950535423852752,-15.23319548672838,1.4894537309645877,-15.57232140764896,1.8285796518851676,0.43352610949989234,1.2,0.4375,0.9862078025443285,15.292972242177123,0.3535533905932738,0.10000000000000002,19.121299743652344,10.616999626159668,1.0
95404.0,80.0,10.0,16.0,-13.505398624442066,-14.258128570669514,0.7527299462274488,-14.481983847961038,0.9765852235189723,-14.64209686022902,1.1366982357869535,0.3839682895595047,1.2,0.5625,0.9888016577818006,13.131545986668897,0.5,0.1,18.4773006439209,10.67300033569336,1.0
96597.0,81.0,10.0,16.0,-13.202541603567466,-13.847916432985233,0.6453748294177668,-13.890227133337676,0.68768552977021,-14.03920746034132,0.8366658567738536,0.19129102735608683,1.2,0.625,0.98745192191352,12.572290960680158,0.3535533905932738,0.1,19.527299880981445,10.854999542236328,1.0
96895.0,82.0,10.0,16.0,-13.003135870312853,-12.000034404317216,-1.0031014659956377,-10.853628066283402,-2.149507804029451,-13.189261201243463,0.18612533093060968,1.1892267969262473,0.2,0.5,0.9895315662310007,10.871407452579449,0.6123724356957945,0.1,18.88330078125,10.91100025177002,1.0
98386.0,83.0,10.0,16.0,-14.440792866877283,-15.040919994601138,0.6001271277238551,-15.037874000587259,0.5970811337099757,-15.209848550161514,0.7690556832842308,0.16892855556037567,1.2,0.625,0.9922803956439308,9.340770846134703,0.5,0.09999999999999999,19.2893009185791,11.14900016784668,1.0
98982.0,84.0,10.0,16.0,-13.003740418735266,-14.250679389395952,1.2469389706606862,-14.226000817118853,1.2222603983835878,-14.249141819725487,1.2454014009902217,-0.0015375696704644781,0.8,0.3125,0.9844665875200943,16.35733780295559,0.6614378277661477,0.10000000000000002,19.205299377441406,11.246999740600586,1.0
99877.0,85.0,10.0,16.0,-14.38717341193933,-16.680242034673675,2.2930686227343458,-17.06352400629074,2.676350594351412,-17.262245463311768,2.875072051372438,0.5820034286380924,1.2,0.75,0.983413675623536,1.8371173070873836,0.0,0.1,18.491300582885742,11.401000022888184,1.0
105839.0,86.0,10.0,16.0,-14.664522879192836,-16.851852482308782,2.1873296031159466,-17.108031543019965,2.4435086638271297,-17.293874221727318,2.6293513425344823,0.44202173941853573,1.2,0.6875,0.9864792920599323,7.770135133960027,0.5590169943749475,0.09999999999999999,18.88330078125,12.366999626159668,1.0
106137.0,87.0,10.0,16.0,-13.387177405516187,-15.126588231914003,1.7394108263978154,-15.281639759344934,1.8944623538287466,-15.450511262253276,2.0633338567370885,0.32392303033927305,1.2,0.5,0.9818193795571937,8.351646544245034,0.3535533905932738,0.1,19.443300247192383,12.409000396728516,1.0
107330.0,88.0,10.0,16.0,-13.774272337867403,-15.097225130715614,1.322952792848211,-15.26434842360215,1.4900760857347475,-15.458077285821263,1.6838049479538597,0.3608521551056487,1.2,0.625,0.9823495777101896,9.287087810503355,0.6614378277661477,0.10000000000000002,19.2893009185791,12.604999542236328,1.0
107926.0,89.0,10.0,16.0,-14.01197282479713,-15.772203617914514,1.7602307931173833,-15.812087382201529,1.8001145574043989,-15.934401207940283,1.9224283831431528,0.1621975900257695,1.2,0.6875,0.9838082321531945,8.898735865278843,0.3535533905932738,0.09999999999999998,19.205299377441406,12.70300006866455,1.0
108523.0,90.0,10.0,16.0,-14.495784819181079,-16.321180682320854,1.825395863139775,-16.353168954289398,1.857384135108319,-16.421924446408987,1.9261396272279079,0.10074376408813279,1.2,0.6875,0.9875075018234415,7.964766161036995,0.4330127018922193,0.1,19.135299682617188,12.800999641418457,1.0
108821.0,91.0,10.0,16.0,-13.92883386544959,-15.998489988214368,2.069656122764778,-16.079674443553426,2.1508405781038356,-16.255329196108075,2.326495330658485,0.25683920789370696,1.2,0.625,0.9824195521639223,9.263503656824453,0.4330127018922193,0.09999999999999999,18.491300582885742,12.857000350952148,1.0
109119.0,92.0,10.0,16.0,-13.348883060658789,-15.113589563652603,1.764706502993814,-15.043120569803621,1.6942375091448323,-15.115097696857447,1.766214636198658,0.0015081332048438867,0.6,0.625,0.9837409389932233,10.550473923004596,0.4330127018922193,0.1,19.051300048828125,12.89900016784668,1.0
110311.0,93.0,10.0,16.0,-13.77112377502745,-15.164463463797182,1.393339688769732,-15.135425804346518,1.3643020293190684,-15.291152041598615,1.520028266571165,0.12668857780143306,1.2,0.5,0.9813532743867585,10.755812382149477,0.4330127018922193,0.1,18.88330078125,13.095000267028809,1.0
111504.0,94.0,10.0,16.0,-13.759948914559605,-16.229350180432426,2.469401265872822,-16.449901903467456,2.6899529889078515,-16.669187867209942,2.9092389526503375,0.43983768677751556,1.2,0.625,0.9805004802811222,7.933315826311215,0.4330127018922193,0.09999999999999999,18.729299545288086,13.291000366210938,1.0
114187.0,95.0,10.0,16.0,-13.875017197498892,-16.53250567366554,2.657488476166648,-16.68636930596462,2.81135210846573,-16.87442408295414,2.9994068854552474,0.3419184092885992,1.2,0.6875,0.9803380238319398,3.3634060117684275,0.0,0.09999999999999998,18.967300415039062,13.725000381469727,1.0
116274.0,96.0,10.0,16.0,-13.674848190656952,-16.138358058886855,2.4635098682299024,-16.16270189367895,2.4878537030219974,-16.229417905260274,2.5545697146033213,0.0910598463734189,1.2,0.6875,0.9804163768923393,4.47213595499958,0.25,0.1,19.2893009185791,14.060999870300293,1.0
116572.0,97.0,10.0,16.0,-13.692199649607016,-15.696983803898178,2.004784154291162,-15.864608567803337,2.1724089181963215,-16.122236113933834,2.430036464326818,0.4252523100356562,1.2,0.6875,0.9817274618017389,9.820259670701178,0.3535533905932738,0.09999999999999998,18.645299911499023,14.116999626159668,1.0
116871.0,98.0,10.0,16.0,-13.806347705700553,-15.309625930774631,1.5032782250740784,-14.95685657903297,1.1505088733324165,-15.559134253820181,1.7527865481196283,0.24950832304554993,0.4,0.625,0.9808245100328672,6.860211367006122,0.4330127018922193,0.1,19.21929931640625,14.159000396728516,1.0
118063.0,99.0,10.0,16.0,-13.759681146944079,-15.51782047459351,1.758139327649431,-15.526707156631236,1.7670260096871573,-15.654111762874475,1.8944306159303963,0.13629128828096526,1.2,0.5625,0.9819876094156341,7.106335201775948,0.3535533905932738,0.09999999999999996,19.051300048828125,14.354999542236328,1.0
0.0,0.0,20.0,4.0,-15.322833916720192,-23.954465128005506,8.631631211285313,-25.328249521831868,10.005415605111676,-27.847904696865932,12.52507078014574,3.893439568860426,1.2,1.0,0.9713219180841784,0.0,0.0,0.01,26.33989906311035,6.1804399490356445,0.6000000238418579
298.0,1.0,20.0,4.0,-12.175912024499242,-26.146866189326786,13.970954164827544,-27.0428220016246,14.866909977125358,-28.24960785482146,16.073695830322215,2.1027416654946727,0.8,1.0,0.9401146755051588,0.0,0.0,0.009999999999999998,26.899900436401367,6.200439929962158,0.6000000238418579
596.0,2.0,20.0,4.0,-13.928075710827258,-32.421592608559465,18.493516897732206,-30.071667968667718,16.14359225784046,-33.62701782644034,19.69894211561308,1.2054252178808724,0.8,1.0,0.9598922563127535,0.0,0.0,0.009999999999999998,27.45989990234375,6.220439910888672,0.6000000238418579
1192.0,3.0,20.0,4.0,-12.13614883829173,-28.07776672565227,15.941617887360541,-29.761341252899555,17.625192414607824,-32.38861342852737,20.25246459023564,4.3108467028751,0.8,1.0,0.9390791549908732,0.0,0.0,0.009999999999999998,27.36989974975586,6.270440101623535,0.6000000238418579
2683.0,4.0,20.0,4.0,-14.939309747281992,-27.836518810020078,12.897209062738085,-25.590060353022274,10.650750605740281,-27.7878526390335,12.848542891751507,-0.04866617098657855,0.6,1.0,0.9683806845031628,0.0,0.0,0.01,26.54990005493164,6.400440216064453,0.6000000238418579
2981.0,5.0,20.0,4.0,-12.454226074639402,-31.187693068300213,18.733466993660812,-29.37287613822368,16.91865006358428,-35.79865798364531,23.344431909005912,4.6109649153451,0.8,1.0,0.9433881560798243,0.0,0.0,0.009999999999999998,27.109899520874023,6.420440196990967,0.6000000238418579
3875.0,6.0,20.0,4.0,-12.872942648963727,-25.802871236768837,12.92992858780511,-25.37414004802017,12.501197399056442,-26.524577674681183,13.651635025717455,0.7217064379123457,0.8,1.0,0.9486421825749936,0.0,0.0,0.01,26.36989974975586,6.5004401206970215,0.6000000238418579
4173.0,7.0,20.0,4.0,-13.443637609508475,-20.838529919826556,7.394892310318081,-21.199236008983263,7.755598399474788,-22.76838117631486,9.324743566806386,1.9298512564883055,1.2,1.0,0.9549480457832478,0.0,0.0,0.010000000000000002,26.929899215698242,6.520440101623535,0.6000000238418579
4472.0,8.0,20.0,4.0,-12.066331729035205,-28.393082525093515,16.32675079605831,-29.8223503323102,17.756018603274995,-33.09942826706794,21.033096538032737,4.7063457419744275,0.8,1.0,0.9381015778129362,0.0,0.0,0.01,27.499900817871094,6.540440082550049,0.6000000238418579
5366.0,9.0,20.0,4.0,-13.135559674064263,-29.384770934207175,16.249211260142914,-26.64829558811992,13.512735914055659,-29.54418612777446,16.4086264537102,0.15941519356728406,0.8,0.75,0.951859178716435,0.7071067811865476,0.5,0.01,26.759899139404297,6.6204400062561035,0.6000000238418579
6260.0,10.0,20.0,4.0,-16.573204992746035,-27.531905325502265,10.95870033275623,-22.490554300304737,5.917349307558702,-28.171818081489207,11.598613088743171,0.6399127559869413,0.6,1.0,0.978312917950328,0.0,0.0,0.010000000000000002,27.229900360107422,6.6904401779174805,0.6000000238418579
7453.0,11.0,20.0,4.0,-13.134487942860718,-26.958882314388873,13.824394371528156,-25.368173082460835,12.233685139600118,-27.31187915413083,14.17739121127011,0.35299683974195517,0.6,1.0,0.9515614766454669,0.0,0.0,0.01,27.059900283813477,6.790440082550049,0.6000000238418579
8646.0,12.0,20.0,4.0,-15.371683474342458,-18.570301398527643,3.1986179241851858,-21.073348379391497,5.701664905049039,-22.768764538397583,7.397081064055126,4.19846313986994,1.2,0.75,0.9711090047716,0.7071067811865476,0.0,0.010000000000000002,26.88990020751953,6.890439987182617,0.6000000238418579
10434.0,13.0,20.0,4.0,-11.822322017739141,-26.876467787056487,15.054145769317346,-28.501476606003088,16.67915458826395,-30.308926201309852,18.486604183570712,3.4324584142533645,0.8,1.0,0.9351388025005054,0.0,0.0,0.01,26.61989974975586,7.040440082550049,0.6000000238418579
10733.0,14.0,20.0,4.0,-12.935155943711958,-31.45710115318049,18.52194520946853,-27.440190350073642,14.505034406361684,-31.81946309859927,18.884307154887313,0.3623619454187832,0.8,1.0,0.9494889303985512,0.0,0.0,0.009999999999999998,27.189899444580078,7.0604400634765625,0.6000000238418579
11031.0,15.0,20.0,4.0,-14.845768522287077,-27.00429035230458,12.158521830017502,-23.15710359940852,8.311335077121441,-28.72037080389857,13.874602281611494,1.7160804515939923,0.4,0.75,0.9673008702444655,0.7071067811865476,0.0,0.01,26.539899826049805,7.090439796447754,0.6000000238418579
12820.0,16.0,20.0,4.0,-12.383050796829004,-29.633143725149917,17.250092928320914,-28.276745358282437,15.893694561453433,-32.32540086629819,19.942350069469185,2.6922571411482714,0.8,1.0,0.9424478350178769,0.0,0.0,0.01,27.489900588989258,7.230440139770508,0.6000000238418579
14608.0,17.0,20.0,4.0,-17.039068130394796,-22.36140095332663,5.322332822931834,-24.273089556195224,7.234021425800428,-24.307800613518676,7.26873248312388,1.9463996601920464,1.2,1.0,0.9804943754491776,0.0,0.0,0.009999999999999998,27.219900131225586,7.3804402351379395,0.6000000238418579
16397.0,18.0,20.0,4.0,-13.07906958390986,-27.730638785221625,14.651569201311766,-25.61219618399694,12.53312660008708,-27.758691896995277,14.679622313085417,0.02805311177365155,0.8,1.0,0.9509431836353989,0.0,0.0,0.010000000000000002,26.95989990234375,7.530439853668213,0.6000000238418579
16695.0,19.0,20.0,4.0,-14.35723958047933,-31.33318955006176,16.97594996958243,-26.163869491887297,11.806629911407967,-32.21874398484155,17.861504404362222,0.8855544347797917,0.8,1.0,0.9635266370708723,0.0,0.0,0.01,27.519899368286133,7.550439834594727,0.6000000238418579
16994.0,20.0,20.0,4.0,-14.739436714041755,-20.960072600016908,6.2206358859751525,-20.91583981904573,6.176403105003974,-20.966069392737495,6.22663267869574,0.005996792720587507,0.8,1.0,0.9665524124386977,0.0,0.0,0.01,26.879899978637695,7.580440044403076,0.6000000238418579
17590.0,21.0,20.0,4.0,-13.936573769432405,-18.273886245817803,4.337312476385398,-21.476776785746225,7.54020301631382,-23.33197978654784,9.395406017115436,5.058093540730038,1.2,1.0,0.9600830691053959,0.0,0.0,0.01,26.789899826049805,7.6304402351379395,0.6000000238418579
18186.0,22.0,20.0,4.0,-13.484085288607668,-31.738339239393184,18.254253950785518,-26.609649478848674,13.125564190241006,-30.533478519835526,17.04939323122786,-1.204860719557658,0.6,1.0,0.9555054434459399,0.0,0.0,0.009999999999999998,26.699899673461914,7.6804399490356445,0.6000000238418579
19080.0,23.0,20.0,4.0,-12.290863312350698,-29.068370958834812,16.777507646484114,-28.479824511214275,16.188961198863577,-32.12406193225598,19.83319861990528,3.0556909734211644,0.8,1.0,0.9412449467349377,0.0,0.0,0.01,27.16990089416504,7.7504401206970215,0.6000000238418579
20571.0,24.0,20.0,4.0,-12.977097370981998,-31.0065076014184,18.0294102304364,-26.750232541547486,13.773135170565489,-30.674899422209663,17.697802051227665,-0.331608179208736,0.8,1.0,0.9497376631503711,0.0,0.0,0.01,26.349899291992188,7.8804402351379395,0.6000000238418579
21167.0,25.0,20.0,4.0,-14.995983605902882,-32.68934955265691,17.693365946754025,-24.903829575781703,9.90784596987882,-32.45236103080628,17.456377424903398,-0.2369885218506269,0.6,1.0,0.9686225206161692,0.0,0.0,0.009999999999999998,27.469900131225586,7.920440196990967,0.6000000238418579
23254.0,26.0,20.0,4.0,-14.192614679299771,-30.63817666218835,16.445561982888577,-28.43858384983453,14.245969170534758,-31.008765129348845,16.816150450049072,0.37058846716049487,0.6,1.0,0.9620714765400373,0.0,0.0,0.010000000000000002,26.559900283813477,8.10044002532959,0.6000000238418579
23553.0,27.0,20.0,4.0,-14.504725461731073,-28.831856662387267,14.327131200656193,-26.827837731749202,12.323112270018129,-28.633991009170753,14.12926554743968,-0.19786565321651395,0.6,1.0,0.965148536020937,0.0,0.0,0.01,27.129899978637695,8.120439529418945,0.6000000238418579
23851.0,28.0,20.0,4.0,-13.22428899991258,-23.90363750289074,10.679348502978158,-31.59417009589038,18.3698810959778,-31.59417009589038,18.3698810959778,7.6905325929996415,1.0,0.75,0.9525356820741865,0.7071067811865476,0.5,0.01,26.479900360107422,8.150440216064453,0.6000000238418579
25341.0,29.0,20.0,4.0,-14.10936770516146,-28.659000872139995,14.549633166978534,-24.53653283716718,10.427165132005719,-28.522575250544246,14.413207545382786,-0.13642562159574823,0.6,0.75,0.9615295720172614,0.7071067811865476,0.5,0.01,26.859899520874023,8.270440101623535,0.6000000238418579
25640.0,30.0,20.0,4.0,-12.84987168416144,-16.358649547509415,3.5087778633479747,-18.115512381824296,5.265640697662855,-20.591630260974355,7.741758576812915,4.23298071346494,1.2,0.75,0.9484646992423854,0.7071067811865476,0.5,0.01,27.429899215698242,8.29043960571289,0.6000000238418579
26832.0,31.0,20.0,4.0,-15.17913948119219,-33.13263761724405,17.953498136051863,-27.507107287416403,12.327967806224214,-32.78769089164027,17.60855141044808,-0.3449467256037835,0.6,1.0,0.9698603477847058,0.0,0.0,0.009999999999999998,27.249900817871094,8.390439987182617,0.6000000238418579
28025.0,32.0,20.0,4.0,-17.844494607572006,-21.77752926451964,3.9330346569476333,-21.33290762742361,3.4884130198516026,-21.89060842608931,4.046113818517306,0.11307916156967224,0.8,1.0,0.9839092871550004,0.0,0.0,0.010000000000000002,27.07990074157715,8.490440368652344,0.6000000238418579
28919.0,33.0,20.0,4.0,-14.398449283253639,-25.922477104236364,11.524027820982726,-22.312453492073402,7.9140042088197635,-25.93767480550959,11.539225522255952,0.015197701273226727,0.6,1.0,0.9644039314461222,0.0,0.0,0.009999999999999998,26.33989906311035,8.570440292358398,0.6000000238418579
37863.0,34.0,20.0,4.0,-12.050699990434579,-20.793754957698873,8.743054967264294,-23.991475885792994,11.940775895358415,-26.36105618615995,14.31035619572537,5.567301228461076,1.2,1.0,0.9378293045255073,0.0,0.0,0.009999999999999998,27.449899673461914,9.300439834594727,0.6000000238418579
38460.0,35.0,20.0,4.0,-15.796646059309637,-19.16046421208028,3.3638181527706443,-21.716304842050302,5.919658782740665,-23.378912133436284,7.582266074126647,4.218447921356002,1.2,0.75,0.9742305981119693,0.7071067811865476,0.5,0.009999999999999998,27.36989974975586,9.35044002532959,0.6000000238418579
42335.0,36.0,20.0,4.0,-14.90453748094984,-19.755888696515655,4.851351215565815,-19.81365222526415,4.90911474431431,-22.003704726708385,7.0991672457585455,2.2478160301927304,1.2,1.0,0.9685095572276419,0.0,0.0,0.009999999999999998,27.399900436401367,9.670439720153809,0.6000000238418579
42932.0,37.0,20.0,4.0,-14.85480233585996,-28.90202212689044,14.04721979103048,-26.424179049255724,11.569376713395764,-29.051181632019514,14.196379296159554,0.14915950512907372,0.6,1.0,0.967621399849799,0.0,0.0,0.01,27.319900512695312,9.720439910888672,0.6000000238418579
43230.0,38.0,20.0,4.0,-12.717876656601735,-31.857240021177443,19.139363364575708,-28.02440716653767,15.306530509935936,-33.326245000811284,20.60836834420955,1.4690049796338407,0.8,1.0,0.9467694756572831,0.0,0.0,0.010000000000000002,26.66990089416504,9.750439643859863,0.6000000238418579
48000.0,39.0,20.0,4.0,-13.056690989798803,-23.607663886741996,10.550972896943193,-23.034256624127224,9.977565634328421,-23.755969846616996,10.699278856818193,0.14830595987499962,0.8,1.0,0.9508332941499955,0.0,0.0,0.010000000000000004,27.179899215698242,10.140399932861328,0.6000000238418579
53068.0,40.0,20.0,4.0,-13.296178389312443,-28.935038483184915,15.638860093872472,-25.634485451911946,12.338307062599503,-28.283870036357413,14.98769164704497,-0.6511684468275014,0.8,0.75,0.9535335634980934,0.7071067811865476,0.5,0.01,27.039899826049805,10.560400009155273,0.6000000238418579
54559.0,41.0,20.0,4.0,-19.442099545914044,-21.33475096561801,1.8926514197039666,-20.204735067577346,0.7626355216633023,-21.4092217602616,1.9671222143475582,0.07447079464359163,0.6,1.0,0.9889873829639886,0.0,0.0,0.01,27.429899215698242,10.680399894714355,0.6000000238418579
55454.0,42.0,20.0,4.0,-12.703304258641957,-23.856888941247135,11.153584682605178,-25.718851717856815,13.015547459214858,-25.718851717856815,13.015547459214858,1.8619627766096798,1.0,1.0,0.9465506941220913,0.0,0.0,0.009999999999999998,26.699899673461914,10.76039981842041,0.6000000238418579
57242.0,43.0,20.0,4.0,-14.71209466466611,-19.407663443882164,4.695568779216055,-19.925503461726958,5.213408797060849,-20.303887865250676,5.591793200584567,0.8962244213685118,1.2,1.0,0.9668778011547887,0.0,0.0,0.01,26.429899215698242,10.910400390625,0.6000000238418579
57839.0,44.0,20.0,4.0,-13.724738877669589,-27.40801703857016,13.683278160900572,-24.173372987405607,10.448634109736018,-27.17381375048294,13.44907487281335,-0.23420328808722246,0.6,1.0,0.9578862343184369,0.0,0.0,0.01,26.349899291992188,10.960399627685547,0.6000000238418579
58733.0,45.0,20.0,4.0,-15.63350010882655,-22.790775373533045,7.157275264706495,-23.28372709395564,7.650226985129091,-23.65004724194165,8.0165471331151,0.8592718684086051,1.2,1.0,0.9730192261673846,0.0,0.0,0.01,26.819900512695312,11.030400276184082,0.6000000238418579
60522.0,46.0,20.0,4.0,-14.806245176649966,-25.721331304730256,10.91508612808029,-25.735840248532753,10.929595071882787,-26.126697155172344,11.320451978522378,0.40536585044208806,1.2,1.0,0.9672848705247412,0.0,0.0,0.01,26.559900283813477,11.180399894714355,0.6000000238418579
60820.0,47.0,20.0,4.0,-13.755033951606032,-33.941126496179635,20.186092544573604,-25.783417102143424,12.028383150537392,-33.03919940633847,19.284165454732438,-0.9019270898411662,0.6,0.75,0.9580559463146955,0.7071067811865476,0.5,0.01,27.11989974975586,11.200400352478027,0.6000000238418579
61416.0,48.0,20.0,4.0,-15.132385607286263,-20.958571792184788,5.826186184898525,-21.772605624486758,6.640220017200495,-22.73226208640856,7.5998764791222975,1.7736902942237727,1.2,0.75,0.9696403991629948,0.7071067811865476,0.5,0.01,27.02989959716797,11.250399589538574,0.6000000238418579
63205.0,49.0,20.0,4.0,-14.424370761715295,-25.93156073944824,11.507189977732946,-22.72824970300755,8.303878941292254,-26.092088795392318,11.667718033677023,0.16052805594407715,0.6,1.0,0.9641163498813382,0.0,0.0,0.01,26.769899368286133,11.400400161743164,0.6000000238418579
63503.0,50.0,20.0,4.0,-14.78787693698556,-29.067042566786693,14.279165629801133,-29.689868024746723,14.901991087761163,-30.611442365922716,15.823565428937156,1.5443997991360234,0.8,1.0,0.9671078995205648,0.0,0.0,0.009999999999999998,27.32990074157715,11.42039966583252,0.6000000238418579
64398.0,51.0,20.0,4.0,-13.894470578403233,-22.7692896131882,8.874819034784966,-22.562400333741948,8.667929755338715,-24.361381473961753,10.46691089555852,1.5920918607735537,1.2,1.0,0.9598118292568433,0.0,0.0,0.010000000000000002,26.599899291992188,11.500399589538574,0.6000000238418579
65590.0,52.0,20.0,4.0,-14.460023296863657,-29.4622787061985,15.002255409334843,-24.281791789766842,9.821768492903185,-29.643710882676274,15.183687585812617,0.18143217647777377,0.6,1.0,0.9643622183567538,0.0,0.0,0.01,26.41990089416504,11.6003999710083,0.6000000238418579
65889.0,53.0,20.0,4.0,-13.411049123636037,-27.292190566094913,13.881141442458876,-21.594731814412764,8.183682690776727,-27.355719461343767,13.94467033770773,0.06352889524885441,0.6,1.0,0.9546774889687524,0.0,0.0,0.010000000000000002,26.989900588989258,11.620400428771973,0.6000000238418579
66783.0,54.0,20.0,4.0,-12.906126123412955,-27.354194624034673,14.448068500621718,-25.545860999598094,12.63973487618514,-27.58521465509135,14.679088531678394,0.23102003105667634,0.8,1.0,0.9491495370479295,0.0,0.0,0.01,18.715299606323242,6.011020183563232,1.0
67081.0,55.0,20.0,4.0,-15.323222203009589,-18.3736736584422,3.0504514554326114,-14.29840939424019,-1.0248128087693988,-21.984997254736033,6.661775051726444,3.6113235962938326,0.4,1.0,0.97115362280274,0.0,0.0,0.009999999999999998,19.275299072265625,6.053020000457764,1.0
69168.0,56.0,20.0,4.0,-10.728888323607464,-20.777075692986216,10.048187369378752,-23.48522485991331,12.756336536305845,-23.787935202519353,13.05904687891189,3.0108595095331374,1.2,1.0,0.915607147751675,0.0,0.0,0.010000000000000002,18.393299102783203,6.403019905090332,1.0
69466.0,57.0,20.0,4.0,-14.652242435041407,-18.243887122518384,3.591644687476977,-14.212951957907249,-0.4392904771341577,-21.41195341102062,6.759710975979212,3.168066288502235,0.4,1.0,0.9659497618615654,0.0,0.0,0.01,18.95330047607422,6.4450201988220215,1.0
69764.0,58.0,20.0,4.0,-12.227860143497795,-21.77716084430433,9.549300700806535,-22.35466595272507,10.126805809227276,-22.45297603797303,10.225115894475236,0.6758151936687007,0.8,1.0,0.9403928497516073,0.0,0.0,0.01,19.5132999420166,6.487020015716553,1.0
70062.0,59.0,20.0,4.0,-16.567147876348606,-19.836752759535255,3.2696048831866484,-15.166602512239018,-1.400545364109588,-24.176551074567776,7.609403198219169,4.339798315032521,0.4,1.0,0.9783149594349084,0.0,0.0,0.010000000000000002,18.869300842285156,6.543019771575928,1.0
70659.0,60.0,20.0,4.0,-14.1963277711719,-19.688792651761556,5.492464880589656,-16.03547892300241,1.839151151830512,-21.3509114966433,7.154583725471399,1.6621188448817428,0.4,1.0,0.9626481159583398,0.0,0.0,0.009999999999999998,18.799299240112305,6.641019821166992,1.0
71851.0,61.0,20.0,4.0,-12.207019837020717,-23.959074029003528,11.752054191982811,-23.490968228886857,11.28394839186614,-24.456552371186714,12.249532534165997,0.4974783421831859,0.8,1.0,0.9405210011315411,0.0,0.0,0.01,18.63129997253418,6.837019920349121,1.0
72448.0,62.0,20.0,4.0,-12.535867671735701,-22.01830216968796,9.482434497952259,-23.35529361129855,10.819425939562848,-23.70234564132209,11.166477969586388,1.68404347163413,1.2,1.0,0.9444593017658177,0.0,0.0,0.01,18.56130027770996,6.9350199699401855,1.0
73938.0,63.0,20.0,4.0,-16.483532695313144,-19.577656113713658,3.094123418400514,-14.04664864848738,-2.4368840468257638,-20.23888046645658,3.755347771143434,0.66122435274292,0.4,1.0,0.977908842626601,0.0,0.0,0.01,18.95330047607422,7.173019886016846,1.0
74236.0,64.0,20.0,4.0,-14.625453342187438,-18.81366545257719,4.1882121103897525,-14.949743827538276,0.32429048535083815,-21.321016219475403,6.695562877287966,2.507350766898213,0.4,0.75,0.9657051660913077,0.7071067811865476,0.5,0.01,19.5132999420166,7.215020179748535,1.0
77218.0,65.0,20.0,4.0,-18.4566511743883,-21.187796404458116,2.731145230069817,-13.992249817011437,-4.464401357376861,-27.089963839008956,8.633312664620657,5.90216743455084,0.4,1.0,0.986028338838241,0.0,0.0,0.010000000000000002,19.121299743652344,7.705019950866699,1.0
78410.0,66.0,20.0,4.0,-15.559249429017399,-17.104811934487017,1.5455625054696185,-13.722080966323652,-1.8371684626937466,-19.806693260750922,4.2474438317335235,2.701881326263905,0.4,1.0,0.9723472072057067,0.0,0.0,0.01,18.95330047607422,7.901020050048828,1.0
81988.0,67.0,20.0,4.0,-15.458509314640867,-16.635035718067087,1.1765264034262195,-13.58383784343067,-1.8746714712101973,-18.92052768413027,3.462018369489403,2.2854919660631836,0.4,1.0,0.9721562815123155,0.0,0.0,0.010000000000000004,18.4773006439209,8.489020347595215,1.0
82584.0,68.0,20.0,4.0,-14.043095804709901,-15.204269305903237,1.1611735011933355,-12.876673164850432,-1.1664226398594693,-16.690592510364898,2.647496705654996,1.4863232044616606,0.4,1.0,0.9608810157505159,0.0,0.0,0.009999999999999998,18.393299102783203,8.587019920349121,1.0
83181.0,69.0,20.0,4.0,-18.399434031630197,-24.791893409293763,6.392459377663567,-19.260727570641073,0.8612935390108767,-25.795934926389936,7.39650089475974,1.004041517096173,0.4,1.0,0.9857913434815824,0.0,0.0,0.010000000000000002,19.527299880981445,8.671019554138184,1.0
84671.0,70.0,20.0,4.0,-16.6501388052614,-16.86517673119164,0.21503792593023974,-13.42729107331934,-3.2228477319420588,-20.148870138911448,3.498731333650049,3.2836934077198094,0.2,1.0,0.9786240643047148,0.0,0.0,0.01,18.715299606323242,8.923020362854004,1.0
84970.0,71.0,20.0,4.0,-17.709775827794413,-17.748143635406773,0.03836780761236014,-13.487692479495102,-4.222083348299311,-22.726659177333097,5.016883349538684,4.978515541926324,0.2,1.0,0.9832803555006303,0.0,0.0,0.01,19.2893009185791,8.965020179748535,1.0
85864.0,72.0,20.0,4.0,-15.695499835034,-27.312592538773806,11.617092703739807,-21.827496843627546,6.131997008593547,-28.568488094577976,12.872988259543977,1.2558955558041696,0.4,1.0,0.9732641205873814,0.0,0.0,0.01,18.56130027770996,9.119020462036133,1.0
87355.0,73.0,20.0,4.0,-16.159916450647216,-17.78146195555049,1.621545504903274,-13.39345651988771,-2.766459930759506,-22.444288613284563,6.2843721626373465,4.6628266577340725,0.4,0.75,0.9762376245428493,0.7071067811865476,0.5,0.009999999999999998,18.967300415039062,9.357020378112793,1.0
89143.0,74.0,20.0,4.0,-16.421519078550347,-26.652040140893604,10.230521062343257,-21.49142169208778,5.069902613537433,-30.49500956595515,14.073490487404804,3.842969425061547,0.4,1.0,0.9775663062209398,0.0,0.0,0.01,18.715299606323242,9.651020050048828,1.0
89740.0,75.0,20.0,4.0,-15.73481890269674,-24.386364673168117,8.651545770471378,-21.11867591101332,5.38385700831658,-24.942287538304836,9.207468635608096,0.5559228651367185,0.4,1.0,0.9736783689615508,0.0,0.0,0.01,18.645299911499023,9.749019622802734,1.0
90336.0,76.0,20.0,4.0,-19.54130229208813,-25.240458548485982,5.699156256397853,-27.36205889406868,7.820756601980552,-27.36205889406868,7.820756601980552,2.1216003455826993,1.0,1.0,0.9890642441857946,0.0,0.0,0.01,18.56130027770996,9.847020149230957,1.0
92423.0,77.0,20.0,4.0,-13.790481397305175,-23.29159136599216,9.501109968686986,-21.33837011570677,7.547888718401595,-23.329495409726153,9.539014012420978,0.0379040437339917,0.6,1.0,0.9583349114705051,0.0,0.0,0.010000000000000002,18.88330078125,10.182999610900879,1.0
93616.0,78.0,20.0,4.0,-15.428420754758914,-14.33357214923152,-1.0948486055273943,-12.87975621136652,-2.5486645433923947,-17.021941881307438,1.5935211265485236,2.688369732075918,0.2,1.0,0.9717610460941415,0.0,0.0,0.01,18.729299545288086,10.378999710083008,1.0
95106.0,79.0,20.0,4.0,-15.723908852050375,-24.7756168926814,9.051708040631024,-21.17689909469551,5.452990242645136,-25.465065286176113,9.741156434125738,0.6894483934947147,0.4,1.0,0.9739347555482608,0.0,0.0,0.010000000000000002,19.121299743652344,10.616999626159668,1.0
95404.0,80.0,20.0,4.0,-16.157094096785375,-16.144637043445332,-0.01245705334004299,-13.243248277901507,-2.9138458188838676,-18.911219802936692,2.754125706151317,2.76658275949136,0.2,1.0,0.9758895692623797,0.0,0.0,0.01,18.4773006439209,10.67300033569336,1.0
96597.0,81.0,20.0,4.0,-15.190326006840797,-24.447901031133284,9.257575024292487,-21.042796909884764,5.852470903043967,-24.918001897950752,9.727675891109955,0.470100866817468,0.6,1.0,0.969909958668024,0.0,0.0,0.01,19.527299880981445,10.854999542236328,1.0
96895.0,82.0,20.0,4.0,-16.257602794538567,-16.945065318090414,0.6874625235518472,-14.055621123545258,-2.201981670993309,-19.500295585345143,3.2426927908065757,2.5552302672547285,0.2,1.0,0.9771621478045528,0.0,0.0,0.01,18.88330078125,10.91100025177002,1.0
98386.0,83.0,20.0,4.0,-17.488458960868535,-22.26703465026622,4.778575689397684,-21.557625060448842,4.069166099580308,-22.22744946943108,4.738990508562544,-0.03958518083513951,0.6,1.0,0.9825401413906091,0.0,0.0,0.009999999999999998,19.2893009185791,11.14900016784668,1.0
98982.0,84.0,20.0,4.0,-17.001233145976165,-16.61972194230447,-0.3815112036716961,-13.70686847654257,-3.2943646694335946,-20.813049440160476,3.811816294184311,4.193327497856007,0.2,1.0,0.980329528931512,0.0,0.0,0.010000000000000002,19.205299377441406,11.246999740600586,1.0
99877.0,85.0,20.0,4.0,-12.353639343280197,-14.023311547084997,1.6696722038048009,-12.393768568844683,0.040129225564486504,-14.992198957877337,2.63855961459714,0.9688874107923393,0.4,1.0,0.9420302919923631,0.0,0.0,0.01,18.491300582885742,11.401000022888184,1.0
105839.0,86.0,20.0,4.0,-14.779882376228732,-22.72274378035835,7.9428614041296175,-16.787953047780807,2.0080706715520744,-25.599687881831272,10.81980550560254,2.8769441014729225,0.4,1.0,0.9669314562899309,0.0,0.0,0.009999999999999998,18.88330078125,12.366999626159668,1.0
106137.0,87.0,20.0,4.0,-14.67482224649941,-18.61801619618748,3.9431939496880695,-14.536631775529894,-0.13819047096951564,-21.001079450255435,6.326257203756025,2.383063254067956,0.4,1.0,0.966490886276851,0.0,0.0,0.01,19.443300247192383,12.409000396728516,1.0
107330.0,88.0,20.0,4.0,-13.74265175707958,-14.877849151723602,1.1351973946440221,-13.324627415672254,-0.41802434140732636,-16.025797608899847,2.283145851820267,1.1479484571762448,0.4,1.0,0.9579766111961345,0.0,0.0,0.010000000000000002,19.2893009185791,12.604999542236328,1.0
107926.0,89.0,20.0,4.0,-13.442213432380006,-26.556678398954414,13.114464966574408,-23.58227367509441,10.140060242714403,-26.345745985909726,12.90353255352972,-0.2109324130446879,0.6,1.0,0.9549989229844401,0.0,0.0,0.009999999999999998,19.205299377441406,12.70300006866455,1.0
108523.0,90.0,20.0,4.0,-15.375801664913485,-17.790907048278324,2.415105383364839,-13.872884655771179,-1.5029170091423065,-21.338397955720644,5.962596290807159,3.54749090744232,0.4,1.0,0.971168686395094,0.0,0.0,0.01,19.135299682617188,12.800999641418457,1.0
108821.0,91.0,20.0,4.0,-13.993966246203156,-34.29055922390392,20.29659297770076,-26.044088652651546,12.05012240644839,-33.43803049543963,19.44406424923647,-0.8525287284642928,0.6,1.0,0.9604310248195901,0.0,0.0,0.009999999999999998,18.491300582885742,12.857000350952148,1.0
109119.0,92.0,20.0,4.0,-13.816718423369974,-28.61693023777162,14.800211814401646,-24.799880435225322,10.983162011855349,-28.29248400175429,14.475765578384316,-0.32444623601733014,0.6,1.0,0.9586825438473706,0.0,0.0,0.01,19.051300048828125,12.89900016784668,1.0
110311.0,93.0,20.0,4.0,-14.104603479086407,-16.400764268672315,2.296160789585908,-14.20745879631114,0.10285531722473351,-17.747200790367884,3.6425973112814773,1.3464365216955692,0.4,1.0,0.9612173036387408,0.0,0.0,0.01,18.88330078125,13.095000267028809,1.0
111504.0,94.0,20.0,4.0,-13.145126080537485,-21.05263542217621,7.907509341638724,-16.446697707569374,3.3015716270318887,-21.635137920237856,8.49001183970037,0.5825024980616469,0.6,1.0,0.9517681507522386,0.0,0.0,0.009999999999999998,18.729299545288086,13.291000366210938,1.0
114187.0,95.0,20.0,4.0,-12.534929973260883,-28.243464847500558,15.708534874239675,-26.79535056590759,14.260420592646707,-29.442899240523786,16.907969267262903,1.1994343930232283,0.8,1.0,0.9444104519251882,0.0,0.0,0.009999999999999998,18.967300415039062,13.725000381469727,1.0
116274.0,96.0,20.0,4.0,-13.1483318056339,-20.792832439628807,7.644500633994907,-16.14528781935268,2.9969560137187816,-21.307220027904343,8.158888222270443,0.514387588275536,0.6,1.0,0.9521647929262362,0.0,0.0,0.01,19.2893009185791,14.060999870300293,1.0
116572.0,97.0,20.0,4.0,-12.934870811634646,-29.545265518210645,16.610394706576,-27.13095988223642,14.196089070601776,-30.299768743987684,17.36489793235304,0.7545032257770394,0.8,1.0,0.9497230100604791,0.0,0.0,0.009999999999999998,18.645299911499023,14.116999626159668,1.0
116871.0,98.0,20.0,4.0,-13.010663859859894,-25.314062917447803,12.303399057587908,-19.961322655937256,6.950658796077361,-25.487329334449935,12.47666547459004,0.1732664170021323,0.6,1.0,0.9503233644682169,0.0,0.0,0.01,19.21929931640625,14.159000396728516,1.0
118063.0,99.0,20.0,4.0,-13.97860012462036,-21.2317680607729,7.25316793615254,-17.68128523170191,3.7026851070815496,-21.6971435403663,7.718543415745941,0.4653754795934013,0.6,1.0,0.9604019099525909,0.0,0.0,0.009999999999999997,19.051300048828125,14.354999542236328,1.0
0.0,0.0,20.0,8.0,-17.762351529493166,-29.15571955809792,11.393368028604755,-29.466457889325795,11.704106359832629,-29.668039058612763,11.905687529119596,0.5123195005148418,1.2,1.0,0.984424099389034,0.0,0.0,0.01,26.33989906311035,6.1804399490356445,0.6000000238418579
298.0,1.0,20.0,8.0,-15.103749354361668,-28.37963650071174,13.275887146350072,-28.956020685509234,13.852271331147566,-28.981566875773026,13.877817521411359,0.6019303750612863,0.8,1.0,0.9702442507452991,0.0,0.0,0.009999999999999998,26.899900436401367,6.200439929962158,0.6000000238418579
596.0,2.0,20.0,8.0,-16.547772717739367,-30.89456457348784,14.346791855748474,-30.82817738622923,14.280404668489862,-31.082205149564285,14.534432431824918,0.18764057607644347,0.8,1.0,0.9786184406240725,0.0,0.0,0.009999999999999998,27.45989990234375,6.220439910888672,0.6000000238418579
1192.0,3.0,20.0,8.0,-15.340585047025524,-31.66972775913889,16.329142712113367,-34.00116185379759,18.660576806772067,-34.036044495878784,18.69545944885326,2.3663167367398934,1.2,1.0,0.971197089146358,0.0,0.0,0.009999999999999998,27.36989974975586,6.270440101623535,0.6000000238418579
2683.0,4.0,20.0,8.0,-18.328482078942134,-26.712627724713307,8.384145645771174,-25.08849579766548,6.760013718723346,-26.87903642303532,8.550554344093186,0.16640869832201233,0.6,1.0,0.986215920176872,0.0,0.0,0.01,26.54990005493164,6.400440216064453,0.6000000238418579
2981.0,5.0,20.0,8.0,-15.401279060604871,-32.043881209758865,16.642602149153994,-32.58205392221838,17.180774861613507,-32.75591406704806,17.35463500644319,0.712032857289195,1.2,0.875,0.9717666544251087,0.7071067811865476,0.3535533905932738,0.009999999999999998,27.109899520874023,6.420440196990967,0.6000000238418579
3875.0,6.0,20.0,8.0,-15.842701277911356,-29.753484761469615,13.910783483558259,-30.785462137458637,14.942760859547281,-31.1323483189675,15.289647041056146,1.378863557497887,1.2,0.875,0.9746078942535015,0.7071067811865476,0.3535533905932738,0.01,26.36989974975586,6.5004401206970215,0.6000000238418579
4173.0,7.0,20.0,8.0,-16.431966290631625,-29.04820949270979,12.616243202078167,-30.619089146568218,14.187122855936593,-31.59946163366614,15.167495343034517,2.5512521409563504,1.2,1.0,0.9778471351598288,0.0,0.0,0.010000000000000002,26.929899215698242,6.520440101623535,0.6000000238418579
4472.0,8.0,20.0,8.0,-14.876993323028646,-31.23517694619409,16.358183623165445,-32.20289959165671,17.325906268628064,-32.29603705458038,17.419043731551735,1.06086010838629,0.8,0.875,0.9680754445234914,0.7071067811865476,0.3535533905932738,0.01,27.499900817871094,6.540440082550049,0.6000000238418579
5366.0,9.0,20.0,8.0,-16.220533963951933,-29.80326456859902,13.582730604647086,-30.131462097403183,13.91092813345125,-30.718293252310783,14.49775928835885,0.915028683711764,1.2,1.0,0.9770368412712612,0.0,0.0,0.01,26.759899139404297,6.6204400062561035,0.6000000238418579
6260.0,10.0,20.0,8.0,-19.011557756159693,-30.297409273774303,11.28585151761461,-29.2083895944012,10.196831838241508,-30.41976486148483,11.408207105325136,0.12235558771052624,0.6,0.875,0.9883334458975507,0.5,0.3535533905932738,0.010000000000000002,27.229900360107422,6.6904401779174805,0.6000000238418579
7453.0,11.0,20.0,8.0,-15.947617652828823,-31.093329234394986,15.145711581566163,-31.133928402601732,15.18631074977291,-31.256932139078554,15.30931448624973,0.16360290468356808,0.8,1.0,0.9751888505053568,0.0,0.0,0.01,27.059900283813477,6.790440082550049,0.6000000238418579
8646.0,12.0,20.0,8.0,-18.371408595089914,-26.00956932193676,7.638160726846845,-30.174809682026236,11.803401086936322,-31.98854504737859,13.617136452288676,5.978975725441831,1.2,1.0,0.986276318732226,0.0,0.0,0.010000000000000002,26.88990020751953,6.890439987182617,0.6000000238418579
10434.0,13.0,20.0,8.0,-14.840524762842154,-28.895649446004526,14.055124683162372,-29.467786258415785,14.62726149557363,-29.60399309657202,14.763468333729865,0.7083436505674925,0.8,1.0,0.9682070480403767,0.0,0.0,0.01,26.61989974975586,7.040440082550049,0.6000000238418579
10733.0,14.0,20.0,8.0,-15.828066184131986,-29.856878988886564,14.028812804754578,-29.988995160537026,14.16092897640504,-30.13995173084495,14.311885546712963,0.28307274195838517,0.8,1.0,0.9749872732251207,0.0,0.0,0.009999999999999998,27.189899444580078,7.0604400634765625,0.6000000238418579
11031.0,15.0,20.0,8.0,-17.951163205377988,-33.60314255633622,15.651979350958236,-32.31621666222026,14.365053456842276,-33.70617890255453,15.755015697176539,0.10303634621830327,0.6,0.875,0.9844002250219018,0.7071067811865476,0.3535533905932738,0.01,26.539899826049805,7.090439796447754,0.6000000238418579
12820.0,16.0,20.0,8.0,-15.364661197039236,-32.756358239929504,17.391697042890268,-33.342493167473904,17.977831970434668,-33.80426913178381,18.439607934744576,1.0479108918543076,0.8,0.875,0.9712995406080314,0.7071067811865476,0.3535533905932738,0.01,27.489900588989258,7.230440139770508,0.6000000238418579
14608.0,17.0,20.0,8.0,-20.11124559907573,-29.15160815446631,9.04036255539058,-31.03094522115844,10.91969962208271,-31.03094522115844,10.91969962208271,1.8793370666921305,1.0,0.875,0.9908294228807961,0.8660254037844386,0.0,0.009999999999999998,27.219900131225586,7.3804402351379395,0.6000000238418579
16397.0,18.0,20.0,8.0,-16.009749188708554,-30.178652808794943,14.16890362008639,-31.295742332447986,15.285993143739432,-32.11353568322924,16.103786494520683,1.9348828744342939,1.2,0.875,0.9753320311214492,0.7071067811865476,0.3535533905932738,0.010000000000000002,26.95989990234375,7.530439853668213,0.6000000238418579
16695.0,19.0,20.0,8.0,-17.128720349319845,-33.861179694535636,16.73245934521579,-31.268084188792248,14.139363839472402,-33.43388845807289,16.305168108753048,-0.42729123646274303,0.6,0.875,0.9810260410815632,0.7071067811865476,0.3535533905932738,0.01,27.519899368286133,7.550439834594727,0.6000000238418579
16994.0,20.0,20.0,8.0,-17.633176906048597,-23.47865763909734,5.845480733048742,-22.60103872099343,4.967861814944833,-23.568611913659552,5.935435007610955,0.0899542745622135,0.6,1.0,0.9834943169723195,0.0,0.0,0.01,26.879899978637695,7.580440044403076,0.6000000238418579
17590.0,21.0,20.0,8.0,-16.823398311284457,-24.984795456323447,8.16139714503899,-28.362397689720446,11.538999378435989,-29.286521622752268,12.463123311467811,4.301726166428821,1.2,1.0,0.9801832846173978,0.0,0.0,0.01,26.789899826049805,7.6304402351379395,0.6000000238418579
18186.0,22.0,20.0,8.0,-16.50103631018779,-31.926557969915073,15.425521659727284,-31.42982333354922,14.92878702336143,-31.84971783287854,15.34868152269075,-0.07684013703653392,0.8,1.0,0.9781688878933793,0.0,0.0,0.009999999999999998,26.699899673461914,7.6804399490356445,0.6000000238418579
19080.0,23.0,20.0,8.0,-15.249996258320444,-31.796078414710603,16.54608215639016,-32.593518509135684,17.34352225081524,-32.844809459875385,17.594813201554942,1.0487310451647822,0.8,1.0,0.9706747347553244,0.0,0.0,0.01,27.16990089416504,7.7504401206970215,0.6000000238418579
20571.0,24.0,20.0,8.0,-15.938854910933937,-31.718214923843995,15.779360012910058,-31.582278210786143,15.643423299852206,-31.954943620811115,16.016088709877177,0.23672869696711984,0.8,1.0,0.9750805994876003,0.0,0.0,0.01,26.349899291992188,7.8804402351379395,0.6000000238418579
21167.0,25.0,20.0,8.0,-17.282970063317965,-30.983462134256534,13.70049207093857,-24.907905410617822,7.624935347299857,-31.05081857540435,13.767848512086385,0.06735644114781536,0.6,0.75,0.981974744958461,1.4577379737113252,0.3535533905932738,0.009999999999999998,27.469900131225586,7.920440196990967,0.6000000238418579
23254.0,26.0,20.0,8.0,-17.00311995597213,-32.06305891802754,15.059938962055405,-31.75665608374627,14.75353612777414,-31.949552232061926,14.946432276089794,-0.11350668596561064,0.6,0.875,0.9805607344601791,0.7905694150420949,0.0,0.010000000000000002,26.559900283813477,8.10044002532959,0.6000000238418579
23553.0,27.0,20.0,8.0,-17.774297078342403,-28.81481399717825,11.040516918835845,-27.028099948989336,9.253802870646933,-29.014195390823687,11.239898312481284,0.19938139364543872,0.6,0.875,0.9840173161099356,0.9354143466934853,0.0,0.01,27.129899978637695,8.120439529418945,0.6000000238418579
23851.0,28.0,20.0,8.0,-16.471338574799123,-30.691012599048832,14.21967402424971,-31.43283395579796,14.961495380998837,-31.584303727532422,15.112965152733299,0.8932911284835896,1.2,1.0,0.9781174991657565,0.0,0.0,0.01,26.479900360107422,8.150440216064453,0.6000000238418579
25341.0,29.0,20.0,8.0,-17.28375056812919,-31.016409607818556,13.732659039689366,-30.77941881298507,13.495668244855882,-30.967790085750604,13.684039517621414,-0.04861952206795195,0.8,1.0,0.9820754918997909,0.0,0.0,0.01,26.859899520874023,8.270440101623535,0.6000000238418579
25640.0,30.0,20.0,8.0,-16.08397805538119,-26.91880639219315,10.83482833681196,-29.599886191958706,13.515908136577515,-30.50664265277726,14.422664597396068,3.5878362605841083,1.2,1.0,0.9760521918479405,0.0,0.0,0.01,27.429899215698242,8.29043960571289,0.6000000238418579
26832.0,31.0,20.0,8.0,-18.466355976884334,-31.46309988102132,12.996743904136988,-27.38475826097487,8.918402284090536,-31.659188122850406,13.192832145966072,0.19608824182908435,0.6,1.0,0.986250605942786,0.0,0.0,0.009999999999999998,27.249900817871094,8.390439987182617,0.6000000238418579
28025.0,32.0,20.0,8.0,-20.29438616707235,-24.551702049506645,4.257315882434295,-23.889897323362884,3.5955111562905344,-24.56776024647931,4.27337407940696,0.016058196972664973,0.6,0.875,0.9913495401333043,0.5,0.3535533905932738,0.010000000000000002,27.07990074157715,8.490440368652344,0.6000000238418579
28919.0,33.0,20.0,8.0,-16.51643147641481,-28.68660920809458,12.170177731679772,-28.519759732248453,12.003328255833644,-28.692664972399488,12.176233495984679,0.006055764304907285,0.8,0.875,0.9788483878084436,0.3535533905932738,0.3535533905932738,0.009999999999999998,26.33989906311035,8.570440292358398,0.6000000238418579
37863.0,34.0,20.0,8.0,-15.081952055327129,-29.231633839315975,14.149681783988846,-31.149982535092164,16.068030479765035,-31.440841826084167,16.358889770757038,2.2092079867681917,1.2,1.0,0.9695887716274044,0.0,0.0,0.009999999999999998,27.449899673461914,9.300439834594727,0.6000000238418579
38460.0,35.0,20.0,8.0,-18.751380036651913,-25.444974564317434,6.693594527665521,-27.886684039635185,9.135304002983272,-28.604794307954414,9.853414271302501,3.15981974363698,1.2,0.875,0.9879970636032638,0.7905694150420949,0.0,0.009999999999999998,27.36989974975586,9.35044002532959,0.6000000238418579
42335.0,36.0,20.0,8.0,-17.505932715331596,-26.786341235111585,9.28040851977999,-27.114893215124106,9.60896049979251,-27.40649540431886,9.900562688987264,0.6201541692072752,1.2,1.0,0.9836259366950947,0.0,0.0,0.009999999999999998,27.399900436401367,9.670439720153809,0.6000000238418579
42932.0,37.0,20.0,8.0,-17.68881035472768,-31.7958102080236,14.106999853295921,-31.98098826435524,14.292177909627561,-32.4305550588025,14.741744704074819,0.6347448507788975,1.2,1.0,0.9834344976359752,0.0,0.0,0.01,27.319900512695312,9.720439910888672,0.6000000238418579
43230.0,38.0,20.0,8.0,-15.715014701334555,-33.63726474846934,17.92225004713479,-33.24517015626949,17.530155454934935,-34.091027710231415,18.376013008896862,0.45376296176207376,0.8,1.0,0.9735296309118223,0.0,0.0,0.010000000000000002,26.66990089416504,9.750439643859863,0.6000000238418579
48000.0,39.0,20.0,8.0,-16.022983239997362,-29.151077938918363,13.128094698921,-30.54109189375186,14.5181086537545,-31.107345952525694,15.084362712528332,1.9562680136073318,1.2,1.0,0.9755734526364218,0.0,0.0,0.010000000000000004,27.179899215698242,10.140399932861328,0.6000000238418579
53068.0,40.0,20.0,8.0,-16.552567695815217,-31.292648462036627,14.74008076622141,-32.04452495209488,15.491957256279665,-32.24391860916201,15.691350913346792,0.9512701471253813,1.2,1.0,0.9784777290836887,0.0,0.0,0.01,27.039899826049805,10.560400009155273,0.6000000238418579
54559.0,41.0,20.0,8.0,-22.42011587836832,-29.52002366659613,7.09990778822781,-30.707486200730685,8.287370322362364,-31.147620782822628,8.727504904454307,1.6275971162264966,1.2,0.875,0.9949079209943313,0.8660254037844386,0.0,0.01,27.429899215698242,10.680399894714355,0.6000000238418579
55454.0,42.0,20.0,8.0,-15.697845887128041,-31.4261143642779,15.728268477149859,-32.373992094759835,16.676146207631795,-32.37624649117298,16.67840060404494,0.9501321268950775,1.2,1.0,0.9735204556047173,0.0,0.0,0.009999999999999998,26.699899673461914,10.76039981842041,0.6000000238418579
57242.0,43.0,20.0,8.0,-17.885780334120053,-28.71680057411696,10.831020239996906,-29.521405016522195,11.635624682402142,-29.67706973137608,11.791289397256026,0.9602691572591198,0.8,0.875,0.9847375055862823,0.3535533905932738,0.0,0.01,26.429899215698242,10.910400390625,0.6000000238418579
57839.0,44.0,20.0,8.0,-16.706904100978576,-30.29290316449758,13.585999063519004,-30.200818901119835,13.493914800141258,-30.45640785591523,13.749503754936654,0.1635046914176499,1.2,1.0,0.9792772077480456,0.0,0.0,0.01,26.349899291992188,10.960399627685547,0.6000000238418579
58733.0,45.0,20.0,8.0,-18.77038842549455,-32.01543265800276,13.24504423250821,-31.040941273246084,12.270552847751535,-32.15401901686978,13.383630591375233,0.1385863588670233,0.8,0.875,0.9872539683862696,0.8660254037844386,0.0,0.01,26.819900512695312,11.030400276184082,0.6000000238418579
60522.0,46.0,20.0,8.0,-17.695698933254643,-25.58251775469262,7.886818821437977,-26.1456909857015,8.449992052446856,-26.883473639017982,9.187774705763339,1.3009558843253615,1.2,0.875,0.9835954477866764,0.9354143466934853,0.0,0.01,26.559900283813477,11.180399894714355,0.6000000238418579
60820.0,47.0,20.0,8.0,-16.947315312798988,-33.06633742171575,16.119022108916763,-32.95810256912488,16.010787256325894,-33.44798862660257,16.500673313803585,0.3816512048868219,1.2,1.0,0.9802488221979316,0.0,0.0,0.01,27.11989974975586,11.200400352478027,0.6000000238418579
61416.0,48.0,20.0,8.0,-18.45046648444405,-30.94044494284141,12.48997845839736,-31.919067288817647,13.468600804373597,-32.46167299368971,14.01120650924566,1.5212280508483005,1.2,1.0,0.9861657803520981,0.0,0.0,0.01,27.02989959716797,11.250399589538574,0.6000000238418579
63205.0,49.0,20.0,8.0,-17.425707461061602,-30.62607034269965,13.200362881638046,-30.733713731778053,13.30800627071645,-31.342317490597477,13.916610029535875,0.7162471478978283,1.2,1.0,0.9823799247922737,0.0,0.0,0.01,26.769899368286133,11.400400161743164,0.6000000238418579
63503.0,50.0,20.0,8.0,-17.568517768921836,-33.23908528325483,15.670567514332994,-32.42702161890105,14.858503849979215,-33.12217361335115,15.553655844429315,-0.11691166990367918,0.6,1.0,0.9829855530503846,0.0,0.0,0.009999999999999998,27.32990074157715,11.42039966583252,0.6000000238418579
64398.0,51.0,20.0,8.0,-16.500535116351283,-22.933180474940798,6.4326453585895145,-22.847916924449873,6.347381808098589,-24.992190267575634,8.49165515122435,2.0590097926348356,1.2,0.875,0.9784654856860374,0.9354143466934853,0.0,0.010000000000000002,26.599899291992188,11.500399589538574,0.6000000238418579
65590.0,52.0,20.0,8.0,-17.51158753297116,-32.548754464009264,15.037166931038104,-31.800005470722436,14.288417937751277,-32.49952903571824,14.98794150274708,-0.04922542829102383,0.6,0.875,0.9826037588953762,0.7071067811865476,0.3535533905932738,0.01,26.41990089416504,11.6003999710083,0.6000000238418579
65889.0,53.0,20.0,8.0,-16.349987106951215,-33.379759805358525,17.02977269840731,-33.21110847907005,16.861121372118834,-33.53503381983556,17.185046712884347,0.15527401447703681,0.8,1.0,0.9772786331896519,0.0,0.0,0.010000000000000002,26.989900588989258,11.620400428771973,0.6000000238418579
66783.0,54.0,20.0,8.0,-16.019456629209003,-30.570996228581436,14.551539599372433,-31.48904577290066,15.469589143691657,-32.492744672495334,16.47328804328633,1.9217484439138985,1.2,1.0,0.9756114273975394,0.0,0.0,0.01,18.715299606323242,6.011020183563232,1.0
67081.0,55.0,20.0,8.0,-17.916890437059198,-29.78217533269422,11.865284895635021,-30.05086151251815,12.133971075458952,-30.78133744682715,12.86444700976795,0.999162114132929,1.2,1.0,0.9844958811364735,0.0,0.0,0.009999999999999998,19.275299072265625,6.053020000457764,1.0
69168.0,56.0,20.0,8.0,-13.592493450467924,-26.272470535779497,12.679977085311574,-30.31678692273092,16.724293472262996,-31.63011188020352,18.037618429735595,5.357641344424021,1.2,1.0,0.9566414179013115,0.0,0.0,0.010000000000000002,18.393299102783203,6.403019905090332,1.0
69466.0,57.0,20.0,8.0,-17.442167808097885,-18.238679093132987,0.7965112850351019,-14.2017484231028,-3.2404193849950857,-22.726765495509078,5.284597687411193,4.488086402376091,0.4,1.0,0.9826420538982572,0.0,0.0,0.01,18.95330047607422,6.4450201988220215,1.0
69764.0,58.0,20.0,8.0,-15.325160556402688,-25.716607925959053,10.391447369556365,-29.240743129339375,13.915582572936687,-30.910281959258565,15.585121402855878,5.193674033299512,1.2,1.0,0.9711603692494822,0.0,0.0,0.01,19.5132999420166,6.487020015716553,1.0
70062.0,59.0,20.0,8.0,-19.580185455292767,-24.270623197067756,4.690437741774989,-22.254810988610195,2.6746255333174282,-27.47989609031691,7.899710635024142,3.209272893249153,0.4,1.0,0.989672227613089,0.0,0.0,0.010000000000000002,18.869300842285156,6.543019771575928,1.0
70659.0,60.0,20.0,8.0,-16.99433650577652,-19.746174819937952,2.751838314161432,-16.337488260822248,-0.6568482449542721,-23.07614872603385,6.08181222025733,3.3299739060958977,0.4,0.875,0.9807823529175296,0.9354143466934853,0.0,0.009999999999999998,18.799299240112305,6.641019821166992,1.0
71851.0,61.0,20.0,8.0,-15.102446196870272,-28.311593801146984,13.209147604276712,-29.299152021738387,14.196705824868115,-29.556310601930775,14.453864405060504,1.2447168007837917,1.2,1.0,0.9699148269638219,0.0,0.0,0.01,18.63129997253418,6.837019920349121,1.0
72448.0,62.0,20.0,8.0,-15.818098195593798,-22.109228290507133,6.291130094913335,-24.289868057971518,8.47176986237772,-25.96085290169505,10.14275470610125,3.8516246111879155,1.2,0.875,0.9742225498054925,0.3535533905932738,0.3535533905932738,0.01,18.56130027770996,6.9350199699401855,1.0
73938.0,63.0,20.0,8.0,-18.64421006735754,-25.28313460522117,6.63892453786363,-27.861383690794682,9.21717362343714,-27.861383690794682,9.21717362343714,2.5782490855735105,1.0,0.875,0.9870285960243276,0.7071067811865476,0.3535533905932738,0.01,18.95330047607422,7.173019886016846,1.0
74236.0,64.0,20.0,8.0,-17.858365107723806,-31.459624614167844,13.601259506444038,-30.986532263407888,13.128167155684082,-31.47106340128259,13.612698293558783,0.011438787114744997,0.6,0.875,0.983904677910318,0.7071067811865476,0.3535533905932738,0.01,19.5132999420166,7.215020179748535,1.0
77218.0,65.0,20.0,8.0,-21.52389685564809,-27.014160599386123,5.4902637437380335,-20.898734295897647,-0.6251625597504429,-28.308714262372888,6.784817406724798,1.2945536629867647,0.4,0.875,0.9934276791126041,0.9354143466934853,0.3535533905932738,0.010000000000000002,19.121299743652344,7.705019950866699,1.0
78410.0,66.0,20.0,8.0,-18.572226989496517,-25.108574568999803,6.5363475795032855,-23.72880762600065,5.156580636504131,-26.835975704516667,8.26374871502015,1.727401135516864,0.4,1.0,0.9865548471885918,0.0,0.0,0.01,18.95330047607422,7.901020050048828,1.0
81988.0,67.0,20.0,8.0,-18.464871583499512,-16.57639999749535,-1.8884715860041617,-13.58305371697394,-4.881817866525573,-20.846317974512814,2.381446391013302,4.269917977017464,0.2,0.875,0.9866036815367728,0.9354143466934853,0.0,0.010000000000000004,18.4773006439209,8.489020347595215,1.0
82584.0,68.0,20.0,8.0,-17.50811827733084,-24.320021229730457,6.811902952399617,-24.025064540907763,6.516946263576923,-24.443455152540547,6.935336875209707,0.12343392281009002,1.2,1.0,0.9829944082281628,0.0,0.0,0.009999999999999998,18.393299102783203,8.587019920349121,1.0
83181.0,69.0,20.0,8.0,-20.874599452781766,-30.738423167100308,9.863823714318542,-29.313180590772916,8.43858113799115,-30.761703946783715,9.88710449400195,0.02328077968340736,0.6,1.0,0.9922339382152642,0.0,0.0,0.010000000000000002,19.527299880981445,8.671019554138184,1.0
84671.0,70.0,20.0,8.0,-19.318403115601008,-23.791081744308713,4.472678628707705,-22.603798313053108,3.2853951974521003,-25.587813779986707,6.269410664385699,1.7967320356779943,0.4,0.875,0.9892112481477104,0.8660254037844386,0.0,0.01,18.715299606323242,8.923020362854004,1.0
84970.0,71.0,20.0,8.0,-20.34529021350842,-28.709470077738803,8.364179864230383,-29.14634359603392,8.801053382525499,-30.40646810339334,10.06117788988492,1.696998025654537,1.2,1.0,0.9912673256699516,0.0,0.0,0.01,19.2893009185791,8.965020179748535,1.0
85864.0,72.0,20.0,8.0,-18.706410274168892,-31.371101777740066,12.664691503571174,-30.262664015371456,11.556253741202564,-31.6863940126944,12.979983738525508,0.31529223495433456,0.6,1.0,0.9869374343203953,0.0,0.0,0.01,18.56130027770996,9.119020462036133,1.0
87355.0,73.0,20.0,8.0,-19.54283776997165,-28.32668206575989,8.783844295788239,-28.71491763182958,9.172079861857927,-29.939466063356083,10.396628293384431,1.6127839975961926,1.2,1.0,0.9895207626377497,0.0,0.0,0.009999999999999998,18.967300415039062,9.357020378112793,1.0
89143.0,74.0,20.0,8.0,-19.227714543101946,-28.862569946254894,9.634855403152947,-28.205783077906705,8.978068534804759,-29.405857132737275,10.178142589635328,0.543287186482381,0.4,0.875,0.9890966622187648,0.7071067811865476,0.3535533905932738,0.01,18.715299606323242,9.651020050048828,1.0
89740.0,75.0,20.0,8.0,-18.42874998207725,-25.539390209529248,7.110640227451999,-24.593936639071625,6.165186656994376,-27.010710712346903,8.581960730269653,1.4713205028176546,0.4,0.875,0.9863674993022472,0.6123724356957945,0.0,0.01,18.645299911499023,9.749019622802734,1.0
90336.0,76.0,20.0,8.0,-22.015219359421874,-30.622509869594452,8.607290510172579,-32.98159528645156,10.966375927029684,-33.116006793160814,11.10078743373894,2.4934969235663615,1.2,0.875,0.994007609248662,0.8660254037844386,0.0,0.01,18.56130027770996,9.847020149230957,1.0
92423.0,77.0,20.0,8.0,-17.08997540847993,-27.63062646786799,10.540651059388061,-29.768936373656185,12.678960965176255,-31.444221786709754,14.354246378229824,3.813595318841763,1.2,0.875,0.9806131904110622,0.7071067811865476,0.3535533905932738,0.010000000000000002,18.88330078125,10.182999610900879,1.0
93616.0,78.0,20.0,8.0,-19.05853238188176,-23.72605961005823,4.667527228176468,-23.442815261040508,4.3842828791587465,-24.29124066618109,5.232708284299328,0.5651810561228601,0.4,1.0,0.9881829612699683,0.0,0.0,0.01,18.729299545288086,10.378999710083008,1.0
95106.0,79.0,20.0,8.0,-18.505771813418875,-28.178427094737057,9.672655281318182,-28.044424193916928,9.538652380498053,-28.758527707674194,10.25275589425532,0.5801006129371373,1.2,0.875,0.9867621218396998,0.7071067811865476,0.0,0.010000000000000002,19.121299743652344,10.616999626159668,1.0
95404.0,80.0,20.0,8.0,-19.166143235595076,-24.817290676926703,5.651147441331627,-23.73959582740719,4.573452591812114,-26.190626871442667,7.0244836358475915,1.3733361945159643,0.4,1.0,0.9884393037225974,0.0,0.0,0.01,18.4773006439209,10.67300033569336,1.0
96597.0,81.0,20.0,8.0,-17.900022623579805,-28.14939473216636,10.249372108586556,-28.489534571050985,10.58951194747118,-29.34907921796566,11.449056594385855,1.199684485799299,1.2,0.875,0.9845548092712554,0.7071067811865476,0.0,0.01,19.527299880981445,10.854999542236328,1.0
96895.0,82.0,20.0,8.0,-19.313721891386848,-16.90169191164927,-2.4120299797375786,-14.43418837891668,-4.879533512470168,-21.65300251952803,2.339280628141182,4.751310607878761,0.2,1.0,0.9893588581132111,0.0,0.0,0.01,18.88330078125,10.91100025177002,1.0
98386.0,83.0,20.0,8.0,-19.97671054530249,-26.268618290117516,6.291907744815028,-26.100244724009514,6.123534178707025,-26.413050399369094,6.436339854066606,0.14443210925157857,0.8,0.875,0.9907576007059196,0.7071067811865476,0.3535533905932738,0.009999999999999998,19.2893009185791,11.14900016784668,1.0
98982.0,84.0,20.0,8.0,-19.520913019616398,-16.557365493394734,-2.9635475262216637,-13.955698747575298,-5.5652142720411,-22.776446328669124,3.2555333090527263,6.21908083527439,0.2,0.875,0.9894272551186347,0.9354143466934853,0.0,0.010000000000000002,19.205299377441406,11.246999740600586,1.0
99877.0,85.0,20.0,8.0,-16.003334836382813,-24.027815209169034,8.024480372786222,-24.82185928056341,8.818524444180596,-25.620508985112572,9.61717414872976,1.5926937759435376,1.2,1.0,0.9752663446655102,0.0,0.0,0.01,18.491300582885742,11.401000022888184,1.0
105839.0,86.0,20.0,8.0,-17.216687305069343,-27.58516553756237,10.368478232493029,-24.811501248239807,7.594813943170465,-28.184308976921212,10.96762167185187,0.5991434393588406,0.4,0.875,0.9816387580187101,0.8660254037844386,0.0,0.009999999999999998,18.88330078125,12.366999626159668,1.0
106137.0,87.0,20.0,8.0,-17.35765508922689,-25.57788181189164,8.220226722664751,-23.739075326742324,6.381420237515435,-26.541748440558802,9.184093351331914,0.9638666286671622,0.4,0.875,0.9824477240164822,0.5,0.3535533905932738,0.01,19.443300247192383,12.409000396728516,1.0
107330.0,88.0,20.0,8.0,-17.086867871647186,-22.26976089570261,5.182893024055424,-22.750506908944406,5.663639037297219,-23.60309468195952,6.516226810312332,1.3333337862569081,1.2,1.0,0.9810052897907312,0.0,0.0,0.010000000000000002,19.2893009185791,12.604999542236328,1.0
107926.0,89.0,20.0,8.0,-16.399826468372872,-31.1691206157225,14.769294147349626,-31.50646244162492,15.106635973252047,-32.01623603178795,15.616409563415075,0.8471154160654493,1.2,0.875,0.9775582056339618,0.7071067811865476,0.3535533905932738,0.009999999999999998,19.205299377441406,12.70300006866455,1.0
108523.0,90.0,20.0,8.0,-18.342226397781317,-30.226415946932494,11.884189549151177,-30.1185215879633,11.776295190181983,-30.82628849111738,12.484062093336064,0.5998725441848869,1.2,1.0,0.9858300655425747,0.0,0.0,0.01,19.135299682617188,12.800999641418457,1.0
108821.0,91.0,20.0,8.0,-16.74537436626267,-33.04195030289192,16.29657593662925,-31.67483164478076,14.92945727851809,-32.85227072101399,16.106896354751317,-0.18967958187793243,0.6,0.75,0.9792852797298093,1.0,0.0,0.009999999999999998,18.491300582885742,12.857000350952148,1.0
109119.0,92.0,20.0,8.0,-16.796761306367248,-29.38901465916626,12.592253352799013,-29.404704604673697,12.607943298306449,-29.993904364421784,13.197143058054536,0.6048897052555233,1.2,1.0,0.9797295856169439,0.0,0.0,0.01,19.051300048828125,12.89900016784668,1.0
110311.0,93.0,20.0,8.0,-17.219109364661232,-23.527009127913384,6.307899763252152,-22.940730093447467,5.721620728786235,-23.61685197011377,6.397742605452539,0.08984284220038674,0.6,0.875,0.981322062568876,0.8660254037844386,0.0,0.01,18.88330078125,13.095000267028809,1.0
111504.0,94.0,20.0,8.0,-16.16252401621698,-30.545304750398753,14.382780734181772,-30.67196528652149,14.50944127030451,-31.218461299884567,15.055937283667586,0.6731565494858138,1.2,1.0,0.9763039505932775,0.0,0.0,0.009999999999999998,18.729299545288086,13.291000366210938,1.0
114187.0,95.0,20.0,8.0,-15.50697158775501,-31.37522609890916,15.86825451115415,-31.790274320834975,16.283302733079964,-32.055367610732816,16.548396022977805,0.6801415118236562,0.8,1.0,0.9722736398805512,0.0,0.0,0.009999999999999998,18.967300415039062,13.725000381469727,1.0
116274.0,96.0,20.0,8.0,-16.348193065971948,-28.57011548913212,12.221922423160173,-28.13975763403533,11.791564568063382,-28.576536681605006,12.228343615633058,0.0064211924728851955,0.6,1.0,0.977717738648308,0.0,0.0,0.01,19.2893009185791,14.060999870300293,1.0
116572.0,97.0,20.0,8.0,-15.850016447007755,-30.334576295517376,14.48455984850962,-29.880950302968632,14.030933855960876,-30.390118762055632,14.540102315047877,0.05554246653825601,0.8,0.875,0.9747411524134706,0.7905694150420949,0.0,0.009999999999999998,18.645299911499023,14.116999626159668,1.0
116871.0,98.0,20.0,8.0,-15.853258856818593,-30.140589950045367,14.287331093226774,-29.911293822868746,14.058034966050153,-30.19070529968475,14.337446442866158,0.05011534963938402,1.2,0.875,0.9749391375803619,0.7905694150420949,0.0,0.01,19.21929931640625,14.159000396728516,1.0
118063.0,99.0,20.0,8.0,-16.589997708879917,-30.17401983551512,13.584022126635205,-29.69982465499293,13.109826946113014,-30.098803504987334,13.508805796107417,-0.07521633052778753,0.6,0.875,0.9787577706905135,0.7905694150420949,0.0,0.009999999999999997,19.051300048828125,14.354999542236328,1.0
0.0,0.0,20.0,16.0,-20.010503646502848,-27.434941858339524,7.4244382118366765,-27.68265846456272,7.672154818059873,-27.784215137122334,7.773711490619487,0.34927327878281034,1.2,0.875,0.9919073430455609,1.346291201783626,0.0,0.01,26.33989906311035,6.1804399490356445,0.6000000238418579
298.0,1.0,20.0,16.0,-17.701695786908715,-26.83664719370743,9.134951406798717,-26.84352977825406,9.141833991345344,-26.890912551233313,9.189216764324598,0.0542653575258818,0.8,0.875,0.9848767739652382,0.0,0.3535533905932738,0.009999999999999998,26.899900436401367,6.200439929962158,0.6000000238418579
596.0,2.0,20.0,16.0,-19.192987395096402,-28.736298573131783,9.543311178035381,-28.758305970128664,9.565318575032261,-28.78823829418987,9.595250899093468,0.051939721058086974,1.2,0.9375,0.9892410674357719,0.82915619758885,0.0,0.009999999999999998,27.45989990234375,6.220439910888672,0.6000000238418579
1192.0,3.0,20.0,16.0,-17.82246672716219,-28.362410446432584,10.539943719270394,-28.545045615060914,10.722578887898724,-28.632025406492062,10.809558679329871,0.26961496005947794,1.2,0.9375,0.9847963097067678,0.8660254037844386,0.0,0.009999999999999998,27.36989974975586,6.270440101623535,0.6000000238418579
2683.0,4.0,20.0,16.0,-20.653000269233132,-25.526183597655958,4.873183328422826,-24.281798194218034,3.6287979249849016,-26.004046024634427,5.3510457554012945,0.4778624269784686,0.4,0.875,0.9929764552647767,1.14564392373896,0.0,0.01,26.54990005493164,6.400440216064453,0.6000000238418579
2981.0,5.0,20.0,16.0,-18.054131850177175,-28.828461818615363,10.774329968438188,-28.93922061496909,10.885088764791917,-28.957920406336374,10.9037885561592,0.12945858772101104,0.8,0.9375,0.9857621985284829,0.25,0.0,0.009999999999999998,27.109899520874023,6.420440196990967,0.6000000238418579
3875.0,6.0,20.0,16.0,-18.59347180393022,-28.888071400706735,10.294599596776514,-29.160058237353887,10.566586433423666,-29.29924919414087,10.705777390210649,0.41117779343413474,1.2,0.9375,0.9872825250803176,0.6614378277661477,0.0,0.01,26.36989974975586,6.5004401206970215,0.6000000238418579
4173.0,7.0,20.0,16.0,-18.809563685727298,-27.54615407765516,8.736590391927862,-28.619226158655447,9.80966247292815,-29.290115913049114,10.480552227321816,1.7439618353939537,1.2,0.875,0.9880305793277185,1.5612494995995996,0.25,0.010000000000000002,26.929899215698242,6.520440101623535,0.6000000238418579
4472.0,8.0,20.0,16.0,-17.644712267576907,-29.469951897224075,11.825239629647168,-29.744213889323472,12.099501621746565,-29.797845627341324,12.153133359764418,0.32789373011724976,1.2,0.875,0.9839944562057367,0.75,0.0,0.01,27.499900817871094,6.540440082550049,0.6000000238418579
5366.0,9.0,20.0,16.0,-18.7873231093726,-28.22173562136242,9.43441251198982,-28.472335092320392,9.685011982947792,-28.595488062580788,9.808164953208188,0.37375244121836815,1.2,0.9375,0.9884126266188847,0.75,0.0,0.01,26.759899139404297,6.6204400062561035,0.6000000238418579
6260.0,10.0,20.0,16.0,-21.09817751553786,-27.870054516277513,6.771877000739654,-27.833651214802728,6.735473699264869,-27.87587324027538,6.777695724737519,0.00581872399786576,0.6,0.8125,0.9939190780284551,0.9013878188659973,0.25,0.010000000000000002,27.229900360107422,6.6904401779174805,0.6000000238418579
7453.0,11.0,20.0,16.0,-18.442828813589774,-28.851213373379423,10.40838455978965,-29.058795425533436,10.615966611943662,-29.19812033714431,10.755291523554536,0.34690696376488717,1.2,0.9375,0.9869572585875125,1.25,0.0,0.01,27.059900283813477,6.790440082550049,0.6000000238418579
8646.0,12.0,20.0,16.0,-20.807825019309437,-27.960435976962323,7.152610957652886,-28.997430759197677,8.18960573988824,-29.128376153780927,8.32055113447149,1.167940176818604,1.2,0.875,0.9928724741629291,0.82915619758885,0.0,0.010000000000000002,26.88990020751953,6.890439987182617,0.6000000238418579
10434.0,13.0,20.0,16.0,-17.498523419584057,-26.625386161760144,9.126862742176087,-26.80977143183771,9.311248012253653,-26.86021839496073,9.361694975376672,0.234832233200585,1.2,1.0,0.9842946308683056,0.0,0.0,0.01,26.61989974975586,7.040440082550049,0.6000000238418579
10733.0,14.0,20.0,16.0,-18.130074318679718,-27.79669060436568,9.666616285685961,-27.708896345583362,9.578822026903644,-27.766842596963063,9.636768278283345,-0.029848007402616616,0.8,0.8125,0.9861490203828849,0.6123724356957945,0.25,0.009999999999999998,27.189899444580078,7.0604400634765625,0.6000000238418579
11031.0,15.0,20.0,16.0,-19.834619663243103,-28.64513203137454,8.810512368131437,-29.271516842007173,9.43689717876407,-29.62513006574536,9.790510402502257,0.9799980343708192,1.2,0.8125,0.9913394320544054,0.9354143466934853,0.3535533905932738,0.01,26.539899826049805,7.090439796447754,0.6000000238418579
12820.0,16.0,20.0,16.0,-17.765130081286124,-29.425857837282923,11.660727755996799,-29.839957621551957,12.074827540265833,-30.056063881461657,12.290933800175534,0.6302060441787347,1.2,0.875,0.9846215556381559,0.6123724356957945,0.3535533905932738,0.01,27.489900588989258,7.230440139770508,0.6000000238418579
14608.0,17.0,20.0,16.0,-22.013447409371004,-27.859546104095582,5.846098694724578,-28.388197470725682,6.374750061354678,-28.471215563627684,6.45776815425668,0.6116694595321022,1.2,0.8125,0.9949639614908944,1.4361406616345072,0.25,0.009999999999999998,27.219900131225586,7.3804402351379395,0.6000000238418579
16397.0,18.0,20.0,16.0,-18.62300940051783,-29.03669287072062,10.413683470202791,-28.838924733441324,10.215915332923494,-28.996106536824065,10.373097136306235,-0.04058633389655597,0.6,0.9375,0.9873077016874795,0.5,0.25,0.010000000000000002,26.95989990234375,7.530439853668213,0.6000000238418579
16695.0,19.0,20.0,16.0,-19.506349630968842,-29.800990935406418,10.294641304437576,-29.884328137391037,10.377978506422195,-30.113431034198594,10.607081403229753,0.3124400987921767,1.2,0.875,0.9897236087885423,0.6123724356957945,0.25,0.01,27.519899368286133,7.550439834594727,0.6000000238418579
16994.0,20.0,20.0,16.0,-20.01494100366795,-27.283716812033774,7.268775808365824,-27.346294503918354,7.331353500250405,-27.43319838138886,7.418257377720909,0.1494815693550855,1.2,0.8125,0.9913271227717213,1.3228756555322954,0.0,0.01,26.879899978637695,7.580440044403076,0.6000000238418579
17590.0,21.0,20.0,16.0,-19.483801810747252,-27.03155448129586,7.547752670548608,-28.052935759581782,8.56913394883453,-28.245043009654115,8.761241198906863,1.2134885283582548,1.2,0.9375,0.990221030471759,0.75,0.0,0.01,26.789899826049805,7.6304402351379395,0.6000000238418579
18186.0,22.0,20.0,16.0,-18.5911858769716,-29.751459065400937,11.160273188429336,-30.329395128263506,11.738209251291906,-30.63931849156426,12.04813261459266,0.8878594261633239,1.2,0.8125,0.987407634478869,1.4577379737113252,0.25,0.009999999999999998,26.699899673461914,7.6804399490356445,0.6000000238418579
19080.0,23.0,20.0,16.0,-17.794137298080734,-30.382054463400358,12.587917165319624,-30.871012635113047,13.076875337032313,-31.209972191681917,13.415834893601183,0.8279177282815589,1.2,0.875,0.9842590033063138,1.0307764064044151,0.3535533905932738,0.01,27.16990089416504,7.7504401206970215,0.6000000238418579
20571.0,24.0,20.0,16.0,-18.454929830910224,-29.483808650455117,11.028878819544893,-29.974096380093165,11.519166549182941,-30.175856901222872,11.720927070312648,0.6920482507677548,1.2,0.875,0.9869447953520316,0.3535533905932738,0.25,0.01,26.349899291992188,7.8804402351379395,0.6000000238418579
21167.0,25.0,20.0,16.0,-19.952279743557636,-27.95547011804022,8.003190374482585,-27.744804979057434,7.792525235499799,-27.955730992828904,8.003451249271269,0.00026087478868319636,0.6,0.875,0.9914711202518095,2.0,0.0,0.009999999999999998,27.469900131225586,7.920440196990967,0.6000000238418579
23254.0,26.0,20.0,16.0,-19.579560574606305,-29.99592669966624,10.416366125059934,-30.037251205833243,10.457690631226939,-30.051539924395016,10.471979349788711,0.055613224728777055,0.8,0.875,0.9900558555753755,1.0307764064044151,0.25,0.010000000000000002,26.559900283813477,8.10044002532959,0.6000000238418579
23553.0,27.0,20.0,16.0,-20.288923414100083,-26.834363461145088,6.545440047045005,-25.903758871865918,5.614835457765835,-27.30166112078921,7.012737706689126,0.46729765964412096,0.4,0.875,0.9921464443339276,2.5495097567963922,0.0,0.01,27.129899978637695,8.120439529418945,0.6000000238418579
23851.0,28.0,20.0,16.0,-18.666375040144743,-27.467572002064333,8.80119696191959,-27.678889320957857,9.012514280813114,-27.814496671729394,9.148121631584651,0.34692466966506075,1.2,0.875,0.9880365173415231,2.1213203435596424,0.4330127018922193,0.01,26.479900360107422,8.150440216064453,0.6000000238418579
25341.0,29.0,20.0,16.0,-19.034135861195054,-26.481376578476134,7.44724071728108,-26.771758651256008,7.7376227900609535,-26.98815049479421,7.954014633599154,0.5067739163180747,1.2,0.8125,0.9897508998971036,4.337337893224368,0.4330127018922193,0.01,26.859899520874023,8.270440101623535,0.6000000238418579
25640.0,30.0,20.0,16.0,-18.632220393405053,-28.334833694206687,9.702613300801634,-29.278769762420566,10.646549369015514,-29.47434250405058,10.842122110645526,1.1395088098438926,1.2,0.9375,0.9877241192553654,0.25,0.0,0.01,27.429899215698242,8.29043960571289,0.6000000238418579
26832.0,31.0,20.0,16.0,-20.171879225325252,-27.39993588294991,7.228056657624659,-25.456099704490743,5.284220479165491,-27.489051725848963,7.317172500523711,0.0891158428990515,0.6,0.8125,0.9920269563472345,2.537222891273055,0.3535533905932738,0.009999999999999998,27.249900817871094,8.390439987182617,0.6000000238418579
28025.0,32.0,20.0,16.0,-22.129926094559206,-27.7010939839028,5.571167889343595,-28.53601645993433,6.406090365375125,-28.767662926132054,6.637736831572848,1.066568942229253,1.2,0.875,0.9953816592806091,0.9013878188659973,0.25,0.010000000000000002,27.07990074157715,8.490440368652344,0.6000000238418579
28919.0,33.0,20.0,16.0,-19.16114991652243,-26.013820383311813,6.852670466789384,-26.145317511107717,6.984167594585287,-26.271181598026434,7.1100316815040046,0.2573612147146207,1.2,0.875,0.9901400716403542,0.7071067811865476,0.0,0.009999999999999998,26.33989906311035,8.570440292358398,0.6000000238418579
37863.0,34.0,20.0,16.0,-17.885272945712547,-29.13257527745982,11.247302331747274,-29.278228964288783,11.392956018576236,-29.400867061769887,11.51559411605734,0.2682917843100654,0.8,0.9375,0.9847463053017692,0.7071067811865476,0.25,0.009999999999999998,27.449899673461914,9.300439834594727,0.6000000238418579
38460.0,35.0,20.0,16.0,-20.488300386942523,-25.201711049998394,4.713410663055871,-26.206842724616727,5.718542337674204,-26.55764897615623,6.069348589213707,1.3559379261578357,1.2,0.8125,0.9938321461424156,0.8660254037844386,0.3535533905932738,0.009999999999999998,27.36989974975586,9.35044002532959,0.6000000238418579
42335.0,36.0,20.0,16.0,-19.47737433835258,-25.827290914674457,6.349916576321878,-26.247629248487897,6.770254910135318,-26.39963203888199,6.922257700529411,0.5723411242075329,1.2,0.875,0.9910272861038962,4.00780488547035,0.0,0.009999999999999998,27.399900436401367,9.670439720153809,0.6000000238418579
42932.0,37.0,20.0,16.0,-20.19687419853304,-28.258372171032093,8.061497972499055,-28.197813529578397,8.000939331045359,-28.272334447640542,8.075460249107504,0.013962276608449287,0.6,0.9375,0.991749303744144,0.75,0.0,0.01,27.319900512695312,9.720439910888672,0.6000000238418579
43230.0,38.0,20.0,16.0,-18.03144421299805,-29.194364238699567,11.162920025701517,-29.432117728484645,11.400673515486595,-29.543517401648828,11.512073188650778,0.3491531629492606,1.2,0.875,0.9855141840240438,0.82915619758885,0.3535533905932738,0.010000000000000002,26.66990089416504,9.750439643859863,0.6000000238418579
48000.0,39.0,20.0,16.0,-18.192569940539183,-27.504247761357274,9.31167782081809,-28.085278469217858,9.892708528678675,-28.31139610684835,10.118826166309166,0.8071483454910755,1.2,0.8125,0.9863718966663825,1.299038105676658,0.25,0.010000000000000004,27.179899215698242,10.140399932861328,0.6000000238418579
53068.0,40.0,20.0,16.0,-19.274002132943913,-30.240356408979263,10.96635427603535,-30.255231534613337,10.981229401669424,-30.307108483975668,11.033106351031755,0.06675207499640479,0.8,0.9375,0.9891487299329418,0.7905694150420949,0.0,0.01,27.039899826049805,10.560400009155273,0.6000000238418579
54559.0,41.0,20.0,16.0,-22.743528668568878,-25.433729386113995,2.6902007175451175,-25.55322590606977,2.8096972375008917,-25.761086958252115,3.0175582896832367,0.3273575721381192,1.2,0.75,0.9967418673517648,3.992179855667828,0.4330127018922193,0.01,27.429899215698242,10.680399894714355,0.6000000238418579
55454.0,42.0,20.0,16.0,-18.10871607892124,-28.827842352063747,10.719126273142507,-28.928116979164756,10.819400900243515,-28.95692607904095,10.84821000011971,0.12908372697720338,0.8,0.875,0.9854901921029918,0.75,0.25,0.009999999999999998,26.699899673461914,10.76039981842041,0.6000000238418579
57242.0,43.0,20.0,16.0,-20.057369641367146,-26.75874000960708,6.701370368239935,-27.370214824815445,7.3128451834482995,-27.370214824815445,7.3128451834482995,0.6114748152083642,1.0,0.8125,0.9918790140108179,1.0897247358851685,0.25,0.01,26.429899215698242,10.910400390625,0.6000000238418579
57839.0,44.0,20.0,16.0,-19.055672334742933,-27.761221171875338,8.705548837132405,-28.03008460066806,8.974412265925128,-28.149791679349015,9.094119344606082,0.38857050747367694,1.2,0.875,0.9891694092405645,1.3919410907075054,0.25,0.01,26.349899291992188,10.960399627685547,0.6000000238418579
58733.0,45.0,20.0,16.0,-21.166195199133767,-29.265993980579875,8.099798781446108,-28.859037943333853,7.692842744200085,-29.44392610998138,8.277730910847612,0.17793212940150482,0.8,0.875,0.9937052930527897,1.8027756377319946,0.3535533905932738,0.01,26.819900512695312,11.030400276184082,0.6000000238418579
60522.0,46.0,20.0,16.0,-20.17821995307164,-28.055239059582256,7.877019106510616,-28.59021755315419,8.41199760008255,-28.63012296506813,8.451903011996489,0.5748839054858728,1.2,0.875,0.991609117658501,2.4238399287081647,0.3535533905932738,0.01,26.559900283813477,11.180399894714355,0.6000000238418579
60820.0,47.0,20.0,16.0,-19.240083059306205,-29.828668160586297,10.588585101280092,-29.990890268329203,10.750807209022998,-30.127678937971517,10.887595878665312,0.2990107773852202,1.2,0.875,0.9892128875301034,6.5383484153110105,0.25,0.01,27.11989974975586,11.200400352478027,0.6000000238418579
61416.0,48.0,20.0,16.0,-20.60134104591465,-29.315978657878556,8.714637611963905,-29.375082332809672,8.77374128689502,-29.375082332809672,8.77374128689502,0.05910367493111579,1.0,0.875,0.9923744855357072,3.799671038392666,0.3535533905932738,0.01,27.02989959716797,11.250399589538574,0.6000000238418579
63205.0,49.0,20.0,16.0,-19.680497139671978,-29.16957887600754,9.489081736335564,-29.40457216489063,9.724075025218653,-29.50571326441274,9.825216124740763,0.33613438840519905,1.2,0.8125,0.990372170224445,1.299038105676658,0.0,0.01,26.769899368286133,11.400400161743164,0.6000000238418579
63503.0,50.0,20.0,16.0,-19.66288594235339,-28.505520537022807,8.842634594669416,-28.38305371728575,8.72016777493236,-28.50351361726557,8.840627674912177,-0.0020069197572389896,0.6,0.875,0.9906219978883645,0.3535533905932738,0.3535533905932738,0.009999999999999998,27.32990074157715,11.42039966583252,0.6000000238418579
64398.0,51.0,20.0,16.0,-19.07676194184261,-28.210381849520104,9.133619907677495,-28.621820035863706,9.545058094021098,-28.791449132800288,9.71468719095768,0.5810672832801842,1.2,0.875,0.9888414006320588,0.75,0.25,0.010000000000000002,26.599899291992188,11.500399589538574,0.6000000238418579
65590.0,52.0,20.0,16.0,-20.45399196248967,-30.99016014902262,10.53616818653295,-30.956621610965502,10.502629648475832,-30.970561971198123,10.516570008708452,-0.019598177824498464,0.6,0.9375,0.9917350562248637,0.25,0.25,0.01,26.41990089416504,11.6003999710083,0.6000000238418579
65889.0,53.0,20.0,16.0,-18.882917107961198,-29.57380082020036,10.690883712239163,-29.506595636069175,10.623678528107977,-29.5676222720982,10.684705164137,-0.006178548102163006,0.8,0.875,0.9880693118793846,0.6123724356957945,0.25,0.010000000000000002,26.989900588989258,11.620400428771973,0.6000000238418579
66783.0,54.0,20.0,16.0,-18.73322190962562,-29.12662688213938,10.39340497251376,-29.052164901229535,10.318942991603915,-29.1415938494905,10.408371939864882,0.014966967351121241,0.8,0.9375,0.987612838983488,0.82915619758885,0.25,0.01,18.715299606323242,6.011020183563232,1.0
67081.0,55.0,20.0,16.0,-19.67451094788578,-26.571174597026605,6.896663649140827,-26.36471360301277,6.690202655126992,-26.614456106778892,6.939945158893114,0.04328150975228695,0.6,0.8125,0.9908627266395071,4.322904116447646,0.25,0.009999999999999998,19.275299072265625,6.053020000457764,1.0
69168.0,56.0,20.0,16.0,-16.38266417182137,-26.182196162254012,9.79953199043264,-28.01780666861131,11.635142496789939,-28.392469786166657,12.009805614345286,2.210273623912645,1.2,0.9375,0.9782123210326551,0.25,0.25,0.010000000000000002,18.393299102783203,6.403019905090332,1.0
69466.0,57.0,20.0,16.0,-19.829917588407216,-27.915456602094277,8.085539013687061,-28.564796759033687,8.73487917062647,-29.07789080435886,9.247973215951642,1.1624342022645813,1.2,0.875,0.990793947282122,0.8660254037844386,0.25,0.01,18.95330047607422,6.4450201988220215,1.0
69764.0,58.0,20.0,16.0,-18.134971258717993,-27.632166011940996,9.497194753223003,-28.605993002051612,10.471021743333619,-28.89216969749374,10.757198438775745,1.2600036855527428,1.2,1.0,0.9859092552665157,0.0,0.0,0.01,19.5132999420166,6.487020015716553,1.0
70062.0,59.0,20.0,16.0,-20.802141423227333,-25.912837704909435,5.110696281682102,-26.20694082983615,5.4047994066088165,-26.463044902866685,5.660903479639352,0.5502071979572492,1.2,0.75,0.9939662213938921,5.09288719686584,0.4330127018922193,0.010000000000000002,18.869300842285156,6.543019771575928,1.0
70659.0,60.0,20.0,16.0,-19.632477403546652,-26.954971731519485,7.322494327972834,-26.88872738288422,7.256249979337568,-27.055203958362508,7.422726554815856,0.10023222684302269,1.2,0.875,0.9906216175440031,0.3535533905932738,0.0,0.009999999999999998,18.799299240112305,6.641019821166992,1.0
71851.0,61.0,20.0,16.0,-17.609633810778675,-27.032934645977754,9.423300835199079,-27.4946826709188,9.885048860140124,-27.691702759260206,10.082068948481531,0.6587681132824521,1.2,0.875,0.9842689023537502,0.75,0.0,0.01,18.63129997253418,6.837019920349121,1.0
72448.0,62.0,20.0,16.0,-18.01172972824477,-27.069530749314744,9.057801021069974,-28.441146492408265,10.429416764163495,-28.73655713286255,10.72482740461778,1.6670263835478067,1.2,0.8125,0.9857025257903366,0.6123724356957945,0.25,0.01,18.56130027770996,6.9350199699401855,1.0
73938.0,63.0,20.0,16.0,-20.8240548811807,-27.29236389605816,6.468309014877459,-28.077320717371208,7.253265836190508,-28.077320717371208,7.253265836190508,0.7849568213130489,1.0,0.875,0.9933285237521577,0.7071067811865476,0.3535533905932738,0.01,18.95330047607422,7.173019886016846,1.0
74236.0,64.0,20.0,16.0,-20.07027677505761,-29.02944519887012,8.95916842381251,-29.060305293842113,8.990028518784502,-29.170732559333352,9.100455784275741,0.14128736046323098,1.2,0.8125,0.9912055650990649,0.4330127018922193,0.3535533905932738,0.01,19.5132999420166,7.215020179748535,1.0
77218.0,65.0,20.0,16.0,-22.464079524426293,-25.41100296778634,2.946923443360049,-21.740504250368204,-0.7235752740580885,-26.20679013455387,3.7427106101275776,0.7957871667675285,0.4,0.75,0.9962264228933637,5.651327277728657,0.4330127018922193,0.010000000000000002,19.121299743652344,7.705019950866699,1.0
78410.0,66.0,20.0,16.0,-21.022206456877054,-27.039038059189693,6.016831602312639,-27.439550988695956,6.417344531818902,-28.082568228226506,7.060361771349452,1.0435301690368135,1.2,0.875,0.992993227742615,1.14564392373896,0.25,0.01,18.95330047607422,7.901020050048828,1.0
81988.0,67.0,20.0,16.0,-20.81288541787165,-25.328846261979102,4.51596084410745,-25.79930776279497,4.986422344923319,-26.212826060814223,5.399940642942571,0.8839797988351208,1.2,0.875,0.9936494608469987,4.3084219849035215,0.25,0.010000000000000004,18.4773006439209,8.489020347595215,1.0
82584.0,68.0,20.0,16.0,-19.64068379626087,-24.508299407307636,4.867615611046766,-24.689723019567886,5.049039223307016,-25.260958924417064,5.6202751281561945,0.7526595171094286,1.2,0.8125,0.9909603313876545,2.3048861143232218,0.25,0.009999999999999998,18.393299102783203,8.587019920349121,1.0
83181.0,69.0,20.0,16.0,-21.927959407521172,-27.639314145294257,5.711354737773085,-27.27100958571764,5.343050178196467,-27.676222726215812,5.74826331869464,0.0369085809215548,0.6,0.75,0.9949532360597068,6.600189391222043,0.25,0.010000000000000002,19.527299880981445,8.671019554138184,1.0
84671.0,70.0,20.0,16.0,-21.25319749793844,-27.282528666290933,6.029331168352492,-27.90326595643944,6.650068458501,-28.347090338325536,7.093892840387095,1.0645616720346034,1.2,0.8125,0.9940238902952996,2.165063509461097,0.0,0.01,18.715299606323242,8.923020362854004,1.0
84970.0,71.0,20.0,16.0,-21.80959377404602,-26.384099367837813,4.574505593791791,-26.768057063481585,4.958463289435564,-27.44041880390361,5.63082502985759,1.0563194360657988,1.2,0.8125,0.9948684488651123,1.4142135623730951,0.4330127018922193,0.01,19.2893009185791,8.965020179748535,1.0
85864.0,72.0,20.0,16.0,-20.956200615802967,-28.571159554681536,7.614958938878569,-28.69581396673143,7.739613350928462,-29.01498455539469,8.058783939591724,0.44382500071315434,1.2,0.875,0.993202547698983,1.224744871391589,0.0,0.01,18.56130027770996,9.119020462036133,1.0
87355.0,73.0,20.0,16.0,-21.03912668664455,-27.235985709438737,6.196859022794186,-27.67144486270823,6.632318176063681,-27.966574504078338,6.927447817433787,0.7305887946396012,1.2,0.875,0.9939991706004031,4.513867521316947,0.25,0.009999999999999998,18.967300415039062,9.357020378112793,1.0
89143.0,74.0,20.0,16.0,-21.268516851479085,-27.58297125719658,6.314454405717495,-27.5502350436348,6.281718192155715,-27.635899610234457,6.367382758755372,0.052928353037877685,1.2,0.875,0.9942833067605775,0.5590169943749475,0.25,0.01,18.715299606323242,9.651020050048828,1.0
89740.0,75.0,20.0,16.0,-20.70194974977969,-26.904182497672195,6.202232747892506,-27.062197307877753,6.360247558098063,-27.23926135758942,6.53731160780973,0.33507885991722475,1.2,0.875,0.9930932211337519,0.9682458365518543,0.0,0.01,18.645299911499023,9.749019622802734,1.0
90336.0,76.0,20.0,16.0,-22.44814153881702,-27.6885633113374,5.240421772520381,-29.01314837298195,6.5650068341649295,-29.324228971492037,6.876087432675018,1.6356656601546362,1.2,0.75,0.9958605323822382,4.589389937671455,0.25,0.01,18.56130027770996,9.847020149230957,1.0
92423.0,77.0,20.0,16.0,-19.77025097115657,-29.342103629582223,9.571852658425652,-30.492525858726825,10.722274887570254,-30.899138471516462,11.128887500359891,1.5570348419342395,1.2,0.9375,0.9903354892436855,0.75,0.25,0.010000000000000002,18.88330078125,10.182999610900879,1.0
93616.0,78.0,20.0,16.0,-21.061351602486766,-22.791618327201725,1.7302667247149586,-22.769852768427302,1.708501165940536,-23.541974348014474,2.4806227455277075,0.7503560208127489,1.2,0.8125,0.993593828794335,2.5495097567963922,0.25,0.01,18.729299545288086,10.378999710083008,1.0
95106.0,79.0,20.0,16.0,-20.337359845043707,-27.144553555648855,6.807193710605148,-27.364964309373967,7.02760446433026,-27.63017297290513,7.292813127861422,0.4856194172562738,1.2,0.875,0.9926975954580425,1.75,0.25,0.010000000000000002,19.121299743652344,10.616999626159668,1.0
95404.0,80.0,20.0,16.0,-20.938051859327807,-27.56498813053242,6.626936271204613,-28.271573071030037,7.33352121170223,-28.69199236271583,7.753940503388023,1.1270042321834097,1.2,0.8125,0.9935523011401354,2.3717082451262845,0.25,0.01,18.4773006439209,10.67300033569336,1.0
96597.0,81.0,20.0,16.0,-20.204524742478757,-27.72931449292175,7.5247897504429915,-28.115317891150227,7.91079314867147,-28.293538243099043,8.089013500620286,0.5642237501772946,1.2,0.875,0.9921975577715753,0.75,0.3535533905932738,0.01,19.527299880981445,10.854999542236328,1.0
96895.0,82.0,20.0,16.0,-21.374713372739947,-23.211032477991644,1.8363191052516967,-22.295217497212505,0.9205041244725578,-24.7026523035133,3.327938930773353,1.4916198255216564,0.2,0.875,0.9945841715178683,0.7905694150420949,0.25,0.01,18.88330078125,10.91100025177002,1.0
98386.0,83.0,20.0,16.0,-21.267412841223017,-25.896592367367504,4.629179526144487,-25.869801790639745,4.602388949416728,-25.934482062500706,4.667069221277689,0.037889695133202395,0.8,0.75,0.9947085065631658,6.324555320336759,0.5,0.009999999999999998,19.2893009185791,11.14900016784668,1.0
98982.0,84.0,20.0,16.0,-21.233753679855386,-26.250777852378828,5.017024172523442,-26.798964866509177,5.565211186653791,-27.176218904654156,5.94246522479877,0.9254410522753282,1.2,0.8125,0.994207653647883,3.29772648956823,0.25,0.010000000000000002,19.205299377441406,11.246999740600586,1.0
99877.0,85.0,20.0,16.0,-18.532354514583417,-27.64150728643427,9.109152771850852,-28.70375272134884,10.171398206765424,-28.889946405770402,10.357591891186985,1.2484391193361333,1.2,0.9375,0.9869237391173964,1.5,0.0,0.01,18.491300582885742,11.401000022888184,1.0
105839.0,86.0,20.0,16.0,-19.63075698662555,-27.588432304099207,7.957675317473658,-27.41475276728039,7.783995780654841,-27.6084755044679,7.9777185178423515,0.020043200368693448,0.6,0.875,0.9905601096182027,0.5,0.3535533905932738,0.009999999999999998,18.88330078125,12.366999626159668,1.0
106137.0,87.0,20.0,16.0,-19.76570122244589,-27.138038207563703,7.372336985117812,-27.356005942856413,7.590304720410522,-27.544735464449776,7.779034242003885,0.4066972568860727,1.2,0.875,0.9909633000959127,1.1726039399558574,0.25,0.01,19.443300247192383,12.409000396728516,1.0
107330.0,88.0,20.0,16.0,-19.241251931015885,-21.775920149789776,2.5346682187738914,-22.170945845922468,2.929693914906583,-22.891980696487792,3.650728765471907,1.1160605466980158,1.2,0.8125,0.98945877089345,6.103277807866851,0.25,0.010000000000000002,19.2893009185791,12.604999542236328,1.0
107926.0,89.0,20.0,16.0,-19.130555105211403,-30.07914747027135,10.948592365059948,-30.541444585467012,11.410889480255609,-30.81158177016607,11.681026664954668,0.7324342998947202,1.2,0.875,0.9887293892625526,0.75,0.25,0.009999999999999998,19.205299377441406,12.70300006866455,1.0
108523.0,90.0,20.0,16.0,-19.63164005442298,-27.119557704696845,7.4879176502738645,-27.650462318981575,8.018822264558594,-28.022829947075856,8.391189892652875,0.9032722423790105,1.2,0.75,0.9911816081326827,1.4361406616345072,0.3535533905932738,0.01,19.135299682617188,12.800999641418457,1.0
108821.0,91.0,20.0,16.0,-18.92076199712199,-27.358633756619284,8.437871759497295,-27.46482899724134,8.544067000119352,-27.656513001494094,8.735751004372105,0.2978792448748102,1.2,0.875,0.9889490383889369,3.072051431861127,0.3535533905932738,0.009999999999999998,18.491300582885742,12.857000350952148,1.0
109119.0,92.0,20.0,16.0,-18.648531932411903,-27.422771867826327,8.774239935414425,-27.72450837921838,9.075976446806479,-27.93405162110888,9.285519688696976,0.511279753282551,1.2,0.8125,0.9880970782025349,1.75,0.25,0.01,19.051300048828125,12.89900016784668,1.0
110311.0,93.0,20.0,16.0,-19.18670680923832,-22.5120587149647,3.3253519057263787,-22.156971791196433,2.9702649819581133,-22.892813801100115,3.7061069918617946,0.38075508613541587,0.4,0.875,0.9896724618516574,1.4142135623730951,0.4330127018922193,0.01,18.88330078125,13.095000267028809,1.0
111504.0,94.0,20.0,16.0,-18.30789775334241,-27.265721715089416,8.957823961747007,-27.421402030802927,9.113504277460517,-28.02604536263076,9.718147609288351,0.7603236475413446,1.2,0.875,0.9868806962020702,0.8660254037844386,0.3535533905932738,0.009999999999999998,18.729299545288086,13.291000366210938,1.0
114187.0,95.0,20.0,16.0,-18.293190613828024,-29.236154944067465,10.942964330239441,-29.594130433503103,11.30093981967508,-29.662195602153687,11.369004988325663,0.4260406580862224,1.2,1.0,0.9862763465731572,0.0,0.0,0.009999999999999998,18.967300415039062,13.725000381469727,1.0
116274.0,96.0,20.0,16.0,-18.55582806816259,-27.09213512319039,8.536307055027798,-27.296037674765095,8.740209606602505,-27.50626866988258,8.95044060171999,0.4141335466921916,1.2,0.9375,0.9878819266804165,1.4361406616345072,0.0,0.01,19.2893009185791,14.060999870300293,1.0
116572.0,97.0,20.0,16.0,-18.430187504871746,-27.512776469706232,9.082588964834486,-27.521931345652252,9.091743840780506,-27.557614777392317,9.12742727252057,0.04483830768608499,1.2,0.9375,0.987282583930006,2.0,0.0,0.009999999999999998,18.645299911499023,14.116999626159668,1.0
116871.0,98.0,20.0,16.0,-18.518460916296174,-28.82491047328908,10.306449556992906,-28.760893358736922,10.242432442440748,-28.922979656411066,10.404518740114892,0.09806918312198576,1.2,0.875,0.9871204834744298,1.0897247358851685,0.25,0.01,19.21929931640625,14.159000396728516,1.0
118063.0,99.0,20.0,16.0,-19.443702284802246,-29.432173812922873,9.988471528120627,-29.58769505798869,10.143992773186444,-29.742508588737554,10.298806303935308,0.31033477581468105,1.2,0.9375,0.9896966881048521,0.3535533905932738,0.25,0.009999999999999997,19.051300048828125,14.354999542236328,1.0
0.0,0.0,30.0,4.0,-15.422075631431998,-24.727907752316764,9.305832120884766,-26.312369137859083,10.890293506427085,-29.64941097435598,14.227335342923983,4.921503222039217,1.2,1.0,0.9713219180841784,0.0,0.0,0.001,26.33989906311035,6.1804399490356445,0.6000000238418579
298.0,1.0,30.0,4.0,-12.223668658011098,-28.107889393491043,15.884220735479945,-29.823912273823623,17.600243615812524,-32.31452607137045,20.090857413359352,4.206636677879409,0.8,1.0,0.9401146755051588,0.0,0.0,0.0009999999999999998,26.899900436401367,6.200439929962158,0.6000000238418579
596.0,2.0,30.0,4.0,-13.965837447727115,-36.476966904998896,22.51112945727178,-31.70746951545397,17.741632067726854,-39.963241078333155,25.99740363060604,3.486274173334259,0.8,1.0,0.9598922563127535,0.0,0.0,0.0009999999999999998,27.45989990234375,6.220439910888672,0.6000000238418579
1192.0,3.0,30.0,4.0,-12.151048122787662,-28.632494447769187,16.481446324981526,-30.50906750940422,18.358019386616554,-33.98912280073132,21.83807467794366,5.356628352962137,0.8,1.0,0.9390791549908732,0.0,0.0,0.0009999999999999998,27.36989974975586,6.270440101623535,0.6000000238418579
2683.0,4.0,30.0,4.0,-14.995473714628723,-28.812419403946294,13.81694568931757,-26.0976734701405,11.102199755511776,-28.764856727890248,13.769383013261525,-0.047562676056045916,0.6,1.0,0.9683806845031628,0.0,0.0,0.001,26.54990005493164,6.400440216064453,0.6000000238418579
2981.0,5.0,30.0,4.0,-12.46836262155362,-31.990962704209633,19.522600082656012,-29.843717579098772,17.375354957545152,-38.52851557592597,26.060152954372352,6.53755287171634,0.8,1.0,0.9433881560798243,0.0,0.0,0.0009999999999999998,27.109899520874023,6.420440196990967,0.6000000238418579
3875.0,6.0,30.0,4.0,-12.889937799710216,-19.167594127335683,6.277656327625467,-19.89176710023471,7.001829300524493,-19.93676104605778,7.046823246347563,0.769166918722096,0.8,1.0,0.9486421825749936,0.0,0.0,0.001,26.36989974975586,6.5004401206970215,0.6000000238418579
4173.0,7.0,30.0,4.0,-13.460556476942017,-20.8890218960277,7.428465419085683,-21.23816440127309,7.777607924331072,-22.81362578865082,9.353069311708804,1.9246038926231215,1.2,1.0,0.9549480457832478,0.0,0.0,0.0010000000000000002,26.929899215698242,6.520440101623535,0.6000000238418579
4472.0,8.0,30.0,4.0,-12.080712225346517,-29.21921242970981,17.138500204363293,-31.066955247172903,18.986243021826386,-36.30347341204563,24.222761186699117,7.084260982335824,0.8,1.0,0.9381015778129362,0.0,0.0,0.001,27.499900817871094,6.540440082550049,0.6000000238418579
5366.0,9.0,30.0,4.0,-13.227160681400862,-25.145285976043688,11.918125294642826,-21.638709417975917,8.411548736575055,-26.146236555782757,12.919075874381894,1.0009505797390688,0.6,1.0,0.9525095409260432,0.0,0.0,0.001,26.759899139404297,6.6204400062561035,0.6000000238418579
6260.0,10.0,30.0,4.0,-16.62806588378136,-25.654482885359396,9.026417001578036,-25.03956972663739,8.411503842856028,-25.689808089084515,9.061742205303155,0.035325203725118826,0.6,1.0,0.978312917950328,0.0,0.0,0.0010000000000000002,27.229900360107422,6.6904401779174805,0.6000000238418579
7453.0,11.0,30.0,4.0,-13.143964672102538,-27.290707196258353,14.146742524155815,-25.615459386017694,12.471494713915156,-27.668114283118545,14.524149611016007,0.37740708686019175,0.6,1.0,0.9515614766454669,0.0,0.0,0.001,27.059900283813477,6.790440082550049,0.6000000238418579
8646.0,12.0,30.0,4.0,-15.639370219670303,-18.41059643669951,2.7712262170292075,-19.206044432889207,3.5666742132189047,-19.3290546566558,3.6896844369854964,0.918458219956289,1.2,1.0,0.9727450715313709,0.0,0.0,0.0010000000000000002,26.88990020751953,6.890439987182617,0.6000000238418579
10434.0,13.0,30.0,4.0,-11.878935771463299,-28.896217604521883,17.017281833058583,-31.617991441318928,19.73905566985563,-37.29039781563092,25.41146204416762,8.394180211109035,0.8,1.0,0.9351388025005054,0.0,0.0,0.001,26.61989974975586,7.040440082550049,0.6000000238418579
10733.0,14.0,30.0,4.0,-12.963246990384643,-32.98439329245751,20.021146302072868,-27.89126832234915,14.928021331964505,-33.35151825073087,20.388271260346226,0.367124958273358,0.8,1.0,0.9494889303985512,0.0,0.0,0.0009999999999999998,27.189899444580078,7.0604400634765625,0.6000000238418579
11031.0,15.0,30.0,4.0,-14.867675991681304,-36.18326926238198,21.315593270700674,-25.42882361656496,10.561147624883654,-37.83164213225299,22.963966140571685,1.648372869871011,0.6,1.0,0.9674512941581926,0.0,0.0,0.001,26.539899826049805,7.090439796447754,0.6000000238418579
12820.0,16.0,30.0,4.0,-12.396419704930459,-30.385528073799076,17.989108368868617,-28.7924539318702,16.39603422693974,-33.81661692054112,21.420197215610663,3.431088846742046,0.8,1.0,0.9424478350178769,0.0,0.0,0.001,27.489900588989258,7.230440139770508,0.6000000238418579
14608.0,17.0,30.0,4.0,-17.088657669262744,-22.537016650865056,5.448358981602311,-24.554487606181475,7.46582993691873,-24.59306424804311,7.504406578780365,2.056047597178054,1.2,1.0,0.9804943754491776,0.0,0.0,0.0009999999999999998,27.219900131225586,7.3804402351379395,0.6000000238418579
16397.0,18.0,30.0,4.0,-13.091418994725,-28.212378111865917,15.120959117140917,-25.912708354809446,12.821289360084446,-28.254300374926643,15.162881380201643,0.04192226306072655,0.8,1.0,0.9509431836353989,0.0,0.0,0.0010000000000000002,26.95989990234375,7.530439853668213,0.6000000238418579
16695.0,19.0,30.0,4.0,-14.378460742698598,-32.71430170998611,18.33584096728751,-26.541588343524005,12.163127600825407,-33.99470922124971,19.616248478551107,1.280407511263597,0.8,1.0,0.9635266370708723,0.0,0.0,0.001,27.519899368286133,7.550439834594727,0.6000000238418579
16994.0,20.0,30.0,4.0,-14.753633398617582,-21.04153379961585,6.287900400998266,-21.00772630487,6.254092906252419,-21.053134373440024,6.2995009748224415,0.011600573824175342,0.8,1.0,0.9665524124386977,0.0,0.0,0.001,26.879899978637695,7.580440044403076,0.6000000238418579
17590.0,21.0,30.0,4.0,-13.98651674579872,-18.39674590237834,4.410229156579618,-21.708915132935147,7.722398387136426,-23.6667392968278,9.680222551029079,5.269993394449461,1.2,1.0,0.9600830691053959,0.0,0.0,0.001,26.789899826049805,7.6304402351379395,0.6000000238418579
18186.0,22.0,30.0,4.0,-13.514562917390133,-34.026437343404695,20.51187442601456,-27.159871065224866,13.645308147834733,-32.16231777139181,18.64775485400168,-1.864119572012882,0.6,1.0,0.9555054434459399,0.0,0.0,0.0009999999999999998,26.699899673461914,7.6804399490356445,0.6000000238418579
19080.0,23.0,30.0,4.0,-12.307579457623948,-29.879916434148647,17.5723369765247,-29.149372963587478,16.84179350596353,-33.91528980634046,21.607710348716513,4.035373372191813,0.8,1.0,0.9412449467349377,0.0,0.0,0.001,27.16990089416504,7.7504401206970215,0.6000000238418579
20571.0,24.0,30.0,4.0,-12.984490636979778,-31.836848364318968,18.85235772733919,-27.075042706584064,14.090552069604286,-31.48181313402953,18.49732249704975,-0.3550352302894382,0.8,1.0,0.9497376631503711,0.0,0.0,0.001,26.349899291992188,7.8804402351379395,0.6000000238418579
21167.0,25.0,30.0,4.0,-15.03061167820367,-36.4110339876471,21.380422309443432,-25.393977243633486,10.363365565429817,-35.80225129008804,20.771639611884368,-0.6087826975590644,0.6,1.0,0.9686225206161692,0.0,0.0,0.0009999999999999998,27.469900131225586,7.920440196990967,0.6000000238418579
23254.0,26.0,30.0,4.0,-14.208017637045005,-31.627142270207802,17.419124633162795,-28.973937925077728,14.765920288032722,-32.09336009700658,17.885342459961578,0.4662178267987791,0.6,1.0,0.9620714765400373,0.0,0.0,0.0010000000000000002,26.559900283813477,8.10044002532959,0.6000000238418579
23553.0,27.0,30.0,4.0,-14.574007146350404,-31.461120587475136,16.887113441124733,-28.38002980877171,13.806022662421306,-31.089045136845257,16.515037990494854,-0.3720754506298789,0.6,1.0,0.965148536020937,0.0,0.0,0.001,27.129899978637695,8.120439529418945,0.6000000238418579
23851.0,28.0,30.0,4.0,-13.231777665351084,-24.09224647599503,10.860468810643946,-33.2065779177715,19.974800252420415,-33.2065779177715,19.974800252420415,9.114331441776468,1.0,0.75,0.9525356820741865,0.7071067811865476,0.5,0.001,26.479900360107422,8.150440216064453,0.6000000238418579
25341.0,29.0,30.0,4.0,-14.17518022163754,-32.20303920970055,18.02785898806301,-24.001765368248588,9.826585146611048,-31.88659842483912,17.711418203201582,-0.31644078486142746,0.6,1.0,0.9618171779338207,0.0,0.0,0.001,26.859899520874023,8.270440101623535,0.6000000238418579
25640.0,30.0,30.0,4.0,-12.894993087068825,-21.89354830923467,8.998555222165846,-24.76838972347067,11.873396636401845,-25.328620994143915,12.43362790707509,3.435072684909244,1.2,1.0,0.9486760508087769,0.0,0.0,0.001,27.429899215698242,8.29043960571289,0.6000000238418579
26832.0,31.0,30.0,4.0,-15.201244484762872,-35.2817736633525,20.08052917858963,-28.01296288108525,12.811718396322378,-34.71389471257439,19.512650227811513,-0.5678789507781161,0.6,1.0,0.9698603477847058,0.0,0.0,0.0009999999999999998,27.249900817871094,8.390439987182617,0.6000000238418579
28025.0,32.0,30.0,4.0,-17.923877527568898,-22.000062016900696,4.076184489331798,-21.527627867354376,3.6037503397854778,-22.118717857663075,4.194840330094177,0.11865584076237923,0.8,1.0,0.9839092871550004,0.0,0.0,0.0010000000000000002,27.07990074157715,8.490440368652344,0.6000000238418579
28919.0,33.0,30.0,4.0,-14.48213381663451,-26.531613460126703,12.049479643492193,-25.997235780795474,11.515101964160964,-27.005516400495274,12.523382583860764,0.4739029403685713,0.8,1.0,0.9644039314461222,0.0,0.0,0.0009999999999999998,26.33989906311035,8.570440292358398,0.6000000238418579
37863.0,34.0,30.0,4.0,-12.06198117814752,-20.90861185331893,8.846630675171411,-24.297884797063197,12.235903618915678,-26.961038500624667,14.899057322477148,6.052426647305737,1.2,1.0,0.9378293045255073,0.0,0.0,0.0009999999999999998,27.449899673461914,9.300439834594727,0.6000000238418579
38460.0,35.0,30.0,4.0,-16.520733989092967,-18.835100298086182,2.3143663089932147,-18.82673990640988,2.306005917316913,-18.928844725136123,2.408110736043156,0.09374442704994124,0.8,1.0,0.9777541139990616,0.0,0.0,0.0009999999999999998,27.36989974975586,9.35044002532959,0.6000000238418579
42335.0,36.0,30.0,4.0,-15.015232433145602,-20.18469587875993,5.169463445614326,-20.32324396781484,5.308011534669237,-22.947586857126993,7.932354423981391,2.7628909783670643,1.2,1.0,0.9685095572276419,0.0,0.0,0.0009999999999999998,27.399900436401367,9.670439720153809,0.6000000238418579
42932.0,37.0,30.0,4.0,-14.892887756605099,-29.733450380026273,14.840562623421174,-26.829716068181423,11.936828311576324,-29.92844724933864,15.03555949273354,0.19499686931236582,0.6,1.0,0.967621399849799,0.0,0.0,0.001,27.319900512695312,9.720439910888672,0.6000000238418579
43230.0,38.0,30.0,4.0,-12.73728861527056,-33.43448129665437,20.69719268138381,-28.570635424861855,15.833346809591296,-35.644852067871554,22.907563452600996,2.2103707712171854,0.8,1.0,0.9467694756572831,0.0,0.0,0.0010000000000000002,26.66990089416504,9.750439643859863,0.6000000238418579
48000.0,39.0,30.0,4.0,-13.081323383013231,-23.876221026254953,10.794897643241722,-23.26316073528733,10.181837352274098,-24.030773862672945,10.949450479659713,0.15455283641799156,0.8,1.0,0.9508332941499955,0.0,0.0,0.0010000000000000005,27.179899215698242,10.140399932861328,0.6000000238418579
53068.0,40.0,30.0,4.0,-13.421760795789371,-25.130585060105215,11.708824264315844,-29.66010377704496,16.238342981255588,-30.324994508545224,16.903233712755853,5.194409448440009,1.2,1.0,0.954549418894871,0.0,0.0,0.001,27.039899826049805,10.560400009155273,0.6000000238418579
54559.0,41.0,30.0,4.0,-19.574045373127074,-21.52179039792689,1.947745024799815,-20.343576797125603,0.7695314239985294,-21.600546888419927,2.0265015152928534,0.07875649049303846,0.6,1.0,0.9889873829639886,0.0,0.0,0.001,27.429899215698242,10.680399894714355,0.6000000238418579
55454.0,42.0,30.0,4.0,-12.717867678910155,-24.14474808502939,11.426880406119237,-26.257296083939565,13.53942840502941,-26.257296083939565,13.53942840502941,2.1125479989101734,1.0,1.0,0.9465506941220913,0.0,0.0,0.0009999999999999998,26.699899673461914,10.76039981842041,0.6000000238418579
57242.0,43.0,30.0,4.0,-14.791683230726388,-19.66931362120499,4.8776303904786005,-20.225096569696184,5.433413338969796,-20.631961156698896,5.840277925972508,0.9626475354939075,1.2,1.0,0.9668778011547887,0.0,0.0,0.001,26.429899215698242,10.910400390625,0.6000000238418579
57839.0,44.0,30.0,4.0,-13.74515044729263,-28.092950803029307,14.347800355736677,-24.519364346110923,10.774213898818292,-27.809430826373532,14.064280379080902,-0.283519976655775,0.6,1.0,0.9578862343184369,0.0,0.0,0.001,26.349899291992188,10.960399627685547,0.6000000238418579
58733.0,45.0,30.0,4.0,-15.678705723853524,-23.05793221937858,7.379226495525055,-23.59196508620577,7.913259362352248,-23.990503593485197,8.311797869631674,0.9325713741066188,1.2,1.0,0.9730192261673846,0.0,0.0,0.001,26.819900512695312,11.030400276184082,0.6000000238418579
60522.0,46.0,30.0,4.0,-14.847217768109378,-26.307129469021685,11.459911700912308,-26.328969542886696,11.481751774777319,-26.773863279016595,11.926645510907218,0.4667338099949099,1.2,1.0,0.9672848705247412,0.0,0.0,0.001,26.559900283813477,11.180399894714355,0.6000000238418579
60820.0,47.0,30.0,4.0,-13.800942625917532,-29.236260996005797,15.435318370088265,-26.550195898561377,12.749253272643845,-30.996981411287635,17.196038785370103,1.7607204152818383,1.2,1.0,0.9583462901334872,0.0,0.0,0.001,27.11989974975586,11.200400352478027,0.6000000238418579
61416.0,48.0,30.0,4.0,-15.17477435430827,-18.53874411875285,3.3639697644445796,-21.11118894893606,5.9364145946277915,-22.801816326993087,7.627041972684818,4.263072208240239,1.2,1.0,0.9696809887325524,0.0,0.0,0.001,27.02989959716797,11.250399589538574,0.6000000238418579
63205.0,49.0,30.0,4.0,-14.44679565978783,-26.157116380830892,11.710320721043063,-22.823865916722617,8.377070256934788,-26.330647059287216,11.883851399499386,0.17353067845632353,0.6,1.0,0.9641163498813382,0.0,0.0,0.001,26.769899368286133,11.400400161743164,0.6000000238418579
63503.0,50.0,30.0,4.0,-14.82567934994886,-30.636024675554,15.810345325605141,-31.784086184722774,16.958406834773914,-33.23051116016779,18.404831810218926,2.5944864846137854,0.8,1.0,0.9671078995205648,0.0,0.0,0.0009999999999999998,27.32990074157715,11.42039966583252,0.6000000238418579
64398.0,51.0,30.0,4.0,-13.956629079972185,-23.31354664099045,9.356917561018264,-23.07385388087672,9.117224800904534,-25.159259542390497,11.202630462418313,1.8457129014000486,1.2,1.0,0.9598118292568433,0.0,0.0,0.0010000000000000002,26.599899291992188,11.500399589538574,0.6000000238418579
65590.0,52.0,30.0,4.0,-14.477627462418322,-30.148577035073192,15.67094957265487,-24.485952869974867,10.008325407556544,-30.357227889082168,15.879600426663846,0.20865085400897598,0.6,1.0,0.9643622183567538,0.0,0.0,0.001,26.41990089416504,11.6003999710083,0.6000000238418579
65889.0,53.0,30.0,4.0,-13.433630339161297,-27.985353626485427,14.55172328732413,-21.774503898207733,8.340873559046436,-28.055772155006927,14.62214181584563,0.07041852852150043,0.6,1.0,0.9546774889687524,0.0,0.0,0.0010000000000000002,26.989900588989258,11.620400428771973,0.6000000238418579
66783.0,54.0,30.0,4.0,-12.936746256856049,-27.94835625738997,15.011610000533922,-25.880136514908795,12.943390258052746,-28.170143148661,15.233396891804952,0.22178689127103013,0.8,1.0,0.9491495370479295,0.0,0.0,0.001,18.715299606323242,6.011020183563232,1.0
67081.0,55.0,30.0,4.0,-15.392400798333641,-18.496556008614526,3.1041552102808847,-14.339173475547383,-1.0532273227862579,-22.294397400420692,6.901996602087051,3.797841391806166,0.4,1.0,0.97115362280274,0.0,0.0,0.0009999999999999998,19.275299072265625,6.053020000457764,1.0
69168.0,56.0,30.0,4.0,-10.735951021030532,-20.829810077842318,10.093859056811786,-23.579223947859905,12.843272926829373,-23.886415338492,13.150464317461468,3.0566052606496825,1.2,1.0,0.915607147751675,0.0,0.0,0.0010000000000000002,18.393299102783203,6.403019905090332,1.0
69466.0,57.0,30.0,4.0,-14.677564705565763,-18.15514426208644,3.477579556520679,-14.680883873873567,0.003319168307804432,-21.37079511707269,6.693230411506926,3.2156508549862473,0.4,1.0,0.9659497618615654,0.0,0.0,0.001,18.95330047607422,6.4450201988220215,1.0
69764.0,58.0,30.0,4.0,-12.245865719871464,-21.971040322992835,9.72517460312137,-22.57325727570308,10.327391555831618,-22.67954865373831,10.433682933866844,0.7085083307454738,0.8,1.0,0.9403928497516073,0.0,0.0,0.001,19.5132999420166,6.487020015716553,1.0
70062.0,59.0,30.0,4.0,-16.63393349527186,-19.995905255732133,3.3619717604602712,-15.224381845176483,-1.4095516500953789,-24.60293588548283,7.969002390210967,4.607030629750696,0.4,1.0,0.9783149594349084,0.0,0.0,0.0010000000000000002,18.869300842285156,6.543019771575928,1.0
70659.0,60.0,30.0,4.0,-14.27489093241413,-19.96275942533368,5.687868492919549,-16.146851379075095,1.8719604466609638,-21.768443647695328,7.493552715281197,1.8056842223616485,0.4,1.0,0.9626481159583398,0.0,0.0,0.0009999999999999998,18.799299240112305,6.641019821166992,1.0
71851.0,61.0,30.0,4.0,-12.255586934045528,-24.738813463490757,12.48322652944523,-24.162144531618004,11.906557597572476,-25.32850677257281,13.07291983852728,0.5896933090820511,0.8,1.0,0.9405210011315411,0.0,0.0,0.001,18.63129997253418,6.837019920349121,1.0
72448.0,62.0,30.0,4.0,-12.552310143635296,-22.129865446433694,9.577555302798398,-23.49380261224004,10.941492468604743,-23.84431011203393,11.291999968398635,1.7144446656002366,1.2,1.0,0.9444593017658177,0.0,0.0,0.001,18.56130027770996,6.9350199699401855,1.0
73938.0,63.0,30.0,4.0,-16.55288097102945,-22.548779946053564,5.995898975024115,-23.91745175535349,7.364570784324041,-23.91745175535349,7.364570784324041,1.3686718092999257,1.0,1.0,0.977908842626601,0.0,0.0,0.001,18.95330047607422,7.173019886016846,1.0
74236.0,64.0,30.0,4.0,-14.859238780215897,-26.922606821990406,12.06336804177451,-22.81084695024377,7.951608170027875,-27.325268709182126,12.466029928966229,0.40266188719171936,0.6,1.0,0.9673490228568652,0.0,0.0,0.001,19.5132999420166,7.215020179748535,1.0
77218.0,65.0,30.0,4.0,-18.532659997181216,-21.311109582512767,2.7784495853315505,-14.015650751652045,-4.517009245529172,-27.607528587954793,9.074868590773576,6.296419005442026,0.4,1.0,0.986028338838241,0.0,0.0,0.0010000000000000002,19.121299743652344,7.705019950866699,1.0
78410.0,66.0,30.0,4.0,-15.57931132630574,-17.13699964499201,1.5576883186862691,-13.738059885644425,-1.8412514406613152,-19.862977223176586,4.283665896870845,2.725977578184576,0.4,1.0,0.9723472072057067,0.0,0.0,0.001,18.95330047607422,7.901020050048828,1.0
81988.0,67.0,30.0,4.0,-15.545845335453574,-16.72926043250355,1.183415097049977,-13.629690200513565,-1.9161551349400092,-19.08890503316806,3.5430596977144866,2.3596446006645095,0.4,1.0,0.9721562815123155,0.0,0.0,0.0010000000000000005,18.4773006439209,8.489020347595215,1.0
82584.0,68.0,30.0,4.0,-14.069571018324588,-15.230630933838462,1.1610599155138743,-12.890805266370284,-1.1787657519543036,-16.730899589827605,2.6613285715030166,1.5002686559891423,0.4,1.0,0.9608810157505159,0.0,0.0,0.0009999999999999998,18.393299102783203,8.587019920349121,1.0
83181.0,69.0,30.0,4.0,-18.465301124593733,-26.543543909071303,8.07824278447757,-22.5696398045139,4.104338679920168,-26.903756337020255,8.438455212426522,0.3602124279489516,0.6,1.0,0.9857913434815824,0.0,0.0,0.0010000000000000002,19.527299880981445,8.671019554138184,1.0
84671.0,70.0,30.0,4.0,-16.69146149103752,-16.92389634790766,0.23243485687014243,-13.455332626739349,-3.23612886429817,-20.255350458416082,3.5638889673785634,3.331454110508421,0.2,1.0,0.9786240643047148,0.0,0.0,0.001,18.715299606323242,8.923020362854004,1.0
84970.0,71.0,30.0,4.0,-17.75761798780589,-17.776125703046304,0.018507715240414058,-13.496393379410836,-4.261224608395054,-22.85556757349711,5.097949585691222,5.0794418704508075,0.2,1.0,0.9832803555006303,0.0,0.0,0.001,19.2893009185791,8.965020179748535,1.0
85864.0,72.0,30.0,4.0,-15.727840380821828,-27.79065451312729,12.062814132305462,-21.962863281931966,6.235022901110138,-29.210738985885744,13.482898605063916,1.4200844727584538,0.4,1.0,0.9732641205873814,0.0,0.0,0.001,18.56130027770996,9.119020462036133,1.0
87355.0,73.0,30.0,4.0,-16.57612112628947,-24.50662687055429,7.930505744264821,-20.83694607193835,4.260824945648881,-26.886272093627156,10.310150967337687,2.379645223072867,0.4,1.0,0.9780149580741484,0.0,0.0,0.0009999999999999998,18.967300415039062,9.357020378112793,1.0
89143.0,74.0,30.0,4.0,-16.48749200708185,-27.117513171323186,10.630021164241334,-21.604125533067055,5.116633525985204,-31.96733900983112,15.47984700274927,4.849825838507936,0.4,1.0,0.9775663062209398,0.0,0.0,0.001,18.715299606323242,9.651020050048828,1.0
89740.0,75.0,30.0,4.0,-15.792857228411775,-24.828039516666482,9.035182288254708,-21.322771438429903,5.529914210018129,-25.44734661984751,9.654489391435737,0.6193071031810291,0.4,1.0,0.9736783689615508,0.0,0.0,0.001,18.645299911499023,9.749019622802734,1.0
90336.0,76.0,30.0,4.0,-19.595486953621155,-25.456905319177533,5.8614183655563785,-27.744548824767385,8.14906187114623,-27.744548824767385,8.14906187114623,2.287643505589852,1.0,1.0,0.9890642441857946,0.0,0.0,0.001,18.56130027770996,9.847020149230957,1.0
92423.0,77.0,30.0,4.0,-13.79906933268864,-23.38105940387255,9.581990071183908,-21.396697901986855,7.597628569298214,-23.419321586386946,9.620252253698306,0.038262182514397836,0.6,1.0,0.9583349114705051,0.0,0.0,0.0010000000000000002,18.88330078125,10.182999610900879,1.0
93616.0,78.0,30.0,4.0,-15.487903528720164,-14.668516739786,-0.819386788934164,-12.149931758398871,-3.3379717703212926,-17.29969451994841,1.8117909912282464,2.6311777801624103,0.2,1.0,0.9717610460941415,0.0,0.0,0.001,18.729299545288086,10.378999710083008,1.0
95106.0,79.0,30.0,4.0,-15.837804034225261,-25.836268467805613,9.998464433580352,-21.599660356874328,5.761856322649066,-26.745808435128254,10.908004400902993,0.9095399673226403,0.4,1.0,0.9739347555482608,0.0,0.0,0.0010000000000000002,19.121299743652344,10.616999626159668,1.0
95404.0,80.0,30.0,4.0,-16.1764139212287,-16.173101718695374,-0.003312202533326314,-13.258603166553428,-2.9178107546752727,-18.954221361691342,2.7778074404626416,2.781119642995968,0.2,1.0,0.9758895692623797,0.0,0.0,0.001,18.4773006439209,10.67300033569336,1.0
96597.0,81.0,30.0,4.0,-15.20421027082276,-24.615694239361474,9.411483968538715,-21.13081503433935,5.92660476351659,-25.101430249995616,9.897219979172856,0.48573601063414173,0.6,1.0,0.969909958668024,0.0,0.0,0.001,19.527299880981445,10.854999542236328,1.0
96895.0,82.0,30.0,4.0,-16.410673776161918,-27.433743548744015,11.023069772582097,-24.21808570211053,7.80741192594861,-27.56954551864966,11.158871742487744,0.1358019699056463,0.6,1.0,0.9771621478045528,0.0,0.0,0.001,18.88330078125,10.91100025177002,1.0
98386.0,83.0,30.0,4.0,-17.576012135576313,-16.759322054789077,-0.8166900807872359,-12.372310611628784,-5.2037015239475295,-19.906298122454263,2.33028598687795,3.146976067665186,0.2,1.0,0.9825401413906091,0.0,0.0,0.0009999999999999998,19.2893009185791,11.14900016784668,1.0
98982.0,84.0,30.0,4.0,-17.05799691549614,-16.65641189818517,-0.4015850173109712,-13.726370422049472,-3.3316264934466684,-20.925421713417975,3.867424797921835,4.269009815232806,0.2,1.0,0.980329528931512,0.0,0.0,0.0010000000000000002,19.205299377441406,11.246999740600586,1.0
99877.0,85.0,30.0,4.0,-12.36588166505677,-14.036532813290137,1.6706511482333664,-12.40065012507916,0.03476846002238965,-15.011357966269061,2.645476301212291,0.9748251529789247,0.4,1.0,0.9420302919923631,0.0,0.0,0.001,18.491300582885742,11.401000022888184,1.0
105839.0,86.0,30.0,4.0,-14.800849165335796,-22.91944863906852,8.118599473732724,-16.84536507179802,2.044515906462225,-25.93880124909809,11.137952083762295,3.0193526100295713,0.4,1.0,0.9669314562899309,0.0,0.0,0.0009999999999999998,18.88330078125,12.366999626159668,1.0
106137.0,87.0,30.0,4.0,-14.74392731071941,-18.781263541026423,4.037336230307012,-14.59767749472016,-0.14624981599924958,-21.29541794339643,6.5514906326770195,2.514154402370007,0.4,1.0,0.966490886276851,0.0,0.0,0.001,19.443300247192383,12.409000396728516,1.0
107330.0,88.0,30.0,4.0,-13.761790890103248,-14.896787768857315,1.1349968787540679,-13.336102651309119,-0.42568823879412854,-16.053272374578782,2.2914814844755345,1.1564846057214666,0.4,1.0,0.9579766111961345,0.0,0.0,0.0010000000000000002,19.2893009185791,12.604999542236328,1.0
107926.0,89.0,30.0,4.0,-13.467170679374512,-27.12090788961261,13.653737210238098,-23.852766186779014,10.385595507404503,-26.88239572407725,13.415225044702737,-0.23851216553536148,0.6,1.0,0.9549989229844401,0.0,0.0,0.0009999999999999998,19.205299377441406,12.70300006866455,1.0
108523.0,90.0,30.0,4.0,-15.389927620510914,-17.829212299690294,2.43928467917938,-13.889213638560463,-1.500713981950451,-21.417165441899627,6.027237821388713,3.587953142209333,0.4,1.0,0.971168686395094,0.0,0.0,0.001,19.135299682617188,12.800999641418457,1.0
108821.0,91.0,30.0,4.0,-14.022617978892695,-38.47298833765781,24.450370358765113,-26.465870260848252,12.443252281955557,-36.52527766524055,22.502659686347855,-1.9477106724172586,0.6,1.0,0.9604310248195901,0.0,0.0,0.0009999999999999998,18.491300582885742,12.857000350952148,1.0
109119.0,92.0,30.0,4.0,-13.832317823287763,-29.325034215687936,15.492716392400173,-25.122525872370403,11.29020804908264,-28.93189208765334,15.099574264365575,-0.39314212803459725,0.6,1.0,0.9586825438473706,0.0,0.0,0.001,19.051300048828125,12.89900016784668,1.0
110311.0,93.0,30.0,4.0,-14.110389663316266,-16.403007440364327,2.2926177770480614,-14.207676379175684,0.0972867158594184,-17.75361568282603,3.6432260195097648,1.3506082424617034,0.4,1.0,0.9612173036387408,0.0,0.0,0.001,18.88330078125,13.095000267028809,1.0
111504.0,94.0,30.0,4.0,-13.162008958216493,-21.144017563326287,7.982008605109794,-16.47727689699363,3.3152679387771364,-21.741015588962217,8.579006630745724,0.59699802563593,0.6,1.0,0.9517681507522386,0.0,0.0,0.0009999999999999998,18.729299545288086,13.291000366210938,1.0
114187.0,95.0,30.0,4.0,-12.548185942195873,-28.73990574176166,16.19171979956579,-27.139673722636072,14.591487780440199,-30.10408252536335,17.555896583167474,1.364176783601689,0.8,1.0,0.9444104519251882,0.0,0.0,0.0009999999999999998,18.967300415039062,13.725000381469727,1.0
116274.0,96.0,30.0,4.0,-13.185400716135355,-29.275096748346993,16.089696032211638,-25.36347798451046,12.178077268375105,-28.536233111634424,15.350832395499069,-0.7388636367125692,0.6,0.75,0.9519850531065579,0.7071067811865476,0.5,0.001,19.2893009185791,14.060999870300293,1.0
116572.0,97.0,30.0,4.0,-12.982045170732878,-32.2295035373694,19.247458366636526,-28.426718991850038,15.44467382111716,-33.68157639337003,20.69953122263715,1.4520728560006262,0.8,1.0,0.9497230100604791,0.0,0.0,0.0009999999999999998,18.645299911499023,14.116999626159668,1.0
116871.0,98.0,30.0,4.0,-13.034045112370231,-25.735557751485647,12.701512639115416,-20.086200645513777,7.052155533143546,-25.921713260782514,12.887668148412283,0.1861555092968672,0.6,1.0,0.9503233644682169,0.0,0.0,0.001,19.21929931640625,14.159000396728516,1.0
118063.0,99.0,30.0,4.0,-14.020784573956357,-21.257604280841214,7.236819706884857,-15.916062325131449,1.895277751175092,-22.959527490858903,8.938742916902546,1.7019232100176893,0.4,1.0,0.9604019099525909,0.0,0.0,0.0009999999999999996,19.051300048828125,14.354999542236328,1.0
0.0,0.0,30.0,8.0,-18.054857643781524,-33.4298594297795,15.375001785997974,-37.43475197864455,19.379894334863025,-39.336333568783274,21.28147592500175,5.906474139003777,1.2,0.875,0.9844036918186176,0.7071067811865476,0.3535533905932738,0.001,26.33989906311035,6.1804399490356445,0.6000000238418579
298.0,1.0,30.0,8.0,-15.252410753313846,-34.7869462414223,19.534535488108453,-38.367629919082525,23.11521916576868,-38.52537855582986,23.272967802516014,3.738432314407561,0.8,1.0,0.9702442507452991,0.0,0.0,0.0009999999999999998,26.899900436401367,6.200439929962158,0.6000000238418579
596.0,2.0,30.0,8.0,-16.687522589656606,-40.208461790699,23.520939201042392,-39.35592390752711,22.6684013178705,-41.956883428022124,25.269360838365518,1.7484216373231263,0.8,1.0,0.9786184406240725,0.0,0.0,0.0009999999999999998,27.45989990234375,6.220439910888672,0.6000000238418579
1192.0,3.0,30.0,8.0,-15.400492815418138,-34.82268148719089,19.42218867177275,-42.64885307028266,27.248360254864522,-42.814188515278346,27.413695699860206,7.9915070280874545,1.2,1.0,0.971197089146358,0.0,0.0,0.0009999999999999998,27.36989974975586,6.270440101623535,0.6000000238418579
2683.0,4.0,30.0,8.0,-18.586108019533853,-28.939745129439775,10.353637109905922,-26.512195623185338,7.926087603651485,-29.191451430663555,10.605343411129702,0.25170630122378057,0.6,1.0,0.986215920176872,0.0,0.0,0.001,26.54990005493164,6.400440216064453,0.6000000238418579
2981.0,5.0,30.0,8.0,-15.499976227857434,-37.78672688583508,22.286750657977645,-38.73932438921331,23.239348161355874,-41.33894422597969,25.838967998122254,3.552217340144608,0.8,1.0,0.9718797783177632,0.0,0.0,0.0009999999999999998,27.109899520874023,6.420440196990967,0.6000000238418579
3875.0,6.0,30.0,8.0,-16.008924335852114,-25.532058052985512,9.523133717133398,-30.25496753157874,14.246043195726624,-32.38972829312484,16.380803957272725,6.857670240139328,1.2,1.0,0.9749935356653577,0.0,0.0,0.001,26.36989974975586,6.5004401206970215,0.6000000238418579
4173.0,7.0,30.0,8.0,-16.537999798692287,-31.73630225404761,15.198302455355325,-35.32170282055486,18.783703021862575,-39.037181136210904,22.499181337518618,7.300878882163293,1.2,1.0,0.9778471351598288,0.0,0.0,0.0010000000000000002,26.929899215698242,6.520440101623535,0.6000000238418579
4472.0,8.0,30.0,8.0,-15.098502272534237,-35.65725956359855,20.558757291064314,-39.07411074821057,23.975608475676335,-40.22140059605296,25.122898323518722,4.564141032454408,0.8,1.0,0.9691510095957415,0.0,0.0,0.001,27.499900817871094,6.540440082550049,0.6000000238418579
5366.0,9.0,30.0,8.0,-16.37187250444812,-36.03753427971349,19.66566177526537,-36.515961119008786,20.144088614560665,-38.17352297185145,21.801650467403327,2.135988692137957,1.2,1.0,0.9770368412712612,0.0,0.0,0.001,26.759899139404297,6.6204400062561035,0.6000000238418579
6260.0,10.0,30.0,8.0,-19.60575600422811,-25.8611442916933,6.255388287465191,-25.842211096226716,6.236455091998607,-25.86860654308819,6.262850538860082,0.007462251394890984,1.2,1.0,0.9891284863019633,0.0,0.0,0.0010000000000000002,27.229900360107422,6.6904401779174805,0.6000000238418579
7453.0,11.0,30.0,8.0,-16.042532382069318,-37.17847140178374,21.13593901971442,-38.80144002475048,22.75890764268116,-39.4194330903081,23.37690070823878,2.240961688524358,1.2,1.0,0.9751888505053568,0.0,0.0,0.001,27.059900283813477,6.790440082550049,0.6000000238418579
8646.0,12.0,30.0,8.0,-18.60598694268262,-26.993919225922728,8.387932283240108,-32.5529758223706,13.946988879687979,-35.84280124025304,17.23681429757042,8.84888201433031,1.2,1.0,0.986276318732226,0.0,0.0,0.0010000000000000002,26.88990020751953,6.890439987182617,0.6000000238418579
10434.0,13.0,30.0,8.0,-14.968425628460816,-35.34767388508851,20.379248256627697,-40.84800209862322,25.879576470162405,-41.123405727961355,26.15498009950054,5.775731842872844,0.8,1.0,0.9682070480403767,0.0,0.0,0.001,26.61989974975586,7.040440082550049,0.6000000238418579
10733.0,14.0,30.0,8.0,-16.004475311334936,-37.92156803348049,21.917092722145554,-37.18596007316416,21.181484761829225,-39.00355093566827,22.999075624333337,1.0819829021877823,0.8,1.0,0.9749872732251207,0.0,0.0,0.0009999999999999998,27.189899444580078,7.0604400634765625,0.6000000238418579
11031.0,15.0,30.0,8.0,-18.046099275405542,-39.62263285677536,21.57653358136982,-35.49004007586917,17.443940800463626,-40.157741355188186,22.111642079782644,0.5351084984128249,0.6,0.875,0.9844002250219018,0.7071067811865476,0.3535533905932738,0.001,26.539899826049805,7.090439796447754,0.6000000238418579
12820.0,16.0,30.0,8.0,-15.452207654320052,-37.73100468670143,22.27879703238138,-38.86483215263966,23.412624498319605,-39.88650966946595,24.4343020151459,2.155504982764519,0.8,1.0,0.9715581145820188,0.0,0.0,0.001,27.489900588989258,7.230440139770508,0.6000000238418579
14608.0,17.0,30.0,8.0,-20.378042996883327,-31.4131661311734,11.035123134290075,-34.001556847639634,13.623513850756307,-34.001556847639634,13.623513850756307,2.5883907164662325,1.0,1.0,0.9909184991954757,0.0,0.0,0.0009999999999999998,27.219900131225586,7.3804402351379395,0.6000000238418579
16397.0,18.0,30.0,8.0,-16.124646796664003,-34.794098969502734,18.66945217283873,-35.968429215057824,19.843782418393822,-36.68344422151669,20.558797424852685,1.8893452520139533,1.2,1.0,0.9756430620512782,0.0,0.0,0.0010000000000000002,26.95989990234375,7.530439853668213,0.6000000238418579
16695.0,19.0,30.0,8.0,-17.40416487887845,-42.29717346991711,24.89300859103866,-37.581194653490954,20.177029774612503,-41.092931291183355,23.688766412304904,-1.2042421787337574,0.6,1.0,0.9818577206612231,0.0,0.0,0.001,27.519899368286133,7.550439834594727,0.6000000238418579
16994.0,20.0,30.0,8.0,-17.808634211348767,-24.260550664656368,6.4519164533076,-23.214651571760996,5.406017360412228,-24.438119022274808,6.629484810926041,0.1775683576184406,0.4,1.0,0.9834943169723195,0.0,0.0,0.001,26.879899978637695,7.580440044403076,0.6000000238418579
17590.0,21.0,30.0,8.0,-17.021636796440433,-26.601212054486204,9.579575258045772,-33.190490751083786,16.168853954643353,-36.770499203004825,19.748862406564392,10.16928714851862,1.2,1.0,0.9801832846173978,0.0,0.0,0.001,26.789899826049805,7.6304402351379395,0.6000000238418579
18186.0,22.0,30.0,8.0,-16.563308413864966,-38.22486138052562,21.66155296666065,-37.507208183371766,20.9438997695068,-39.31701357342998,22.753705159565015,1.092152192904365,1.2,0.875,0.9780029867526305,0.7071067811865476,0.3535533905932738,0.0009999999999999998,26.699899673461914,7.6804399490356445,0.6000000238418579
19080.0,23.0,30.0,8.0,-15.317936572222683,-36.17830000462481,20.860363432402124,-38.50612759895228,23.188191026729598,-39.79311882828955,24.475182256066866,3.6148188236647414,0.8,1.0,0.9706747347553244,0.0,0.0,0.001,27.16990089416504,7.7504401206970215,0.6000000238418579
20571.0,24.0,30.0,8.0,-16.023606822087256,-37.23268191815648,21.209075096069224,-36.48662980952613,20.463022987438872,-37.956709332046636,21.93310250995938,0.7240274138901555,0.8,1.0,0.9750805994876003,0.0,0.0,0.001,26.349899291992188,7.8804402351379395,0.6000000238418579
21167.0,25.0,30.0,8.0,-17.765618781525024,-36.867250197141445,19.10163141561642,-25.832998834505155,8.06738005298013,-37.255788989300115,19.49017020777509,0.3885387921586698,0.6,0.875,0.9833271677453382,0.7071067811865476,0.3535533905932738,0.0009999999999999998,27.469900131225586,7.920440196990967,0.6000000238418579
23254.0,26.0,30.0,8.0,-17.31716071088185,-37.43676767832804,20.119606967446188,-37.20793012554844,19.890769414666586,-37.736719282208306,20.419558571326455,0.29995160388026676,1.2,1.0,0.9815321863137949,0.0,0.0,0.0010000000000000002,26.559900283813477,8.10044002532959,0.6000000238418579
23553.0,27.0,30.0,8.0,-18.13190316699926,-31.695975299845017,13.564072132845759,-29.094732326624012,10.962829159624754,-31.989916323538466,13.858013156539208,0.2939410236934492,0.6,1.0,0.9847269579081003,0.0,0.0,0.001,27.129899978637695,8.120439529418945,0.6000000238418579
23851.0,28.0,30.0,8.0,-16.58443283136805,-36.28445496147904,19.70002213011099,-38.71040347884181,22.12597064747376,-38.99251817878164,22.408085347413586,2.7080632173025947,0.8,1.0,0.9781174991657565,0.0,0.0,0.001,26.479900360107422,8.150440216064453,0.6000000238418579
25341.0,29.0,30.0,8.0,-17.44474625901086,-36.2314344685894,18.78668820957854,-36.46889578924999,19.024149530239132,-37.45572235154231,20.010976092531454,1.2242878829529147,1.2,1.0,0.9820754918997909,0.0,0.0,0.001,26.859899520874023,8.270440101623535,0.6000000238418579
25640.0,30.0,30.0,8.0,-16.198808359733597,-27.398799454809826,11.199991095076228,-33.355942027318164,17.157133667584567,-36.37956310898388,20.180754749250283,8.980763654174055,1.2,1.0,0.9760521918479405,0.0,0.0,0.001,27.429899215698242,8.29043960571289,0.6000000238418579
26832.0,31.0,30.0,8.0,-18.580941857006373,-35.81898533604814,17.238043479041764,-28.721455398905764,10.140513541899391,-36.392130541711495,17.811188684705122,0.5731452056633586,0.6,1.0,0.986250605942786,0.0,0.0,0.0009999999999999998,27.249900817871094,8.390439987182617,0.6000000238418579
28025.0,32.0,30.0,8.0,-20.686196383715945,-30.278077421938878,9.591881038222933,-36.097199664354534,15.411003280638589,-39.04809296215095,18.361896578435008,8.770015540212075,1.2,1.0,0.991521380106229,0.0,0.0,0.0010000000000000002,27.07990074157715,8.490440368652344,0.6000000238418579
28919.0,33.0,30.0,8.0,-17.447136408067077,-34.10654055055434,16.659404142487265,-34.129571765556065,16.682435357488988,-34.65765726047289,17.21052085240581,0.5511167099185457,0.8,1.0,0.9820772166343762,0.0,0.0,0.0009999999999999998,26.33989906311035,8.570440292358398,0.6000000238418579
37863.0,34.0,30.0,8.0,-15.160038611949176,-32.66135020290942,17.501311590960242,-39.45447303980328,24.294434427854107,-40.28088280850055,25.120844196551374,7.619532605591132,1.2,1.0,0.9695887716274044,0.0,0.0,0.0009999999999999998,27.449899673461914,9.300439834594727,0.6000000238418579
38460.0,35.0,30.0,8.0,-19.60970861196062,-28.89317111400059,9.28346250203997,-34.699166383746444,15.089457771785824,-37.82171142520746,18.21200281324684,8.92854031120687,1.2,1.0,0.9891269198954382,0.0,0.0,0.0009999999999999998,27.36989974975586,9.35044002532959,0.6000000238418579
42335.0,36.0,30.0,8.0,-17.842668792677348,-33.260415826577024,15.417747033899676,-35.4271164512951,17.58444765861775,-37.535657089287795,19.692988296610448,4.275241262710772,1.2,1.0,0.9836259366950947,0.0,0.0,0.0009999999999999998,27.399900436401367,9.670439720153809,0.6000000238418579
42932.0,37.0,30.0,8.0,-17.795900795951955,-35.02704734479763,17.231146548845675,-34.858206169740555,17.0623053737886,-35.4688677488408,17.672966952888846,0.44182040404317036,1.2,1.0,0.9834344976359752,0.0,0.0,0.001,27.319900512695312,9.720439910888672,0.6000000238418579
43230.0,38.0,30.0,8.0,-15.767503061549968,-39.582021292665516,23.81451823111555,-39.12379307773081,23.356290016180843,-42.57929639088478,26.81179332933481,2.997275098219262,0.8,1.0,0.9735296309118223,0.0,0.0,0.0010000000000000002,26.66990089416504,9.750439643859863,0.6000000238418579
48000.0,39.0,30.0,8.0,-16.11160476799879,-31.30426069220574,15.19265592420695,-33.95631189858237,17.84470713058358,-35.42200666586668,19.31040189786789,4.117745973660941,1.2,1.0,0.9755734526364218,0.0,0.0,0.0010000000000000005,27.179899215698242,10.140399932861328,0.6000000238418579
53068.0,40.0,30.0,8.0,-16.660779054481864,-36.294189373743386,19.63341031926152,-38.81979345344979,22.159014398967926,-39.58934716362959,22.928568109147726,3.295157789886204,1.2,1.0,0.9784777290836887,0.0,0.0,0.001,27.039899826049805,10.560400009155273,0.6000000238418579
54559.0,41.0,30.0,8.0,-22.935257719660072,-32.519765968532155,9.584508248872083,-34.49251171233827,11.557253992678199,-34.89510730450452,11.959849584844449,2.375341335972365,1.2,1.0,0.9949568817934911,0.0,0.0,0.001,27.429899215698242,10.680399894714355,0.6000000238418579
55454.0,42.0,30.0,8.0,-15.718296538600324,-32.93467947740746,17.216382938807133,-36.33252164632693,20.614225107726607,-36.33252164632693,20.614225107726607,3.3978421689194747,1.0,0.875,0.9732458120833415,0.7071067811865476,0.3535533905932738,0.0009999999999999998,26.699899673461914,10.76039981842041,0.6000000238418579
57242.0,43.0,30.0,8.0,-18.42623977787495,-34.13832366962601,15.71208389175106,-37.96851440546494,19.542274627589986,-39.27230576281508,20.84606598494013,5.1339820931890685,0.8,1.0,0.9856966275094746,0.0,0.0,0.001,26.429899215698242,10.910400390625,0.6000000238418579
57839.0,44.0,30.0,8.0,-16.811239936270518,-34.53307904094223,17.721839104671716,-34.49039552529665,17.67915558902613,-35.29518551840097,18.483945582130453,0.7621064774587367,1.2,1.0,0.9792772077480456,0.0,0.0,0.001,26.349899291992188,10.960399627685547,0.6000000238418579
58733.0,45.0,30.0,8.0,-19.049992708676616,-37.02192181662213,17.971929107945517,-34.41874596863706,15.368753259960446,-37.44405091762055,18.394058208943935,0.4221291009984185,0.8,1.0,0.9876379325520491,0.0,0.0,0.001,26.819900512695312,11.030400276184082,0.6000000238418579
60522.0,46.0,30.0,8.0,-18.003786382367327,-26.44313394956729,8.439347567199963,-27.25590708751777,9.252120705150443,-28.330247192417094,10.326460810049767,1.8871132428498036,1.2,1.0,0.9842528291777448,0.0,0.0,0.001,26.559900283813477,11.180399894714355,0.6000000238418579
60820.0,47.0,30.0,8.0,-17.031920308422634,-38.597664958160266,21.56574464973763,-37.51101023960342,20.479089931180788,-38.65877419876733,21.626853890344698,0.061109240607066795,1.2,1.0,0.9802488221979316,0.0,0.0,0.001,27.11989974975586,11.200400352478027,0.6000000238418579
61416.0,48.0,30.0,8.0,-18.552674020047707,-28.192219509024802,9.639545488977095,-34.513725726433805,15.961051706386097,-37.47785969232834,18.92518567228063,9.285640183303535,1.2,1.0,0.9861657803520981,0.0,0.0,0.001,27.02989959716797,11.250399589538574,0.6000000238418579
63205.0,49.0,30.0,8.0,-17.523116241496922,-33.20733967686877,15.684223435371848,-33.5053064111426,15.982190169645676,-34.8065331712384,17.283416929741477,1.5991934943696293,1.2,1.0,0.9823799247922737,0.0,0.0,0.001,26.769899368286133,11.400400161743164,0.6000000238418579
63503.0,50.0,30.0,8.0,-17.673127003546018,-41.908518405965374,24.235391402419356,-36.1392560564645,18.46612905291848,-40.59905944794327,22.92593244439725,-1.3094589580221054,0.6,0.875,0.9829594460238675,0.7071067811865476,0.3535533905932738,0.0009999999999999998,27.32990074157715,11.42039966583252,0.6000000238418579
64398.0,51.0,30.0,8.0,-16.760839715693283,-31.72741612625576,14.966576410562478,-36.36406179474338,19.603222079050095,-38.84579354894748,22.0849538332542,7.118377422691722,1.2,0.875,0.9789796584990057,0.7071067811865476,0.3535533905932738,0.0010000000000000002,26.599899291992188,11.500399589538574,0.6000000238418579
65590.0,52.0,30.0,8.0,-17.86900317220542,-36.416293261461696,18.547290089256276,-36.352442566572186,18.483439394366766,-37.37067557191851,19.50167239971309,0.9543823104568148,1.2,1.0,0.983728655881529,0.0,0.0,0.001,26.41990089416504,11.6003999710083,0.6000000238418579
65889.0,53.0,30.0,8.0,-16.422564305896977,-39.10345987435724,22.680895568460265,-37.81629931601016,21.393735010113183,-39.26648677733822,22.843922471441246,0.163026902980981,0.8,1.0,0.9772786331896519,0.0,0.0,0.0010000000000000002,26.989900588989258,11.620400428771973,0.6000000238418579
66783.0,54.0,30.0,8.0,-16.11923393071263,-32.950345028730105,16.831111098017473,-33.73561912695536,17.61638519624273,-35.17897962450892,19.059745693796287,2.2286345957788143,1.2,1.0,0.9756114273975394,0.0,0.0,0.001,18.715299606323242,6.011020183563232,1.0
67081.0,55.0,30.0,8.0,-18.066937166555068,-32.76231566755615,14.695378501001084,-33.02706250019445,14.960125333639379,-34.50308175759067,16.436144591035603,1.7407660900345192,1.2,1.0,0.9844958811364735,0.0,0.0,0.0009999999999999998,19.275299072265625,6.053020000457764,1.0
69168.0,56.0,30.0,8.0,-13.622853197440364,-26.9549706967384,13.332117499298036,-32.68724161267866,19.064388415238298,-34.75164036006616,21.128787162625798,7.796669663327762,1.2,1.0,0.9566414179013115,0.0,0.0,0.0010000000000000002,18.393299102783203,6.403019905090332,1.0
69466.0,57.0,30.0,8.0,-17.59119556620182,-18.284474902065305,0.6932793358634868,-15.120142051338405,-2.4710535148634136,-24.00203699650281,6.410841430300991,5.717562094437504,0.2,1.0,0.9826420538982572,0.0,0.0,0.001,18.95330047607422,6.4450201988220215,1.0
69764.0,58.0,30.0,8.0,-15.390534235236617,-26.441533598944574,11.050999363707957,-31.005658804393356,15.61512456915674,-33.6818241664425,18.29128993120589,7.240290567497929,1.2,1.0,0.9711603692494822,0.0,0.0,0.001,19.5132999420166,6.487020015716553,1.0
70062.0,59.0,30.0,8.0,-19.83812349772463,-25.106910718812365,5.2687872210877345,-22.790290728174703,2.9521672304500726,-29.391165540357438,9.553042042632807,4.284254821545073,0.4,1.0,0.989672227613089,0.0,0.0,0.0010000000000000002,18.869300842285156,6.543019771575928,1.0
70659.0,60.0,30.0,8.0,-17.285818658243503,-20.044958457017366,2.7591397987738624,-16.531074735943033,-0.7547439223004702,-23.682737060162932,6.396918401919429,3.6377786031455663,0.4,1.0,0.9813593449911785,0.0,0.0,0.0009999999999999998,18.799299240112305,6.641019821166992,1.0
71851.0,61.0,30.0,8.0,-15.21269971845925,-30.878738885906515,15.666039167447265,-33.58485930260275,18.372159584143503,-34.51510455092443,19.30240483246518,3.6363656650179124,1.2,1.0,0.9699148269638219,0.0,0.0,0.001,18.63129997253418,6.837019920349121,1.0
72448.0,62.0,30.0,8.0,-15.966347125532065,-24.48257195313718,8.516224827605116,-26.988164843316348,11.021817717784282,-28.672369883103762,12.706022757571697,4.189797929966581,1.2,1.0,0.9747149943732238,0.0,0.0,0.001,18.56130027770996,6.9350199699401855,1.0
73938.0,63.0,30.0,8.0,-19.291098998262896,-32.51229422328039,13.221195225017496,-32.254742821449895,12.963643823186999,-33.35365986808133,14.062560869818434,0.8413656448009377,0.8,1.0,0.988270715845985,0.0,0.0,0.001,18.95330047607422,7.173019886016846,1.0
74236.0,64.0,30.0,8.0,-18.14640302260441,-31.865630844496657,13.719227821892247,-31.661865611432283,13.515462588827873,-33.049679579702826,14.903276557098415,1.1840487352061686,1.2,1.0,0.9847320335354423,0.0,0.0,0.001,19.5132999420166,7.215020179748535,1.0
77218.0,65.0,30.0,8.0,-22.08169691050161,-30.629514049503396,8.547817139001786,-25.947076475316283,3.865379564814674,-33.894379912590566,11.812683002088956,3.26486586308717,0.4,1.0,0.9938759317140904,0.0,0.0,0.0010000000000000002,19.121299743652344,7.705019950866699,1.0
78410.0,66.0,30.0,8.0,-18.69284867874878,-25.791899328445776,7.099050649696995,-24.244661027517985,5.551812348769204,-27.823589525376452,9.13074084662767,2.0316901969306755,0.4,1.0,0.9865548471885918,0.0,0.0,0.001,18.95330047607422,7.901020050048828,1.0
81988.0,67.0,30.0,8.0,-18.856789100599592,-16.728601540653067,-2.128187559946525,-13.659903238987702,-5.196885861611889,-21.345749316952464,2.488960216352872,4.617147776299397,0.2,1.0,0.9870605111643369,0.0,0.0,0.0010000000000000005,18.4773006439209,8.489020347595215,1.0
82584.0,68.0,30.0,8.0,-17.671306440661844,-25.145940738066848,7.474634297405004,-24.84155002086224,7.170243580200395,-25.39706856075083,7.725762120088987,0.2511278226839835,1.2,1.0,0.9829944082281628,0.0,0.0,0.0009999999999999998,18.393299102783203,8.587019920349121,1.0
83181.0,69.0,30.0,8.0,-21.048272600306106,-29.565991067237,8.517718466930894,-29.16463928586198,8.116366685555874,-29.592174472307903,8.543901872001797,0.026183405070902666,0.6,0.875,0.9921959297758108,0.5,0.0,0.0010000000000000002,19.527299880981445,8.671019554138184,1.0
84671.0,70.0,30.0,8.0,-19.769266682688958,-24.61698537863588,4.847718695946924,-23.15722999187659,3.387963309187633,-27.076615356618355,7.307348673929397,2.4596299779824733,0.4,1.0,0.9895369137850668,0.0,0.0,0.001,18.715299606323242,8.923020362854004,1.0
84970.0,71.0,30.0,8.0,-20.544464926285375,-30.214901597693647,9.670436671408272,-30.501764961028744,9.957300034743369,-32.15043706310156,11.605972136816188,1.9355354654079164,1.2,1.0,0.9912673256699516,0.0,0.0,0.001,19.2893009185791,8.965020179748535,1.0
85864.0,72.0,30.0,8.0,-18.829604523297107,-35.571950979373135,16.742346456076028,-33.38236570036227,14.552761177065165,-36.37297078707218,17.54336626377507,0.801019807699042,0.6,1.0,0.9869374343203953,0.0,0.0,0.001,18.56130027770996,9.119020462036133,1.0
87355.0,73.0,30.0,8.0,-19.77845192558454,-30.02484501045888,10.246393084874338,-30.411023663158105,10.632571737573564,-32.26332678667756,12.484874861093019,2.2384817762186806,1.2,1.0,0.9895207626377497,0.0,0.0,0.0009999999999999998,18.967300415039062,9.357020378112793,1.0
89143.0,74.0,30.0,8.0,-19.5999103621643,-33.31976275407588,13.71985239191158,-31.782581659667404,12.182671297503102,-36.57680458910705,16.976894226942747,3.257041835031167,0.4,0.875,0.9890966622187648,0.7071067811865476,0.3535533905932738,0.001,18.715299606323242,9.651020050048828,1.0
89740.0,75.0,30.0,8.0,-19.121079307314954,-29.6425501771237,10.521470869808745,-30.388267132611105,11.267187825296151,-31.980451863590925,12.859372556275972,2.3379016864672266,1.2,1.0,0.987818492919954,0.0,0.0,0.001,18.645299911499023,9.749019622802734,1.0
90336.0,76.0,30.0,8.0,-22.179653382381623,-32.1468964893539,9.967243106972276,-36.15522492828033,13.97557154589871,-36.45312153971804,14.273468157336417,4.306225050364141,1.2,0.875,0.994007609248662,0.8660254037844386,0.0,0.001,18.56130027770996,9.847020149230957,1.0
92423.0,77.0,30.0,8.0,-17.221205582050633,-23.387371622275896,6.166166040225264,-23.337137141631796,6.115931559581163,-23.868833988725164,6.6476284066745315,0.4814623664492679,1.2,1.0,0.9810938575008393,0.0,0.0,0.0010000000000000002,18.88330078125,10.182999610900879,1.0
93616.0,78.0,30.0,8.0,-19.263579096674,-24.131531261442785,4.867952164768784,-23.569724451557192,4.306145354883192,-25.05985261750533,5.796273520831331,0.928321356062547,0.4,1.0,0.9881829612699683,0.0,0.0,0.001,18.729299545288086,10.378999710083008,1.0
95106.0,79.0,30.0,8.0,-18.92036981009765,-33.55116767051049,14.630797860412837,-32.99002580623731,14.069655996139662,-34.494381389839795,15.574011579742145,0.9432137193293073,1.2,1.0,0.9872129545751819,0.0,0.0,0.0010000000000000002,19.121299743652344,10.616999626159668,1.0
95404.0,80.0,30.0,8.0,-19.35041515647113,-25.461153531791325,6.110738375320196,-24.219178256812643,4.868763100341514,-27.196217916146033,7.845802759674903,1.7350643843547076,0.4,1.0,0.9884393037225974,0.0,0.0,0.001,18.4773006439209,10.67300033569336,1.0
96597.0,81.0,30.0,8.0,-18.220102008641813,-32.07608191935624,13.855979910714428,-32.18817850515527,13.968076496513458,-33.53887384393141,15.3187718352896,1.4627919245751713,1.2,1.0,0.9850411200637548,0.0,0.0,0.001,19.527299880981445,10.854999542236328,1.0
96895.0,82.0,30.0,8.0,-19.716441289075156,-28.084907128374223,8.368465839299066,-25.848564203128145,6.132122914052989,-28.224404158531122,8.507962869455966,0.13949703015689963,0.6,1.0,0.9893588581132111,0.0,0.0,0.001,18.88330078125,10.91100025177002,1.0
98386.0,83.0,30.0,8.0,-20.86899928237926,-27.259078338573634,6.390079056194374,-26.412960959532814,5.543961677153554,-27.311728792932026,6.442729510552766,0.05265045435839255,0.6,1.0,0.9918516778547241,0.0,0.0,0.0009999999999999998,19.2893009185791,11.14900016784668,1.0
98982.0,84.0,30.0,8.0,-19.86779340463016,-16.707485026140002,-3.160308378490157,-14.31530331323785,-5.552490091392309,-23.345807211229705,3.478013806599545,6.638322185089702,0.2,1.0,0.9897507294856991,0.0,0.0,0.0010000000000000002,19.205299377441406,11.246999740600586,1.0
99877.0,85.0,30.0,8.0,-16.054520110130323,-24.29477160745754,8.240251497327218,-25.13284066730412,9.078320557173797,-25.996405875318047,9.941885765187724,1.7016342678605056,1.2,1.0,0.9752663446655102,0.0,0.0,0.001,18.491300582885742,11.401000022888184,1.0
105839.0,86.0,30.0,8.0,-17.518701185265307,-29.775137720140023,12.256436534874716,-25.943510609901036,8.424809424635729,-31.63787952163205,14.119178336366744,1.862741801492028,0.4,1.0,0.9823750126455073,0.0,0.0,0.0009999999999999998,18.88330078125,12.366999626159668,1.0
106137.0,87.0,30.0,8.0,-17.748739568299065,-31.21098111919948,13.462241550900416,-31.66691854085443,13.918178972555364,-33.18561192897902,15.436872360679956,1.9746308097795406,1.2,1.0,0.9832609127945758,0.0,0.0,0.001,19.443300247192383,12.409000396728516,1.0
107330.0,88.0,30.0,8.0,-17.202234522881724,-22.431632179897004,5.22939765701528,-22.926218559196492,5.723984036314768,-23.592395432792237,6.390160909910513,1.160763252895233,1.2,1.0,0.9810052897907312,0.0,0.0,0.0010000000000000002,19.2893009185791,12.604999542236328,1.0
107926.0,89.0,30.0,8.0,-16.528100320142315,-32.64548128899056,16.117380968848245,-32.57064312917362,16.042542809031303,-34.235961497273316,17.707861177131,1.5904802082827558,1.2,1.0,0.9777927369862244,0.0,0.0,0.0009999999999999998,19.205299377441406,12.70300006866455,1.0
108523.0,90.0,30.0,8.0,-18.451968541796425,-32.277456082716874,13.825487540920449,-31.98336640144848,13.531397859652056,-33.08386417325781,14.631895631461383,0.8064080905409341,1.2,1.0,0.9858300655425747,0.0,0.0,0.001,19.135299682617188,12.800999641418457,1.0
108821.0,91.0,30.0,8.0,-17.116301325727882,-40.239385290146075,23.123083964418193,-36.36309350106189,19.246792175334008,-39.512433188303646,22.396131862575764,-0.7269521018424285,0.6,1.0,0.9806483173385417,0.0,0.0,0.0009999999999999998,18.491300582885742,12.857000350952148,1.0
109119.0,92.0,30.0,8.0,-16.887820569833636,-35.21216816172322,18.324347591889584,-34.95022293064862,18.062402360814986,-35.67379568969576,18.785975119862123,0.4616275279725386,1.2,0.875,0.9796149800344892,0.7071067811865476,0.3535533905932738,0.001,19.051300048828125,12.89900016784668,1.0
110311.0,93.0,30.0,8.0,-17.45936667152553,-23.795349811227613,6.335983139702083,-23.169568643186558,5.710201971661029,-23.96713318178161,6.507766510256079,0.17178337055399595,0.4,1.0,0.9820918379329916,0.0,0.0,0.001,18.88330078125,13.095000267028809,1.0
111504.0,94.0,30.0,8.0,-16.24181188504842,-33.18757251716748,16.94576063211906,-33.51251133526513,17.27069945021671,-34.678871515315414,18.437059630266994,1.4912989981479328,1.2,1.0,0.9763039505932775,0.0,0.0,0.0009999999999999998,18.729299545288086,13.291000366210938,1.0
114187.0,95.0,30.0,8.0,-15.56423806543988,-35.466623330399955,19.902385264960074,-37.26503423043785,21.700796164997968,-37.84924527063663,22.28500720519675,2.3826219402366746,0.8,1.0,0.9722736398805512,0.0,0.0,0.0009999999999999998,18.967300415039062,13.725000381469727,1.0
116274.0,96.0,30.0,8.0,-16.512270149043434,-34.312364779058825,17.80009463001539,-33.076841346706836,16.5645711976634,-34.273161243427694,17.76089109438426,-0.0392035356311311,0.6,1.0,0.977717738648308,0.0,0.0,0.001,19.2893009185791,14.060999870300293,1.0
116572.0,97.0,30.0,8.0,-16.181357784976427,-36.75412300758444,20.572765222608012,-35.63194763590272,19.450589850926292,-37.17241937308381,20.991061588107385,0.41829636549937277,0.8,1.0,0.97598426411082,0.0,0.0,0.0009999999999999998,18.645299911499023,14.116999626159668,1.0
116871.0,98.0,30.0,8.0,-16.21680695722028,-37.11669450836164,20.899887551141358,-35.227209632456216,19.010402675235934,-36.54513262588749,20.32832566866721,-0.5715618824741497,0.8,1.0,0.9761802549280156,0.0,0.0,0.001,19.21929931640625,14.159000396728516,1.0
118063.0,99.0,30.0,8.0,-16.94259359928258,-35.850210928414455,18.907617329131874,-35.60953648439433,18.66694288511175,-36.19214660521421,19.24955300593163,0.341935676799757,1.2,1.0,0.9798348007283489,0.0,0.0,0.0009999999999999996,19.051300048828125,14.354999542236328,1.0
0.0,0.0,30.0,16.0,-21.21033748433141,-38.831926435146706,17.621588950815294,-39.92202735948438,18.71168987515297,-40.12768859906343,18.91735111473202,1.2957621639167272,1.2,1.0,0.9925155158325244,0.0,0.0,0.001,26.33989906311035,6.1804399490356445,0.6000000238418579
298.0,1.0,30.0,16.0,-18.283759226034103,-37.45500587185027,19.171246645816165,-38.682634821882466,20.398875595848363,-38.79584131454238,20.512082088508276,1.3408354426921107,1.2,0.9375,0.9852915182823804,0.7071067811865476,0.25,0.0009999999999999998,26.899900436401367,6.200439929962158,0.6000000238418579
596.0,2.0,30.0,16.0,-19.78346544742268,-39.217074079864275,19.433608632441594,-39.40464600360815,19.621180556185468,-39.54170707158974,19.75824162416706,0.32463299172546556,1.2,1.0,0.9896016177967115,0.0,0.0,0.0009999999999999998,27.45989990234375,6.220439910888672,0.6000000238418579
1192.0,3.0,30.0,16.0,-18.420341820757667,-37.84989269000696,19.429550869249294,-39.483511130772314,21.063169310014647,-39.55503107950556,21.134689258747894,1.7051383894986003,0.8,1.0,0.9856958697635939,0.0,0.0,0.0009999999999999998,27.36989974975586,6.270440101623535,0.6000000238418579
2683.0,4.0,30.0,16.0,-21.90145567355096,-28.804260593314254,6.902804919763295,-26.45242338339138,4.550967709840421,-29.855490366596193,7.954034693045234,1.0512297732819391,0.4,1.0,0.9936610335564469,0.0,0.0,0.001,26.54990005493164,6.400440216064453,0.6000000238418579
2981.0,5.0,30.0,16.0,-18.577934756872022,-38.225218748447666,19.647283991575645,-38.71923455201472,20.141299795142697,-39.03521447630902,20.457279719437,0.8099957278613559,0.8,1.0,0.9862440056448445,0.0,0.0,0.0009999999999999998,27.109899520874023,6.420440196990967,0.6000000238418579
3875.0,6.0,30.0,16.0,-19.048113007320495,-32.76487006506866,13.716757057748168,-36.64659417452362,17.598481167203126,-37.421415920340294,18.3733029130198,4.656545855271631,1.2,1.0,0.9876796754083679,0.0,0.0,0.001,26.36989974975586,6.5004401206970215,0.6000000238418579
4173.0,7.0,30.0,16.0,-19.60864239417984,-35.974606738907326,16.365964344727487,-38.406705778283396,18.798063384103557,-39.13276876623377,19.524126372053928,3.1581620273264406,1.2,0.9375,0.9891693260644079,0.7071067811865476,0.25,0.0010000000000000002,26.929899215698242,6.520440101623535,0.6000000238418579
4472.0,8.0,30.0,16.0,-18.10916554784853,-36.99244147427822,18.883275926429693,-38.48048047074286,20.37131492289433,-38.55371522457712,20.444549676728588,1.561273750298895,1.2,0.9375,0.9846968467007814,0.7071067811865476,0.25,0.001,27.499900817871094,6.540440082550049,0.6000000238418579
5366.0,9.0,30.0,16.0,-19.248590685970083,-37.063471413966774,17.81488072799669,-37.37667468658903,18.128084000618944,-37.64869310170607,18.40010241573599,0.5852216877392991,1.2,0.9375,0.9882596693924,0.3535533905932738,0.25,0.001,26.759899139404297,6.6204400062561035,0.6000000238418579
6260.0,10.0,30.0,16.0,-22.52842496767711,-34.58208592994812,12.05366096227101,-36.2554301483086,13.727005180631487,-36.86319854876159,14.334773581084477,2.2811126188134665,1.2,0.9375,0.9945690046728022,0.25,0.0,0.0010000000000000002,27.229900360107422,6.6904401779174805,0.6000000238418579
7453.0,11.0,30.0,16.0,-19.05458868558963,-38.82485455916484,19.770265873575212,-39.981085347533806,20.926496661944178,-40.28056624063561,21.22597755504598,1.455711681470767,1.2,1.0,0.987686747422683,0.0,0.0,0.001,27.059900283813477,6.790440082550049,0.6000000238418579
8646.0,12.0,30.0,16.0,-21.566837112880876,-33.27720614438318,11.710369031502303,-37.92353115345017,16.356694040569295,-39.02543677923896,17.458599666358083,5.74823063485578,1.2,0.9375,0.9931549271557015,0.0,0.25,0.0010000000000000002,26.88990020751953,6.890439987182617,0.6000000238418579
10434.0,13.0,30.0,16.0,-18.00226760228954,-36.932842805331006,18.930575203041467,-38.62382987719465,20.621562274905113,-38.69279678936109,20.69052918707155,1.7599539840300835,1.2,1.0,0.9842946308683056,0.0,0.0,0.001,26.61989974975586,7.040440082550049,0.6000000238418579
10733.0,14.0,30.0,16.0,-19.03611917336571,-37.8594074333901,18.823288260024395,-37.82010819853604,18.78398902517033,-38.02533322763276,18.98921405426705,0.16592579424265352,0.8,1.0,0.9876476422551754,0.0,0.0,0.0009999999999999998,27.189899444580078,7.0604400634765625,0.6000000238418579
11031.0,15.0,30.0,16.0,-21.134569336531538,-38.384992586195025,17.250423249663488,-37.7124354611824,16.577866124650864,-38.454989695592595,17.320420359061057,0.06999710939756909,0.6,1.0,0.9924397561661679,0.0,0.0,0.001,26.539899826049805,7.090439796447754,0.6000000238418579
12820.0,16.0,30.0,16.0,-18.506541759926233,-36.776766760631226,18.270225000704993,-37.28569334217921,18.779151582252975,-37.455437154032694,18.94889539410646,0.6786703934014682,1.2,1.0,0.98604407311876,0.0,0.0,0.001,27.489900588989258,7.230440139770508,0.6000000238418579
14608.0,17.0,30.0,16.0,-23.14380922005935,-35.0457481948781,11.901938974818751,-37.07641278526274,13.93260356520339,-37.1769889114172,14.033179691357848,2.1312407165390965,1.2,0.9375,0.9953077622404924,0.9682458365518543,0.0,0.0009999999999999998,27.219900131225586,7.3804402351379395,0.6000000238418579
16397.0,18.0,30.0,16.0,-19.175967769904535,-37.539734114611335,18.3637663447068,-39.55700225562524,20.381034485720708,-39.901465250146295,20.72549748024176,2.36173113553496,1.2,1.0,0.9880104262427878,0.0,0.0,0.0010000000000000002,26.95989990234375,7.530439853668213,0.6000000238418579
16695.0,19.0,30.0,16.0,-20.41562545948809,-39.32567333928869,18.9100478798006,-38.876238345779534,18.460612886291443,-39.1670511609193,18.75142570143121,-0.15862217836939152,0.8,1.0,0.9910343871025108,0.0,0.0,0.001,27.519899368286133,7.550439834594727,0.6000000238418579
16994.0,20.0,30.0,16.0,-21.104068879594067,-32.44370893378284,11.33964005418877,-33.31119811292065,12.207129233326583,-33.96758409491722,12.863515215323154,1.5238751611343844,1.2,1.0,0.9923753590761415,0.0,0.0,0.001,26.879899978637695,7.580440044403076,0.6000000238418579
17590.0,21.0,30.0,16.0,-20.138159465985588,-33.09239299358888,12.954233527603293,-38.948310103590096,18.810150637604508,-40.20410494049439,20.0659454745088,7.111711946905508,1.2,1.0,0.9904104747034467,0.0,0.0,0.001,26.789899826049805,7.6304402351379395,0.6000000238418579
18186.0,22.0,30.0,16.0,-19.652898471656354,-38.58396871990778,18.931070248251427,-38.56959551565153,18.916697043995175,-38.7252759827042,19.072377511047844,0.14130726279641692,1.2,1.0,0.9892953846728281,0.0,0.0,0.0009999999999999998,26.699899673461914,7.6804399490356445,0.6000000238418579
19080.0,23.0,30.0,16.0,-18.276803427734542,-38.00021290150152,19.723409473766978,-39.431360030630685,21.154556602896143,-39.73672631186456,21.459922884130016,1.7365134103630382,1.2,0.9375,0.9852813378150905,0.7071067811865476,0.0,0.001,27.16990089416504,7.7504401206970215,0.6000000238418579
20571.0,24.0,30.0,16.0,-19.056368052928686,-37.98636103158113,18.929992978652447,-38.162368489157416,19.10600043622873,-38.33675591752198,19.28038786459329,0.3503948859408439,1.2,1.0,0.9876891730859414,0.0,0.0,0.001,26.349899291992188,7.8804402351379395,0.6000000238418579
21167.0,25.0,30.0,16.0,-20.929755534844322,-38.0846721941213,17.15491665927698,-36.86340992286196,15.93365438801764,-38.05093676941151,17.121181234567185,-0.03373542470979629,0.6,1.0,0.9920753159570611,0.0,0.0,0.0009999999999999998,27.469900131225586,7.920440196990967,0.6000000238418579
23254.0,26.0,30.0,16.0,-20.286523385246518,-37.89127270329358,17.604749318047062,-38.09853262707125,17.812009241824732,-38.312754406202956,18.026231020956438,0.42148170290937514,1.2,1.0,0.9907660123903279,0.0,0.0,0.0010000000000000002,26.559900283813477,8.10044002532959,0.6000000238418579
23553.0,27.0,30.0,16.0,-21.303624990856314,-31.59257362860528,10.288948637748966,-29.212609249517747,7.908984258661434,-32.714448405207534,11.41082341435122,1.1218747766022545,0.4,0.9375,0.9927402071230297,0.9682458365518543,0.0,0.001,27.129899978637695,8.120439529418945,0.6000000238418579
23851.0,28.0,30.0,16.0,-19.454442148681284,-36.92465754212168,17.470215393440395,-37.75737887307089,18.302936724389607,-37.93020181499002,18.475759666308736,1.0055442728683417,1.2,0.9375,0.9888484818033538,0.6123724356957945,0.0,0.001,26.479900360107422,8.150440216064453,0.6000000238418579
25341.0,29.0,30.0,16.0,-20.398594294731247,-38.09380035069373,17.695206055962487,-38.4557109379763,18.057116643245053,-38.686508443731846,18.2879141490006,0.5927080930381123,1.2,0.9375,0.9910006322933848,0.7071067811865476,0.25,0.001,26.859899520874023,8.270440101623535,0.6000000238418579
25640.0,30.0,30.0,16.0,-19.214717064033195,-33.90908286049763,14.694365796464432,-39.302133775611765,20.08741671157857,-40.04727157091558,20.83255450688239,6.138188710417957,1.2,1.0,0.9880953446905851,0.0,0.0,0.001,27.429899215698242,8.29043960571289,0.6000000238418579
26832.0,31.0,30.0,16.0,-21.556935409048855,-36.869971368120986,15.313035959072131,-34.68229377041443,13.125358361365578,-37.013551833601774,15.45661642455292,0.14358046548078818,0.6,1.0,0.9931623000747525,0.0,0.0,0.0009999999999999998,27.249900817871094,8.390439987182617,0.6000000238418579
28025.0,32.0,30.0,16.0,-23.425177436968077,-34.49328874708248,11.068111310114404,-37.86353229864118,14.438354861673105,-38.481385693491006,15.056208256522929,3.9880969464085254,1.2,0.9375,0.9955998096900736,0.9013878188659973,0.0,0.0010000000000000002,27.07990074157715,8.490440368652344,0.6000000238418579
28919.0,33.0,30.0,16.0,-20.455451522680356,-36.33837321672248,15.882921694042125,-36.85302518240681,16.397573659726454,-37.02459330943756,16.569141786757207,0.6862200927150823,1.2,1.0,0.9911714309715224,0.0,0.0,0.0009999999999999998,26.33989906311035,8.570440292358398,0.6000000238418579
37863.0,34.0,30.0,16.0,-18.160940706993316,-36.43517638128515,18.274235674291837,-38.48663003686142,20.325689329868105,-38.48966888557794,20.328728178584626,2.0544925042927886,1.2,1.0,0.9848614737034573,0.0,0.0,0.0009999999999999998,27.449899673461914,9.300439834594727,0.6000000238418579
38460.0,35.0,30.0,16.0,-22.632389559468848,-34.11177919831569,11.47938963884684,-37.87322084106323,15.240831281594382,-38.67795063248228,16.04556107301343,4.566171434166591,1.2,1.0,0.994672355618525,0.0,0.0,0.0009999999999999998,27.36989974975586,9.35044002532959,0.6000000238418579
42335.0,36.0,30.0,16.0,-20.91227168998958,-35.616530718512145,14.704259028522564,-37.33137779874302,16.41910610875344,-37.98723958434437,17.074967894354792,2.3707088658322277,1.2,1.0,0.9920394956078433,0.0,0.0,0.0009999999999999998,27.399900436401367,9.670439720153809,0.6000000238418579
42932.0,37.0,30.0,16.0,-20.878385298904767,-37.56820321086633,16.689817911961562,-38.5289034416424,17.65051814273763,-39.06381267002794,18.185427371123176,1.4956094591616136,1.2,0.9375,0.9919524577169536,0.9013878188659973,0.0,0.001,27.319900512695312,9.720439910888672,0.6000000238418579
43230.0,38.0,30.0,16.0,-18.84536954381515,-39.65976780891994,20.81439826510479,-39.70136471570798,20.855995171892832,-40.039137472167624,21.193767928352475,0.3793696632476866,0.8,1.0,0.9870335950050413,0.0,0.0,0.0010000000000000002,26.66990089416504,9.750439643859863,0.6000000238418579
48000.0,39.0,30.0,16.0,-19.1275296840591,-35.53536313019455,16.40783344613545,-37.30194879381311,18.174419109754012,-37.72833429091553,18.60080460685643,2.1929711607209796,1.2,1.0,0.9879247954254068,0.0,0.0,0.0010000000000000005,27.179899215698242,10.140399932861328,0.6000000238418579
53068.0,40.0,30.0,16.0,-19.644860185572664,-38.867783347675086,19.222923162102422,-39.768379659983935,20.12351947441127,-39.937330911278565,20.2924707257059,1.0695475636034786,1.2,1.0,0.9892370811219532,0.0,0.0,0.001,27.039899826049805,10.560400009155273,0.6000000238418579
54559.0,41.0,30.0,16.0,-26.006217070184483,-35.56269008535601,9.556473015171527,-37.638985034970474,11.632767964785991,-38.00536757349833,11.99915050331385,2.4426774881423228,1.2,0.9375,0.9976716902122114,0.5,0.0,0.001,27.429899215698242,10.680399894714355,0.6000000238418579
55454.0,42.0,30.0,16.0,-18.822730972897727,-36.22190812325958,17.399177150361854,-37.136121170187984,18.313390197290257,-37.23061460049033,18.4078836275926,1.0087064772307457,1.2,1.0,0.9870436084281878,0.0,0.0,0.0009999999999999998,26.699899673461914,10.76039981842041,0.6000000238418579
57242.0,43.0,30.0,16.0,-21.412832744839697,-35.978639179019034,14.565806434179336,-37.17048775266455,15.757655007824852,-38.68674144416672,17.273908699327023,2.708102265147687,0.8,1.0,0.9928948752835715,0.0,0.0,0.001,26.429899215698242,10.910400390625,0.6000000238418579
57839.0,44.0,30.0,16.0,-19.808435307779913,-36.934780041001815,17.126344733221902,-37.377626045338005,17.569190737558092,-37.64544688751903,17.837011579739116,0.7106668465172135,1.2,0.9375,0.9897171968585454,0.7071067811865476,0.25,0.001,26.349899291992188,10.960399627685547,0.6000000238418579
58733.0,45.0,30.0,16.0,-22.29883930472449,-35.24030805159287,12.941468746868381,-33.400202782529206,11.101363477804718,-35.54418148201264,13.245342177288151,0.30387343041977033,0.8,1.0,0.994305393073452,0.0,0.0,0.001,26.819900512695312,11.030400276184082,0.6000000238418579
60522.0,46.0,30.0,16.0,-21.075369682326937,-33.86529488426519,12.789925201938253,-36.35195283517608,15.276583152849142,-36.35690050481856,15.281530822491625,2.491605620553372,1.2,0.9375,0.9923218044165343,0.9354143466934853,0.0,0.001,26.559900283813477,11.180399894714355,0.6000000238418579
60820.0,47.0,30.0,16.0,-20.02729743679972,-39.04653148114616,19.01923404434644,-38.987739932936215,18.960442496136494,-39.271798296862336,19.244500860062615,0.22526681571617502,1.2,1.0,0.990165862991611,0.0,0.0,0.001,27.11989974975586,11.200400352478027,0.6000000238418579
61416.0,48.0,30.0,16.0,-21.479249344781838,-32.99693991890963,11.517690574127794,-36.29869389755716,14.81944455277532,-36.85752877359012,15.37827942880828,3.8605888546804863,1.2,1.0,0.9931079213224788,0.0,0.0,0.001,27.02989959716797,11.250399589538574,0.6000000238418579
63205.0,49.0,30.0,16.0,-20.56800986521351,-37.01471615339231,16.446706288178795,-38.43273126662255,17.864721401409035,-38.88728134926849,18.31927148405498,1.8725651958761844,1.2,1.0,0.991336929186388,0.0,0.0,0.001,26.769899368286133,11.400400161743164,0.6000000238418579
63503.0,50.0,30.0,16.0,-20.73424205281821,-41.04171526154802,20.30747320872981,-40.71609128147348,19.98184922865527,-41.03467184113455,20.300429788316343,-0.007043420413467061,0.8,0.9375,0.9916451852795071,0.7071067811865476,0.25,0.0009999999999999998,27.32990074157715,11.42039966583252,0.6000000238418579
64398.0,51.0,30.0,16.0,-19.928149318001594,-34.162619197673074,14.23446987967148,-36.07786297907636,16.149713661074763,-36.92011613969083,16.99196682168924,2.7574969420177595,1.2,1.0,0.9899591151105515,0.0,0.0,0.0010000000000000002,26.599899291992188,11.500399589538574,0.6000000238418579
65590.0,52.0,30.0,16.0,-20.86195568932932,-38.36441176382676,17.502456074497438,-38.629241923854465,17.767286234525145,-38.89970461571124,18.037748926381916,0.5352928518844777,1.2,1.0,0.9919156673797973,0.0,0.0,0.001,26.41990089416504,11.6003999710083,0.6000000238418579
65889.0,53.0,30.0,16.0,-19.41061251383793,-38.722423474429604,19.311810960591675,-38.54631352850349,19.13570101466556,-38.894750776019634,19.484138262181705,0.1723273015900304,0.8,1.0,0.9886653485870691,0.0,0.0,0.0010000000000000002,26.989900588989258,11.620400428771973,0.6000000238418579
66783.0,54.0,30.0,16.0,-19.123002484902656,-36.22998489079101,17.106982405888353,-37.51614485352259,18.393142368619934,-38.10907284764839,18.986070362745735,1.8790879568573828,1.2,1.0,0.9878717075336741,0.0,0.0,0.001,18.715299606323242,6.011020183563232,1.0
67081.0,55.0,30.0,16.0,-21.008675045424276,-35.775898189488224,14.767223144063948,-36.83380328126954,15.825128235845263,-37.735620767113815,16.72694572168954,1.959722577625591,1.2,1.0,0.9922379464461326,0.0,0.0,0.0009999999999999998,19.275299072265625,6.053020000457764,1.0
69168.0,56.0,30.0,16.0,-16.600268696870522,-30.04916481632258,13.448896119452058,-34.50046007087447,17.900191374003946,-36.17375685869263,19.573488161822105,6.124592042370047,1.2,0.9375,0.978282658552711,0.7071067811865476,0.25,0.0010000000000000002,18.393299102783203,6.403019905090332,1.0
69466.0,57.0,30.0,16.0,-20.337125511671694,-30.42820276866696,10.091077256995266,-31.437396537233177,11.100271025561483,-33.0280187808865,12.690893269214804,2.599816012219538,1.2,0.9375,0.990882228058656,1.0,0.0,0.001,18.95330047607422,6.4450201988220215,1.0
69764.0,58.0,30.0,16.0,-18.39190562841896,-31.35660477644922,12.96469914803026,-35.908330667080314,17.516425038661353,-37.46887467831695,19.07696904989799,6.11226990186773,1.2,0.9375,0.9856350295992304,0.7071067811865476,0.25,0.001,19.5132999420166,6.487020015716553,1.0
70062.0,59.0,30.0,16.0,-22.988041069414955,-29.49010598606317,6.502064916648216,-29.488037683371843,6.499996613956888,-32.030727938108676,9.042686868693721,2.5406219520455053,0.4,1.0,0.99508091964306,0.0,0.0,0.0010000000000000002,18.869300842285156,6.543019771575928,1.0
70659.0,60.0,30.0,16.0,-20.35683357503992,-32.27173953786344,11.914905962823518,-32.814431262526796,12.457597687486874,-34.04918547790259,13.692351902862669,1.7774459400391507,1.2,0.9375,0.990899177082207,0.9013878188659973,0.0,0.0009999999999999998,18.799299240112305,6.641019821166992,1.0
71851.0,61.0,30.0,16.0,-18.22133571472889,-34.03180429439409,15.810468579665201,-36.52279913447433,18.301463419745442,-37.32447117011349,19.1031354553846,3.292666875719398,1.2,1.0,0.9850421974279778,0.0,0.0,0.001,18.63129997253418,6.837019920349121,1.0
72448.0,62.0,30.0,16.0,-18.932669438218173,-30.941590330810264,12.00892089259209,-35.85172766702708,16.919058228808904,-38.02455627285128,19.091886834633105,7.082965942041014,1.2,1.0,0.987307865643047,0.0,0.0,0.001,18.56130027770996,6.9350199699401855,1.0
73938.0,63.0,30.0,16.0,-22.170815036340432,-35.20968931269073,13.038874276350295,-36.97207833443585,14.801263298095417,-37.25582824497508,15.085013208634646,2.04613893228435,1.2,0.9375,0.9940784242035395,0.25,0.0,0.001,18.95330047607422,7.173019886016846,1.0
74236.0,64.0,30.0,16.0,-21.076046270784037,-36.0340228403732,14.95797656958916,-36.993589552078,15.917543281293963,-37.81704966431373,16.74100339352969,1.7830268239405314,1.2,0.9375,0.9923386904416343,0.7905694150420949,0.0,0.001,19.5132999420166,7.215020179748535,1.0
77218.0,65.0,30.0,16.0,-25.029199385622412,-35.572411337449964,10.543211951827551,-34.371453515781326,9.342254130158913,-36.06614254957991,11.036943163957496,0.4937312121299442,0.4,0.9375,0.9969927616799885,1.0897247358851685,0.0,0.0010000000000000002,19.121299743652344,7.705019950866699,1.0
78410.0,66.0,30.0,16.0,-21.685841257333905,-29.801313588459454,8.115472331125549,-30.79297388654505,9.107132629211144,-32.21116266520254,10.525321407868631,2.4098490767430825,1.2,0.9375,0.9933951041937277,0.5590169943749475,0.25,0.001,18.95330047607422,7.901020050048828,1.0
81988.0,67.0,30.0,16.0,-22.361373732310742,-25.716964709305547,3.3555909769948045,-24.608619345664412,2.2472456133536696,-27.904234369791,5.542860637480256,2.187269660485452,0.2,0.9375,0.9943231511878122,0.25,0.0,0.0010000000000000005,18.4773006439209,8.489020347595215,1.0
82584.0,68.0,30.0,16.0,-20.918517772060873,-25.119378047223012,4.200860275162139,-24.835529112418286,3.917011340357412,-25.603023651403923,4.68450587934305,0.48364560418091074,0.4,0.9375,0.992022073531796,0.25,0.0,0.0009999999999999998,18.393299102783203,8.587019920349121,1.0
83181.0,69.0,30.0,16.0,-24.122856965429488,-34.99785348984989,10.8749965244204,-35.28118310728077,11.15832614185128,-35.28118310728077,11.15832614185128,0.2833296174308799,1.0,0.9375,0.996272046591487,0.5,0.0,0.0010000000000000002,19.527299880981445,8.671019554138184,1.0
84671.0,70.0,30.0,16.0,-22.82747155055169,-31.41084742070053,8.583375870148842,-32.93194694342301,10.104475392871318,-34.41116892998992,11.583697379438231,3.000321509289389,1.2,1.0,0.99493348894921,0.0,0.0,0.001,18.715299606323242,8.923020362854004,1.0
84970.0,71.0,30.0,16.0,-23.538252729651845,-34.0476948830137,10.509442153361853,-35.41012159108619,11.871868861434344,-36.584532241399494,13.046279511747649,2.536837358385796,1.2,1.0,0.9957170166671463,0.0,0.0,0.001,19.2893009185791,8.965020179748535,1.0
85864.0,72.0,30.0,16.0,-21.715132498062136,-38.42508917954306,16.70995668148092,-38.63339970251664,16.918267204454505,-39.457376699776866,17.74224420171473,1.0322875202338082,1.2,0.9375,0.9933613438264765,0.25,0.25,0.001,18.56130027770996,9.119020462036133,1.0
87355.0,73.0,30.0,16.0,-22.765681939958565,-35.566018579060035,12.80033663910147,-36.73822518589435,13.972543245935785,-37.603490790613556,14.83780885065499,2.0374722115535207,1.2,1.0,0.9948387144773685,0.0,0.0,0.0009999999999999998,18.967300415039062,9.357020378112793,1.0
89143.0,74.0,30.0,16.0,-22.580179186009378,-36.49220135758325,13.91202217157387,-36.801395944491645,14.221216758482267,-37.56278115456307,14.982601968553691,1.0705797969798212,1.2,0.9375,0.9946139319287696,0.0,0.25,0.001,18.715299606323242,9.651020050048828,1.0
89740.0,75.0,30.0,16.0,-22.06843796580511,-35.42934312447265,13.360905158667542,-37.23336583041308,15.164927864607968,-38.62298020254476,16.55454223673965,3.1936370780721077,1.2,0.9375,0.9938898906659839,0.7905694150420949,0.0,0.001,18.645299911499023,9.749019622802734,1.0
90336.0,76.0,30.0,16.0,-24.721197416895514,-35.11579917051239,10.394601753616875,-37.25536112298134,12.534163706085828,-37.48907384873705,12.767876431841536,2.3732746782246608,1.2,0.9375,0.9967829737248084,0.25,0.0,0.001,18.56130027770996,9.847020149230957,1.0
92423.0,77.0,30.0,16.0,-20.1959726699518,-31.994858488196858,11.798885818245058,-34.97837565213716,14.78240298218536,-36.85822202117769,16.66224935122589,4.863363532980831,1.2,0.875,0.9905320309255119,1.0,0.0,0.0010000000000000002,18.88330078125,10.182999610900879,1.0
93616.0,78.0,30.0,16.0,-22.489173106020488,-25.994778608832647,3.505605502812159,-25.836746554273994,3.347573448253506,-27.103343934416493,4.614170828396006,1.1085653255838466,0.4,1.0,0.9944291689062646,0.0,0.0,0.001,18.729299545288086,10.378999710083008,1.0
95106.0,79.0,30.0,16.0,-21.95261648477377,-36.494897975551304,14.542281490777533,-37.37244399984058,15.419827515066807,-38.086155541159336,16.133539056385565,1.591257565608032,1.2,1.0,0.9937514170182441,0.0,0.0,0.0010000000000000002,19.121299743652344,10.616999626159668,1.0
95404.0,80.0,30.0,16.0,-22.30728314504937,-34.04275410696675,11.735470961917375,-36.092344441987734,13.785061296938363,-37.38912729865292,15.081844153603551,3.346373191686176,1.2,0.9375,0.9942477388969415,0.4330127018922193,0.25,0.001,18.4773006439209,10.67300033569336,1.0
96597.0,81.0,30.0,16.0,-21.21423532191582,-35.75725799862642,14.543022676710603,-36.798623492956494,15.584388171040676,-37.47530965474249,16.26107433282667,1.7180516561160672,1.2,0.9375,0.9925999544042109,0.75,0.0,0.001,19.527299880981445,10.854999542236328,1.0
96895.0,82.0,30.0,16.0,-22.948161582286424,-35.04186827199271,12.093706689706288,-33.915081602791595,10.966920020505171,-35.031422056839155,12.08326047455273,-0.010446215153557148,0.6,0.9375,0.9950429745111661,1.0307764064044151,0.0,0.001,18.88330078125,10.91100025177002,1.0
98386.0,83.0,30.0,16.0,-23.725219699594113,-33.46213270485342,9.736913005259304,-34.740196333622585,11.014976634028471,-34.740196333622585,11.014976634028471,1.2780636287691678,1.0,0.9375,0.9958715459511596,0.7071067811865476,0.25,0.0009999999999999998,19.2893009185791,11.14900016784668,1.0
98982.0,84.0,30.0,16.0,-22.965411072310552,-29.74037526623836,6.774964193927808,-31.18004377791618,8.214632705605627,-32.945573053762935,9.980161981452383,3.2051977875245754,1.2,0.9375,0.9950532223382627,0.9013878188659973,0.0,0.0010000000000000002,19.205299377441406,11.246999740600586,1.0
99877.0,85.0,30.0,16.0,-19.055713363701255,-30.925370615895282,11.869657252194028,-34.10492241518885,15.049209051487598,-35.192698426098794,16.13698506239754,4.267327810203511,1.2,1.0,0.9877006977976861,0.0,0.0,0.001,18.491300582885742,11.401000022888184,1.0
105839.0,86.0,30.0,16.0,-20.565189704802556,-36.27274616919965,15.707556464397094,-36.359553318819415,15.79436361401686,-37.1330166573387,16.567826952536144,0.8602704881390508,1.2,0.9375,0.9913565702946011,0.4330127018922193,0.25,0.0009999999999999998,18.88330078125,12.366999626159668,1.0
106137.0,87.0,30.0,16.0,-20.844811609484474,-35.038670373310175,14.193858763825702,-36.23763670776304,15.392825098278564,-37.20728591443389,16.362474304949416,2.168615541123714,1.2,1.0,0.9918800868746774,0.0,0.0,0.001,19.443300247192383,12.409000396728516,1.0
107330.0,88.0,30.0,16.0,-20.19306336808716,-24.435876980695035,4.2428136126078755,-25.493670647282606,5.300607279195447,-26.59049714730228,6.39743377921512,2.154620166607245,1.2,0.9375,0.9905319600651186,0.9013878188659973,0.0,0.0010000000000000002,19.2893009185791,12.604999542236328,1.0
107926.0,89.0,30.0,16.0,-19.615129467887442,-37.5294363774946,17.914306909607156,-38.691487816936096,19.076358349048654,-39.652525810550095,20.037396342662653,2.1230894330554975,1.2,1.0,0.9891318527360122,0.0,0.0,0.0009999999999999998,19.205299377441406,12.70300006866455,1.0
108523.0,90.0,30.0,16.0,-21.370650648207583,-36.117107969659735,14.746457321452151,-36.38223246428322,15.011581816075637,-36.75557331867068,15.384922670463094,0.6384653490109429,1.2,1.0,0.9928777269882255,0.0,0.0,0.001,19.135299682617188,12.800999641418457,1.0
108821.0,91.0,30.0,16.0,-20.154520622014132,-38.70388442875637,18.549363806742235,-38.42590157544408,18.271380953429947,-38.6868799442266,18.532359322212464,-0.01700448452977099,1.2,0.9375,0.990480305639722,0.7071067811865476,0.25,0.0009999999999999998,18.491300582885742,12.857000350952148,1.0
109119.0,92.0,30.0,16.0,-19.877705521086682,-35.4750302322594,15.597324711172718,-35.89008562702274,16.01238010593606,-36.37016528885131,16.49245976776463,0.8951350565919114,1.2,0.9375,0.9899429932048043,0.7071067811865476,0.25,0.001,19.051300048828125,12.89900016784668,1.0
110311.0,93.0,30.0,16.0,-20.411927431146083,-30.814338375766553,10.40241094462047,-33.26538299338524,12.853455562239155,-34.98416172493042,14.57223429378434,4.16982334916387,1.2,0.9375,0.9910132447867956,0.8660254037844386,0.0,0.001,18.88330078125,13.095000267028809,1.0
111504.0,94.0,30.0,16.0,-19.24058901625666,-36.7905353000776,17.54994628382094,-37.85695925848255,18.616370242225887,-38.63325482417873,19.392665807922068,1.8427195241011276,1.2,1.0,0.9882023886040691,0.0,0.0,0.0009999999999999998,18.729299545288086,13.291000366210938,1.0
114187.0,95.0,30.0,16.0,-18.586295043794664,-35.68628778277,17.099992738975338,-36.61626364843758,18.029968604642917,-37.0146656167332,18.428370572938533,1.328377833963195,0.8,1.0,0.9862763465731572,0.0,0.0,0.0009999999999999998,18.967300415039062,13.725000381469727,1.0
116274.0,96.0,30.0,16.0,-19.468813684218226,-37.9558235683387,18.487009884120475,-38.26585104150439,18.797037357286165,-38.69539222410093,19.226578539882702,0.739568655762227,1.2,0.9375,0.9887667842248441,0.7071067811865476,0.25,0.001,19.2893009185791,14.060999870300293,1.0
116572.0,97.0,30.0,16.0,-19.112992798786628,-38.06872655398636,18.95573375519973,-38.1367776208079,19.02378482202127,-38.423290651672986,19.310297852886357,0.35456409768662667,0.8,0.9375,0.9878736023997977,0.75,0.0,0.0009999999999999998,18.645299911499023,14.116999626159668,1.0
116871.0,98.0,30.0,16.0,-19.177609963034932,-37.68156450873744,18.503954545702506,-37.75904346736641,18.58143350433148,-38.117009924552704,18.939399961517772,0.4354454158152663,0.8,1.0,0.9880520538272357,0.0,0.0,0.001,19.21929931640625,14.159000396728516,1.0
118063.0,99.0,30.0,16.0,-19.80414019686489,-38.086021745767255,18.281881548902366,-38.03495464442085,18.23081444755596,-38.19220125526458,18.38806105839969,0.10617950949732347,1.2,0.9375,0.9896552758710271,0.75,0.0,0.0009999999999999996,19.051300048828125,14.354999542236328,1.0
