seed,snr_db,n_targets,sample_index,method,measurement_nmse_db,per_component_half_bin_hit,gate_pass,ls_skipped,projection_delta,minimum_zeta,clipping_rate,fft_support_ms,local_update_ms,grid_path_ms,candan_ls_ms,gate_decision_ms,wall_clock_ms
20260630,0.0,2,0,axiswise_candan_joint_ls,-13.374249306732008,0.5,1,0,nan,0.858874412919526,0.16666666666666666,1.9374,1.7765,0.0,3.7966,0.0,7.5105
20260630,0.0,2,0,legacy_explicit_residual_gate,-13.374249306732008,0.5,1,0,nan,0.858874412919526,0.16666666666666666,1.9352,1.7265,3.7097,3.6721,0.6287,11.786999999999999
20260630,0.0,2,0,projection_energy_gate,-13.374249306732008,0.5,1,0,0.05350708778718402,0.858874412919526,0.16666666666666666,1.8382,1.6914,0.0,3.6524,0.0659,7.2479000000000005
20260630,0.0,2,0,stage1_projection_energy_gate,-13.374249306732008,0.5,1,0,0.05350708778718402,0.858874412919526,0.16666666666666666,1.9415,1.7717,0.0,3.7162,0.0829,7.698200000000001
20260630,0.0,2,1,legacy_explicit_residual_gate,-39.39122891414939,1.0,1,0,nan,0.8187591322779357,0.0,1.9878,1.7077,3.8203,3.683,0.667,11.8547
20260630,0.0,2,1,projection_energy_gate,-39.39122891414939,1.0,1,0,0.11531342033838721,0.8187591322779357,0.0,1.8474,1.7204,0.0,3.7139,0.0699,7.3292
20260630,0.0,2,1,stage1_projection_energy_gate,-39.39122891414939,1.0,1,0,0.11531342033838721,0.8187591322779357,0.0,1.8466,1.7094,0.0,3.6496,0.0642,7.3155
20260630,0.0,2,1,axiswise_candan_joint_ls,-39.39122891414939,1.0,1,0,nan,0.8187591322779357,0.0,1.8809,1.8787,0.0,3.8466,0.0,7.685
20260630,0.0,2,2,projection_energy_gate,-35.062389652699196,1.0,1,0,0.2212798230641545,0.8173097803827719,0.0,1.8511,1.7201,0.0,3.7095,0.0665,7.392299999999999
20260630,0.0,2,2,stage1_projection_energy_gate,-35.062389652699196,1.0,1,0,0.2212798230641545,0.8173097803827719,0.0,1.8223,1.7782,0.0,3.8805,0.1246,7.6056
20260630,0.0,2,2,axiswise_candan_joint_ls,-35.062389652699196,1.0,1,0,nan,0.8173097803827719,0.0,1.8453,1.73,0.0,3.8403,0.0,7.3965
20260630,0.0,2,2,legacy_explicit_residual_gate,-35.062389652699196,1.0,1,0,nan,0.8173097803827719,0.0,1.9469,1.8042,3.8085,3.7691,0.7889,13.2504
20260630,0.0,2,3,stage1_projection_energy_gate,-38.3799226183456,1.0,1,0,0.2158922123910625,0.8314895923675867,0.0,1.9993,1.8655,0.0,3.7935,0.1374,7.7086
20260630,0.0,2,3,axiswise_candan_joint_ls,-38.3799226183456,1.0,1,0,nan,0.8314895923675867,0.0,1.8208,1.7188,0.0,3.6581,0.0,7.234
20260630,0.0,2,3,legacy_explicit_residual_gate,-38.3799226183456,1.0,1,0,nan,0.8314895923675867,0.0,1.8481,1.7199,3.6638,3.6925,0.6208,11.639700000000001
20260630,0.0,2,3,projection_energy_gate,-38.3799226183456,1.0,1,0,0.2158922123910625,0.8314895923675867,0.0,1.8765,1.7705,0.0,3.8458,0.1023,7.5701
20260630,0.0,2,4,axiswise_candan_joint_ls,-39.526819952650094,1.0,1,0,nan,0.8252867000916818,0.0,2.0478,1.9739,0.0,3.8457,0.0,16.0508
20260630,0.0,2,4,legacy_explicit_residual_gate,-39.526819952650094,1.0,1,0,nan,0.8252867000916818,0.0,1.888,1.6921,3.5991,3.7003,0.6577,11.8694
20260630,0.0,2,4,projection_energy_gate,-39.526819952650094,1.0,1,0,0.07462980554648604,0.8252867000916818,0.0,1.9979,1.9109,0.0,3.8494,0.1042,7.8624
20260630,0.0,2,4,stage1_projection_energy_gate,-39.526819952650094,1.0,1,0,0.07462980554648604,0.8252867000916818,0.0,1.8973,1.7729,0.0,3.724,0.084,7.473599999999999
20260630,0.0,2,5,legacy_explicit_residual_gate,-37.8250790148694,1.0,1,0,nan,0.8329857886249323,0.0,1.8876,1.6928,3.572,3.563,0.6092,11.3184
20260630,0.0,2,5,projection_energy_gate,-37.8250790148694,1.0,1,0,0.1870130765384914,0.8329857886249323,0.0,1.8227,1.6794,0.0,3.6472,0.065,7.217700000000001
20260630,0.0,2,5,stage1_projection_energy_gate,-37.8250790148694,1.0,1,0,0.1870130765384914,0.8329857886249323,0.0,1.8122,1.6799,0.0,3.6224,0.0682,7.1828
20260630,0.0,2,5,axiswise_candan_joint_ls,-37.8250790148694,1.0,1,0,nan,0.8329857886249323,0.0,1.8072,1.6592,0.0,3.5546,0.0,7.0298
20260630,0.0,2,6,projection_energy_gate,-33.76049128358729,1.0,1,0,0.09959687356661863,0.8123483660601378,0.0,1.8431,1.7617,0.0,3.6477,0.0836,7.3602
20260630,0.0,2,6,stage1_projection_energy_gate,-33.76049128358729,1.0,1,0,0.09959687356661863,0.8123483660601378,0.0,1.8972,1.7726,0.0,3.7294,0.0888,7.4911
20260630,0.0,2,6,axiswise_candan_joint_ls,-33.76049128358729,1.0,1,0,nan,0.8123483660601378,0.0,1.834,1.7242,0.0,3.6412,0.0,7.24
20260630,0.0,2,6,legacy_explicit_residual_gate,-33.76049128358729,1.0,1,0,nan,0.8123483660601378,0.0,1.8472,1.6893,3.5594,3.6346,0.6462,11.385100000000001
20260630,0.0,2,7,stage1_projection_energy_gate,-36.72124758892087,1.0,1,0,0.21820700860381376,0.8285790402905074,0.0,1.7704,1.7284,0.0,3.7069,0.1,7.2875
20260630,0.0,2,7,axiswise_candan_joint_ls,-36.72124758892087,1.0,1,0,nan,0.8285790402905074,0.0,1.7553,1.6847,0.0,3.6053,0.0,7.114000000000001
20260630,0.0,2,7,legacy_explicit_residual_gate,-36.72124758892087,1.0,1,0,nan,0.8285790402905074,0.0,1.8862,1.7041,3.7451,3.7689,0.6256,12.066199999999998
20260630,0.0,2,7,projection_energy_gate,-36.72124758892087,1.0,1,0,0.21820700860381376,0.8285790402905074,0.0,2.0055,1.816,0.0,3.7631,0.103,7.7586
20260630,0.0,2,8,axiswise_candan_joint_ls,-38.78615974776649,1.0,1,0,nan,0.8215253717020105,0.0,1.9079,1.8021,0.0,3.9977,0.0,7.6739
20260630,0.0,2,8,legacy_explicit_residual_gate,-38.78615974776649,1.0,1,0,nan,0.8215253717020105,0.0,1.9921,1.8285,3.8151,3.9615,0.7026,12.341
20260630,0.0,2,8,projection_energy_gate,-38.78615974776649,1.0,1,0,0.17589542810445438,0.8215253717020105,0.0,1.996,1.8954,0.0,4.1371,0.0969,8.0823
20260630,0.0,2,8,stage1_projection_energy_gate,-38.78615974776649,1.0,1,0,0.17589542810445438,0.8215253717020105,0.0,1.856,1.8176,0.0,3.8948,0.0944,7.6462
20260630,0.0,2,9,legacy_explicit_residual_gate,-39.506067043931296,1.0,1,0,nan,0.8275941498221083,0.0,1.8879,1.7008,3.6369,3.6889,0.6253,11.546100000000001
20260630,0.0,2,9,projection_energy_gate,-39.506067043931296,1.0,1,0,0.1688222642728129,0.8275941498221083,0.0,1.8549,1.7662,0.0,3.7022,0.0849,7.519800000000001
20260630,0.0,2,9,stage1_projection_energy_gate,-39.506067043931296,1.0,1,0,0.1688222642728129,0.8275941498221083,0.0,1.937,1.7864,0.0,3.6837,0.0898,7.5194
20260630,0.0,2,9,axiswise_candan_joint_ls,-39.506067043931296,1.0,1,0,nan,0.8275941498221083,0.0,1.8245,1.7441,0.0,3.7063,0.0,7.206300000000001
20260630,0.0,2,10,projection_energy_gate,-40.562485838539494,1.0,1,0,0.14107212084592485,0.8158146444458783,0.0,1.8518,1.8195,0.0,3.7442,0.1105,7.5802000000000005
20260630,0.0,2,10,stage1_projection_energy_gate,-40.562485838539494,1.0,1,0,0.14107212084592485,0.8158146444458783,0.0,1.8366,1.8261,0.0,3.8411,0.1159,7.5157
20260630,0.0,2,10,axiswise_candan_joint_ls,-40.562485838539494,1.0,1,0,nan,0.8158146444458783,0.0,1.8569,1.8402,0.0,3.7682,0.0,7.4653
20260630,0.0,2,10,legacy_explicit_residual_gate,-40.562485838539494,1.0,1,0,nan,0.8158146444458783,0.0,1.9248,1.7154,3.6114,3.5395,0.62,11.415
20260630,0.0,2,11,stage1_projection_energy_gate,-41.05582383731631,1.0,1,0,0.10164639783598124,0.8520013449037936,0.0,1.8071,1.6681,0.0,3.6956,0.1052,7.4163
20260630,0.0,2,11,axiswise_candan_joint_ls,-41.05582383731631,1.0,1,0,nan,0.8520013449037936,0.0,1.8097,1.6606,0.0,3.7423,0.0,7.3704
20260630,0.0,2,11,legacy_explicit_residual_gate,-41.05582383731631,1.0,1,0,nan,0.8520013449037936,0.0,1.8978,1.7621,3.6804,3.5309,0.6479,11.7963
20260630,0.0,2,11,projection_energy_gate,-41.05582383731631,1.0,1,0,0.10164639783598124,0.8520013449037936,0.0,1.8196,1.7065,0.0,3.6382,0.0659,7.2499
20260630,0.0,2,12,axiswise_candan_joint_ls,-9.363254574709295,0.5,1,0,nan,0.8127177991264423,0.16666666666666666,1.7752,1.7881,0.0,3.6888,0.0,7.2521
20260630,0.0,2,12,legacy_explicit_residual_gate,-9.363254574709295,0.5,1,0,nan,0.8127177991264423,0.16666666666666666,1.8857,1.7506,3.7693,4.0109,0.7434,12.2989
20260630,0.0,2,12,projection_energy_gate,-9.363254574709295,0.5,1,0,0.0868967330888635,0.8127177991264423,0.16666666666666666,1.8967,2.013,0.0,3.966,0.1201,8.1306
20260630,0.0,2,12,stage1_projection_energy_gate,-9.363254574709295,0.5,1,0,0.0868967330888635,0.8127177991264423,0.16666666666666666,1.9363,1.7829,0.0,3.676,0.0884,7.6901
20260630,0.0,2,13,legacy_explicit_residual_gate,-38.02214437879914,1.0,1,0,nan,0.8282798178148374,0.0,1.9215,1.7759,3.7493,3.8036,0.6885,11.827
20260630,0.0,2,13,projection_energy_gate,-38.02214437879914,1.0,1,0,0.23006012595053563,0.8282798178148374,0.0,1.9619,1.814,0.0,4.0407,0.1176,7.8912
20260630,0.0,2,13,stage1_projection_energy_gate,-38.02214437879914,1.0,1,0,0.23006012595053563,0.8282798178148374,0.0,2.0567,2.1985,0.0,4.0684,0.1296,8.453199999999999
20260630,0.0,2,13,axiswise_candan_joint_ls,-38.02214437879914,1.0,1,0,nan,0.8282798178148374,0.0,2.1289,2.0336,0.0,4.1237,0.0,8.3155
20260630,0.0,2,14,projection_energy_gate,-37.33416636908063,1.0,1,0,0.17967436729201547,0.8272294744578013,0.0,1.9429,1.992,0.0,3.7673,0.0924,7.7501
20260630,0.0,2,14,stage1_projection_energy_gate,-37.33416636908063,1.0,1,0,0.17967436729201547,0.8272294744578013,0.0,1.9431,1.8896,0.0,3.7144,0.1106,7.7576
20260630,0.0,2,14,axiswise_candan_joint_ls,-37.33416636908063,1.0,1,0,nan,0.8272294744578013,0.0,1.8926,1.8639,0.0,3.9297,0.0,7.8093
20260630,0.0,2,14,legacy_explicit_residual_gate,-37.33416636908063,1.0,1,0,nan,0.8272294744578013,0.0,1.9354,1.766,3.6951,3.6401,0.6372,11.6286
20260630,0.0,2,15,stage1_projection_energy_gate,-8.282628197535168,0.5,1,0,0.07557842949399299,0.8253397490976522,0.16666666666666666,1.8288,1.7263,0.0,3.6781,0.0793,7.3378
20260630,0.0,2,15,axiswise_candan_joint_ls,-8.282628197535168,0.5,1,0,nan,0.8253397490976522,0.16666666666666666,1.9552,1.7551,0.0,3.6416,0.0,7.3105
20260630,0.0,2,15,legacy_explicit_residual_gate,-8.282628197535168,0.5,1,0,nan,0.8253397490976522,0.16666666666666666,1.9336,1.7199,3.7721,3.7711,0.6681,11.9739
20260630,0.0,2,15,projection_energy_gate,-8.282628197535168,0.5,1,0,0.07557842949399299,0.8253397490976522,0.16666666666666666,1.9229,1.7051,0.0,3.6956,0.1013,7.3989
20260630,0.0,2,16,axiswise_candan_joint_ls,-18.568220129684295,0.5,1,0,nan,0.8138991125213614,0.16666666666666666,1.8271,1.7434,0.0,3.7076,0.0,7.2607
20260630,0.0,2,16,legacy_explicit_residual_gate,-18.568220129684295,0.5,1,0,nan,0.8138991125213614,0.16666666666666666,1.8592,1.7207,3.7622,3.6827,0.6098,11.5914
20260630,0.0,2,16,projection_energy_gate,-18.568220129684295,0.5,1,0,0.2059864788026933,0.8138991125213614,0.16666666666666666,1.8525,1.7178,0.0,3.7103,0.0814,7.418200000000001
20260630,0.0,2,16,stage1_projection_energy_gate,-18.568220129684295,0.5,1,0,0.2059864788026933,0.8138991125213614,0.16666666666666666,1.8553,1.7537,0.0,3.7163,0.0826,7.424500000000001
20260630,0.0,2,17,legacy_explicit_residual_gate,-38.30848180253456,1.0,1,0,nan,0.8250160083073476,0.0,1.9657,1.7618,3.6441,3.6313,0.6746,11.7104
20260630,0.0,2,17,projection_energy_gate,-38.30848180253456,1.0,1,0,0.13107611306149666,0.8250160083073476,0.0,1.8199,1.6772,0.0,3.6033,0.0575,7.1519
20260630,0.0,2,17,stage1_projection_energy_gate,-38.30848180253456,1.0,1,0,0.13107611306149666,0.8250160083073476,0.0,1.8023,1.6902,0.0,3.5743,0.069,7.1438
20260630,0.0,2,17,axiswise_candan_joint_ls,-38.30848180253456,1.0,1,0,nan,0.8250160083073476,0.0,1.7989,1.6853,0.0,3.6987,0.0,7.2626
20260630,0.0,2,18,projection_energy_gate,-34.81791454635634,1.0,1,0,0.09256876566900808,0.8042686005038451,0.0,1.8126,1.7184,0.0,3.5832,0.0581,7.1579999999999995
20260630,0.0,2,18,stage1_projection_energy_gate,-34.81791454635634,1.0,1,0,0.09256876566900808,0.8042686005038451,0.0,1.8129,1.7062,0.0,3.6172,0.0692,7.1935
20260630,0.0,2,18,axiswise_candan_joint_ls,-34.81791454635634,1.0,1,0,nan,0.8042686005038451,0.0,1.9408,1.7817,0.0,3.689,0.0,7.402
20260630,0.0,2,18,legacy_explicit_residual_gate,-34.81791454635634,1.0,1,0,nan,0.8042686005038451,0.0,1.9904,1.8506,3.8848,3.9045,0.7188,12.3628
20260630,0.0,2,19,stage1_projection_energy_gate,-41.0542711494654,1.0,1,0,0.07264132446517413,0.8640508904711397,0.0,1.9398,1.8339,0.0,3.8961,0.1053,7.770700000000001
20260630,0.0,2,19,axiswise_candan_joint_ls,-41.0542711494654,1.0,1,0,nan,0.8640508904711397,0.0,1.9418,1.842,0.0,3.8975,0.0,7.6446000000000005
20260630,0.0,2,19,legacy_explicit_residual_gate,-41.0542711494654,1.0,1,0,nan,0.8640508904711397,0.0,2.1755,1.8964,4.236,3.9999,0.7916,13.250200000000001
20260630,0.0,2,19,projection_energy_gate,-41.0542711494654,1.0,1,0,0.07264132446517413,0.8640508904711397,0.0,1.9312,1.831,0.0,3.6285,0.0905,7.3993
20260630,0.0,4,0,axiswise_candan_joint_ls,-12.395544250979825,0.75,1,0,nan,0.8137799405482904,0.08333333333333333,1.8246,1.8876,0.0,7.1429,0.0,10.7954
20260630,0.0,4,0,legacy_explicit_residual_gate,-12.395544250979825,0.75,1,0,nan,0.8137799405482904,0.08333333333333333,1.9198,1.768,6.9428,6.8231,0.6169,18.1217
20260630,0.0,4,0,projection_energy_gate,-12.395544250979825,0.75,1,0,0.15080632207953634,0.8137799405482904,0.08333333333333333,1.8912,1.8749,0.0,6.9932,0.1355,10.7334
20260630,0.0,4,0,stage1_projection_energy_gate,-12.395544250979825,0.75,1,0,0.15080632207953634,0.8137799405482904,0.08333333333333333,1.8101,1.81,0.0,6.8809,0.1313,10.6918
20260630,0.0,4,1,legacy_explicit_residual_gate,-12.336811356950097,0.5,1,0,nan,0.8267406854529453,0.16666666666666666,2.0058,1.8528,7.1187,7.2795,0.6134,18.870199999999997
20260630,0.0,4,1,projection_energy_gate,-12.336811356950097,0.5,1,0,0.10729331367777421,0.8267406854529453,0.16666666666666666,1.9104,1.8245,0.0,7.2103,0.1512,11.007
20260630,0.0,4,1,stage1_projection_energy_gate,-12.336811356950097,0.5,1,0,0.10729331367777421,0.8267406854529453,0.16666666666666666,1.8151,1.856,0.0,7.078,0.1523,10.9014
20260630,0.0,4,1,axiswise_candan_joint_ls,-12.336811356950097,0.5,1,0,nan,0.8267406854529453,0.16666666666666666,1.907,1.8534,0.0,7.0733,0.0,10.8337
20260630,0.0,4,2,projection_energy_gate,-14.992000949162588,0.75,1,0,0.1420518529288382,0.8318996228784191,0.08333333333333333,1.8907,1.9028,0.0,7.184,0.1301,11.173
20260630,0.0,4,2,stage1_projection_energy_gate,-14.992000949162588,0.75,1,0,0.1420518529288382,0.8318996228784191,0.08333333333333333,1.906,1.9604,0.0,7.1019,0.1375,11.1687
20260630,0.0,4,2,axiswise_candan_joint_ls,-14.992000949162588,0.75,1,0,nan,0.8318996228784191,0.08333333333333333,1.8775,1.8519,0.0,7.0779,0.0,11.0099
20260630,0.0,4,2,legacy_explicit_residual_gate,-14.992000949162588,0.75,1,0,nan,0.8318996228784191,0.08333333333333333,1.9407,1.8498,6.9983,6.8418,0.6477,18.343200000000003
20260630,0.0,4,3,stage1_projection_energy_gate,-35.71630981011636,1.0,1,0,0.1245988093703987,0.8116363201035425,0.0,1.8388,1.8795,0.0,6.9914,0.1481,10.827599999999999
20260630,0.0,4,3,axiswise_candan_joint_ls,-35.71630981011636,1.0,1,0,nan,0.8116363201035425,0.0,1.9149,1.9498,0.0,7.2271,0.0,11.0655
20260630,0.0,4,3,legacy_explicit_residual_gate,-35.71630981011636,1.0,1,0,nan,0.8116363201035425,0.0,1.9317,1.8839,7.1941,7.0952,0.6581,18.7968
20260630,0.0,4,3,projection_energy_gate,-35.71630981011636,1.0,1,0,0.1245988093703987,0.8116363201035425,0.0,2.0863,1.9678,0.0,7.0938,0.1432,11.287600000000001
20260630,0.0,4,4,axiswise_candan_joint_ls,-12.601727059338897,0.75,1,0,nan,0.8134746148574393,0.08333333333333333,2.0166,2.0133,0.0,7.3743,0.0,11.3192
20260630,0.0,4,4,legacy_explicit_residual_gate,-12.601727059338897,0.75,1,0,nan,0.8134746148574393,0.08333333333333333,1.9565,1.8261,6.9998,7.2464,0.6365,18.604300000000002
20260630,0.0,4,4,projection_energy_gate,-12.601727059338897,0.75,1,0,0.15417595724453897,0.8134746148574393,0.08333333333333333,1.87,1.7627,0.0,7.1223,0.113,10.8585
20260630,0.0,4,4,stage1_projection_energy_gate,-12.601727059338897,0.75,1,0,0.15417595724453897,0.8134746148574393,0.08333333333333333,1.8315,1.865,0.0,7.1366,0.1439,10.9741
20260630,0.0,4,5,legacy_explicit_residual_gate,-34.53933989193445,1.0,1,0,nan,0.8054740768182177,0.0,1.9905,1.8969,7.0846,6.9435,0.6468,18.5198
20260630,0.0,4,5,projection_energy_gate,-34.53933989193445,1.0,1,0,0.17670503608554744,0.8054740768182177,0.0,1.8625,1.8662,0.0,7.1703,0.1385,11.0639
20260630,0.0,4,5,stage1_projection_energy_gate,-34.53933989193445,1.0,1,0,0.17670503608554744,0.8054740768182177,0.0,1.882,1.8429,0.0,7.1183,0.1313,10.8875
20260630,0.0,4,5,axiswise_candan_joint_ls,-34.53933989193445,1.0,1,0,nan,0.8054740768182177,0.0,1.9781,1.8635,0.0,7.424,0.0,11.309000000000001
20260630,0.0,4,6,projection_energy_gate,-36.06463727969906,1.0,1,0,0.14732280597219444,0.8213265133813833,0.0,1.9557,1.8784,0.0,7.3713,0.1704,11.396600000000001
20260630,0.0,4,6,stage1_projection_energy_gate,-36.06463727969906,1.0,1,0,0.14732280597219444,0.8213265133813833,0.0,2.0054,1.9246,0.0,7.4414,0.1642,11.5769
20260630,0.0,4,6,axiswise_candan_joint_ls,-36.06463727969906,1.0,1,0,nan,0.8213265133813833,0.0,1.9766,1.8788,0.0,7.4066,0.0,11.1648
20260630,0.0,4,6,legacy_explicit_residual_gate,-36.06463727969906,1.0,1,0,nan,0.8213265133813833,0.0,1.9535,1.8058,7.0427,6.885,0.665,18.4596
20260630,0.0,4,7,stage1_projection_energy_gate,-13.163336344854761,0.25,1,0,0.11958842731977579,0.8171921281379948,0.08333333333333333,1.9531,1.8764,0.0,7.147,0.1673,11.0795
20260630,0.0,4,7,axiswise_candan_joint_ls,-13.163336344854761,0.25,1,0,nan,0.8171921281379948,0.08333333333333333,1.8239,1.8017,0.0,6.8399,0.0,10.4648
20260630,0.0,4,7,legacy_explicit_residual_gate,-13.163336344854761,0.25,1,0,nan,0.8171921281379948,0.08333333333333333,1.9261,1.8323,7.1674,7.0975,0.6861,18.7424
20260630,0.0,4,7,projection_energy_gate,-13.163336344854761,0.25,1,0,0.11958842731977579,0.8171921281379948,0.08333333333333333,1.8625,1.8586,0.0,7.3363,0.1676,11.4938
20260630,0.0,4,8,axiswise_candan_joint_ls,-37.14477367877821,1.0,1,0,nan,0.8242770759047682,0.0,1.9612,2.0004,0.0,7.0435,0.0,11.0881
20260630,0.0,4,8,legacy_explicit_residual_gate,-37.14477367877821,1.0,1,0,nan,0.8242770759047682,0.0,1.9704,1.8502,7.3982,7.3614,0.7121,19.5162
20260630,0.0,4,8,projection_energy_gate,-37.14477367877821,1.0,1,0,0.10942896545212902,0.8242770759047682,0.0,1.973,1.909,0.0,7.3301,0.1806,11.574800000000002
20260630,0.0,4,8,stage1_projection_energy_gate,-37.14477367877821,1.0,1,0,0.10942896545212902,0.8242770759047682,0.0,1.8968,1.8283,0.0,7.104,0.1177,10.9436
20260630,0.0,4,9,legacy_explicit_residual_gate,-40.23350234367925,1.0,1,0,nan,0.8256920207925327,0.0,1.9626,1.8992,7.1993,6.9622,0.6503,18.5519
20260630,0.0,4,9,projection_energy_gate,-40.23350234367925,1.0,1,0,0.12060234229943864,0.8256920207925327,0.0,1.9157,1.7543,0.0,6.9904,0.1707,10.8311
20260630,0.0,4,9,stage1_projection_energy_gate,-40.23350234367925,1.0,1,0,0.12060234229943864,0.8256920207925327,0.0,1.9118,2.0241,0.0,7.5031,0.1757,11.6802
20260630,0.0,4,9,axiswise_candan_joint_ls,-40.23350234367925,1.0,1,0,nan,0.8256920207925327,0.0,1.9541,2.0235,0.0,7.8376,0.0,11.4255
20260630,0.0,4,10,projection_energy_gate,-11.465823851944139,0.75,1,0,0.09481774106737195,0.8350023372138722,0.08333333333333333,1.8177,1.8978,0.0,7.1516,0.1558,11.073799999999999
20260630,0.0,4,10,stage1_projection_energy_gate,-11.465823851944139,0.75,1,0,0.09481774106737195,0.8350023372138722,0.08333333333333333,1.8718,1.8696,0.0,7.0758,0.1522,11.0823
20260630,0.0,4,10,axiswise_candan_joint_ls,-11.465823851944139,0.75,1,0,nan,0.8350023372138722,0.08333333333333333,1.8559,1.8358,0.0,7.2238,0.0,10.8654
20260630,0.0,4,10,legacy_explicit_residual_gate,-11.465823851944139,0.75,1,0,nan,0.8350023372138722,0.08333333333333333,1.9375,1.8943,7.1711,6.9936,0.6478,18.715500000000002
20260630,0.0,4,11,stage1_projection_energy_gate,-34.8907366249238,1.0,1,0,0.1401382677386125,0.8189695685992436,0.0,1.9641,1.8454,0.0,7.1167,0.1454,11.0716
20260630,0.0,4,11,axiswise_candan_joint_ls,-34.8907366249238,1.0,1,0,nan,0.8189695685992436,0.0,1.9704,1.8519,0.0,7.1755,0.0,11.0731
20260630,0.0,4,11,legacy_explicit_residual_gate,-34.8907366249238,1.0,1,0,nan,0.8189695685992436,0.0,1.9801,1.7894,7.1417,7.0448,0.7018,18.6021
20260630,0.0,4,11,projection_energy_gate,-34.8907366249238,1.0,1,0,0.1401382677386125,0.8189695685992436,0.0,1.8511,1.8591,0.0,7.2122,0.1361,11.1017
20260630,0.0,4,12,axiswise_candan_joint_ls,-12.36767420346506,0.75,1,0,nan,0.8168619103972885,0.08333333333333333,1.8412,1.8717,0.0,6.9212,0.0,10.7421
20260630,0.0,4,12,legacy_explicit_residual_gate,-12.36767420346506,0.75,1,0,nan,0.8168619103972885,0.08333333333333333,2.0138,1.8362,7.1817,7.0704,0.6614,18.7998
20260630,0.0,4,12,projection_energy_gate,-12.36767420346506,0.75,1,0,0.16915166825677083,0.8168619103972885,0.08333333333333333,2.011,1.9678,0.0,7.2536,0.1647,11.404100000000001
20260630,0.0,4,12,stage1_projection_energy_gate,-12.36767420346506,0.75,1,0,0.16915166825677083,0.8168619103972885,0.08333333333333333,1.9699,2.0709,0.0,7.3486,0.1768,11.401000000000002
20260630,0.0,4,13,legacy_explicit_residual_gate,-35.39260191512597,1.0,1,0,nan,0.8175892301061608,0.0,2.023,1.9089,7.0248,6.9779,0.6389,18.569699999999997
20260630,0.0,4,13,projection_energy_gate,-35.39260191512597,1.0,1,0,0.1625850550885165,0.8175892301061608,0.0,1.9235,1.881,0.0,7.2901,0.1718,11.451899999999998
20260630,0.0,4,13,stage1_projection_energy_gate,-35.39260191512597,1.0,1,0,0.1625850550885165,0.8175892301061608,0.0,1.8174,1.8544,0.0,6.8301,0.1241,10.6107
20260630,0.0,4,13,axiswise_candan_joint_ls,-35.39260191512597,1.0,1,0,nan,0.8175892301061608,0.0,1.8776,1.8335,0.0,7.2805,0.0,10.9281
20260630,0.0,4,14,projection_energy_gate,-33.3808692658084,1.0,1,0,0.18206513238919128,0.8043888687215446,0.0,2.0215,1.8903,0.0,7.4733,0.1554,11.372100000000001
20260630,0.0,4,14,stage1_projection_energy_gate,-33.3808692658084,1.0,1,0,0.18206513238919128,0.8043888687215446,0.0,1.8996,1.8517,0.0,7.0534,0.1795,11.2465
20260630,0.0,4,14,axiswise_candan_joint_ls,-33.3808692658084,1.0,1,0,nan,0.8043888687215446,0.0,1.9425,1.8994,0.0,7.4406,0.0,11.2838
20260630,0.0,4,14,legacy_explicit_residual_gate,-33.3808692658084,1.0,1,0,nan,0.8043888687215446,0.0,2.0171,1.8188,7.1726,7.0962,0.6607,18.652
20260630,0.0,4,15,stage1_projection_energy_gate,-35.693039628602335,1.0,1,0,0.11224709211209442,0.8298037554766554,0.0,1.8321,1.8132,0.0,7.1107,0.1525,10.899799999999999
20260630,0.0,4,15,axiswise_candan_joint_ls,-35.693039628602335,1.0,1,0,nan,0.8298037554766554,0.0,1.8299,1.8153,0.0,6.9378,0.0,10.5779
20260630,0.0,4,15,legacy_explicit_residual_gate,-35.693039628602335,1.0,1,0,nan,0.8298037554766554,0.0,1.8856,1.8345,7.1449,7.0236,0.6279,18.6259
20260630,0.0,4,15,projection_energy_gate,-35.693039628602335,1.0,1,0,0.11224709211209442,0.8298037554766554,0.0,2.1849,2.9803,0.0,7.6197,0.1774,13.556299999999998
20260630,0.0,4,16,axiswise_candan_joint_ls,-15.380602512383968,0.75,1,0,nan,0.8109932528385894,0.08333333333333333,1.875,1.806,0.0,7.2135,0.0,11.1237
20260630,0.0,4,16,legacy_explicit_residual_gate,-15.380602512383968,0.75,1,0,nan,0.8109932528385894,0.08333333333333333,1.9135,1.8183,7.0035,6.7837,0.6326,18.2049
20260630,0.0,4,16,projection_energy_gate,-15.380602512383968,0.75,1,0,0.15628396643188391,0.8109932528385894,0.08333333333333333,1.9796,2.0056,0.0,7.1546,0.131,11.2836
20260630,0.0,4,16,stage1_projection_energy_gate,-15.380602512383968,0.75,1,0,0.15628396643188391,0.8109932528385894,0.08333333333333333,2.0321,2.0621,0.0,7.2394,0.1267,11.272
20260630,0.0,4,17,legacy_explicit_residual_gate,-13.011317879532083,0.75,1,0,nan,0.8118223068131182,0.08333333333333333,2.0246,1.96,7.2788,7.2425,0.7271,19.325000000000003
20260630,0.0,4,17,projection_energy_gate,-13.011317879532083,0.75,1,0,0.130551619339492,0.8118223068131182,0.08333333333333333,1.9389,1.8878,0.0,7.1086,0.1343,11.031799999999999
20260630,0.0,4,17,stage1_projection_energy_gate,-13.011317879532083,0.75,1,0,0.130551619339492,0.8118223068131182,0.08333333333333333,2.0536,1.8644,0.0,7.1555,0.1187,11.0084
20260630,0.0,4,17,axiswise_candan_joint_ls,-13.011317879532083,0.75,1,0,nan,0.8118223068131182,0.08333333333333333,1.8471,1.8635,0.0,7.6867,0.0,11.4939
20260630,0.0,4,18,projection_energy_gate,-13.900795653030343,0.75,1,0,0.1732177450150913,0.82211225574468,0.08333333333333333,1.992,1.8697,0.0,7.1398,0.1128,11.171800000000001
20260630,0.0,4,18,stage1_projection_energy_gate,-13.900795653030343,0.75,1,0,0.1732177450150913,0.82211225574468,0.08333333333333333,1.9173,1.9468,0.0,7.2336,0.1381,11.2358
20260630,0.0,4,18,axiswise_candan_joint_ls,-13.900795653030343,0.75,1,0,nan,0.82211225574468,0.08333333333333333,1.9554,1.8892,0.0,7.055,0.0,11.0321
20260630,0.0,4,18,legacy_explicit_residual_gate,-13.900795653030343,0.75,1,0,nan,0.82211225574468,0.08333333333333333,2.133,2.0237,7.4647,7.4573,0.8076,19.8077
20260630,0.0,4,19,stage1_projection_energy_gate,-13.700514042665953,0.75,1,0,0.09248615801580864,0.8058807315607133,0.08333333333333333,1.9588,2.0678,0.0,7.8057,0.1597,11.8363
20260630,0.0,4,19,axiswise_candan_joint_ls,-13.700514042665953,0.75,1,0,nan,0.8058807315607133,0.08333333333333333,1.9923,1.9996,0.0,7.5179,0.0,11.8037
20260630,0.0,4,19,legacy_explicit_residual_gate,-13.700514042665953,0.75,1,0,nan,0.8058807315607133,0.08333333333333333,1.9519,1.8664,7.2118,7.103,0.6778,18.9471
20260630,0.0,4,19,projection_energy_gate,-13.700514042665953,0.75,1,0,0.09248615801580864,0.8058807315607133,0.08333333333333333,1.9237,1.9453,0.0,7.1733,0.1605,11.202800000000002
20260630,0.0,8,0,axiswise_candan_joint_ls,-13.99187467657332,0.875,1,0,nan,0.8121144715422604,0.041666666666666664,1.8516,1.9669,0.0,14.835,0.0,18.6365
20260630,0.0,8,0,legacy_explicit_residual_gate,-13.99187467657332,0.875,1,0,nan,0.8121144715422604,0.041666666666666664,1.9455,1.94,16.4983,15.906,0.8063,37.96469999999999
20260630,0.0,8,0,projection_energy_gate,-13.99187467657332,0.875,1,0,0.13788145655759046,0.8121144715422604,0.041666666666666664,1.9191,1.9877,0.0,15.0886,0.1422,19.142400000000002
20260630,0.0,8,0,stage1_projection_energy_gate,-13.99187467657332,0.875,1,0,0.13788145655759046,0.8121144715422604,0.041666666666666664,1.8685,1.9516,0.0,14.6389,0.1398,18.5817
20260630,0.0,8,1,legacy_explicit_residual_gate,-12.80831210075709,0.75,1,0,nan,0.8128038778028142,0.041666666666666664,1.9926,1.9218,15.4547,15.2832,0.7077,35.397200000000005
20260630,0.0,8,1,projection_energy_gate,-12.80831210075709,0.75,1,0,0.17330868898155435,0.8128038778028142,0.041666666666666664,1.9545,1.9823,0.0,15.1634,0.134,19.2157
20260630,0.0,8,1,stage1_projection_energy_gate,-12.80831210075709,0.75,1,0,0.17330868898155435,0.8128038778028142,0.041666666666666664,1.9047,2.0515,0.0,15.3956,0.1277,19.565800000000003
20260630,0.0,8,1,axiswise_candan_joint_ls,-12.80831210075709,0.75,1,0,nan,0.8128038778028142,0.041666666666666664,1.9158,2.0551,0.0,17.0678,0.0,20.8964
20260630,0.0,8,2,projection_energy_gate,-16.061462111473944,0.75,1,0,0.14820487756667905,0.8166968781834675,0.08333333333333333,1.8443,1.8756,0.0,15.2879,0.1673,19.3151
20260630,0.0,8,2,stage1_projection_energy_gate,-16.061462111473944,0.75,1,0,0.14820487756667905,0.8166968781834675,0.08333333333333333,1.9229,1.9578,0.0,15.0642,0.1538,19.0669
20260630,0.0,8,2,axiswise_candan_joint_ls,-16.061462111473944,0.75,1,0,nan,0.8166968781834675,0.08333333333333333,1.9352,1.9628,0.0,14.9515,0.0,18.7912
20260630,0.0,8,2,legacy_explicit_residual_gate,-16.061462111473944,0.75,1,0,nan,0.8166968781834675,0.08333333333333333,1.9871,1.9493,14.927,15.2568,0.756,35.0155
20260630,0.0,8,3,stage1_projection_energy_gate,-17.779522654514256,0.875,1,0,0.10626981936810907,0.8121739679854579,0.041666666666666664,2.0927,2.0496,0.0,15.4548,0.1754,20.0531
20260630,0.0,8,3,axiswise_candan_joint_ls,-17.779522654514256,0.875,1,0,nan,0.8121739679854579,0.041666666666666664,1.8883,2.006,0.0,15.6169,0.0,19.5063
20260630,0.0,8,3,legacy_explicit_residual_gate,-17.779522654514256,0.875,1,0,nan,0.8121739679854579,0.041666666666666664,1.9995,1.9845,16.3754,16.5822,0.689,36.2876
20260630,0.0,8,3,projection_energy_gate,-17.779522654514256,0.875,1,0,0.10626981936810907,0.8121739679854579,0.041666666666666664,1.9993,1.9622,0.0,15.3371,0.1508,19.3534
20260630,0.0,8,4,axiswise_candan_joint_ls,-35.13899174905695,1.0,1,0,nan,0.8473787879288573,0.0,2.0151,2.0049,0.0,15.4406,0.0,19.4665
20260630,0.0,8,4,legacy_explicit_residual_gate,-35.13899174905695,1.0,1,0,nan,0.8473787879288573,0.0,1.9587,1.9799,15.1688,15.5448,0.7872,35.4279
20260630,0.0,8,4,projection_energy_gate,-35.13899174905695,1.0,1,0,0.08678149807433072,0.8473787879288573,0.0,1.9275,1.9959,0.0,16.3773,0.1987,20.6463
20260630,0.0,8,4,stage1_projection_energy_gate,-35.13899174905695,1.0,1,0,0.08678149807433072,0.8473787879288573,0.0,1.9676,1.9573,0.0,15.8997,0.1652,20.0379
20260630,0.0,8,5,legacy_explicit_residual_gate,-18.907369772115896,0.875,1,0,nan,0.8100528033740917,0.041666666666666664,2.0488,1.9567,15.0057,14.9947,0.6817,35.147200000000005
20260630,0.0,8,5,projection_energy_gate,-18.907369772115896,0.875,1,0,0.12162096057945605,0.8100528033740917,0.041666666666666664,1.9905,2.0016,0.0,16.1392,0.126,19.7657
20260630,0.0,8,5,stage1_projection_energy_gate,-18.907369772115896,0.875,1,0,0.12162096057945605,0.8100528033740917,0.041666666666666664,1.9833,2.0587,0.0,15.5678,0.138,19.6664
20260630,0.0,8,5,axiswise_candan_joint_ls,-18.907369772115896,0.875,1,0,nan,0.8100528033740917,0.041666666666666664,2.1169,2.0685,0.0,15.4068,0.0,19.5922
20260630,0.0,8,6,projection_energy_gate,-14.969190613293204,0.625,1,0,0.10560933049341446,0.815865667292506,0.08333333333333333,1.8584,1.9462,0.0,15.573,0.1397,19.517300000000002
20260630,0.0,8,6,stage1_projection_energy_gate,-14.969190613293204,0.625,1,0,0.10560933049341446,0.815865667292506,0.08333333333333333,1.8773,1.9707,0.0,14.9752,0.1584,18.9361
20260630,0.0,8,6,axiswise_candan_joint_ls,-14.969190613293204,0.625,1,0,nan,0.815865667292506,0.08333333333333333,1.9055,2.0507,0.0,15.3942,0.0,19.8278
20260630,0.0,8,6,legacy_explicit_residual_gate,-14.969190613293204,0.625,1,0,nan,0.815865667292506,0.08333333333333333,1.9992,2.0011,15.1354,15.0978,0.6164,34.9309
20260630,0.0,8,7,stage1_projection_energy_gate,-14.958415816167555,0.625,1,0,0.1812377772013961,0.8023069106122009,0.08333333333333333,2.1185,2.1868,0.0,15.6948,0.2153,20.103
20260630,0.0,8,7,axiswise_candan_joint_ls,-14.958415816167555,0.625,1,0,nan,0.8023069106122009,0.08333333333333333,2.0048,2.0759,0.0,15.9033,0.0,20.0862
20260630,0.0,8,7,legacy_explicit_residual_gate,-14.958415816167555,0.625,1,0,nan,0.8023069106122009,0.08333333333333333,2.0178,2.5074,17.0598,16.8489,0.7813,38.4684
20260630,0.0,8,7,projection_energy_gate,-14.958415816167555,0.625,1,0,0.1812377772013961,0.8023069106122009,0.08333333333333333,2.1874,2.2522,0.0,17.0774,0.1966,22.230400000000003
20260630,0.0,8,8,axiswise_candan_joint_ls,-14.951410799118054,0.875,1,0,nan,0.8170327060599347,0.041666666666666664,2.1582,2.2487,0.0,17.1322,0.0,21.4524
20260630,0.0,8,8,legacy_explicit_residual_gate,-14.951410799118054,0.875,1,0,nan,0.8170327060599347,0.041666666666666664,2.4321,2.3923,19.5218,15.7872,0.8827,41.2696
20260630,0.0,8,8,projection_energy_gate,-14.951410799118054,0.875,1,0,0.0956734864876995,0.8170327060599347,0.041666666666666664,2.0636,2.195,0.0,15.7806,0.1775,20.2353
20260630,0.0,8,8,stage1_projection_energy_gate,-14.951410799118054,0.875,1,0,0.0956734864876995,0.8170327060599347,0.041666666666666664,1.9418,2.0129,0.0,15.4763,0.1672,19.706500000000002
20260630,0.0,8,9,legacy_explicit_residual_gate,-13.023261352009259,0.75,1,0,nan,0.799524341760656,0.08333333333333333,2.0224,2.095,18.4343,33.4137,0.8237,61.4179
20260630,0.0,8,9,projection_energy_gate,-13.023261352009259,0.75,1,0,0.10442256468387434,0.799524341760656,0.08333333333333333,2.0486,2.0809,0.0,15.3004,0.1664,20.0498
20260630,0.0,8,9,stage1_projection_energy_gate,-13.023261352009259,0.75,1,0,0.10442256468387434,0.799524341760656,0.08333333333333333,2.1335,2.0005,0.0,15.2866,0.1508,19.595
20260630,0.0,8,9,axiswise_candan_joint_ls,-13.023261352009259,0.75,1,0,nan,0.799524341760656,0.08333333333333333,1.9884,2.0069,0.0,15.2967,0.0,19.4106
20260630,0.0,8,10,projection_energy_gate,-10.029495585403472,0.625,1,0,0.1346253766413253,0.805448322913306,0.08333333333333333,1.882,1.9049,0.0,14.9953,0.1486,18.9209
20260630,0.0,8,10,stage1_projection_energy_gate,-10.029495585403472,0.625,1,0,0.1346253766413253,0.805448322913306,0.08333333333333333,1.9157,1.9619,0.0,15.1665,0.165,19.1889
20260630,0.0,8,10,axiswise_candan_joint_ls,-10.029495585403472,0.625,1,0,nan,0.805448322913306,0.08333333333333333,2.0667,2.0569,0.0,15.6971,0.0,19.8974
20260630,0.0,8,10,legacy_explicit_residual_gate,-10.029495585403472,0.625,1,0,nan,0.805448322913306,0.08333333333333333,2.0913,2.0209,15.2427,16.4221,0.83,36.629000000000005
20260630,0.0,8,11,stage1_projection_energy_gate,-31.613934712091634,1.0,1,0,0.18913576170599855,0.8120574713750616,0.0,2.009,2.0648,0.0,41.8177,0.1416,46.0563
20260630,0.0,8,11,axiswise_candan_joint_ls,-31.613934712091634,1.0,1,0,nan,0.8120574713750616,0.0,2.2529,2.2249,0.0,15.7547,0.0,20.2798
20260630,0.0,8,11,legacy_explicit_residual_gate,-31.613934712091634,1.0,1,0,nan,0.8120574713750616,0.0,2.1132,1.999,37.2966,30.8194,0.7574,72.9247
20260630,0.0,8,11,projection_energy_gate,-31.613934712091634,1.0,1,0,0.18913576170599855,0.8120574713750616,0.0,2.0905,2.2731,0.0,15.2016,0.1594,19.970299999999998
20260630,0.0,8,12,axiswise_candan_joint_ls,-18.023834529942185,0.75,1,0,nan,0.8117430907053701,0.041666666666666664,2.2868,2.2324,0.0,16.2582,0.0,20.7498
20260630,0.0,8,12,legacy_explicit_residual_gate,-18.023834529942185,0.75,1,0,nan,0.8117430907053701,0.041666666666666664,2.1121,2.1649,15.2315,15.217,0.6889,36.655699999999996
20260630,0.0,8,12,projection_energy_gate,-18.023834529942185,0.75,1,0,0.16154706054390666,0.8117430907053701,0.041666666666666664,2.0817,2.1281,0.0,15.3573,0.1476,19.7519
20260630,0.0,8,12,stage1_projection_energy_gate,-18.023834529942185,0.75,1,0,0.16154706054390666,0.8117430907053701,0.041666666666666664,2.1162,2.124,0.0,15.4118,0.1481,19.9702
20260630,0.0,8,13,legacy_explicit_residual_gate,-20.05003377754043,0.75,1,0,nan,0.8013863925500461,0.041666666666666664,1.9355,2.0386,15.4053,15.3735,0.658,35.3801
20260630,0.0,8,13,projection_energy_gate,-20.05003377754043,0.75,1,0,0.21171628926443695,0.8013863925500461,0.041666666666666664,1.9112,2.0861,0.0,15.6287,0.177,19.719
20260630,0.0,8,13,stage1_projection_energy_gate,-20.05003377754043,0.75,1,0,0.21171628926443695,0.8013863925500461,0.041666666666666664,2.0716,2.2135,0.0,15.7609,0.1985,20.276
20260630,0.0,8,13,axiswise_candan_joint_ls,-20.05003377754043,0.75,1,0,nan,0.8013863925500461,0.041666666666666664,1.9943,2.1749,0.0,15.7062,0.0,19.8754
20260630,0.0,8,14,projection_energy_gate,-15.831035750168043,0.875,1,0,0.13631636799381455,0.8123217959121658,0.041666666666666664,2.0381,2.2235,0.0,15.6844,0.1405,20.148600000000002
20260630,0.0,8,14,stage1_projection_energy_gate,-15.831035750168043,0.875,1,0,0.13631636799381455,0.8123217959121658,0.041666666666666664,2.0479,2.187,0.0,15.2953,0.1554,19.6662
20260630,0.0,8,14,axiswise_candan_joint_ls,-15.831035750168043,0.875,1,0,nan,0.8123217959121658,0.041666666666666664,2.5001,2.4249,0.0,15.3768,0.0,20.427100000000003
20260630,0.0,8,14,legacy_explicit_residual_gate,-15.831035750168043,0.875,1,0,nan,0.8123217959121658,0.041666666666666664,2.3715,2.4375,15.5296,38.82,0.8779,59.70250000000001
20260630,0.0,8,15,stage1_projection_energy_gate,-13.23267628137954,0.75,1,0,0.1623498737032905,0.8128768460613109,0.08333333333333333,1.9926,2.1639,0.0,15.7376,0.1409,20.1206
20260630,0.0,8,15,axiswise_candan_joint_ls,-13.23267628137954,0.75,1,0,nan,0.8128768460613109,0.08333333333333333,1.975,2.0623,0.0,15.6498,0.0,19.6871
20260630,0.0,8,15,legacy_explicit_residual_gate,-13.23267628137954,0.75,1,0,nan,0.8128768460613109,0.08333333333333333,2.1822,2.2406,15.8016,15.7195,0.783,36.6474
20260630,0.0,8,15,projection_energy_gate,-13.23267628137954,0.75,1,0,0.1623498737032905,0.8128768460613109,0.08333333333333333,2.1076,2.2081,0.0,15.7295,0.1337,20.043200000000002
20260630,0.0,8,16,axiswise_candan_joint_ls,-31.103723947110403,1.0,1,0,nan,0.8085147860123677,0.0,2.0527,2.1657,0.0,15.3279,0.0,19.4521
20260630,0.0,8,16,legacy_explicit_residual_gate,-31.103723947110403,1.0,1,0,nan,0.8085147860123677,0.0,2.1871,2.242,15.4637,16.0135,0.8158,57.155
20260630,0.0,8,16,projection_energy_gate,-31.103723947110403,1.0,1,0,0.18718825860990496,0.8085147860123677,0.0,2.1094,2.1566,0.0,15.137,0.1538,19.581
20260630,0.0,8,16,stage1_projection_energy_gate,-31.103723947110403,1.0,1,0,0.18718825860990496,0.8085147860123677,0.0,2.0773,2.1656,0.0,15.3953,0.1557,19.7939
20260630,0.0,8,17,legacy_explicit_residual_gate,-15.735344986920389,0.625,1,0,nan,0.8100365157984606,0.08333333333333333,1.9308,2.0754,43.6357,14.9193,0.677,63.2523
20260630,0.0,8,17,projection_energy_gate,-15.735344986920389,0.625,1,0,0.157833142484883,0.8100365157984606,0.08333333333333333,2.0327,2.1346,0.0,16.0676,0.152,20.699199999999998
20260630,0.0,8,17,stage1_projection_energy_gate,-15.735344986920389,0.625,1,0,0.157833142484883,0.8100365157984606,0.08333333333333333,2.1725,2.221,0.0,16.0512,0.168,20.474300000000003
20260630,0.0,8,17,axiswise_candan_joint_ls,-15.735344986920389,0.625,1,0,nan,0.8100365157984606,0.08333333333333333,2.047,2.1696,0.0,15.5927,0.0,19.7812
20260630,0.0,8,18,projection_energy_gate,-11.662781343776789,0.5,1,0,0.17526557238586388,0.8089974870721806,0.125,1.9776,2.0777,0.0,15.5324,0.1503,19.875200000000003
20260630,0.0,8,18,stage1_projection_energy_gate,-11.662781343776789,0.5,1,0,0.17526557238586388,0.8089974870721806,0.125,2.1117,2.1735,0.0,16.4171,0.1551,20.815900000000003
20260630,0.0,8,18,axiswise_candan_joint_ls,-11.662781343776789,0.5,1,0,nan,0.8089974870721806,0.125,2.3351,2.3856,0.0,21.0357,0.0,25.496399999999998
20260630,0.0,8,18,legacy_explicit_residual_gate,-11.662781343776789,0.5,1,0,nan,0.8089974870721806,0.125,2.3069,2.4033,16.5846,16.5304,0.9946,38.819799999999994
20260630,0.0,8,19,stage1_projection_energy_gate,-14.504044508616312,0.75,1,0,0.10958877898291085,0.8076423892189339,0.08333333333333333,2.4432,2.3036,0.0,16.6185,0.1992,21.3418
20260630,0.0,8,19,axiswise_candan_joint_ls,-14.504044508616312,0.75,1,0,nan,0.8076423892189339,0.08333333333333333,2.0254,2.1098,0.0,15.7708,0.0,19.852
20260630,0.0,8,19,legacy_explicit_residual_gate,-14.504044508616312,0.75,1,0,nan,0.8076423892189339,0.08333333333333333,2.1261,2.0458,15.3166,20.1011,0.8392,41.078199999999995
20260630,0.0,8,19,projection_energy_gate,-14.504044508616312,0.75,1,0,0.10958877898291085,0.8076423892189339,0.08333333333333333,2.0054,2.0709,0.0,15.5236,0.1795,19.7508
20260630,10.0,2,0,axiswise_candan_joint_ls,-9.899401009509685,0.5,1,0,nan,0.8414373788011793,0.16666666666666666,2.0779,1.9037,0.0,3.877,0.0,7.8586
20260630,10.0,2,0,legacy_explicit_residual_gate,-9.899401009509685,0.5,1,0,nan,0.8414373788011793,0.16666666666666666,1.9609,1.7982,3.8487,3.8666,0.7182,12.267900000000001
20260630,10.0,2,0,projection_energy_gate,-9.899401009509685,0.5,1,0,0.206836641898242,0.8414373788011793,0.16666666666666666,2.0986,1.9217,0.0,4.0022,0.0905,8.0969
20260630,10.0,2,0,stage1_projection_energy_gate,-9.899401009509685,0.5,1,0,0.206836641898242,0.8414373788011793,0.16666666666666666,2.0313,1.9192,0.0,4.1643,0.1191,8.2239
20260630,10.0,2,1,legacy_explicit_residual_gate,-50.76554943521421,1.0,1,0,nan,0.8271320834982124,0.0,2.2103,1.9281,4.1661,4.1428,0.7335,13.098099999999999
20260630,10.0,2,1,projection_energy_gate,-50.76554943521421,1.0,1,0,0.2821464076334605,0.8271320834982124,0.0,2.1021,2.2155,0.0,4.0337,0.102,8.7743
20260630,10.0,2,1,stage1_projection_energy_gate,-50.76554943521421,1.0,1,0,0.2821464076334605,0.8271320834982124,0.0,1.912,1.8657,0.0,3.8528,0.116,7.885399999999999
20260630,10.0,2,1,axiswise_candan_joint_ls,-50.76554943521421,1.0,1,0,nan,0.8271320834982124,0.0,1.9218,1.994,0.0,4.0277,0.0,7.7856
20260630,10.0,2,2,projection_energy_gate,-50.244166283647814,1.0,1,0,0.21196267957104317,0.8294916255082514,0.0,1.8946,1.7839,0.0,3.892,0.1047,7.7299999999999995
20260630,10.0,2,2,stage1_projection_energy_gate,-50.244166283647814,1.0,1,0,0.21196267957104317,0.8294916255082514,0.0,1.8374,1.815,0.0,3.8118,0.099,7.6645
20260630,10.0,2,2,axiswise_candan_joint_ls,-50.244166283647814,1.0,1,0,nan,0.8294916255082514,0.0,1.9802,1.7509,0.0,3.7661,0.0,7.497199999999999
20260630,10.0,2,2,legacy_explicit_residual_gate,-50.244166283647814,1.0,1,0,nan,0.8294916255082514,0.0,2.0757,1.8403,3.8484,3.9256,0.706,12.4162
20260630,10.0,2,3,stage1_projection_energy_gate,-49.580216601811806,1.0,1,0,0.29932954984327015,0.8335203845357447,0.0,1.9591,1.8415,0.0,3.8661,0.102,7.892200000000001
20260630,10.0,2,3,axiswise_candan_joint_ls,-49.580216601811806,1.0,1,0,nan,0.8335203845357447,0.0,2.0019,1.8302,0.0,3.9105,0.0,7.764
20260630,10.0,2,3,legacy_explicit_residual_gate,-49.580216601811806,1.0,1,0,nan,0.8335203845357447,0.0,1.9999,1.8751,4.0238,3.9823,0.7333,12.7089
20260630,10.0,2,3,projection_energy_gate,-49.580216601811806,1.0,1,0,0.29932954984327015,0.8335203845357447,0.0,1.9681,1.8188,0.0,3.9058,0.075,7.8063
20260630,10.0,2,4,axiswise_candan_joint_ls,-47.825826678644496,1.0,1,0,nan,0.8246776276207343,0.0,1.9543,1.808,0.0,3.9848,0.0,7.776999999999999
20260630,10.0,2,4,legacy_explicit_residual_gate,-47.825826678644496,1.0,1,0,nan,0.8246776276207343,0.0,2.0002,1.8608,3.9456,3.9492,0.7261,12.5593
20260630,10.0,2,4,projection_energy_gate,-47.825826678644496,1.0,1,0,0.3178834736831817,0.8246776276207343,0.0,1.9705,1.8568,0.0,4.0177,0.0789,7.9654
20260630,10.0,2,4,stage1_projection_energy_gate,-47.825826678644496,1.0,1,0,0.3178834736831817,0.8246776276207343,0.0,1.9775,1.8325,0.0,3.9591,0.0793,7.843
20260630,10.0,2,5,legacy_explicit_residual_gate,-47.65868343144433,1.0,1,0,nan,0.8234104677905264,0.0,2.0785,1.8662,4.0719,3.9537,0.7743,12.7353
20260630,10.0,2,5,projection_energy_gate,-47.65868343144433,1.0,1,0,0.2435941080845771,0.8234104677905264,0.0,2.0614,1.9672,0.0,4.0844,0.094,8.2045
20260630,10.0,2,5,stage1_projection_energy_gate,-47.65868343144433,1.0,1,0,0.2435941080845771,0.8234104677905264,0.0,2.0256,1.9045,0.0,4.02,0.0771,8.052
20260630,10.0,2,5,axiswise_candan_joint_ls,-47.65868343144433,1.0,1,0,nan,0.8234104677905264,0.0,2.0256,1.9119,0.0,4.2043,0.0,8.122
20260630,10.0,2,6,projection_energy_gate,-47.54568984600052,1.0,1,0,0.39190650269342425,0.8167321117487502,0.0,1.9998,1.8755,0.0,3.9693,0.0802,7.9395999999999995
20260630,10.0,2,6,stage1_projection_energy_gate,-47.54568984600052,1.0,1,0,0.39190650269342425,0.8167321117487502,0.0,2.0164,1.8826,0.0,4.0272,0.0879,8.016499999999999
20260630,10.0,2,6,axiswise_candan_joint_ls,-47.54568984600052,1.0,1,0,nan,0.8167321117487502,0.0,1.9982,1.8627,0.0,4.0366,0.0,7.8991
20260630,10.0,2,6,legacy_explicit_residual_gate,-47.54568984600052,1.0,1,0,nan,0.8167321117487502,0.0,2.0347,1.8778,4.0018,3.9395,0.743,12.600299999999999
20260630,10.0,2,7,stage1_projection_energy_gate,-45.099522802878845,1.0,1,0,0.41254696284585385,0.8140647892828994,0.0,1.9772,1.8706,0.0,3.9497,0.0859,7.878900000000001
20260630,10.0,2,7,axiswise_candan_joint_ls,-45.099522802878845,1.0,1,0,nan,0.8140647892828994,0.0,1.9707,1.8861,0.0,4.0214,0.0,7.9426
20260630,10.0,2,7,legacy_explicit_residual_gate,-45.099522802878845,1.0,1,0,nan,0.8140647892828994,0.0,2.0214,1.872,4.0161,4.027,0.7471,12.6904
20260630,10.0,2,7,projection_energy_gate,-45.099522802878845,1.0,1,0,0.41254696284585385,0.8140647892828994,0.0,1.9972,1.8793,0.0,3.9941,0.0784,7.984500000000001
20260630,10.0,2,8,axiswise_candan_joint_ls,-47.83937506151071,1.0,1,0,nan,0.8619112108029103,0.0,1.996,1.8669,0.0,4.0365,0.0,7.8947
20260630,10.0,2,8,legacy_explicit_residual_gate,-47.83937506151071,1.0,1,0,nan,0.8619112108029103,0.0,2.0149,1.8722,3.9994,3.9642,0.7448,12.587299999999999
20260630,10.0,2,8,projection_energy_gate,-47.83937506151071,1.0,1,0,0.17185777747912956,0.8619112108029103,0.0,1.9672,1.8669,0.0,4.0282,0.0885,7.9418999999999995
20260630,10.0,2,8,stage1_projection_energy_gate,-47.83937506151071,1.0,1,0,0.17185777747912956,0.8619112108029103,0.0,2.0151,1.8907,0.0,4.168,0.085,8.081000000000001
20260630,10.0,2,9,legacy_explicit_residual_gate,-47.74151208564322,1.0,1,0,nan,0.8527433857473785,0.0,1.9578,1.7713,3.7581,3.9172,0.7247,12.2988
20260630,10.0,2,9,projection_energy_gate,-47.74151208564322,1.0,1,0,0.110599961386876,0.8527433857473785,0.0,2.0873,1.9617,0.0,3.9561,0.1333,8.025
20260630,10.0,2,9,stage1_projection_energy_gate,-47.74151208564322,1.0,1,0,0.110599961386876,0.8527433857473785,0.0,2.0514,1.9522,0.0,3.9754,0.1628,8.157
20260630,10.0,2,9,axiswise_candan_joint_ls,-47.74151208564322,1.0,1,0,nan,0.8527433857473785,0.0,2.0559,2.008,0.0,3.8497,0.0,8.0173
20260630,10.0,2,10,projection_energy_gate,-47.295473680955446,1.0,1,0,0.3822328210719379,0.8200392489847377,0.0,1.929,1.8598,0.0,3.884,0.0994,7.9291
20260630,10.0,2,10,stage1_projection_energy_gate,-47.295473680955446,1.0,1,0,0.3822328210719379,0.8200392489847377,0.0,1.907,1.81,0.0,3.8022,0.0767,7.595899999999999
20260630,10.0,2,10,axiswise_candan_joint_ls,-47.295473680955446,1.0,1,0,nan,0.8200392489847377,0.0,1.8841,1.7893,0.0,3.8737,0.0,7.5230999999999995
20260630,10.0,2,10,legacy_explicit_residual_gate,-47.295473680955446,1.0,1,0,nan,0.8200392489847377,0.0,1.9797,1.7863,4.0093,3.8682,0.7163,12.6656
20260630,10.0,2,11,stage1_projection_energy_gate,-50.36282252257913,1.0,1,0,0.19101470429290499,0.8345613750406732,0.0,1.9999,1.921,0.0,3.975,0.1202,7.986999999999999
20260630,10.0,2,11,axiswise_candan_joint_ls,-50.36282252257913,1.0,1,0,nan,0.8345613750406732,0.0,2.0263,1.9882,0.0,3.9468,0.0,7.9159
20260630,10.0,2,11,legacy_explicit_residual_gate,-50.36282252257913,1.0,1,0,nan,0.8345613750406732,0.0,2.2078,2.0183,4.1442,4.0045,0.806,13.3462
20260630,10.0,2,11,projection_energy_gate,-50.36282252257913,1.0,1,0,0.19101470429290499,0.8345613750406732,0.0,1.8845,1.8723,0.0,3.9076,0.0954,7.787599999999999
20260630,10.0,2,12,axiswise_candan_joint_ls,-50.15409286285695,1.0,1,0,nan,0.8339609878203013,0.0,1.836,1.7515,0.0,3.6967,0.0,7.2531
20260630,10.0,2,12,legacy_explicit_residual_gate,-50.15409286285695,1.0,1,0,nan,0.8339609878203013,0.0,1.8061,1.6303,3.6005,3.5475,0.5806,11.2434
20260630,10.0,2,12,projection_energy_gate,-50.15409286285695,1.0,1,0,0.1981874999510375,0.8339609878203013,0.0,1.7679,1.6782,0.0,3.6177,0.0672,7.1958
20260630,10.0,2,12,stage1_projection_energy_gate,-50.15409286285695,1.0,1,0,0.1981874999510375,0.8339609878203013,0.0,1.7686,1.6559,0.0,3.6073,0.0743,7.1508
20260630,10.0,2,13,legacy_explicit_residual_gate,-40.297712167935025,1.0,1,0,nan,0.835083800638579,0.0,1.8085,1.6607,3.6275,3.6056,0.5924,11.2822
20260630,10.0,2,13,projection_energy_gate,-40.297712167935025,1.0,1,0,0.24209414574637125,0.835083800638579,0.0,1.7738,1.6858,0.0,3.6806,0.0717,7.2215
20260630,10.0,2,13,stage1_projection_energy_gate,-40.297712167935025,1.0,1,0,0.24209414574637125,0.835083800638579,0.0,1.7937,1.6922,0.0,3.684,0.0833,7.2556
20260630,10.0,2,13,axiswise_candan_joint_ls,-40.297712167935025,1.0,1,0,nan,0.835083800638579,0.0,1.8726,1.8448,0.0,4.0297,0.0,7.7407
20260630,10.0,2,14,projection_energy_gate,-51.546006368213504,1.0,1,0,0.20445288603233155,0.8417673657821824,0.0,1.9428,1.8399,0.0,3.8845,0.0989,7.7442
20260630,10.0,2,14,stage1_projection_energy_gate,-51.546006368213504,1.0,1,0,0.20445288603233155,0.8417673657821824,0.0,2.0974,1.9223,0.0,3.9543,0.1026,7.9654
20260630,10.0,2,14,axiswise_candan_joint_ls,-51.546006368213504,1.0,1,0,nan,0.8417673657821824,0.0,1.9886,1.8393,0.0,3.9958,0.0,7.8551
20260630,10.0,2,14,legacy_explicit_residual_gate,-51.546006368213504,1.0,1,0,nan,0.8417673657821824,0.0,2.0056,1.8418,3.96,3.8614,0.7277,12.412099999999999
20260630,10.0,2,15,stage1_projection_energy_gate,-9.599237469447637,0.5,1,0,0.12079690753474136,0.8195282060652064,0.16666666666666666,1.9538,1.8378,0.0,3.9337,0.0767,7.8121
20260630,10.0,2,15,axiswise_candan_joint_ls,-9.599237469447637,0.5,1,0,nan,0.8195282060652064,0.16666666666666666,2.0296,1.8742,0.0,4.1076,0.0,7.9944999999999995
20260630,10.0,2,15,legacy_explicit_residual_gate,-9.599237469447637,0.5,1,0,nan,0.8195282060652064,0.16666666666666666,2.0348,2.1086,4.1839,4.0495,0.7343,13.1876
20260630,10.0,2,15,projection_energy_gate,-9.599237469447637,0.5,1,0,0.12079690753474136,0.8195282060652064,0.16666666666666666,1.9795,1.8156,0.0,3.9616,0.0824,7.8507
20260630,10.0,2,16,axiswise_candan_joint_ls,-49.29762715027414,1.0,1,0,nan,0.8506041678732141,0.0,1.9356,1.8144,0.0,3.9899,0.0,7.7399000000000004
20260630,10.0,2,16,legacy_explicit_residual_gate,-49.29762715027414,1.0,1,0,nan,0.8506041678732141,0.0,2.0226,1.8721,4.0386,3.9996,0.7491,12.7706
20260630,10.0,2,16,projection_energy_gate,-49.29762715027414,1.0,1,0,0.22468530597512038,0.8506041678732141,0.0,1.9665,1.8683,0.0,4.0155,0.0787,7.926699999999999
20260630,10.0,2,16,stage1_projection_energy_gate,-49.29762715027414,1.0,1,0,0.22468530597512038,0.8506041678732141,0.0,1.9656,1.8711,0.0,4.0035,0.0874,7.9003000000000005
20260630,10.0,2,17,legacy_explicit_residual_gate,-49.01064145368264,1.0,1,0,nan,0.8157543372521537,0.0,2.0829,1.9215,4.0651,4.0158,0.7856,12.8449
20260630,10.0,2,17,projection_energy_gate,-49.01064145368264,1.0,1,0,0.3699452412177436,0.8157543372521537,0.0,1.9788,1.9248,0.0,3.9654,0.0798,7.939299999999999
20260630,10.0,2,17,stage1_projection_energy_gate,-49.01064145368264,1.0,1,0,0.3699452412177436,0.8157543372521537,0.0,1.9578,1.8742,0.0,4.0103,0.0761,7.9213
20260630,10.0,2,17,axiswise_candan_joint_ls,-49.01064145368264,1.0,1,0,nan,0.8157543372521537,0.0,1.9734,1.8224,0.0,4.0005,0.0,7.803
20260630,10.0,2,18,projection_energy_gate,-48.564753080589526,1.0,1,0,0.4201582296244473,0.8218856238718651,0.0,2.0194,1.8504,0.0,4.0718,0.0857,8.0203
20260630,10.0,2,18,stage1_projection_energy_gate,-48.564753080589526,1.0,1,0,0.4201582296244473,0.8218856238718651,0.0,2.02,1.8593,0.0,4.0243,0.093,8.036
20260630,10.0,2,18,axiswise_candan_joint_ls,-48.564753080589526,1.0,1,0,nan,0.8218856238718651,0.0,2.0125,1.8398,0.0,4.0633,0.0,7.9786
20260630,10.0,2,18,legacy_explicit_residual_gate,-48.564753080589526,1.0,1,0,nan,0.8218856238718651,0.0,2.4624,2.0683,4.4211,4.3539,0.9709,14.297500000000001
20260630,10.0,2,19,stage1_projection_energy_gate,-10.703421303415734,0.5,1,0,0.13046266302234485,0.8130920096383436,0.16666666666666666,1.9786,1.887,0.0,3.8655,0.1287,7.7862
20260630,10.0,2,19,axiswise_candan_joint_ls,-10.703421303415734,0.5,1,0,nan,0.8130920096383436,0.16666666666666666,2.0091,1.919,0.0,4.0673,0.0,7.977
20260630,10.0,2,19,legacy_explicit_residual_gate,-10.703421303415734,0.5,1,0,nan,0.8130920096383436,0.16666666666666666,2.1213,1.9903,4.2026,4.1236,0.8253,13.473299999999998
20260630,10.0,2,19,projection_energy_gate,-10.703421303415734,0.5,1,0,0.13046266302234485,0.8130920096383436,0.16666666666666666,2.2524,1.988,0.0,4.1427,0.151,8.498
20260630,10.0,4,0,axiswise_candan_joint_ls,-13.83493774596859,0.75,1,0,nan,0.8206235528362498,0.08333333333333333,1.7464,1.7534,0.0,7.0167,0.0,10.5143
20260630,10.0,4,0,legacy_explicit_residual_gate,-13.83493774596859,0.75,1,0,nan,0.8206235528362498,0.08333333333333333,1.9107,1.7932,6.9579,6.8782,0.6295,18.1657
20260630,10.0,4,0,projection_energy_gate,-13.83493774596859,0.75,1,0,0.18119032851069755,0.8206235528362498,0.08333333333333333,1.8623,1.8341,0.0,7.1351,0.1491,10.9734
20260630,10.0,4,0,stage1_projection_energy_gate,-13.83493774596859,0.75,1,0,0.18119032851069755,0.8206235528362498,0.08333333333333333,1.9041,1.8771,0.0,7.0131,0.1312,10.9535
20260630,10.0,4,1,legacy_explicit_residual_gate,-15.33584744018972,0.75,1,0,nan,0.8224658983363909,0.08333333333333333,1.911,1.7845,7.4116,7.2664,0.7904,19.677999999999997
20260630,10.0,4,1,projection_energy_gate,-15.33584744018972,0.75,1,0,0.22543730523025435,0.8224658983363909,0.08333333333333333,2.0641,2.0215,0.0,7.1611,0.1396,11.4665
20260630,10.0,4,1,stage1_projection_energy_gate,-15.33584744018972,0.75,1,0,0.22543730523025435,0.8224658983363909,0.08333333333333333,1.9185,1.8846,0.0,7.0625,0.1221,11.197999999999999
20260630,10.0,4,1,axiswise_candan_joint_ls,-15.33584744018972,0.75,1,0,nan,0.8224658983363909,0.08333333333333333,1.9564,1.9258,0.0,7.3323,0.0,11.179499999999999
20260630,10.0,4,2,projection_energy_gate,-19.80065327934114,0.5,1,0,0.1560418501530331,0.8171202112617248,0.08333333333333333,2.0082,1.9965,0.0,7.3871,0.123,11.7337
20260630,10.0,4,2,stage1_projection_energy_gate,-19.80065327934114,0.5,1,0,0.1560418501530331,0.8171202112617248,0.08333333333333333,1.9936,1.9414,0.0,7.4111,0.1276,11.4854
20260630,10.0,4,2,axiswise_candan_joint_ls,-19.80065327934114,0.5,1,0,nan,0.8171202112617248,0.08333333333333333,2.0329,1.9766,0.0,7.4127,0.0,11.4297
20260630,10.0,4,2,legacy_explicit_residual_gate,-19.80065327934114,0.5,1,0,nan,0.8171202112617248,0.08333333333333333,1.9793,1.9197,7.5182,7.2559,0.753,19.3668
20260630,10.0,4,3,stage1_projection_energy_gate,-44.103141404070755,1.0,1,0,0.3724866543465871,0.8142290085194835,0.0,1.8665,1.8307,0.0,7.0627,0.1453,10.942400000000001
20260630,10.0,4,3,axiswise_candan_joint_ls,-44.103141404070755,1.0,1,0,nan,0.8142290085194835,0.0,1.843,1.8532,0.0,7.0886,0.0,11.0687
20260630,10.0,4,3,legacy_explicit_residual_gate,-44.103141404070755,1.0,1,0,nan,0.8142290085194835,0.0,1.9695,1.8291,7.6212,7.187,0.755,19.7477
20260630,10.0,4,3,projection_energy_gate,-44.103141404070755,1.0,1,0,0.3724866543465871,0.8142290085194835,0.0,1.9854,1.9776,0.0,7.3859,0.1896,11.6439
20260630,10.0,4,4,axiswise_candan_joint_ls,-45.631128578216014,1.0,1,0,nan,0.8189805191793487,0.0,1.961,1.9638,0.0,7.422,0.0,11.347
20260630,10.0,4,4,legacy_explicit_residual_gate,-45.631128578216014,1.0,1,0,nan,0.8189805191793487,0.0,2.1348,2.0811,7.5798,7.2593,0.7813,19.9887
20260630,10.0,4,4,projection_energy_gate,-45.631128578216014,1.0,1,0,0.3065581612102033,0.8189805191793487,0.0,1.959,1.9836,0.0,7.3247,0.2224,11.4009
20260630,10.0,4,4,stage1_projection_energy_gate,-45.631128578216014,1.0,1,0,0.3065581612102033,0.8189805191793487,0.0,2.0341,2.0177,0.0,7.6301,0.1791,11.893299999999998
20260630,10.0,4,5,legacy_explicit_residual_gate,-21.414104793269104,0.75,1,0,nan,0.8188265111491878,0.08333333333333333,2.2735,2.0487,7.5021,7.2305,0.7603,19.8148
20260630,10.0,4,5,projection_energy_gate,-21.414104793269104,0.75,1,0,0.2807889253405841,0.8188265111491878,0.08333333333333333,2.0052,1.9624,0.0,7.157,0.1231,11.220300000000002
20260630,10.0,4,5,stage1_projection_energy_gate,-21.414104793269104,0.75,1,0,0.2807889253405841,0.8188265111491878,0.08333333333333333,1.9916,1.961,0.0,7.1786,0.1138,11.2866
20260630,10.0,4,5,axiswise_candan_joint_ls,-21.414104793269104,0.75,1,0,nan,0.8188265111491878,0.08333333333333333,2.0186,1.9818,0.0,7.2509,0.0,11.2362
20260630,10.0,4,6,projection_energy_gate,-13.406610547743647,0.75,1,0,0.15211936256676425,0.8432871432998801,0.08333333333333333,2.0063,2.0031,0.0,7.2762,0.1247,11.438100000000002
20260630,10.0,4,6,stage1_projection_energy_gate,-13.406610547743647,0.75,1,0,0.15211936256676425,0.8432871432998801,0.08333333333333333,1.9896,2.0322,0.0,7.386,0.1276,11.6054
20260630,10.0,4,6,axiswise_candan_joint_ls,-13.406610547743647,0.75,1,0,nan,0.8432871432998801,0.08333333333333333,2.0507,1.9791,0.0,7.4509,0.0,11.4693
20260630,10.0,4,6,legacy_explicit_residual_gate,-13.406610547743647,0.75,1,0,nan,0.8432871432998801,0.08333333333333333,2.1199,2.0408,7.41,7.4566,0.7763,19.726600000000005
20260630,10.0,4,7,stage1_projection_energy_gate,-28.99844365468777,0.75,1,0,0.25421268274680775,0.8308585742871472,0.08333333333333333,2.1985,2.095,0.0,8.6595,0.175,13.050600000000001
20260630,10.0,4,7,axiswise_candan_joint_ls,-28.99844365468777,0.75,1,0,nan,0.8308585742871472,0.08333333333333333,2.108,1.9518,0.0,7.1933,0.0,11.313400000000001
20260630,10.0,4,7,legacy_explicit_residual_gate,-28.99844365468777,0.75,1,0,nan,0.8308585742871472,0.08333333333333333,1.9167,1.7815,6.9173,6.891,0.6217,18.1152
20260630,10.0,4,7,projection_energy_gate,-28.99844365468777,0.75,1,0,0.25421268274680775,0.8308585742871472,0.08333333333333333,1.8437,1.9047,0.0,6.8962,0.1366,10.8579
20260630,10.0,4,8,axiswise_candan_joint_ls,-46.4498921294954,1.0,1,0,nan,0.8296940424707779,0.0,1.8145,1.7848,0.0,6.9011,0.0,10.5214
20260630,10.0,4,8,legacy_explicit_residual_gate,-46.4498921294954,1.0,1,0,nan,0.8296940424707779,0.0,1.9126,1.7726,6.9767,7.0085,0.6376,18.291199999999996
20260630,10.0,4,8,projection_energy_gate,-46.4498921294954,1.0,1,0,0.19968346790372682,0.8296940424707779,0.0,1.9021,1.878,0.0,7.1248,0.146,11.0607
20260630,10.0,4,8,stage1_projection_energy_gate,-46.4498921294954,1.0,1,0,0.19968346790372682,0.8296940424707779,0.0,1.8529,1.8254,0.0,6.8512,0.134,10.6649
20260630,10.0,4,9,legacy_explicit_residual_gate,-10.635675795029764,0.75,1,0,nan,0.8142061818821572,0.08333333333333333,1.9552,1.8225,7.1526,6.9688,0.6616,18.3806
20260630,10.0,4,9,projection_energy_gate,-10.635675795029764,0.75,1,0,0.3334615958630118,0.8142061818821572,0.08333333333333333,1.9085,1.9147,0.0,7.223,0.1251,11.2876
20260630,10.0,4,9,stage1_projection_energy_gate,-10.635675795029764,0.75,1,0,0.3334615958630118,0.8142061818821572,0.08333333333333333,1.9055,1.8592,0.0,7.2316,0.1229,11.1275
20260630,10.0,4,9,axiswise_candan_joint_ls,-10.635675795029764,0.75,1,0,nan,0.8142061818821572,0.08333333333333333,2.1518,1.9637,0.0,7.3721,0.0,11.490300000000001
20260630,10.0,4,10,projection_energy_gate,-16.644772359589176,0.75,1,0,0.11837793420449942,0.8293968198473531,0.08333333333333333,1.9552,1.9054,0.0,7.217,0.1219,11.4648
20260630,10.0,4,10,stage1_projection_energy_gate,-16.644772359589176,0.75,1,0,0.11837793420449942,0.8293968198473531,0.08333333333333333,1.9344,1.9153,0.0,7.2263,0.1239,11.1851
20260630,10.0,4,10,axiswise_candan_joint_ls,-16.644772359589176,0.75,1,0,nan,0.8293968198473531,0.08333333333333333,2.1056,1.9338,0.0,7.211,0.0,11.2012
20260630,10.0,4,10,legacy_explicit_residual_gate,-16.644772359589176,0.75,1,0,nan,0.8293968198473531,0.08333333333333333,2.1721,2.0573,7.4387,7.368,0.7407,19.6668
20260630,10.0,4,11,stage1_projection_energy_gate,-12.604956322406808,0.5,1,0,0.3335699720005402,0.8180273098518346,0.08333333333333333,1.9956,1.9298,0.0,7.3645,0.1179,11.407399999999999
20260630,10.0,4,11,axiswise_candan_joint_ls,-12.604956322406808,0.5,1,0,nan,0.8180273098518346,0.08333333333333333,1.9841,1.9272,0.0,7.4879,0.0,11.37
20260630,10.0,4,11,legacy_explicit_residual_gate,-12.604956322406808,0.5,1,0,nan,0.8180273098518346,0.08333333333333333,2.176,2.0721,7.8609,7.9504,0.81,21.419900000000002
20260630,10.0,4,11,projection_energy_gate,-12.604956322406808,0.5,1,0,0.3335699720005402,0.8180273098518346,0.08333333333333333,1.8975,1.8879,0.0,7.101,0.1626,11.0736
20260630,10.0,4,12,axiswise_candan_joint_ls,-19.179592717293772,0.75,1,0,nan,0.8168843413963497,0.08333333333333333,1.8934,1.8747,0.0,6.8519,0.0,10.5909
20260630,10.0,4,12,legacy_explicit_residual_gate,-19.179592717293772,0.75,1,0,nan,0.8168843413963497,0.08333333333333333,1.9434,1.8922,7.3133,7.1162,0.6983,19.1867
20260630,10.0,4,12,projection_energy_gate,-19.179592717293772,0.75,1,0,0.292094449744832,0.8168843413963497,0.08333333333333333,1.8653,1.8489,0.0,6.9671,0.137,10.8648
20260630,10.0,4,12,stage1_projection_energy_gate,-19.179592717293772,0.75,1,0,0.292094449744832,0.8168843413963497,0.08333333333333333,1.8189,1.7917,0.0,6.8378,0.1208,10.6528
20260630,10.0,4,13,legacy_explicit_residual_gate,-41.234307496996706,1.0,1,0,nan,0.8342922594198816,0.0,2.0137,1.8656,6.9299,6.7872,0.6302,18.243499999999997
20260630,10.0,4,13,projection_energy_gate,-41.234307496996706,1.0,1,0,0.20183510603196173,0.8342922594198816,0.0,1.9193,1.9511,0.0,7.309,0.1437,11.361
20260630,10.0,4,13,stage1_projection_energy_gate,-41.234307496996706,1.0,1,0,0.20183510603196173,0.8342922594198816,0.0,1.9565,1.9452,0.0,7.0846,0.157,11.201600000000001
20260630,10.0,4,13,axiswise_candan_joint_ls,-41.234307496996706,1.0,1,0,nan,0.8342922594198816,0.0,1.8935,1.8471,0.0,7.034,0.0,10.7996
20260630,10.0,4,14,projection_energy_gate,-43.93344402911319,1.0,1,0,0.29723338287161233,0.8166984057187172,0.0,1.8926,1.8891,0.0,7.0911,0.118,11.0315
20260630,10.0,4,14,stage1_projection_energy_gate,-43.93344402911319,1.0,1,0,0.29723338287161233,0.8166984057187172,0.0,1.9515,1.9647,0.0,7.2582,0.1272,11.440600000000002
20260630,10.0,4,14,axiswise_candan_joint_ls,-43.93344402911319,1.0,1,0,nan,0.8166984057187172,0.0,1.964,1.9353,0.0,7.2087,0.0,11.1571
20260630,10.0,4,14,legacy_explicit_residual_gate,-43.93344402911319,1.0,1,0,nan,0.8166984057187172,0.0,2.1672,1.9391,7.3045,7.3827,0.7449,19.4906
20260630,10.0,4,15,stage1_projection_energy_gate,-21.58518388992979,0.75,1,0,0.2707807506364085,0.8200300014567353,0.08333333333333333,1.9696,1.981,0.0,7.3969,0.1227,11.4338
20260630,10.0,4,15,axiswise_candan_joint_ls,-21.58518388992979,0.75,1,0,nan,0.8200300014567353,0.08333333333333333,2.0034,2.0194,0.0,7.2895,0.0,11.312100000000001
20260630,10.0,4,15,legacy_explicit_residual_gate,-21.58518388992979,0.75,1,0,nan,0.8200300014567353,0.08333333333333333,2.0891,1.9873,7.4801,7.4482,0.7771,19.753800000000002
20260630,10.0,4,15,projection_energy_gate,-21.58518388992979,0.75,1,0,0.2707807506364085,0.8200300014567353,0.08333333333333333,2.3003,2.0857,0.0,7.5857,0.1481,12.1734
20260630,10.0,4,16,axiswise_candan_joint_ls,-11.121835379465868,0.75,1,0,nan,0.8203364452394917,0.08333333333333333,1.918,1.9094,0.0,7.2571,0.0,11.1323
20260630,10.0,4,16,legacy_explicit_residual_gate,-11.121835379465868,0.75,1,0,nan,0.8203364452394917,0.08333333333333333,1.8789,1.7961,6.8925,6.8173,0.6933,18.1555
20260630,10.0,4,16,projection_energy_gate,-11.121835379465868,0.75,1,0,0.18682442750417147,0.8203364452394917,0.08333333333333333,1.811,1.793,0.0,6.8039,0.1188,10.4987
20260630,10.0,4,16,stage1_projection_energy_gate,-11.121835379465868,0.75,1,0,0.18682442750417147,0.8203364452394917,0.08333333333333333,1.831,1.8058,0.0,6.8001,0.1316,10.5618
20260630,10.0,4,17,legacy_explicit_residual_gate,-13.615861335494175,0.75,1,0,nan,0.8140564452943729,0.08333333333333333,2.0654,1.9519,6.9591,7.0001,0.718,19.0293
20260630,10.0,4,17,projection_energy_gate,-13.615861335494175,0.75,1,0,0.2210464361314113,0.8140564452943729,0.08333333333333333,1.8638,1.8648,0.0,7.1722,0.1462,11.288699999999999
20260630,10.0,4,17,stage1_projection_energy_gate,-13.615861335494175,0.75,1,0,0.2210464361314113,0.8140564452943729,0.08333333333333333,1.8176,1.7985,0.0,6.8527,0.1105,10.613900000000001
20260630,10.0,4,17,axiswise_candan_joint_ls,-13.615861335494175,0.75,1,0,nan,0.8140564452943729,0.08333333333333333,1.806,1.8173,0.0,7.0092,0.0,10.6501
20260630,10.0,4,18,projection_energy_gate,-9.412737272222335,0.5,1,0,0.31095166766693244,0.8132759134878969,0.16666666666666666,1.8798,1.899,0.0,6.9757,0.1305,10.8809
20260630,10.0,4,18,stage1_projection_energy_gate,-9.412737272222335,0.5,1,0,0.31095166766693244,0.8132759134878969,0.16666666666666666,1.9976,1.9018,0.0,7.1134,0.1256,11.2077
20260630,10.0,4,18,axiswise_candan_joint_ls,-9.412737272222335,0.5,1,0,nan,0.8132759134878969,0.16666666666666666,2.0135,1.9187,0.0,7.105,0.0,10.9747
20260630,10.0,4,18,legacy_explicit_residual_gate,-9.412737272222335,0.5,1,0,nan,0.8132759134878969,0.16666666666666666,2.0301,1.9121,7.0184,7.1479,0.7105,18.8221
20260630,10.0,4,19,stage1_projection_energy_gate,-48.29096429117,1.0,1,0,0.2508851868705795,0.8284045058551462,0.0,1.913,1.8138,0.0,7.3329,0.1652,11.1984
20260630,10.0,4,19,axiswise_candan_joint_ls,-48.29096429117,1.0,1,0,nan,0.8284045058551462,0.0,1.8903,1.8442,0.0,7.0304,0.0,10.7649
20260630,10.0,4,19,legacy_explicit_residual_gate,-48.29096429117,1.0,1,0,nan,0.8284045058551462,0.0,1.9656,1.8058,6.971,6.7932,0.6235,18.1908
20260630,10.0,4,19,projection_energy_gate,-48.29096429117,1.0,1,0,0.2508851868705795,0.8284045058551462,0.0,1.8712,1.8187,0.0,6.8765,0.1251,10.7082
20260630,10.0,8,0,axiswise_candan_joint_ls,-21.223941417419425,0.875,1,0,nan,0.7898084957422048,0.041666666666666664,1.856,1.9661,0.0,14.9401,0.0,18.868000000000002
20260630,10.0,8,0,legacy_explicit_residual_gate,-21.223941417419425,0.875,1,0,nan,0.7898084957422048,0.041666666666666664,1.8614,1.9333,14.7601,14.8658,0.7326,34.413999999999994
20260630,10.0,8,0,projection_energy_gate,-21.223941417419425,0.875,1,0,0.3874785533982806,0.7898084957422048,0.041666666666666664,1.9761,2.0836,0.0,15.0201,0.153,19.232799999999997
20260630,10.0,8,0,stage1_projection_energy_gate,-21.223941417419425,0.875,1,0,0.3874785533982806,0.7898084957422048,0.041666666666666664,1.9865,2.046,0.0,15.4673,0.1633,19.6641
20260630,10.0,8,1,legacy_explicit_residual_gate,-13.811723771633538,0.75,1,0,nan,0.81711644564027,0.08333333333333333,2.0607,1.9127,14.8377,14.6719,0.6396,34.17659999999999
20260630,10.0,8,1,projection_energy_gate,-13.811723771633538,0.75,1,0,0.24654538309097032,0.81711644564027,0.08333333333333333,1.8789,2.0381,0.0,16.5627,0.1996,20.598399999999998
20260630,10.0,8,1,stage1_projection_energy_gate,-13.811723771633538,0.75,1,0,0.24654538309097032,0.81711644564027,0.08333333333333333,1.894,2.0577,0.0,15.3896,0.14,20.0477
20260630,10.0,8,1,axiswise_candan_joint_ls,-13.811723771633538,0.75,1,0,nan,0.81711644564027,0.08333333333333333,1.8426,1.9481,0.0,14.9899,0.0,18.7286
20260630,10.0,8,2,projection_energy_gate,-13.53874793892584,0.75,1,0,0.1962599213206315,0.8145166290365478,0.08333333333333333,1.8303,1.9133,0.0,15.1659,0.158,19.035100000000003
20260630,10.0,8,2,stage1_projection_energy_gate,-13.53874793892584,0.75,1,0,0.1962599213206315,0.8145166290365478,0.08333333333333333,1.8829,1.9385,0.0,15.1279,0.168,19.0651
20260630,10.0,8,2,axiswise_candan_joint_ls,-13.53874793892584,0.75,1,0,nan,0.8145166290365478,0.08333333333333333,1.9005,1.8896,0.0,14.7538,0.0,18.6161
20260630,10.0,8,2,legacy_explicit_residual_gate,-13.53874793892584,0.75,1,0,nan,0.8145166290365478,0.08333333333333333,1.92,1.9321,14.7768,14.8884,0.7287,34.2644
20260630,10.0,8,3,stage1_projection_energy_gate,-11.421577851281581,0.75,1,0,0.2406300214216376,0.8231189937177701,0.08333333333333333,1.9142,1.8844,0.0,15.2027,0.1563,19.1993
20260630,10.0,8,3,axiswise_candan_joint_ls,-11.421577851281581,0.75,1,0,nan,0.8231189937177701,0.08333333333333333,1.9349,1.9982,0.0,14.9075,0.0,18.7439
20260630,10.0,8,3,legacy_explicit_residual_gate,-11.421577851281581,0.75,1,0,nan,0.8231189937177701,0.08333333333333333,2.0822,1.9986,15.2456,15.4519,0.7656,35.5173
20260630,10.0,8,3,projection_energy_gate,-11.421577851281581,0.75,1,0,0.2406300214216376,0.8231189937177701,0.08333333333333333,1.8239,1.8965,0.0,14.7198,0.1535,18.598
20260630,10.0,8,4,axiswise_candan_joint_ls,-13.254278720934611,0.75,1,0,nan,0.8197964785808941,0.041666666666666664,1.8208,1.9569,0.0,14.6284,0.0,18.377000000000002
20260630,10.0,8,4,legacy_explicit_residual_gate,-13.254278720934611,0.75,1,0,nan,0.8197964785808941,0.041666666666666664,1.9901,1.9473,15.1857,15.1543,0.7978,34.9926
20260630,10.0,8,4,projection_energy_gate,-13.254278720934611,0.75,1,0,0.21181192673908691,0.8197964785808941,0.041666666666666664,1.9874,2.0015,0.0,15.729,0.1553,19.7789
20260630,10.0,8,4,stage1_projection_energy_gate,-13.254278720934611,0.75,1,0,0.21181192673908691,0.8197964785808941,0.041666666666666664,1.9087,2.0177,0.0,15.2993,0.161,19.441100000000002
20260630,10.0,8,5,legacy_explicit_residual_gate,-13.52390411846059,0.875,1,0,nan,0.8132223860906155,0.041666666666666664,1.983,1.964,15.5931,14.8954,0.6705,34.9039
20260630,10.0,8,5,projection_energy_gate,-13.52390411846059,0.875,1,0,0.2910732104191274,0.8132223860906155,0.041666666666666664,1.9778,1.9387,0.0,14.614,0.1561,18.6688
20260630,10.0,8,5,stage1_projection_energy_gate,-13.52390411846059,0.875,1,0,0.2910732104191274,0.8132223860906155,0.041666666666666664,1.8908,1.8609,0.0,14.6902,0.1373,18.6874
20260630,10.0,8,5,axiswise_candan_joint_ls,-13.52390411846059,0.875,1,0,nan,0.8132223860906155,0.041666666666666664,1.9009,1.9764,0.0,14.9802,0.0,18.853
20260630,10.0,8,6,projection_energy_gate,-16.071019317404055,0.875,1,0,0.21633047251426413,0.8225568436300373,0.041666666666666664,1.8752,1.8961,0.0,14.967,0.1646,18.866300000000003
20260630,10.0,8,6,stage1_projection_energy_gate,-16.071019317404055,0.875,1,0,0.21633047251426413,0.8225568436300373,0.041666666666666664,1.9864,1.9252,0.0,15.2883,0.1695,19.3762
20260630,10.0,8,6,axiswise_candan_joint_ls,-16.071019317404055,0.875,1,0,nan,0.8225568436300373,0.041666666666666664,1.9848,2.002,0.0,15.7082,0.0,19.6772
20260630,10.0,8,6,legacy_explicit_residual_gate,-16.071019317404055,0.875,1,0,nan,0.8225568436300373,0.041666666666666664,1.9364,1.9123,14.9562,14.8151,0.7104,34.1878
20260630,10.0,8,7,stage1_projection_energy_gate,-18.734977378062332,0.875,1,0,0.22700580149397923,0.8220393203859309,0.041666666666666664,1.8025,1.913,0.0,14.7162,0.1567,18.602400000000003
20260630,10.0,8,7,axiswise_candan_joint_ls,-18.734977378062332,0.875,1,0,nan,0.8220393203859309,0.041666666666666664,1.9195,1.8959,0.0,14.8706,0.0,18.689
20260630,10.0,8,7,legacy_explicit_residual_gate,-18.734977378062332,0.875,1,0,nan,0.8220393203859309,0.041666666666666664,1.918,1.8848,14.9978,15.0917,0.6788,34.689
20260630,10.0,8,7,projection_energy_gate,-18.734977378062332,0.875,1,0,0.22700580149397923,0.8220393203859309,0.041666666666666664,1.9287,1.9146,0.0,14.9255,0.1503,19.1386
20260630,10.0,8,8,axiswise_candan_joint_ls,-12.75846795308123,0.75,1,0,nan,0.8190784332760765,0.08333333333333333,1.9518,1.9143,0.0,14.7593,0.0,18.6163
20260630,10.0,8,8,legacy_explicit_residual_gate,-12.75846795308123,0.75,1,0,nan,0.8190784332760765,0.08333333333333333,1.8867,1.8853,14.8447,14.6413,0.6302,34.0137
20260630,10.0,8,8,projection_energy_gate,-12.75846795308123,0.75,1,0,0.22227586616602935,0.8190784332760765,0.08333333333333333,2.0235,2.0513,0.0,15.5471,0.1544,19.8802
20260630,10.0,8,8,stage1_projection_energy_gate,-12.75846795308123,0.75,1,0,0.22227586616602935,0.8190784332760765,0.08333333333333333,1.8972,2.0037,0.0,15.1991,0.1996,19.2884
20260630,10.0,8,9,legacy_explicit_residual_gate,-12.515247767190585,0.625,1,0,nan,0.8130426563656619,0.08333333333333333,1.9443,1.9098,14.9887,15.0953,0.7101,34.74720000000001
20260630,10.0,8,9,projection_energy_gate,-12.515247767190585,0.625,1,0,0.2367775133931786,0.8130426563656619,0.08333333333333333,1.8706,1.9216,0.0,14.8382,0.1407,18.7641
20260630,10.0,8,9,stage1_projection_energy_gate,-12.515247767190585,0.625,1,0,0.2367775133931786,0.8130426563656619,0.08333333333333333,1.8536,1.9643,0.0,14.8406,0.1638,18.799699999999998
20260630,10.0,8,9,axiswise_candan_joint_ls,-12.515247767190585,0.625,1,0,nan,0.8130426563656619,0.08333333333333333,1.8433,1.9276,0.0,14.8697,0.0,18.6095
20260630,10.0,8,10,projection_energy_gate,-13.99553083357935,0.875,1,0,0.16591829011330828,0.8157019736277102,0.041666666666666664,1.9187,1.9873,0.0,15.3271,0.1548,19.4972
20260630,10.0,8,10,stage1_projection_energy_gate,-13.99553083357935,0.875,1,0,0.16591829011330828,0.8157019736277102,0.041666666666666664,1.8126,1.8696,0.0,14.6079,0.1353,18.4231
20260630,10.0,8,10,axiswise_candan_joint_ls,-13.99553083357935,0.875,1,0,nan,0.8157019736277102,0.041666666666666664,1.8151,1.9069,0.0,14.959,0.0,18.6118
20260630,10.0,8,10,legacy_explicit_residual_gate,-13.99553083357935,0.875,1,0,nan,0.8157019736277102,0.041666666666666664,1.9288,1.9543,14.8696,15.1467,0.6465,34.6238
20260630,10.0,8,11,stage1_projection_energy_gate,-19.898344309802813,0.875,1,0,0.24207108501559443,0.8119474730022949,0.041666666666666664,1.8593,1.933,0.0,14.5928,0.1412,18.5183
20260630,10.0,8,11,axiswise_candan_joint_ls,-19.898344309802813,0.875,1,0,nan,0.8119474730022949,0.041666666666666664,1.8565,1.919,0.0,15.1442,0.0,19.0151
20260630,10.0,8,11,legacy_explicit_residual_gate,-19.898344309802813,0.875,1,0,nan,0.8119474730022949,0.041666666666666664,1.8729,1.8923,14.7801,15.2752,0.6688,34.8319
20260630,10.0,8,11,projection_energy_gate,-19.898344309802813,0.875,1,0,0.24207108501559443,0.8119474730022949,0.041666666666666664,1.9425,2.0046,0.0,15.3718,0.153,19.5711
20260630,10.0,8,12,axiswise_candan_joint_ls,-15.971422760740378,0.625,1,0,nan,0.8210510480079918,0.08333333333333333,1.8546,1.9162,0.0,14.7758,0.0,18.5357
20260630,10.0,8,12,legacy_explicit_residual_gate,-15.971422760740378,0.625,1,0,nan,0.8210510480079918,0.08333333333333333,1.9358,1.8899,14.9067,14.9111,0.6338,34.3733
20260630,10.0,8,12,projection_energy_gate,-15.971422760740378,0.625,1,0,0.2800111970068774,0.8210510480079918,0.08333333333333333,1.8302,1.9243,0.0,15.2314,0.1777,19.2286
20260630,10.0,8,12,stage1_projection_energy_gate,-15.971422760740378,0.625,1,0,0.2800111970068774,0.8210510480079918,0.08333333333333333,1.8592,1.9346,0.0,14.8258,0.1332,18.744799999999998
20260630,10.0,8,13,legacy_explicit_residual_gate,-19.28694291593349,0.75,1,0,nan,0.8168122238365474,0.08333333333333333,2.0842,2.1263,15.2987,15.512,0.75,78.8288
20260630,10.0,8,13,projection_energy_gate,-19.28694291593349,0.75,1,0,0.2856965625301104,0.8168122238365474,0.08333333333333333,1.9764,2.0312,0.0,14.9575,0.1374,19.1025
20260630,10.0,8,13,stage1_projection_energy_gate,-19.28694291593349,0.75,1,0,0.2856965625301104,0.8168122238365474,0.08333333333333333,1.9061,1.9538,0.0,15.2054,0.157,19.2587
20260630,10.0,8,13,axiswise_candan_joint_ls,-19.28694291593349,0.75,1,0,nan,0.8168122238365474,0.08333333333333333,1.9183,1.9665,0.0,15.385,0.0,19.127299999999998
20260630,10.0,8,14,projection_energy_gate,-12.987459658376814,0.625,1,0,0.1359388118705759,0.39465766580134515,0.08333333333333333,1.89,1.9116,0.0,14.9733,0.138,18.857599999999998
20260630,10.0,8,14,stage1_projection_energy_gate,-12.987459658376814,0.625,1,0,0.1359388118705759,0.39465766580134515,0.08333333333333333,1.8676,1.9194,0.0,15.0104,0.1358,18.9019
20260630,10.0,8,14,axiswise_candan_joint_ls,-12.987459658376814,0.625,1,0,nan,0.39465766580134515,0.08333333333333333,1.8407,1.9455,0.0,15.2093,0.0,18.9409
20260630,10.0,8,14,legacy_explicit_residual_gate,-12.987459658376814,0.625,1,0,nan,0.39465766580134515,0.08333333333333333,1.9588,2.0233,15.3367,14.9508,0.7279,34.996199999999995
20260630,10.0,8,15,stage1_projection_energy_gate,-15.145362994121847,0.625,1,0,0.22632383386256813,0.8092332709674158,0.08333333333333333,1.8672,1.9377,0.0,14.9368,0.1508,18.922900000000002
20260630,10.0,8,15,axiswise_candan_joint_ls,-15.145362994121847,0.625,1,0,nan,0.8092332709674158,0.08333333333333333,1.8535,1.9122,0.0,14.9225,0.0,18.689999999999998
20260630,10.0,8,15,legacy_explicit_residual_gate,-15.145362994121847,0.625,1,0,nan,0.8092332709674158,0.08333333333333333,1.9601,1.8826,14.8478,14.947,0.6397,34.272299999999994
20260630,10.0,8,15,projection_energy_gate,-15.145362994121847,0.625,1,0,0.22632383386256813,0.8092332709674158,0.08333333333333333,1.8619,1.9776,0.0,15.2204,0.1566,19.348899999999997
20260630,10.0,8,16,axiswise_candan_joint_ls,-41.35769508408286,1.0,1,0,nan,0.8232480750029908,0.0,1.9103,2.0108,0.0,14.9388,0.0,18.843400000000003
20260630,10.0,8,16,legacy_explicit_residual_gate,-41.35769508408286,1.0,1,0,nan,0.8232480750029908,0.0,2.1207,2.0543,15.0428,15.1786,0.7362,35.254200000000004
20260630,10.0,8,16,projection_energy_gate,-41.35769508408286,1.0,1,0,0.18291947195037433,0.8232480750029908,0.0,2.157,2.0964,0.0,15.5056,0.1547,20.025000000000002
20260630,10.0,8,16,stage1_projection_energy_gate,-41.35769508408286,1.0,1,0,0.18291947195037433,0.8232480750029908,0.0,1.9289,2.0367,0.0,15.0901,0.1409,19.1981
20260630,10.0,8,17,legacy_explicit_residual_gate,-15.20983883628306,0.875,1,0,nan,0.8235792515732691,0.041666666666666664,1.9823,1.941,15.0487,14.8799,0.6424,34.5093
20260630,10.0,8,17,projection_energy_gate,-15.20983883628306,0.875,1,0,0.2813432442394185,0.8235792515732691,0.041666666666666664,1.8964,1.9919,0.0,15.1728,0.164,19.2516
20260630,10.0,8,17,stage1_projection_energy_gate,-15.20983883628306,0.875,1,0,0.2813432442394185,0.8235792515732691,0.041666666666666664,1.9445,1.9727,0.0,15.1534,0.1388,19.301399999999997
20260630,10.0,8,17,axiswise_candan_joint_ls,-15.20983883628306,0.875,1,0,nan,0.8235792515732691,0.041666666666666664,1.8885,1.9057,0.0,14.7138,0.0,18.5244
20260630,10.0,8,18,projection_energy_gate,-15.282556406198388,0.875,1,0,0.1848218198206317,0.8238132963168942,0.041666666666666664,1.966,2.0223,0.0,15.0679,0.1321,19.1883
20260630,10.0,8,18,stage1_projection_energy_gate,-15.282556406198388,0.875,1,0,0.1848218198206317,0.8238132963168942,0.041666666666666664,1.9243,2.0227,0.0,15.2827,0.1875,19.5152
20260630,10.0,8,18,axiswise_candan_joint_ls,-15.282556406198388,0.875,1,0,nan,0.8238132963168942,0.041666666666666664,1.8762,2.0509,0.0,15.0365,0.0,18.9761
20260630,10.0,8,18,legacy_explicit_residual_gate,-15.282556406198388,0.875,1,0,nan,0.8238132963168942,0.041666666666666664,1.9441,1.9232,14.734,15.0108,0.6591,34.609
20260630,10.0,8,19,stage1_projection_energy_gate,-17.51674832036179,0.75,1,0,0.34033157247285284,0.8172970551364962,0.08333333333333333,1.839,1.9548,0.0,14.9625,0.1393,18.8662
20260630,10.0,8,19,axiswise_candan_joint_ls,-17.51674832036179,0.75,1,0,nan,0.8172970551364962,0.08333333333333333,1.8789,2.0265,0.0,15.3648,0.0,19.1487
20260630,10.0,8,19,legacy_explicit_residual_gate,-17.51674832036179,0.75,1,0,nan,0.8172970551364962,0.08333333333333333,1.9106,1.8999,15.0591,15.0896,0.6629,34.6603
20260630,10.0,8,19,projection_energy_gate,-17.51674832036179,0.75,1,0,0.34033157247285284,0.8172970551364962,0.08333333333333333,1.8412,1.9323,0.0,14.7376,0.1449,18.7803
20260630,20.0,2,0,axiswise_candan_joint_ls,-59.1005621696716,1.0,1,0,nan,0.8178404079372531,0.0,1.8336,1.7088,0.0,3.6491,0.0,7.197
20260630,20.0,2,0,legacy_explicit_residual_gate,-59.1005621696716,1.0,1,0,nan,0.8178404079372531,0.0,1.8732,1.6864,3.6925,3.6803,0.6461,11.815199999999999
20260630,20.0,2,0,projection_energy_gate,-59.1005621696716,1.0,1,0,0.34233813966262405,0.8178404079372531,0.0,1.9146,1.8353,0.0,3.8138,0.0985,7.6621
20260630,20.0,2,0,stage1_projection_energy_gate,-59.1005621696716,1.0,1,0,0.34233813966262405,0.8178404079372531,0.0,1.7673,1.654,0.0,3.6812,0.0685,7.171
20260630,20.0,2,1,legacy_explicit_residual_gate,-61.57546167031327,1.0,1,0,nan,0.8246308630100186,0.0,1.8394,1.7009,3.6482,3.588,0.5976,11.4053
20260630,20.0,2,1,projection_energy_gate,-61.57546167031327,1.0,1,0,0.07393703254662336,0.8246308630100186,0.0,1.8133,1.6935,0.0,3.6352,0.0694,7.226100000000001
20260630,20.0,2,1,stage1_projection_energy_gate,-61.57546167031327,1.0,1,0,0.07393703254662336,0.8246308630100186,0.0,1.8507,1.7703,0.0,3.6808,0.0973,7.3736
20260630,20.0,2,1,axiswise_candan_joint_ls,-61.57546167031327,1.0,1,0,nan,0.8246308630100186,0.0,1.8588,1.7975,0.0,3.8174,0.0,7.4737
20260630,20.0,2,2,projection_energy_gate,-61.6330987714091,1.0,1,0,0.44280840445745545,0.8183164025101624,0.0,1.7949,1.7861,0.0,3.8076,0.1046,7.4959999999999996
20260630,20.0,2,2,stage1_projection_energy_gate,-61.6330987714091,1.0,1,0,0.44280840445745545,0.8183164025101624,0.0,1.982,1.8905,0.0,3.9086,0.1274,7.9391
20260630,20.0,2,2,axiswise_candan_joint_ls,-61.6330987714091,1.0,1,0,nan,0.8183164025101624,0.0,1.8757,1.7659,0.0,3.6683,0.0,7.3301
20260630,20.0,2,2,legacy_explicit_residual_gate,-61.6330987714091,1.0,1,0,nan,0.8183164025101624,0.0,1.929,1.8078,3.7228,3.8896,0.7035,11.9886
20260630,20.0,2,3,stage1_projection_energy_gate,-11.066112138483193,0.5,1,0,0.19171091935864823,0.8509366592176497,0.16666666666666666,1.8502,1.7679,0.0,3.6597,0.1161,7.393800000000001
20260630,20.0,2,3,axiswise_candan_joint_ls,-11.066112138483193,0.5,1,0,nan,0.8509366592176497,0.16666666666666666,1.8017,1.7487,0.0,3.6434,0.0,7.2547999999999995
20260630,20.0,2,3,legacy_explicit_residual_gate,-11.066112138483193,0.5,1,0,nan,0.8509366592176497,0.16666666666666666,1.8759,1.7291,3.6471,3.5959,0.5996,11.4968
20260630,20.0,2,3,projection_energy_gate,-11.066112138483193,0.5,1,0,0.19171091935864823,0.8509366592176497,0.16666666666666666,1.8731,1.7983,0.0,3.7386,0.112,7.6026
20260630,20.0,2,4,axiswise_candan_joint_ls,-56.18790070696988,1.0,1,0,nan,0.8195894501061958,0.0,1.8394,1.7006,0.0,3.6528,0.0,7.208399999999999
20260630,20.0,2,4,legacy_explicit_residual_gate,-56.18790070696988,1.0,1,0,nan,0.8195894501061958,0.0,1.9114,1.7119,3.6492,3.6472,0.6178,11.546700000000001
20260630,20.0,2,4,projection_energy_gate,-56.18790070696988,1.0,1,0,0.399788744513553,0.8195894501061958,0.0,1.8372,1.7585,0.0,3.9646,0.0944,7.6547
20260630,20.0,2,4,stage1_projection_energy_gate,-56.18790070696988,1.0,1,0,0.399788744513553,0.8195894501061958,0.0,1.8374,1.7777,0.0,3.7151,0.0797,7.383299999999999
20260630,20.0,2,5,legacy_explicit_residual_gate,-16.877420380268443,0.5,1,0,nan,0.8289249877000537,0.16666666666666666,1.9753,1.7813,3.8593,3.7851,0.6721,12.1352
20260630,20.0,2,5,projection_energy_gate,-16.877420380268443,0.5,1,0,0.28479579323453563,0.8289249877000537,0.16666666666666666,1.8477,1.824,0.0,3.7497,0.0818,7.5675
20260630,20.0,2,5,stage1_projection_energy_gate,-16.877420380268443,0.5,1,0,0.28479579323453563,0.8289249877000537,0.16666666666666666,1.9388,1.8065,0.0,3.7325,0.1175,7.6347000000000005
20260630,20.0,2,5,axiswise_candan_joint_ls,-16.877420380268443,0.5,1,0,nan,0.8289249877000537,0.16666666666666666,1.8825,1.7374,0.0,3.7528,0.0,7.4765
20260630,20.0,2,6,projection_energy_gate,-61.038512791275004,1.0,1,0,0.0810108615104833,0.815065006968709,0.0,1.7986,1.718,0.0,3.666,0.0686,7.279299999999999
20260630,20.0,2,6,stage1_projection_energy_gate,-61.038512791275004,1.0,1,0,0.0810108615104833,0.815065006968709,0.0,1.8295,1.6874,0.0,3.7563,0.0739,7.3556
20260630,20.0,2,6,axiswise_candan_joint_ls,-61.038512791275004,1.0,1,0,nan,0.815065006968709,0.0,1.8338,1.7587,0.0,3.7072,0.0,7.3061
20260630,20.0,2,6,legacy_explicit_residual_gate,-61.038512791275004,1.0,1,0,nan,0.815065006968709,0.0,1.8949,1.7023,3.6533,3.6484,0.6049,11.5165
20260630,20.0,2,7,stage1_projection_energy_gate,-57.07336882381096,1.0,1,0,0.37472886211515066,0.8152861119846488,0.0,1.8067,1.697,0.0,3.718,0.0693,7.291
20260630,20.0,2,7,axiswise_candan_joint_ls,-57.07336882381096,1.0,1,0,nan,0.8152861119846488,0.0,1.8247,1.8043,0.0,3.8423,0.0,7.5403
20260630,20.0,2,7,legacy_explicit_residual_gate,-57.07336882381096,1.0,1,0,nan,0.8152861119846488,0.0,1.9588,1.8076,3.9001,3.8167,0.7149,12.4342
20260630,20.0,2,7,projection_energy_gate,-57.07336882381096,1.0,1,0,0.37472886211515066,0.8152861119846488,0.0,1.8047,1.7351,0.0,3.6965,0.0764,7.2694
20260630,20.0,2,8,axiswise_candan_joint_ls,-10.623943038031204,0.5,1,0,nan,0.8291348943664297,0.16666666666666666,1.8191,1.7089,0.0,3.6642,0.0,7.1865000000000006
20260630,20.0,2,8,legacy_explicit_residual_gate,-10.623943038031204,0.5,1,0,nan,0.8291348943664297,0.16666666666666666,1.92,1.7215,3.6511,3.7206,0.6378,11.786700000000002
20260630,20.0,2,8,projection_energy_gate,-10.623943038031204,0.5,1,0,0.30367584626184146,0.8291348943664297,0.16666666666666666,1.8829,1.7902,0.0,3.8118,0.0926,7.5706999999999995
20260630,20.0,2,8,stage1_projection_energy_gate,-10.623943038031204,0.5,1,0,0.30367584626184146,0.8291348943664297,0.16666666666666666,1.8895,1.8011,0.0,3.7569,0.0783,7.525799999999999
20260630,20.0,2,9,legacy_explicit_residual_gate,-55.34196412014792,1.0,1,0,nan,0.8242756167895361,0.0,2.0188,1.8227,3.8892,3.7329,0.6439,12.0849
20260630,20.0,2,9,projection_energy_gate,-55.34196412014792,1.0,1,0,0.2711094423286057,0.8242756167895361,0.0,1.8428,1.7492,0.0,3.7068,0.0768,7.365200000000001
20260630,20.0,2,9,stage1_projection_energy_gate,-55.34196412014792,1.0,1,0,0.2711094423286057,0.8242756167895361,0.0,1.8613,1.7429,0.0,3.76,0.0705,7.4676
20260630,20.0,2,9,axiswise_candan_joint_ls,-55.34196412014792,1.0,1,0,nan,0.8242756167895361,0.0,1.8297,1.7014,0.0,3.7384,0.0,7.286300000000001
20260630,20.0,2,10,projection_energy_gate,-61.99587270135743,1.0,1,0,0.34985214859600117,0.8237390222994497,0.0,1.8276,1.765,0.0,3.6731,0.0771,7.3427999999999995
20260630,20.0,2,10,stage1_projection_energy_gate,-61.99587270135743,1.0,1,0,0.34985214859600117,0.8237390222994497,0.0,1.8455,1.7579,0.0,3.5925,0.0947,7.304599999999999
20260630,20.0,2,10,axiswise_candan_joint_ls,-61.99587270135743,1.0,1,0,nan,0.8237390222994497,0.0,1.8252,1.7318,0.0,3.6421,0.0,7.1991
20260630,20.0,2,10,legacy_explicit_residual_gate,-61.99587270135743,1.0,1,0,nan,0.8237390222994497,0.0,1.8922,1.7133,3.6814,3.6111,0.6347,11.4965
20260630,20.0,2,11,stage1_projection_energy_gate,-9.731383895405818,0.5,1,0,0.152943224383261,0.8223070385200293,0.16666666666666666,1.7397,1.7371,0.0,3.7304,0.0752,7.3525
20260630,20.0,2,11,axiswise_candan_joint_ls,-9.731383895405818,0.5,1,0,nan,0.8223070385200293,0.16666666666666666,1.7851,1.7067,0.0,3.7205,0.0,7.2163
20260630,20.0,2,11,legacy_explicit_residual_gate,-9.731383895405818,0.5,1,0,nan,0.8223070385200293,0.16666666666666666,1.8982,1.8056,3.9039,3.7913,0.6944,12.1697
20260630,20.0,2,11,projection_energy_gate,-9.731383895405818,0.5,1,0,0.152943224383261,0.8223070385200293,0.16666666666666666,1.8752,1.7792,0.0,3.7799,0.0809,7.566199999999999
20260630,20.0,2,12,axiswise_candan_joint_ls,-10.389451527293513,0.5,1,0,nan,0.8311648516637578,0.16666666666666666,2.046,1.9003,0.0,4.0914,0.0,8.0604
20260630,20.0,2,12,legacy_explicit_residual_gate,-10.389451527293513,0.5,1,0,nan,0.8311648516637578,0.16666666666666666,2.0182,2.0397,4.0791,4.0351,0.7441,12.955
20260630,20.0,2,12,projection_energy_gate,-10.389451527293513,0.5,1,0,0.11723872017979715,0.8311648516637578,0.16666666666666666,1.9303,1.9024,0.0,3.9487,0.1155,7.886800000000001
20260630,20.0,2,12,stage1_projection_energy_gate,-10.389451527293513,0.5,1,0,0.11723872017979715,0.8311648516637578,0.16666666666666666,1.9386,1.8888,0.0,3.9426,0.1656,8.2449
20260630,20.0,2,13,legacy_explicit_residual_gate,-8.533111620436031,0.5,1,0,nan,0.8170544145404469,0.16666666666666666,2.0525,1.97,4.0639,3.8661,0.7067,12.882499999999999
20260630,20.0,2,13,projection_energy_gate,-8.533111620436031,0.5,1,0,0.36619285071202984,0.8170544145404469,0.16666666666666666,1.8136,1.712,0.0,3.7176,0.0653,7.325399999999999
20260630,20.0,2,13,stage1_projection_energy_gate,-8.533111620436031,0.5,1,0,0.36619285071202984,0.8170544145404469,0.16666666666666666,1.891,1.8025,0.0,3.8841,0.1076,7.6684
20260630,20.0,2,13,axiswise_candan_joint_ls,-8.533111620436031,0.5,1,0,nan,0.8170544145404469,0.16666666666666666,1.8674,1.7952,0.0,3.9274,0.0,7.5516000000000005
20260630,20.0,2,14,projection_energy_gate,-9.147929716268996,0.5,1,0,0.3293551524441026,0.8179080505633521,0.16666666666666666,1.948,1.8811,0.0,3.8892,0.1094,7.896
20260630,20.0,2,14,stage1_projection_energy_gate,-9.147929716268996,0.5,1,0,0.3293551524441026,0.8179080505633521,0.16666666666666666,1.97,1.8445,0.0,3.973,0.1548,7.8553
20260630,20.0,2,14,axiswise_candan_joint_ls,-9.147929716268996,0.5,1,0,nan,0.8179080505633521,0.16666666666666666,1.9915,1.9494,0.0,4.0121,0.0,8.1107
20260630,20.0,2,14,legacy_explicit_residual_gate,-9.147929716268996,0.5,1,0,nan,0.8179080505633521,0.16666666666666666,2.0241,1.8326,3.9327,3.8685,0.7252,12.4948
20260630,20.0,2,15,stage1_projection_energy_gate,-36.427673975942135,1.0,1,0,0.31028433978387643,0.8288085295656312,0.0,1.8102,1.7138,0.0,3.7865,0.1292,7.4223
20260630,20.0,2,15,axiswise_candan_joint_ls,-36.427673975942135,1.0,1,0,nan,0.8288085295656312,0.0,1.8947,1.7397,0.0,3.826,0.0,7.3695
20260630,20.0,2,15,legacy_explicit_residual_gate,-36.427673975942135,1.0,1,0,nan,0.8288085295656312,0.0,1.9421,1.729,3.7836,4.0198,0.6674,12.5014
20260630,20.0,2,15,projection_energy_gate,-36.427673975942135,1.0,1,0,0.31028433978387643,0.8288085295656312,0.0,2.2765,2.0942,0.0,4.3047,0.1688,8.8266
20260630,20.0,2,16,axiswise_candan_joint_ls,-57.949858948372196,1.0,1,0,nan,0.8148322986977063,0.0,2.207,2.1007,0.0,4.0771,0.0,8.5063
20260630,20.0,2,16,legacy_explicit_residual_gate,-57.949858948372196,1.0,1,0,nan,0.8148322986977063,0.0,2.0957,1.8202,3.869,3.7447,0.6308,12.160400000000001
20260630,20.0,2,16,projection_energy_gate,-57.949858948372196,1.0,1,0,0.4100571019896304,0.8148322986977063,0.0,1.8307,1.7146,0.0,3.6723,0.068,7.268
20260630,20.0,2,16,stage1_projection_energy_gate,-57.949858948372196,1.0,1,0,0.4100571019896304,0.8148322986977063,0.0,1.8065,1.6873,0.0,3.7038,0.0701,7.2499
20260630,20.0,2,17,legacy_explicit_residual_gate,-58.26132007894831,1.0,1,0,nan,0.824849170484768,0.0,1.9641,1.7431,3.7276,4.0981,0.8614,12.503599999999999
20260630,20.0,2,17,projection_energy_gate,-58.26132007894831,1.0,1,0,0.30271375280886176,0.824849170484768,0.0,1.9922,1.8864,0.0,3.8524,0.1614,7.8924
20260630,20.0,2,17,stage1_projection_energy_gate,-58.26132007894831,1.0,1,0,0.30271375280886176,0.824849170484768,0.0,1.8578,1.8407,0.0,3.7129,0.1007,7.613099999999999
20260630,20.0,2,17,axiswise_candan_joint_ls,-58.26132007894831,1.0,1,0,nan,0.824849170484768,0.0,1.8661,1.772,0.0,3.6666,0.0,7.3157
20260630,20.0,2,18,projection_energy_gate,-59.42851403798903,1.0,1,0,0.3904636117950951,0.8220187882458702,0.0,1.8416,1.7066,0.0,3.6899,0.0848,7.3169
20260630,20.0,2,18,stage1_projection_energy_gate,-59.42851403798903,1.0,1,0,0.3904636117950951,0.8220187882458702,0.0,1.8296,1.7133,0.0,3.7576,0.0839,7.386500000000001
20260630,20.0,2,18,axiswise_candan_joint_ls,-59.42851403798903,1.0,1,0,nan,0.8220187882458702,0.0,1.8723,1.7754,0.0,3.7212,0.0,7.3383
20260630,20.0,2,18,legacy_explicit_residual_gate,-59.42851403798903,1.0,1,0,nan,0.8220187882458702,0.0,1.9976,1.7816,4.0245,3.7933,0.6851,12.2821
20260630,20.0,2,19,stage1_projection_energy_gate,-59.815108932768894,1.0,1,0,0.2521343730209161,0.8253425509044351,0.0,1.8426,1.7372,0.0,3.8054,0.0896,7.469900000000001
20260630,20.0,2,19,axiswise_candan_joint_ls,-59.815108932768894,1.0,1,0,nan,0.8253425509044351,0.0,1.8647,1.8138,0.0,3.7992,0.0,7.4777000000000005
20260630,20.0,2,19,legacy_explicit_residual_gate,-59.815108932768894,1.0,1,0,nan,0.8253425509044351,0.0,1.9221,1.7322,3.701,3.6857,0.6258,11.6223
20260630,20.0,2,19,projection_energy_gate,-59.815108932768894,1.0,1,0,0.2521343730209161,0.8253425509044351,0.0,1.8251,1.752,0.0,3.6909,0.0655,7.3492
20260630,20.0,4,0,axiswise_candan_joint_ls,-12.983876362683969,0.5,1,0,nan,0.815081308605778,0.08333333333333333,1.9286,1.8376,0.0,7.0446,0.0,10.7138
20260630,20.0,4,0,legacy_explicit_residual_gate,-12.983876362683969,0.5,1,0,nan,0.815081308605778,0.08333333333333333,2.0535,1.8851,7.5028,7.2396,0.7495,19.677300000000002
20260630,20.0,4,0,projection_energy_gate,-12.983876362683969,0.5,1,0,0.3446729090066901,0.815081308605778,0.08333333333333333,1.9852,1.9998,0.0,7.6175,0.21,11.632100000000001
20260630,20.0,4,0,stage1_projection_energy_gate,-12.983876362683969,0.5,1,0,0.3446729090066901,0.815081308605778,0.08333333333333333,1.9266,1.9462,0.0,7.398,0.1941,11.4803
20260630,20.0,4,1,legacy_explicit_residual_gate,-9.19130529461347,0.5,1,0,nan,0.8231772163502564,0.08333333333333333,2.0298,1.9141,7.2361,7.6103,0.6807,19.488699999999998
20260630,20.0,4,1,projection_energy_gate,-9.19130529461347,0.5,1,0,0.27329299652444944,0.8231772163502564,0.08333333333333333,2.045,1.9308,0.0,7.3571,0.1957,11.5269
20260630,20.0,4,1,stage1_projection_energy_gate,-9.19130529461347,0.5,1,0,0.27329299652444944,0.8231772163502564,0.08333333333333333,2.0431,1.9283,0.0,7.3751,0.2216,11.570699999999999
20260630,20.0,4,1,axiswise_candan_joint_ls,-9.19130529461347,0.5,1,0,nan,0.8231772163502564,0.08333333333333333,1.8658,1.8877,0.0,7.1678,0.0,10.922699999999999
20260630,20.0,4,2,projection_energy_gate,-16.370632622057883,0.75,1,0,0.3615230053829977,0.8222484881488472,0.08333333333333333,1.8696,1.9699,0.0,7.1723,0.1784,11.2019
20260630,20.0,4,2,stage1_projection_energy_gate,-16.370632622057883,0.75,1,0,0.3615230053829977,0.8222484881488472,0.08333333333333333,1.8911,1.9095,0.0,7.241,0.1716,11.207799999999999
20260630,20.0,4,2,axiswise_candan_joint_ls,-16.370632622057883,0.75,1,0,nan,0.8222484881488472,0.08333333333333333,1.9149,1.9334,0.0,7.5086,0.0,11.3422
20260630,20.0,4,2,legacy_explicit_residual_gate,-16.370632622057883,0.75,1,0,nan,0.8222484881488472,0.08333333333333333,2.0466,1.9006,7.2166,6.9649,0.7471,19.2677
20260630,20.0,4,3,stage1_projection_energy_gate,-18.253716368817365,0.75,1,0,0.0824752462478795,0.8201414343916675,0.08333333333333333,1.9055,1.97,0.0,7.4999,0.1969,11.572299999999998
20260630,20.0,4,3,axiswise_candan_joint_ls,-18.253716368817365,0.75,1,0,nan,0.8201414343916675,0.08333333333333333,1.8774,1.883,0.0,7.1284,0.0,10.9003
20260630,20.0,4,3,legacy_explicit_residual_gate,-18.253716368817365,0.75,1,0,nan,0.8201414343916675,0.08333333333333333,2.0096,1.8813,7.5359,7.2994,0.7017,19.351899999999997
20260630,20.0,4,3,projection_energy_gate,-18.253716368817365,0.75,1,0,0.0824752462478795,0.8201414343916675,0.08333333333333333,1.9053,1.9492,0.0,7.2903,0.1841,11.3313
20260630,20.0,4,4,axiswise_candan_joint_ls,-14.442096072182718,0.75,1,0,nan,0.8413825289740955,0.08333333333333333,1.8999,1.8856,0.0,7.3853,0.0,11.216899999999999
20260630,20.0,4,4,legacy_explicit_residual_gate,-14.442096072182718,0.75,1,0,nan,0.8413825289740955,0.08333333333333333,1.9632,1.9257,7.306,7.0948,0.627,18.8892
20260630,20.0,4,4,projection_energy_gate,-14.442096072182718,0.75,1,0,0.1586128593022604,0.8413825289740955,0.08333333333333333,1.9176,1.8998,0.0,7.2137,0.1774,11.2005
20260630,20.0,4,4,stage1_projection_energy_gate,-14.442096072182718,0.75,1,0,0.1586128593022604,0.8413825289740955,0.08333333333333333,2.0213,1.9805,0.0,7.4364,0.1788,11.5652
20260630,20.0,4,5,legacy_explicit_residual_gate,-9.627380366231757,0.5,1,0,nan,0.813199206887201,0.16666666666666666,2.046,1.9779,7.4043,7.3018,0.7685,19.901600000000002
20260630,20.0,4,5,projection_energy_gate,-9.627380366231757,0.5,1,0,0.14122992303308388,0.813199206887201,0.16666666666666666,1.9674,1.935,0.0,7.2176,0.1675,11.2348
20260630,20.0,4,5,stage1_projection_energy_gate,-9.627380366231757,0.5,1,0,0.14122992303308388,0.813199206887201,0.16666666666666666,1.9412,1.9838,0.0,7.4709,0.1918,11.685300000000002
20260630,20.0,4,5,axiswise_candan_joint_ls,-9.627380366231757,0.5,1,0,nan,0.813199206887201,0.16666666666666666,1.9402,1.9783,0.0,7.1643,0.0,11.0137
20260630,20.0,4,6,projection_energy_gate,-19.238254681911446,0.75,1,0,0.2655670769477756,0.8161522075088491,0.08333333333333333,1.9699,1.9187,0.0,7.3301,0.1637,11.7376
20260630,20.0,4,6,stage1_projection_energy_gate,-19.238254681911446,0.75,1,0,0.2655670769477756,0.8161522075088491,0.08333333333333333,1.9407,1.9663,0.0,7.3559,0.186,11.4574
20260630,20.0,4,6,axiswise_candan_joint_ls,-19.238254681911446,0.75,1,0,nan,0.8161522075088491,0.08333333333333333,1.793,1.8227,0.0,7.0743,0.0,10.5928
20260630,20.0,4,6,legacy_explicit_residual_gate,-19.238254681911446,0.75,1,0,nan,0.8161522075088491,0.08333333333333333,1.9593,1.8922,7.2994,7.0992,0.6642,18.9266
20260630,20.0,4,7,stage1_projection_energy_gate,-55.46447826645394,1.0,1,0,0.20712120406053366,0.8149925003160522,0.0,1.8953,1.9003,0.0,7.1329,0.1871,11.1053
20260630,20.0,4,7,axiswise_candan_joint_ls,-55.46447826645394,1.0,1,0,nan,0.8149925003160522,0.0,1.9801,1.9834,0.0,7.2179,0.0,11.0608
20260630,20.0,4,7,legacy_explicit_residual_gate,-55.46447826645394,1.0,1,0,nan,0.8149925003160522,0.0,1.9464,1.8607,7.2626,7.0242,0.6591,18.7322
20260630,20.0,4,7,projection_energy_gate,-55.46447826645394,1.0,1,0,0.20712120406053366,0.8149925003160522,0.0,2.1291,2.1926,0.0,7.61,0.1801,12.173699999999998
20260630,20.0,4,8,axiswise_candan_joint_ls,-57.68542559745677,1.0,1,0,nan,0.8165880239106249,0.0,1.9365,1.9205,0.0,7.2673,0.0,11.255600000000001
20260630,20.0,4,8,legacy_explicit_residual_gate,-57.68542559745677,1.0,1,0,nan,0.8165880239106249,0.0,1.9429,1.8123,7.0612,6.9524,0.6583,18.3911
20260630,20.0,4,8,projection_energy_gate,-57.68542559745677,1.0,1,0,0.2992371067762538,0.8165880239106249,0.0,1.8618,1.8259,0.0,6.997,0.1595,10.7859
20260630,20.0,4,8,stage1_projection_energy_gate,-57.68542559745677,1.0,1,0,0.2992371067762538,0.8165880239106249,0.0,1.9987,2.0665,0.0,7.6093,0.1467,11.924599999999998
20260630,20.0,4,9,legacy_explicit_residual_gate,-15.618562070214125,0.75,1,0,nan,0.8150434827394393,0.08333333333333333,2.0817,1.9388,7.5585,7.1641,0.6922,19.5046
20260630,20.0,4,9,projection_energy_gate,-15.618562070214125,0.75,1,0,0.2791650456732706,0.8150434827394393,0.08333333333333333,1.8915,1.9075,0.0,7.2512,0.1823,11.2554
20260630,20.0,4,9,stage1_projection_energy_gate,-15.618562070214125,0.75,1,0,0.2791650456732706,0.8150434827394393,0.08333333333333333,1.8668,1.8566,0.0,7.1391,0.1619,11.0552
20260630,20.0,4,9,axiswise_candan_joint_ls,-15.618562070214125,0.75,1,0,nan,0.8150434827394393,0.08333333333333333,1.9136,1.9466,0.0,7.4352,0.0,11.305
20260630,20.0,4,10,projection_energy_gate,-51.74649470670068,1.0,1,0,0.44370114575446895,0.8147805146917974,0.0,1.9382,1.9104,0.0,7.2025,0.1894,11.2803
20260630,20.0,4,10,stage1_projection_energy_gate,-51.74649470670068,1.0,1,0,0.44370114575446895,0.8147805146917974,0.0,1.8533,1.9438,0.0,7.3062,0.1587,11.371299999999998
20260630,20.0,4,10,axiswise_candan_joint_ls,-51.74649470670068,1.0,1,0,nan,0.8147805146917974,0.0,1.8264,1.8579,0.0,7.2389,0.0,11.0107
20260630,20.0,4,10,legacy_explicit_residual_gate,-51.74649470670068,1.0,1,0,nan,0.8147805146917974,0.0,2.009,2.0853,7.3966,7.2758,0.6732,19.9414
20260630,20.0,4,11,stage1_projection_energy_gate,-11.339952516680555,0.75,1,0,0.18813366123538425,0.8242272498589914,0.08333333333333333,1.8899,1.9171,0.0,7.114,0.1703,11.0769
20260630,20.0,4,11,axiswise_candan_joint_ls,-11.339952516680555,0.75,1,0,nan,0.8242272498589914,0.08333333333333333,1.8781,1.9316,0.0,7.2367,0.0,11.1792
20260630,20.0,4,11,legacy_explicit_residual_gate,-11.339952516680555,0.75,1,0,nan,0.8242272498589914,0.08333333333333333,1.979,1.8895,7.3757,7.2267,0.7521,19.359699999999997
20260630,20.0,4,11,projection_energy_gate,-11.339952516680555,0.75,1,0,0.18813366123538425,0.8242272498589914,0.08333333333333333,2.0455,2.0281,0.0,7.2568,0.1777,11.4941
20260630,20.0,4,12,axiswise_candan_joint_ls,-53.55442891543065,1.0,1,0,nan,0.8169197203124605,0.0,1.9759,2.0759,0.0,7.3606,0.0,11.6171
20260630,20.0,4,12,legacy_explicit_residual_gate,-53.55442891543065,1.0,1,0,nan,0.8169197203124605,0.0,2.0072,1.9661,7.3281,7.1901,0.6772,19.2802
20260630,20.0,4,12,projection_energy_gate,-53.55442891543065,1.0,1,0,0.3658642868504219,0.8169197203124605,0.0,1.9894,2.0449,0.0,7.3446,0.1716,11.5505
20260630,20.0,4,12,stage1_projection_energy_gate,-53.55442891543065,1.0,1,0,0.3658642868504219,0.8169197203124605,0.0,1.9413,1.9543,0.0,7.1611,0.1651,11.3343
20260630,20.0,4,13,legacy_explicit_residual_gate,-12.597299182895714,0.5,1,0,nan,0.8249540987364337,0.08333333333333333,2.0993,2.0197,7.2351,7.1368,0.6795,19.2124
20260630,20.0,4,13,projection_energy_gate,-12.597299182895714,0.5,1,0,0.23686623751398583,0.8249540987364337,0.08333333333333333,1.9167,1.9742,0.0,7.0293,0.1371,11.233899999999998
20260630,20.0,4,13,stage1_projection_energy_gate,-12.597299182895714,0.5,1,0,0.23686623751398583,0.8249540987364337,0.08333333333333333,1.9474,2.0506,0.0,7.1608,0.1861,11.3985
20260630,20.0,4,13,axiswise_candan_joint_ls,-12.597299182895714,0.5,1,0,nan,0.8249540987364337,0.08333333333333333,1.8825,1.8919,0.0,7.1836,0.0,10.9641
20260630,20.0,4,14,projection_energy_gate,-52.867104170898074,1.0,1,0,0.0676657972439468,0.8218859376852506,0.0,1.9022,1.9019,0.0,7.1336,0.1794,11.269800000000002
20260630,20.0,4,14,stage1_projection_energy_gate,-52.867104170898074,1.0,1,0,0.0676657972439468,0.8218859376852506,0.0,1.8802,1.9193,0.0,7.1147,0.1728,11.0365
20260630,20.0,4,14,axiswise_candan_joint_ls,-52.867104170898074,1.0,1,0,nan,0.8218859376852506,0.0,1.9863,2.0746,0.0,7.5667,0.0,11.5515
20260630,20.0,4,14,legacy_explicit_residual_gate,-52.867104170898074,1.0,1,0,nan,0.8218859376852506,0.0,2.2134,2.1436,7.492,7.1696,0.669,19.6528
20260630,20.0,4,15,stage1_projection_energy_gate,-54.65488607554278,1.0,1,0,0.33456611119784335,0.8300160985275211,0.0,2.0067,1.9602,0.0,7.1548,0.1667,11.2222
20260630,20.0,4,15,axiswise_candan_joint_ls,-54.65488607554278,1.0,1,0,nan,0.8300160985275211,0.0,2.0813,1.9688,0.0,7.1339,0.0,11.184000000000001
20260630,20.0,4,15,legacy_explicit_residual_gate,-54.65488607554278,1.0,1,0,nan,0.8300160985275211,0.0,2.1822,2.041,7.3599,7.4148,0.8041,19.956699999999998
20260630,20.0,4,15,projection_energy_gate,-54.65488607554278,1.0,1,0,0.33456611119784335,0.8300160985275211,0.0,2.013,1.9574,0.0,7.1755,0.1666,11.2819
20260630,20.0,4,16,axiswise_candan_joint_ls,-11.070077510670744,0.75,1,0,nan,0.8186958615360993,0.08333333333333333,1.9652,1.9616,0.0,7.0975,0.0,11.069099999999999
20260630,20.0,4,16,legacy_explicit_residual_gate,-11.070077510670744,0.75,1,0,nan,0.8186958615360993,0.08333333333333333,2.0072,2.0466,7.1529,6.9151,0.6387,18.742099999999997
20260630,20.0,4,16,projection_energy_gate,-11.070077510670744,0.75,1,0,0.26054205403325753,0.8186958615360993,0.08333333333333333,1.9608,1.9161,0.0,7.11,0.1571,11.1951
20260630,20.0,4,16,stage1_projection_energy_gate,-11.070077510670744,0.75,1,0,0.26054205403325753,0.8186958615360993,0.08333333333333333,2.063,2.0511,0.0,7.3213,0.1695,11.560399999999998
20260630,20.0,4,17,legacy_explicit_residual_gate,-21.995622971552,0.75,1,0,nan,0.8413195974393783,0.08333333333333333,2.0392,2.0245,7.2026,7.0116,0.6649,18.9547
20260630,20.0,4,17,projection_energy_gate,-21.995622971552,0.75,1,0,0.08243946551082866,0.8413195974393783,0.08333333333333333,2.028,2.1032,0.0,7.5966,0.171,11.8863
20260630,20.0,4,17,stage1_projection_energy_gate,-21.995622971552,0.75,1,0,0.08243946551082866,0.8413195974393783,0.08333333333333333,2.0078,2.0277,0.0,7.1193,0.1692,11.3119
20260630,20.0,4,17,axiswise_candan_joint_ls,-21.995622971552,0.75,1,0,nan,0.8413195974393783,0.08333333333333333,1.9593,2.0718,0.0,7.1542,0.0,11.185300000000002
20260630,20.0,4,18,projection_energy_gate,-9.842704783935622,0.5,1,0,0.2480188565802318,0.8211887938710196,0.16666666666666666,2.3705,2.194,0.0,7.699,0.2208,12.6329
20260630,20.0,4,18,stage1_projection_energy_gate,-9.842704783935622,0.5,1,0,0.2480188565802318,0.8211887938710196,0.16666666666666666,2.0841,2.0279,0.0,7.1361,0.1675,11.2939
20260630,20.0,4,18,axiswise_candan_joint_ls,-9.842704783935622,0.5,1,0,nan,0.8211887938710196,0.16666666666666666,2.113,2.0715,0.0,7.3392,0.0,11.4679
20260630,20.0,4,18,legacy_explicit_residual_gate,-9.842704783935622,0.5,1,0,nan,0.8211887938710196,0.16666666666666666,2.0258,2.0221,7.3683,7.2923,0.7231,19.745299999999997
20260630,20.0,4,19,stage1_projection_energy_gate,-55.78261525199838,1.0,1,0,0.300196774976971,0.8199948165035345,0.0,2.0938,2.1221,0.0,7.0468,0.1695,11.4398
20260630,20.0,4,19,axiswise_candan_joint_ls,-55.78261525199838,1.0,1,0,nan,0.8199948165035345,0.0,2.2846,2.2218,0.0,7.3565,0.0,11.701
20260630,20.0,4,19,legacy_explicit_residual_gate,-55.78261525199838,1.0,1,0,nan,0.8199948165035345,0.0,2.1441,2.1834,7.4584,7.1622,0.696,19.6076
20260630,20.0,4,19,projection_energy_gate,-55.78261525199838,1.0,1,0,0.300196774976971,0.8199948165035345,0.0,2.0644,2.0717,0.0,7.2394,0.1616,11.5416
20260630,20.0,8,0,axiswise_candan_joint_ls,-20.98759215402634,0.875,1,0,nan,0.8152758232889963,0.041666666666666664,2.1251,2.2248,0.0,16.5039,0.0,20.962200000000003
20260630,20.0,8,0,legacy_explicit_residual_gate,-20.98759215402634,0.875,1,0,nan,0.8152758232889963,0.041666666666666664,2.0222,2.0139,16.4771,15.5778,0.7354,36.954299999999996
20260630,20.0,8,0,projection_energy_gate,-20.98759215402634,0.875,1,0,0.3535123961024247,0.8152758232889963,0.041666666666666664,1.9629,2.0497,0.0,15.1878,0.1502,19.357599999999998
20260630,20.0,8,0,stage1_projection_energy_gate,-20.98759215402634,0.875,1,0,0.3535123961024247,0.8152758232889963,0.041666666666666664,1.7777,1.8508,0.0,14.5435,0.1297,18.3365
20260630,20.0,8,1,legacy_explicit_residual_gate,-15.868338999392302,0.625,1,0,nan,0.8222637439780097,0.08333333333333333,1.9907,1.9292,15.1722,14.395,0.6008,34.081599999999995
20260630,20.0,8,1,projection_energy_gate,-15.868338999392302,0.625,1,0,0.29593438831449526,0.8222637439780097,0.08333333333333333,1.9843,2.1198,0.0,15.2162,0.1594,19.4788
20260630,20.0,8,1,stage1_projection_energy_gate,-15.868338999392302,0.625,1,0,0.29593438831449526,0.8222637439780097,0.08333333333333333,2.2008,2.7692,0.0,21.271,0.2131,25.573
20260630,20.0,8,1,axiswise_candan_joint_ls,-15.868338999392302,0.625,1,0,nan,0.8222637439780097,0.08333333333333333,2.2738,2.2869,0.0,15.8079,0.0,20.800800000000002
20260630,20.0,8,2,projection_energy_gate,-16.695005796094183,0.625,1,0,0.25973201254206707,0.8169955937550388,0.08333333333333333,2.2397,2.3567,0.0,16.1858,0.203,20.9332
20260630,20.0,8,2,stage1_projection_energy_gate,-16.695005796094183,0.625,1,0,0.25973201254206707,0.8169955937550388,0.08333333333333333,2.1436,2.2849,0.0,16.5294,0.1335,21.1632
20260630,20.0,8,2,axiswise_candan_joint_ls,-16.695005796094183,0.625,1,0,nan,0.8169955937550388,0.08333333333333333,2.1596,2.1824,0.0,17.2143,0.0,21.9541
20260630,20.0,8,2,legacy_explicit_residual_gate,-16.695005796094183,0.625,1,0,nan,0.8169955937550388,0.08333333333333333,2.5376,2.1209,15.7255,17.1953,0.9407,38.564
20260630,20.0,8,3,stage1_projection_energy_gate,-15.055506112143917,0.75,1,0,0.2195698449077182,0.8121364837420844,0.08333333333333333,2.5072,2.2555,0.0,18.0163,0.2065,23.247
20260630,20.0,8,3,axiswise_candan_joint_ls,-15.055506112143917,0.75,1,0,nan,0.8121364837420844,0.08333333333333333,2.2473,2.2509,0.0,17.0318,0.0,21.4315
20260630,20.0,8,3,legacy_explicit_residual_gate,-15.055506112143917,0.75,1,0,nan,0.8121364837420844,0.08333333333333333,2.3912,2.245,18.0126,16.9149,1.0678,40.1892
20260630,20.0,8,3,projection_energy_gate,-15.055506112143917,0.75,1,0,0.2195698449077182,0.8121364837420844,0.08333333333333333,1.9889,2.1306,0.0,15.9253,0.1689,20.1577
20260630,20.0,8,4,axiswise_candan_joint_ls,-16.4229376095105,0.625,1,0,nan,0.8126074823835433,0.08333333333333333,2.0947,2.2874,0.0,16.2673,0.0,20.6494
20260630,20.0,8,4,legacy_explicit_residual_gate,-16.4229376095105,0.625,1,0,nan,0.8126074823835433,0.08333333333333333,1.9547,1.9906,16.3034,16.1642,0.6738,37.704
20260630,20.0,8,4,projection_energy_gate,-16.4229376095105,0.625,1,0,0.29621083418752203,0.8126074823835433,0.08333333333333333,1.8531,1.9562,0.0,14.6702,0.1382,18.613699999999998
20260630,20.0,8,4,stage1_projection_energy_gate,-16.4229376095105,0.625,1,0,0.29621083418752203,0.8126074823835433,0.08333333333333333,1.8656,1.9312,0.0,15.3127,0.1418,19.295
20260630,20.0,8,5,legacy_explicit_residual_gate,-25.660699668299788,0.875,1,0,nan,0.8377622355994638,0.041666666666666664,1.8442,2.0157,16.3009,15.3739,0.763,36.429899999999996
20260630,20.0,8,5,projection_energy_gate,-25.660699668299788,0.875,1,0,0.19045069413848445,0.8377622355994638,0.041666666666666664,1.9423,2.0288,0.0,16.5562,0.176,20.6914
20260630,20.0,8,5,stage1_projection_energy_gate,-25.660699668299788,0.875,1,0,0.19045069413848445,0.8377622355994638,0.041666666666666664,1.8765,1.9564,0.0,14.8232,0.126,18.7544
20260630,20.0,8,5,axiswise_candan_joint_ls,-25.660699668299788,0.875,1,0,nan,0.8377622355994638,0.041666666666666664,1.8152,1.9366,0.0,14.7846,0.0,18.5422
20260630,20.0,8,6,projection_energy_gate,-18.70873942875806,0.875,1,0,0.31552814159274173,0.8149484801252513,0.041666666666666664,1.8494,1.9354,0.0,14.535,0.1448,18.4908
20260630,20.0,8,6,stage1_projection_energy_gate,-18.70873942875806,0.875,1,0,0.31552814159274173,0.8149484801252513,0.041666666666666664,1.8381,1.9083,0.0,14.8373,0.1366,18.6596
20260630,20.0,8,6,axiswise_candan_joint_ls,-18.70873942875806,0.875,1,0,nan,0.8149484801252513,0.041666666666666664,1.8889,1.9126,0.0,15.3137,0.0,19.201
20260630,20.0,8,6,legacy_explicit_residual_gate,-18.70873942875806,0.875,1,0,nan,0.8149484801252513,0.041666666666666664,2.0173,1.9691,14.7803,15.2454,0.6452,35.118
20260630,20.0,8,7,stage1_projection_energy_gate,-13.280934980093269,0.625,1,0,0.33654490504041273,0.8149003054853317,0.08333333333333333,1.8452,1.9463,0.0,15.1169,0.1572,18.9775
20260630,20.0,8,7,axiswise_candan_joint_ls,-13.280934980093269,0.625,1,0,nan,0.8149003054853317,0.08333333333333333,1.891,1.9571,0.0,14.918,0.0,18.787399999999998
20260630,20.0,8,7,legacy_explicit_residual_gate,-13.280934980093269,0.625,1,0,nan,0.8149003054853317,0.08333333333333333,1.8844,1.9955,14.9024,14.8543,0.6401,34.0292
20260630,20.0,8,7,projection_energy_gate,-13.280934980093269,0.625,1,0,0.33654490504041273,0.8149003054853317,0.08333333333333333,1.8672,1.9639,0.0,16.4148,0.1688,20.536299999999997
20260630,20.0,8,8,axiswise_candan_joint_ls,-53.24559180755795,1.0,1,0,nan,0.8221413252326488,0.0,1.9233,1.9166,0.0,15.9931,0.0,19.5096
20260630,20.0,8,8,legacy_explicit_residual_gate,-53.24559180755795,1.0,1,0,nan,0.8221413252326488,0.0,2.0166,1.9483,16.0813,14.7236,0.764,35.8769
20260630,20.0,8,8,projection_energy_gate,-53.24559180755795,1.0,1,0,0.21620506715130625,0.8221413252326488,0.0,1.8886,1.9757,0.0,14.7027,0.1458,18.677
20260630,20.0,8,8,stage1_projection_energy_gate,-53.24559180755795,1.0,1,0,0.21620506715130625,0.8221413252326488,0.0,1.9285,2.0468,0.0,15.077,0.142,19.3717
20260630,20.0,8,9,legacy_explicit_residual_gate,-20.480416625331856,0.875,1,0,nan,0.8375362303697697,0.041666666666666664,1.9901,2.0231,15.1622,15.6897,0.7199,35.519600000000004
20260630,20.0,8,9,projection_energy_gate,-20.480416625331856,0.875,1,0,0.13702313754364812,0.8375362303697697,0.041666666666666664,1.9759,2.0161,0.0,16.6301,0.14,20.7621
20260630,20.0,8,9,stage1_projection_energy_gate,-20.480416625331856,0.875,1,0,0.13702313754364812,0.8375362303697697,0.041666666666666664,1.8921,1.8997,0.0,14.8897,0.1457,18.9643
20260630,20.0,8,9,axiswise_candan_joint_ls,-20.480416625331856,0.875,1,0,nan,0.8375362303697697,0.041666666666666664,1.8645,1.9051,0.0,14.8655,0.0,18.599700000000002
20260630,20.0,8,10,projection_energy_gate,-16.68246337424037,0.625,1,0,0.3389529234848023,0.8134772571574365,0.08333333333333333,1.8688,1.9474,0.0,15.1401,0.1374,19.1932
20260630,20.0,8,10,stage1_projection_energy_gate,-16.68246337424037,0.625,1,0,0.3389529234848023,0.8134772571574365,0.08333333333333333,1.8807,1.9729,0.0,14.9608,0.1376,18.9916
20260630,20.0,8,10,axiswise_candan_joint_ls,-16.68246337424037,0.625,1,0,nan,0.8134772571574365,0.08333333333333333,1.9356,2.1624,0.0,16.1651,0.0,20.3035
20260630,20.0,8,10,legacy_explicit_residual_gate,-16.68246337424037,0.625,1,0,nan,0.8134772571574365,0.08333333333333333,1.9625,1.9735,15.8895,14.9255,0.6076,35.486
20260630,20.0,8,11,stage1_projection_energy_gate,-15.937353579581583,0.5,1,0,0.26139816975022223,0.8192076288489814,0.08333333333333333,1.8306,1.8997,0.0,14.7111,0.1507,18.5829
20260630,20.0,8,11,axiswise_candan_joint_ls,-15.937353579581583,0.5,1,0,nan,0.8192076288489814,0.08333333333333333,1.8139,1.9121,0.0,14.7858,0.0,18.5306
20260630,20.0,8,11,legacy_explicit_residual_gate,-15.937353579581583,0.5,1,0,nan,0.8192076288489814,0.08333333333333333,1.9065,1.977,16.2435,14.9593,0.7455,36.1852
20260630,20.0,8,11,projection_energy_gate,-15.937353579581583,0.5,1,0,0.26139816975022223,0.8192076288489814,0.08333333333333333,1.8358,1.9163,0.0,14.9934,0.1391,18.8312
20260630,20.0,8,12,axiswise_candan_joint_ls,-14.44233063942823,0.625,1,0,nan,0.8151649156045169,0.125,1.8717,1.9661,0.0,16.7729,0.0,20.6107
20260630,20.0,8,12,legacy_explicit_residual_gate,-14.44233063942823,0.625,1,0,nan,0.8151649156045169,0.125,1.8991,1.9153,14.9073,14.7989,0.6826,34.1539
20260630,20.0,8,12,projection_energy_gate,-14.44233063942823,0.625,1,0,0.19028650373348663,0.8151649156045169,0.125,1.8491,1.9125,0.0,14.9148,0.1416,18.8607
20260630,20.0,8,12,stage1_projection_energy_gate,-14.44233063942823,0.625,1,0,0.19028650373348663,0.8151649156045169,0.125,1.8647,1.9434,0.0,15.1554,0.1412,19.1319
20260630,20.0,8,13,legacy_explicit_residual_gate,-15.374311454499658,0.75,1,0,nan,0.8168452336055188,0.041666666666666664,1.9948,1.9667,16.5153,15.1079,0.6781,36.2241
20260630,20.0,8,13,projection_energy_gate,-15.374311454499658,0.75,1,0,0.29970300062209476,0.8168452336055188,0.041666666666666664,1.8735,1.9533,0.0,14.9943,0.1586,18.9726
20260630,20.0,8,13,stage1_projection_energy_gate,-15.374311454499658,0.75,1,0,0.29970300062209476,0.8168452336055188,0.041666666666666664,1.858,1.9261,0.0,14.6734,0.149,18.6598
20260630,20.0,8,13,axiswise_candan_joint_ls,-15.374311454499658,0.75,1,0,nan,0.8168452336055188,0.041666666666666664,1.8063,1.9387,0.0,16.1502,0.0,19.598200000000002
20260630,20.0,8,14,projection_energy_gate,-14.172032224234156,0.625,1,0,0.1984112326971629,0.8271075935020845,0.08333333333333333,1.8657,1.9106,0.0,15.0259,0.1422,18.9103
20260630,20.0,8,14,stage1_projection_energy_gate,-14.172032224234156,0.625,1,0,0.1984112326971629,0.8271075935020845,0.08333333333333333,1.7867,1.8648,0.0,14.4804,0.1638,18.342499999999998
20260630,20.0,8,14,axiswise_candan_joint_ls,-14.172032224234156,0.625,1,0,nan,0.8271075935020845,0.08333333333333333,1.8893,1.9013,0.0,15.3175,0.0,19.1963
20260630,20.0,8,14,legacy_explicit_residual_gate,-14.172032224234156,0.625,1,0,nan,0.8271075935020845,0.08333333333333333,1.958,2.1508,15.1549,15.4954,0.6911,34.9793
20260630,20.0,8,15,stage1_projection_energy_gate,-17.083666575524802,0.75,1,0,0.2794276809032609,0.819557887299281,0.08333333333333333,1.8831,1.9407,0.0,14.959,0.1403,18.9245
20260630,20.0,8,15,axiswise_candan_joint_ls,-17.083666575524802,0.75,1,0,nan,0.819557887299281,0.08333333333333333,1.9576,2.1086,0.0,16.0367,0.0,20.0622
20260630,20.0,8,15,legacy_explicit_residual_gate,-17.083666575524802,0.75,1,0,nan,0.819557887299281,0.08333333333333333,1.9664,1.9691,15.2225,15.6028,0.6771,35.3979
20260630,20.0,8,15,projection_energy_gate,-17.083666575524802,0.75,1,0,0.2794276809032609,0.819557887299281,0.08333333333333333,2.267,2.1931,0.0,17.7248,0.254,22.4839
20260630,20.0,8,16,axiswise_candan_joint_ls,-16.555318076596453,0.75,1,0,nan,0.8259152570561844,0.08333333333333333,2.0016,1.9934,0.0,14.8757,0.0,18.873
20260630,20.0,8,16,legacy_explicit_residual_gate,-16.555318076596453,0.75,1,0,nan,0.8259152570561844,0.08333333333333333,1.941,1.9075,14.8666,14.8307,0.6131,34.2094
20260630,20.0,8,16,projection_energy_gate,-16.555318076596453,0.75,1,0,0.3131137963681863,0.8259152570561844,0.08333333333333333,1.8576,1.9649,0.0,15.1075,0.1291,18.9651
20260630,20.0,8,16,stage1_projection_energy_gate,-16.555318076596453,0.75,1,0,0.3131137963681863,0.8259152570561844,0.08333333333333333,1.9024,2.0166,0.0,15.0888,0.1363,19.144099999999998
20260630,20.0,8,17,legacy_explicit_residual_gate,-14.298791087054285,0.625,1,0,nan,0.815113785917595,0.041666666666666664,2.0192,1.9705,14.6149,14.4911,0.656,33.6274
20260630,20.0,8,17,projection_energy_gate,-14.298791087054285,0.625,1,0,0.37187959789025715,0.815113785917595,0.041666666666666664,1.9146,2.0435,0.0,15.0785,0.128,19.2074
20260630,20.0,8,17,stage1_projection_energy_gate,-14.298791087054285,0.625,1,0,0.37187959789025715,0.815113785917595,0.041666666666666664,1.8961,1.9423,0.0,14.8826,0.1393,18.8809
20260630,20.0,8,17,axiswise_candan_joint_ls,-14.298791087054285,0.625,1,0,nan,0.815113785917595,0.041666666666666664,1.9426,1.9174,0.0,14.7178,0.0,18.5529
20260630,20.0,8,18,projection_energy_gate,-16.317019734766866,0.625,1,0,0.2289612714133464,0.8197002940093433,0.125,1.8732,1.9525,0.0,15.0963,0.1499,19.106399999999997
20260630,20.0,8,18,stage1_projection_energy_gate,-16.317019734766866,0.625,1,0,0.2289612714133464,0.8197002940093433,0.125,1.8537,1.9047,0.0,16.0472,0.2025,20.2015
20260630,20.0,8,18,axiswise_candan_joint_ls,-16.317019734766866,0.625,1,0,nan,0.8197002940093433,0.125,1.8158,1.959,0.0,14.8693,0.0,18.6725
20260630,20.0,8,18,legacy_explicit_residual_gate,-16.317019734766866,0.625,1,0,nan,0.8197002940093433,0.125,1.9334,1.9532,15.3424,14.7951,0.6616,34.7416
20260630,20.0,8,19,stage1_projection_energy_gate,-15.931174748290449,0.5,1,0,0.27454457728652254,0.8143366664389186,0.08333333333333333,1.8669,1.9263,0.0,14.97,0.1402,18.9713
20260630,20.0,8,19,axiswise_candan_joint_ls,-15.931174748290449,0.5,1,0,nan,0.8143366664389186,0.08333333333333333,1.834,1.92,0.0,14.9723,0.0,18.6704
20260630,20.0,8,19,legacy_explicit_residual_gate,-15.931174748290449,0.5,1,0,nan,0.8143366664389186,0.08333333333333333,1.9251,1.9299,14.8951,15.0425,0.737,34.5362
20260630,20.0,8,19,projection_energy_gate,-15.931174748290449,0.5,1,0,0.27454457728652254,0.8143366664389186,0.08333333333333333,1.9084,2.0367,0.0,15.2739,0.1408,19.4816
20260630,30.0,2,0,axiswise_candan_joint_ls,-65.5391985517825,1.0,1,0,nan,0.8332005352203964,0.0,1.9009,1.8407,0.0,3.9808,0.0,7.7427
20260630,30.0,2,0,legacy_explicit_residual_gate,-65.5391985517825,1.0,1,0,nan,0.8332005352203964,0.0,1.9013,1.753,3.735,3.6357,0.6217,11.6966
20260630,30.0,2,0,projection_energy_gate,-65.5391985517825,1.0,1,0,0.044646557195681426,0.8332005352203964,0.0,1.7955,1.7399,0.0,3.6592,0.0704,7.276600000000001
20260630,30.0,2,0,stage1_projection_energy_gate,-65.5391985517825,1.0,1,0,0.044646557195681426,0.8332005352203964,0.0,1.7766,1.6994,0.0,3.6413,0.0714,7.176
20260630,30.0,2,1,legacy_explicit_residual_gate,-72.45760409443874,1.0,1,0,nan,0.8164912700927436,0.0,2.0064,1.7256,3.6933,3.6023,0.6296,11.7436
20260630,30.0,2,1,projection_energy_gate,-72.45760409443874,1.0,1,0,0.3263499350720558,0.8164912700927436,0.0,1.8743,1.7744,0.0,3.727,0.0912,7.4014999999999995
20260630,30.0,2,1,stage1_projection_energy_gate,-72.45760409443874,1.0,1,0,0.3263499350720558,0.8164912700927436,0.0,1.9358,1.7451,0.0,3.7458,0.0866,7.6528
20260630,30.0,2,1,axiswise_candan_joint_ls,-72.45760409443874,1.0,1,0,nan,0.8164912700927436,0.0,1.8597,1.7055,0.0,3.709,0.0,7.2437000000000005
20260630,30.0,2,2,projection_energy_gate,-52.55975476586642,1.0,1,0,0.2635173666687475,0.8210750524469831,0.0,1.902,1.811,0.0,3.9537,0.1407,7.8486
20260630,30.0,2,2,stage1_projection_energy_gate,-52.55975476586642,1.0,1,0,0.2635173666687475,0.8210750524469831,0.0,1.8356,1.9346,0.0,3.9428,0.132,7.7904
20260630,30.0,2,2,axiswise_candan_joint_ls,-52.55975476586642,1.0,1,0,nan,0.8210750524469831,0.0,1.8517,1.7844,0.0,3.7678,0.0,7.4086
20260630,30.0,2,2,legacy_explicit_residual_gate,-52.55975476586642,1.0,1,0,nan,0.8210750524469831,0.0,1.9579,1.8078,3.8875,3.7615,0.6682,12.0829
20260630,30.0,2,3,stage1_projection_energy_gate,-16.12952012805916,0.5,1,0,0.2228605583008741,0.8558644291764335,0.16666666666666666,1.8051,1.725,0.0,3.7347,0.0749,7.415800000000001
20260630,30.0,2,3,axiswise_candan_joint_ls,-16.12952012805916,0.5,1,0,nan,0.8558644291764335,0.16666666666666666,1.8278,1.6939,0.0,3.6553,0.0,7.164899999999999
20260630,30.0,2,3,legacy_explicit_residual_gate,-16.12952012805916,0.5,1,0,nan,0.8558644291764335,0.16666666666666666,1.9346,1.7524,3.7102,3.6383,0.6352,11.6887
20260630,30.0,2,3,projection_energy_gate,-16.12952012805916,0.5,1,0,0.2228605583008741,0.8558644291764335,0.16666666666666666,1.8057,1.7003,0.0,3.745,0.0791,7.328200000000001
20260630,30.0,2,4,axiswise_candan_joint_ls,-67.77369086334039,1.0,1,0,nan,0.8283747579085908,0.0,1.7846,1.7193,0.0,3.7318,0.0,7.237299999999999
20260630,30.0,2,4,legacy_explicit_residual_gate,-67.77369086334039,1.0,1,0,nan,0.8283747579085908,0.0,1.8874,1.6956,3.6955,3.5956,0.6047,11.5629
20260630,30.0,2,4,projection_energy_gate,-67.77369086334039,1.0,1,0,0.3757673770368448,0.8283747579085908,0.0,1.9308,1.7159,0.0,3.7842,0.0788,7.479400000000001
20260630,30.0,2,4,stage1_projection_energy_gate,-67.77369086334039,1.0,1,0,0.3757673770368448,0.8283747579085908,0.0,1.8573,1.7066,0.0,3.7698,0.0873,7.5008
20260630,30.0,2,5,legacy_explicit_residual_gate,-68.2375699172897,1.0,1,0,nan,0.8301459888060327,0.0,1.919,1.7442,3.7049,3.6925,0.6226,11.667499999999999
20260630,30.0,2,5,projection_energy_gate,-68.2375699172897,1.0,1,0,0.25679549965670223,0.8301459888060327,0.0,1.8932,1.8126,0.0,3.9633,0.1083,7.7914
20260630,30.0,2,5,stage1_projection_energy_gate,-68.2375699172897,1.0,1,0,0.25679549965670223,0.8301459888060327,0.0,1.8333,1.7929,0.0,3.681,0.1214,7.4257
20260630,30.0,2,5,axiswise_candan_joint_ls,-68.2375699172897,1.0,1,0,nan,0.8301459888060327,0.0,1.8527,1.7664,0.0,3.6953,0.0,7.2955000000000005
20260630,30.0,2,6,projection_energy_gate,-63.971351550329,1.0,1,0,0.508217994245724,0.8203174390986746,0.0,1.8683,1.873,0.0,3.7697,0.1367,7.626399999999999
20260630,30.0,2,6,stage1_projection_energy_gate,-63.971351550329,1.0,1,0,0.508217994245724,0.8203174390986746,0.0,1.9251,1.8193,0.0,3.7544,0.1099,7.5786
20260630,30.0,2,6,axiswise_candan_joint_ls,-63.971351550329,1.0,1,0,nan,0.8203174390986746,0.0,1.8258,1.7555,0.0,3.6267,0.0,7.2073
20260630,30.0,2,6,legacy_explicit_residual_gate,-63.971351550329,1.0,1,0,nan,0.8203174390986746,0.0,1.983,1.7173,3.6198,3.6835,0.6645,11.563600000000001
20260630,30.0,2,7,stage1_projection_energy_gate,-70.9811471643915,1.0,1,0,0.16771231782739796,0.8599005329184138,0.0,1.8543,1.7057,0.0,3.8361,0.0936,7.6286000000000005
20260630,30.0,2,7,axiswise_candan_joint_ls,-70.9811471643915,1.0,1,0,nan,0.8599005329184138,0.0,1.834,1.6895,0.0,3.6398,0.0,7.1397
20260630,30.0,2,7,legacy_explicit_residual_gate,-70.9811471643915,1.0,1,0,nan,0.8599005329184138,0.0,1.9225,1.7076,3.7518,3.6751,0.645,12.0246
20260630,30.0,2,7,projection_energy_gate,-70.9811471643915,1.0,1,0,0.16771231782739796,0.8599005329184138,0.0,1.848,1.8346,0.0,3.7176,0.0939,7.5672
20260630,30.0,2,8,axiswise_candan_joint_ls,-7.194616126142572,0.5,1,0,nan,0.8119864800970481,0.16666666666666666,1.7957,1.7001,0.0,3.7636,0.0,7.3009
20260630,30.0,2,8,legacy_explicit_residual_gate,-7.194616126142572,0.5,1,0,nan,0.8119864800970481,0.16666666666666666,1.9433,1.7769,3.6868,3.6968,0.6289,11.7385
20260630,30.0,2,8,projection_energy_gate,-7.194616126142572,0.5,1,0,0.2831463097558045,0.8119864800970481,0.16666666666666666,1.8181,1.7121,0.0,3.6523,0.0703,7.2501
20260630,30.0,2,8,stage1_projection_energy_gate,-7.194616126142572,0.5,1,0,0.2831463097558045,0.8119864800970481,0.16666666666666666,1.8286,1.7998,0.0,3.7475,0.0971,7.509899999999999
20260630,30.0,2,9,legacy_explicit_residual_gate,-64.60380187223015,1.0,1,0,nan,0.8140900354562519,0.0,1.8522,1.7149,3.7843,3.6507,0.6202,11.6763
20260630,30.0,2,9,projection_energy_gate,-64.60380187223015,1.0,1,0,0.2807043087264109,0.8140900354562519,0.0,1.8093,1.7151,0.0,3.7483,0.0797,7.345300000000001
20260630,30.0,2,9,stage1_projection_energy_gate,-64.60380187223015,1.0,1,0,0.2807043087264109,0.8140900354562519,0.0,1.8791,1.8286,0.0,3.899,0.106,7.687399999999999
20260630,30.0,2,9,axiswise_candan_joint_ls,-64.60380187223015,1.0,1,0,nan,0.8140900354562519,0.0,1.7866,1.8887,0.0,3.6556,0.0,7.4866
20260630,30.0,2,10,projection_energy_gate,-69.7955478744501,1.0,1,0,0.4802100153082281,0.8239267272044596,0.0,1.7999,1.7586,0.0,3.6625,0.07,7.3105
20260630,30.0,2,10,stage1_projection_energy_gate,-69.7955478744501,1.0,1,0,0.4802100153082281,0.8239267272044596,0.0,1.7815,1.7116,0.0,3.7101,0.0755,7.267200000000001
20260630,30.0,2,10,axiswise_candan_joint_ls,-69.7955478744501,1.0,1,0,nan,0.8239267272044596,0.0,1.8029,1.741,0.0,3.6176,0.0,7.155200000000001
20260630,30.0,2,10,legacy_explicit_residual_gate,-69.7955478744501,1.0,1,0,nan,0.8239267272044596,0.0,1.8696,1.7044,3.6261,3.6611,0.6125,11.533900000000001
20260630,30.0,2,11,stage1_projection_energy_gate,-61.78752306964451,1.0,1,0,0.39954690334142756,0.822278003968908,0.0,1.8303,1.6669,0.0,3.6111,0.0603,7.159300000000001
20260630,30.0,2,11,axiswise_candan_joint_ls,-61.78752306964451,1.0,1,0,nan,0.822278003968908,0.0,1.7984,1.6571,0.0,3.6283,0.0,7.0652
20260630,30.0,2,11,legacy_explicit_residual_gate,-61.78752306964451,1.0,1,0,nan,0.822278003968908,0.0,1.9099,1.6997,3.6099,3.5679,0.6109,11.4561
20260630,30.0,2,11,projection_energy_gate,-61.78752306964451,1.0,1,0,0.39954690334142756,0.822278003968908,0.0,1.926,1.7533,0.0,3.744,0.0877,7.512
20260630,30.0,2,12,axiswise_candan_joint_ls,-62.652755161706565,1.0,1,0,nan,0.8194277946871752,0.0,1.7901,1.7237,0.0,3.6802,0.0,7.2241
20260630,30.0,2,12,legacy_explicit_residual_gate,-62.652755161706565,1.0,1,0,nan,0.8194277946871752,0.0,1.9238,1.8884,3.9035,3.8161,0.6587,12.3551
20260630,30.0,2,12,projection_energy_gate,-62.652755161706565,1.0,1,0,0.42039036242556815,0.8194277946871752,0.0,1.8987,1.7679,0.0,3.8195,0.0815,7.624
20260630,30.0,2,12,stage1_projection_energy_gate,-62.652755161706565,1.0,1,0,0.42039036242556815,0.8194277946871752,0.0,1.8676,1.7794,0.0,3.7193,0.0741,7.4595
20260630,30.0,2,13,legacy_explicit_residual_gate,-69.81036602178034,1.0,1,0,nan,0.8467708561438073,0.0,1.9892,1.8591,3.8963,3.8431,0.7525,12.3204
20260630,30.0,2,13,projection_energy_gate,-69.81036602178034,1.0,1,0,0.29332049700828344,0.8467708561438073,0.0,1.9491,1.8747,0.0,3.8502,0.0927,7.7756
20260630,30.0,2,13,stage1_projection_energy_gate,-69.81036602178034,1.0,1,0,0.29332049700828344,0.8467708561438073,0.0,1.941,1.802,0.0,3.6689,0.118,7.4979000000000005
20260630,30.0,2,13,axiswise_candan_joint_ls,-69.81036602178034,1.0,1,0,nan,0.8467708561438073,0.0,1.8794,1.8105,0.0,3.9994,0.0,7.689299999999999
20260630,30.0,2,14,projection_energy_gate,-66.44664068019586,1.0,1,0,0.28876582400340456,0.824042578203535,0.0,1.8601,1.8122,0.0,3.8162,0.1421,7.7317
20260630,30.0,2,14,stage1_projection_energy_gate,-66.44664068019586,1.0,1,0,0.28876582400340456,0.824042578203535,0.0,1.8712,1.8204,0.0,3.6857,0.1172,7.574
20260630,30.0,2,14,axiswise_candan_joint_ls,-66.44664068019586,1.0,1,0,nan,0.824042578203535,0.0,1.8154,1.6995,0.0,3.6584,0.0,7.1721
20260630,30.0,2,14,legacy_explicit_residual_gate,-66.44664068019586,1.0,1,0,nan,0.824042578203535,0.0,1.866,1.6935,3.6704,3.6443,0.6343,11.494299999999999
20260630,30.0,2,15,stage1_projection_energy_gate,-62.9751523663548,1.0,1,0,0.39781204648593343,0.8200886412365773,0.0,1.8369,1.748,0.0,3.6678,0.0745,7.3275
20260630,30.0,2,15,axiswise_candan_joint_ls,-62.9751523663548,1.0,1,0,nan,0.8200886412365773,0.0,1.8416,1.7106,0.0,3.6567,0.0,7.2089
20260630,30.0,2,15,legacy_explicit_residual_gate,-62.9751523663548,1.0,1,0,nan,0.8200886412365773,0.0,2.0114,1.8394,3.8852,3.6683,0.6354,12.0298
20260630,30.0,2,15,projection_energy_gate,-62.9751523663548,1.0,1,0,0.39781204648593343,0.8200886412365773,0.0,1.8782,1.7628,0.0,3.7784,0.0976,7.617699999999999
20260630,30.0,2,16,axiswise_candan_joint_ls,-66.77425414691058,1.0,1,0,nan,0.8551215130055526,0.0,1.8484,1.796,0.0,3.6621,0.0,7.373200000000001
20260630,30.0,2,16,legacy_explicit_residual_gate,-66.77425414691058,1.0,1,0,nan,0.8551215130055526,0.0,1.9272,1.769,3.7994,3.7999,0.7118,11.957
20260630,30.0,2,16,projection_energy_gate,-66.77425414691058,1.0,1,0,0.22869007132634658,0.8551215130055526,0.0,1.8782,1.826,0.0,3.6346,0.1075,7.553399999999999
20260630,30.0,2,16,stage1_projection_energy_gate,-66.77425414691058,1.0,1,0,0.22869007132634658,0.8551215130055526,0.0,1.848,1.755,0.0,3.5948,0.1004,7.2917
20260630,30.0,2,17,legacy_explicit_residual_gate,-68.15768253564828,1.0,1,0,nan,0.875610561491101,0.0,1.9271,1.7721,3.7691,3.7112,0.6548,11.962700000000002
20260630,30.0,2,17,projection_energy_gate,-68.15768253564828,1.0,1,0,0.1240920856699602,0.875610561491101,0.0,1.8283,1.7463,0.0,3.6897,0.0666,7.3349
20260630,30.0,2,17,stage1_projection_energy_gate,-68.15768253564828,1.0,1,0,0.1240920856699602,0.875610561491101,0.0,1.8246,1.7443,0.0,3.6634,0.0673,7.282100000000001
20260630,30.0,2,17,axiswise_candan_joint_ls,-68.15768253564828,1.0,1,0,nan,0.875610561491101,0.0,1.8262,1.7226,0.0,3.7017,0.0,7.2689
20260630,30.0,2,18,projection_energy_gate,-65.53126414691586,1.0,1,0,0.45932738012303237,0.8149788235417718,0.0,1.7654,1.6494,0.0,3.6589,0.0727,7.1545000000000005
20260630,30.0,2,18,stage1_projection_energy_gate,-65.53126414691586,1.0,1,0,0.45932738012303237,0.8149788235417718,0.0,1.8205,1.7762,0.0,3.8389,0.0888,7.571899999999999
20260630,30.0,2,18,axiswise_candan_joint_ls,-65.53126414691586,1.0,1,0,nan,0.8149788235417718,0.0,1.8119,1.7636,0.0,3.812,0.0,7.4216
20260630,30.0,2,18,legacy_explicit_residual_gate,-65.53126414691586,1.0,1,0,nan,0.8149788235417718,0.0,1.8886,1.7323,3.716,3.6683,0.6298,11.6456
20260630,30.0,2,19,stage1_projection_energy_gate,-65.29379808767709,1.0,1,0,0.12739159370004055,0.8341141136234003,0.0,1.8282,1.7341,0.0,3.6967,0.072,7.3246
20260630,30.0,2,19,axiswise_candan_joint_ls,-65.29379808767709,1.0,1,0,nan,0.8341141136234003,0.0,1.9259,1.7728,0.0,3.8243,0.0,7.5601
20260630,30.0,2,19,legacy_explicit_residual_gate,-65.29379808767709,1.0,1,0,nan,0.8341141136234003,0.0,1.9264,1.797,3.8662,3.6606,0.6426,12.0194
20260630,30.0,2,19,projection_energy_gate,-65.29379808767709,1.0,1,0,0.12739159370004055,0.8341141136234003,0.0,1.906,1.7952,0.0,3.7427,0.1008,7.610200000000001
20260630,30.0,4,0,axiswise_candan_joint_ls,-16.185496996263836,0.75,1,0,nan,0.8370055666952018,0.08333333333333333,1.8088,1.9003,0.0,7.1827,0.0,11.078199999999999
20260630,30.0,4,0,legacy_explicit_residual_gate,-16.185496996263836,0.75,1,0,nan,0.8370055666952018,0.08333333333333333,2.0627,1.9293,7.5107,7.1326,0.6748,19.688100000000002
20260630,30.0,4,0,projection_energy_gate,-16.185496996263836,0.75,1,0,0.16823667701458886,0.8370055666952018,0.08333333333333333,1.9484,1.8755,0.0,7.3841,0.2023,11.368400000000001
20260630,30.0,4,0,stage1_projection_energy_gate,-16.185496996263836,0.75,1,0,0.16823667701458886,0.8370055666952018,0.08333333333333333,1.9313,1.93,0.0,7.8876,0.2354,12.4214
20260630,30.0,4,1,legacy_explicit_residual_gate,-9.288977859687762,0.5,1,0,nan,0.8200754654004613,0.16666666666666666,2.0566,1.9547,7.2964,7.1283,0.7003,19.052300000000002
20260630,30.0,4,1,projection_energy_gate,-9.288977859687762,0.5,1,0,0.34280470217428355,0.8200754654004613,0.16666666666666666,1.9651,1.9587,0.0,7.6005,0.1793,11.7245
20260630,30.0,4,1,stage1_projection_energy_gate,-9.288977859687762,0.5,1,0,0.34280470217428355,0.8200754654004613,0.16666666666666666,1.9375,1.9599,0.0,7.3814,0.1927,11.5154
20260630,30.0,4,1,axiswise_candan_joint_ls,-9.288977859687762,0.5,1,0,nan,0.8200754654004613,0.16666666666666666,2.0972,1.9069,0.0,7.6716,0.0,11.6952
20260630,30.0,4,2,projection_energy_gate,-66.30163396603177,1.0,1,0,0.21503992965604257,0.8166825183314649,0.0,2.0267,2.2361,0.0,7.6909,0.1992,12.1567
20260630,30.0,4,2,stage1_projection_energy_gate,-66.30163396603177,1.0,1,0,0.21503992965604257,0.8166825183314649,0.0,1.8937,1.9206,0.0,7.1254,0.1685,11.1082
20260630,30.0,4,2,axiswise_candan_joint_ls,-66.30163396603177,1.0,1,0,nan,0.8166825183314649,0.0,1.8426,1.8563,0.0,7.1121,0.0,10.916699999999999
20260630,30.0,4,2,legacy_explicit_residual_gate,-66.30163396603177,1.0,1,0,nan,0.8166825183314649,0.0,1.9629,1.792,7.0493,7.0615,0.6455,18.4212
20260630,30.0,4,3,stage1_projection_energy_gate,-66.51132261372537,1.0,1,0,0.23331857511110388,0.8289792270457519,0.0,1.8226,1.8342,0.0,7.0735,0.1413,10.8586
20260630,30.0,4,3,axiswise_candan_joint_ls,-66.51132261372537,1.0,1,0,nan,0.8289792270457519,0.0,1.7715,1.7833,0.0,6.8989,0.0,10.5123
20260630,30.0,4,3,legacy_explicit_residual_gate,-66.51132261372537,1.0,1,0,nan,0.8289792270457519,0.0,2.0628,1.9029,7.1669,6.9281,0.6624,18.634300000000003
20260630,30.0,4,3,projection_energy_gate,-66.51132261372537,1.0,1,0,0.23331857511110388,0.8289792270457519,0.0,1.8624,1.8419,0.0,6.9858,0.1533,10.866999999999999
20260630,30.0,4,4,axiswise_candan_joint_ls,-15.67581511473832,0.75,1,0,nan,0.8160546574140845,0.08333333333333333,1.8688,1.9226,0.0,7.2993,0.0,11.1372
20260630,30.0,4,4,legacy_explicit_residual_gate,-15.67581511473832,0.75,1,0,nan,0.8160546574140845,0.08333333333333333,1.994,1.8227,7.161,7.1819,0.7081,18.8753
20260630,30.0,4,4,projection_energy_gate,-15.67581511473832,0.75,1,0,0.37246602205100265,0.8160546574140845,0.08333333333333333,1.9434,2.0986,0.0,7.4667,0.1815,11.7693
20260630,30.0,4,4,stage1_projection_energy_gate,-15.67581511473832,0.75,1,0,0.37246602205100265,0.8160546574140845,0.08333333333333333,1.8463,1.8096,0.0,6.8583,0.1377,10.6354
20260630,30.0,4,5,legacy_explicit_residual_gate,-58.92991983312118,1.0,1,0,nan,0.8318138382857719,0.0,1.9051,1.7474,6.7598,6.9383,0.6188,17.9658
20260630,30.0,4,5,projection_energy_gate,-58.92991983312118,1.0,1,0,0.22684903682777943,0.8318138382857719,0.0,1.8276,1.7609,0.0,6.7271,0.1182,10.4023
20260630,30.0,4,5,stage1_projection_energy_gate,-58.92991983312118,1.0,1,0,0.22684903682777943,0.8318138382857719,0.0,1.9104,1.8549,0.0,7.1663,0.167,10.9504
20260630,30.0,4,5,axiswise_candan_joint_ls,-58.92991983312118,1.0,1,0,nan,0.8318138382857719,0.0,1.8409,1.8058,0.0,6.8868,0.0,10.4717
20260630,30.0,4,6,projection_energy_gate,-13.776195088021929,0.75,1,0,0.1910249210862933,0.81793582109982,0.08333333333333333,1.902,1.8623,0.0,6.9767,0.14,10.932500000000001
20260630,30.0,4,6,stage1_projection_energy_gate,-13.776195088021929,0.75,1,0,0.1910249210862933,0.81793582109982,0.08333333333333333,1.8539,1.8568,0.0,7.0793,0.1512,10.9169
20260630,30.0,4,6,axiswise_candan_joint_ls,-13.776195088021929,0.75,1,0,nan,0.81793582109982,0.08333333333333333,1.8192,1.8897,0.0,6.9398,0.0,10.6487
20260630,30.0,4,6,legacy_explicit_residual_gate,-13.776195088021929,0.75,1,0,nan,0.81793582109982,0.08333333333333333,1.8904,1.7853,7.0493,7.0724,0.6592,18.629099999999998
20260630,30.0,4,7,stage1_projection_energy_gate,-64.35128736946565,1.0,1,0,0.1966144021843164,0.8183666497045355,0.0,1.899,1.8848,0.0,7.0387,0.1522,10.904900000000001
20260630,30.0,4,7,axiswise_candan_joint_ls,-64.35128736946565,1.0,1,0,nan,0.8183666497045355,0.0,1.8499,1.7906,0.0,6.8315,0.0,10.543
20260630,30.0,4,7,legacy_explicit_residual_gate,-64.35128736946565,1.0,1,0,nan,0.8183666497045355,0.0,1.9137,1.8151,6.927,6.9062,0.6473,18.3678
20260630,30.0,4,7,projection_energy_gate,-64.35128736946565,1.0,1,0,0.1966144021843164,0.8183666497045355,0.0,1.8471,1.828,0.0,6.9144,0.1538,10.7396
20260630,30.0,4,8,axiswise_candan_joint_ls,-64.40599085077604,1.0,1,0,nan,0.8204184723673773,0.0,1.8165,1.8778,0.0,6.9193,0.0,10.6435
20260630,30.0,4,8,legacy_explicit_residual_gate,-64.40599085077604,1.0,1,0,nan,0.8204184723673773,0.0,1.9346,1.7942,6.9783,6.7469,0.6752,18.1528
20260630,30.0,4,8,projection_energy_gate,-64.40599085077604,1.0,1,0,0.28460207470065274,0.8204184723673773,0.0,1.8475,1.8607,0.0,7.0732,0.1672,10.9306
20260630,30.0,4,8,stage1_projection_energy_gate,-64.40599085077604,1.0,1,0,0.28460207470065274,0.8204184723673773,0.0,1.9276,1.8735,0.0,6.984,0.1512,10.8677
20260630,30.0,4,9,legacy_explicit_residual_gate,-19.733027374291837,0.5,1,0,nan,0.8140373176743471,0.08333333333333333,1.9464,1.8217,7.0439,7.1219,0.6434,18.5346
20260630,30.0,4,9,projection_energy_gate,-19.733027374291837,0.5,1,0,0.2164481015678433,0.8140373176743471,0.08333333333333333,1.8866,1.852,0.0,7.0035,0.1485,10.8651
20260630,30.0,4,9,stage1_projection_energy_gate,-19.733027374291837,0.5,1,0,0.2164481015678433,0.8140373176743471,0.08333333333333333,1.8111,1.8384,0.0,6.9715,0.1439,10.851799999999999
20260630,30.0,4,9,axiswise_candan_joint_ls,-19.733027374291837,0.5,1,0,nan,0.8140373176743471,0.08333333333333333,1.8302,1.8085,0.0,6.8935,0.0,10.551300000000001
20260630,30.0,4,10,projection_energy_gate,-63.00509220143905,1.0,1,0,0.4122238634887731,0.8156774823733929,0.0,1.8567,1.8394,0.0,7.0185,0.1551,10.8549
20260630,30.0,4,10,stage1_projection_energy_gate,-63.00509220143905,1.0,1,0,0.4122238634887731,0.8156774823733929,0.0,1.9709,1.9049,0.0,7.123,0.1741,11.1781
20260630,30.0,4,10,axiswise_candan_joint_ls,-63.00509220143905,1.0,1,0,nan,0.8156774823733929,0.0,1.8474,1.8521,0.0,6.9862,0.0,10.8887
20260630,30.0,4,10,legacy_explicit_residual_gate,-63.00509220143905,1.0,1,0,nan,0.8156774823733929,0.0,1.9268,1.8063,7.0095,6.94,0.6562,18.3445
20260630,30.0,4,11,stage1_projection_energy_gate,-14.545773594871651,0.75,1,0,0.33312812766858746,0.7427990762533366,0.08333333333333333,1.8388,1.8241,0.0,6.902,0.1256,10.6879
20260630,30.0,4,11,axiswise_candan_joint_ls,-14.545773594871651,0.75,1,0,nan,0.7427990762533366,0.08333333333333333,1.8003,1.7824,0.0,6.801,0.0,10.3905
20260630,30.0,4,11,legacy_explicit_residual_gate,-14.545773594871651,0.75,1,0,nan,0.7427990762533366,0.08333333333333333,2.0124,1.9561,7.2312,6.9352,0.7543,18.8456
20260630,30.0,4,11,projection_energy_gate,-14.545773594871651,0.75,1,0,0.33312812766858746,0.7427990762533366,0.08333333333333333,1.8688,1.8108,0.0,6.9302,0.125,10.7335
20260630,30.0,4,12,axiswise_candan_joint_ls,-10.337936617094847,0.5,1,0,nan,0.8121285576881903,0.16666666666666666,1.8791,1.8166,0.0,7.1155,0.0,10.7761
20260630,30.0,4,12,legacy_explicit_residual_gate,-10.337936617094847,0.5,1,0,nan,0.8121285576881903,0.16666666666666666,1.905,1.7806,6.8959,6.8148,0.637,18.0523
20260630,30.0,4,12,projection_energy_gate,-10.337936617094847,0.5,1,0,0.25373176344667725,0.8121285576881903,0.16666666666666666,1.84,1.7955,0.0,6.8413,0.1278,10.6433
20260630,30.0,4,12,stage1_projection_energy_gate,-10.337936617094847,0.5,1,0,0.25373176344667725,0.8121285576881903,0.16666666666666666,1.8311,1.8132,0.0,6.8301,0.139,10.6175
20260630,30.0,4,13,legacy_explicit_residual_gate,-65.0070777293685,1.0,1,0,nan,0.81564258034015,0.0,1.9417,1.7854,6.8502,6.8686,0.6256,18.0488
20260630,30.0,4,13,projection_energy_gate,-65.0070777293685,1.0,1,0,0.17502007203759914,0.81564258034015,0.0,1.8318,1.7871,0.0,6.9178,0.1326,10.6684
20260630,30.0,4,13,stage1_projection_energy_gate,-65.0070777293685,1.0,1,0,0.17502007203759914,0.81564258034015,0.0,1.8428,1.8066,0.0,6.8616,0.1345,10.7744
20260630,30.0,4,13,axiswise_candan_joint_ls,-65.0070777293685,1.0,1,0,nan,0.81564258034015,0.0,1.8221,1.797,0.0,6.7732,0.0,10.432
20260630,30.0,4,14,projection_energy_gate,-12.809944864611136,0.75,1,0,0.32687644011480765,0.8149119173595509,0.08333333333333333,2.0261,1.9189,0.0,7.3991,0.1799,11.4908
20260630,30.0,4,14,stage1_projection_energy_gate,-12.809944864611136,0.75,1,0,0.32687644011480765,0.8149119173595509,0.08333333333333333,1.8584,1.8525,0.0,6.9589,0.1402,10.8013
20260630,30.0,4,14,axiswise_candan_joint_ls,-12.809944864611136,0.75,1,0,nan,0.8149119173595509,0.08333333333333333,1.9786,1.8557,0.0,6.9654,0.0,10.8675
20260630,30.0,4,14,legacy_explicit_residual_gate,-12.809944864611136,0.75,1,0,nan,0.8149119173595509,0.08333333333333333,1.9409,1.8306,7.0384,6.7736,0.6369,18.6561
20260630,30.0,4,15,stage1_projection_energy_gate,-13.662899336255705,0.5,1,0,0.2869474955291884,0.8200515180820722,0.08333333333333333,1.9234,2.0126,0.0,7.127,0.1864,11.2494
20260630,30.0,4,15,axiswise_candan_joint_ls,-13.662899336255705,0.5,1,0,nan,0.8200515180820722,0.08333333333333333,1.8183,1.802,0.0,6.8475,0.0,10.467500000000001
20260630,30.0,4,15,legacy_explicit_residual_gate,-13.662899336255705,0.5,1,0,nan,0.8200515180820722,0.08333333333333333,1.8867,1.9517,7.0865,6.9594,0.6735,18.4705
20260630,30.0,4,15,projection_energy_gate,-13.662899336255705,0.5,1,0,0.2869474955291884,0.8200515180820722,0.08333333333333333,1.8253,1.806,0.0,7.0006,0.1417,10.946399999999999
20260630,30.0,4,16,axiswise_candan_joint_ls,-60.39425437025913,1.0,1,0,nan,0.8239358692216318,0.0,1.8156,1.8218,0.0,6.9075,0.0,10.5552
20260630,30.0,4,16,legacy_explicit_residual_gate,-60.39425437025913,1.0,1,0,nan,0.8239358692216318,0.0,1.935,1.8641,7.2247,7.094,0.7078,18.7588
20260630,30.0,4,16,projection_energy_gate,-60.39425437025913,1.0,1,0,0.27477955330201237,0.8239358692216318,0.0,1.8233,1.8633,0.0,6.9958,0.1301,10.8814
20260630,30.0,4,16,stage1_projection_energy_gate,-60.39425437025913,1.0,1,0,0.27477955330201237,0.8239358692216318,0.0,1.9123,1.9856,0.0,7.0993,0.1479,11.178700000000001
20260630,30.0,4,17,legacy_explicit_residual_gate,-12.685850923569394,0.75,1,0,nan,0.8205880010551264,0.08333333333333333,1.9293,1.7924,7.0301,6.8911,0.6312,18.1902
20260630,30.0,4,17,projection_energy_gate,-12.685850923569394,0.75,1,0,0.3281362102641649,0.8205880010551264,0.08333333333333333,1.9148,1.8294,0.0,7.0053,0.1807,11.0134
20260630,30.0,4,17,stage1_projection_energy_gate,-12.685850923569394,0.75,1,0,0.3281362102641649,0.8205880010551264,0.08333333333333333,1.8886,1.7824,0.0,6.8657,0.1253,10.562300000000002
20260630,30.0,4,17,axiswise_candan_joint_ls,-12.685850923569394,0.75,1,0,nan,0.8205880010551264,0.08333333333333333,1.8197,1.7837,0.0,6.85,0.0,10.4611
20260630,30.0,4,18,projection_energy_gate,-9.992902430421516,0.5,1,0,0.21442779048974384,0.8186427186875417,0.08333333333333333,1.8074,1.8059,0.0,6.8948,0.1341,10.7333
20260630,30.0,4,18,stage1_projection_energy_gate,-9.992902430421516,0.5,1,0,0.21442779048974384,0.8186427186875417,0.08333333333333333,1.8548,1.8639,0.0,6.9875,0.1503,10.856499999999999
20260630,30.0,4,18,axiswise_candan_joint_ls,-9.992902430421516,0.5,1,0,nan,0.8186427186875417,0.08333333333333333,1.807,1.8042,0.0,6.9277,0.0,10.6141
20260630,30.0,4,18,legacy_explicit_residual_gate,-9.992902430421516,0.5,1,0,nan,0.8186427186875417,0.08333333333333333,1.9705,1.9009,7.248,6.9934,0.6615,18.7541
20260630,30.0,4,19,stage1_projection_energy_gate,-64.44886273627809,1.0,1,0,0.3846345208402114,0.824471230240726,0.0,1.8086,1.7909,0.0,6.8826,0.1397,10.6124
20260630,30.0,4,19,axiswise_candan_joint_ls,-64.44886273627809,1.0,1,0,nan,0.824471230240726,0.0,1.8049,1.8474,0.0,6.9502,0.0,10.6243
20260630,30.0,4,19,legacy_explicit_residual_gate,-64.44886273627809,1.0,1,0,nan,0.824471230240726,0.0,1.8997,1.7577,7.211,7.0085,0.6389,18.459400000000002
20260630,30.0,4,19,projection_energy_gate,-64.44886273627809,1.0,1,0,0.3846345208402114,0.824471230240726,0.0,1.9314,1.9158,0.0,7.2444,0.1832,11.1162
20260630,30.0,8,0,axiswise_candan_joint_ls,-14.876013700184023,0.5,1,0,nan,0.8168908157981677,0.08333333333333333,1.8437,1.8915,0.0,14.9001,0.0,18.745
20260630,30.0,8,0,legacy_explicit_residual_gate,-14.876013700184023,0.5,1,0,nan,0.8168908157981677,0.08333333333333333,1.952,1.9193,15.1824,14.9731,0.6681,35.10189999999999
20260630,30.0,8,0,projection_energy_gate,-14.876013700184023,0.5,1,0,0.30973532563226025,0.8168908157981677,0.08333333333333333,1.9526,1.9993,0.0,14.9379,0.1363,19.067899999999998
20260630,30.0,8,0,stage1_projection_energy_gate,-14.876013700184023,0.5,1,0,0.30973532563226025,0.8168908157981677,0.08333333333333333,1.951,2.0761,0.0,15.2669,0.1622,19.4469
20260630,30.0,8,1,legacy_explicit_residual_gate,-15.233051135988276,0.625,1,0,nan,0.8152180654411776,0.041666666666666664,1.9515,1.9239,15.1354,15.1404,0.7144,34.829299999999996
20260630,30.0,8,1,projection_energy_gate,-15.233051135988276,0.625,1,0,0.37766885773306924,0.8152180654411776,0.041666666666666664,1.8681,1.9466,0.0,14.8094,0.1393,18.7347
20260630,30.0,8,1,stage1_projection_energy_gate,-15.233051135988276,0.625,1,0,0.37766885773306924,0.8152180654411776,0.041666666666666664,1.9338,1.9833,0.0,15.5385,0.2041,19.780400000000004
20260630,30.0,8,1,axiswise_candan_joint_ls,-15.233051135988276,0.625,1,0,nan,0.8152180654411776,0.041666666666666664,1.9781,2.0975,0.0,15.716,0.0,19.9037
20260630,30.0,8,2,projection_energy_gate,-18.488704234368043,0.875,1,0,0.3537825254456764,0.8153449126671465,0.041666666666666664,1.8776,1.9564,0.0,15.8607,0.1431,19.848
20260630,30.0,8,2,stage1_projection_energy_gate,-18.488704234368043,0.875,1,0,0.3537825254456764,0.8153449126671465,0.041666666666666664,1.8507,1.9513,0.0,15.0071,0.1432,18.9695
20260630,30.0,8,2,axiswise_candan_joint_ls,-18.488704234368043,0.875,1,0,nan,0.8153449126671465,0.041666666666666664,1.8237,1.9464,0.0,14.9985,0.0,18.7113
20260630,30.0,8,2,legacy_explicit_residual_gate,-18.488704234368043,0.875,1,0,nan,0.8153449126671465,0.041666666666666664,1.9212,1.9356,14.9227,14.6882,0.7119,34.2179
20260630,30.0,8,3,stage1_projection_energy_gate,-16.05051302332371,0.75,1,0,0.2589467262633395,0.8204469247939377,0.041666666666666664,1.8936,1.9247,0.0,15.0125,0.1452,19.084200000000003
20260630,30.0,8,3,axiswise_candan_joint_ls,-16.05051302332371,0.75,1,0,nan,0.8204469247939377,0.041666666666666664,1.8171,1.9431,0.0,14.9788,0.0,18.8136
20260630,30.0,8,3,legacy_explicit_residual_gate,-16.05051302332371,0.75,1,0,nan,0.8204469247939377,0.041666666666666664,1.9971,1.979,15.0794,14.9631,0.6265,34.7995
20260630,30.0,8,3,projection_energy_gate,-16.05051302332371,0.75,1,0,0.2589467262633395,0.8204469247939377,0.041666666666666664,1.8674,1.9231,0.0,14.9851,0.1384,18.8945
20260630,30.0,8,4,axiswise_candan_joint_ls,-15.77880398814606,0.875,1,0,nan,0.8131480232920291,0.041666666666666664,1.8389,1.9604,0.0,14.8105,0.0,18.6062
20260630,30.0,8,4,legacy_explicit_residual_gate,-15.77880398814606,0.875,1,0,nan,0.8131480232920291,0.041666666666666664,2.0427,1.9546,15.3504,15.7864,0.6862,35.9446
20260630,30.0,8,4,projection_energy_gate,-15.77880398814606,0.875,1,0,0.30176927005784693,0.8131480232920291,0.041666666666666664,1.8571,1.9487,0.0,14.721,0.1474,18.674200000000003
20260630,30.0,8,4,stage1_projection_energy_gate,-15.77880398814606,0.875,1,0,0.30176927005784693,0.8131480232920291,0.041666666666666664,1.8397,1.9223,0.0,15.0201,0.1961,18.9588
20260630,30.0,8,5,legacy_explicit_residual_gate,-15.090582358644093,0.875,1,0,nan,0.8285885730689517,0.041666666666666664,1.954,1.9548,15.3469,15.1868,0.6708,35.137499999999996
20260630,30.0,8,5,projection_energy_gate,-15.090582358644093,0.875,1,0,0.22176687961483832,0.8285885730689517,0.041666666666666664,1.8643,1.9067,0.0,14.9667,0.1417,18.877100000000002
20260630,30.0,8,5,stage1_projection_energy_gate,-15.090582358644093,0.875,1,0,0.22176687961483832,0.8285885730689517,0.041666666666666664,1.8545,1.9235,0.0,14.9188,0.1449,19.037399999999998
20260630,30.0,8,5,axiswise_candan_joint_ls,-15.090582358644093,0.875,1,0,nan,0.8285885730689517,0.041666666666666664,1.8663,1.9204,0.0,15.151,0.0,18.9554
20260630,30.0,8,6,projection_energy_gate,-13.75276229010629,0.5,1,0,0.3003639025762706,0.817589654393364,0.08333333333333333,1.8463,1.9793,0.0,15.4213,0.1871,19.408599999999996
20260630,30.0,8,6,stage1_projection_energy_gate,-13.75276229010629,0.5,1,0,0.3003639025762706,0.817589654393364,0.08333333333333333,1.8787,1.9452,0.0,14.9316,0.1495,18.9877
20260630,30.0,8,6,axiswise_candan_joint_ls,-13.75276229010629,0.5,1,0,nan,0.817589654393364,0.08333333333333333,1.83,1.9584,0.0,14.9399,0.0,18.8432
20260630,30.0,8,6,legacy_explicit_residual_gate,-13.75276229010629,0.5,1,0,nan,0.817589654393364,0.08333333333333333,1.9024,1.9088,14.9097,14.7159,0.6245,33.9295
20260630,30.0,8,7,stage1_projection_energy_gate,-15.15415179609898,0.5,1,0,0.19638059008360453,0.8169076867212133,0.08333333333333333,2.0398,2.0889,0.0,15.4203,0.1454,19.6881
20260630,30.0,8,7,axiswise_candan_joint_ls,-15.15415179609898,0.5,1,0,nan,0.8169076867212133,0.08333333333333333,1.8886,1.9393,0.0,15.8902,0.0,19.639
20260630,30.0,8,7,legacy_explicit_residual_gate,-15.15415179609898,0.5,1,0,nan,0.8169076867212133,0.08333333333333333,1.9827,1.931,14.9476,14.973,0.6446,34.7324
20260630,30.0,8,7,projection_energy_gate,-15.15415179609898,0.5,1,0,0.19638059008360453,0.8169076867212133,0.08333333333333333,1.9223,2.0089,0.0,15.0916,0.1666,19.319
20260630,30.0,8,8,axiswise_candan_joint_ls,-18.225288499226316,0.875,1,0,nan,0.8173237499174776,0.041666666666666664,1.8732,1.9065,0.0,14.994,0.0,18.7317
20260630,30.0,8,8,legacy_explicit_residual_gate,-18.225288499226316,0.875,1,0,nan,0.8173237499174776,0.041666666666666664,1.9314,1.8795,14.7538,14.7363,0.6057,33.9683
20260630,30.0,8,8,projection_energy_gate,-18.225288499226316,0.875,1,0,0.24682396299819104,0.8173237499174776,0.041666666666666664,1.9004,1.9562,0.0,15.0093,0.1448,19.2323
20260630,30.0,8,8,stage1_projection_energy_gate,-18.225288499226316,0.875,1,0,0.24682396299819104,0.8173237499174776,0.041666666666666664,1.8934,1.9876,0.0,15.3776,0.1406,19.418400000000002
20260630,30.0,8,9,legacy_explicit_residual_gate,-16.236930539294033,0.75,1,0,nan,0.8239047687284827,0.08333333333333333,1.8786,1.9295,15.0888,15.384,0.6763,34.9624
20260630,30.0,8,9,projection_energy_gate,-16.236930539294033,0.75,1,0,0.23277810043201672,0.8239047687284827,0.08333333333333333,1.8598,1.9676,0.0,15.1972,0.1724,19.1705
20260630,30.0,8,9,stage1_projection_energy_gate,-16.236930539294033,0.75,1,0,0.23277810043201672,0.8239047687284827,0.08333333333333333,1.8648,1.9776,0.0,14.9664,0.1628,18.939400000000003
20260630,30.0,8,9,axiswise_candan_joint_ls,-16.236930539294033,0.75,1,0,nan,0.8239047687284827,0.08333333333333333,1.9227,2.018,0.0,15.3117,0.0,19.0611
20260630,30.0,8,10,projection_energy_gate,-24.565436015659913,0.75,1,0,0.35820614614279755,0.7936035938178377,0.041666666666666664,1.9684,1.96,0.0,15.199,0.1373,19.525
20260630,30.0,8,10,stage1_projection_energy_gate,-24.565436015659913,0.75,1,0,0.35820614614279755,0.7936035938178377,0.041666666666666664,1.9058,1.9464,0.0,14.8652,0.1998,18.8765
20260630,30.0,8,10,axiswise_candan_joint_ls,-24.565436015659913,0.75,1,0,nan,0.7936035938178377,0.041666666666666664,1.9125,1.9477,0.0,14.812,0.0,18.7045
20260630,30.0,8,10,legacy_explicit_residual_gate,-24.565436015659913,0.75,1,0,nan,0.7936035938178377,0.041666666666666664,1.9417,1.9756,14.9374,14.7881,0.6205,34.3299
20260630,30.0,8,11,stage1_projection_energy_gate,-12.68189995770599,0.625,1,0,0.3259430100928641,0.813937290904538,0.041666666666666664,2.0617,2.0831,0.0,15.209,0.1356,19.3719
20260630,30.0,8,11,axiswise_candan_joint_ls,-12.68189995770599,0.625,1,0,nan,0.813937290904538,0.041666666666666664,2.0021,1.9949,0.0,15.5874,0.0,19.6309
20260630,30.0,8,11,legacy_explicit_residual_gate,-12.68189995770599,0.625,1,0,nan,0.813937290904538,0.041666666666666664,1.9303,1.9177,15.0595,14.8842,0.594,34.6132
20260630,30.0,8,11,projection_energy_gate,-12.68189995770599,0.625,1,0,0.3259430100928641,0.813937290904538,0.041666666666666664,1.8872,1.9454,0.0,14.7045,0.1363,18.646099999999997
20260630,30.0,8,12,axiswise_candan_joint_ls,-14.184832719016535,0.75,1,0,nan,0.820553005793911,0.041666666666666664,1.8796,1.9097,0.0,14.8188,0.0,18.7406
20260630,30.0,8,12,legacy_explicit_residual_gate,-14.184832719016535,0.75,1,0,nan,0.820553005793911,0.041666666666666664,2.0745,2.0133,15.4025,15.6554,0.7866,35.8004
20260630,30.0,8,12,projection_energy_gate,-14.184832719016535,0.75,1,0,0.29206349889641753,0.820553005793911,0.041666666666666664,1.9536,1.9945,0.0,15.0063,0.1855,19.2489
20260630,30.0,8,12,stage1_projection_energy_gate,-14.184832719016535,0.75,1,0,0.29206349889641753,0.820553005793911,0.041666666666666664,1.9555,2.0212,0.0,15.2034,0.1662,19.2641
20260630,30.0,8,13,legacy_explicit_residual_gate,-12.444727570510967,0.5,1,0,nan,0.8234763012061703,0.125,1.9673,1.9206,15.0806,14.7303,0.6372,34.3414
20260630,30.0,8,13,projection_energy_gate,-12.444727570510967,0.5,1,0,0.25091652690374777,0.8234763012061703,0.125,1.9202,2.0745,0.0,15.0326,0.1311,19.258300000000002
20260630,30.0,8,13,stage1_projection_energy_gate,-12.444727570510967,0.5,1,0,0.25091652690374777,0.8234763012061703,0.125,1.8828,1.8955,0.0,15.8086,0.1375,19.7138
20260630,30.0,8,13,axiswise_candan_joint_ls,-12.444727570510967,0.5,1,0,nan,0.8234763012061703,0.125,1.8566,1.9627,0.0,14.9454,0.0,18.9214
20260630,30.0,8,14,projection_energy_gate,-14.412767439475251,0.5,1,0,0.31564009420094746,0.8168738874806848,0.08333333333333333,1.8625,1.9823,0.0,15.3182,0.145,19.6602
20260630,30.0,8,14,stage1_projection_energy_gate,-14.412767439475251,0.5,1,0,0.31564009420094746,0.8168738874806848,0.08333333333333333,1.8693,1.9667,0.0,15.0125,0.1424,19.0181
20260630,30.0,8,14,axiswise_candan_joint_ls,-14.412767439475251,0.5,1,0,nan,0.8168738874806848,0.08333333333333333,1.8648,1.8977,0.0,14.9239,0.0,18.6691
20260630,30.0,8,14,legacy_explicit_residual_gate,-14.412767439475251,0.5,1,0,nan,0.8168738874806848,0.08333333333333333,1.913,1.9308,15.1037,15.4821,0.5974,35.2381
20260630,30.0,8,15,stage1_projection_energy_gate,-13.50193545413961,0.875,1,0,0.25001699620486617,0.8203784881439756,0.041666666666666664,1.9589,1.9557,0.0,16.6417,0.1424,20.715600000000002
20260630,30.0,8,15,axiswise_candan_joint_ls,-13.50193545413961,0.875,1,0,nan,0.8203784881439756,0.041666666666666664,1.8889,1.9207,0.0,14.7789,0.0,18.884700000000002
20260630,30.0,8,15,legacy_explicit_residual_gate,-13.50193545413961,0.875,1,0,nan,0.8203784881439756,0.041666666666666664,1.9496,1.9351,15.1109,14.9929,0.6917,34.672200000000004
20260630,30.0,8,15,projection_energy_gate,-13.50193545413961,0.875,1,0,0.25001699620486617,0.8203784881439756,0.041666666666666664,1.8602,1.933,0.0,15.0665,0.1427,19.221300000000003
20260630,30.0,8,16,axiswise_candan_joint_ls,-13.197369188902732,0.75,1,0,nan,0.8263981716913534,0.08333333333333333,1.873,1.9904,0.0,15.1217,0.0,19.015900000000002
20260630,30.0,8,16,legacy_explicit_residual_gate,-13.197369188902732,0.75,1,0,nan,0.8263981716913534,0.08333333333333333,1.9639,1.9656,15.1061,15.1251,0.649,34.911100000000005
20260630,30.0,8,16,projection_energy_gate,-13.197369188902732,0.75,1,0,0.2093880254293152,0.8263981716913534,0.08333333333333333,1.9101,1.9924,0.0,15.0405,0.1428,19.1754
20260630,30.0,8,16,stage1_projection_energy_gate,-13.197369188902732,0.75,1,0,0.2093880254293152,0.8263981716913534,0.08333333333333333,1.8577,1.9254,0.0,15.3784,0.1466,19.3952
20260630,30.0,8,17,legacy_explicit_residual_gate,-15.880295070074787,0.875,1,0,nan,0.814465489183927,0.041666666666666664,1.9718,1.9288,14.587,14.2719,0.629,33.5815
20260630,30.0,8,17,projection_energy_gate,-15.880295070074787,0.875,1,0,0.3633587280299138,0.814465489183927,0.041666666666666664,1.9961,2.0527,0.0,15.826,0.1458,20.05
20260630,30.0,8,17,stage1_projection_energy_gate,-15.880295070074787,0.875,1,0,0.3633587280299138,0.814465489183927,0.041666666666666664,1.9149,1.928,0.0,15.1072,0.1648,19.138099999999998
20260630,30.0,8,17,axiswise_candan_joint_ls,-15.880295070074787,0.875,1,0,nan,0.814465489183927,0.041666666666666664,1.9429,2.0351,0.0,15.3525,0.0,19.566
20260630,30.0,8,18,projection_energy_gate,-43.063909625092826,1.0,1,0,0.37754236216180137,0.8177464069055689,0.0,1.8942,1.9619,0.0,15.0759,0.1482,19.0658
20260630,30.0,8,18,stage1_projection_energy_gate,-43.063909625092826,1.0,1,0,0.37754236216180137,0.8177464069055689,0.0,1.8777,1.9522,0.0,14.8274,0.1643,18.837100000000003
20260630,30.0,8,18,axiswise_candan_joint_ls,-43.063909625092826,1.0,1,0,nan,0.8177464069055689,0.0,1.8918,2.0703,0.0,15.1549,0.0,19.2304
20260630,30.0,8,18,legacy_explicit_residual_gate,-43.063909625092826,1.0,1,0,nan,0.8177464069055689,0.0,1.9727,1.9171,14.9542,15.5177,0.689,35.19
20260630,30.0,8,19,stage1_projection_energy_gate,-18.713978888921325,0.875,1,0,0.10300993613343723,0.8290631800675852,0.041666666666666664,1.9537,1.9927,0.0,15.2319,0.1543,19.3326
20260630,30.0,8,19,axiswise_candan_joint_ls,-18.713978888921325,0.875,1,0,nan,0.8290631800675852,0.041666666666666664,1.9294,1.9979,0.0,14.6435,0.0,18.4662
20260630,30.0,8,19,legacy_explicit_residual_gate,-18.713978888921325,0.875,1,0,nan,0.8290631800675852,0.041666666666666664,1.9412,1.939,15.5414,15.3773,0.7446,35.7461
20260630,30.0,8,19,projection_energy_gate,-18.713978888921325,0.875,1,0,0.10300993613343723,0.8290631800675852,0.041666666666666664,1.9527,2.1484,0.0,15.279,0.1416,19.4498
20260701,0.0,2,0,axiswise_candan_joint_ls,-35.80501312145526,1.0,1,0,nan,0.7998566893246697,0.0,1.9121,1.9626,0.0,4.1296,0.0,7.9376
20260701,0.0,2,0,legacy_explicit_residual_gate,-35.80501312145526,1.0,1,0,nan,0.7998566893246697,0.0,2.0549,1.8144,3.8422,3.7134,0.6379,12.062800000000001
20260701,0.0,2,0,projection_energy_gate,-35.80501312145526,1.0,1,0,0.14096302817751796,0.7998566893246697,0.0,1.8995,1.7921,0.0,3.8621,0.0916,7.6162
20260701,0.0,2,0,stage1_projection_energy_gate,-35.80501312145526,1.0,1,0,0.14096302817751796,0.7998566893246697,0.0,1.9717,1.8977,0.0,3.9512,0.1337,8.0014
20260701,0.0,2,1,legacy_explicit_residual_gate,-14.856552090649007,0.5,1,0,nan,0.8438376435237395,0.16666666666666666,2.0133,1.9151,3.9009,3.8265,0.703,12.576699999999999
20260701,0.0,2,1,projection_energy_gate,-14.856552090649007,0.5,1,0,0.07706366091120359,0.8438376435237395,0.16666666666666666,1.9311,1.836,0.0,3.8482,0.1441,7.759399999999999
20260701,0.0,2,1,stage1_projection_energy_gate,-14.856552090649007,0.5,1,0,0.07706366091120359,0.8438376435237395,0.16666666666666666,1.8719,1.7632,0.0,3.8171,0.0972,7.5942
20260701,0.0,2,1,axiswise_candan_joint_ls,-14.856552090649007,0.5,1,0,nan,0.8438376435237395,0.16666666666666666,1.9028,1.7851,0.0,3.8132,0.0,7.5433
20260701,0.0,2,2,projection_energy_gate,-35.60719817739208,1.0,1,0,0.2781270678234416,0.8175637401826652,0.0,1.8777,1.9234,0.0,3.9864,0.118,8.0635
20260701,0.0,2,2,stage1_projection_energy_gate,-35.60719817739208,1.0,1,0,0.2781270678234416,0.8175637401826652,0.0,1.9135,1.9181,0.0,3.8808,0.1469,7.9182
20260701,0.0,2,2,axiswise_candan_joint_ls,-35.60719817739208,1.0,1,0,nan,0.8175637401826652,0.0,1.9207,1.8124,0.0,3.7496,0.0,7.5007
20260701,0.0,2,2,legacy_explicit_residual_gate,-35.60719817739208,1.0,1,0,nan,0.8175637401826652,0.0,2.0308,1.795,3.8882,3.899,0.7121,12.3814
20260701,0.0,2,3,stage1_projection_energy_gate,-44.30320596413462,1.0,1,0,0.07946530334599114,0.8227113034971781,0.0,1.8816,1.8711,0.0,3.877,0.0972,7.730499999999999
20260701,0.0,2,3,axiswise_candan_joint_ls,-44.30320596413462,1.0,1,0,nan,0.8227113034971781,0.0,1.9199,1.8564,0.0,3.8134,0.0,7.6667000000000005
20260701,0.0,2,3,legacy_explicit_residual_gate,-44.30320596413462,1.0,1,0,nan,0.8227113034971781,0.0,1.9862,1.8381,3.865,3.7387,0.666,12.1003
20260701,0.0,2,3,projection_energy_gate,-44.30320596413462,1.0,1,0,0.07946530334599114,0.8227113034971781,0.0,1.8307,1.7708,0.0,3.8048,0.0932,7.4929
20260701,0.0,2,4,axiswise_candan_joint_ls,-10.363614445406581,0.5,1,0,nan,0.8352230757646927,0.16666666666666666,1.906,1.7818,0.0,4.0057,0.0,7.6346
20260701,0.0,2,4,legacy_explicit_residual_gate,-10.363614445406581,0.5,1,0,nan,0.8352230757646927,0.16666666666666666,2.0582,1.8753,3.9533,3.8798,0.7442,12.494699999999998
20260701,0.0,2,4,projection_energy_gate,-10.363614445406581,0.5,1,0,0.10426933222796125,0.8352230757646927,0.16666666666666666,1.8765,1.8103,0.0,3.8459,0.0918,7.6949
20260701,0.0,2,4,stage1_projection_energy_gate,-10.363614445406581,0.5,1,0,0.10426933222796125,0.8352230757646927,0.16666666666666666,1.918,1.8343,0.0,3.7452,0.1242,7.6214
20260701,0.0,2,5,legacy_explicit_residual_gate,-41.433658367735035,1.0,1,0,nan,0.8182818677584108,0.0,1.9479,1.827,3.8264,3.7881,0.654,11.9928
20260701,0.0,2,5,projection_energy_gate,-41.433658367735035,1.0,1,0,0.19820803567998851,0.8182818677584108,0.0,1.9302,1.9392,0.0,3.9691,0.0966,7.7497
20260701,0.0,2,5,stage1_projection_energy_gate,-41.433658367735035,1.0,1,0,0.19820803567998851,0.8182818677584108,0.0,1.9011,1.8229,0.0,3.8309,0.0986,7.7278
20260701,0.0,2,5,axiswise_candan_joint_ls,-41.433658367735035,1.0,1,0,nan,0.8182818677584108,0.0,1.9598,1.799,0.0,4.0644,0.0,7.7621
20260701,0.0,2,6,projection_energy_gate,-9.933844024331114,0.5,1,0,0.06864818818118708,0.8635054659868593,0.16666666666666666,2.0682,1.8518,0.0,4.0846,0.1295,8.0732
20260701,0.0,2,6,stage1_projection_energy_gate,-9.933844024331114,0.5,1,0,0.06864818818118708,0.8635054659868593,0.16666666666666666,1.8803,1.8663,0.0,3.9775,0.104,7.8093
20260701,0.0,2,6,axiswise_candan_joint_ls,-9.933844024331114,0.5,1,0,nan,0.8635054659868593,0.16666666666666666,1.9538,1.8441,0.0,3.7546,0.0,7.5771999999999995
20260701,0.0,2,6,legacy_explicit_residual_gate,-9.933844024331114,0.5,1,0,nan,0.8635054659868593,0.16666666666666666,2.0677,1.8423,3.9945,3.9821,0.7915,12.665500000000002
20260701,0.0,2,7,stage1_projection_energy_gate,-40.512362007554856,1.0,1,0,0.17004429681227173,0.8229636801555051,0.0,1.9881,1.9507,0.0,4.1469,0.1152,8.2256
20260701,0.0,2,7,axiswise_candan_joint_ls,-40.512362007554856,1.0,1,0,nan,0.8229636801555051,0.0,1.912,1.8566,0.0,4.0331,0.0,7.8358
20260701,0.0,2,7,legacy_explicit_residual_gate,-40.512362007554856,1.0,1,0,nan,0.8229636801555051,0.0,2.0789,1.9227,4.0063,4.0561,0.7547,12.9552
20260701,0.0,2,7,projection_energy_gate,-40.512362007554856,1.0,1,0,0.17004429681227173,0.8229636801555051,0.0,1.9281,1.806,0.0,3.848,0.153,7.7276
20260701,0.0,2,8,axiswise_candan_joint_ls,-41.34203357128069,1.0,1,0,nan,0.8126507772752452,0.0,1.9791,1.8364,0.0,3.9837,0.0,7.7459
20260701,0.0,2,8,legacy_explicit_residual_gate,-41.34203357128069,1.0,1,0,nan,0.8126507772752452,0.0,2.0429,1.7453,3.8573,3.8368,0.6735,12.045900000000001
20260701,0.0,2,8,projection_energy_gate,-41.34203357128069,1.0,1,0,0.14080015979363467,0.8126507772752452,0.0,1.9099,1.8642,0.0,3.7841,0.0923,7.7362
20260701,0.0,2,8,stage1_projection_energy_gate,-41.34203357128069,1.0,1,0,0.14080015979363467,0.8126507772752452,0.0,1.9269,1.8332,0.0,3.8379,0.1346,7.766900000000001
20260701,0.0,2,9,legacy_explicit_residual_gate,-39.64571145188929,1.0,1,0,nan,0.8423778816883277,0.0,1.965,1.7843,3.7392,3.8234,0.6973,12.0185
20260701,0.0,2,9,projection_energy_gate,-39.64571145188929,1.0,1,0,0.15430349741009589,0.8423778816883277,0.0,1.8905,1.834,0.0,3.7186,0.0991,7.5812
20260701,0.0,2,9,stage1_projection_energy_gate,-39.64571145188929,1.0,1,0,0.15430349741009589,0.8423778816883277,0.0,1.8727,1.8675,0.0,3.9549,0.1287,7.8319
20260701,0.0,2,9,axiswise_candan_joint_ls,-39.64571145188929,1.0,1,0,nan,0.8423778816883277,0.0,1.9234,1.9106,0.0,4.1023,0.0,7.936299999999999
20260701,0.0,2,10,projection_energy_gate,-37.3469637408268,1.0,1,0,0.0712623947557139,0.8295014696880716,0.0,2.0071,1.8917,0.0,4.1844,0.1466,8.272200000000002
20260701,0.0,2,10,stage1_projection_energy_gate,-37.3469637408268,1.0,1,0,0.0712623947557139,0.8295014696880716,0.0,1.9146,1.8445,0.0,3.8332,0.0914,7.6736
20260701,0.0,2,10,axiswise_candan_joint_ls,-37.3469637408268,1.0,1,0,nan,0.8295014696880716,0.0,1.9126,1.8077,0.0,3.9158,0.0,7.486700000000001
20260701,0.0,2,10,legacy_explicit_residual_gate,-37.3469637408268,1.0,1,0,nan,0.8295014696880716,0.0,2.1685,1.8854,3.9353,4.0774,0.7355,12.8369
20260701,0.0,2,11,stage1_projection_energy_gate,-37.384638679639366,1.0,1,0,0.2245543295179667,0.821400812407553,0.0,1.9522,1.8438,0.0,3.9114,0.1066,7.740200000000001
20260701,0.0,2,11,axiswise_candan_joint_ls,-37.384638679639366,1.0,1,0,nan,0.821400812407553,0.0,1.8897,1.8798,0.0,3.881,0.0,7.549799999999999
20260701,0.0,2,11,legacy_explicit_residual_gate,-37.384638679639366,1.0,1,0,nan,0.821400812407553,0.0,2.0727,1.9143,4.0638,3.7769,0.6542,12.624699999999999
20260701,0.0,2,11,projection_energy_gate,-37.384638679639366,1.0,1,0,0.2245543295179667,0.821400812407553,0.0,1.9392,1.8872,0.0,4.1856,0.1254,8.1356
20260701,0.0,2,12,axiswise_candan_joint_ls,-39.79925235407602,1.0,1,0,nan,0.8312891106143416,0.0,1.8685,1.832,0.0,3.9176,0.0,7.6303
20260701,0.0,2,12,legacy_explicit_residual_gate,-39.79925235407602,1.0,1,0,nan,0.8312891106143416,0.0,2.0344,1.8287,3.7995,3.8945,0.6423,12.1518
20260701,0.0,2,12,projection_energy_gate,-39.79925235407602,1.0,1,0,0.1268509019308685,0.8312891106143416,0.0,1.8989,1.8264,0.0,3.908,0.106,7.8246
20260701,0.0,2,12,stage1_projection_energy_gate,-39.79925235407602,1.0,1,0,0.1268509019308685,0.8312891106143416,0.0,1.8772,1.8255,0.0,3.9379,0.1517,7.8228
20260701,0.0,2,13,legacy_explicit_residual_gate,-11.280219908373104,0.5,1,0,nan,0.8295518447134745,0.16666666666666666,2.1726,1.8219,3.8037,4.0101,0.9606,12.8016
20260701,0.0,2,13,projection_energy_gate,-11.280219908373104,0.5,1,0,0.1339492248504194,0.8295518447134745,0.16666666666666666,2.0422,1.8541,0.0,3.9401,0.1487,8.1541
20260701,0.0,2,13,stage1_projection_energy_gate,-11.280219908373104,0.5,1,0,0.1339492248504194,0.8295518447134745,0.16666666666666666,1.919,1.8544,0.0,3.8892,0.1449,7.9007
20260701,0.0,2,13,axiswise_candan_joint_ls,-11.280219908373104,0.5,1,0,nan,0.8295518447134745,0.16666666666666666,1.895,1.8271,0.0,3.7104,0.0,7.4607
20260701,0.0,2,14,projection_energy_gate,-9.83796521134504,0.5,1,0,0.09531995107243788,0.8330897739431021,0.16666666666666666,1.9037,1.9971,0.0,4.0654,0.1241,7.9779
20260701,0.0,2,14,stage1_projection_energy_gate,-9.83796521134504,0.5,1,0,0.09531995107243788,0.8330897739431021,0.16666666666666666,2.0141,2.0034,0.0,3.9534,0.1165,8.096
20260701,0.0,2,14,axiswise_candan_joint_ls,-9.83796521134504,0.5,1,0,nan,0.8330897739431021,0.16666666666666666,1.9523,1.8579,0.0,4.1417,0.0,8.009
20260701,0.0,2,14,legacy_explicit_residual_gate,-9.83796521134504,0.5,1,0,nan,0.8330897739431021,0.16666666666666666,1.9768,1.7914,3.7967,3.8171,0.6913,12.1695
20260701,0.0,2,15,stage1_projection_energy_gate,-17.583609690654157,0.5,1,0,0.08324998272191741,0.8666346377647347,0.16666666666666666,1.9787,1.7971,0.0,3.7319,0.1389,7.631499999999999
20260701,0.0,2,15,axiswise_candan_joint_ls,-17.583609690654157,0.5,1,0,nan,0.8666346377647347,0.16666666666666666,1.9128,1.8469,0.0,3.8364,0.0,7.6592
20260701,0.0,2,15,legacy_explicit_residual_gate,-17.583609690654157,0.5,1,0,nan,0.8666346377647347,0.16666666666666666,1.9113,1.6997,3.7417,3.8514,0.6399,11.880700000000001
20260701,0.0,2,15,projection_energy_gate,-17.583609690654157,0.5,1,0,0.08324998272191741,0.8666346377647347,0.16666666666666666,1.9186,1.8079,0.0,3.8086,0.1128,7.6229000000000005
20260701,0.0,2,16,axiswise_candan_joint_ls,-37.9137326609492,1.0,1,0,nan,0.8606767357779325,0.0,1.8698,1.7625,0.0,3.7885,0.0,7.444800000000001
20260701,0.0,2,16,legacy_explicit_residual_gate,-37.9137326609492,1.0,1,0,nan,0.8606767357779325,0.0,1.9409,1.8047,3.6703,3.7682,0.7027,11.918600000000001
20260701,0.0,2,16,projection_energy_gate,-37.9137326609492,1.0,1,0,0.04223474153403101,0.8606767357779325,0.0,1.9865,1.9509,0.0,4.3583,0.1412,8.4643
20260701,0.0,2,16,stage1_projection_energy_gate,-37.9137326609492,1.0,1,0,0.04223474153403101,0.8606767357779325,0.0,1.9693,1.8341,0.0,3.8368,0.1021,7.7686
20260701,0.0,2,17,legacy_explicit_residual_gate,-11.16423499706989,0.5,1,0,nan,0.8131114035721182,0.16666666666666666,2.0696,1.8277,4.0296,4.0034,0.7572,12.557799999999999
20260701,0.0,2,17,projection_energy_gate,-11.16423499706989,0.5,1,0,0.14419370845403826,0.8131114035721182,0.16666666666666666,2.015,1.9609,0.0,4.048,0.14,8.0467
20260701,0.0,2,17,stage1_projection_energy_gate,-11.16423499706989,0.5,1,0,0.14419370845403826,0.8131114035721182,0.16666666666666666,1.9388,1.8284,0.0,3.9413,0.0893,7.882199999999999
20260701,0.0,2,17,axiswise_candan_joint_ls,-11.16423499706989,0.5,1,0,nan,0.8131114035721182,0.16666666666666666,1.9501,1.8325,0.0,4.0543,0.0,7.8622000000000005
20260701,0.0,2,18,projection_energy_gate,-39.44481863868766,1.0,1,0,0.1796647843711291,0.8218225308066427,0.0,1.9129,1.8521,0.0,4.1442,0.1411,8.076
20260701,0.0,2,18,stage1_projection_energy_gate,-39.44481863868766,1.0,1,0,0.1796647843711291,0.8218225308066427,0.0,1.9065,1.8376,0.0,3.9635,0.1662,7.8271999999999995
20260701,0.0,2,18,axiswise_candan_joint_ls,-39.44481863868766,1.0,1,0,nan,0.8218225308066427,0.0,1.9083,1.8397,0.0,3.7429,0.0,7.5433
20260701,0.0,2,18,legacy_explicit_residual_gate,-39.44481863868766,1.0,1,0,nan,0.8218225308066427,0.0,1.9862,1.8123,3.8977,3.8367,0.6755,12.206499999999998
20260701,0.0,2,19,stage1_projection_energy_gate,-40.0773232275082,1.0,1,0,0.05008643923901336,0.8221879385281039,0.0,1.9301,1.8048,0.0,3.9322,0.1023,7.592599999999999
20260701,0.0,2,19,axiswise_candan_joint_ls,-40.0773232275082,1.0,1,0,nan,0.8221879385281039,0.0,2.0317,1.8306,0.0,3.8367,0.0,7.7001
20260701,0.0,2,19,legacy_explicit_residual_gate,-40.0773232275082,1.0,1,0,nan,0.8221879385281039,0.0,1.892,1.798,3.8169,3.7684,0.6296,11.9116
20260701,0.0,2,19,projection_energy_gate,-40.0773232275082,1.0,1,0,0.05008643923901336,0.8221879385281039,0.0,2.2105,2.0227,0.0,4.0535,0.153,8.7951
20260701,0.0,4,0,axiswise_candan_joint_ls,-34.5835795653458,1.0,1,0,nan,0.8223782566203564,0.0,1.799,1.8329,0.0,7.456,0.0,11.087900000000001
20260701,0.0,4,0,legacy_explicit_residual_gate,-34.5835795653458,1.0,1,0,nan,0.8223782566203564,0.0,2.0765,2.0169,7.6573,7.88,0.866,20.6348
20260701,0.0,4,0,projection_energy_gate,-34.5835795653458,1.0,1,0,0.2004814931817246,0.8223782566203564,0.0,2.1739,1.9661,0.0,7.2836,0.1788,11.608100000000002
20260701,0.0,4,0,stage1_projection_energy_gate,-34.5835795653458,1.0,1,0,0.2004814931817246,0.8223782566203564,0.0,1.9509,2.0222,0.0,7.1997,0.1625,11.230500000000001
20260701,0.0,4,1,legacy_explicit_residual_gate,-10.803493605595648,0.75,1,0,nan,0.8170272605220036,0.08333333333333333,1.9574,1.9365,7.6943,7.4525,0.703,19.9791
20260701,0.0,4,1,projection_energy_gate,-10.803493605595648,0.75,1,0,0.17034868605579326,0.8170272605220036,0.08333333333333333,1.9564,2.0437,0.0,7.6231,0.1698,11.6979
20260701,0.0,4,1,stage1_projection_energy_gate,-10.803493605595648,0.75,1,0,0.17034868605579326,0.8170272605220036,0.08333333333333333,1.9548,1.8691,0.0,8.1078,0.2188,12.129800000000001
20260701,0.0,4,1,axiswise_candan_joint_ls,-10.803493605595648,0.75,1,0,nan,0.8170272605220036,0.08333333333333333,2.0995,2.0071,0.0,7.3336,0.0,11.5936
20260701,0.0,4,2,projection_energy_gate,-34.48738334767128,1.0,1,0,0.16604953264724215,0.8164238247112828,0.0,2.0985,2.0104,0.0,7.7368,0.1972,11.8162
20260701,0.0,4,2,stage1_projection_energy_gate,-34.48738334767128,1.0,1,0,0.16604953264724215,0.8164238247112828,0.0,1.9381,1.9777,0.0,7.5906,0.1857,11.7164
20260701,0.0,4,2,axiswise_candan_joint_ls,-34.48738334767128,1.0,1,0,nan,0.8164238247112828,0.0,1.8833,1.9123,0.0,7.4039,0.0,11.2658
20260701,0.0,4,2,legacy_explicit_residual_gate,-34.48738334767128,1.0,1,0,nan,0.8164238247112828,0.0,2.0574,1.9192,7.757,7.4927,0.8267,20.031899999999997
20260701,0.0,4,3,stage1_projection_energy_gate,-14.648990355255979,0.75,1,0,0.05860718099897276,0.8300358112252293,0.08333333333333333,1.7918,1.9326,0.0,7.2569,0.1844,11.104000000000001
20260701,0.0,4,3,axiswise_candan_joint_ls,-14.648990355255979,0.75,1,0,nan,0.8300358112252293,0.08333333333333333,2.0011,1.9217,0.0,7.5272,0.0,11.462499999999999
20260701,0.0,4,3,legacy_explicit_residual_gate,-14.648990355255979,0.75,1,0,nan,0.8300358112252293,0.08333333333333333,2.1674,1.8633,7.4041,7.1673,0.6541,19.4189
20260701,0.0,4,3,projection_energy_gate,-14.648990355255979,0.75,1,0,0.05860718099897276,0.8300358112252293,0.08333333333333333,1.9415,1.9819,0.0,7.7061,0.1864,11.696000000000002
20260701,0.0,4,4,axiswise_candan_joint_ls,-37.239088127747316,1.0,1,0,nan,0.823200613095378,0.0,2.2704,2.0611,0.0,7.6833,0.0,11.9714
20260701,0.0,4,4,legacy_explicit_residual_gate,-37.239088127747316,1.0,1,0,nan,0.823200613095378,0.0,2.3548,2.3757,8.4585,9.2246,0.8649,24.0837
20260701,0.0,4,4,projection_energy_gate,-37.239088127747316,1.0,1,0,0.20400106626005504,0.823200613095378,0.0,1.9677,2.1755,0.0,7.6327,0.18,11.9559
20260701,0.0,4,4,stage1_projection_energy_gate,-37.239088127747316,1.0,1,0,0.20400106626005504,0.823200613095378,0.0,2.1493,2.1125,0.0,7.6691,0.2014,12.1296
20260701,0.0,4,5,legacy_explicit_residual_gate,-37.887355368929285,1.0,1,0,nan,0.8215707054053936,0.0,2.0743,2.0316,7.5989,7.7014,0.7344,20.4313
20260701,0.0,4,5,projection_energy_gate,-37.887355368929285,1.0,1,0,0.1052041679815595,0.8215707054053936,0.0,1.9871,1.9241,0.0,7.5301,0.1897,11.8991
20260701,0.0,4,5,stage1_projection_energy_gate,-37.887355368929285,1.0,1,0,0.1052041679815595,0.8215707054053936,0.0,2.0551,2.0062,0.0,7.4023,0.1849,11.689100000000002
20260701,0.0,4,5,axiswise_candan_joint_ls,-37.887355368929285,1.0,1,0,nan,0.8215707054053936,0.0,1.8549,1.9014,0.0,8.1333,0.0,11.8896
20260701,0.0,4,6,projection_energy_gate,-20.218719675687232,0.75,1,0,0.12062800568225304,0.8082414165021715,0.08333333333333333,1.9659,1.9143,0.0,7.5788,0.172,11.631
20260701,0.0,4,6,stage1_projection_energy_gate,-20.218719675687232,0.75,1,0,0.12062800568225304,0.8082414165021715,0.08333333333333333,2.0162,1.8481,0.0,7.4802,0.188,11.4444
20260701,0.0,4,6,axiswise_candan_joint_ls,-20.218719675687232,0.75,1,0,nan,0.8082414165021715,0.08333333333333333,2.3033,2.0113,0.0,7.7071,0.0,11.8591
20260701,0.0,4,6,legacy_explicit_residual_gate,-20.218719675687232,0.75,1,0,nan,0.8082414165021715,0.08333333333333333,1.8441,1.8165,8.2232,7.5735,0.7442,20.205000000000002
20260701,0.0,4,7,stage1_projection_energy_gate,-13.278949900226614,0.5,1,0,0.159165869027621,0.8177848579218483,0.08333333333333333,2.2029,1.9909,0.0,7.4938,0.1899,11.9306
20260701,0.0,4,7,axiswise_candan_joint_ls,-13.278949900226614,0.5,1,0,nan,0.8177848579218483,0.08333333333333333,2.0036,2.207,0.0,7.476,0.0,11.942699999999999
20260701,0.0,4,7,legacy_explicit_residual_gate,-13.278949900226614,0.5,1,0,nan,0.8177848579218483,0.08333333333333333,2.0094,1.9295,7.7855,7.4094,0.7081,19.8506
20260701,0.0,4,7,projection_energy_gate,-13.278949900226614,0.5,1,0,0.159165869027621,0.8177848579218483,0.08333333333333333,1.9156,1.8473,0.0,7.9876,0.175,11.930599999999998
20260701,0.0,4,8,axiswise_candan_joint_ls,-13.393032812618985,0.75,1,0,nan,0.8236583889268877,0.08333333333333333,1.9515,1.9253,0.0,7.7471,0.0,11.6837
20260701,0.0,4,8,legacy_explicit_residual_gate,-13.393032812618985,0.75,1,0,nan,0.8236583889268877,0.08333333333333333,2.1489,2.3134,7.6159,7.7338,0.766,21.081599999999998
20260701,0.0,4,8,projection_energy_gate,-13.393032812618985,0.75,1,0,0.17340007015118142,0.8236583889268877,0.08333333333333333,2.0429,1.9346,0.0,7.5408,0.1846,11.6316
20260701,0.0,4,8,stage1_projection_energy_gate,-13.393032812618985,0.75,1,0,0.17340007015118142,0.8236583889268877,0.08333333333333333,2.1226,2.2053,0.0,7.765,0.1578,12.5926
20260701,0.0,4,9,legacy_explicit_residual_gate,-36.1994125728547,1.0,1,0,nan,0.8224673312330025,0.0,2.2514,1.9668,7.5218,7.4999,0.7509,19.7556
20260701,0.0,4,9,projection_energy_gate,-36.1994125728547,1.0,1,0,0.20630353311381328,0.8224673312330025,0.0,1.9387,1.9012,0.0,7.6682,0.1877,11.745899999999999
20260701,0.0,4,9,stage1_projection_energy_gate,-36.1994125728547,1.0,1,0,0.20630353311381328,0.8224673312330025,0.0,1.9491,2.0286,0.0,7.2991,0.1709,11.7093
20260701,0.0,4,9,axiswise_candan_joint_ls,-36.1994125728547,1.0,1,0,nan,0.8224673312330025,0.0,1.9259,1.8617,0.0,7.4227,0.0,11.162099999999999
20260701,0.0,4,10,projection_energy_gate,-13.629564269473127,0.75,1,0,0.12063450317829806,0.8085720148644118,0.08333333333333333,1.9624,1.8757,0.0,7.4575,0.1793,11.3085
20260701,0.0,4,10,stage1_projection_energy_gate,-13.629564269473127,0.75,1,0,0.12063450317829806,0.8085720148644118,0.08333333333333333,2.0653,2.1666,0.0,7.377,0.1914,11.962599999999998
20260701,0.0,4,10,axiswise_candan_joint_ls,-13.629564269473127,0.75,1,0,nan,0.8085720148644118,0.08333333333333333,1.9265,1.9886,0.0,7.395,0.0,11.5583
20260701,0.0,4,10,legacy_explicit_residual_gate,-13.629564269473127,0.75,1,0,nan,0.8085720148644118,0.08333333333333333,2.1969,1.9883,7.9637,7.4321,0.6775,20.5134
20260701,0.0,4,11,stage1_projection_energy_gate,-17.23884698952689,0.5,1,0,0.03389094903773329,0.829810785059144,0.08333333333333333,2.004,2.1641,0.0,7.5526,0.1941,12.039299999999999
20260701,0.0,4,11,axiswise_candan_joint_ls,-17.23884698952689,0.5,1,0,nan,0.829810785059144,0.08333333333333333,2.082,2.051,0.0,7.5763,0.0,11.709299999999999
20260701,0.0,4,11,legacy_explicit_residual_gate,-17.23884698952689,0.5,1,0,nan,0.829810785059144,0.08333333333333333,2.2098,2.2442,7.4427,7.5811,0.7441,19.6521
20260701,0.0,4,11,projection_energy_gate,-17.23884698952689,0.5,1,0,0.03389094903773329,0.829810785059144,0.08333333333333333,2.1654,1.9112,0.0,7.4726,0.2095,11.839599999999999
20260701,0.0,4,12,axiswise_candan_joint_ls,-17.04004731941812,0.75,1,0,nan,0.8170679237481423,0.08333333333333333,1.9505,1.9191,0.0,7.4174,0.0,11.287199999999999
20260701,0.0,4,12,legacy_explicit_residual_gate,-17.04004731941812,0.75,1,0,nan,0.8170679237481423,0.08333333333333333,2.0779,2.0169,7.7524,7.5897,0.8875,20.435200000000002
20260701,0.0,4,12,projection_energy_gate,-17.04004731941812,0.75,1,0,0.10156387052134508,0.8170679237481423,0.08333333333333333,1.913,1.9186,0.0,7.5088,0.2028,11.447899999999999
20260701,0.0,4,12,stage1_projection_energy_gate,-17.04004731941812,0.75,1,0,0.10156387052134508,0.8170679237481423,0.08333333333333333,2.1566,2.1789,0.0,7.8989,0.1989,12.541500000000001
20260701,0.0,4,13,legacy_explicit_residual_gate,-31.936030880229115,1.0,1,0,nan,0.8072407070108709,0.0,2.0166,1.9017,7.583,7.6984,0.6896,19.8863
20260701,0.0,4,13,projection_energy_gate,-31.936030880229115,1.0,1,0,0.23864423352685946,0.8072407070108709,0.0,2.0821,2.0839,0.0,7.8861,0.1937,12.0712
20260701,0.0,4,13,stage1_projection_energy_gate,-31.936030880229115,1.0,1,0,0.23864423352685946,0.8072407070108709,0.0,2.0686,2.042,0.0,7.4588,0.1901,11.5803
20260701,0.0,4,13,axiswise_candan_joint_ls,-31.936030880229115,1.0,1,0,nan,0.8072407070108709,0.0,1.9652,1.8699,0.0,7.7584,0.0,11.5777
20260701,0.0,4,14,projection_energy_gate,-16.919711281904206,0.75,1,0,0.046102834191271314,0.8209879979776361,0.08333333333333333,1.9555,1.9423,0.0,7.4686,0.1598,11.6036
20260701,0.0,4,14,stage1_projection_energy_gate,-16.919711281904206,0.75,1,0,0.046102834191271314,0.8209879979776361,0.08333333333333333,2.2078,1.9318,0.0,7.4283,0.1952,11.770599999999998
20260701,0.0,4,14,axiswise_candan_joint_ls,-16.919711281904206,0.75,1,0,nan,0.8209879979776361,0.08333333333333333,2.1515,2.1497,0.0,7.3419,0.0,11.6996
20260701,0.0,4,14,legacy_explicit_residual_gate,-16.919711281904206,0.75,1,0,nan,0.8209879979776361,0.08333333333333333,2.0909,1.8423,7.6349,7.2509,0.7007,19.6453
20260701,0.0,4,15,stage1_projection_energy_gate,-15.915291497118938,0.75,1,0,0.13684609327118266,0.8184208621163702,0.08333333333333333,2.2774,1.9547,0.0,7.8694,0.1901,11.919
20260701,0.0,4,15,axiswise_candan_joint_ls,-15.915291497118938,0.75,1,0,nan,0.8184208621163702,0.08333333333333333,2.0249,2.0716,0.0,7.6385,0.0,12.022300000000001
20260701,0.0,4,15,legacy_explicit_residual_gate,-15.915291497118938,0.75,1,0,nan,0.8184208621163702,0.08333333333333333,2.3686,1.9345,7.8541,7.4903,0.9211,20.3445
20260701,0.0,4,15,projection_energy_gate,-15.915291497118938,0.75,1,0,0.13684609327118266,0.8184208621163702,0.08333333333333333,1.9093,1.895,0.0,7.7747,0.1736,11.758700000000001
20260701,0.0,4,16,axiswise_candan_joint_ls,-35.977124026869454,1.0,1,0,nan,0.8082460143166114,0.0,1.9648,1.9556,0.0,7.4639,0.0,11.3309
20260701,0.0,4,16,legacy_explicit_residual_gate,-35.977124026869454,1.0,1,0,nan,0.8082460143166114,0.0,1.9863,1.8877,7.4874,7.36,0.6978,19.943
20260701,0.0,4,16,projection_energy_gate,-35.977124026869454,1.0,1,0,0.19929320771979342,0.8082460143166114,0.0,2.091,2.1585,0.0,7.9072,0.1857,12.946
20260701,0.0,4,16,stage1_projection_energy_gate,-35.977124026869454,1.0,1,0,0.19929320771979342,0.8082460143166114,0.0,2.1567,2.1542,0.0,7.8303,0.1519,12.2537
20260701,0.0,4,17,legacy_explicit_residual_gate,-37.26781295504478,1.0,1,0,nan,0.8112094964233064,0.0,1.9319,1.8546,8.4202,8.4595,0.978,21.9067
20260701,0.0,4,17,projection_energy_gate,-37.26781295504478,1.0,1,0,0.1431279827433446,0.8112094964233064,0.0,2.3462,2.4245,0.0,8.368,0.1527,13.6241
20260701,0.0,4,17,stage1_projection_energy_gate,-37.26781295504478,1.0,1,0,0.1431279827433446,0.8112094964233064,0.0,1.9324,2.0246,0.0,8.1728,0.1592,12.161
20260701,0.0,4,17,axiswise_candan_joint_ls,-37.26781295504478,1.0,1,0,nan,0.8112094964233064,0.0,2.5464,1.9532,0.0,8.4761,0.0,13.3544
20260701,0.0,4,18,projection_energy_gate,-36.77343418868414,1.0,1,0,0.1298388937177872,0.8116272257360502,0.0,1.902,2.1616,0.0,8.6023,0.1454,12.8982
20260701,0.0,4,18,stage1_projection_energy_gate,-36.77343418868414,1.0,1,0,0.1298388937177872,0.8116272257360502,0.0,2.2161,2.1214,0.0,8.3886,0.1578,13.007800000000001
20260701,0.0,4,18,axiswise_candan_joint_ls,-36.77343418868414,1.0,1,0,nan,0.8116272257360502,0.0,2.3008,2.2636,0.0,8.6034,0.0,13.1813
20260701,0.0,4,18,legacy_explicit_residual_gate,-36.77343418868414,1.0,1,0,nan,0.8116272257360502,0.0,2.3965,2.2169,8.2492,8.4751,1.0615,22.568199999999997
20260701,0.0,4,19,stage1_projection_energy_gate,-36.77858152966102,1.0,1,0,0.0998250777585173,0.8440777198885128,0.0,2.3021,2.3019,0.0,8.5777,0.1612,13.4936
20260701,0.0,4,19,axiswise_candan_joint_ls,-36.77858152966102,1.0,1,0,nan,0.8440777198885128,0.0,2.2254,2.1361,0.0,8.5474,0.0,13.2364
20260701,0.0,4,19,legacy_explicit_residual_gate,-36.77858152966102,1.0,1,0,nan,0.8440777198885128,0.0,2.3337,2.2224,8.8392,8.8062,1.0815,23.1147
20260701,0.0,4,19,projection_energy_gate,-36.77858152966102,1.0,1,0,0.0998250777585173,0.8440777198885128,0.0,2.2605,2.2283,0.0,8.7865,0.1671,13.221599999999999
20260701,0.0,8,0,axiswise_candan_joint_ls,-14.390209139619788,0.375,1,0,nan,0.8128645428533627,0.041666666666666664,2.3311,2.6231,0.0,19.1264,0.0,24.0806
20260701,0.0,8,0,legacy_explicit_residual_gate,-14.390209139619788,0.375,1,0,nan,0.8128645428533627,0.041666666666666664,2.0723,2.1183,18.8501,20.0181,1.0091,44.4662
20260701,0.0,8,0,projection_energy_gate,-14.390209139619788,0.375,1,0,0.1426863257862215,0.8128645428533627,0.041666666666666664,2.2791,2.3686,0.0,17.8443,0.1591,22.4921
20260701,0.0,8,0,stage1_projection_energy_gate,-14.390209139619788,0.375,1,0,0.1426863257862215,0.8128645428533627,0.041666666666666664,2.2462,2.2525,0.0,17.5846,0.1658,22.188299999999998
20260701,0.0,8,1,legacy_explicit_residual_gate,-14.243911006605499,0.625,1,0,nan,0.4477359266067032,0.125,2.216,2.219,18.4212,18.0713,1.008,41.4185
20260701,0.0,8,1,projection_energy_gate,-14.243911006605499,0.625,1,0,0.1440188249488114,0.4477359266067032,0.125,2.0772,2.0568,0.0,18.0077,0.1551,21.991200000000003
20260701,0.0,8,1,stage1_projection_energy_gate,-14.243911006605499,0.625,1,0,0.1440188249488114,0.4477359266067032,0.125,2.0781,2.3252,0.0,18.3646,0.2516,23.1314
20260701,0.0,8,1,axiswise_candan_joint_ls,-14.243911006605499,0.625,1,0,nan,0.4477359266067032,0.125,1.8173,2.0459,0.0,17.3736,0.0,21.3223
20260701,0.0,8,2,projection_energy_gate,-18.82470053415964,0.875,1,0,0.17757050792246526,0.8120060314834793,0.041666666666666664,2.0422,2.0665,0.0,16.8253,0.1907,21.064799999999998
20260701,0.0,8,2,stage1_projection_energy_gate,-18.82470053415964,0.875,1,0,0.17757050792246526,0.8120060314834793,0.041666666666666664,1.9486,2.1093,0.0,17.4328,0.2546,21.6199
20260701,0.0,8,2,axiswise_candan_joint_ls,-18.82470053415964,0.875,1,0,nan,0.8120060314834793,0.041666666666666664,2.1128,2.0496,0.0,16.3426,0.0,20.5562
20260701,0.0,8,2,legacy_explicit_residual_gate,-18.82470053415964,0.875,1,0,nan,0.8120060314834793,0.041666666666666664,2.1325,2.2577,17.6928,16.5219,0.84,38.747
20260701,0.0,8,3,stage1_projection_energy_gate,-17.065192037375326,0.75,1,0,0.16475499508127575,0.7986823318378152,0.041666666666666664,1.9322,2.0096,0.0,17.6281,0.1854,21.6666
20260701,0.0,8,3,axiswise_candan_joint_ls,-17.065192037375326,0.75,1,0,nan,0.7986823318378152,0.041666666666666664,1.9464,1.998,0.0,17.1466,0.0,20.8695
20260701,0.0,8,3,legacy_explicit_residual_gate,-17.065192037375326,0.75,1,0,nan,0.7986823318378152,0.041666666666666664,2.2699,2.1652,17.4986,17.2133,1.0302,40.636900000000004
20260701,0.0,8,3,projection_energy_gate,-17.065192037375326,0.75,1,0,0.16475499508127575,0.7986823318378152,0.041666666666666664,1.9537,2.2031,0.0,16.8746,0.1381,21.381800000000002
20260701,0.0,8,4,axiswise_candan_joint_ls,-9.397179961335787,0.625,1,0,nan,0.812965277222764,0.125,2.1453,2.0528,0.0,16.3201,0.0,20.6532
20260701,0.0,8,4,legacy_explicit_residual_gate,-9.397179961335787,0.625,1,0,nan,0.812965277222764,0.125,2.0291,2.3113,16.545,17.3936,0.9102,38.7462
20260701,0.0,8,4,projection_energy_gate,-9.397179961335787,0.625,1,0,0.11341152778458707,0.812965277222764,0.125,2.0528,2.2256,0.0,17.7435,0.1922,22.144700000000004
20260701,0.0,8,4,stage1_projection_energy_gate,-9.397179961335787,0.625,1,0,0.11341152778458707,0.812965277222764,0.125,2.2642,2.0494,0.0,16.9926,0.1892,21.504599999999996
20260701,0.0,8,5,legacy_explicit_residual_gate,-11.841614410980446,0.625,1,0,nan,0.8032549760558274,0.125,2.2289,2.1076,16.297,16.7727,0.8244,38.066199999999995
20260701,0.0,8,5,projection_energy_gate,-11.841614410980446,0.625,1,0,0.10897580305259126,0.8032549760558274,0.125,2.1641,2.0757,0.0,17.5555,0.2015,21.923499999999997
20260701,0.0,8,5,stage1_projection_energy_gate,-11.841614410980446,0.625,1,0,0.10897580305259126,0.8032549760558274,0.125,2.2011,2.0643,0.0,17.4146,0.1443,21.4946
20260701,0.0,8,5,axiswise_candan_joint_ls,-11.841614410980446,0.625,1,0,nan,0.8032549760558274,0.125,1.929,1.9975,0.0,17.2386,0.0,21.138600000000004
20260701,0.0,8,6,projection_energy_gate,-17.28237885875911,0.625,1,0,0.16307918447521147,0.8065930204087074,0.08333333333333333,1.8825,1.9316,0.0,16.1027,0.1477,20.0358
20260701,0.0,8,6,stage1_projection_energy_gate,-17.28237885875911,0.625,1,0,0.16307918447521147,0.8065930204087074,0.08333333333333333,1.7553,2.0208,0.0,17.7692,0.149,21.5728
20260701,0.0,8,6,axiswise_candan_joint_ls,-17.28237885875911,0.625,1,0,nan,0.8065930204087074,0.08333333333333333,2.0506,2.1126,0.0,17.0536,0.0,21.7095
20260701,0.0,8,6,legacy_explicit_residual_gate,-17.28237885875911,0.625,1,0,nan,0.8065930204087074,0.08333333333333333,2.075,2.0846,17.2251,17.1193,0.8321,39.3681
20260701,0.0,8,7,stage1_projection_energy_gate,-16.691007445637496,0.5,1,0,0.09241785335343687,0.8012640760114782,0.08333333333333333,1.9886,2.1121,0.0,15.5274,0.1406,19.7995
20260701,0.0,8,7,axiswise_candan_joint_ls,-16.691007445637496,0.5,1,0,nan,0.8012640760114782,0.08333333333333333,1.9335,2.0565,0.0,16.956,0.0,20.8711
20260701,0.0,8,7,legacy_explicit_residual_gate,-16.691007445637496,0.5,1,0,nan,0.8012640760114782,0.08333333333333333,2.1282,2.3208,17.2205,15.9327,0.6775,38.1176
20260701,0.0,8,7,projection_energy_gate,-16.691007445637496,0.5,1,0,0.09241785335343687,0.8012640760114782,0.08333333333333333,2.0009,2.2497,0.0,16.9033,0.1709,21.346600000000002
20260701,0.0,8,8,axiswise_candan_joint_ls,-10.845593216421044,0.375,1,0,nan,0.8087882309066118,0.125,2.0166,2.161,0.0,16.4707,0.0,20.9906
20260701,0.0,8,8,legacy_explicit_residual_gate,-10.845593216421044,0.375,1,0,nan,0.8087882309066118,0.125,1.9891,2.1242,17.1384,16.949,0.8888,39.2116
20260701,0.0,8,8,projection_energy_gate,-10.845593216421044,0.375,1,0,0.16658171307467182,0.8087882309066118,0.125,1.9962,2.0573,0.0,17.0046,0.1249,21.1449
20260701,0.0,8,8,stage1_projection_energy_gate,-10.845593216421044,0.375,1,0,0.16658171307467182,0.8087882309066118,0.125,2.0855,2.1187,0.0,16.9516,0.2149,21.537200000000002
20260701,0.0,8,9,legacy_explicit_residual_gate,-20.213907478884785,0.875,1,0,nan,0.8030440618380879,0.041666666666666664,2.0818,2.1004,17.0525,16.6998,0.9111,39.7044
20260701,0.0,8,9,projection_energy_gate,-20.213907478884785,0.875,1,0,0.1699686852791896,0.8030440618380879,0.041666666666666664,1.969,2.0737,0.0,16.0165,0.1803,20.0748
20260701,0.0,8,9,stage1_projection_energy_gate,-20.213907478884785,0.875,1,0,0.1699686852791896,0.8030440618380879,0.041666666666666664,1.9226,1.9997,0.0,17.0217,0.1467,20.8782
20260701,0.0,8,9,axiswise_candan_joint_ls,-20.213907478884785,0.875,1,0,nan,0.8030440618380879,0.041666666666666664,1.8823,1.9521,0.0,16.2254,0.0,20.096600000000002
20260701,0.0,8,10,projection_energy_gate,-14.281602063084453,0.625,1,0,0.18302202281774438,0.8077228053092677,0.08333333333333333,1.9422,1.941,0.0,16.1851,0.2147,20.685
20260701,0.0,8,10,stage1_projection_energy_gate,-14.281602063084453,0.625,1,0,0.18302202281774438,0.8077228053092677,0.08333333333333333,2.0137,2.142,0.0,16.5926,0.1562,20.6514
20260701,0.0,8,10,axiswise_candan_joint_ls,-14.281602063084453,0.625,1,0,nan,0.8077228053092677,0.08333333333333333,2.2721,2.1332,0.0,16.4402,0.0,20.5126
20260701,0.0,8,10,legacy_explicit_residual_gate,-14.281602063084453,0.625,1,0,nan,0.8077228053092677,0.08333333333333333,2.0836,2.1432,16.9615,17.0965,0.8022,38.58
20260701,0.0,8,11,stage1_projection_energy_gate,-18.240384948754965,0.625,1,0,0.1532404811843941,0.8123446277726941,0.08333333333333333,2.2185,2.1181,0.0,17.1874,0.1369,21.6417
20260701,0.0,8,11,axiswise_candan_joint_ls,-18.240384948754965,0.625,1,0,nan,0.8123446277726941,0.08333333333333333,1.9893,2.1543,0.0,17.3947,0.0,21.8131
20260701,0.0,8,11,legacy_explicit_residual_gate,-18.240384948754965,0.625,1,0,nan,0.8123446277726941,0.08333333333333333,2.3332,2.5243,16.8008,17.0994,0.9339,39.4011
20260701,0.0,8,11,projection_energy_gate,-18.240384948754965,0.625,1,0,0.1532404811843941,0.8123446277726941,0.08333333333333333,2.0806,2.1286,0.0,17.353,0.1885,21.7777
20260701,0.0,8,12,axiswise_candan_joint_ls,-18.1611261668829,0.625,1,0,nan,0.7970829433690794,0.041666666666666664,2.1037,2.014,0.0,16.3198,0.0,20.4899
20260701,0.0,8,12,legacy_explicit_residual_gate,-18.1611261668829,0.625,1,0,nan,0.7970829433690794,0.041666666666666664,2.0036,1.9953,17.267,16.4496,0.7651,38.5558
20260701,0.0,8,12,projection_energy_gate,-18.1611261668829,0.625,1,0,0.12779106935088377,0.7970829433690794,0.041666666666666664,2.045,2.1207,0.0,16.2335,0.1339,20.8856
20260701,0.0,8,12,stage1_projection_energy_gate,-18.1611261668829,0.625,1,0,0.12779106935088377,0.7970829433690794,0.041666666666666664,2.1102,2.1524,0.0,16.802,0.1967,21.0151
20260701,0.0,8,13,legacy_explicit_residual_gate,-13.977153397851659,0.5,1,0,nan,0.8141979799452514,0.125,2.069,1.984,17.0385,17.3808,0.844,39.1766
20260701,0.0,8,13,projection_energy_gate,-13.977153397851659,0.5,1,0,0.13671182539450666,0.8141979799452514,0.125,2.0521,2.1239,0.0,16.7186,0.1943,21.117399999999996
20260701,0.0,8,13,stage1_projection_energy_gate,-13.977153397851659,0.5,1,0,0.13671182539450666,0.8141979799452514,0.125,1.9062,1.7848,0.0,17.1322,0.1329,20.8593
20260701,0.0,8,13,axiswise_candan_joint_ls,-13.977153397851659,0.5,1,0,nan,0.8141979799452514,0.125,2.1342,1.9593,0.0,17.0957,0.0,20.9914
20260701,0.0,8,14,projection_energy_gate,-15.391585880321921,0.75,1,0,0.11957612373557767,0.814430195046949,0.08333333333333333,1.986,2.2078,0.0,18.0795,0.1836,22.423099999999998
20260701,0.0,8,14,stage1_projection_energy_gate,-15.391585880321921,0.75,1,0,0.11957612373557767,0.814430195046949,0.08333333333333333,2.0476,2.0895,0.0,16.9241,0.1312,21.3546
20260701,0.0,8,14,axiswise_candan_joint_ls,-15.391585880321921,0.75,1,0,nan,0.814430195046949,0.08333333333333333,2.1449,2.2644,0.0,17.6258,0.0,22.0107
20260701,0.0,8,14,legacy_explicit_residual_gate,-15.391585880321921,0.75,1,0,nan,0.814430195046949,0.08333333333333333,2.2118,2.2526,17.9273,17.5168,1.0194,40.7949
20260701,0.0,8,15,stage1_projection_energy_gate,-23.340484362322638,0.75,1,0,0.1860840925130712,0.8033471580419934,0.041666666666666664,2.2914,2.1911,0.0,17.3245,0.2023,22.058200000000003
20260701,0.0,8,15,axiswise_candan_joint_ls,-23.340484362322638,0.75,1,0,nan,0.8033471580419934,0.041666666666666664,2.1398,2.0999,0.0,17.5327,0.0,21.740699999999997
20260701,0.0,8,15,legacy_explicit_residual_gate,-23.340484362322638,0.75,1,0,nan,0.8033471580419934,0.041666666666666664,2.2241,2.1105,17.8205,17.8363,0.9534,41.2452
20260701,0.0,8,15,projection_energy_gate,-23.340484362322638,0.75,1,0,0.1860840925130712,0.8033471580419934,0.041666666666666664,1.9899,1.8759,0.0,16.9153,0.1726,21.3233
20260701,0.0,8,16,axiswise_candan_joint_ls,-14.68882731344685,0.625,1,0,nan,0.7402138937495784,0.125,2.0313,2.0971,0.0,17.1084,0.0,21.2787
20260701,0.0,8,16,legacy_explicit_residual_gate,-14.68882731344685,0.625,1,0,nan,0.7402138937495784,0.125,2.1965,2.3268,17.6476,17.0749,0.9188,40.069799999999994
20260701,0.0,8,16,projection_energy_gate,-14.68882731344685,0.625,1,0,0.09299362561672415,0.7402138937495784,0.125,2.0096,2.258,0.0,17.3796,0.2104,21.4137
20260701,0.0,8,16,stage1_projection_energy_gate,-14.68882731344685,0.625,1,0,0.09299362561672415,0.7402138937495784,0.125,2.2312,2.217,0.0,16.8296,0.149,21.2033
20260701,0.0,8,17,legacy_explicit_residual_gate,-20.917173932537487,0.625,1,0,nan,0.8119007274169505,0.08333333333333333,2.0817,2.0977,17.7641,18.1336,0.8938,40.1503
20260701,0.0,8,17,projection_energy_gate,-20.917173932537487,0.625,1,0,0.1774737955090093,0.8119007274169505,0.08333333333333333,2.0088,2.1447,0.0,17.4947,0.2002,22.0337
20260701,0.0,8,17,stage1_projection_energy_gate,-20.917173932537487,0.625,1,0,0.1774737955090093,0.8119007274169505,0.08333333333333333,2.07,2.1435,0.0,16.969,0.2273,21.7697
20260701,0.0,8,17,axiswise_candan_joint_ls,-20.917173932537487,0.625,1,0,nan,0.8119007274169505,0.08333333333333333,1.9052,2.0055,0.0,16.61,0.0,20.3096
20260701,0.0,8,18,projection_energy_gate,-18.178944091417545,0.625,1,0,0.11851368888099256,0.8120136852347963,0.08333333333333333,2.0178,2.2536,0.0,17.0355,0.1548,21.2444
20260701,0.0,8,18,stage1_projection_energy_gate,-18.178944091417545,0.625,1,0,0.11851368888099256,0.8120136852347963,0.08333333333333333,1.9959,2.0418,0.0,17.3414,0.1297,21.5042
20260701,0.0,8,18,axiswise_candan_joint_ls,-18.178944091417545,0.625,1,0,nan,0.8120136852347963,0.08333333333333333,2.3211,2.3174,0.0,17.8427,0.0,22.7348
20260701,0.0,8,18,legacy_explicit_residual_gate,-18.178944091417545,0.625,1,0,nan,0.8120136852347963,0.08333333333333333,2.1225,2.3231,18.1223,17.6168,0.8515,40.575900000000004
20260701,0.0,8,19,stage1_projection_energy_gate,-14.054975065829204,0.75,1,0,0.17984690257015323,0.8093849803680897,0.041666666666666664,2.4796,2.3728,0.0,16.9876,0.2546,22.4439
20260701,0.0,8,19,axiswise_candan_joint_ls,-14.054975065829204,0.75,1,0,nan,0.8093849803680897,0.041666666666666664,2.381,2.4259,0.0,19.0885,0.0,23.562099999999997
20260701,0.0,8,19,legacy_explicit_residual_gate,-14.054975065829204,0.75,1,0,nan,0.8093849803680897,0.041666666666666664,2.2122,2.3597,17.8887,18.5432,0.9016,41.9512
20260701,0.0,8,19,projection_energy_gate,-14.054975065829204,0.75,1,0,0.17984690257015323,0.8093849803680897,0.041666666666666664,2.6096,2.6357,0.0,18.5645,0.1585,24.505599999999998
20260701,10.0,2,0,axiswise_candan_joint_ls,-49.00715444057461,1.0,1,0,nan,0.8178708901818385,0.0,2.2713,2.4567,0.0,4.3133,0.0,9.138
20260701,10.0,2,0,legacy_explicit_residual_gate,-49.00715444057461,1.0,1,0,nan,0.8178708901818385,0.0,2.5371,2.1955,5.1258,4.425,0.9223,15.3556
20260701,10.0,2,0,projection_energy_gate,-49.00715444057461,1.0,1,0,0.4147341990350205,0.8178708901818385,0.0,2.2026,2.2926,0.0,4.2462,0.158,9.2355
20260701,10.0,2,0,stage1_projection_energy_gate,-49.00715444057461,1.0,1,0,0.4147341990350205,0.8178708901818385,0.0,2.323,2.0268,0.0,4.4782,0.154,9.041700000000002
20260701,10.0,2,1,legacy_explicit_residual_gate,-49.48854545663846,1.0,1,0,nan,0.8221305214209399,0.0,2.2246,2.137,4.238,4.2037,0.8708,13.5042
20260701,10.0,2,1,projection_energy_gate,-49.48854545663846,1.0,1,0,0.29024606261409297,0.8221305214209399,0.0,2.3449,2.3039,0.0,4.506,0.1658,9.1634
20260701,10.0,2,1,stage1_projection_energy_gate,-49.48854545663846,1.0,1,0,0.29024606261409297,0.8221305214209399,0.0,2.4302,3.3135,0.0,5.964,0.1925,11.767400000000002
20260701,10.0,2,1,axiswise_candan_joint_ls,-49.48854545663846,1.0,1,0,nan,0.8221305214209399,0.0,2.754,2.6092,0.0,5.4116,0.0,11.2028
20260701,10.0,2,2,projection_energy_gate,-13.61551246517305,0.5,1,0,0.2545758998624222,0.8380731415863937,0.16666666666666666,2.5902,2.1957,0.0,4.5133,0.1745,9.4242
20260701,10.0,2,2,stage1_projection_energy_gate,-13.61551246517305,0.5,1,0,0.2545758998624222,0.8380731415863937,0.16666666666666666,2.305,2.1661,0.0,4.588,0.1478,9.1964
20260701,10.0,2,2,axiswise_candan_joint_ls,-13.61551246517305,0.5,1,0,nan,0.8380731415863937,0.16666666666666666,2.2494,2.264,0.0,4.5039,0.0,9.1466
20260701,10.0,2,2,legacy_explicit_residual_gate,-13.61551246517305,0.5,1,0,nan,0.8380731415863937,0.16666666666666666,2.3072,2.2089,4.6795,4.6582,1.1794,15.350499999999998
20260701,10.0,2,3,stage1_projection_energy_gate,-44.063277836542845,1.0,1,0,0.18726333872135456,0.8193905885440942,0.0,2.2331,2.1892,0.0,4.5923,0.1702,9.1833
20260701,10.0,2,3,axiswise_candan_joint_ls,-44.063277836542845,1.0,1,0,nan,0.8193905885440942,0.0,2.1118,2.0356,0.0,4.5368,0.0,8.712
20260701,10.0,2,3,legacy_explicit_residual_gate,-44.063277836542845,1.0,1,0,nan,0.8193905885440942,0.0,2.3469,2.2518,4.8058,4.812,0.9183,15.117500000000001
20260701,10.0,2,3,projection_energy_gate,-44.063277836542845,1.0,1,0,0.18726333872135456,0.8193905885440942,0.0,2.1242,1.9034,0.0,4.2384,0.1366,8.302
20260701,10.0,2,4,axiswise_candan_joint_ls,-47.55185653078402,1.0,1,0,nan,0.817404148039168,0.0,2.1114,2.0189,0.0,4.1669,0.0,8.2972
20260701,10.0,2,4,legacy_explicit_residual_gate,-47.55185653078402,1.0,1,0,nan,0.817404148039168,0.0,2.0139,1.8955,4.1378,3.9268,0.754,12.9027
20260701,10.0,2,4,projection_energy_gate,-47.55185653078402,1.0,1,0,0.3017105127094432,0.817404148039168,0.0,2.1102,1.9971,0.0,4.2221,0.1411,8.6516
20260701,10.0,2,4,stage1_projection_energy_gate,-47.55185653078402,1.0,1,0,0.3017105127094432,0.817404148039168,0.0,2.0323,1.9047,0.0,4.0091,0.1882,8.3152
20260701,10.0,2,5,legacy_explicit_residual_gate,-47.2782568626489,1.0,1,0,nan,0.8264355196934404,0.0,2.2568,2.0527,4.1874,4.0836,0.8142,13.5321
20260701,10.0,2,5,projection_energy_gate,-47.2782568626489,1.0,1,0,0.2813042858693495,0.8264355196934404,0.0,2.0503,1.9923,0.0,4.0439,0.124,8.1582
20260701,10.0,2,5,stage1_projection_energy_gate,-47.2782568626489,1.0,1,0,0.2813042858693495,0.8264355196934404,0.0,2.0155,1.9172,0.0,4.1182,0.1414,8.783999999999999
20260701,10.0,2,5,axiswise_candan_joint_ls,-47.2782568626489,1.0,1,0,nan,0.8264355196934404,0.0,2.0305,1.9234,0.0,4.5704,0.0,8.395800000000001
20260701,10.0,2,6,projection_energy_gate,-7.699067762402433,0.5,1,0,0.12247487329813199,0.8248647587050278,0.16666666666666666,2.1825,2.0214,0.0,4.0389,0.1801,8.4759
20260701,10.0,2,6,stage1_projection_energy_gate,-7.699067762402433,0.5,1,0,0.12247487329813199,0.8248647587050278,0.16666666666666666,2.1949,2.0766,0.0,4.2287,0.1328,8.6458
20260701,10.0,2,6,axiswise_candan_joint_ls,-7.699067762402433,0.5,1,0,nan,0.8248647587050278,0.16666666666666666,2.1689,1.8761,0.0,4.1212,0.0,8.3479
20260701,10.0,2,6,legacy_explicit_residual_gate,-7.699067762402433,0.5,1,0,nan,0.8248647587050278,0.16666666666666666,2.4414,2.243,4.2219,4.1299,0.7945,14.0206
20260701,10.0,2,7,stage1_projection_energy_gate,-7.207097385422468,0.5,1,0,0.2730303271191642,0.8145810252080298,0.16666666666666666,2.3052,2.1856,0.0,4.3349,0.1321,9.0509
20260701,10.0,2,7,axiswise_candan_joint_ls,-7.207097385422468,0.5,1,0,nan,0.8145810252080298,0.16666666666666666,2.103,1.9846,0.0,4.0246,0.0,8.3262
20260701,10.0,2,7,legacy_explicit_residual_gate,-7.207097385422468,0.5,1,0,nan,0.8145810252080298,0.16666666666666666,2.2169,2.0981,4.3329,4.3879,0.8698,13.9386
20260701,10.0,2,7,projection_energy_gate,-7.207097385422468,0.5,1,0,0.2730303271191642,0.8145810252080298,0.16666666666666666,2.4089,2.1198,0.0,4.0833,0.1539,8.7272
20260701,10.0,2,8,axiswise_candan_joint_ls,-47.95871963942682,1.0,1,0,nan,0.867638148154684,0.0,2.0547,2.2501,0.0,4.3568,0.0,8.808
20260701,10.0,2,8,legacy_explicit_residual_gate,-47.95871963942682,1.0,1,0,nan,0.867638148154684,0.0,2.4366,1.8702,4.0498,4.2312,0.907,13.533900000000003
20260701,10.0,2,8,projection_energy_gate,-47.95871963942682,1.0,1,0,0.23197929918841356,0.867638148154684,0.0,2.0141,1.9977,0.0,4.1338,0.1345,8.1754
20260701,10.0,2,8,stage1_projection_energy_gate,-47.95871963942682,1.0,1,0,0.23197929918841356,0.867638148154684,0.0,2.1306,1.9986,0.0,4.2713,0.1412,8.496
20260701,10.0,2,9,legacy_explicit_residual_gate,-47.5449466478173,1.0,1,0,nan,0.8237591756505499,0.0,2.1225,2.0905,4.3823,4.2284,0.703,13.545599999999999
20260701,10.0,2,9,projection_energy_gate,-47.5449466478173,1.0,1,0,0.2487672507358138,0.8237591756505499,0.0,2.3203,2.0887,0.0,4.0289,0.1618,8.606399999999999
20260701,10.0,2,9,stage1_projection_energy_gate,-47.5449466478173,1.0,1,0,0.2487672507358138,0.8237591756505499,0.0,2.0557,2.0847,0.0,4.0797,0.1819,8.3525
20260701,10.0,2,9,axiswise_candan_joint_ls,-47.5449466478173,1.0,1,0,nan,0.8237591756505499,0.0,2.0918,2.1234,0.0,3.9737,0.0,8.1791
20260701,10.0,2,10,projection_energy_gate,-49.953716870663996,1.0,1,0,0.3889666610781972,0.820123856574528,0.0,2.1874,2.0473,0.0,4.4244,0.1498,8.799499999999998
20260701,10.0,2,10,stage1_projection_energy_gate,-49.953716870663996,1.0,1,0,0.3889666610781972,0.820123856574528,0.0,2.2676,2.0386,0.0,4.1638,0.1251,8.522800000000002
20260701,10.0,2,10,axiswise_candan_joint_ls,-49.953716870663996,1.0,1,0,nan,0.820123856574528,0.0,2.1409,2.0045,0.0,4.3243,0.0,8.4509
20260701,10.0,2,10,legacy_explicit_residual_gate,-49.953716870663996,1.0,1,0,nan,0.820123856574528,0.0,2.5035,2.2988,4.0626,4.1778,0.7808,13.8235
20260701,10.0,2,11,stage1_projection_energy_gate,-47.33081255255848,1.0,1,0,0.0247707122659996,0.8981077318728103,0.0,2.4819,2.3428,0.0,4.3172,0.1807,9.389499999999998
20260701,10.0,2,11,axiswise_candan_joint_ls,-47.33081255255848,1.0,1,0,nan,0.8981077318728103,0.0,2.534,2.3195,0.0,4.2825,0.0,9.2654
20260701,10.0,2,11,legacy_explicit_residual_gate,-47.33081255255848,1.0,1,0,nan,0.8981077318728103,0.0,2.6754,2.8439,4.5939,4.4155,0.9552,15.375799999999998
20260701,10.0,2,11,projection_energy_gate,-47.33081255255848,1.0,1,0,0.0247707122659996,0.8981077318728103,0.0,2.3673,2.2005,0.0,4.6386,0.1509,9.4971
20260701,10.0,2,12,axiswise_candan_joint_ls,-17.372634899797994,0.5,1,0,nan,0.8280584974109417,0.16666666666666666,2.2337,2.0463,0.0,4.014,0.0,8.404799999999998
20260701,10.0,2,12,legacy_explicit_residual_gate,-17.372634899797994,0.5,1,0,nan,0.8280584974109417,0.16666666666666666,2.268,2.257,4.1426,4.1401,0.7796,13.610100000000001
20260701,10.0,2,12,projection_energy_gate,-17.372634899797994,0.5,1,0,0.25698256760061067,0.8280584974109417,0.16666666666666666,2.1107,2.0285,0.0,4.0615,0.1744,8.4418
20260701,10.0,2,12,stage1_projection_energy_gate,-17.372634899797994,0.5,1,0,0.25698256760061067,0.8280584974109417,0.16666666666666666,2.1795,2.1585,0.0,4.3165,0.1594,9.043999999999999
20260701,10.0,2,13,legacy_explicit_residual_gate,-49.07064242894768,1.0,1,0,nan,0.8374911131285081,0.0,2.223,2.1974,4.1772,4.8469,0.8051,14.055000000000001
20260701,10.0,2,13,projection_energy_gate,-49.07064242894768,1.0,1,0,0.1571112605469587,0.8374911131285081,0.0,2.1544,2.2615,0.0,4.3471,0.1948,9.2306
20260701,10.0,2,13,stage1_projection_energy_gate,-49.07064242894768,1.0,1,0,0.1571112605469587,0.8374911131285081,0.0,2.2209,2.3549,0.0,4.3203,0.1613,9.0776
20260701,10.0,2,13,axiswise_candan_joint_ls,-49.07064242894768,1.0,1,0,nan,0.8374911131285081,0.0,2.1906,1.9708,0.0,4.4115,0.0,8.4595
20260701,10.0,2,14,projection_energy_gate,-51.49259877614938,1.0,1,0,0.3569460944127229,0.8150463136556108,0.0,2.3293,2.1759,0.0,4.1827,0.1837,8.8874
20260701,10.0,2,14,stage1_projection_energy_gate,-51.49259877614938,1.0,1,0,0.3569460944127229,0.8150463136556108,0.0,2.2357,2.1244,0.0,4.0739,0.1559,8.480000000000002
20260701,10.0,2,14,axiswise_candan_joint_ls,-51.49259877614938,1.0,1,0,nan,0.8150463136556108,0.0,2.0868,2.046,0.0,4.1644,0.0,8.325199999999999
20260701,10.0,2,14,legacy_explicit_residual_gate,-51.49259877614938,1.0,1,0,nan,0.8150463136556108,0.0,2.1619,2.3474,4.1816,4.3905,0.8551,13.5104
20260701,10.0,2,15,stage1_projection_energy_gate,-13.904021345436261,0.5,1,0,0.20043997267834804,0.8422051918036733,0.16666666666666666,1.9803,1.9435,0.0,4.0369,0.1158,8.0498
20260701,10.0,2,15,axiswise_candan_joint_ls,-13.904021345436261,0.5,1,0,nan,0.8422051918036733,0.16666666666666666,2.0785,1.9596,0.0,4.1541,0.0,8.3763
20260701,10.0,2,15,legacy_explicit_residual_gate,-13.904021345436261,0.5,1,0,nan,0.8422051918036733,0.16666666666666666,2.1719,2.09,4.1203,5.2322,0.9146,14.435399999999998
20260701,10.0,2,15,projection_energy_gate,-13.904021345436261,0.5,1,0,0.20043997267834804,0.8422051918036733,0.16666666666666666,7.0869,3.1259,0.0,10.6702,0.1713,26.6083
20260701,10.0,2,16,axiswise_candan_joint_ls,-29.775837783554962,0.5,1,0,nan,0.813276744230896,0.16666666666666666,1.9291,1.8456,0.0,3.8244,0.0,7.5708
20260701,10.0,2,16,legacy_explicit_residual_gate,-29.775837783554962,0.5,1,0,nan,0.813276744230896,0.16666666666666666,1.9359,1.7305,3.798,3.7981,0.6835,11.9256
20260701,10.0,2,16,projection_energy_gate,-29.775837783554962,0.5,1,0,0.35951526185259897,0.813276744230896,0.16666666666666666,2.0254,2.1841,0.0,4.2148,0.1728,9.7059
20260701,10.0,2,16,stage1_projection_energy_gate,-29.775837783554962,0.5,1,0,0.35951526185259897,0.813276744230896,0.16666666666666666,1.9091,1.7449,0.0,3.5862,0.0808,7.2771
20260701,10.0,2,17,legacy_explicit_residual_gate,-10.037014975376959,0.5,1,0,nan,0.819382289060993,0.16666666666666666,1.8739,1.7025,3.6909,3.5525,0.606,11.4371
20260701,10.0,2,17,projection_energy_gate,-10.037014975376959,0.5,1,0,0.2734546653591824,0.819382289060993,0.16666666666666666,1.8663,1.7861,0.0,3.6448,0.0648,7.3576
20260701,10.0,2,17,stage1_projection_energy_gate,-10.037014975376959,0.5,1,0,0.2734546653591824,0.819382289060993,0.16666666666666666,1.8465,1.7737,0.0,3.6219,0.0629,7.320100000000001
20260701,10.0,2,17,axiswise_candan_joint_ls,-10.037014975376959,0.5,1,0,nan,0.819382289060993,0.16666666666666666,1.8327,1.8038,0.0,3.6301,0.0,7.2242999999999995
20260701,10.0,2,18,projection_energy_gate,-49.770238357289415,1.0,1,0,0.21436767142405977,0.844142020911694,0.0,1.773,1.7376,0.0,3.6459,0.069,7.284400000000001
20260701,10.0,2,18,stage1_projection_energy_gate,-49.770238357289415,1.0,1,0,0.21436767142405977,0.844142020911694,0.0,5.8274,2.732,0.0,4.3676,0.1218,13.336
20260701,10.0,2,18,axiswise_candan_joint_ls,-49.770238357289415,1.0,1,0,nan,0.844142020911694,0.0,2.2595,1.8172,0.0,3.7249,0.0,7.8309999999999995
20260701,10.0,2,18,legacy_explicit_residual_gate,-49.770238357289415,1.0,1,0,nan,0.844142020911694,0.0,1.7797,1.5939,3.5262,3.5182,0.6021,11.1105
20260701,10.0,2,19,stage1_projection_energy_gate,-26.705561319792437,0.5,1,0,0.16869239207770514,0.8479480404778722,0.16666666666666666,2.0847,1.87,0.0,4.2259,0.1474,8.3453
20260701,10.0,2,19,axiswise_candan_joint_ls,-26.705561319792437,0.5,1,0,nan,0.8479480404778722,0.16666666666666666,2.0645,1.9783,0.0,4.0962,0.0,8.4954
20260701,10.0,2,19,legacy_explicit_residual_gate,-26.705561319792437,0.5,1,0,nan,0.8479480404778722,0.16666666666666666,2.1329,2.2347,4.8031,4.1038,0.7167,14.711099999999998
20260701,10.0,2,19,projection_energy_gate,-26.705561319792437,0.5,1,0,0.16869239207770514,0.8479480404778722,0.16666666666666666,2.1304,1.9242,0.0,4.1355,0.1746,8.493
20260701,10.0,4,0,axiswise_candan_joint_ls,-42.26582847125307,1.0,1,0,nan,0.8255104025329131,0.0,1.8786,1.8774,0.0,8.103,0.0,11.8651
20260701,10.0,4,0,legacy_explicit_residual_gate,-42.26582847125307,1.0,1,0,nan,0.8255104025329131,0.0,1.8306,1.814,7.9747,7.7749,0.8049,20.291300000000003
20260701,10.0,4,0,projection_energy_gate,-42.26582847125307,1.0,1,0,0.3230456284627252,0.8255104025329131,0.0,2.0759,2.0041,0.0,7.5232,0.1806,11.961199999999998
20260701,10.0,4,0,stage1_projection_energy_gate,-42.26582847125307,1.0,1,0,0.3230456284627252,0.8255104025329131,0.0,2.2668,2.2251,0.0,8.0034,0.1394,12.622099999999998
20260701,10.0,4,1,legacy_explicit_residual_gate,-12.595815747908903,0.5,1,0,nan,0.8236801006788047,0.16666666666666666,2.5062,2.2194,7.7725,7.829,0.8371,21.115199999999998
20260701,10.0,4,1,projection_energy_gate,-12.595815747908903,0.5,1,0,0.23716318006059772,0.8236801006788047,0.16666666666666666,2.1741,2.2162,0.0,7.839,0.1819,12.6026
20260701,10.0,4,1,stage1_projection_energy_gate,-12.595815747908903,0.5,1,0,0.23716318006059772,0.8236801006788047,0.16666666666666666,2.0816,2.0524,0.0,8.12,0.1682,12.4261
20260701,10.0,4,1,axiswise_candan_joint_ls,-12.595815747908903,0.5,1,0,nan,0.8236801006788047,0.16666666666666666,1.8545,1.8286,0.0,7.248,0.0,10.790600000000001
20260701,10.0,4,2,projection_energy_gate,-17.416025057660956,0.75,1,0,0.21691019040326073,0.8383514541311025,0.08333333333333333,1.7696,1.7479,0.0,6.9097,0.143,10.567
20260701,10.0,4,2,stage1_projection_energy_gate,-17.416025057660956,0.75,1,0,0.21691019040326073,0.8383514541311025,0.08333333333333333,1.7821,1.7528,0.0,6.8201,0.1262,10.4829
20260701,10.0,4,2,axiswise_candan_joint_ls,-17.416025057660956,0.75,1,0,nan,0.8383514541311025,0.08333333333333333,1.775,1.7505,0.0,7.0946,0.0,10.5679
20260701,10.0,4,2,legacy_explicit_residual_gate,-17.416025057660956,0.75,1,0,nan,0.8383514541311025,0.08333333333333333,1.8898,1.8623,12.1975,8.3457,0.8012,25.6034
20260701,10.0,4,3,stage1_projection_energy_gate,-46.6248058691606,1.0,1,0,0.2439964370046395,0.8202618625112815,0.0,2.0574,2.0321,0.0,8.0287,0.1978,16.513800000000003
20260701,10.0,4,3,axiswise_candan_joint_ls,-46.6248058691606,1.0,1,0,nan,0.8202618625112815,0.0,2.3005,2.2434,0.0,8.3009,0.0,12.9922
20260701,10.0,4,3,legacy_explicit_residual_gate,-46.6248058691606,1.0,1,0,nan,0.8202618625112815,0.0,2.1983,2.3607,7.6695,8.0681,0.7707,20.799400000000002
20260701,10.0,4,3,projection_energy_gate,-46.6248058691606,1.0,1,0,0.2439964370046395,0.8202618625112815,0.0,2.0872,2.2106,0.0,8.0236,0.1589,12.4803
20260701,10.0,4,4,axiswise_candan_joint_ls,-13.694812068260724,0.75,1,0,nan,0.8137009800281221,0.08333333333333333,2.2367,2.0165,0.0,8.4232,0.0,12.855899999999998
20260701,10.0,4,4,legacy_explicit_residual_gate,-13.694812068260724,0.75,1,0,nan,0.8137009800281221,0.08333333333333333,2.1408,1.9971,7.7379,8.2675,0.7084,20.5606
20260701,10.0,4,4,projection_energy_gate,-13.694812068260724,0.75,1,0,0.35528460782077387,0.8137009800281221,0.08333333333333333,2.177,2.116,0.0,8.025,0.1989,12.647200000000002
20260701,10.0,4,4,stage1_projection_energy_gate,-13.694812068260724,0.75,1,0,0.35528460782077387,0.8137009800281221,0.08333333333333333,2.0611,1.9232,0.0,7.7737,0.1804,11.4595
20260701,10.0,4,5,legacy_explicit_residual_gate,-16.449693441620443,0.75,1,0,nan,0.8148746584104054,0.08333333333333333,2.1164,2.1347,7.6673,7.9992,0.7951,20.9971
20260701,10.0,4,5,projection_energy_gate,-16.449693441620443,0.75,1,0,0.35778996417509595,0.8148746584104054,0.08333333333333333,1.9006,1.7581,0.0,8.1285,0.1724,12.0715
20260701,10.0,4,5,stage1_projection_energy_gate,-16.449693441620443,0.75,1,0,0.35778996417509595,0.8148746584104054,0.08333333333333333,1.8846,1.8503,0.0,7.6215,0.1776,11.7469
20260701,10.0,4,5,axiswise_candan_joint_ls,-16.449693441620443,0.75,1,0,nan,0.8148746584104054,0.08333333333333333,1.8994,1.8962,0.0,7.495,0.0,11.3614
20260701,10.0,4,6,projection_energy_gate,-21.018536571882112,0.5,1,0,0.22298624952255267,0.8158917528535695,0.16666666666666666,1.8278,1.7876,0.0,6.7359,0.1326,10.546199999999999
20260701,10.0,4,6,stage1_projection_energy_gate,-21.018536571882112,0.5,1,0,0.22298624952255267,0.8158917528535695,0.16666666666666666,1.9482,1.8839,0.0,7.3343,0.1782,11.4119
20260701,10.0,4,6,axiswise_candan_joint_ls,-21.018536571882112,0.5,1,0,nan,0.8158917528535695,0.16666666666666666,2.1594,2.2642,0.0,13.9935,0.0,18.366
20260701,10.0,4,6,legacy_explicit_residual_gate,-21.018536571882112,0.5,1,0,nan,0.8158917528535695,0.16666666666666666,2.0536,1.9175,7.8222,7.8233,0.7888,20.812099999999997
20260701,10.0,4,7,stage1_projection_energy_gate,-43.223585750758275,1.0,1,0,0.38015622114618536,0.8247943145475611,0.0,1.7562,1.703,0.0,7.6082,0.1399,12.9891
20260701,10.0,4,7,axiswise_candan_joint_ls,-43.223585750758275,1.0,1,0,nan,0.8247943145475611,0.0,1.907,2.0314,0.0,7.4846,0.0,11.3827
20260701,10.0,4,7,legacy_explicit_residual_gate,-43.223585750758275,1.0,1,0,nan,0.8247943145475611,0.0,1.9539,2.0067,8.3583,7.7072,0.8313,21.0169
20260701,10.0,4,7,projection_energy_gate,-43.223585750758275,1.0,1,0,0.38015622114618536,0.8247943145475611,0.0,1.9912,2.3785,0.0,7.6662,0.1795,12.2151
20260701,10.0,4,8,axiswise_candan_joint_ls,-14.069199053801986,0.5,1,0,nan,0.8192468768078429,0.08333333333333333,2.0628,1.9574,0.0,7.8133,0.0,11.9709
20260701,10.0,4,8,legacy_explicit_residual_gate,-14.069199053801986,0.5,1,0,nan,0.8192468768078429,0.08333333333333333,2.0984,1.9247,7.8595,7.6409,0.7163,20.226899999999997
20260701,10.0,4,8,projection_energy_gate,-14.069199053801986,0.5,1,0,0.2978571973882337,0.8192468768078429,0.08333333333333333,1.9683,1.8811,0.0,7.8122,0.1742,11.6766
20260701,10.0,4,8,stage1_projection_energy_gate,-14.069199053801986,0.5,1,0,0.2978571973882337,0.8192468768078429,0.08333333333333333,2.0976,1.9543,0.0,7.9563,0.1598,12.139999999999999
20260701,10.0,4,9,legacy_explicit_residual_gate,-44.06484249473344,1.0,1,0,nan,0.8297045727685413,0.0,2.7976,2.5415,13.1011,163.8813,0.8282,182.50910000000002
20260701,10.0,4,9,projection_energy_gate,-44.06484249473344,1.0,1,0,0.2658492868934591,0.8297045727685413,0.0,1.9123,1.9175,0.0,6.9764,0.1469,10.953100000000001
20260701,10.0,4,9,stage1_projection_energy_gate,-44.06484249473344,1.0,1,0,0.2658492868934591,0.8297045727685413,0.0,1.7593,1.8231,0.0,6.7428,0.1246,10.4308
20260701,10.0,4,9,axiswise_candan_joint_ls,-44.06484249473344,1.0,1,0,nan,0.8297045727685413,0.0,1.7533,1.7819,0.0,6.7376,0.0,10.2913
20260701,10.0,4,10,projection_energy_gate,-10.541154135451492,0.75,1,0,0.2421682326292829,0.8277815911170827,0.08333333333333333,1.7772,1.7418,0.0,6.9035,0.1341,10.534
20260701,10.0,4,10,stage1_projection_energy_gate,-10.541154135451492,0.75,1,0,0.2421682326292829,0.8277815911170827,0.08333333333333333,1.7722,1.7516,0.0,6.8124,0.1515,10.4761
20260701,10.0,4,10,axiswise_candan_joint_ls,-10.541154135451492,0.75,1,0,nan,0.8277815911170827,0.08333333333333333,6.3047,6.5355,0.0,12.7162,0.0,25.5564
20260701,10.0,4,10,legacy_explicit_residual_gate,-10.541154135451492,0.75,1,0,nan,0.8277815911170827,0.08333333333333333,1.8532,1.711,6.7798,6.7889,0.6109,17.7438
20260701,10.0,4,11,stage1_projection_energy_gate,-14.683746432380104,0.75,1,0,0.22852382783636319,0.8325347121805811,0.08333333333333333,1.7386,1.7331,0.0,7.015,0.1371,10.61
20260701,10.0,4,11,axiswise_candan_joint_ls,-14.683746432380104,0.75,1,0,nan,0.8325347121805811,0.08333333333333333,1.8085,1.8033,0.0,7.2607,0.0,11.044699999999999
20260701,10.0,4,11,legacy_explicit_residual_gate,-14.683746432380104,0.75,1,0,nan,0.8325347121805811,0.08333333333333333,2.0381,1.9653,8.1051,7.8624,0.848,20.9723
20260701,10.0,4,11,projection_energy_gate,-14.683746432380104,0.75,1,0,0.22852382783636319,0.8325347121805811,0.08333333333333333,1.9539,2.3155,0.0,8.0087,0.1602,12.5099
20260701,10.0,4,12,axiswise_candan_joint_ls,-45.440222148548834,1.0,1,0,nan,0.8445065295648192,0.0,2.152,2.1221,0.0,7.4209,0.0,11.742799999999999
20260701,10.0,4,12,legacy_explicit_residual_gate,-45.440222148548834,1.0,1,0,nan,0.8445065295648192,0.0,1.9622,1.7625,7.7219,7.5584,0.8181,20.0257
20260701,10.0,4,12,projection_energy_gate,-45.440222148548834,1.0,1,0,0.18341773157132438,0.8445065295648192,0.0,2.1501,2.087,0.0,7.3455,0.1494,12.062199999999999
20260701,10.0,4,12,stage1_projection_energy_gate,-45.440222148548834,1.0,1,0,0.18341773157132438,0.8445065295648192,0.0,2.0832,1.8584,0.0,7.3859,0.1585,11.4561
20260701,10.0,4,13,legacy_explicit_residual_gate,-47.4582180749265,1.0,1,0,nan,0.826649713274857,0.0,2.221,1.7965,8.0233,7.4771,0.825,20.6583
20260701,10.0,4,13,projection_energy_gate,-47.4582180749265,1.0,1,0,0.13431515960340892,0.826649713274857,0.0,2.0097,2.197,0.0,8.1062,0.1582,12.4399
20260701,10.0,4,13,stage1_projection_energy_gate,-47.4582180749265,1.0,1,0,0.13431515960340892,0.826649713274857,0.0,1.8105,1.905,0.0,7.9166,0.165,11.5625
20260701,10.0,4,13,axiswise_candan_joint_ls,-47.4582180749265,1.0,1,0,nan,0.826649713274857,0.0,1.938,1.9518,0.0,7.3048,0.0,11.2132
20260701,10.0,4,14,projection_energy_gate,-46.4477988002982,1.0,1,0,0.2763385718789077,0.8157334096146353,0.0,1.9243,1.8701,0.0,7.7767,0.1592,11.7718
20260701,10.0,4,14,stage1_projection_energy_gate,-46.4477988002982,1.0,1,0,0.2763385718789077,0.8157334096146353,0.0,2.2118,1.9909,0.0,7.6062,0.1339,11.891900000000001
20260701,10.0,4,14,axiswise_candan_joint_ls,-46.4477988002982,1.0,1,0,nan,0.8157334096146353,0.0,2.1262,1.8886,0.0,7.6654,0.0,11.655899999999999
20260701,10.0,4,14,legacy_explicit_residual_gate,-46.4477988002982,1.0,1,0,nan,0.8157334096146353,0.0,2.1926,1.9986,7.603,10.3659,1.1176,116.74519999999998
20260701,10.0,4,15,stage1_projection_energy_gate,-16.65504151666321,0.75,1,0,0.2392296673685306,0.815189184082927,0.08333333333333333,2.1123,2.2606,0.0,7.81,0.1713,12.497200000000001
20260701,10.0,4,15,axiswise_candan_joint_ls,-16.65504151666321,0.75,1,0,nan,0.815189184082927,0.08333333333333333,1.9383,2.016,0.0,7.453,0.0,11.427900000000001
20260701,10.0,4,15,legacy_explicit_residual_gate,-16.65504151666321,0.75,1,0,nan,0.815189184082927,0.08333333333333333,2.1484,2.0831,7.8843,7.8698,0.8955,20.789399999999997
20260701,10.0,4,15,projection_energy_gate,-16.65504151666321,0.75,1,0,0.2392296673685306,0.815189184082927,0.08333333333333333,2.0231,1.9541,0.0,7.6788,0.1618,11.7654
20260701,10.0,4,16,axiswise_candan_joint_ls,-13.794946139246555,0.75,1,0,nan,0.8316337307553203,0.08333333333333333,1.9737,1.8919,0.0,7.8407,0.0,11.6503
20260701,10.0,4,16,legacy_explicit_residual_gate,-13.794946139246555,0.75,1,0,nan,0.8316337307553203,0.08333333333333333,2.099,2.0861,8.54,8.0031,0.7667,21.375100000000003
20260701,10.0,4,16,projection_energy_gate,-13.794946139246555,0.75,1,0,0.17879476875905942,0.8316337307553203,0.08333333333333333,1.9821,1.9111,0.0,7.5466,0.1554,11.9919
20260701,10.0,4,16,stage1_projection_energy_gate,-13.794946139246555,0.75,1,0,0.17879476875905942,0.8316337307553203,0.08333333333333333,2.092,2.064,0.0,8.1401,0.1795,12.304300000000001
20260701,10.0,4,17,legacy_explicit_residual_gate,-45.82397916436907,1.0,1,0,nan,0.8152245866277308,0.0,2.1626,1.9939,7.9692,7.6679,0.7977,20.4152
20260701,10.0,4,17,projection_energy_gate,-45.82397916436907,1.0,1,0,0.4215253018734908,0.8152245866277308,0.0,2.3331,1.8993,0.0,7.8632,0.201,12.3005
20260701,10.0,4,17,stage1_projection_energy_gate,-45.82397916436907,1.0,1,0,0.4215253018734908,0.8152245866277308,0.0,2.2367,2.2503,0.0,8.1335,0.1554,12.647
20260701,10.0,4,17,axiswise_candan_joint_ls,-45.82397916436907,1.0,1,0,nan,0.8152245866277308,0.0,2.0829,2.141,0.0,7.9679,0.0,12.1918
20260701,10.0,4,18,projection_energy_gate,-15.480684559285557,0.75,1,0,0.25751582320924726,0.817508933076019,0.08333333333333333,2.0479,2.0961,0.0,7.5058,0.197,11.865499999999999
20260701,10.0,4,18,stage1_projection_energy_gate,-15.480684559285557,0.75,1,0,0.25751582320924726,0.817508933076019,0.08333333333333333,2.0567,1.9334,0.0,7.7396,0.206,11.779
20260701,10.0,4,18,axiswise_candan_joint_ls,-15.480684559285557,0.75,1,0,nan,0.817508933076019,0.08333333333333333,1.9592,2.1675,0.0,7.6645,0.0,11.8595
20260701,10.0,4,18,legacy_explicit_residual_gate,-15.480684559285557,0.75,1,0,nan,0.817508933076019,0.08333333333333333,2.1708,2.138,7.6683,8.362,0.9369,21.270000000000003
20260701,10.0,4,19,stage1_projection_energy_gate,-18.70069104102391,0.75,1,0,0.17175356804294406,0.8374343535384013,0.08333333333333333,2.3598,2.1684,0.0,7.8668,0.1865,12.806499999999998
20260701,10.0,4,19,axiswise_candan_joint_ls,-18.70069104102391,0.75,1,0,nan,0.8374343535384013,0.08333333333333333,2.0581,2.0089,0.0,7.6302,0.0,11.5694
20260701,10.0,4,19,legacy_explicit_residual_gate,-18.70069104102391,0.75,1,0,nan,0.8374343535384013,0.08333333333333333,2.0884,1.9305,7.6888,7.5692,0.7421,20.1586
20260701,10.0,4,19,projection_energy_gate,-18.70069104102391,0.75,1,0,0.17175356804294406,0.8374343535384013,0.08333333333333333,2.1598,2.0359,0.0,7.5494,0.1368,11.8819
20260701,10.0,8,0,axiswise_candan_joint_ls,-19.272111831111673,0.75,1,0,nan,0.8084939713181126,0.08333333333333333,2.454,2.7854,0.0,17.6391,0.0,23.5304
20260701,10.0,8,0,legacy_explicit_residual_gate,-19.272111831111673,0.75,1,0,nan,0.8084939713181126,0.08333333333333333,2.0168,2.0398,16.6183,17.637,0.8187,38.717400000000005
20260701,10.0,8,0,projection_energy_gate,-19.272111831111673,0.75,1,0,0.2045107737878691,0.8084939713181126,0.08333333333333333,2.123,2.1886,0.0,18.2562,0.1403,22.762800000000002
20260701,10.0,8,0,stage1_projection_energy_gate,-19.272111831111673,0.75,1,0,0.2045107737878691,0.8084939713181126,0.08333333333333333,2.1338,2.1099,0.0,17.7579,0.1649,21.950799999999997
20260701,10.0,8,1,legacy_explicit_residual_gate,-41.83534054894714,1.0,1,0,nan,0.8157933870181976,0.0,2.3389,2.1431,16.9656,17.7644,0.9377,39.6061
20260701,10.0,8,1,projection_energy_gate,-41.83534054894714,1.0,1,0,0.2651376540261612,0.8157933870181976,0.0,2.3328,2.2726,0.0,26.1652,0.1901,30.9607
20260701,10.0,8,1,stage1_projection_energy_gate,-41.83534054894714,1.0,1,0,0.2651376540261612,0.8157933870181976,0.0,2.2179,2.2211,0.0,20.4067,0.1613,25.064700000000002
20260701,10.0,8,1,axiswise_candan_joint_ls,-41.83534054894714,1.0,1,0,nan,0.8157933870181976,0.0,2.3158,2.3558,0.0,17.7596,0.0,22.431199999999997
20260701,10.0,8,2,projection_energy_gate,-13.316608807032864,0.625,1,0,0.24929563637396382,0.8151872212965687,0.08333333333333333,2.2559,2.1857,0.0,17.7663,0.1466,22.369200000000003
20260701,10.0,8,2,stage1_projection_energy_gate,-13.316608807032864,0.625,1,0,0.24929563637396382,0.8151872212965687,0.08333333333333333,1.963,2.2631,0.0,17.28,0.1721,21.686700000000002
20260701,10.0,8,2,axiswise_candan_joint_ls,-13.316608807032864,0.625,1,0,nan,0.8151872212965687,0.08333333333333333,2.0423,2.1144,0.0,16.5643,0.0,21.137999999999998
20260701,10.0,8,2,legacy_explicit_residual_gate,-13.316608807032864,0.625,1,0,nan,0.8151872212965687,0.08333333333333333,2.1544,2.4318,18.1189,17.404,0.8631,41.0853
20260701,10.0,8,3,stage1_projection_energy_gate,-14.560128739692553,0.625,1,0,0.1593452822881509,0.46238089222462075,0.08333333333333333,2.0279,2.0818,0.0,15.804,0.1496,20.1936
20260701,10.0,8,3,axiswise_candan_joint_ls,-14.560128739692553,0.625,1,0,nan,0.46238089222462075,0.08333333333333333,1.9102,2.2187,0.0,14.7599,0.0,19.3812
20260701,10.0,8,3,legacy_explicit_residual_gate,-14.560128739692553,0.625,1,0,nan,0.46238089222462075,0.08333333333333333,2.1173,2.1113,18.2394,16.9506,0.904,40.0889
20260701,10.0,8,3,projection_energy_gate,-14.560128739692553,0.625,1,0,0.1593452822881509,0.46238089222462075,0.08333333333333333,2.3443,2.5568,0.0,18.6976,0.1882,23.6985
20260701,10.0,8,4,axiswise_candan_joint_ls,-13.276283484273792,0.5,1,0,nan,0.8138798803843552,0.125,2.1662,2.3098,0.0,19.1148,0.0,23.4989
20260701,10.0,8,4,legacy_explicit_residual_gate,-13.276283484273792,0.5,1,0,nan,0.8138798803843552,0.125,2.2313,2.14,17.3998,17.0212,1.0042,39.4837
20260701,10.0,8,4,projection_energy_gate,-13.276283484273792,0.5,1,0,0.21482051452223852,0.8138798803843552,0.125,2.1738,2.1334,0.0,18.4989,0.1588,23.362099999999998
20260701,10.0,8,4,stage1_projection_energy_gate,-13.276283484273792,0.5,1,0,0.21482051452223852,0.8138798803843552,0.125,2.19,2.1464,0.0,23.0677,0.1507,32.5224
20260701,10.0,8,5,legacy_explicit_residual_gate,-13.004748694123991,0.5,1,0,nan,0.8110559486694239,0.16666666666666666,2.0031,2.0993,16.9534,17.1705,0.9581,39.3932
20260701,10.0,8,5,projection_energy_gate,-13.004748694123991,0.5,1,0,0.24709416494088504,0.8110559486694239,0.16666666666666666,2.0336,2.2132,0.0,16.951,0.125,21.3066
20260701,10.0,8,5,stage1_projection_energy_gate,-13.004748694123991,0.5,1,0,0.24709416494088504,0.8110559486694239,0.16666666666666666,2.3292,2.3267,0.0,18.9923,0.1772,23.6053
20260701,10.0,8,5,axiswise_candan_joint_ls,-13.004748694123991,0.5,1,0,nan,0.8110559486694239,0.16666666666666666,1.9567,2.1625,0.0,17.4646,0.0,21.3749
20260701,10.0,8,6,projection_energy_gate,-12.720174058768539,0.625,1,0,0.09317575712116957,0.8265610018039312,0.125,2.2584,2.2719,0.0,18.7609,0.165,23.5445
20260701,10.0,8,6,stage1_projection_energy_gate,-12.720174058768539,0.625,1,0,0.09317575712116957,0.8265610018039312,0.125,2.0849,2.0895,0.0,17.5239,0.1471,21.7793
20260701,10.0,8,6,axiswise_candan_joint_ls,-12.720174058768539,0.625,1,0,nan,0.8265610018039312,0.125,1.9609,2.0275,0.0,19.841,0.0,23.692300000000003
20260701,10.0,8,6,legacy_explicit_residual_gate,-12.720174058768539,0.625,1,0,nan,0.8265610018039312,0.125,2.2625,1.9432,16.5624,17.2422,0.8456,38.7476
20260701,10.0,8,7,stage1_projection_energy_gate,-42.704626304518726,1.0,1,0,0.3642040709540144,0.8151012093234016,0.0,2.2214,2.133,0.0,17.7922,0.1856,22.2307
20260701,10.0,8,7,axiswise_candan_joint_ls,-42.704626304518726,1.0,1,0,nan,0.8151012093234016,0.0,1.9814,2.0853,0.0,17.3805,0.0,21.8388
20260701,10.0,8,7,legacy_explicit_residual_gate,-42.704626304518726,1.0,1,0,nan,0.8151012093234016,0.0,2.3536,2.0275,20.2309,19.9426,0.9767,45.8341
20260701,10.0,8,7,projection_energy_gate,-42.704626304518726,1.0,1,0,0.3642040709540144,0.8151012093234016,0.0,1.9914,1.9126,0.0,15.857,0.1513,19.7429
20260701,10.0,8,8,axiswise_candan_joint_ls,-13.502758931990611,0.625,1,0,nan,0.8151434798746181,0.08333333333333333,2.2239,2.2498,0.0,17.5823,0.0,21.8595
20260701,10.0,8,8,legacy_explicit_residual_gate,-13.502758931990611,0.625,1,0,nan,0.8151434798746181,0.08333333333333333,2.1902,2.1561,16.9417,17.405,0.9189,39.83410000000001
20260701,10.0,8,8,projection_energy_gate,-13.502758931990611,0.625,1,0,0.20001218466183626,0.8151434798746181,0.08333333333333333,2.0185,2.1287,0.0,17.5054,0.1305,21.973599999999998
20260701,10.0,8,8,stage1_projection_energy_gate,-13.502758931990611,0.625,1,0,0.20001218466183626,0.8151434798746181,0.08333333333333333,2.0198,2.1712,0.0,17.5938,0.1283,21.9309
20260701,10.0,8,9,legacy_explicit_residual_gate,-13.200956168739042,0.625,1,0,nan,0.8193051639557554,0.08333333333333333,2.5995,2.2207,20.6459,19.7362,0.8007,46.3795
20260701,10.0,8,9,projection_energy_gate,-13.200956168739042,0.625,1,0,0.26137555240947413,0.8193051639557554,0.08333333333333333,1.9814,2.2222,0.0,18.2457,0.1598,22.6306
20260701,10.0,8,9,stage1_projection_energy_gate,-13.200956168739042,0.625,1,0,0.26137555240947413,0.8193051639557554,0.08333333333333333,1.9127,2.0763,0.0,17.026,0.1621,21.5427
20260701,10.0,8,9,axiswise_candan_joint_ls,-13.200956168739042,0.625,1,0,nan,0.8193051639557554,0.08333333333333333,2.0545,2.6231,0.0,17.9199,0.0,22.7299
20260701,10.0,8,10,projection_energy_gate,-12.018659211871041,0.375,1,0,0.23012356394345904,0.8172014328080618,0.125,2.1714,2.117,0.0,17.9179,0.1887,22.6756
20260701,10.0,8,10,stage1_projection_energy_gate,-12.018659211871041,0.375,1,0,0.23012356394345904,0.8172014328080618,0.125,2.0404,2.2466,0.0,18.361,0.1357,22.7901
20260701,10.0,8,10,axiswise_candan_joint_ls,-12.018659211871041,0.375,1,0,nan,0.8172014328080618,0.125,2.3554,2.5496,0.0,17.0748,0.0,21.4536
20260701,10.0,8,10,legacy_explicit_residual_gate,-12.018659211871041,0.375,1,0,nan,0.8172014328080618,0.125,2.216,2.5162,21.8546,19.0388,0.9013,48.5251
20260701,10.0,8,11,stage1_projection_energy_gate,-40.39581622092207,1.0,1,0,0.2714870984849968,0.8167549513356984,0.0,2.1092,2.1424,0.0,17.2917,0.1424,22.1163
20260701,10.0,8,11,axiswise_candan_joint_ls,-40.39581622092207,1.0,1,0,nan,0.8167549513356984,0.0,2.2007,2.1111,0.0,17.6357,0.0,22.0866
20260701,10.0,8,11,legacy_explicit_residual_gate,-40.39581622092207,1.0,1,0,nan,0.8167549513356984,0.0,2.1082,2.085,17.4726,18.0115,0.9129,40.173199999999994
20260701,10.0,8,11,projection_energy_gate,-40.39581622092207,1.0,1,0,0.2714870984849968,0.8167549513356984,0.0,2.0309,2.1109,0.0,17.4941,0.1359,21.8173
20260701,10.0,8,12,axiswise_candan_joint_ls,-22.431962438051222,0.75,1,0,nan,0.815659679769143,0.041666666666666664,2.2428,2.2075,0.0,20.7367,0.0,25.4104
20260701,10.0,8,12,legacy_explicit_residual_gate,-22.431962438051222,0.75,1,0,nan,0.815659679769143,0.041666666666666664,2.0405,2.0524,17.4767,16.8969,0.8269,39.2934
20260701,10.0,8,12,projection_energy_gate,-22.431962438051222,0.75,1,0,0.19447918286451846,0.815659679769143,0.041666666666666664,2.2081,2.1452,0.0,17.8083,0.141,22.2541
20260701,10.0,8,12,stage1_projection_energy_gate,-22.431962438051222,0.75,1,0,0.19447918286451846,0.815659679769143,0.041666666666666664,2.2882,2.392,0.0,18.4411,0.1648,23.275999999999996
20260701,10.0,8,13,legacy_explicit_residual_gate,-13.771141342974317,0.625,1,0,nan,0.8110065949918716,0.125,2.2589,2.2885,17.2514,17.1941,0.8173,39.440000000000005
20260701,10.0,8,13,projection_energy_gate,-13.771141342974317,0.625,1,0,0.219869277504519,0.8110065949918716,0.125,2.2422,2.1149,0.0,17.7468,0.1877,22.4141
20260701,10.0,8,13,stage1_projection_energy_gate,-13.771141342974317,0.625,1,0,0.219869277504519,0.8110065949918716,0.125,2.0278,2.097,0.0,17.1804,0.1653,22.0639
20260701,10.0,8,13,axiswise_candan_joint_ls,-13.771141342974317,0.625,1,0,nan,0.8110065949918716,0.125,2.0663,2.1375,0.0,18.1489,0.0,22.351200000000002
20260701,10.0,8,14,projection_energy_gate,-13.019979659783429,0.75,1,0,0.177102822201726,0.8233846475975226,0.08333333333333333,2.0673,2.1223,0.0,17.3846,0.1432,21.719099999999997
20260701,10.0,8,14,stage1_projection_energy_gate,-13.019979659783429,0.75,1,0,0.177102822201726,0.8233846475975226,0.08333333333333333,2.0267,2.1458,0.0,17.1762,0.1983,21.6315
20260701,10.0,8,14,axiswise_candan_joint_ls,-13.019979659783429,0.75,1,0,nan,0.8233846475975226,0.08333333333333333,2.1495,2.2935,0.0,18.1063,0.0,22.580600000000004
20260701,10.0,8,14,legacy_explicit_residual_gate,-13.019979659783429,0.75,1,0,nan,0.8233846475975226,0.08333333333333333,2.3277,2.4486,17.8738,18.6141,0.9386,42.239399999999996
20260701,10.0,8,15,stage1_projection_energy_gate,-18.083996058074906,0.875,1,0,0.2009310611236846,0.8125310013999882,0.041666666666666664,2.1024,2.0567,0.0,16.2815,0.1847,20.666500000000003
20260701,10.0,8,15,axiswise_candan_joint_ls,-18.083996058074906,0.875,1,0,nan,0.8125310013999882,0.041666666666666664,2.1046,2.2349,0.0,17.529,0.0,22.7194
20260701,10.0,8,15,legacy_explicit_residual_gate,-18.083996058074906,0.875,1,0,nan,0.8125310013999882,0.041666666666666664,2.3641,2.3078,18.3376,18.4656,0.8559,41.929700000000004
20260701,10.0,8,15,projection_energy_gate,-18.083996058074906,0.875,1,0,0.2009310611236846,0.8125310013999882,0.041666666666666664,2.2759,2.4419,0.0,17.4604,0.1772,22.8012
20260701,10.0,8,16,axiswise_candan_joint_ls,-15.899533650242129,0.875,1,0,nan,0.8105302144673421,0.041666666666666664,2.1511,2.1732,0.0,17.1076,0.0,21.3788
20260701,10.0,8,16,legacy_explicit_residual_gate,-15.899533650242129,0.875,1,0,nan,0.8105302144673421,0.041666666666666664,2.2779,2.379,17.9029,16.9553,1.1311,40.688700000000004
20260701,10.0,8,16,projection_energy_gate,-15.899533650242129,0.875,1,0,0.22874551030114412,0.8105302144673421,0.041666666666666664,2.0311,2.2082,0.0,16.7376,0.1573,21.1342
20260701,10.0,8,16,stage1_projection_energy_gate,-15.899533650242129,0.875,1,0,0.22874551030114412,0.8105302144673421,0.041666666666666664,2.2208,2.2691,0.0,17.8579,0.229,22.5768
20260701,10.0,8,17,legacy_explicit_residual_gate,-16.531196074005553,0.625,1,0,nan,0.8157381093688493,0.08333333333333333,2.0789,2.0801,17.335,17.0732,0.9516,38.7162
20260701,10.0,8,17,projection_energy_gate,-16.531196074005553,0.625,1,0,0.34588796132988975,0.8157381093688493,0.08333333333333333,2.1241,2.4049,0.0,17.1463,0.1676,21.8456
20260701,10.0,8,17,stage1_projection_energy_gate,-16.531196074005553,0.625,1,0,0.34588796132988975,0.8157381093688493,0.08333333333333333,2.0127,2.2354,0.0,17.7937,0.1536,22.1911
20260701,10.0,8,17,axiswise_candan_joint_ls,-16.531196074005553,0.625,1,0,nan,0.8157381093688493,0.08333333333333333,2.1929,2.3616,0.0,17.0855,0.0,21.3233
20260701,10.0,8,18,projection_energy_gate,-14.71647805827715,0.75,1,0,0.2974583172583219,0.8152606671445506,0.08333333333333333,2.3725,2.4316,0.0,17.534,0.1708,22.6282
20260701,10.0,8,18,stage1_projection_energy_gate,-14.71647805827715,0.75,1,0,0.2974583172583219,0.8152606671445506,0.08333333333333333,2.2563,2.224,0.0,17.5157,0.1373,22.7199
20260701,10.0,8,18,axiswise_candan_joint_ls,-14.71647805827715,0.75,1,0,nan,0.8152606671445506,0.08333333333333333,1.851,2.031,0.0,16.2333,0.0,20.2991
20260701,10.0,8,18,legacy_explicit_residual_gate,-14.71647805827715,0.75,1,0,nan,0.8152606671445506,0.08333333333333333,1.9579,2.393,16.7932,16.0876,0.7747,37.7572
20260701,10.0,8,19,stage1_projection_energy_gate,-27.448307184644637,0.75,1,0,0.18841371402166623,0.8131424918264492,0.041666666666666664,2.0,2.1941,0.0,16.6724,0.1335,21.0655
20260701,10.0,8,19,axiswise_candan_joint_ls,-27.448307184644637,0.75,1,0,nan,0.8131424918264492,0.041666666666666664,2.0955,2.362,0.0,16.603,0.0,21.1098
20260701,10.0,8,19,legacy_explicit_residual_gate,-27.448307184644637,0.75,1,0,nan,0.8131424918264492,0.041666666666666664,2.0333,2.1169,17.2181,16.2693,0.7753,37.9836
20260701,10.0,8,19,projection_energy_gate,-27.448307184644637,0.75,1,0,0.18841371402166623,0.8131424918264492,0.041666666666666664,2.0589,2.0374,0.0,17.0995,0.1267,21.1559
20260701,20.0,2,0,axiswise_candan_joint_ls,-57.59003140635827,1.0,1,0,nan,0.8166402913320138,0.0,1.8986,1.7213,0.0,3.9877,0.0,7.680899999999999
20260701,20.0,2,0,legacy_explicit_residual_gate,-57.59003140635827,1.0,1,0,nan,0.8166402913320138,0.0,2.2056,1.8774,3.8407,3.8597,0.7458,12.495000000000001
20260701,20.0,2,0,projection_energy_gate,-57.59003140635827,1.0,1,0,0.4054841046048443,0.8166402913320138,0.0,1.9365,2.0918,0.0,4.108,0.1436,8.185400000000001
20260701,20.0,2,0,stage1_projection_energy_gate,-57.59003140635827,1.0,1,0,0.4054841046048443,0.8166402913320138,0.0,1.9014,1.9924,0.0,3.9743,0.1429,8.261
20260701,20.0,2,1,legacy_explicit_residual_gate,-56.1302286262092,1.0,1,0,nan,0.8169255082018888,0.0,2.0371,2.0116,4.0999,4.0136,0.6846,12.7274
20260701,20.0,2,1,projection_energy_gate,-56.1302286262092,1.0,1,0,0.3320028691236201,0.8169255082018888,0.0,2.2803,2.2075,0.0,4.3203,0.2109,9.2347
20260701,20.0,2,1,stage1_projection_energy_gate,-56.1302286262092,1.0,1,0,0.3320028691236201,0.8169255082018888,0.0,2.1338,1.94,0.0,4.0271,0.1665,8.3405
20260701,20.0,2,1,axiswise_candan_joint_ls,-56.1302286262092,1.0,1,0,nan,0.8169255082018888,0.0,2.2918,2.3396,0.0,4.4119,0.0,9.0398
20260701,20.0,2,2,projection_energy_gate,-60.92422527850669,1.0,1,0,0.4392526205210328,0.8217572834725252,0.0,2.2237,2.094,0.0,4.0561,0.1875,8.442200000000001
20260701,20.0,2,2,stage1_projection_energy_gate,-60.92422527850669,1.0,1,0,0.4392526205210328,0.8217572834725252,0.0,2.0975,1.9794,0.0,4.1333,0.1594,8.372900000000001
20260701,20.0,2,2,axiswise_candan_joint_ls,-60.92422527850669,1.0,1,0,nan,0.8217572834725252,0.0,2.0188,2.0079,0.0,4.0628,0.0,8.271
20260701,20.0,2,2,legacy_explicit_residual_gate,-60.92422527850669,1.0,1,0,nan,0.8217572834725252,0.0,2.0228,2.0161,3.9864,4.2999,0.7983,13.182699999999999
20260701,20.0,2,3,stage1_projection_energy_gate,-59.043756945421855,1.0,1,0,0.2928525314566865,0.8200812974249385,0.0,2.2866,2.1325,0.0,4.3325,0.1745,9.1982
20260701,20.0,2,3,axiswise_candan_joint_ls,-59.043756945421855,1.0,1,0,nan,0.8200812974249385,0.0,2.2621,2.0004,0.0,4.1416,0.0,8.3778
20260701,20.0,2,3,legacy_explicit_residual_gate,-59.043756945421855,1.0,1,0,nan,0.8200812974249385,0.0,2.2064,2.0247,4.1446,4.5817,0.9145,14.085999999999999
20260701,20.0,2,3,projection_energy_gate,-59.043756945421855,1.0,1,0,0.2928525314566865,0.8200812974249385,0.0,2.08,2.0167,0.0,4.3153,0.188,8.522400000000001
20260701,20.0,2,4,axiswise_candan_joint_ls,-57.15773154670815,1.0,1,0,nan,0.81975304690409,0.0,2.1932,1.8164,0.0,4.0591,0.0,7.9073
20260701,20.0,2,4,legacy_explicit_residual_gate,-57.15773154670815,1.0,1,0,nan,0.81975304690409,0.0,2.2705,2.219,4.4502,4.431,0.9614,14.417300000000001
20260701,20.0,2,4,projection_energy_gate,-57.15773154670815,1.0,1,0,0.26718681284558465,0.81975304690409,0.0,2.1416,1.9725,0.0,4.091,0.1654,8.4053
20260701,20.0,2,4,stage1_projection_energy_gate,-57.15773154670815,1.0,1,0,0.26718681284558465,0.81975304690409,0.0,2.3189,2.111,0.0,4.3408,0.1513,8.8162
20260701,20.0,2,5,legacy_explicit_residual_gate,-56.41383606172775,1.0,1,0,nan,0.8264804606849884,0.0,2.3929,2.0449,4.392,4.0893,0.7237,14.032399999999999
20260701,20.0,2,5,projection_energy_gate,-56.41383606172775,1.0,1,0,0.4095406725778426,0.8264804606849884,0.0,1.8676,1.8664,0.0,4.121,0.1114,7.9367
20260701,20.0,2,5,stage1_projection_energy_gate,-56.41383606172775,1.0,1,0,0.4095406725778426,0.8264804606849884,0.0,2.0332,1.894,0.0,4.0507,0.1425,8.078899999999999
20260701,20.0,2,5,axiswise_candan_joint_ls,-56.41383606172775,1.0,1,0,nan,0.8264804606849884,0.0,2.1899,1.858,0.0,4.0724,0.0,8.2329
20260701,20.0,2,6,projection_energy_gate,-57.48783179739935,1.0,1,0,0.4605291841941341,0.819909908469814,0.0,2.0388,1.8676,0.0,4.4664,0.1382,8.367299999999998
20260701,20.0,2,6,stage1_projection_energy_gate,-57.48783179739935,1.0,1,0,0.4605291841941341,0.819909908469814,0.0,2.2361,1.9308,0.0,4.5434,0.1782,8.7075
20260701,20.0,2,6,axiswise_candan_joint_ls,-57.48783179739935,1.0,1,0,nan,0.819909908469814,0.0,2.3552,1.897,0.0,4.1587,0.0,8.469000000000001
20260701,20.0,2,6,legacy_explicit_residual_gate,-57.48783179739935,1.0,1,0,nan,0.819909908469814,0.0,2.0196,1.7473,4.0626,3.9975,0.8308,13.2053
20260701,20.0,2,7,stage1_projection_energy_gate,-53.88850425560574,1.0,1,0,0.29173361666158376,0.8368895671691945,0.0,2.2031,2.0884,0.0,4.1453,0.1626,8.6023
20260701,20.0,2,7,axiswise_candan_joint_ls,-53.88850425560574,1.0,1,0,nan,0.8368895671691945,0.0,2.1905,2.1617,0.0,4.1918,0.0,8.420200000000001
20260701,20.0,2,7,legacy_explicit_residual_gate,-53.88850425560574,1.0,1,0,nan,0.8368895671691945,0.0,2.2989,2.3582,4.5127,4.4633,0.9834,14.5644
20260701,20.0,2,7,projection_energy_gate,-53.88850425560574,1.0,1,0,0.29173361666158376,0.8368895671691945,0.0,2.0466,1.8956,0.0,4.2381,0.1895,8.265600000000001
20260701,20.0,2,8,axiswise_candan_joint_ls,-57.24583014010633,1.0,1,0,nan,0.8262594713396011,0.0,1.9687,2.0739,0.0,4.1362,0.0,8.0389
20260701,20.0,2,8,legacy_explicit_residual_gate,-57.24583014010633,1.0,1,0,nan,0.8262594713396011,0.0,2.0389,1.9307,4.0346,4.5566,0.8883,13.3693
20260701,20.0,2,8,projection_energy_gate,-57.24583014010633,1.0,1,0,0.3361957755276982,0.8262594713396011,0.0,2.005,2.0242,0.0,4.3651,0.1522,8.564200000000001
20260701,20.0,2,8,stage1_projection_energy_gate,-57.24583014010633,1.0,1,0,0.3361957755276982,0.8262594713396011,0.0,1.9612,1.8273,0.0,4.0938,0.1243,8.0167
20260701,20.0,2,9,legacy_explicit_residual_gate,-10.079706080061062,0.5,1,0,nan,0.81765348574638,0.16666666666666666,2.1692,2.3059,4.2648,4.2475,0.8621,13.849499999999997
20260701,20.0,2,9,projection_energy_gate,-10.079706080061062,0.5,1,0,0.21448181584167944,0.81765348574638,0.16666666666666666,2.1641,2.0675,0.0,4.0659,0.1544,8.397
20260701,20.0,2,9,stage1_projection_energy_gate,-10.079706080061062,0.5,1,0,0.21448181584167944,0.81765348574638,0.16666666666666666,1.8792,2.0891,0.0,3.9563,0.1124,8.04
20260701,20.0,2,9,axiswise_candan_joint_ls,-10.079706080061062,0.5,1,0,nan,0.81765348574638,0.16666666666666666,1.9046,1.8981,0.0,4.0345,0.0,7.6791
20260701,20.0,2,10,projection_energy_gate,-60.81687253918141,1.0,1,0,0.3324095069347865,0.8267595890302545,0.0,2.0602,1.7802,0.0,3.8148,0.1308,7.8012
20260701,20.0,2,10,stage1_projection_energy_gate,-60.81687253918141,1.0,1,0,0.3324095069347865,0.8267595890302545,0.0,2.2818,2.0054,0.0,4.286,0.2118,9.069700000000001
20260701,20.0,2,10,axiswise_candan_joint_ls,-60.81687253918141,1.0,1,0,nan,0.8267595890302545,0.0,1.8973,1.7598,0.0,3.8365,0.0,7.6775
20260701,20.0,2,10,legacy_explicit_residual_gate,-60.81687253918141,1.0,1,0,nan,0.8267595890302545,0.0,1.9718,1.832,3.9332,3.7939,0.7506,12.177
20260701,20.0,2,11,stage1_projection_energy_gate,-62.59073922118312,1.0,1,0,0.28740125549273826,0.8287448944846876,0.0,1.9914,1.9538,0.0,3.8222,0.1021,7.867900000000001
20260701,20.0,2,11,axiswise_candan_joint_ls,-62.59073922118312,1.0,1,0,nan,0.8287448944846876,0.0,1.9809,1.9811,0.0,4.1288,0.0,8.0908
20260701,20.0,2,11,legacy_explicit_residual_gate,-62.59073922118312,1.0,1,0,nan,0.8287448944846876,0.0,2.3664,2.0616,3.8262,3.9166,0.7775,12.902499999999998
20260701,20.0,2,11,projection_energy_gate,-62.59073922118312,1.0,1,0,0.28740125549273826,0.8287448944846876,0.0,1.9713,1.9074,0.0,4.2069,0.1188,8.2516
20260701,20.0,2,12,axiswise_candan_joint_ls,-57.08774707700098,1.0,1,0,nan,0.8188547118143212,0.0,1.9707,1.8692,0.0,3.9217,0.0,7.8918
20260701,20.0,2,12,legacy_explicit_residual_gate,-57.08774707700098,1.0,1,0,nan,0.8188547118143212,0.0,2.0507,1.8303,4.2981,4.1691,0.7145,13.193200000000001
20260701,20.0,2,12,projection_energy_gate,-57.08774707700098,1.0,1,0,0.20912086187316528,0.8188547118143212,0.0,1.9127,2.1014,0.0,4.0062,0.1141,8.1157
20260701,20.0,2,12,stage1_projection_energy_gate,-57.08774707700098,1.0,1,0,0.20912086187316528,0.8188547118143212,0.0,1.8941,1.9458,0.0,4.1135,0.1405,8.301
20260701,20.0,2,13,legacy_explicit_residual_gate,-58.12732338736528,1.0,1,0,nan,0.8294506945740614,0.0,2.2646,1.882,3.7864,3.7513,0.7175,12.246
20260701,20.0,2,13,projection_energy_gate,-58.12732338736528,1.0,1,0,0.17088001006656114,0.8294506945740614,0.0,1.9733,1.7885,0.0,4.0483,0.1284,7.9587
20260701,20.0,2,13,stage1_projection_energy_gate,-58.12732338736528,1.0,1,0,0.17088001006656114,0.8294506945740614,0.0,2.298,2.597,0.0,3.9854,0.1504,8.812800000000001
20260701,20.0,2,13,axiswise_candan_joint_ls,-58.12732338736528,1.0,1,0,nan,0.8294506945740614,0.0,2.0986,1.901,0.0,4.047,0.0,8.0466
20260701,20.0,2,14,projection_energy_gate,-58.565549193363616,1.0,1,0,0.31827180774756775,0.8316779657722798,0.0,2.1226,1.9133,0.0,4.08,0.1793,8.470799999999999
20260701,20.0,2,14,stage1_projection_energy_gate,-58.565549193363616,1.0,1,0,0.31827180774756775,0.8316779657722798,0.0,1.9466,1.8835,0.0,4.1386,0.1454,8.1361
20260701,20.0,2,14,axiswise_candan_joint_ls,-58.565549193363616,1.0,1,0,nan,0.8316779657722798,0.0,2.1119,1.8281,0.0,3.98,0.0,7.8729
20260701,20.0,2,14,legacy_explicit_residual_gate,-58.565549193363616,1.0,1,0,nan,0.8316779657722798,0.0,2.3159,1.9316,3.9428,3.9849,0.7314,12.8736
20260701,20.0,2,15,stage1_projection_energy_gate,-55.93738903156364,1.0,1,0,0.41521151780344456,0.815395063969144,0.0,1.8911,1.8402,0.0,3.9048,0.1143,7.7242999999999995
20260701,20.0,2,15,axiswise_candan_joint_ls,-55.93738903156364,1.0,1,0,nan,0.815395063969144,0.0,1.9547,1.9176,0.0,3.8263,0.0,7.8366999999999996
20260701,20.0,2,15,legacy_explicit_residual_gate,-55.93738903156364,1.0,1,0,nan,0.815395063969144,0.0,2.114,1.9189,3.8935,3.8978,0.7503,12.7333
20260701,20.0,2,15,projection_energy_gate,-55.93738903156364,1.0,1,0,0.41521151780344456,0.815395063969144,0.0,2.1371,1.7521,0.0,4.0909,0.1261,8.157599999999999
20260701,20.0,2,16,axiswise_candan_joint_ls,-11.65773440563282,0.5,1,0,nan,0.8367907587040075,0.16666666666666666,2.1801,1.7837,0.0,4.0524,0.0,7.9173
20260701,20.0,2,16,legacy_explicit_residual_gate,-11.65773440563282,0.5,1,0,nan,0.8367907587040075,0.16666666666666666,1.9556,2.1059,4.021,3.9664,0.6902,12.544599999999999
20260701,20.0,2,16,projection_energy_gate,-11.65773440563282,0.5,1,0,0.21990138018006025,0.8367907587040075,0.16666666666666666,1.9765,1.9209,0.0,4.1908,0.1443,8.2183
20260701,20.0,2,16,stage1_projection_energy_gate,-11.65773440563282,0.5,1,0,0.21990138018006025,0.8367907587040075,0.16666666666666666,1.9941,1.8123,0.0,3.8884,0.1031,7.7979
20260701,20.0,2,17,legacy_explicit_residual_gate,-59.15744228913212,1.0,1,0,nan,0.8191336022551486,0.0,2.2841,2.0207,4.24,4.1558,0.8076,13.4761
20260701,20.0,2,17,projection_energy_gate,-59.15744228913212,1.0,1,0,0.3705507180478839,0.8191336022551486,0.0,1.9596,1.9233,0.0,3.8549,0.0951,7.877800000000001
20260701,20.0,2,17,stage1_projection_energy_gate,-59.15744228913212,1.0,1,0,0.3705507180478839,0.8191336022551486,0.0,1.9762,2.0024,0.0,3.996,0.1681,8.286900000000001
20260701,20.0,2,17,axiswise_candan_joint_ls,-59.15744228913212,1.0,1,0,nan,0.8191336022551486,0.0,1.9981,1.8829,0.0,3.8135,0.0,7.7218
20260701,20.0,2,18,projection_energy_gate,-13.638770720421087,0.5,1,0,0.13236704616204212,0.8301429066333379,0.16666666666666666,2.1396,1.995,0.0,4.3931,0.1762,8.6561
20260701,20.0,2,18,stage1_projection_energy_gate,-13.638770720421087,0.5,1,0,0.13236704616204212,0.8301429066333379,0.16666666666666666,1.9598,1.8012,0.0,4.0086,0.1161,7.8507
20260701,20.0,2,18,axiswise_candan_joint_ls,-13.638770720421087,0.5,1,0,nan,0.8301429066333379,0.16666666666666666,2.069,1.8172,0.0,3.877,0.0,7.763199999999999
20260701,20.0,2,18,legacy_explicit_residual_gate,-13.638770720421087,0.5,1,0,nan,0.8301429066333379,0.16666666666666666,2.2572,2.0156,4.3849,4.089,0.7891,13.381
20260701,20.0,2,19,stage1_projection_energy_gate,-56.969896713998594,1.0,1,0,0.32660875075351553,0.8227797204893925,0.0,1.8879,1.8508,0.0,4.213,0.1072,8.0406
20260701,20.0,2,19,axiswise_candan_joint_ls,-56.969896713998594,1.0,1,0,nan,0.8227797204893925,0.0,1.9829,1.9344,0.0,4.1376,0.0,7.8436
20260701,20.0,2,19,legacy_explicit_residual_gate,-56.969896713998594,1.0,1,0,nan,0.8227797204893925,0.0,1.9833,1.861,3.7886,3.8914,0.6791,12.378
20260701,20.0,2,19,projection_energy_gate,-56.969896713998594,1.0,1,0,0.32660875075351553,0.8227797204893925,0.0,1.9839,2.0577,0.0,4.1606,0.1924,8.495000000000001
20260701,20.0,4,0,axiswise_candan_joint_ls,-21.887526050768837,0.75,1,0,nan,0.8119229248940547,0.08333333333333333,2.013,2.0004,0.0,7.546,0.0,11.4777
20260701,20.0,4,0,legacy_explicit_residual_gate,-21.887526050768837,0.75,1,0,nan,0.8119229248940547,0.08333333333333333,2.1197,2.0799,7.5365,7.5574,0.855,19.9795
20260701,20.0,4,0,projection_energy_gate,-21.887526050768837,0.75,1,0,0.47947345446008466,0.8119229248940547,0.08333333333333333,1.924,1.8962,0.0,7.3493,0.1723,11.3728
20260701,20.0,4,0,stage1_projection_energy_gate,-21.887526050768837,0.75,1,0,0.47947345446008466,0.8119229248940547,0.08333333333333333,2.0415,1.9303,0.0,8.1014,0.1904,12.2798
20260701,20.0,4,1,legacy_explicit_residual_gate,-14.187989792442533,0.5,1,0,nan,0.523287571403541,0.16666666666666666,2.0792,1.9469,7.4394,7.7584,0.8806,20.2909
20260701,20.0,4,1,projection_energy_gate,-14.187989792442533,0.5,1,0,0.1059831567607773,0.523287571403541,0.16666666666666666,2.0484,2.09,0.0,7.3887,0.1825,11.6048
20260701,20.0,4,1,stage1_projection_energy_gate,-14.187989792442533,0.5,1,0,0.1059831567607773,0.523287571403541,0.16666666666666666,2.0222,2.0041,0.0,7.8522,0.1661,11.9612
20260701,20.0,4,1,axiswise_candan_joint_ls,-14.187989792442533,0.5,1,0,nan,0.523287571403541,0.16666666666666666,2.1813,2.0647,0.0,7.3882,0.0,11.6842
20260701,20.0,4,2,projection_energy_gate,-24.3875859851576,0.75,1,0,0.2850516873599685,0.8226322477917369,0.08333333333333333,2.1956,2.0129,0.0,7.4895,0.1748,11.7174
20260701,20.0,4,2,stage1_projection_energy_gate,-24.3875859851576,0.75,1,0,0.2850516873599685,0.8226322477917369,0.08333333333333333,1.9899,1.9709,0.0,7.6941,0.2094,12.128400000000001
20260701,20.0,4,2,axiswise_candan_joint_ls,-24.3875859851576,0.75,1,0,nan,0.8226322477917369,0.08333333333333333,1.9535,1.8576,0.0,7.9488,0.0,12.0872
20260701,20.0,4,2,legacy_explicit_residual_gate,-24.3875859851576,0.75,1,0,nan,0.8226322477917369,0.08333333333333333,2.068,2.1166,7.5525,7.5344,0.7691,19.9765
20260701,20.0,4,3,stage1_projection_energy_gate,-57.12666974712556,1.0,1,0,0.20975467190179073,0.8174904974145872,0.0,1.9133,1.8475,0.0,7.3914,0.1599,11.4284
20260701,20.0,4,3,axiswise_candan_joint_ls,-57.12666974712556,1.0,1,0,nan,0.8174904974145872,0.0,1.9509,1.9978,0.0,7.2522,0.0,11.3226
20260701,20.0,4,3,legacy_explicit_residual_gate,-57.12666974712556,1.0,1,0,nan,0.8174904974145872,0.0,2.0621,1.8868,7.6742,7.5996,0.7154,19.726699999999997
20260701,20.0,4,3,projection_energy_gate,-57.12666974712556,1.0,1,0,0.20975467190179073,0.8174904974145872,0.0,1.8925,1.9923,0.0,7.5849,0.193,11.6805
20260701,20.0,4,4,axiswise_candan_joint_ls,-14.86137237154048,0.5,1,0,nan,0.8259080391160265,0.08333333333333333,1.9968,2.0968,0.0,8.0388,0.0,12.1903
20260701,20.0,4,4,legacy_explicit_residual_gate,-14.86137237154048,0.5,1,0,nan,0.8259080391160265,0.08333333333333333,2.1014,2.0005,7.5391,7.7876,0.7378,20.365800000000004
20260701,20.0,4,4,projection_energy_gate,-14.86137237154048,0.5,1,0,0.14300321806581312,0.8259080391160265,0.08333333333333333,1.8586,1.8468,0.0,7.3407,0.1464,11.4245
20260701,20.0,4,4,stage1_projection_energy_gate,-14.86137237154048,0.5,1,0,0.14300321806581312,0.8259080391160265,0.08333333333333333,1.9184,1.9033,0.0,7.1935,0.195,11.349499999999999
20260701,20.0,4,5,legacy_explicit_residual_gate,-16.426606214900403,0.75,1,0,nan,0.8236588691213586,0.08333333333333333,2.1518,1.8872,7.5506,7.843,0.743,20.4259
20260701,20.0,4,5,projection_energy_gate,-16.426606214900403,0.75,1,0,0.24482714915537496,0.8236588691213586,0.08333333333333333,2.0435,1.8564,0.0,7.3806,0.1858,11.772699999999999
20260701,20.0,4,5,stage1_projection_energy_gate,-16.426606214900403,0.75,1,0,0.24482714915537496,0.8236588691213586,0.08333333333333333,2.1777,2.1249,0.0,7.6529,0.187,12.154200000000001
20260701,20.0,4,5,axiswise_candan_joint_ls,-16.426606214900403,0.75,1,0,nan,0.8236588691213586,0.08333333333333333,1.9192,1.8596,0.0,7.7225,0.0,11.4946
20260701,20.0,4,6,projection_energy_gate,-12.023248885622165,0.75,1,0,0.22124175539277707,0.8159391753962453,0.08333333333333333,1.9809,1.9064,0.0,7.7922,0.1445,11.9348
20260701,20.0,4,6,stage1_projection_energy_gate,-12.023248885622165,0.75,1,0,0.22124175539277707,0.8159391753962453,0.08333333333333333,2.2221,1.9477,0.0,7.7498,0.1933,12.1536
20260701,20.0,4,6,axiswise_candan_joint_ls,-12.023248885622165,0.75,1,0,nan,0.8159391753962453,0.08333333333333333,1.9288,1.8978,0.0,7.4152,0.0,11.3352
20260701,20.0,4,6,legacy_explicit_residual_gate,-12.023248885622165,0.75,1,0,nan,0.8159391753962453,0.08333333333333333,1.9583,1.9375,7.584,7.3361,0.7702,19.714499999999997
20260701,20.0,4,7,stage1_projection_energy_gate,-58.41567831393043,1.0,1,0,0.2510516888950129,0.8203392177301758,0.0,2.0957,2.0537,0.0,7.3481,0.177,11.586699999999999
20260701,20.0,4,7,axiswise_candan_joint_ls,-58.41567831393043,1.0,1,0,nan,0.8203392177301758,0.0,1.9153,1.9966,0.0,7.8801,0.0,11.7692
20260701,20.0,4,7,legacy_explicit_residual_gate,-58.41567831393043,1.0,1,0,nan,0.8203392177301758,0.0,2.03,1.9309,7.246,7.8859,0.7262,19.8741
20260701,20.0,4,7,projection_energy_gate,-58.41567831393043,1.0,1,0,0.2510516888950129,0.8203392177301758,0.0,2.2268,2.2511,0.0,7.3434,0.1833,11.9744
20260701,20.0,4,8,axiswise_candan_joint_ls,-15.49899954062308,0.75,1,0,nan,0.8142294670840551,0.08333333333333333,2.1793,2.0178,0.0,7.8113,0.0,12.0839
20260701,20.0,4,8,legacy_explicit_residual_gate,-15.49899954062308,0.75,1,0,nan,0.8142294670840551,0.08333333333333333,2.2289,1.9562,7.7078,7.3496,0.8064,19.8064
20260701,20.0,4,8,projection_energy_gate,-15.49899954062308,0.75,1,0,0.27821754818542954,0.8142294670840551,0.08333333333333333,2.0542,1.929,0.0,7.629,0.209,11.797799999999999
20260701,20.0,4,8,stage1_projection_energy_gate,-15.49899954062308,0.75,1,0,0.27821754818542954,0.8142294670840551,0.08333333333333333,1.7771,1.9249,0.0,7.8501,0.1635,11.4547
20260701,20.0,4,9,legacy_explicit_residual_gate,-55.193652649771046,1.0,1,0,nan,0.823996045644749,0.0,2.1474,2.0272,7.4931,7.5043,0.7066,20.0086
20260701,20.0,4,9,projection_energy_gate,-55.193652649771046,1.0,1,0,0.19406140527757246,0.823996045644749,0.0,1.9727,1.935,0.0,7.717,0.157,11.9349
20260701,20.0,4,9,stage1_projection_energy_gate,-55.193652649771046,1.0,1,0,0.19406140527757246,0.823996045644749,0.0,1.9591,1.9255,0.0,7.6297,0.1547,11.752799999999999
20260701,20.0,4,9,axiswise_candan_joint_ls,-55.193652649771046,1.0,1,0,nan,0.823996045644749,0.0,2.0735,2.0095,0.0,7.6712,0.0,11.5815
20260701,20.0,4,10,projection_energy_gate,-27.18965875604727,1.0,1,0,0.25113884213479015,0.818350566380611,0.0,2.1301,2.1596,0.0,7.9757,0.198,12.452300000000001
20260701,20.0,4,10,stage1_projection_energy_gate,-27.18965875604727,1.0,1,0,0.25113884213479015,0.818350566380611,0.0,1.9218,1.9557,0.0,7.4986,0.1819,11.7775
20260701,20.0,4,10,axiswise_candan_joint_ls,-27.18965875604727,1.0,1,0,nan,0.818350566380611,0.0,1.8724,1.8877,0.0,7.4737,0.0,11.1532
20260701,20.0,4,10,legacy_explicit_residual_gate,-27.18965875604727,1.0,1,0,nan,0.818350566380611,0.0,2.0044,1.9528,7.8098,7.6402,0.8284,20.2064
20260701,20.0,4,11,stage1_projection_energy_gate,-55.083687130169345,1.0,1,0,0.2871221474811596,0.8265762315347088,0.0,1.9429,1.8015,0.0,7.7921,0.1809,11.700099999999999
20260701,20.0,4,11,axiswise_candan_joint_ls,-55.083687130169345,1.0,1,0,nan,0.8265762315347088,0.0,2.0919,2.0416,0.0,7.5745,0.0,11.613900000000001
20260701,20.0,4,11,legacy_explicit_residual_gate,-55.083687130169345,1.0,1,0,nan,0.8265762315347088,0.0,2.1923,2.0182,7.5913,7.4651,0.735,19.6561
20260701,20.0,4,11,projection_energy_gate,-55.083687130169345,1.0,1,0,0.2871221474811596,0.8265762315347088,0.0,1.943,1.8843,0.0,7.2933,0.1745,11.370399999999998
20260701,20.0,4,12,axiswise_candan_joint_ls,-23.240624240753156,0.75,1,0,nan,0.8180052813561671,0.08333333333333333,2.0094,1.9862,0.0,8.0397,0.0,12.0353
20260701,20.0,4,12,legacy_explicit_residual_gate,-23.240624240753156,0.75,1,0,nan,0.8180052813561671,0.08333333333333333,2.0906,2.0808,7.9169,7.4609,1.0025,20.9079
20260701,20.0,4,12,projection_energy_gate,-23.240624240753156,0.75,1,0,0.25566186903324783,0.8180052813561671,0.08333333333333333,2.3471,2.3723,0.0,8.3822,0.2023,13.1463
20260701,20.0,4,12,stage1_projection_energy_gate,-23.240624240753156,0.75,1,0,0.25566186903324783,0.8180052813561671,0.08333333333333333,2.0476,1.8811,0.0,8.0482,0.2003,12.177200000000001
20260701,20.0,4,13,legacy_explicit_residual_gate,-13.319215055589638,0.75,1,0,nan,0.8224450031952536,0.08333333333333333,2.2585,1.9823,7.4981,7.6887,0.7501,20.197300000000002
20260701,20.0,4,13,projection_energy_gate,-13.319215055589638,0.75,1,0,0.357497192280598,0.8224450031952536,0.08333333333333333,1.8987,1.8585,0.0,7.6648,0.1541,11.5958
20260701,20.0,4,13,stage1_projection_energy_gate,-13.319215055589638,0.75,1,0,0.357497192280598,0.8224450031952536,0.08333333333333333,2.0613,1.9528,0.0,7.5373,0.2337,11.6924
20260701,20.0,4,13,axiswise_candan_joint_ls,-13.319215055589638,0.75,1,0,nan,0.8224450031952536,0.08333333333333333,2.1478,2.2086,0.0,7.535,0.0,11.7058
20260701,20.0,4,14,projection_energy_gate,-14.412913543774932,0.75,1,0,0.25098912132865314,0.8228146210011202,0.08333333333333333,1.9245,2.107,0.0,7.5767,0.1562,11.6201
20260701,20.0,4,14,stage1_projection_energy_gate,-14.412913543774932,0.75,1,0,0.25098912132865314,0.8228146210011202,0.08333333333333333,1.9234,1.8799,0.0,7.4014,0.173,11.353
20260701,20.0,4,14,axiswise_candan_joint_ls,-14.412913543774932,0.75,1,0,nan,0.8228146210011202,0.08333333333333333,2.0697,1.9979,0.0,7.5576,0.0,11.795200000000001
20260701,20.0,4,14,legacy_explicit_residual_gate,-14.412913543774932,0.75,1,0,nan,0.8228146210011202,0.08333333333333333,2.2219,2.0157,7.5931,7.6869,0.8458,20.5822
20260701,20.0,4,15,stage1_projection_energy_gate,-56.877264814289255,1.0,1,0,0.23394202702714362,0.8145241533609596,0.0,1.8784,1.7336,0.0,7.9424,0.1493,11.878699999999998
20260701,20.0,4,15,axiswise_candan_joint_ls,-56.877264814289255,1.0,1,0,nan,0.8145241533609596,0.0,2.0,2.1845,0.0,7.6247,0.0,11.6959
20260701,20.0,4,15,legacy_explicit_residual_gate,-56.877264814289255,1.0,1,0,nan,0.8145241533609596,0.0,2.0004,1.9052,8.0881,7.6084,0.8312,20.398799999999998
20260701,20.0,4,15,projection_energy_gate,-56.877264814289255,1.0,1,0,0.23394202702714362,0.8145241533609596,0.0,1.9988,2.0867,0.0,7.7638,0.175,12.058
20260701,20.0,4,16,axiswise_candan_joint_ls,-14.432495771203207,0.75,1,0,nan,0.8197416089793904,0.08333333333333333,1.8766,2.1511,0.0,7.4697,0.0,11.5476
20260701,20.0,4,16,legacy_explicit_residual_gate,-14.432495771203207,0.75,1,0,nan,0.8197416089793904,0.08333333333333333,2.2386,1.9521,7.8616,7.7178,0.7254,20.4178
20260701,20.0,4,16,projection_energy_gate,-14.432495771203207,0.75,1,0,0.22544836906198223,0.8197416089793904,0.08333333333333333,2.079,1.9985,0.0,7.8998,0.1398,11.871
20260701,20.0,4,16,stage1_projection_energy_gate,-14.432495771203207,0.75,1,0,0.22544836906198223,0.8197416089793904,0.08333333333333333,2.1056,1.9595,0.0,7.7376,0.1987,11.7748
20260701,20.0,4,17,legacy_explicit_residual_gate,-15.391348313940568,0.75,1,0,nan,0.8199536097009342,0.08333333333333333,2.0581,2.0694,8.3055,7.6075,0.8527,21.5676
20260701,20.0,4,17,projection_energy_gate,-15.391348313940568,0.75,1,0,0.2440124927408515,0.8199536097009342,0.08333333333333333,2.0032,1.91,0.0,7.8488,0.1694,11.8614
20260701,20.0,4,17,stage1_projection_energy_gate,-15.391348313940568,0.75,1,0,0.2440124927408515,0.8199536097009342,0.08333333333333333,2.1853,2.1321,0.0,7.4622,0.1966,11.830199999999998
20260701,20.0,4,17,axiswise_candan_joint_ls,-15.391348313940568,0.75,1,0,nan,0.8199536097009342,0.08333333333333333,1.8509,2.0087,0.0,7.3809,0.0,11.2989
20260701,20.0,4,18,projection_energy_gate,-55.125709657040964,1.0,1,0,0.19085279608584027,0.8279236250690287,0.0,1.9629,1.9529,0.0,7.6782,0.185,11.7976
20260701,20.0,4,18,stage1_projection_energy_gate,-55.125709657040964,1.0,1,0,0.19085279608584027,0.8279236250690287,0.0,1.9334,1.9036,0.0,7.4853,0.1372,11.6137
20260701,20.0,4,18,axiswise_candan_joint_ls,-55.125709657040964,1.0,1,0,nan,0.8279236250690287,0.0,2.0643,1.9399,0.0,7.5069,0.0,11.511099999999999
20260701,20.0,4,18,legacy_explicit_residual_gate,-55.125709657040964,1.0,1,0,nan,0.8279236250690287,0.0,2.0374,1.8927,7.7035,7.6054,0.8558,20.0214
20260701,20.0,4,19,stage1_projection_energy_gate,-55.59666769254504,1.0,1,0,0.3159030106910906,0.8142091967982172,0.0,2.1491,1.9837,0.0,7.4177,0.1867,11.7188
20260701,20.0,4,19,axiswise_candan_joint_ls,-55.59666769254504,1.0,1,0,nan,0.8142091967982172,0.0,2.0066,2.1072,0.0,7.6521,0.0,11.7647
20260701,20.0,4,19,legacy_explicit_residual_gate,-55.59666769254504,1.0,1,0,nan,0.8142091967982172,0.0,2.0416,1.9435,7.5174,7.5221,0.6722,19.9098
20260701,20.0,4,19,projection_energy_gate,-55.59666769254504,1.0,1,0,0.3159030106910906,0.8142091967982172,0.0,1.9702,1.9699,0.0,7.3995,0.1631,11.6703
20260701,20.0,8,0,axiswise_candan_joint_ls,-52.29851397189673,1.0,1,0,nan,0.8185371022926007,0.0,1.9557,2.0776,0.0,16.3556,0.0,20.031599999999997
20260701,20.0,8,0,legacy_explicit_residual_gate,-52.29851397189673,1.0,1,0,nan,0.8185371022926007,0.0,2.0536,2.2166,16.8409,17.4469,0.7553,39.164899999999996
20260701,20.0,8,0,projection_energy_gate,-52.29851397189673,1.0,1,0,0.2490128681957065,0.8185371022926007,0.0,2.1087,2.3671,0.0,17.333,0.2211,22.728199999999998
20260701,20.0,8,0,stage1_projection_energy_gate,-52.29851397189673,1.0,1,0,0.2490128681957065,0.8185371022926007,0.0,2.1446,2.2194,0.0,16.5399,0.1494,21.4298
20260701,20.0,8,1,legacy_explicit_residual_gate,-14.840070871773088,0.875,1,0,nan,0.8248594618159828,0.041666666666666664,1.8856,1.9737,15.7346,16.8242,1.0349,36.734100000000005
20260701,20.0,8,1,projection_energy_gate,-14.840070871773088,0.875,1,0,0.16882388396053638,0.8248594618159828,0.041666666666666664,2.147,1.9603,0.0,16.0252,0.1469,20.544900000000002
20260701,20.0,8,1,stage1_projection_energy_gate,-14.840070871773088,0.875,1,0,0.16882388396053638,0.8248594618159828,0.041666666666666664,2.0457,2.0689,0.0,16.6518,0.1315,21.089100000000002
20260701,20.0,8,1,axiswise_candan_joint_ls,-14.840070871773088,0.875,1,0,nan,0.8248594618159828,0.041666666666666664,1.9844,2.0204,0.0,16.2056,0.0,20.0178
20260701,20.0,8,2,projection_energy_gate,-15.897619074151628,0.625,1,0,0.2666328080046188,0.819825760132037,0.08333333333333333,2.0185,2.2101,0.0,17.1449,0.1354,21.4572
20260701,20.0,8,2,stage1_projection_energy_gate,-15.897619074151628,0.625,1,0,0.2666328080046188,0.819825760132037,0.08333333333333333,2.031,2.0527,0.0,16.5568,0.1345,20.7459
20260701,20.0,8,2,axiswise_candan_joint_ls,-15.897619074151628,0.625,1,0,nan,0.819825760132037,0.08333333333333333,2.1214,2.3084,0.0,16.4804,0.0,20.9102
20260701,20.0,8,2,legacy_explicit_residual_gate,-15.897619074151628,0.625,1,0,nan,0.819825760132037,0.08333333333333333,2.151,2.2434,16.4082,17.6081,0.7696,39.165600000000005
20260701,20.0,8,3,stage1_projection_energy_gate,-12.70125700270492,0.5,1,0,0.3003512704205667,0.8173031157629674,0.125,2.098,2.0929,0.0,16.528,0.185,20.8063
20260701,20.0,8,3,axiswise_candan_joint_ls,-12.70125700270492,0.5,1,0,nan,0.8173031157629674,0.125,2.2927,2.3457,0.0,16.8159,0.0,21.3337
20260701,20.0,8,3,legacy_explicit_residual_gate,-12.70125700270492,0.5,1,0,nan,0.8173031157629674,0.125,2.0193,2.0026,16.9723,16.7411,0.8119,38.5845
20260701,20.0,8,3,projection_energy_gate,-12.70125700270492,0.5,1,0,0.3003512704205667,0.8173031157629674,0.125,2.027,2.135,0.0,16.4958,0.1381,20.739600000000003
20260701,20.0,8,4,axiswise_candan_joint_ls,-17.634359379554112,0.75,1,0,nan,0.8158495009240195,0.041666666666666664,1.9503,2.0085,0.0,17.2464,0.0,21.7311
20260701,20.0,8,4,legacy_explicit_residual_gate,-17.634359379554112,0.75,1,0,nan,0.8158495009240195,0.041666666666666664,2.0602,2.0518,15.7547,16.8707,0.7559,37.38849999999999
20260701,20.0,8,4,projection_energy_gate,-17.634359379554112,0.75,1,0,0.2555903014745864,0.8158495009240195,0.041666666666666664,2.1489,2.1474,0.0,16.7855,0.1587,21.0551
20260701,20.0,8,4,stage1_projection_energy_gate,-17.634359379554112,0.75,1,0,0.2555903014745864,0.8158495009240195,0.041666666666666664,1.9443,2.1141,0.0,16.0877,0.1396,20.398299999999995
20260701,20.0,8,5,legacy_explicit_residual_gate,-14.623316701712902,0.75,1,0,nan,0.8146917706471811,0.041666666666666664,2.0395,2.0708,17.8026,16.8028,0.7131,38.953100000000006
20260701,20.0,8,5,projection_energy_gate,-14.623316701712902,0.75,1,0,0.2737270405931633,0.8146917706471811,0.041666666666666664,2.0141,2.2413,0.0,16.1059,0.1437,20.8617
20260701,20.0,8,5,stage1_projection_energy_gate,-14.623316701712902,0.75,1,0,0.2737270405931633,0.8146917706471811,0.041666666666666664,1.9369,2.0302,0.0,16.7392,0.1525,21.106499999999997
20260701,20.0,8,5,axiswise_candan_joint_ls,-14.623316701712902,0.75,1,0,nan,0.8146917706471811,0.041666666666666664,1.9109,2.0837,0.0,16.3236,0.0,20.2425
20260701,20.0,8,6,projection_energy_gate,-17.152861881103,0.875,1,0,0.23647917970887686,0.8147843716003382,0.041666666666666664,1.9354,2.0613,0.0,16.0547,0.1302,20.177
20260701,20.0,8,6,stage1_projection_energy_gate,-17.152861881103,0.875,1,0,0.23647917970887686,0.8147843716003382,0.041666666666666664,1.9642,2.1088,0.0,16.1137,0.1563,21.046400000000002
20260701,20.0,8,6,axiswise_candan_joint_ls,-17.152861881103,0.875,1,0,nan,0.8147843716003382,0.041666666666666664,2.0554,2.2638,0.0,16.7188,0.0,21.1229
20260701,20.0,8,6,legacy_explicit_residual_gate,-17.152861881103,0.875,1,0,nan,0.8147843716003382,0.041666666666666664,2.2384,2.198,15.9424,16.873,0.8429,38.5023
20260701,20.0,8,7,stage1_projection_energy_gate,-15.672282306390644,0.875,1,0,0.31745652041157724,0.8143101871131152,0.041666666666666664,1.9997,2.1266,0.0,16.5901,0.1444,20.9414
20260701,20.0,8,7,axiswise_candan_joint_ls,-15.672282306390644,0.875,1,0,nan,0.8143101871131152,0.041666666666666664,1.9374,2.0263,0.0,16.654,0.0,20.7548
20260701,20.0,8,7,legacy_explicit_residual_gate,-15.672282306390644,0.875,1,0,nan,0.8143101871131152,0.041666666666666664,2.0636,2.1984,17.0746,16.6663,0.9736,39.0844
20260701,20.0,8,7,projection_energy_gate,-15.672282306390644,0.875,1,0,0.31745652041157724,0.8143101871131152,0.041666666666666664,2.037,2.0479,0.0,16.9366,0.204,21.219299999999997
20260701,20.0,8,8,axiswise_candan_joint_ls,-15.266476222353143,0.75,1,0,nan,0.8173922094913537,0.08333333333333333,2.1453,2.0848,0.0,17.0067,0.0,21.251199999999997
20260701,20.0,8,8,legacy_explicit_residual_gate,-15.266476222353143,0.75,1,0,nan,0.8173922094913537,0.08333333333333333,2.1445,2.1128,16.5302,16.9671,0.891,38.64939999999999
20260701,20.0,8,8,projection_energy_gate,-15.266476222353143,0.75,1,0,0.21010427276594906,0.8173922094913537,0.08333333333333333,1.9656,2.0345,0.0,16.9498,0.1319,21.041700000000002
20260701,20.0,8,8,stage1_projection_energy_gate,-15.266476222353143,0.75,1,0,0.21010427276594906,0.8173922094913537,0.08333333333333333,2.1111,2.0822,0.0,15.7442,0.1333,20.0919
20260701,20.0,8,9,legacy_explicit_residual_gate,-48.63902362776354,1.0,1,0,nan,0.8158319806549392,0.0,1.9687,2.2491,17.0143,17.4048,0.7998,38.9548
20260701,20.0,8,9,projection_energy_gate,-48.63902362776354,1.0,1,0,0.25598571412334425,0.8158319806549392,0.0,2.1444,2.1086,0.0,16.6958,0.1406,21.3361
20260701,20.0,8,9,stage1_projection_energy_gate,-48.63902362776354,1.0,1,0,0.25598571412334425,0.8158319806549392,0.0,1.9763,2.0241,0.0,16.8495,0.1357,21.129099999999998
20260701,20.0,8,9,axiswise_candan_joint_ls,-48.63902362776354,1.0,1,0,nan,0.8158319806549392,0.0,2.0396,2.0339,0.0,16.1654,0.0,20.1626
20260701,20.0,8,10,projection_energy_gate,-13.572750706719328,0.875,1,0,0.2171729603882537,0.8233437663992037,0.041666666666666664,1.9122,1.9932,0.0,16.9271,0.142,20.922099999999997
20260701,20.0,8,10,stage1_projection_energy_gate,-13.572750706719328,0.875,1,0,0.2171729603882537,0.8233437663992037,0.041666666666666664,1.9635,2.2935,0.0,16.3525,0.192,20.9788
20260701,20.0,8,10,axiswise_candan_joint_ls,-13.572750706719328,0.875,1,0,nan,0.8233437663992037,0.041666666666666664,1.9379,2.0055,0.0,16.8257,0.0,20.928400000000003
20260701,20.0,8,10,legacy_explicit_residual_gate,-13.572750706719328,0.875,1,0,nan,0.8233437663992037,0.041666666666666664,2.0558,2.1736,17.071,17.4052,0.9359,39.8919
20260701,20.0,8,11,stage1_projection_energy_gate,-21.877032553785675,0.625,1,0,0.24887120939860302,0.8175721580877731,0.08333333333333333,1.9554,2.1676,0.0,16.1825,0.147,20.5396
20260701,20.0,8,11,axiswise_candan_joint_ls,-21.877032553785675,0.625,1,0,nan,0.8175721580877731,0.08333333333333333,1.8518,2.0401,0.0,16.6227,0.0,20.8543
20260701,20.0,8,11,legacy_explicit_residual_gate,-21.877032553785675,0.625,1,0,nan,0.8175721580877731,0.08333333333333333,2.2209,2.1065,16.9201,17.0593,0.8687,40.0838
20260701,20.0,8,11,projection_energy_gate,-21.877032553785675,0.625,1,0,0.24887120939860302,0.8175721580877731,0.08333333333333333,1.9602,2.0289,0.0,15.9324,0.1572,20.066
20260701,20.0,8,12,axiswise_candan_joint_ls,-13.804286843833253,0.5,1,0,nan,0.813623409370641,0.08333333333333333,2.0827,1.9283,0.0,17.7443,0.0,21.7869
20260701,20.0,8,12,legacy_explicit_residual_gate,-13.804286843833253,0.5,1,0,nan,0.813623409370641,0.08333333333333333,2.0649,1.9984,16.665,15.7134,0.7107,37.547900000000006
20260701,20.0,8,12,projection_energy_gate,-13.804286843833253,0.5,1,0,0.2140926384833767,0.813623409370641,0.08333333333333333,2.1233,2.1845,0.0,15.8577,0.155,20.6048
20260701,20.0,8,12,stage1_projection_energy_gate,-13.804286843833253,0.5,1,0,0.2140926384833767,0.813623409370641,0.08333333333333333,2.234,2.2402,0.0,17.3913,0.2192,21.9431
20260701,20.0,8,13,legacy_explicit_residual_gate,-17.76970286501152,0.875,1,0,nan,0.820496193078042,0.041666666666666664,1.9225,2.1332,16.4153,16.7404,0.8638,37.49999999999999
20260701,20.0,8,13,projection_energy_gate,-17.76970286501152,0.875,1,0,0.1725331076498889,0.820496193078042,0.041666666666666664,2.1442,2.1861,0.0,16.1788,0.1444,20.7614
20260701,20.0,8,13,stage1_projection_energy_gate,-17.76970286501152,0.875,1,0,0.1725331076498889,0.820496193078042,0.041666666666666664,2.1338,2.1424,0.0,16.4977,0.1539,20.944
20260701,20.0,8,13,axiswise_candan_joint_ls,-17.76970286501152,0.875,1,0,nan,0.820496193078042,0.041666666666666664,1.8489,1.9792,0.0,15.4904,0.0,19.3814
20260701,20.0,8,14,projection_energy_gate,-12.565142956445603,0.5,1,0,0.26021274170572634,0.8164820261951908,0.125,2.1197,2.2812,0.0,16.4726,0.1383,20.9007
20260701,20.0,8,14,stage1_projection_energy_gate,-12.565142956445603,0.5,1,0,0.26021274170572634,0.8164820261951908,0.125,1.9577,1.9882,0.0,16.0761,0.1558,20.4726
20260701,20.0,8,14,axiswise_candan_joint_ls,-12.565142956445603,0.5,1,0,nan,0.8164820261951908,0.125,2.0702,2.0866,0.0,16.3467,0.0,20.1803
20260701,20.0,8,14,legacy_explicit_residual_gate,-12.565142956445603,0.5,1,0,nan,0.8164820261951908,0.125,2.0841,2.189,15.7889,17.3068,0.8064,38.6531
20260701,20.0,8,15,stage1_projection_energy_gate,-14.275874596951738,0.75,1,0,0.3182416851364858,0.8146087726872447,0.08333333333333333,1.9792,2.1547,0.0,16.9253,0.1169,20.979
20260701,20.0,8,15,axiswise_candan_joint_ls,-14.275874596951738,0.75,1,0,nan,0.8146087726872447,0.08333333333333333,1.8807,1.9648,0.0,16.0238,0.0,20.1294
20260701,20.0,8,15,legacy_explicit_residual_gate,-14.275874596951738,0.75,1,0,nan,0.8146087726872447,0.08333333333333333,2.0748,2.0496,17.3244,16.0867,0.7346,38.2226
20260701,20.0,8,15,projection_energy_gate,-14.275874596951738,0.75,1,0,0.3182416851364858,0.8146087726872447,0.08333333333333333,2.1647,2.1376,0.0,16.9045,0.1966,21.4447
20260701,20.0,8,16,axiswise_candan_joint_ls,-14.156688809695275,0.75,1,0,nan,0.8166008451272282,0.08333333333333333,1.9136,2.0498,0.0,17.5899,0.0,21.5533
20260701,20.0,8,16,legacy_explicit_residual_gate,-14.156688809695275,0.75,1,0,nan,0.8166008451272282,0.08333333333333333,2.1565,2.0733,17.5022,18.1446,0.9095,40.3455
20260701,20.0,8,16,projection_energy_gate,-14.156688809695275,0.75,1,0,0.3279620051047758,0.8166008451272282,0.08333333333333333,1.8806,2.0386,0.0,15.3821,0.2048,19.4213
20260701,20.0,8,16,stage1_projection_energy_gate,-14.156688809695275,0.75,1,0,0.3279620051047758,0.8166008451272282,0.08333333333333333,1.9496,2.0557,0.0,15.8528,0.1551,20.0093
20260701,20.0,8,17,legacy_explicit_residual_gate,-10.631555643651868,0.625,1,0,nan,0.8179357556292647,0.08333333333333333,2.1263,2.1447,15.7475,16.2367,0.8899,36.739799999999995
20260701,20.0,8,17,projection_energy_gate,-10.631555643651868,0.625,1,0,0.24933110091986138,0.8179357556292647,0.08333333333333333,1.9466,2.1442,0.0,16.267,0.1576,20.574399999999997
20260701,20.0,8,17,stage1_projection_energy_gate,-10.631555643651868,0.625,1,0,0.24933110091986138,0.8179357556292647,0.08333333333333333,1.8438,1.9312,0.0,15.258,0.1487,19.238300000000002
20260701,20.0,8,17,axiswise_candan_joint_ls,-10.631555643651868,0.625,1,0,nan,0.8179357556292647,0.08333333333333333,1.862,1.9376,0.0,14.7864,0.0,18.5338
20260701,20.0,8,18,projection_energy_gate,-19.255937231523067,0.875,1,0,0.19762325997606808,0.814802368182059,0.041666666666666664,1.821,1.9329,0.0,15.5195,0.1445,19.387800000000002
20260701,20.0,8,18,stage1_projection_energy_gate,-19.255937231523067,0.875,1,0,0.19762325997606808,0.814802368182059,0.041666666666666664,1.8598,2.0295,0.0,14.7095,0.1357,18.8083
20260701,20.0,8,18,axiswise_candan_joint_ls,-19.255937231523067,0.875,1,0,nan,0.814802368182059,0.041666666666666664,1.8243,1.9052,0.0,15.3774,0.0,19.1255
20260701,20.0,8,18,legacy_explicit_residual_gate,-19.255937231523067,0.875,1,0,nan,0.814802368182059,0.041666666666666664,1.9529,1.954,14.9446,14.9589,0.665,34.5351
20260701,20.0,8,19,stage1_projection_energy_gate,-15.199056741557824,0.875,1,0,0.2270500002560685,0.8148713928237852,0.041666666666666664,1.9045,2.0111,0.0,15.4464,0.1491,19.555200000000003
20260701,20.0,8,19,axiswise_candan_joint_ls,-15.199056741557824,0.875,1,0,nan,0.8148713928237852,0.041666666666666664,1.9455,2.0433,0.0,15.5676,0.0,20.1808
20260701,20.0,8,19,legacy_explicit_residual_gate,-15.199056741557824,0.875,1,0,nan,0.8148713928237852,0.041666666666666664,2.1554,2.0809,17.0168,16.2741,0.8244,38.1225
20260701,20.0,8,19,projection_energy_gate,-15.199056741557824,0.875,1,0,0.2270500002560685,0.8148713928237852,0.041666666666666664,1.9168,1.9531,0.0,15.3037,0.1432,19.2285
20260701,30.0,2,0,axiswise_candan_joint_ls,-68.62420472970858,1.0,1,0,nan,0.8333605640522231,0.0,1.9003,1.8144,0.0,3.8544,0.0,7.5489
20260701,30.0,2,0,legacy_explicit_residual_gate,-68.62420472970858,1.0,1,0,nan,0.8333605640522231,0.0,2.0908,1.8472,4.0343,3.9636,0.7446,12.7892
20260701,30.0,2,0,projection_energy_gate,-68.62420472970858,1.0,1,0,0.3064899811732553,0.8333605640522231,0.0,1.9091,1.8329,0.0,3.7222,0.1281,7.5815
20260701,30.0,2,0,stage1_projection_energy_gate,-68.62420472970858,1.0,1,0,0.3064899811732553,0.8333605640522231,0.0,1.9787,1.9254,0.0,3.8424,0.1263,7.8849
20260701,30.0,2,1,legacy_explicit_residual_gate,-17.29121131234131,0.5,1,0,nan,0.8177651500787139,0.16666666666666666,1.9425,1.7873,3.8519,3.7107,0.7043,12.1336
20260701,30.0,2,1,projection_energy_gate,-17.29121131234131,0.5,1,0,0.29677074509583,0.8177651500787139,0.16666666666666666,1.8995,1.774,0.0,3.8051,0.1169,7.6603
20260701,30.0,2,1,stage1_projection_energy_gate,-17.29121131234131,0.5,1,0,0.29677074509583,0.8177651500787139,0.16666666666666666,1.8515,1.8012,0.0,3.7858,0.1528,7.5721
20260701,30.0,2,1,axiswise_candan_joint_ls,-17.29121131234131,0.5,1,0,nan,0.8177651500787139,0.16666666666666666,1.9326,1.9459,0.0,3.8495,0.0,7.7216000000000005
20260701,30.0,2,2,projection_energy_gate,-60.54453788727245,1.0,1,0,0.3569010239388015,0.8214669637713083,0.0,1.9656,1.861,0.0,3.86,0.1029,7.8273
20260701,30.0,2,2,stage1_projection_energy_gate,-60.54453788727245,1.0,1,0,0.3569010239388015,0.8214669637713083,0.0,1.906,1.8103,0.0,3.9111,0.1001,7.649400000000001
20260701,30.0,2,2,axiswise_candan_joint_ls,-60.54453788727245,1.0,1,0,nan,0.8214669637713083,0.0,1.9169,1.8237,0.0,3.736,0.0,7.6498
20260701,30.0,2,2,legacy_explicit_residual_gate,-60.54453788727245,1.0,1,0,nan,0.8214669637713083,0.0,1.9736,1.8151,3.8505,3.8411,0.7524,12.246
20260701,30.0,2,3,stage1_projection_energy_gate,-67.04711659901562,1.0,1,0,0.3201034440274075,0.8267263604548207,0.0,1.8422,1.8043,0.0,3.9481,0.114,7.6725
20260701,30.0,2,3,axiswise_candan_joint_ls,-67.04711659901562,1.0,1,0,nan,0.8267263604548207,0.0,2.0348,1.9075,0.0,3.7791,0.0,7.7311
20260701,30.0,2,3,legacy_explicit_residual_gate,-67.04711659901562,1.0,1,0,nan,0.8267263604548207,0.0,2.0381,1.8219,3.801,3.7347,0.6889,12.092500000000001
20260701,30.0,2,3,projection_energy_gate,-67.04711659901562,1.0,1,0,0.3201034440274075,0.8267263604548207,0.0,1.9946,1.8432,0.0,4.0818,0.1263,8.1242
20260701,30.0,2,4,axiswise_candan_joint_ls,-11.428624309378733,0.5,1,0,nan,0.819029376016902,0.16666666666666666,1.8892,1.8265,0.0,3.7884,0.0,7.4945
20260701,30.0,2,4,legacy_explicit_residual_gate,-11.428624309378733,0.5,1,0,nan,0.819029376016902,0.16666666666666666,1.9623,1.7969,3.8638,3.7554,0.668,12.0353
20260701,30.0,2,4,projection_energy_gate,-11.428624309378733,0.5,1,0,0.35285808974508337,0.819029376016902,0.16666666666666666,2.0423,1.9735,0.0,3.9475,0.1719,8.2954
20260701,30.0,2,4,stage1_projection_energy_gate,-11.428624309378733,0.5,1,0,0.35285808974508337,0.819029376016902,0.16666666666666666,1.917,1.8449,0.0,3.8546,0.1374,7.817100000000001
20260701,30.0,2,5,legacy_explicit_residual_gate,-69.84985459645128,1.0,1,0,nan,0.8303458099178621,0.0,1.9951,1.8212,3.847,3.684,0.7052,12.1085
20260701,30.0,2,5,projection_energy_gate,-69.84985459645128,1.0,1,0,0.364928995987576,0.8303458099178621,0.0,1.8895,2.002,0.0,3.8854,0.1619,8.0503
20260701,30.0,2,5,stage1_projection_energy_gate,-69.84985459645128,1.0,1,0,0.364928995987576,0.8303458099178621,0.0,2.1246,1.9793,0.0,4.0228,0.2111,8.4204
20260701,30.0,2,5,axiswise_candan_joint_ls,-69.84985459645128,1.0,1,0,nan,0.8303458099178621,0.0,1.9752,1.905,0.0,3.9195,0.0,7.8508000000000004
20260701,30.0,2,6,projection_energy_gate,-69.41150811741684,1.0,1,0,0.49436257925288457,0.8163036795013242,0.0,1.909,1.9862,0.0,3.8996,0.1142,7.9477
20260701,30.0,2,6,stage1_projection_energy_gate,-69.41150811741684,1.0,1,0,0.49436257925288457,0.8163036795013242,0.0,1.9101,1.8364,0.0,3.7841,0.1329,7.6979
20260701,30.0,2,6,axiswise_candan_joint_ls,-69.41150811741684,1.0,1,0,nan,0.8163036795013242,0.0,1.8593,1.7591,0.0,3.8418,0.0,7.4602
20260701,30.0,2,6,legacy_explicit_residual_gate,-69.41150811741684,1.0,1,0,nan,0.8163036795013242,0.0,2.0129,1.8274,3.925,3.8374,0.7145,12.316799999999999
20260701,30.0,2,7,stage1_projection_energy_gate,-64.04275253990077,1.0,1,0,0.3950526288071775,0.8145917051534878,0.0,1.9169,1.9334,0.0,3.817,0.1398,7.8306000000000004
20260701,30.0,2,7,axiswise_candan_joint_ls,-64.04275253990077,1.0,1,0,nan,0.8145917051534878,0.0,1.9005,1.8523,0.0,3.7335,0.0,7.4863
20260701,30.0,2,7,legacy_explicit_residual_gate,-64.04275253990077,1.0,1,0,nan,0.8145917051534878,0.0,1.9519,1.8394,3.8537,3.7463,0.693,12.163699999999999
20260701,30.0,2,7,projection_energy_gate,-64.04275253990077,1.0,1,0,0.3950526288071775,0.8145917051534878,0.0,1.858,1.8834,0.0,3.8591,0.1028,7.6381000000000006
20260701,30.0,2,8,axiswise_candan_joint_ls,-65.2523903144095,1.0,1,0,nan,0.8190743715559942,0.0,1.9011,1.8312,0.0,3.8836,0.0,7.641299999999999
20260701,30.0,2,8,legacy_explicit_residual_gate,-65.2523903144095,1.0,1,0,nan,0.8190743715559942,0.0,1.9549,1.7946,3.901,3.785,0.6618,12.1221
20260701,30.0,2,8,projection_energy_gate,-65.2523903144095,1.0,1,0,0.36337140866053974,0.8190743715559942,0.0,1.8331,1.7584,0.0,3.8928,0.0947,7.6076
20260701,30.0,2,8,stage1_projection_energy_gate,-65.2523903144095,1.0,1,0,0.36337140866053974,0.8190743715559942,0.0,1.8459,1.7676,0.0,3.9621,0.0978,7.6354
20260701,30.0,2,9,legacy_explicit_residual_gate,-61.26062301203076,1.0,1,0,nan,0.8246758256324519,0.0,1.9981,1.8572,3.9439,3.9547,0.7248,12.5783
20260701,30.0,2,9,projection_energy_gate,-61.26062301203076,1.0,1,0,0.32865133412664527,0.8246758256324519,0.0,1.9199,1.8461,0.0,3.8168,0.1477,7.730500000000001
20260701,30.0,2,9,stage1_projection_energy_gate,-61.26062301203076,1.0,1,0,0.32865133412664527,0.8246758256324519,0.0,1.8747,1.8356,0.0,3.8304,0.1208,7.7038
20260701,30.0,2,9,axiswise_candan_joint_ls,-61.26062301203076,1.0,1,0,nan,0.8246758256324519,0.0,1.8495,1.8337,0.0,3.7136,0.0,7.3637
20260701,30.0,2,10,projection_energy_gate,-12.317937120908608,0.5,1,0,0.22942177309477665,0.8181689416231892,0.16666666666666666,1.832,1.7467,0.0,3.8147,0.0906,7.4792
20260701,30.0,2,10,stage1_projection_energy_gate,-12.317937120908608,0.5,1,0,0.22942177309477665,0.8181689416231892,0.16666666666666666,1.8544,1.8398,0.0,3.6917,0.1391,7.5134
20260701,30.0,2,10,axiswise_candan_joint_ls,-12.317937120908608,0.5,1,0,nan,0.8181689416231892,0.16666666666666666,1.8988,1.8268,0.0,3.8156,0.0,7.4976
20260701,30.0,2,10,legacy_explicit_residual_gate,-12.317937120908608,0.5,1,0,nan,0.8181689416231892,0.16666666666666666,1.9235,1.7847,3.8278,3.8465,0.6849,12.0384
20260701,30.0,2,11,stage1_projection_energy_gate,-70.29036972980784,1.0,1,0,0.28726061847091894,0.8375525617755468,0.0,1.8506,1.772,0.0,3.8792,0.0902,7.6703
20260701,30.0,2,11,axiswise_candan_joint_ls,-70.29036972980784,1.0,1,0,nan,0.8375525617755468,0.0,1.9759,1.8631,0.0,3.9312,0.0,7.805
20260701,30.0,2,11,legacy_explicit_residual_gate,-70.29036972980784,1.0,1,0,nan,0.8375525617755468,0.0,2.4958,2.1721,4.3922,4.5463,0.9799,14.5501
20260701,30.0,2,11,projection_energy_gate,-70.29036972980784,1.0,1,0,0.28726061847091894,0.8375525617755468,0.0,1.9419,1.9041,0.0,4.0315,0.1641,8.034400000000002
20260701,30.0,2,12,axiswise_candan_joint_ls,-74.75899503656363,1.0,1,0,nan,0.8555419616458542,0.0,1.8405,1.8175,0.0,3.7916,0.0,7.4496
20260701,30.0,2,12,legacy_explicit_residual_gate,-74.75899503656363,1.0,1,0,nan,0.8555419616458542,0.0,1.9494,1.8007,3.8774,3.7561,0.6468,12.0083
20260701,30.0,2,12,projection_energy_gate,-74.75899503656363,1.0,1,0,0.16254206222849496,0.8555419616458542,0.0,1.8389,1.7397,0.0,3.7867,0.0847,7.4411
20260701,30.0,2,12,stage1_projection_energy_gate,-74.75899503656363,1.0,1,0,0.16254206222849496,0.8555419616458542,0.0,1.8394,1.7808,0.0,3.907,0.1051,7.6377999999999995
20260701,30.0,2,13,legacy_explicit_residual_gate,-17.27383409516974,0.5,1,0,nan,0.8374967298895211,0.16666666666666666,2.0166,1.8226,3.957,3.7922,0.6784,12.2415
20260701,30.0,2,13,projection_energy_gate,-17.27383409516974,0.5,1,0,0.15354052088606143,0.8374967298895211,0.16666666666666666,1.8544,1.7582,0.0,3.8103,0.0824,7.527
20260701,30.0,2,13,stage1_projection_energy_gate,-17.27383409516974,0.5,1,0,0.15354052088606143,0.8374967298895211,0.16666666666666666,1.8429,1.7561,0.0,3.8389,0.0825,7.4847
20260701,30.0,2,13,axiswise_candan_joint_ls,-17.27383409516974,0.5,1,0,nan,0.8374967298895211,0.16666666666666666,1.9143,1.8447,0.0,3.8382,0.0,7.5738
20260701,30.0,2,14,projection_energy_gate,-66.45714368092075,1.0,1,0,0.13482251262142186,0.8414612622527642,0.0,1.9391,1.9009,0.0,4.1323,0.1366,8.0855
20260701,30.0,2,14,stage1_projection_energy_gate,-66.45714368092075,1.0,1,0,0.13482251262142186,0.8414612622527642,0.0,1.8956,1.8022,0.0,3.7604,0.1421,7.5479
20260701,30.0,2,14,axiswise_candan_joint_ls,-66.45714368092075,1.0,1,0,nan,0.8414612622527642,0.0,2.0459,1.8764,0.0,4.056,0.0,8.0481
20260701,30.0,2,14,legacy_explicit_residual_gate,-66.45714368092075,1.0,1,0,nan,0.8414612622527642,0.0,2.0326,1.7798,3.8876,3.7872,0.7483,12.147400000000001
20260701,30.0,2,15,stage1_projection_energy_gate,-65.96343573860553,1.0,1,0,0.27829622013904176,0.8449555462790682,0.0,1.9496,1.849,0.0,3.9084,0.11,7.8374
20260701,30.0,2,15,axiswise_candan_joint_ls,-65.96343573860553,1.0,1,0,nan,0.8449555462790682,0.0,1.8719,1.8635,0.0,3.6999,0.0,7.5387
20260701,30.0,2,15,legacy_explicit_residual_gate,-65.96343573860553,1.0,1,0,nan,0.8449555462790682,0.0,2.0477,1.8459,3.9109,3.7812,0.7484,12.408599999999998
20260701,30.0,2,15,projection_energy_gate,-65.96343573860553,1.0,1,0,0.27829622013904176,0.8449555462790682,0.0,2.003,1.902,0.0,4.0264,0.121,8.0174
20260701,30.0,2,16,axiswise_candan_joint_ls,-18.311133190506457,0.5,1,0,nan,0.8188385194529636,0.16666666666666666,1.8943,1.8742,0.0,3.8295,0.0,7.585699999999999
20260701,30.0,2,16,legacy_explicit_residual_gate,-18.311133190506457,0.5,1,0,nan,0.8188385194529636,0.16666666666666666,2.0291,1.9165,4.0213,3.7665,0.6798,12.5014
20260701,30.0,2,16,projection_energy_gate,-18.311133190506457,0.5,1,0,0.19260325524207458,0.8188385194529636,0.16666666666666666,1.874,1.818,0.0,3.7952,0.1262,7.635999999999999
20260701,30.0,2,16,stage1_projection_energy_gate,-18.311133190506457,0.5,1,0,0.19260325524207458,0.8188385194529636,0.16666666666666666,1.8615,1.8245,0.0,3.7524,0.1247,7.5981
20260701,30.0,2,17,legacy_explicit_residual_gate,-60.58964810090786,1.0,1,0,nan,0.8136352106539789,0.0,2.0289,2.0105,4.0949,3.8293,0.7113,12.698699999999999
20260701,30.0,2,17,projection_energy_gate,-60.58964810090786,1.0,1,0,0.3774664750397418,0.8136352106539789,0.0,1.9051,1.8471,0.0,3.9293,0.1383,7.8038
20260701,30.0,2,17,stage1_projection_energy_gate,-60.58964810090786,1.0,1,0,0.3774664750397418,0.8136352106539789,0.0,1.8993,1.8811,0.0,3.7583,0.124,7.654299999999999
20260701,30.0,2,17,axiswise_candan_joint_ls,-60.58964810090786,1.0,1,0,nan,0.8136352106539789,0.0,1.9865,1.8656,0.0,3.9289,0.0,7.859999999999999
20260701,30.0,2,18,projection_energy_gate,-47.78843159365077,1.0,1,0,0.055514323184578496,0.9057337440259571,0.0,1.8994,1.9159,0.0,3.9683,0.1324,7.8695
20260701,30.0,2,18,stage1_projection_energy_gate,-47.78843159365077,1.0,1,0,0.055514323184578496,0.9057337440259571,0.0,1.8335,1.7898,0.0,3.6541,0.1227,7.444000000000001
20260701,30.0,2,18,axiswise_candan_joint_ls,-47.78843159365077,1.0,1,0,nan,0.9057337440259571,0.0,1.8955,1.9066,0.0,3.9115,0.0,7.785
20260701,30.0,2,18,legacy_explicit_residual_gate,-47.78843159365077,1.0,1,0,nan,0.9057337440259571,0.0,1.9318,1.7971,3.8095,3.8683,0.6503,12.0314
20260701,30.0,2,19,stage1_projection_energy_gate,-10.701634034425574,0.5,1,0,0.24236156244672255,0.8160780946945791,0.16666666666666666,1.8189,1.7403,0.0,3.8465,0.0947,7.481999999999999
20260701,30.0,2,19,axiswise_candan_joint_ls,-10.701634034425574,0.5,1,0,nan,0.8160780946945791,0.16666666666666666,1.8188,1.7169,0.0,3.7847,0.0,7.3298000000000005
20260701,30.0,2,19,legacy_explicit_residual_gate,-10.701634034425574,0.5,1,0,nan,0.8160780946945791,0.16666666666666666,1.902,1.7621,3.829,3.7479,0.7091,11.9933
20260701,30.0,2,19,projection_energy_gate,-10.701634034425574,0.5,1,0,0.24236156244672255,0.8160780946945791,0.16666666666666666,2.0793,1.8175,0.0,3.8715,0.1046,7.7574000000000005
20260701,30.0,4,0,axiswise_candan_joint_ls,-18.53098401367298,0.75,1,0,nan,0.8138020489713488,0.08333333333333333,1.9157,1.8603,0.0,7.1122,0.0,10.8882
20260701,30.0,4,0,legacy_explicit_residual_gate,-18.53098401367298,0.75,1,0,nan,0.8138020489713488,0.08333333333333333,1.9583,1.862,7.3872,7.2396,0.7079,19.249
20260701,30.0,4,0,projection_energy_gate,-18.53098401367298,0.75,1,0,0.34366938673704295,0.8138020489713488,0.08333333333333333,1.9062,1.8594,0.0,7.1812,0.1632,11.1152
20260701,30.0,4,0,stage1_projection_energy_gate,-18.53098401367298,0.75,1,0,0.34366938673704295,0.8138020489713488,0.08333333333333333,1.8427,1.784,0.0,7.0145,0.1625,10.824699999999998
20260701,30.0,4,1,legacy_explicit_residual_gate,-10.225564149701986,0.75,1,0,nan,0.8143622846908254,0.08333333333333333,1.9911,1.9113,7.4042,7.3393,0.701,19.2924
20260701,30.0,4,1,projection_energy_gate,-10.225564149701986,0.75,1,0,0.2907518270766561,0.8143622846908254,0.08333333333333333,1.8226,1.7946,0.0,7.0274,0.1515,10.884400000000001
20260701,30.0,4,1,stage1_projection_energy_gate,-10.225564149701986,0.75,1,0,0.2907518270766561,0.8143622846908254,0.08333333333333333,1.887,1.9309,0.0,7.1832,0.1653,11.3076
20260701,30.0,4,1,axiswise_candan_joint_ls,-10.225564149701986,0.75,1,0,nan,0.8143622846908254,0.08333333333333333,1.9258,1.9215,0.0,7.1404,0.0,10.9922
20260701,30.0,4,2,projection_energy_gate,-64.11174322699873,1.0,1,0,0.38915391410920064,0.8234567849863917,0.0,2.0579,1.989,0.0,7.3232,0.153,11.5288
20260701,30.0,4,2,stage1_projection_energy_gate,-64.11174322699873,1.0,1,0,0.38915391410920064,0.8234567849863917,0.0,1.8518,1.859,0.0,7.0178,0.1425,10.8815
20260701,30.0,4,2,axiswise_candan_joint_ls,-64.11174322699873,1.0,1,0,nan,0.8234567849863917,0.0,1.9159,1.9608,0.0,7.1583,0.0,11.101099999999999
20260701,30.0,4,2,legacy_explicit_residual_gate,-64.11174322699873,1.0,1,0,nan,0.8234567849863917,0.0,2.0134,1.9017,7.3445,7.1906,0.6495,19.0936
20260701,30.0,4,3,stage1_projection_energy_gate,-14.324205352106784,0.5,1,0,0.24167755990229234,0.8205842644874956,0.16666666666666666,1.9871,2.0061,0.0,7.3966,0.1794,11.5411
20260701,30.0,4,3,axiswise_candan_joint_ls,-14.324205352106784,0.5,1,0,nan,0.8205842644874956,0.16666666666666666,1.9781,1.9162,0.0,7.1739,0.0,11.142299999999999
20260701,30.0,4,3,legacy_explicit_residual_gate,-14.324205352106784,0.5,1,0,nan,0.8205842644874956,0.16666666666666666,1.8752,1.7896,7.1735,7.2374,0.7062,18.803400000000003
20260701,30.0,4,3,projection_energy_gate,-14.324205352106784,0.5,1,0,0.24167755990229234,0.8205842644874956,0.16666666666666666,1.8197,1.8631,0.0,7.3916,0.1491,11.302100000000001
20260701,30.0,4,4,axiswise_candan_joint_ls,-11.574123022582995,0.5,1,0,nan,0.8171388789717096,0.08333333333333333,1.8605,1.791,0.0,7.0105,0.0,10.6501
20260701,30.0,4,4,legacy_explicit_residual_gate,-11.574123022582995,0.5,1,0,nan,0.8171388789717096,0.08333333333333333,2.1504,2.1432,7.335,7.5032,0.7278,19.788999999999998
20260701,30.0,4,4,projection_energy_gate,-11.574123022582995,0.5,1,0,0.3482616991772891,0.8171388789717096,0.08333333333333333,1.9286,1.8936,0.0,7.2409,0.2123,11.2625
20260701,30.0,4,4,stage1_projection_energy_gate,-11.574123022582995,0.5,1,0,0.3482616991772891,0.8171388789717096,0.08333333333333333,1.9203,1.876,0.0,7.2261,0.2112,11.3772
20260701,30.0,4,5,legacy_explicit_residual_gate,-16.293022449580835,0.5,1,0,nan,0.8179306785894523,0.08333333333333333,1.9911,1.8774,7.0959,7.3887,0.6959,19.0167
20260701,30.0,4,5,projection_energy_gate,-16.293022449580835,0.5,1,0,0.2383330992594444,0.8179306785894523,0.08333333333333333,1.9968,2.0653,0.0,7.3977,0.1978,11.6665
20260701,30.0,4,5,stage1_projection_energy_gate,-16.293022449580835,0.5,1,0,0.2383330992594444,0.8179306785894523,0.08333333333333333,1.9407,1.9213,0.0,7.4847,0.221,11.659
20260701,30.0,4,5,axiswise_candan_joint_ls,-16.293022449580835,0.5,1,0,nan,0.8179306785894523,0.08333333333333333,1.8973,1.8813,0.0,7.0979,0.0,10.8718
20260701,30.0,4,6,projection_energy_gate,-10.722484022189784,0.75,1,0,0.2976794956859927,0.8133554396437186,0.08333333333333333,1.922,1.998,0.0,7.4112,0.1582,11.433800000000002
20260701,30.0,4,6,stage1_projection_energy_gate,-10.722484022189784,0.75,1,0,0.2976794956859927,0.8133554396437186,0.08333333333333333,1.9365,2.0145,0.0,7.5422,0.2112,11.7052
20260701,30.0,4,6,axiswise_candan_joint_ls,-10.722484022189784,0.75,1,0,nan,0.8133554396437186,0.08333333333333333,1.8889,1.9363,0.0,7.2106,0.0,11.0358
20260701,30.0,4,6,legacy_explicit_residual_gate,-10.722484022189784,0.75,1,0,nan,0.8133554396437186,0.08333333333333333,1.9779,1.875,7.4079,7.3007,0.7286,19.0966
20260701,30.0,4,7,stage1_projection_energy_gate,-12.733352274770695,0.5,1,0,0.31961646544319094,0.8243965016008461,0.08333333333333333,2.1265,1.9773,0.0,7.3916,0.2012,11.6966
20260701,30.0,4,7,axiswise_candan_joint_ls,-12.733352274770695,0.5,1,0,nan,0.8243965016008461,0.08333333333333333,2.0067,2.0339,0.0,7.6014,0.0,11.8201
20260701,30.0,4,7,legacy_explicit_residual_gate,-12.733352274770695,0.5,1,0,nan,0.8243965016008461,0.08333333333333333,2.0127,1.9062,7.3883,7.4244,0.7724,19.558400000000002
20260701,30.0,4,7,projection_energy_gate,-12.733352274770695,0.5,1,0,0.31961646544319094,0.8243965016008461,0.08333333333333333,1.937,1.8554,0.0,7.1637,0.118,11.100200000000001
20260701,30.0,4,8,axiswise_candan_joint_ls,-65.4550812482929,1.0,1,0,nan,0.8149161411404194,0.0,1.9802,1.9479,0.0,7.1424,0.0,11.238900000000001
20260701,30.0,4,8,legacy_explicit_residual_gate,-65.4550812482929,1.0,1,0,nan,0.8149161411404194,0.0,2.2713,2.084,7.5589,7.3638,0.8334,20.1262
20260701,30.0,4,8,projection_energy_gate,-65.4550812482929,1.0,1,0,0.19434559094081647,0.8149161411404194,0.0,2.0298,1.9061,0.0,7.4838,0.1701,11.6268
20260701,30.0,4,8,stage1_projection_energy_gate,-65.4550812482929,1.0,1,0,0.19434559094081647,0.8149161411404194,0.0,1.8501,1.8248,0.0,6.9404,0.1511,10.7805
20260701,30.0,4,9,legacy_explicit_residual_gate,-17.862502801074132,0.75,1,0,nan,0.8150661696576909,0.08333333333333333,1.9331,1.8028,7.135,6.8218,0.6231,18.436300000000003
20260701,30.0,4,9,projection_energy_gate,-17.862502801074132,0.75,1,0,0.2982310789793166,0.8150661696576909,0.08333333333333333,1.8741,1.8129,0.0,6.9441,0.177,10.7685
20260701,30.0,4,9,stage1_projection_energy_gate,-17.862502801074132,0.75,1,0,0.2982310789793166,0.8150661696576909,0.08333333333333333,1.8104,1.8011,0.0,6.8719,0.1485,10.639999999999999
20260701,30.0,4,9,axiswise_candan_joint_ls,-17.862502801074132,0.75,1,0,nan,0.8150661696576909,0.08333333333333333,1.861,1.856,0.0,7.231,0.0,10.9838
20260701,30.0,4,10,projection_energy_gate,-18.565393642481776,0.75,1,0,0.23019564557279013,0.8175587997208873,0.08333333333333333,1.8057,1.815,0.0,6.9264,0.1206,10.641499999999999
20260701,30.0,4,10,stage1_projection_energy_gate,-18.565393642481776,0.75,1,0,0.23019564557279013,0.8175587997208873,0.08333333333333333,1.7361,1.7285,0.0,6.7877,0.1263,10.417200000000001
20260701,30.0,4,10,axiswise_candan_joint_ls,-18.565393642481776,0.75,1,0,nan,0.8175587997208873,0.08333333333333333,1.7379,1.7342,0.0,6.7259,0.0,10.1861
20260701,30.0,4,10,legacy_explicit_residual_gate,-18.565393642481776,0.75,1,0,nan,0.8175587997208873,0.08333333333333333,1.9017,1.7707,7.0306,6.8927,0.637,18.2263
20260701,30.0,4,11,stage1_projection_energy_gate,-61.91959777420119,1.0,1,0,0.23582705579500668,0.8136487437303663,0.0,1.8382,1.7902,0.0,6.8329,0.1271,10.6334
20260701,30.0,4,11,axiswise_candan_joint_ls,-61.91959777420119,1.0,1,0,nan,0.8136487437303663,0.0,1.8951,1.7989,0.0,6.9209,0.0,10.7195
20260701,30.0,4,11,legacy_explicit_residual_gate,-61.91959777420119,1.0,1,0,nan,0.8136487437303663,0.0,1.9866,1.8818,7.024,6.822,0.6319,18.7577
20260701,30.0,4,11,projection_energy_gate,-61.91959777420119,1.0,1,0,0.23582705579500668,0.8136487437303663,0.0,1.8305,1.7748,0.0,6.9501,0.1734,10.859300000000001
20260701,30.0,4,12,axiswise_candan_joint_ls,-20.384288970811614,0.5,1,0,nan,0.8133081532271786,0.08333333333333333,1.9608,1.934,0.0,7.1397,0.0,10.9863
20260701,30.0,4,12,legacy_explicit_residual_gate,-20.384288970811614,0.5,1,0,nan,0.8133081532271786,0.08333333333333333,2.0715,1.9829,7.128,7.1416,0.66,19.1563
20260701,30.0,4,12,projection_energy_gate,-20.384288970811614,0.5,1,0,0.2268719036163596,0.8133081532271786,0.08333333333333333,1.846,1.7885,0.0,7.0282,0.111,10.761800000000001
20260701,30.0,4,12,stage1_projection_energy_gate,-20.384288970811614,0.5,1,0,0.2268719036163596,0.8133081532271786,0.08333333333333333,1.8454,1.8133,0.0,6.8719,0.1301,10.7063
20260701,30.0,4,13,legacy_explicit_residual_gate,-65.80656644257354,1.0,1,0,nan,0.8238899532300731,0.0,1.899,1.7783,6.9455,6.7427,0.6152,17.902900000000002
20260701,30.0,4,13,projection_energy_gate,-65.80656644257354,1.0,1,0,0.2893462779950974,0.8238899532300731,0.0,1.8303,1.7781,0.0,6.851,0.1523,10.7042
20260701,30.0,4,13,stage1_projection_energy_gate,-65.80656644257354,1.0,1,0,0.2893462779950974,0.8238899532300731,0.0,1.8446,1.8257,0.0,6.9536,0.1391,10.8403
20260701,30.0,4,13,axiswise_candan_joint_ls,-65.80656644257354,1.0,1,0,nan,0.8238899532300731,0.0,1.8062,1.7874,0.0,6.8074,0.0,10.401299999999999
20260701,30.0,4,14,projection_energy_gate,-64.27118294730187,1.0,1,0,0.34221222321501976,0.8209653288847457,0.0,1.8386,1.8178,0.0,6.823,0.1366,10.616200000000001
20260701,30.0,4,14,stage1_projection_energy_gate,-64.27118294730187,1.0,1,0,0.34221222321501976,0.8209653288847457,0.0,1.8774,1.9738,0.0,7.1294,0.1665,11.295900000000001
20260701,30.0,4,14,axiswise_candan_joint_ls,-64.27118294730187,1.0,1,0,nan,0.8209653288847457,0.0,1.8732,1.8271,0.0,6.8219,0.0,10.5222
20260701,30.0,4,14,legacy_explicit_residual_gate,-64.27118294730187,1.0,1,0,nan,0.8209653288847457,0.0,1.9441,1.8003,7.013,6.919,0.6268,18.150199999999998
20260701,30.0,4,15,stage1_projection_energy_gate,-25.143447102840476,0.75,1,0,0.13987924734157553,0.8187301233165188,0.08333333333333333,1.8163,1.7783,0.0,6.8238,0.1365,10.561900000000001
20260701,30.0,4,15,axiswise_candan_joint_ls,-25.143447102840476,0.75,1,0,nan,0.8187301233165188,0.08333333333333333,1.8652,1.7971,0.0,6.914,0.0,10.5775
20260701,30.0,4,15,legacy_explicit_residual_gate,-25.143447102840476,0.75,1,0,nan,0.8187301233165188,0.08333333333333333,2.0072,1.7823,6.8964,6.788,0.6322,18.256999999999998
20260701,30.0,4,15,projection_energy_gate,-25.143447102840476,0.75,1,0,0.13987924734157553,0.8187301233165188,0.08333333333333333,1.8164,1.7765,0.0,6.9109,0.1466,10.6412
20260701,30.0,4,16,axiswise_candan_joint_ls,-16.2396372763731,0.5,1,0,nan,0.8133327295297814,0.08333333333333333,1.8114,1.8034,0.0,7.3582,0.0,10.9674
20260701,30.0,4,16,legacy_explicit_residual_gate,-16.2396372763731,0.5,1,0,nan,0.8133327295297814,0.08333333333333333,2.0436,1.969,7.2162,6.8881,0.6445,18.708699999999997
20260701,30.0,4,16,projection_energy_gate,-16.2396372763731,0.5,1,0,0.3692350957225851,0.8133327295297814,0.08333333333333333,1.8765,1.8262,0.0,6.9767,0.1295,10.800300000000002
20260701,30.0,4,16,stage1_projection_energy_gate,-16.2396372763731,0.5,1,0,0.3692350957225851,0.8133327295297814,0.08333333333333333,1.7958,1.7548,0.0,6.8004,0.109,10.526100000000001
20260701,30.0,4,17,legacy_explicit_residual_gate,-64.92856349690999,1.0,1,0,nan,0.8166011697017804,0.0,1.9538,1.8434,7.0983,7.0824,0.6932,18.7545
20260701,30.0,4,17,projection_energy_gate,-64.92856349690999,1.0,1,0,0.2688447802099194,0.8166011697017804,0.0,1.8737,1.8421,0.0,6.966,0.1585,10.837900000000001
20260701,30.0,4,17,stage1_projection_energy_gate,-64.92856349690999,1.0,1,0,0.2688447802099194,0.8166011697017804,0.0,1.8827,1.8465,0.0,7.0033,0.1379,10.876700000000001
20260701,30.0,4,17,axiswise_candan_joint_ls,-64.92856349690999,1.0,1,0,nan,0.8166011697017804,0.0,1.9122,1.8597,0.0,7.0354,0.0,10.8699
20260701,30.0,4,18,projection_energy_gate,-65.09912958693562,1.0,1,0,0.29057270316173056,0.8206212886434354,0.0,1.8131,1.8112,0.0,6.9379,0.1501,10.6956
20260701,30.0,4,18,stage1_projection_energy_gate,-65.09912958693562,1.0,1,0,0.29057270316173056,0.8206212886434354,0.0,1.8248,1.8142,0.0,6.8515,0.1522,10.6669
20260701,30.0,4,18,axiswise_candan_joint_ls,-65.09912958693562,1.0,1,0,nan,0.8206212886434354,0.0,1.7727,1.8943,0.0,6.959,0.0,10.626
20260701,30.0,4,18,legacy_explicit_residual_gate,-65.09912958693562,1.0,1,0,nan,0.8206212886434354,0.0,1.8945,1.7837,6.9332,6.9711,0.6675,18.4356
20260701,30.0,4,19,stage1_projection_energy_gate,-64.34246421869933,1.0,1,0,0.29079614395241615,0.8165309152161975,0.0,1.8546,1.8118,0.0,6.9623,0.1361,10.748000000000001
20260701,30.0,4,19,axiswise_candan_joint_ls,-64.34246421869933,1.0,1,0,nan,0.8165309152161975,0.0,1.8737,1.861,0.0,6.9499,0.0,10.665600000000001
20260701,30.0,4,19,legacy_explicit_residual_gate,-64.34246421869933,1.0,1,0,nan,0.8165309152161975,0.0,1.9027,1.805,6.9979,7.016,0.6373,18.334
20260701,30.0,4,19,projection_energy_gate,-64.34246421869933,1.0,1,0,0.29079614395241615,0.8165309152161975,0.0,1.9273,1.8746,0.0,7.0843,0.1565,10.999199999999998
20260701,30.0,8,0,axiswise_candan_joint_ls,-15.797081312271484,0.875,1,0,nan,0.8146528525566165,0.041666666666666664,1.9166,1.9519,0.0,15.0218,0.0,18.8903
20260701,30.0,8,0,legacy_explicit_residual_gate,-15.797081312271484,0.875,1,0,nan,0.8146528525566165,0.041666666666666664,1.9977,1.9406,15.4417,15.9585,0.6897,37.0756
20260701,30.0,8,0,projection_energy_gate,-15.797081312271484,0.875,1,0,0.18771439459640796,0.8146528525566165,0.041666666666666664,1.9425,1.9681,0.0,15.0589,0.1466,19.136699999999998
20260701,30.0,8,0,stage1_projection_energy_gate,-15.797081312271484,0.875,1,0,0.18771439459640796,0.8146528525566165,0.041666666666666664,1.873,1.9103,0.0,15.0191,0.1394,18.9228
20260701,30.0,8,1,legacy_explicit_residual_gate,-19.807626246317632,0.75,1,0,nan,0.8187413395015909,0.041666666666666664,1.9591,1.9485,14.8967,15.0732,0.6417,34.141099999999994
20260701,30.0,8,1,projection_energy_gate,-19.807626246317632,0.75,1,0,0.2711124689444488,0.8187413395015909,0.041666666666666664,1.8369,1.9628,0.0,15.0045,0.1392,18.9434
20260701,30.0,8,1,stage1_projection_energy_gate,-19.807626246317632,0.75,1,0,0.2711124689444488,0.8187413395015909,0.041666666666666664,1.8734,1.9638,0.0,15.7914,0.1523,19.8173
20260701,30.0,8,1,axiswise_candan_joint_ls,-19.807626246317632,0.75,1,0,nan,0.8187413395015909,0.041666666666666664,1.8197,2.0021,0.0,15.0582,0.0,18.902
20260701,30.0,8,2,projection_energy_gate,-12.483310206009559,0.375,1,0,0.22570452680867176,0.8148257502407404,0.08333333333333333,1.8698,1.9833,0.0,16.3006,0.1547,20.2856
20260701,30.0,8,2,stage1_projection_energy_gate,-12.483310206009559,0.375,1,0,0.22570452680867176,0.8148257502407404,0.08333333333333333,1.8789,1.9641,0.0,15.9037,0.1355,19.8699
20260701,30.0,8,2,axiswise_candan_joint_ls,-12.483310206009559,0.375,1,0,nan,0.8148257502407404,0.08333333333333333,1.9188,2.0388,0.0,16.2857,0.0,20.243299999999998
20260701,30.0,8,2,legacy_explicit_residual_gate,-12.483310206009559,0.375,1,0,nan,0.8148257502407404,0.08333333333333333,1.9073,1.9216,15.557,15.1448,0.6433,35.874199999999995
20260701,30.0,8,3,stage1_projection_energy_gate,-13.053738924870206,0.5,1,0,0.20977936155072924,0.8185775066943327,0.125,1.8675,1.915,0.0,14.8016,0.1408,18.717200000000002
20260701,30.0,8,3,axiswise_candan_joint_ls,-13.053738924870206,0.5,1,0,nan,0.8185775066943327,0.125,1.8911,2.0312,0.0,14.8475,0.0,18.764400000000002
20260701,30.0,8,3,legacy_explicit_residual_gate,-13.053738924870206,0.5,1,0,nan,0.8185775066943327,0.125,1.9548,1.9749,14.8294,15.0591,0.7388,35.7541
20260701,30.0,8,3,projection_energy_gate,-13.053738924870206,0.5,1,0,0.20977936155072924,0.8185775066943327,0.125,1.8412,1.9449,0.0,14.8762,0.1351,19.1294
20260701,30.0,8,4,axiswise_candan_joint_ls,-30.83710543711409,0.75,1,0,nan,0.8160598898060576,0.041666666666666664,1.8083,1.899,0.0,15.4347,0.0,19.1814
20260701,30.0,8,4,legacy_explicit_residual_gate,-30.83710543711409,0.75,1,0,nan,0.8160598898060576,0.041666666666666664,1.9203,1.9608,14.993,15.1949,0.6607,34.6686
20260701,30.0,8,4,projection_energy_gate,-30.83710543711409,0.75,1,0,0.35726175821605766,0.8160598898060576,0.041666666666666664,1.8555,2.0266,0.0,15.481,0.1844,19.395599999999998
20260701,30.0,8,4,stage1_projection_energy_gate,-30.83710543711409,0.75,1,0,0.35726175821605766,0.8160598898060576,0.041666666666666664,1.9203,1.9613,0.0,15.1131,0.1364,19.310599999999997
20260701,30.0,8,5,legacy_explicit_residual_gate,-17.88291308699353,0.875,1,0,nan,0.8229919525150772,0.041666666666666664,1.9255,1.9055,15.1306,15.5019,0.6546,35.565799999999996
20260701,30.0,8,5,projection_energy_gate,-17.88291308699353,0.875,1,0,0.2016591131274278,0.8229919525150772,0.041666666666666664,1.8721,2.054,0.0,15.3045,0.141,19.2929
20260701,30.0,8,5,stage1_projection_energy_gate,-17.88291308699353,0.875,1,0,0.2016591131274278,0.8229919525150772,0.041666666666666664,1.8677,1.9275,0.0,15.2541,0.1435,19.1738
20260701,30.0,8,5,axiswise_candan_joint_ls,-17.88291308699353,0.875,1,0,nan,0.8229919525150772,0.041666666666666664,1.8491,1.9264,0.0,15.2174,0.0,18.9929
20260701,30.0,8,6,projection_energy_gate,-15.2582387422739,0.75,1,0,0.2680067416368916,0.8163027115833351,0.041666666666666664,1.9168,1.8954,0.0,14.8826,0.1385,18.879
20260701,30.0,8,6,stage1_projection_energy_gate,-15.2582387422739,0.75,1,0,0.2680067416368916,0.8163027115833351,0.041666666666666664,1.9401,2.0835,0.0,16.499,0.1398,20.5994
20260701,30.0,8,6,axiswise_candan_joint_ls,-15.2582387422739,0.75,1,0,nan,0.8163027115833351,0.041666666666666664,1.9027,1.9039,0.0,14.6841,0.0,18.470200000000002
20260701,30.0,8,6,legacy_explicit_residual_gate,-15.2582387422739,0.75,1,0,nan,0.8163027115833351,0.041666666666666664,2.071,2.0833,15.1509,15.2873,0.667,35.416
20260701,30.0,8,7,stage1_projection_energy_gate,-23.228414795096914,0.75,1,0,0.3053214928074088,0.8150526026453774,0.041666666666666664,1.8646,1.976,0.0,15.3272,0.143,19.5687
20260701,30.0,8,7,axiswise_candan_joint_ls,-23.228414795096914,0.75,1,0,nan,0.8150526026453774,0.041666666666666664,1.8994,1.9515,0.0,16.5823,0.0,20.3111
20260701,30.0,8,7,legacy_explicit_residual_gate,-23.228414795096914,0.75,1,0,nan,0.8150526026453774,0.041666666666666664,1.9608,1.9329,15.2612,15.1218,0.6523,35.4218
20260701,30.0,8,7,projection_energy_gate,-23.228414795096914,0.75,1,0,0.3053214928074088,0.8150526026453774,0.041666666666666664,1.8817,1.9063,0.0,14.9473,0.1385,18.720599999999997
20260701,30.0,8,8,axiswise_candan_joint_ls,-34.27467069405117,0.75,1,0,nan,0.8161628050646055,0.041666666666666664,1.9212,2.0789,0.0,15.3519,0.0,19.4144
20260701,30.0,8,8,legacy_explicit_residual_gate,-34.27467069405117,0.75,1,0,nan,0.8161628050646055,0.041666666666666664,1.9505,1.9725,15.171,15.1187,0.6671,34.3113
20260701,30.0,8,8,projection_energy_gate,-34.27467069405117,0.75,1,0,0.23345774738926234,0.8161628050646055,0.041666666666666664,1.8389,1.9134,0.0,14.8105,0.1288,18.691599999999998
20260701,30.0,8,8,stage1_projection_energy_gate,-34.27467069405117,0.75,1,0,0.23345774738926234,0.8161628050646055,0.041666666666666664,1.8797,2.0479,0.0,16.575,0.1459,20.5757
20260701,30.0,8,9,legacy_explicit_residual_gate,-16.28934000217415,0.625,1,0,nan,0.8146532754625229,0.041666666666666664,1.9747,1.9124,16.3213,15.2019,0.6346,35.8441
20260701,30.0,8,9,projection_energy_gate,-16.28934000217415,0.625,1,0,0.22860828653661103,0.8146532754625229,0.041666666666666664,1.8751,1.9185,0.0,15.0513,0.1444,19.0207
20260701,30.0,8,9,stage1_projection_energy_gate,-16.28934000217415,0.625,1,0,0.22860828653661103,0.8146532754625229,0.041666666666666664,1.9614,1.957,0.0,15.0167,0.1272,19.080199999999998
20260701,30.0,8,9,axiswise_candan_joint_ls,-16.28934000217415,0.625,1,0,nan,0.8146532754625229,0.041666666666666664,1.9564,1.947,0.0,15.2962,0.0,19.2503
20260701,30.0,8,10,projection_energy_gate,-11.805566767647695,0.5,1,0,0.2536616450317444,0.815773283748549,0.125,1.9537,1.9556,0.0,16.5281,0.1484,20.714199999999998
20260701,30.0,8,10,stage1_projection_energy_gate,-11.805566767647695,0.5,1,0,0.2536616450317444,0.815773283748549,0.125,1.9057,2.0352,0.0,14.9122,0.1391,19.041700000000002
20260701,30.0,8,10,axiswise_candan_joint_ls,-11.805566767647695,0.5,1,0,nan,0.815773283748549,0.125,1.9026,1.9128,0.0,14.9615,0.0,18.7644
20260701,30.0,8,10,legacy_explicit_residual_gate,-11.805566767647695,0.5,1,0,nan,0.815773283748549,0.125,1.9619,1.9288,15.0115,14.7711,0.682,34.479
20260701,30.0,8,11,stage1_projection_energy_gate,-12.568135520160183,0.75,1,0,0.1589340687261839,0.8155338085103809,0.08333333333333333,1.8921,1.9669,0.0,14.8568,0.1385,18.7851
20260701,30.0,8,11,axiswise_candan_joint_ls,-12.568135520160183,0.75,1,0,nan,0.8155338085103809,0.08333333333333333,1.8645,1.9723,0.0,14.8958,0.0,18.6925
20260701,30.0,8,11,legacy_explicit_residual_gate,-12.568135520160183,0.75,1,0,nan,0.8155338085103809,0.08333333333333333,1.9766,1.9763,15.5193,15.2878,0.6938,35.6692
20260701,30.0,8,11,projection_energy_gate,-12.568135520160183,0.75,1,0,0.1589340687261839,0.8155338085103809,0.08333333333333333,1.8536,1.9304,0.0,15.0011,0.1855,18.9883
20260701,30.0,8,12,axiswise_candan_joint_ls,-15.873102306261686,0.875,1,0,nan,0.814804873913822,0.041666666666666664,1.8712,1.8951,0.0,14.7936,0.0,18.5599
20260701,30.0,8,12,legacy_explicit_residual_gate,-15.873102306261686,0.875,1,0,nan,0.814804873913822,0.041666666666666664,2.0538,1.9456,14.8777,14.9384,0.686,34.273700000000005
20260701,30.0,8,12,projection_energy_gate,-15.873102306261686,0.875,1,0,0.25161862372122795,0.814804873913822,0.041666666666666664,1.9514,1.9371,0.0,15.0093,0.1452,19.0351
20260701,30.0,8,12,stage1_projection_energy_gate,-15.873102306261686,0.875,1,0,0.25161862372122795,0.814804873913822,0.041666666666666664,1.9631,1.9324,0.0,14.9574,0.1325,19.1071
20260701,30.0,8,13,legacy_explicit_residual_gate,-22.897831151075316,0.75,1,0,nan,0.8186355243977339,0.08333333333333333,1.9659,1.9359,15.224,17.3681,0.9474,41.2048
20260701,30.0,8,13,projection_energy_gate,-22.897831151075316,0.75,1,0,0.38670556380635646,0.8186355243977339,0.08333333333333333,1.8381,2.0065,0.0,14.9192,0.1701,19.0768
20260701,30.0,8,13,stage1_projection_energy_gate,-22.897831151075316,0.75,1,0,0.38670556380635646,0.8186355243977339,0.08333333333333333,1.8412,1.9734,0.0,15.5418,0.153,19.5094
20260701,30.0,8,13,axiswise_candan_joint_ls,-22.897831151075316,0.75,1,0,nan,0.8186355243977339,0.08333333333333333,1.8768,1.956,0.0,14.9344,0.0,18.7672
20260701,30.0,8,14,projection_energy_gate,-15.459892702470688,0.75,1,0,0.32525041664298837,0.8213812194825538,0.041666666666666664,1.9595,2.0473,0.0,15.2618,0.1476,19.694100000000002
20260701,30.0,8,14,stage1_projection_energy_gate,-15.459892702470688,0.75,1,0,0.32525041664298837,0.8213812194825538,0.041666666666666664,1.8935,1.9917,0.0,14.87,0.1525,18.8706
20260701,30.0,8,14,axiswise_candan_joint_ls,-15.459892702470688,0.75,1,0,nan,0.8213812194825538,0.041666666666666664,1.8877,1.9218,0.0,15.0506,0.0,18.920299999999997
20260701,30.0,8,14,legacy_explicit_residual_gate,-15.459892702470688,0.75,1,0,nan,0.8213812194825538,0.041666666666666664,2.0026,1.8733,14.8804,15.7341,0.7866,35.2903
20260701,30.0,8,15,stage1_projection_energy_gate,-13.629244025444311,0.625,1,0,0.18787463694827009,0.7986136747606827,0.08333333333333333,1.8514,1.8968,0.0,14.9805,0.144,19.036499999999997
20260701,30.0,8,15,axiswise_candan_joint_ls,-13.629244025444311,0.625,1,0,nan,0.7986136747606827,0.08333333333333333,1.8696,1.9331,0.0,16.5029,0.0,20.3658
20260701,30.0,8,15,legacy_explicit_residual_gate,-13.629244025444311,0.625,1,0,nan,0.7986136747606827,0.08333333333333333,2.0244,2.0089,15.9545,15.0885,0.657,36.1466
20260701,30.0,8,15,projection_energy_gate,-13.629244025444311,0.625,1,0,0.18787463694827009,0.7986136747606827,0.08333333333333333,1.9854,2.03,0.0,15.613,0.16,19.9573
20260701,30.0,8,16,axiswise_candan_joint_ls,-13.500083123535578,0.75,1,0,nan,0.8158249018319975,0.08333333333333333,1.9323,2.0017,0.0,15.5856,0.0,19.4824
20260701,30.0,8,16,legacy_explicit_residual_gate,-13.500083123535578,0.75,1,0,nan,0.8158249018319975,0.08333333333333333,2.0613,2.1215,15.5209,16.2874,0.7336,36.724700000000006
20260701,30.0,8,16,projection_energy_gate,-13.500083123535578,0.75,1,0,0.2976315840516565,0.8158249018319975,0.08333333333333333,1.9616,2.0644,0.0,15.3186,0.1635,19.3906
20260701,30.0,8,16,stage1_projection_energy_gate,-13.500083123535578,0.75,1,0,0.2976315840516565,0.8158249018319975,0.08333333333333333,2.0389,2.1663,0.0,15.9041,0.1493,20.3284
20260701,30.0,8,17,legacy_explicit_residual_gate,-19.894974327820893,0.75,1,0,nan,0.8242289739708768,0.08333333333333333,1.9898,2.0068,15.7149,15.4814,0.7429,35.8589
20260701,30.0,8,17,projection_energy_gate,-19.894974327820893,0.75,1,0,0.2629224776005253,0.8242289739708768,0.08333333333333333,1.9578,2.0456,0.0,15.2854,0.1414,19.4302
20260701,30.0,8,17,stage1_projection_energy_gate,-19.894974327820893,0.75,1,0,0.2629224776005253,0.8242289739708768,0.08333333333333333,1.9982,2.0742,0.0,16.4254,0.1461,20.4841
20260701,30.0,8,17,axiswise_candan_joint_ls,-19.894974327820893,0.75,1,0,nan,0.8242289739708768,0.08333333333333333,2.0401,2.0331,0.0,15.9102,0.0,19.9295
20260701,30.0,8,18,projection_energy_gate,-13.948506526072928,0.625,1,0,0.23817972349584374,0.8162797006290465,0.08333333333333333,2.0027,2.0308,0.0,15.7966,0.1905,20.2645
20260701,30.0,8,18,stage1_projection_energy_gate,-13.948506526072928,0.625,1,0,0.23817972349584374,0.8162797006290465,0.08333333333333333,2.0493,2.1433,0.0,16.1549,0.1491,20.444300000000002
20260701,30.0,8,18,axiswise_candan_joint_ls,-13.948506526072928,0.625,1,0,nan,0.8162797006290465,0.08333333333333333,1.8065,1.8855,0.0,14.7241,0.0,18.4879
20260701,30.0,8,18,legacy_explicit_residual_gate,-13.948506526072928,0.625,1,0,nan,0.8162797006290465,0.08333333333333333,2.0447,2.0637,16.2043,16.2081,0.8355,36.970000000000006
20260701,30.0,8,19,stage1_projection_energy_gate,-18.507670048868214,0.875,1,0,0.1753850899238765,0.8149995171387407,0.041666666666666664,2.4205,2.2871,0.0,16.1436,0.1492,21.0004
20260701,30.0,8,19,axiswise_candan_joint_ls,-18.507670048868214,0.875,1,0,nan,0.8149995171387407,0.041666666666666664,1.922,2.0892,0.0,15.5703,0.0,19.6261
20260701,30.0,8,19,legacy_explicit_residual_gate,-18.507670048868214,0.875,1,0,nan,0.8149995171387407,0.041666666666666664,2.0047,2.0654,15.5166,16.6115,0.7985,36.861399999999996
20260701,30.0,8,19,projection_energy_gate,-18.507670048868214,0.875,1,0,0.1753850899238765,0.8149995171387407,0.041666666666666664,1.8899,1.9292,0.0,14.9142,0.1518,18.852999999999998
20260702,0.0,2,0,axiswise_candan_joint_ls,-39.00091319847486,1.0,1,0,nan,0.812510026870497,0.0,1.8681,1.7535,0.0,3.6607,0.0,7.3237
20260702,0.0,2,0,legacy_explicit_residual_gate,-39.00091319847486,1.0,1,0,nan,0.812510026870497,0.0,1.9129,1.7188,3.7009,3.6414,0.6263,11.575700000000001
20260702,0.0,2,0,projection_energy_gate,-39.00091319847486,1.0,1,0,0.23958410037627562,0.812510026870497,0.0,1.8623,1.7551,0.0,3.8779,0.0903,7.5856
20260702,0.0,2,0,stage1_projection_energy_gate,-39.00091319847486,1.0,1,0,0.23958410037627562,0.812510026870497,0.0,1.8796,1.7669,0.0,3.6563,0.1054,7.3819
20260702,0.0,2,1,legacy_explicit_residual_gate,-35.865692370639316,1.0,1,0,nan,0.8255611335833338,0.0,1.9477,1.78,3.8584,3.6844,0.6316,11.9054
20260702,0.0,2,1,projection_energy_gate,-35.865692370639316,1.0,1,0,0.15660901248616033,0.8255611335833338,0.0,1.8585,1.7784,0.0,3.8569,0.1071,7.5877
20260702,0.0,2,1,stage1_projection_energy_gate,-35.865692370639316,1.0,1,0,0.15660901248616033,0.8255611335833338,0.0,1.8747,1.8602,0.0,3.8419,0.1369,7.699800000000001
20260702,0.0,2,1,axiswise_candan_joint_ls,-35.865692370639316,1.0,1,0,nan,0.8255611335833338,0.0,1.8965,1.757,0.0,3.7928,0.0,7.446300000000001
20260702,0.0,2,2,projection_energy_gate,-41.548454665450194,1.0,1,0,0.07932302666931622,0.8636560033019635,0.0,1.8553,1.7287,0.0,3.7313,0.0717,7.3591999999999995
20260702,0.0,2,2,stage1_projection_energy_gate,-41.548454665450194,1.0,1,0,0.07932302666931622,0.8636560033019635,0.0,1.8368,1.7947,0.0,3.7097,0.0735,7.4211
20260702,0.0,2,2,axiswise_candan_joint_ls,-41.548454665450194,1.0,1,0,nan,0.8636560033019635,0.0,1.9309,1.9498,0.0,3.7924,0.0,7.7197
20260702,0.0,2,2,legacy_explicit_residual_gate,-41.548454665450194,1.0,1,0,nan,0.8636560033019635,0.0,1.9054,1.724,3.7225,3.6808,0.6306,11.6493
20260702,0.0,2,3,stage1_projection_energy_gate,-12.895185675254435,0.5,1,0,0.12757632368362637,0.8356923177069625,0.16666666666666666,1.8035,1.6875,0.0,3.726,0.0816,7.2986
20260702,0.0,2,3,axiswise_candan_joint_ls,-12.895185675254435,0.5,1,0,nan,0.8356923177069625,0.16666666666666666,1.8101,1.7931,0.0,3.6933,0.0,7.4574
20260702,0.0,2,3,legacy_explicit_residual_gate,-12.895185675254435,0.5,1,0,nan,0.8356923177069625,0.16666666666666666,1.9421,1.7833,3.7751,3.6502,0.6128,11.711700000000002
20260702,0.0,2,3,projection_energy_gate,-12.895185675254435,0.5,1,0,0.12757632368362637,0.8356923177069625,0.16666666666666666,1.8192,1.6872,0.0,3.6922,0.0676,7.2612000000000005
20260702,0.0,2,4,axiswise_candan_joint_ls,-38.69178929145849,1.0,1,0,nan,0.815894938496417,0.0,1.7883,1.7079,0.0,3.6755,0.0,7.1982
20260702,0.0,2,4,legacy_explicit_residual_gate,-38.69178929145849,1.0,1,0,nan,0.815894938496417,0.0,1.8964,1.7098,3.6762,3.7112,0.6436,11.6578
20260702,0.0,2,4,projection_energy_gate,-38.69178929145849,1.0,1,0,0.11378707662099109,0.815894938496417,0.0,1.8038,1.7544,0.0,3.8326,0.1071,7.5289
20260702,0.0,2,4,stage1_projection_energy_gate,-38.69178929145849,1.0,1,0,0.11378707662099109,0.815894938496417,0.0,1.8584,1.774,0.0,3.8361,0.0982,7.615900000000001
20260702,0.0,2,5,legacy_explicit_residual_gate,-42.41355153417107,1.0,1,0,nan,0.8315166207048139,0.0,1.909,1.7075,3.7108,3.6256,0.6244,11.5394
20260702,0.0,2,5,projection_energy_gate,-42.41355153417107,1.0,1,0,0.15869109732100217,0.8315166207048139,0.0,1.8212,1.7274,0.0,3.6844,0.0707,7.3083
20260702,0.0,2,5,stage1_projection_energy_gate,-42.41355153417107,1.0,1,0,0.15869109732100217,0.8315166207048139,0.0,1.8285,1.7549,0.0,3.7584,0.0824,7.418
20260702,0.0,2,5,axiswise_candan_joint_ls,-42.41355153417107,1.0,1,0,nan,0.8315166207048139,0.0,1.8209,1.6933,0.0,3.7128,0.0,7.128500000000001
20260702,0.0,2,6,projection_energy_gate,-36.33670035544277,1.0,1,0,0.10429709783789459,0.8379871624755004,0.0,1.8165,1.757,0.0,3.6931,0.1099,7.359299999999999
20260702,0.0,2,6,stage1_projection_energy_gate,-36.33670035544277,1.0,1,0,0.10429709783789459,0.8379871624755004,0.0,1.8035,1.7515,0.0,3.6765,0.097,7.3777
20260702,0.0,2,6,axiswise_candan_joint_ls,-36.33670035544277,1.0,1,0,nan,0.8379871624755004,0.0,1.8004,1.7404,0.0,3.6519,0.0,7.1724
20260702,0.0,2,6,legacy_explicit_residual_gate,-36.33670035544277,1.0,1,0,nan,0.8379871624755004,0.0,1.97,1.8529,3.9086,3.7215,0.6428,12.240599999999999
20260702,0.0,2,7,stage1_projection_energy_gate,-42.06081625560961,1.0,1,0,0.1320352889827311,0.8147473393431827,0.0,1.7812,1.7142,0.0,3.7501,0.0923,7.3645
20260702,0.0,2,7,axiswise_candan_joint_ls,-42.06081625560961,1.0,1,0,nan,0.8147473393431827,0.0,1.8102,1.6878,0.0,3.789,0.0,7.3026
20260702,0.0,2,7,legacy_explicit_residual_gate,-42.06081625560961,1.0,1,0,nan,0.8147473393431827,0.0,1.8692,1.7058,3.6577,3.6259,0.6147,11.525500000000001
20260702,0.0,2,7,projection_energy_gate,-42.06081625560961,1.0,1,0,0.1320352889827311,0.8147473393431827,0.0,1.7901,1.6917,0.0,3.6521,0.0702,7.2027
20260702,0.0,2,8,axiswise_candan_joint_ls,-38.73257813078378,1.0,1,0,nan,0.8158290154089674,0.0,1.8226,1.7446,0.0,3.9819,0.0,7.549099999999999
20260702,0.0,2,8,legacy_explicit_residual_gate,-38.73257813078378,1.0,1,0,nan,0.8158290154089674,0.0,2.0036,1.7929,3.8501,3.951,0.6582,12.334900000000001
20260702,0.0,2,8,projection_energy_gate,-38.73257813078378,1.0,1,0,0.23156951678127455,0.8158290154089674,0.0,1.798,1.9366,0.0,3.7604,0.1287,7.5755
20260702,0.0,2,8,stage1_projection_energy_gate,-38.73257813078378,1.0,1,0,0.23156951678127455,0.8158290154089674,0.0,1.8055,1.7541,0.0,3.8257,0.1157,7.661300000000001
20260702,0.0,2,9,legacy_explicit_residual_gate,-36.178014970415845,1.0,1,0,nan,0.8263278015374211,0.0,1.901,1.7031,3.6585,3.6179,0.6182,11.5093
20260702,0.0,2,9,projection_energy_gate,-36.178014970415845,1.0,1,0,0.16320830306710044,0.8263278015374211,0.0,1.8892,1.8087,0.0,3.7696,0.0988,7.5976
20260702,0.0,2,9,stage1_projection_energy_gate,-36.178014970415845,1.0,1,0,0.16320830306710044,0.8263278015374211,0.0,1.8308,1.786,0.0,3.7757,0.1147,7.5572
20260702,0.0,2,9,axiswise_candan_joint_ls,-36.178014970415845,1.0,1,0,nan,0.8263278015374211,0.0,1.8354,1.7575,0.0,3.6214,0.0,7.252599999999999
20260702,0.0,2,10,projection_energy_gate,-39.65523195354573,1.0,1,0,0.15927703710439384,0.8198652651686822,0.0,1.923,1.7734,0.0,3.787,0.1159,7.7119
20260702,0.0,2,10,stage1_projection_energy_gate,-39.65523195354573,1.0,1,0,0.15927703710439384,0.8198652651686822,0.0,1.8487,1.7444,0.0,3.6587,0.1241,7.366200000000001
20260702,0.0,2,10,axiswise_candan_joint_ls,-39.65523195354573,1.0,1,0,nan,0.8198652651686822,0.0,1.8258,1.7228,0.0,3.6862,0.0,7.2814
20260702,0.0,2,10,legacy_explicit_residual_gate,-39.65523195354573,1.0,1,0,nan,0.8198652651686822,0.0,1.876,1.6978,3.7032,3.8357,0.6482,11.8373
20260702,0.0,2,11,stage1_projection_energy_gate,-39.28681086688099,1.0,1,0,0.24516058435114577,0.8172007627963327,0.0,1.9442,1.7255,0.0,3.6738,0.0697,7.4132
20260702,0.0,2,11,axiswise_candan_joint_ls,-39.28681086688099,1.0,1,0,nan,0.8172007627963327,0.0,1.8848,1.7941,0.0,3.816,0.0,7.4948999999999995
20260702,0.0,2,11,legacy_explicit_residual_gate,-39.28681086688099,1.0,1,0,nan,0.8172007627963327,0.0,1.9351,1.7666,3.7539,3.8232,0.7091,11.8897
20260702,0.0,2,11,projection_energy_gate,-39.28681086688099,1.0,1,0,0.24516058435114577,0.8172007627963327,0.0,1.925,1.8163,0.0,3.7172,0.1008,7.5073
20260702,0.0,2,12,axiswise_candan_joint_ls,-41.21986320801399,1.0,1,0,nan,0.8236505899248275,0.0,1.8599,1.7356,0.0,3.7758,0.0,7.334300000000001
20260702,0.0,2,12,legacy_explicit_residual_gate,-41.21986320801399,1.0,1,0,nan,0.8236505899248275,0.0,1.8871,1.7426,3.6997,3.6643,0.6443,11.6252
20260702,0.0,2,12,projection_energy_gate,-41.21986320801399,1.0,1,0,0.11164068239090631,0.8236505899248275,0.0,1.876,1.8565,0.0,3.6895,0.128,7.669499999999999
20260702,0.0,2,12,stage1_projection_energy_gate,-41.21986320801399,1.0,1,0,0.11164068239090631,0.8236505899248275,0.0,1.8511,1.7998,0.0,3.7794,0.1022,7.5256
20260702,0.0,2,13,legacy_explicit_residual_gate,-41.383448696234176,1.0,1,0,nan,0.825768072866994,0.0,1.9241,1.7426,3.751,3.7369,0.6329,11.8575
20260702,0.0,2,13,projection_energy_gate,-41.383448696234176,1.0,1,0,0.12458373708686331,0.825768072866994,0.0,1.8461,1.7687,0.0,3.771,0.0803,7.460400000000001
20260702,0.0,2,13,stage1_projection_energy_gate,-41.383448696234176,1.0,1,0,0.12458373708686331,0.825768072866994,0.0,1.8561,1.8188,0.0,3.7359,0.1282,7.4881
20260702,0.0,2,13,axiswise_candan_joint_ls,-41.383448696234176,1.0,1,0,nan,0.825768072866994,0.0,1.8057,1.737,0.0,3.7146,0.0,7.2458
20260702,0.0,2,14,projection_energy_gate,-34.18437291116936,1.0,1,0,0.17085630118916678,0.813128772652668,0.0,1.7998,1.807,0.0,3.702,0.0749,7.358300000000001
20260702,0.0,2,14,stage1_projection_energy_gate,-34.18437291116936,1.0,1,0,0.17085630118916678,0.813128772652668,0.0,1.904,1.831,0.0,3.8958,0.1182,7.785299999999999
20260702,0.0,2,14,axiswise_candan_joint_ls,-34.18437291116936,1.0,1,0,nan,0.813128772652668,0.0,1.8134,1.7469,0.0,3.5954,0.0,7.1601
20260702,0.0,2,14,legacy_explicit_residual_gate,-34.18437291116936,1.0,1,0,nan,0.813128772652668,0.0,1.8846,1.6927,3.6804,3.6327,0.6247,11.5257
20260702,0.0,2,15,stage1_projection_energy_gate,-11.261235945972839,0.5,1,0,0.0736976062476331,0.8161728550646937,0.16666666666666666,1.9769,1.9572,0.0,4.023,0.1687,8.0902
20260702,0.0,2,15,axiswise_candan_joint_ls,-11.261235945972839,0.5,1,0,nan,0.8161728550646937,0.16666666666666666,1.887,1.8099,0.0,3.7317,0.0,7.449
20260702,0.0,2,15,legacy_explicit_residual_gate,-11.261235945972839,0.5,1,0,nan,0.8161728550646937,0.16666666666666666,1.8789,1.7105,3.9956,3.858,0.688,12.0691
20260702,0.0,2,15,projection_energy_gate,-11.261235945972839,0.5,1,0,0.0736976062476331,0.8161728550646937,0.16666666666666666,1.8074,1.6972,0.0,3.6917,0.0762,7.269100000000001
20260702,0.0,2,16,axiswise_candan_joint_ls,-22.48744863271048,0.5,1,0,nan,0.8933050885246173,0.16666666666666666,1.8545,1.7242,0.0,3.7265,0.0,7.2881
20260702,0.0,2,16,legacy_explicit_residual_gate,-22.48744863271048,0.5,1,0,nan,0.8933050885246173,0.16666666666666666,1.9825,1.7772,3.7295,3.7157,0.6473,11.796199999999999
20260702,0.0,2,16,projection_energy_gate,-22.48744863271048,0.5,1,0,0.06559608314847855,0.8933050885246173,0.16666666666666666,1.8422,1.7202,0.0,3.6976,0.0698,7.3415
20260702,0.0,2,16,stage1_projection_energy_gate,-22.48744863271048,0.5,1,0,0.06559608314847855,0.8933050885246173,0.16666666666666666,1.8355,1.6885,0.0,3.6786,0.0691,7.273599999999999
20260702,0.0,2,17,legacy_explicit_residual_gate,-14.235514478927163,0.5,1,0,nan,0.8179598290228881,0.16666666666666666,1.8644,1.6867,3.6737,3.6229,0.6168,11.5817
20260702,0.0,2,17,projection_energy_gate,-14.235514478927163,0.5,1,0,0.10975683883285856,0.8179598290228881,0.16666666666666666,1.7837,1.6625,0.0,3.6533,0.0728,7.161900000000001
20260702,0.0,2,17,stage1_projection_energy_gate,-14.235514478927163,0.5,1,0,0.10975683883285856,0.8179598290228881,0.16666666666666666,1.7476,1.7174,0.0,3.6378,0.0729,7.1757
20260702,0.0,2,17,axiswise_candan_joint_ls,-14.235514478927163,0.5,1,0,nan,0.8179598290228881,0.16666666666666666,1.8623,1.8571,0.0,3.6208,0.0,7.3384
20260702,0.0,2,18,projection_energy_gate,-7.322895594423191,0.5,1,0,0.09013713334535842,0.8262528099806536,0.16666666666666666,1.8889,1.7516,0.0,3.7663,0.0707,7.5873
20260702,0.0,2,18,stage1_projection_energy_gate,-7.322895594423191,0.5,1,0,0.09013713334535842,0.8262528099806536,0.16666666666666666,1.8797,1.7746,0.0,3.7877,0.0689,7.6059
20260702,0.0,2,18,axiswise_candan_joint_ls,-7.322895594423191,0.5,1,0,nan,0.8262528099806536,0.16666666666666666,1.8505,1.7545,0.0,3.8862,0.0,7.7605
20260702,0.0,2,18,legacy_explicit_residual_gate,-7.322895594423191,0.5,1,0,nan,0.8262528099806536,0.16666666666666666,1.957,1.7439,3.7166,3.6827,0.6371,11.7549
20260702,0.0,2,19,stage1_projection_energy_gate,-36.20285076923159,1.0,1,0,0.159906966803048,0.8241249862100368,0.0,1.7901,1.7189,0.0,3.7379,0.0801,7.334
20260702,0.0,2,19,axiswise_candan_joint_ls,-36.20285076923159,1.0,1,0,nan,0.8241249862100368,0.0,1.7782,1.6812,0.0,3.6539,0.0,7.1121
20260702,0.0,2,19,legacy_explicit_residual_gate,-36.20285076923159,1.0,1,0,nan,0.8241249862100368,0.0,1.8689,1.712,3.7264,3.6454,0.623,11.8809
20260702,0.0,2,19,projection_energy_gate,-36.20285076923159,1.0,1,0,0.159906966803048,0.8241249862100368,0.0,1.8832,1.7572,0.0,3.7664,0.0887,7.5051000000000005
20260702,0.0,4,0,axiswise_candan_joint_ls,-36.80498350434877,1.0,1,0,nan,0.8185579192072584,0.0,1.8267,1.8034,0.0,6.9369,0.0,10.5196
20260702,0.0,4,0,legacy_explicit_residual_gate,-36.80498350434877,1.0,1,0,nan,0.8185579192072584,0.0,1.9579,1.8058,7.2137,6.959,0.6457,18.5272
20260702,0.0,4,0,projection_energy_gate,-36.80498350434877,1.0,1,0,0.11546501261600489,0.8185579192072584,0.0,1.8537,1.8226,0.0,6.961,0.1448,10.7778
20260702,0.0,4,0,stage1_projection_energy_gate,-36.80498350434877,1.0,1,0,0.11546501261600489,0.8185579192072584,0.0,1.8861,1.839,0.0,7.0334,0.1397,10.898200000000001
20260702,0.0,4,1,legacy_explicit_residual_gate,-35.53084895952369,1.0,1,0,nan,0.8168037518599315,0.0,1.9123,1.8037,7.2588,6.816,0.6341,18.6376
20260702,0.0,4,1,projection_energy_gate,-35.53084895952369,1.0,1,0,0.15144801559396676,0.8168037518599315,0.0,1.9423,1.8979,0.0,7.1028,0.1313,11.096
20260702,0.0,4,1,stage1_projection_energy_gate,-35.53084895952369,1.0,1,0,0.15144801559396676,0.8168037518599315,0.0,1.8418,1.8127,0.0,6.9578,0.138,10.7391
20260702,0.0,4,1,axiswise_candan_joint_ls,-35.53084895952369,1.0,1,0,nan,0.8168037518599315,0.0,1.8067,1.808,0.0,6.8485,0.0,10.5472
20260702,0.0,4,2,projection_energy_gate,-11.834711751319615,0.5,1,0,0.11490708713421076,0.8150651856681447,0.16666666666666666,1.9128,1.9826,0.0,7.265,0.144,11.2683
20260702,0.0,4,2,stage1_projection_energy_gate,-11.834711751319615,0.5,1,0,0.11490708713421076,0.8150651856681447,0.16666666666666666,1.8468,1.8452,0.0,7.0401,0.149,10.891499999999999
20260702,0.0,4,2,axiswise_candan_joint_ls,-11.834711751319615,0.5,1,0,nan,0.8150651856681447,0.16666666666666666,1.8345,1.7972,0.0,6.885,0.0,10.5552
20260702,0.0,4,2,legacy_explicit_residual_gate,-11.834711751319615,0.5,1,0,nan,0.8150651856681447,0.16666666666666666,1.9179,1.7964,6.9258,7.0976,0.6759,18.381999999999998
20260702,0.0,4,3,stage1_projection_energy_gate,-17.404166698512103,0.75,1,0,0.14646620370422359,0.8213583237034355,0.08333333333333333,1.8859,1.8229,0.0,6.9526,0.154,10.751199999999999
20260702,0.0,4,3,axiswise_candan_joint_ls,-17.404166698512103,0.75,1,0,nan,0.8213583237034355,0.08333333333333333,1.9104,1.8855,0.0,7.3447,0.0,11.058599999999998
20260702,0.0,4,3,legacy_explicit_residual_gate,-17.404166698512103,0.75,1,0,nan,0.8213583237034355,0.08333333333333333,1.9453,1.8675,7.2508,7.4313,0.6905,18.7292
20260702,0.0,4,3,projection_energy_gate,-17.404166698512103,0.75,1,0,0.14646620370422359,0.8213583237034355,0.08333333333333333,1.8296,1.8024,0.0,6.9629,0.1417,10.7074
20260702,0.0,4,4,axiswise_candan_joint_ls,-17.239782662399367,0.5,1,0,nan,0.5232261233412323,0.16666666666666666,1.8104,1.805,0.0,6.764,0.0,10.4008
20260702,0.0,4,4,legacy_explicit_residual_gate,-17.239782662399367,0.5,1,0,nan,0.5232261233412323,0.16666666666666666,1.9172,1.7971,7.0882,6.959,0.6414,18.469199999999997
20260702,0.0,4,4,projection_energy_gate,-17.239782662399367,0.5,1,0,0.04726790637873002,0.5232261233412323,0.16666666666666666,1.8291,1.8258,0.0,6.9436,0.1267,10.713500000000002
20260702,0.0,4,4,stage1_projection_energy_gate,-17.239782662399367,0.5,1,0,0.04726790637873002,0.5232261233412323,0.16666666666666666,1.9152,1.8839,0.0,7.1201,0.1746,11.0099
20260702,0.0,4,5,legacy_explicit_residual_gate,-32.649737008811506,1.0,1,0,nan,0.8083607686460081,0.0,1.9286,1.8811,6.905,6.8615,0.6239,18.2941
20260702,0.0,4,5,projection_energy_gate,-32.649737008811506,1.0,1,0,0.20324659476468473,0.8083607686460081,0.0,1.8514,1.7906,0.0,7.203,0.1715,10.9267
20260702,0.0,4,5,stage1_projection_energy_gate,-32.649737008811506,1.0,1,0,0.20324659476468473,0.8083607686460081,0.0,1.8442,1.8099,0.0,7.5969,0.2067,11.463199999999999
20260702,0.0,4,5,axiswise_candan_joint_ls,-32.649737008811506,1.0,1,0,nan,0.8083607686460081,0.0,1.8628,1.8926,0.0,6.952,0.0,10.6692
20260702,0.0,4,6,projection_energy_gate,-11.775571348949661,0.75,1,0,0.12021521852520242,0.8269068682262858,0.08333333333333333,1.935,1.954,0.0,7.2824,0.1834,11.3362
20260702,0.0,4,6,stage1_projection_energy_gate,-11.775571348949661,0.75,1,0,0.12021521852520242,0.8269068682262858,0.08333333333333333,1.8439,1.9131,0.0,6.943,0.1444,11.006599999999999
20260702,0.0,4,6,axiswise_candan_joint_ls,-11.775571348949661,0.75,1,0,nan,0.8269068682262858,0.08333333333333333,1.8471,1.8463,0.0,6.9995,0.0,10.717
20260702,0.0,4,6,legacy_explicit_residual_gate,-11.775571348949661,0.75,1,0,nan,0.8269068682262858,0.08333333333333333,1.8903,1.7666,7.2483,6.768,0.652,18.153200000000002
20260702,0.0,4,7,stage1_projection_energy_gate,-10.127719433336004,0.5,1,0,0.11620508207986206,0.8104013986836452,0.08333333333333333,1.8614,1.8388,0.0,6.7485,0.15,10.5741
20260702,0.0,4,7,axiswise_candan_joint_ls,-10.127719433336004,0.5,1,0,nan,0.8104013986836452,0.08333333333333333,1.7959,1.7795,0.0,6.732,0.0,10.368300000000001
20260702,0.0,4,7,legacy_explicit_residual_gate,-10.127719433336004,0.5,1,0,nan,0.8104013986836452,0.08333333333333333,1.9436,1.8576,6.8951,6.8687,0.635,18.256300000000003
20260702,0.0,4,7,projection_energy_gate,-10.127719433336004,0.5,1,0,0.11620508207986206,0.8104013986836452,0.08333333333333333,1.828,1.8335,0.0,6.7796,0.1346,10.5731
20260702,0.0,4,8,axiswise_candan_joint_ls,-38.072575871736056,1.0,1,0,nan,0.8273824731536349,0.0,1.7942,1.8074,0.0,6.8703,0.0,10.501100000000001
20260702,0.0,4,8,legacy_explicit_residual_gate,-38.072575871736056,1.0,1,0,nan,0.8273824731536349,0.0,1.923,1.8249,7.1089,7.0542,0.6982,18.5102
20260702,0.0,4,8,projection_energy_gate,-38.072575871736056,1.0,1,0,0.16117302645341697,0.8273824731536349,0.0,1.8344,1.8057,0.0,6.852,0.1337,10.629800000000001
20260702,0.0,4,8,stage1_projection_energy_gate,-38.072575871736056,1.0,1,0,0.16117302645341697,0.8273824731536349,0.0,1.8058,1.8223,0.0,6.8493,0.1282,10.6019
20260702,0.0,4,9,legacy_explicit_residual_gate,-16.633040505765432,0.75,1,0,nan,0.8490827172121334,0.08333333333333333,1.9668,1.8246,7.1646,7.0179,0.6479,18.6703
20260702,0.0,4,9,projection_energy_gate,-16.633040505765432,0.75,1,0,0.0488417110346148,0.8490827172121334,0.08333333333333333,1.863,1.8018,0.0,6.8203,0.1481,10.6418
20260702,0.0,4,9,stage1_projection_energy_gate,-16.633040505765432,0.75,1,0,0.0488417110346148,0.8490827172121334,0.08333333333333333,1.8288,1.7971,0.0,6.8532,0.1352,10.6257
20260702,0.0,4,9,axiswise_candan_joint_ls,-16.633040505765432,0.75,1,0,nan,0.8490827172121334,0.08333333333333333,1.9247,1.8408,0.0,7.2122,0.0,11.1061
20260702,0.0,4,10,projection_energy_gate,-9.670476841184406,0.75,1,0,0.17293460497152818,0.8129674832225847,0.08333333333333333,1.8316,1.7933,0.0,6.8667,0.1243,10.6154
20260702,0.0,4,10,stage1_projection_energy_gate,-9.670476841184406,0.75,1,0,0.17293460497152818,0.8129674832225847,0.08333333333333333,1.9164,1.9998,0.0,7.1207,0.1634,11.024899999999999
20260702,0.0,4,10,axiswise_candan_joint_ls,-9.670476841184406,0.75,1,0,nan,0.8129674832225847,0.08333333333333333,1.8542,1.8521,0.0,6.9639,0.0,10.6836
20260702,0.0,4,10,legacy_explicit_residual_gate,-9.670476841184406,0.75,1,0,nan,0.8129674832225847,0.08333333333333333,1.9883,1.891,7.2024,7.1285,0.6732,18.9429
20260702,0.0,4,11,stage1_projection_energy_gate,-37.3003832406482,1.0,1,0,0.07531294755643855,0.8307512325515845,0.0,1.9336,1.9067,0.0,6.9593,0.1436,10.9286
20260702,0.0,4,11,axiswise_candan_joint_ls,-37.3003832406482,1.0,1,0,nan,0.8307512325515845,0.0,1.9443,1.8912,0.0,6.9997,0.0,10.8504
20260702,0.0,4,11,legacy_explicit_residual_gate,-37.3003832406482,1.0,1,0,nan,0.8307512325515845,0.0,2.0531,1.8242,7.0071,7.0088,0.6662,18.477
20260702,0.0,4,11,projection_energy_gate,-37.3003832406482,1.0,1,0,0.07531294755643855,0.8307512325515845,0.0,1.8768,1.8239,0.0,6.8495,0.132,10.6625
20260702,0.0,4,12,axiswise_candan_joint_ls,-19.468121806715367,0.75,1,0,nan,0.8038417755315737,0.08333333333333333,1.8915,1.8698,0.0,7.2116,0.0,11.1651
20260702,0.0,4,12,legacy_explicit_residual_gate,-19.468121806715367,0.75,1,0,nan,0.8038417755315737,0.08333333333333333,1.9175,1.8143,7.0652,6.974,0.6258,18.6005
20260702,0.0,4,12,projection_energy_gate,-19.468121806715367,0.75,1,0,0.1487442044617562,0.8038417755315737,0.08333333333333333,1.9187,1.8846,0.0,7.3099,0.1756,11.289499999999999
20260702,0.0,4,12,stage1_projection_energy_gate,-19.468121806715367,0.75,1,0,0.1487442044617562,0.8038417755315737,0.08333333333333333,1.8639,1.8311,0.0,7.0087,0.139,10.8719
20260702,0.0,4,13,legacy_explicit_residual_gate,-34.126498902946025,1.0,1,0,nan,0.824123547175718,0.0,2.0141,1.9413,7.1003,7.1433,0.7152,18.6076
20260702,0.0,4,13,projection_energy_gate,-34.126498902946025,1.0,1,0,0.2076435980802455,0.824123547175718,0.0,1.8503,1.7959,0.0,6.9465,0.1408,10.7152
20260702,0.0,4,13,stage1_projection_energy_gate,-34.126498902946025,1.0,1,0,0.2076435980802455,0.824123547175718,0.0,1.8652,1.8362,0.0,7.0601,0.1475,11.0379
20260702,0.0,4,13,axiswise_candan_joint_ls,-34.126498902946025,1.0,1,0,nan,0.824123547175718,0.0,1.7979,1.7862,0.0,7.0214,0.0,10.6055
20260702,0.0,4,14,projection_energy_gate,-14.325206926987535,0.75,1,0,0.1461721789300367,0.8126921940067064,0.08333333333333333,1.8346,1.8036,0.0,6.8516,0.1479,10.643400000000002
20260702,0.0,4,14,stage1_projection_energy_gate,-14.325206926987535,0.75,1,0,0.1461721789300367,0.8126921940067064,0.08333333333333333,1.8321,1.8219,0.0,6.8734,0.1548,10.677100000000001
20260702,0.0,4,14,axiswise_candan_joint_ls,-14.325206926987535,0.75,1,0,nan,0.8126921940067064,0.08333333333333333,1.9162,1.815,0.0,7.44,0.0,11.1384
20260702,0.0,4,14,legacy_explicit_residual_gate,-14.325206926987535,0.75,1,0,nan,0.8126921940067064,0.08333333333333333,2.0244,1.9225,7.3493,7.1438,0.6915,19.1672
20260702,0.0,4,15,stage1_projection_energy_gate,-17.91278862003964,0.75,1,0,0.11010078794340473,0.8108584475847082,0.08333333333333333,1.9309,1.8768,0.0,7.1382,0.1346,11.1628
20260702,0.0,4,15,axiswise_candan_joint_ls,-17.91278862003964,0.75,1,0,nan,0.8108584475847082,0.08333333333333333,1.8547,1.8432,0.0,6.9657,0.0,10.6604
20260702,0.0,4,15,legacy_explicit_residual_gate,-17.91278862003964,0.75,1,0,nan,0.8108584475847082,0.08333333333333333,2.0327,1.9435,7.0368,6.9341,0.6818,18.541700000000002
20260702,0.0,4,15,projection_energy_gate,-17.91278862003964,0.75,1,0,0.11010078794340473,0.8108584475847082,0.08333333333333333,1.8291,1.8424,0.0,6.9541,0.1392,10.756400000000001
20260702,0.0,4,16,axiswise_candan_joint_ls,-11.29935118649305,0.75,1,0,nan,0.8178452529678139,0.08333333333333333,1.8828,1.8079,0.0,6.7685,0.0,10.4626
20260702,0.0,4,16,legacy_explicit_residual_gate,-11.29935118649305,0.75,1,0,nan,0.8178452529678139,0.08333333333333333,1.9538,1.7873,6.855,6.7096,0.6261,17.9262
20260702,0.0,4,16,projection_energy_gate,-11.29935118649305,0.75,1,0,0.15359748850933327,0.8178452529678139,0.08333333333333333,1.8678,1.7865,0.0,7.0292,0.1575,10.8436
20260702,0.0,4,16,stage1_projection_energy_gate,-11.29935118649305,0.75,1,0,0.15359748850933327,0.8178452529678139,0.08333333333333333,1.8468,1.8408,0.0,7.0389,0.1585,10.8241
20260702,0.0,4,17,legacy_explicit_residual_gate,-37.73965357664138,1.0,1,0,nan,0.8468244912859406,0.0,1.9482,1.8376,7.2072,6.9707,0.6444,18.4844
20260702,0.0,4,17,projection_energy_gate,-37.73965357664138,1.0,1,0,0.07877543264249805,0.8468244912859406,0.0,1.8737,1.8194,0.0,6.8761,0.1345,10.621
20260702,0.0,4,17,stage1_projection_energy_gate,-37.73965357664138,1.0,1,0,0.07877543264249805,0.8468244912859406,0.0,1.8514,1.8023,0.0,6.8805,0.1328,10.6736
20260702,0.0,4,17,axiswise_candan_joint_ls,-37.73965357664138,1.0,1,0,nan,0.8468244912859406,0.0,1.9197,1.8892,0.0,7.1491,0.0,10.958
20260702,0.0,4,18,projection_energy_gate,-13.733057395377969,0.5,1,0,0.13572000854525526,0.8221340938956406,0.08333333333333333,1.8462,1.8471,0.0,6.9815,0.1429,10.7843
20260702,0.0,4,18,stage1_projection_energy_gate,-13.733057395377969,0.5,1,0,0.13572000854525526,0.8221340938956406,0.08333333333333333,1.8131,1.9053,0.0,6.9916,0.1489,10.8589
20260702,0.0,4,18,axiswise_candan_joint_ls,-13.733057395377969,0.5,1,0,nan,0.8221340938956406,0.08333333333333333,1.8314,1.8391,0.0,7.1571,0.0,10.8977
20260702,0.0,4,18,legacy_explicit_residual_gate,-13.733057395377969,0.5,1,0,nan,0.8221340938956406,0.08333333333333333,1.9709,1.8355,6.9029,7.0113,0.6696,18.640600000000003
20260702,0.0,4,19,stage1_projection_energy_gate,-14.866361790221712,0.75,1,0,0.1539759836895174,0.8288235232388984,0.08333333333333333,1.9781,1.8855,0.0,7.0374,0.1597,10.970500000000001
20260702,0.0,4,19,axiswise_candan_joint_ls,-14.866361790221712,0.75,1,0,nan,0.8288235232388984,0.08333333333333333,1.8013,1.7777,0.0,6.9474,0.0,10.526399999999999
20260702,0.0,4,19,legacy_explicit_residual_gate,-14.866361790221712,0.75,1,0,nan,0.8288235232388984,0.08333333333333333,2.071,1.8864,7.155,7.1972,0.6531,19.1207
20260702,0.0,4,19,projection_energy_gate,-14.866361790221712,0.75,1,0,0.1539759836895174,0.8288235232388984,0.08333333333333333,1.905,1.8386,0.0,6.8176,0.1437,10.6686
20260702,0.0,8,0,axiswise_candan_joint_ls,-16.716139156065942,0.875,1,0,nan,0.8083715748156803,0.041666666666666664,1.9641,2.0357,0.0,15.0708,0.0,19.1741
20260702,0.0,8,0,legacy_explicit_residual_gate,-16.716139156065942,0.875,1,0,nan,0.8083715748156803,0.041666666666666664,1.9078,1.8922,14.6381,14.4838,0.5889,33.5925
20260702,0.0,8,0,projection_energy_gate,-16.716139156065942,0.875,1,0,0.16498792492084569,0.8083715748156803,0.041666666666666664,1.8472,1.9018,0.0,15.7461,0.1299,19.6608
20260702,0.0,8,0,stage1_projection_energy_gate,-16.716139156065942,0.875,1,0,0.16498792492084569,0.8083715748156803,0.041666666666666664,1.9164,2.063,0.0,15.7339,0.1386,20.052300000000002
20260702,0.0,8,1,legacy_explicit_residual_gate,-15.30185910550614,0.875,1,0,nan,0.809578232540574,0.041666666666666664,1.9264,1.957,15.5511,14.667,0.5934,34.847100000000005
20260702,0.0,8,1,projection_energy_gate,-15.30185910550614,0.875,1,0,0.13211556542360625,0.809578232540574,0.041666666666666664,1.9197,1.9497,0.0,14.8556,0.1399,18.8478
20260702,0.0,8,1,stage1_projection_energy_gate,-15.30185910550614,0.875,1,0,0.13211556542360625,0.809578232540574,0.041666666666666664,1.8824,1.9631,0.0,15.4908,0.1615,19.7175
20260702,0.0,8,1,axiswise_candan_joint_ls,-15.30185910550614,0.875,1,0,nan,0.809578232540574,0.041666666666666664,1.8459,1.9854,0.0,15.2244,0.0,19.0327
20260702,0.0,8,2,projection_energy_gate,-19.67475087200217,0.75,1,0,0.13574244055897883,0.824086256866927,0.041666666666666664,2.0089,1.9543,0.0,15.2238,0.1423,19.3922
20260702,0.0,8,2,stage1_projection_energy_gate,-19.67475087200217,0.75,1,0,0.13574244055897883,0.824086256866927,0.041666666666666664,2.0246,2.0973,0.0,15.2377,0.2227,19.7557
20260702,0.0,8,2,axiswise_candan_joint_ls,-19.67475087200217,0.75,1,0,nan,0.824086256866927,0.041666666666666664,1.8807,2.018,0.0,15.3367,0.0,19.2354
20260702,0.0,8,2,legacy_explicit_residual_gate,-19.67475087200217,0.75,1,0,nan,0.824086256866927,0.041666666666666664,1.9876,1.9886,15.0846,15.0281,0.7129,34.6653
20260702,0.0,8,3,stage1_projection_energy_gate,-34.114856964292386,1.0,1,0,0.13216686109559667,0.8273283309844625,0.0,1.8248,1.8936,0.0,15.1304,0.1448,18.9692
20260702,0.0,8,3,axiswise_candan_joint_ls,-34.114856964292386,1.0,1,0,nan,0.8273283309844625,0.0,1.8171,1.9084,0.0,14.8762,0.0,18.6063
20260702,0.0,8,3,legacy_explicit_residual_gate,-34.114856964292386,1.0,1,0,nan,0.8273283309844625,0.0,1.9819,1.9438,15.1545,15.553,0.6252,35.3623
20260702,0.0,8,3,projection_energy_gate,-34.114856964292386,1.0,1,0,0.13216686109559667,0.8273283309844625,0.0,1.8191,1.9205,0.0,14.646,0.1662,18.607100000000003
20260702,0.0,8,4,axiswise_candan_joint_ls,-13.902532140317525,0.625,1,0,nan,0.81079678713804,0.08333333333333333,1.9372,1.9566,0.0,15.1492,0.0,19.0565
20260702,0.0,8,4,legacy_explicit_residual_gate,-13.902532140317525,0.625,1,0,nan,0.81079678713804,0.08333333333333333,1.9581,1.9962,15.1985,15.0776,0.6301,34.739799999999995
20260702,0.0,8,4,projection_energy_gate,-13.902532140317525,0.625,1,0,0.09900645314408815,0.81079678713804,0.08333333333333333,1.8707,1.9397,0.0,14.8491,0.1418,18.798
20260702,0.0,8,4,stage1_projection_energy_gate,-13.902532140317525,0.625,1,0,0.09900645314408815,0.81079678713804,0.08333333333333333,2.0966,2.4407,0.0,18.4581,0.2335,23.466
20260702,0.0,8,5,legacy_explicit_residual_gate,-18.69426460969962,0.75,1,0,nan,0.8256934681963102,0.041666666666666664,1.9797,1.9478,15.1926,15.1297,0.6526,34.68770000000001
20260702,0.0,8,5,projection_energy_gate,-18.69426460969962,0.75,1,0,0.06514184701317839,0.8256934681963102,0.041666666666666664,1.8705,1.901,0.0,14.8951,0.1369,18.8184
20260702,0.0,8,5,stage1_projection_energy_gate,-18.69426460969962,0.75,1,0,0.06514184701317839,0.8256934681963102,0.041666666666666664,1.8653,1.9109,0.0,15.0479,0.1535,19.016399999999997
20260702,0.0,8,5,axiswise_candan_joint_ls,-18.69426460969962,0.75,1,0,nan,0.8256934681963102,0.041666666666666664,1.8736,1.9671,0.0,15.175,0.0,19.015700000000002
20260702,0.0,8,6,projection_energy_gate,-17.486751640410333,0.75,1,0,0.17093756438211938,0.8145459967678701,0.041666666666666664,1.9721,2.0385,0.0,15.2784,0.1614,19.578500000000002
20260702,0.0,8,6,stage1_projection_energy_gate,-17.486751640410333,0.75,1,0,0.17093756438211938,0.8145459967678701,0.041666666666666664,2.0703,2.0723,0.0,15.2159,0.2033,19.561799999999998
20260702,0.0,8,6,axiswise_candan_joint_ls,-17.486751640410333,0.75,1,0,nan,0.8145459967678701,0.041666666666666664,1.8591,1.9314,0.0,15.2059,0.0,18.976599999999998
20260702,0.0,8,6,legacy_explicit_residual_gate,-17.486751640410333,0.75,1,0,nan,0.8145459967678701,0.041666666666666664,2.0584,1.9801,15.0846,16.3057,0.6395,36.293499999999995
20260702,0.0,8,7,stage1_projection_energy_gate,-13.6454459964154,0.75,1,0,0.13979175610272404,0.8032205668241463,0.08333333333333333,1.8658,1.9447,0.0,14.9176,0.1319,18.975
20260702,0.0,8,7,axiswise_candan_joint_ls,-13.6454459964154,0.75,1,0,nan,0.8032205668241463,0.08333333333333333,1.8263,2.1913,0.0,15.3855,0.0,19.358800000000002
20260702,0.0,8,7,legacy_explicit_residual_gate,-13.6454459964154,0.75,1,0,nan,0.8032205668241463,0.08333333333333333,1.9692,1.9956,15.4324,14.9763,0.6623,35.686899999999994
20260702,0.0,8,7,projection_energy_gate,-13.6454459964154,0.75,1,0,0.13979175610272404,0.8032205668241463,0.08333333333333333,1.9499,1.9768,0.0,15.8514,0.1421,19.7691
20260702,0.0,8,8,axiswise_candan_joint_ls,-16.55439090889822,0.5,1,0,nan,0.8016907610206625,0.16666666666666666,1.8766,1.9082,0.0,14.8314,0.0,18.6834
20260702,0.0,8,8,legacy_explicit_residual_gate,-16.55439090889822,0.5,1,0,nan,0.8016907610206625,0.16666666666666666,1.9777,1.9503,14.9825,14.98,0.6202,35.224199999999996
20260702,0.0,8,8,projection_energy_gate,-16.55439090889822,0.5,1,0,0.07402904989241597,0.8016907610206625,0.16666666666666666,1.9115,1.975,0.0,15.4586,0.1521,19.566599999999998
20260702,0.0,8,8,stage1_projection_energy_gate,-16.55439090889822,0.5,1,0,0.07402904989241597,0.8016907610206625,0.16666666666666666,1.9234,1.9975,0.0,15.9138,0.1323,19.967000000000002
20260702,0.0,8,9,legacy_explicit_residual_gate,-15.573319806907175,0.5,1,0,nan,0.8165898907481429,0.08333333333333333,1.9734,1.9582,15.263,15.0883,0.6954,34.83839999999999
20260702,0.0,8,9,projection_energy_gate,-15.573319806907175,0.5,1,0,0.10996688699598957,0.8165898907481429,0.08333333333333333,1.906,1.9036,0.0,15.2115,0.1347,19.2955
20260702,0.0,8,9,stage1_projection_energy_gate,-15.573319806907175,0.5,1,0,0.10996688699598957,0.8165898907481429,0.08333333333333333,1.8705,1.8964,0.0,14.7259,0.1298,18.651999999999997
20260702,0.0,8,9,axiswise_candan_joint_ls,-15.573319806907175,0.5,1,0,nan,0.8165898907481429,0.08333333333333333,1.8926,1.9345,0.0,15.3637,0.0,19.3162
20260702,0.0,8,10,projection_energy_gate,-14.155734996215914,0.625,1,0,0.152939784381403,0.8105500703075801,0.08333333333333333,1.8722,1.934,0.0,15.0019,0.1377,18.9211
20260702,0.0,8,10,stage1_projection_energy_gate,-14.155734996215914,0.625,1,0,0.152939784381403,0.8105500703075801,0.08333333333333333,1.8777,2.039,0.0,15.1238,0.1321,19.243199999999998
20260702,0.0,8,10,axiswise_candan_joint_ls,-14.155734996215914,0.625,1,0,nan,0.8105500703075801,0.08333333333333333,1.8457,1.9753,0.0,15.1054,0.0,18.9681
20260702,0.0,8,10,legacy_explicit_residual_gate,-14.155734996215914,0.625,1,0,nan,0.8105500703075801,0.08333333333333333,1.9521,1.93,15.6614,15.232,0.6418,34.952200000000005
20260702,0.0,8,11,stage1_projection_energy_gate,-12.111944535849457,0.625,1,0,0.11958412397845107,0.8140915293602016,0.08333333333333333,1.9137,1.9746,0.0,14.8601,0.1506,18.824
20260702,0.0,8,11,axiswise_candan_joint_ls,-12.111944535849457,0.625,1,0,nan,0.8140915293602016,0.08333333333333333,1.9006,1.9457,0.0,15.6588,0.0,19.5372
20260702,0.0,8,11,legacy_explicit_residual_gate,-12.111944535849457,0.625,1,0,nan,0.8140915293602016,0.08333333333333333,1.9219,1.8884,14.9127,14.9884,0.6661,34.5797
20260702,0.0,8,11,projection_energy_gate,-12.111944535849457,0.625,1,0,0.11958412397845107,0.8140915293602016,0.08333333333333333,1.8779,1.9305,0.0,15.1353,0.177,19.0541
20260702,0.0,8,12,axiswise_candan_joint_ls,-14.45060026231598,0.75,1,0,nan,0.811708457624622,0.08333333333333333,1.8916,1.9285,0.0,14.7734,0.0,18.6032
20260702,0.0,8,12,legacy_explicit_residual_gate,-14.45060026231598,0.75,1,0,nan,0.811708457624622,0.08333333333333333,1.9692,1.9414,16.0414,15.154,0.6848,35.7623
20260702,0.0,8,12,projection_energy_gate,-14.45060026231598,0.75,1,0,0.17909422405917663,0.811708457624622,0.08333333333333333,1.9163,2.0792,0.0,15.1382,0.1443,19.266499999999997
20260702,0.0,8,12,stage1_projection_energy_gate,-14.45060026231598,0.75,1,0,0.17909422405917663,0.811708457624622,0.08333333333333333,1.8824,2.0459,0.0,16.2674,0.1706,19.8802
20260702,0.0,8,13,legacy_explicit_residual_gate,-17.035832859790006,0.75,1,0,nan,0.8156541113796374,0.041666666666666664,1.9542,1.959,15.3736,15.2413,0.64,35.1745
20260702,0.0,8,13,projection_energy_gate,-17.035832859790006,0.75,1,0,0.11165669333458683,0.8156541113796374,0.041666666666666664,1.8555,1.9256,0.0,15.1157,0.14,19.0325
20260702,0.0,8,13,stage1_projection_energy_gate,-17.035832859790006,0.75,1,0,0.11165669333458683,0.8156541113796374,0.041666666666666664,1.9334,2.0025,0.0,15.071,0.1762,19.1353
20260702,0.0,8,13,axiswise_candan_joint_ls,-17.035832859790006,0.75,1,0,nan,0.8156541113796374,0.041666666666666664,1.8915,1.9559,0.0,15.1713,0.0,19.2069
20260702,0.0,8,14,projection_energy_gate,-18.752094955799286,0.625,1,0,0.15131015339133683,0.8130796686821934,0.041666666666666664,1.8828,1.893,0.0,15.0073,0.1564,18.9262
20260702,0.0,8,14,stage1_projection_energy_gate,-18.752094955799286,0.625,1,0,0.15131015339133683,0.8130796686821934,0.041666666666666664,1.8342,1.9313,0.0,15.1423,0.1434,19.053500000000003
20260702,0.0,8,14,axiswise_candan_joint_ls,-18.752094955799286,0.625,1,0,nan,0.8130796686821934,0.041666666666666664,1.908,1.9878,0.0,15.9457,0.0,19.651
20260702,0.0,8,14,legacy_explicit_residual_gate,-18.752094955799286,0.625,1,0,nan,0.8130796686821934,0.041666666666666664,1.9454,1.8984,15.2553,15.0795,0.5967,34.6915
20260702,0.0,8,15,stage1_projection_energy_gate,-15.357473436876539,0.875,1,0,0.09344657367675727,0.8277604725610733,0.041666666666666664,1.9321,1.9898,0.0,14.9007,0.1428,19.0895
20260702,0.0,8,15,axiswise_candan_joint_ls,-15.357473436876539,0.875,1,0,nan,0.8277604725610733,0.041666666666666664,1.9172,1.9772,0.0,14.7008,0.0,18.57
20260702,0.0,8,15,legacy_explicit_residual_gate,-15.357473436876539,0.875,1,0,nan,0.8277604725610733,0.041666666666666664,1.9618,1.9563,14.8695,15.0665,0.6275,34.5399
20260702,0.0,8,15,projection_energy_gate,-15.357473436876539,0.875,1,0,0.09344657367675727,0.8277604725610733,0.041666666666666664,1.9231,2.0598,0.0,15.856,0.1455,19.5479
20260702,0.0,8,16,axiswise_candan_joint_ls,-19.868579599143942,0.75,1,0,nan,0.7978787163226111,0.041666666666666664,1.9499,1.8681,0.0,14.785,0.0,18.595
20260702,0.0,8,16,legacy_explicit_residual_gate,-19.868579599143942,0.75,1,0,nan,0.7978787163226111,0.041666666666666664,1.9841,1.9406,14.9436,14.7305,0.6425,34.1318
20260702,0.0,8,16,projection_energy_gate,-19.868579599143942,0.75,1,0,0.1127387778868892,0.7978787163226111,0.041666666666666664,2.0192,2.0102,0.0,14.69,0.1514,18.8539
20260702,0.0,8,16,stage1_projection_energy_gate,-19.868579599143942,0.75,1,0,0.1127387778868892,0.7978787163226111,0.041666666666666664,1.8788,1.8862,0.0,16.3911,0.1549,20.4072
20260702,0.0,8,17,legacy_explicit_residual_gate,-16.753018236181234,0.875,1,0,nan,0.8034611902930281,0.041666666666666664,1.9074,2.0705,15.0723,15.0356,0.7661,34.6426
20260702,0.0,8,17,projection_energy_gate,-16.753018236181234,0.875,1,0,0.18421372343443274,0.8034611902930281,0.041666666666666664,2.0191,2.0864,0.0,15.4909,0.1347,19.7365
20260702,0.0,8,17,stage1_projection_energy_gate,-16.753018236181234,0.875,1,0,0.18421372343443274,0.8034611902930281,0.041666666666666664,1.8796,1.9234,0.0,15.1792,0.136,19.1374
20260702,0.0,8,17,axiswise_candan_joint_ls,-16.753018236181234,0.875,1,0,nan,0.8034611902930281,0.041666666666666664,1.8841,1.9793,0.0,14.9466,0.0,18.7835
20260702,0.0,8,18,projection_energy_gate,-11.396425935827372,0.625,1,0,0.17199261726594386,0.812674380241232,0.125,1.8989,1.9563,0.0,14.809,0.1543,18.8232
20260702,0.0,8,18,stage1_projection_energy_gate,-11.396425935827372,0.625,1,0,0.17199261726594386,0.812674380241232,0.125,1.8525,1.9093,0.0,14.7385,0.1421,18.6707
20260702,0.0,8,18,axiswise_candan_joint_ls,-11.396425935827372,0.625,1,0,nan,0.812674380241232,0.125,1.8529,1.94,0.0,15.3046,0.0,19.582700000000003
20260702,0.0,8,18,legacy_explicit_residual_gate,-11.396425935827372,0.625,1,0,nan,0.812674380241232,0.125,1.9862,1.9462,14.9071,14.7343,0.6399,34.3844
20260702,0.0,8,19,stage1_projection_energy_gate,-14.136328615990157,0.75,1,0,0.09279411822118862,0.8114926165335248,0.08333333333333333,1.9468,1.9941,0.0,15.475,0.1365,19.557100000000002
20260702,0.0,8,19,axiswise_candan_joint_ls,-14.136328615990157,0.75,1,0,nan,0.8114926165335248,0.08333333333333333,1.9414,2.081,0.0,15.319,0.0,19.261
20260702,0.0,8,19,legacy_explicit_residual_gate,-14.136328615990157,0.75,1,0,nan,0.8114926165335248,0.08333333333333333,2.1755,2.2734,15.947,16.4664,0.7728,38.110499999999995
20260702,0.0,8,19,projection_energy_gate,-14.136328615990157,0.75,1,0,0.09279411822118862,0.8114926165335248,0.08333333333333333,2.1495,2.2997,0.0,17.8837,0.1676,22.187800000000003
20260702,10.0,2,0,axiswise_candan_joint_ls,-51.909023085657765,1.0,1,0,nan,0.8570689561706014,0.0,2.1292,2.035,0.0,4.1043,0.0,8.4595
20260702,10.0,2,0,legacy_explicit_residual_gate,-51.909023085657765,1.0,1,0,nan,0.8570689561706014,0.0,2.0085,1.9251,4.0834,4.1126,0.807,13.0572
20260702,10.0,2,0,projection_energy_gate,-51.909023085657765,1.0,1,0,0.14321562924736186,0.8570689561706014,0.0,1.9788,1.9267,0.0,4.2018,0.2199,8.513800000000002
20260702,10.0,2,0,stage1_projection_energy_gate,-51.909023085657765,1.0,1,0,0.14321562924736186,0.8570689561706014,0.0,1.9658,1.8728,0.0,3.9927,0.1723,8.106
20260702,10.0,2,1,legacy_explicit_residual_gate,-45.952567607211215,1.0,1,0,nan,0.8256709066956205,0.0,2.0089,1.857,4.1902,3.9001,0.7635,12.9401
20260702,10.0,2,1,projection_energy_gate,-45.952567607211215,1.0,1,0,0.36528373153494437,0.8256709066956205,0.0,1.9308,1.9353,0.0,3.8989,0.1344,8.0438
20260702,10.0,2,1,stage1_projection_energy_gate,-45.952567607211215,1.0,1,0,0.36528373153494437,0.8256709066956205,0.0,1.9498,1.8842,0.0,4.0201,0.1437,7.9616
20260702,10.0,2,1,axiswise_candan_joint_ls,-45.952567607211215,1.0,1,0,nan,0.8256709066956205,0.0,1.8994,1.9382,0.0,3.8574,0.0,7.7851
20260702,10.0,2,2,projection_energy_gate,-7.346684580021541,0.5,1,0,0.21074867639852202,0.821773441473191,0.16666666666666666,1.9147,1.8529,0.0,3.7652,0.1217,7.636799999999999
20260702,10.0,2,2,stage1_projection_energy_gate,-7.346684580021541,0.5,1,0,0.21074867639852202,0.821773441473191,0.16666666666666666,1.9465,1.9527,0.0,4.0968,0.1238,8.553099999999999
20260702,10.0,2,2,axiswise_candan_joint_ls,-7.346684580021541,0.5,1,0,nan,0.821773441473191,0.16666666666666666,2.024,1.8944,0.0,4.0325,0.0,8.1266
20260702,10.0,2,2,legacy_explicit_residual_gate,-7.346684580021541,0.5,1,0,nan,0.821773441473191,0.16666666666666666,2.0319,1.852,3.9478,3.8969,0.7031,12.419500000000001
20260702,10.0,2,3,stage1_projection_energy_gate,-9.066352599082864,0.5,1,0,0.26135073798330527,0.8141848173193573,0.16666666666666666,1.8554,1.7355,0.0,3.8197,0.1,7.503399999999999
20260702,10.0,2,3,axiswise_candan_joint_ls,-9.066352599082864,0.5,1,0,nan,0.8141848173193573,0.16666666666666666,1.8394,1.8534,0.0,3.7577,0.0,7.4868999999999994
20260702,10.0,2,3,legacy_explicit_residual_gate,-9.066352599082864,0.5,1,0,nan,0.8141848173193573,0.16666666666666666,2.0245,1.7796,3.8414,3.8451,0.7593,12.1588
20260702,10.0,2,3,projection_energy_gate,-9.066352599082864,0.5,1,0,0.26135073798330527,0.8141848173193573,0.16666666666666666,1.8626,1.7572,0.0,3.8073,0.0979,7.507
20260702,10.0,2,4,axiswise_candan_joint_ls,-46.2275022201386,1.0,1,0,nan,0.8233099150882062,0.0,1.911,1.9411,0.0,3.8677,0.0,7.5844000000000005
20260702,10.0,2,4,legacy_explicit_residual_gate,-46.2275022201386,1.0,1,0,nan,0.8233099150882062,0.0,2.0531,1.919,3.9321,3.8176,0.7113,12.3489
20260702,10.0,2,4,projection_energy_gate,-46.2275022201386,1.0,1,0,0.3184810374541751,0.8233099150882062,0.0,1.9405,1.8584,0.0,3.8527,0.1688,7.7982
20260702,10.0,2,4,stage1_projection_energy_gate,-46.2275022201386,1.0,1,0,0.3184810374541751,0.8233099150882062,0.0,2.0276,1.9524,0.0,3.9513,0.1021,8.0659
20260702,10.0,2,5,legacy_explicit_residual_gate,-52.77323109403878,1.0,1,0,nan,0.8556207971054623,0.0,1.9436,1.8194,3.9852,3.8083,0.6777,12.2067
20260702,10.0,2,5,projection_energy_gate,-52.77323109403878,1.0,1,0,0.17245862126049596,0.8556207971054623,0.0,1.9476,1.9993,0.0,3.9255,0.124,7.9957
20260702,10.0,2,5,stage1_projection_energy_gate,-52.77323109403878,1.0,1,0,0.17245862126049596,0.8556207971054623,0.0,1.9884,1.9147,0.0,3.9271,0.1078,7.8983
20260702,10.0,2,5,axiswise_candan_joint_ls,-52.77323109403878,1.0,1,0,nan,0.8556207971054623,0.0,1.8781,1.9449,0.0,3.8703,0.0,7.748799999999999
20260702,10.0,2,6,projection_energy_gate,-50.26996126107588,1.0,1,0,0.26838612406587037,0.8415156491141164,0.0,1.8765,1.821,0.0,3.9124,0.0934,7.6464
20260702,10.0,2,6,stage1_projection_energy_gate,-50.26996126107588,1.0,1,0,0.26838612406587037,0.8415156491141164,0.0,1.854,1.8369,0.0,3.9722,0.1174,7.808599999999999
20260702,10.0,2,6,axiswise_candan_joint_ls,-50.26996126107588,1.0,1,0,nan,0.8415156491141164,0.0,1.9043,1.8235,0.0,3.7805,0.0,7.5433
20260702,10.0,2,6,legacy_explicit_residual_gate,-50.26996126107588,1.0,1,0,nan,0.8415156491141164,0.0,2.0263,1.8918,3.8988,3.781,0.6977,12.392
20260702,10.0,2,7,stage1_projection_energy_gate,-51.860332260128494,1.0,1,0,0.2682364193828394,0.8162975705652101,0.0,1.9376,1.7656,0.0,3.9067,0.1241,7.7085
20260702,10.0,2,7,axiswise_candan_joint_ls,-51.860332260128494,1.0,1,0,nan,0.8162975705652101,0.0,1.9101,1.8936,0.0,3.9063,0.0,7.7505
20260702,10.0,2,7,legacy_explicit_residual_gate,-51.860332260128494,1.0,1,0,nan,0.8162975705652101,0.0,2.0261,1.8899,3.8427,3.7489,0.6625,12.141599999999999
20260702,10.0,2,7,projection_energy_gate,-51.860332260128494,1.0,1,0,0.2682364193828394,0.8162975705652101,0.0,1.9001,1.7783,0.0,3.7689,0.0782,7.5186
20260702,10.0,2,8,axiswise_candan_joint_ls,-51.17501666438049,1.0,1,0,nan,0.8384563197935346,0.0,1.9679,1.852,0.0,4.1906,0.0,8.0063
20260702,10.0,2,8,legacy_explicit_residual_gate,-51.17501666438049,1.0,1,0,nan,0.8384563197935346,0.0,1.9728,1.8714,3.827,3.77,0.6724,12.072700000000001
20260702,10.0,2,8,projection_energy_gate,-51.17501666438049,1.0,1,0,0.19549222747824932,0.8384563197935346,0.0,1.9131,1.8592,0.0,3.7954,0.1492,7.7585
20260702,10.0,2,8,stage1_projection_energy_gate,-51.17501666438049,1.0,1,0,0.19549222747824932,0.8384563197935346,0.0,2.1983,1.9927,0.0,4.2166,0.1984,8.5413
20260702,10.0,2,9,legacy_explicit_residual_gate,-13.553799185264605,0.5,1,0,nan,0.8481330666698844,0.16666666666666666,2.1126,1.9374,3.9829,3.838,0.7745,12.5719
20260702,10.0,2,9,projection_energy_gate,-13.553799185264605,0.5,1,0,0.19755847573976879,0.8481330666698844,0.16666666666666666,1.9068,1.9637,0.0,3.9576,0.1417,8.0969
20260702,10.0,2,9,stage1_projection_energy_gate,-13.553799185264605,0.5,1,0,0.19755847573976879,0.8481330666698844,0.16666666666666666,1.9068,1.8237,0.0,3.8874,0.1101,7.78
20260702,10.0,2,9,axiswise_candan_joint_ls,-13.553799185264605,0.5,1,0,nan,0.8481330666698844,0.16666666666666666,1.8906,1.9121,0.0,3.805,0.0,7.649100000000001
20260702,10.0,2,10,projection_energy_gate,-47.82864932423984,1.0,1,0,0.14615198569901366,0.8344392862125551,0.0,1.8945,1.8293,0.0,4.0199,0.1027,7.907700000000001
20260702,10.0,2,10,stage1_projection_energy_gate,-47.82864932423984,1.0,1,0,0.14615198569901366,0.8344392862125551,0.0,1.9768,1.9226,0.0,3.9007,0.1457,7.8877999999999995
20260702,10.0,2,10,axiswise_candan_joint_ls,-47.82864932423984,1.0,1,0,nan,0.8344392862125551,0.0,1.8513,1.8098,0.0,3.8172,0.0,7.4428
20260702,10.0,2,10,legacy_explicit_residual_gate,-47.82864932423984,1.0,1,0,nan,0.8344392862125551,0.0,1.9908,1.811,3.845,3.7664,0.6801,12.082899999999999
20260702,10.0,2,11,stage1_projection_energy_gate,-46.667621236491385,1.0,1,0,0.2990889819374248,0.8206798120113132,0.0,1.8512,1.7318,0.0,3.7299,0.0856,7.4542
20260702,10.0,2,11,axiswise_candan_joint_ls,-46.667621236491385,1.0,1,0,nan,0.8206798120113132,0.0,2.0053,1.7747,0.0,3.7736,0.0,7.5837
20260702,10.0,2,11,legacy_explicit_residual_gate,-46.667621236491385,1.0,1,0,nan,0.8206798120113132,0.0,2.0368,1.8003,3.8454,3.7648,0.6513,12.2213
20260702,10.0,2,11,projection_energy_gate,-46.667621236491385,1.0,1,0,0.2990889819374248,0.8206798120113132,0.0,1.8869,1.7518,0.0,3.7005,0.0793,7.411
20260702,10.0,2,12,axiswise_candan_joint_ls,-49.12701809831431,1.0,1,0,nan,0.8272055038601381,0.0,1.8685,1.7742,0.0,3.8434,0.0,7.4818999999999996
20260702,10.0,2,12,legacy_explicit_residual_gate,-49.12701809831431,1.0,1,0,nan,0.8272055038601381,0.0,2.05,1.8231,3.9429,3.8306,0.7167,12.363299999999999
20260702,10.0,2,12,projection_energy_gate,-49.12701809831431,1.0,1,0,0.2858161722616324,0.8272055038601381,0.0,1.9161,1.9588,0.0,3.944,0.1437,7.9535
20260702,10.0,2,12,stage1_projection_energy_gate,-49.12701809831431,1.0,1,0,0.2858161722616324,0.8272055038601381,0.0,1.9395,1.7845,0.0,3.7104,0.1009,7.5973999999999995
20260702,10.0,2,13,legacy_explicit_residual_gate,-49.27336837548157,1.0,1,0,nan,0.8180422264120393,0.0,2.0042,1.8642,3.9707,3.8711,0.7108,12.419300000000002
20260702,10.0,2,13,projection_energy_gate,-49.27336837548157,1.0,1,0,0.00895121464099007,0.8180422264120393,0.0,1.8398,1.7895,0.0,3.8656,0.0868,7.6022
20260702,10.0,2,13,stage1_projection_energy_gate,-49.27336837548157,1.0,1,0,0.00895121464099007,0.8180422264120393,0.0,1.891,1.8668,0.0,3.9006,0.1077,7.807
20260702,10.0,2,13,axiswise_candan_joint_ls,-49.27336837548157,1.0,1,0,nan,0.8180422264120393,0.0,1.879,1.8049,0.0,3.6989,0.0,7.3828
20260702,10.0,2,14,projection_energy_gate,-46.07872125572848,1.0,1,0,0.34362883205787537,0.8184391994729173,0.0,1.9104,2.0748,0.0,4.2035,0.169,8.3833
20260702,10.0,2,14,stage1_projection_energy_gate,-46.07872125572848,1.0,1,0,0.34362883205787537,0.8184391994729173,0.0,1.9275,1.8998,0.0,4.0487,0.1535,8.1871
20260702,10.0,2,14,axiswise_candan_joint_ls,-46.07872125572848,1.0,1,0,nan,0.8184391994729173,0.0,1.8927,1.7646,0.0,3.7975,0.0,7.3927
20260702,10.0,2,14,legacy_explicit_residual_gate,-46.07872125572848,1.0,1,0,nan,0.8184391994729173,0.0,1.9721,1.8795,3.9663,3.8388,0.6736,12.288900000000002
20260702,10.0,2,15,stage1_projection_energy_gate,-9.427287546330925,0.5,1,0,0.2189197641507002,0.8198492694630563,0.16666666666666666,1.8491,1.8385,0.0,3.6967,0.0981,7.579999999999999
20260702,10.0,2,15,axiswise_candan_joint_ls,-9.427287546330925,0.5,1,0,nan,0.8198492694630563,0.16666666666666666,1.948,1.8485,0.0,3.7908,0.0,7.6364
20260702,10.0,2,15,legacy_explicit_residual_gate,-9.427287546330925,0.5,1,0,nan,0.8198492694630563,0.16666666666666666,2.2315,1.8895,3.9148,3.895,0.7406,12.8882
20260702,10.0,2,15,projection_energy_gate,-9.427287546330925,0.5,1,0,0.2189197641507002,0.8198492694630563,0.16666666666666666,2.0968,1.9316,0.0,4.2039,0.1512,8.4081
20260702,10.0,2,16,axiswise_candan_joint_ls,-45.476198231584426,1.0,1,0,nan,0.8172894611593011,0.0,1.9044,1.8885,0.0,3.9153,0.0,7.7982
20260702,10.0,2,16,legacy_explicit_residual_gate,-45.476198231584426,1.0,1,0,nan,0.8172894611593011,0.0,1.9492,1.7752,3.7653,3.7198,0.6759,11.9336
20260702,10.0,2,16,projection_energy_gate,-45.476198231584426,1.0,1,0,0.2240172501003866,0.8172894611593011,0.0,1.8675,1.7936,0.0,3.8706,0.0943,7.608899999999999
20260702,10.0,2,16,stage1_projection_energy_gate,-45.476198231584426,1.0,1,0,0.2240172501003866,0.8172894611593011,0.0,1.8767,1.7875,0.0,4.039,0.1076,7.9216
20260702,10.0,2,17,legacy_explicit_residual_gate,-49.56752034513756,1.0,1,0,nan,0.8181948817060534,0.0,2.1521,1.9859,4.1034,4.0159,0.7841,13.2777
20260702,10.0,2,17,projection_energy_gate,-49.56752034513756,1.0,1,0,0.19619060673418148,0.8181948817060534,0.0,1.8843,1.7869,0.0,3.9291,0.113,7.709600000000001
20260702,10.0,2,17,stage1_projection_energy_gate,-49.56752034513756,1.0,1,0,0.19619060673418148,0.8181948817060534,0.0,1.9081,1.8632,0.0,3.9537,0.1003,7.790800000000001
20260702,10.0,2,17,axiswise_candan_joint_ls,-49.56752034513756,1.0,1,0,nan,0.8181948817060534,0.0,1.9062,1.8907,0.0,3.9317,0.0,7.6875
20260702,10.0,2,18,projection_energy_gate,-9.725026707911272,0.5,1,0,0.21890077312967982,0.8175943764338095,0.16666666666666666,1.8854,1.8525,0.0,3.8288,0.1223,7.689
20260702,10.0,2,18,stage1_projection_energy_gate,-9.725026707911272,0.5,1,0,0.21890077312967982,0.8175943764338095,0.16666666666666666,1.9002,1.7909,0.0,3.7489,0.0942,7.5119
20260702,10.0,2,18,axiswise_candan_joint_ls,-9.725026707911272,0.5,1,0,nan,0.8175943764338095,0.16666666666666666,1.9193,1.8421,0.0,3.8748,0.0,7.6492
20260702,10.0,2,18,legacy_explicit_residual_gate,-9.725026707911272,0.5,1,0,nan,0.8175943764338095,0.16666666666666666,1.9962,1.8054,3.9618,3.928,0.7705,12.4754
20260702,10.0,2,19,stage1_projection_energy_gate,-21.695091330676032,0.5,1,0,0.30631134369635477,0.8190005789693667,0.16666666666666666,1.8614,1.7442,0.0,3.9582,0.1121,7.877299999999999
20260702,10.0,2,19,axiswise_candan_joint_ls,-21.695091330676032,0.5,1,0,nan,0.8190005789693667,0.16666666666666666,1.9837,1.8546,0.0,3.7865,0.0,7.699
20260702,10.0,2,19,legacy_explicit_residual_gate,-21.695091330676032,0.5,1,0,nan,0.8190005789693667,0.16666666666666666,1.9853,1.7542,3.785,3.7346,0.6644,11.9687
20260702,10.0,2,19,projection_energy_gate,-21.695091330676032,0.5,1,0,0.30631134369635477,0.8190005789693667,0.16666666666666666,1.8362,1.7597,0.0,3.8516,0.0827,7.5443
20260702,10.0,4,0,axiswise_candan_joint_ls,-20.574250390972995,0.75,1,0,nan,0.8233389402722289,0.08333333333333333,1.8433,1.8135,0.0,7.0601,0.0,10.753
20260702,10.0,4,0,legacy_explicit_residual_gate,-20.574250390972995,0.75,1,0,nan,0.8233389402722289,0.08333333333333333,1.9312,1.923,7.2649,7.1386,0.7157,18.9908
20260702,10.0,4,0,projection_energy_gate,-20.574250390972995,0.75,1,0,0.21741572828763525,0.8233389402722289,0.08333333333333333,1.8512,1.8927,0.0,7.1117,0.1649,11.044400000000001
20260702,10.0,4,0,stage1_projection_energy_gate,-20.574250390972995,0.75,1,0,0.21741572828763525,0.8233389402722289,0.08333333333333333,1.9014,1.8786,0.0,7.1899,0.1805,11.294
20260702,10.0,4,1,legacy_explicit_residual_gate,-12.662661728348308,0.75,1,0,nan,0.8168068783184661,0.08333333333333333,1.9882,1.9436,7.4066,7.0478,0.676,19.108700000000002
20260702,10.0,4,1,projection_energy_gate,-12.662661728348308,0.75,1,0,0.27896305441162883,0.8168068783184661,0.08333333333333333,1.9473,1.9994,0.0,7.8273,0.1736,11.9408
20260702,10.0,4,1,stage1_projection_energy_gate,-12.662661728348308,0.75,1,0,0.27896305441162883,0.8168068783184661,0.08333333333333333,1.9242,1.9216,0.0,7.3397,0.1492,11.2205
20260702,10.0,4,1,axiswise_candan_joint_ls,-12.662661728348308,0.75,1,0,nan,0.8168068783184661,0.08333333333333333,1.9556,1.9852,0.0,7.4529,0.0,11.3491
20260702,10.0,4,2,projection_energy_gate,-44.130900782240694,1.0,1,0,0.32526122770398086,0.8115490486077971,0.0,1.8916,1.8539,0.0,7.1221,0.1775,10.9415
20260702,10.0,4,2,stage1_projection_energy_gate,-44.130900782240694,1.0,1,0,0.32526122770398086,0.8115490486077971,0.0,1.9428,1.9285,0.0,7.2189,0.1782,11.2766
20260702,10.0,4,2,axiswise_candan_joint_ls,-44.130900782240694,1.0,1,0,nan,0.8115490486077971,0.0,1.8533,1.9081,0.0,7.215,0.0,11.0063
20260702,10.0,4,2,legacy_explicit_residual_gate,-44.130900782240694,1.0,1,0,nan,0.8115490486077971,0.0,2.0252,1.9122,7.3075,7.2243,0.7619,19.2617
20260702,10.0,4,3,stage1_projection_energy_gate,-26.266342292609046,0.5,1,0,0.4263288037976529,0.8148533128119098,0.08333333333333333,2.0062,1.9385,0.0,7.3602,0.16,11.3984
20260702,10.0,4,3,axiswise_candan_joint_ls,-26.266342292609046,0.5,1,0,nan,0.8148533128119098,0.08333333333333333,1.9345,1.9226,0.0,7.3235,0.0,11.2043
20260702,10.0,4,3,legacy_explicit_residual_gate,-26.266342292609046,0.5,1,0,nan,0.8148533128119098,0.08333333333333333,1.9974,1.9364,7.5363,7.3369,0.7202,19.5174
20260702,10.0,4,3,projection_energy_gate,-26.266342292609046,0.5,1,0,0.4263288037976529,0.8148533128119098,0.08333333333333333,2.1583,2.3488,0.0,7.8502,0.2009,12.8463
20260702,10.0,4,4,axiswise_candan_joint_ls,-45.07313657732193,1.0,1,0,nan,0.8290658556087644,0.0,1.7998,1.838,0.0,7.0917,0.0,10.729500000000002
20260702,10.0,4,4,legacy_explicit_residual_gate,-45.07313657732193,1.0,1,0,nan,0.8290658556087644,0.0,1.8114,1.7646,7.0655,7.0747,0.6668,18.352099999999997
20260702,10.0,4,4,projection_energy_gate,-45.07313657732193,1.0,1,0,0.25010562819360316,0.8290658556087644,0.0,2.1419,1.9981,0.0,7.7077,0.1614,12.0576
20260702,10.0,4,4,stage1_projection_energy_gate,-45.07313657732193,1.0,1,0,0.25010562819360316,0.8290658556087644,0.0,2.1777,2.1063,0.0,8.5827,0.1744,15.134
20260702,10.0,4,5,legacy_explicit_residual_gate,-48.78387932768106,1.0,1,0,nan,0.8457684538251572,0.0,3.7178,2.0435,7.9728,23.9515,0.8392,45.1936
20260702,10.0,4,5,projection_energy_gate,-48.78387932768106,1.0,1,0,0.14144302775792383,0.8457684538251572,0.0,2.0573,2.0115,0.0,7.2821,0.1973,11.667499999999999
20260702,10.0,4,5,stage1_projection_energy_gate,-48.78387932768106,1.0,1,0,0.14144302775792383,0.8457684538251572,0.0,2.0339,2.0827,0.0,7.5354,0.2142,11.957099999999999
20260702,10.0,4,5,axiswise_candan_joint_ls,-48.78387932768106,1.0,1,0,nan,0.8457684538251572,0.0,1.8898,1.876,0.0,7.3173,0.0,11.0145
20260702,10.0,4,6,projection_energy_gate,-44.341991126461394,1.0,1,0,0.2672023655682133,0.8236054865053648,0.0,1.9772,1.9671,0.0,7.4657,0.1895,11.6394
20260702,10.0,4,6,stage1_projection_energy_gate,-44.341991126461394,1.0,1,0,0.2672023655682133,0.8236054865053648,0.0,1.8964,1.9271,0.0,7.1702,0.1577,11.0738
20260702,10.0,4,6,axiswise_candan_joint_ls,-44.341991126461394,1.0,1,0,nan,0.8236054865053648,0.0,1.8922,1.8992,0.0,7.5108,0.0,11.3022
20260702,10.0,4,6,legacy_explicit_residual_gate,-44.341991126461394,1.0,1,0,nan,0.8236054865053648,0.0,2.0337,1.9391,7.4765,7.2074,0.7402,19.61
20260702,10.0,4,7,stage1_projection_energy_gate,-18.66859203180287,0.5,1,0,0.2233112627774462,0.81713708494684,0.08333333333333333,1.8999,1.8799,0.0,7.0335,0.1266,10.933
20260702,10.0,4,7,axiswise_candan_joint_ls,-18.66859203180287,0.5,1,0,nan,0.81713708494684,0.08333333333333333,1.9628,2.0241,0.0,7.1622,0.0,11.1507
20260702,10.0,4,7,legacy_explicit_residual_gate,-18.66859203180287,0.5,1,0,nan,0.81713708494684,0.08333333333333333,2.0049,1.9895,7.4639,7.3376,0.8639,19.8889
20260702,10.0,4,7,projection_energy_gate,-18.66859203180287,0.5,1,0,0.2233112627774462,0.81713708494684,0.08333333333333333,1.8681,1.8469,0.0,7.0362,0.148,10.8992
20260702,10.0,4,8,axiswise_candan_joint_ls,-45.883613838850565,1.0,1,0,nan,0.8170994480217908,0.0,1.9278,1.9361,0.0,7.1385,0.0,11.0028
20260702,10.0,4,8,legacy_explicit_residual_gate,-45.883613838850565,1.0,1,0,nan,0.8170994480217908,0.0,2.0311,2.0151,7.2988,7.0617,0.7331,19.3159
20260702,10.0,4,8,projection_energy_gate,-45.883613838850565,1.0,1,0,0.25417751687429907,0.8170994480217908,0.0,1.994,2.0185,0.0,7.3083,0.2148,11.7002
20260702,10.0,4,8,stage1_projection_energy_gate,-45.883613838850565,1.0,1,0,0.25417751687429907,0.8170994480217908,0.0,1.9896,1.9751,0.0,7.325,0.146,11.4357
20260702,10.0,4,9,legacy_explicit_residual_gate,-11.446959976179185,0.5,1,0,nan,0.8274955209021878,0.08333333333333333,1.962,1.9183,7.1576,7.0812,0.7548,18.8884
20260702,10.0,4,9,projection_energy_gate,-11.446959976179185,0.5,1,0,0.17307966455313534,0.8274955209021878,0.08333333333333333,2.0346,1.9942,0.0,7.4319,0.1527,11.701300000000002
20260702,10.0,4,9,stage1_projection_energy_gate,-11.446959976179185,0.5,1,0,0.17307966455313534,0.8274955209021878,0.08333333333333333,2.0076,1.9809,0.0,7.0879,0.1206,11.250699999999998
20260702,10.0,4,9,axiswise_candan_joint_ls,-11.446959976179185,0.5,1,0,nan,0.8274955209021878,0.08333333333333333,1.7544,2.1267,0.0,7.2984,0.0,11.476099999999999
20260702,10.0,4,10,projection_energy_gate,-19.187179535725093,0.75,1,0,0.23714762392951688,0.8223633646499215,0.08333333333333333,1.8688,1.8257,0.0,6.9569,0.1367,10.8133
20260702,10.0,4,10,stage1_projection_energy_gate,-19.187179535725093,0.75,1,0,0.23714762392951688,0.8223633646499215,0.08333333333333333,1.8646,1.9988,0.0,7.2313,0.1468,11.266800000000002
20260702,10.0,4,10,axiswise_candan_joint_ls,-19.187179535725093,0.75,1,0,nan,0.8223633646499215,0.08333333333333333,1.8056,1.7594,0.0,6.8388,0.0,10.3568
20260702,10.0,4,10,legacy_explicit_residual_gate,-19.187179535725093,0.75,1,0,nan,0.8223633646499215,0.08333333333333333,1.9607,1.7919,7.0751,6.9029,0.6467,18.525800000000004
20260702,10.0,4,11,stage1_projection_energy_gate,-15.990492141111233,0.5,1,0,0.2739952116952491,0.8270715689517004,0.08333333333333333,2.0627,2.0436,0.0,7.3861,0.1704,11.630300000000002
20260702,10.0,4,11,axiswise_candan_joint_ls,-15.990492141111233,0.5,1,0,nan,0.8270715689517004,0.08333333333333333,1.9604,1.9258,0.0,7.1458,0.0,11.0379
20260702,10.0,4,11,legacy_explicit_residual_gate,-15.990492141111233,0.5,1,0,nan,0.8270715689517004,0.08333333333333333,1.8623,1.755,7.0007,6.7987,0.6674,18.1248
20260702,10.0,4,11,projection_energy_gate,-15.990492141111233,0.5,1,0,0.2739952116952491,0.8270715689517004,0.08333333333333333,1.831,1.8468,0.0,6.9483,0.1368,10.758299999999998
20260702,10.0,4,12,axiswise_candan_joint_ls,-47.73927008696237,1.0,1,0,nan,0.8353235164970473,0.0,1.8393,1.7813,0.0,6.9343,0.0,10.5153
20260702,10.0,4,12,legacy_explicit_residual_gate,-47.73927008696237,1.0,1,0,nan,0.8353235164970473,0.0,1.9506,1.8143,6.9827,6.9956,0.6796,18.454700000000003
20260702,10.0,4,12,projection_energy_gate,-47.73927008696237,1.0,1,0,0.1481092760718845,0.8353235164970473,0.0,1.9209,1.8555,0.0,7.0673,0.1654,10.9806
20260702,10.0,4,12,stage1_projection_energy_gate,-47.73927008696237,1.0,1,0,0.1481092760718845,0.8353235164970473,0.0,1.8645,1.7564,0.0,6.815,0.1023,10.5775
20260702,10.0,4,13,legacy_explicit_residual_gate,-9.562321449960885,0.25,1,0,nan,0.8033809185266434,0.16666666666666666,1.9713,1.8795,6.9531,7.0512,0.664,18.530700000000003
20260702,10.0,4,13,projection_energy_gate,-9.562321449960885,0.25,1,0,0.23623903436651708,0.8033809185266434,0.16666666666666666,1.8107,1.7721,0.0,6.7963,0.0972,10.4839
20260702,10.0,4,13,stage1_projection_energy_gate,-9.562321449960885,0.25,1,0,0.23623903436651708,0.8033809185266434,0.16666666666666666,1.9796,1.9474,0.0,7.2541,0.1548,11.4158
20260702,10.0,4,13,axiswise_candan_joint_ls,-9.562321449960885,0.25,1,0,nan,0.8033809185266434,0.16666666666666666,1.8137,1.8262,0.0,6.9474,0.0,10.604800000000001
20260702,10.0,4,14,projection_energy_gate,-15.44647196321362,0.75,1,0,0.2930554275863951,0.8148727339535833,0.08333333333333333,1.8333,1.8643,0.0,6.8912,0.1386,10.735000000000001
20260702,10.0,4,14,stage1_projection_energy_gate,-15.44647196321362,0.75,1,0,0.2930554275863951,0.8148727339535833,0.08333333333333333,1.8588,1.8337,0.0,7.124,0.1349,11.1349
20260702,10.0,4,14,axiswise_candan_joint_ls,-15.44647196321362,0.75,1,0,nan,0.8148727339535833,0.08333333333333333,1.8627,1.9045,0.0,7.1677,0.0,11.0577
20260702,10.0,4,14,legacy_explicit_residual_gate,-15.44647196321362,0.75,1,0,nan,0.8148727339535833,0.08333333333333333,1.9481,1.8685,7.1054,6.8378,0.6404,18.453699999999998
20260702,10.0,4,15,stage1_projection_energy_gate,-43.64701909116298,1.0,1,0,0.23400362114209916,0.8260431422703908,0.0,1.86,1.8947,0.0,6.9098,0.1386,10.895900000000001
20260702,10.0,4,15,axiswise_candan_joint_ls,-43.64701909116298,1.0,1,0,nan,0.8260431422703908,0.0,1.8663,2.0285,0.0,7.2051,0.0,11.3148
20260702,10.0,4,15,legacy_explicit_residual_gate,-43.64701909116298,1.0,1,0,nan,0.8260431422703908,0.0,1.906,1.801,6.9096,6.8006,0.6423,18.249
20260702,10.0,4,15,projection_energy_gate,-43.64701909116298,1.0,1,0,0.23400362114209916,0.8260431422703908,0.0,1.901,1.8724,0.0,7.2195,0.1534,11.1805
20260702,10.0,4,16,axiswise_candan_joint_ls,-49.120633868699485,1.0,1,0,nan,0.8200494239562933,0.0,1.837,1.7953,0.0,6.9155,0.0,10.555399999999999
20260702,10.0,4,16,legacy_explicit_residual_gate,-49.120633868699485,1.0,1,0,nan,0.8200494239562933,0.0,1.9028,1.7785,6.8079,7.0318,0.6502,18.3908
20260702,10.0,4,16,projection_energy_gate,-49.120633868699485,1.0,1,0,0.3519977088348476,0.8200494239562933,0.0,1.802,1.8331,0.0,6.7464,0.1449,10.515699999999999
20260702,10.0,4,16,stage1_projection_energy_gate,-49.120633868699485,1.0,1,0,0.3519977088348476,0.8200494239562933,0.0,1.7923,1.8371,0.0,6.8172,0.1035,10.503499999999999
20260702,10.0,4,17,legacy_explicit_residual_gate,-44.88557929625791,1.0,1,0,nan,0.816955752221582,0.0,1.9635,1.8513,7.3009,7.2126,0.7256,19.076900000000002
20260702,10.0,4,17,projection_energy_gate,-44.88557929625791,1.0,1,0,0.23794799232772393,0.816955752221582,0.0,1.8166,1.8359,0.0,6.8681,0.1251,10.598500000000001
20260702,10.0,4,17,stage1_projection_energy_gate,-44.88557929625791,1.0,1,0,0.23794799232772393,0.816955752221582,0.0,1.8507,1.7884,0.0,6.8139,0.1263,10.736600000000001
20260702,10.0,4,17,axiswise_candan_joint_ls,-44.88557929625791,1.0,1,0,nan,0.816955752221582,0.0,1.8226,1.8503,0.0,6.9306,0.0,10.540700000000001
20260702,10.0,4,18,projection_energy_gate,-12.531270899047595,0.75,1,0,0.2779042198038423,0.8153356959680722,0.08333333333333333,1.9369,1.8522,0.0,7.1928,0.1496,11.1015
20260702,10.0,4,18,stage1_projection_energy_gate,-12.531270899047595,0.75,1,0,0.2779042198038423,0.8153356959680722,0.08333333333333333,1.9572,1.9263,0.0,7.1415,0.1785,11.230500000000001
20260702,10.0,4,18,axiswise_candan_joint_ls,-12.531270899047595,0.75,1,0,nan,0.8153356959680722,0.08333333333333333,1.8586,1.7649,0.0,6.745,0.0,10.3308
20260702,10.0,4,18,legacy_explicit_residual_gate,-12.531270899047595,0.75,1,0,nan,0.8153356959680722,0.08333333333333333,1.9389,1.794,6.8686,6.9629,0.6623,18.0077
20260702,10.0,4,19,stage1_projection_energy_gate,-8.653541739372837,0.25,1,0,0.21971842460401425,0.8264455462532705,0.16666666666666666,1.8474,1.8253,0.0,6.8749,0.1317,10.7003
20260702,10.0,4,19,axiswise_candan_joint_ls,-8.653541739372837,0.25,1,0,nan,0.8264455462532705,0.16666666666666666,1.9264,1.8583,0.0,7.0438,0.0,10.8187
20260702,10.0,4,19,legacy_explicit_residual_gate,-8.653541739372837,0.25,1,0,nan,0.8264455462532705,0.16666666666666666,1.933,1.81,6.9264,7.1112,0.6713,18.332199999999997
20260702,10.0,4,19,projection_energy_gate,-8.653541739372837,0.25,1,0,0.21971842460401425,0.8264455462532705,0.16666666666666666,1.9277,1.869,0.0,7.2122,0.1915,11.025400000000001
20260702,10.0,8,0,axiswise_candan_joint_ls,-17.13115037676374,0.75,1,0,nan,0.8173608386852885,0.041666666666666664,1.9588,1.9506,0.0,14.8766,0.0,18.668599999999998
20260702,10.0,8,0,legacy_explicit_residual_gate,-17.13115037676374,0.75,1,0,nan,0.8173608386852885,0.041666666666666664,2.0343,1.9896,15.6292,15.3033,0.6794,35.560700000000004
20260702,10.0,8,0,projection_energy_gate,-17.13115037676374,0.75,1,0,0.24606557572618626,0.8173608386852885,0.041666666666666664,1.9374,1.9911,0.0,14.9488,0.1381,19.015400000000003
20260702,10.0,8,0,stage1_projection_energy_gate,-17.13115037676374,0.75,1,0,0.24606557572618626,0.8173608386852885,0.041666666666666664,1.8411,1.9578,0.0,14.8643,0.1317,18.863799999999998
20260702,10.0,8,1,legacy_explicit_residual_gate,-44.14356496619675,1.0,1,0,nan,0.8165776280458951,0.0,1.9583,1.9349,14.8579,14.665,0.6845,34.3794
20260702,10.0,8,1,projection_energy_gate,-44.14356496619675,1.0,1,0,0.2827968279589742,0.8165776280458951,0.0,1.8718,1.9143,0.0,14.7872,0.1419,18.6682
20260702,10.0,8,1,stage1_projection_energy_gate,-44.14356496619675,1.0,1,0,0.2827968279589742,0.8165776280458951,0.0,1.9235,1.9611,0.0,15.2158,0.1491,19.3545
20260702,10.0,8,1,axiswise_candan_joint_ls,-44.14356496619675,1.0,1,0,nan,0.8165776280458951,0.0,1.8855,1.9812,0.0,15.563,0.0,19.4003
20260702,10.0,8,2,projection_energy_gate,-12.215621842389503,0.75,1,0,0.21487502419284912,0.812757801692862,0.08333333333333333,1.959,2.0216,0.0,16.9052,0.1569,21.5667
20260702,10.0,8,2,stage1_projection_energy_gate,-12.215621842389503,0.75,1,0,0.21487502419284912,0.812757801692862,0.08333333333333333,1.8927,1.9856,0.0,14.8019,0.1397,18.7822
20260702,10.0,8,2,axiswise_candan_joint_ls,-12.215621842389503,0.75,1,0,nan,0.812757801692862,0.08333333333333333,1.8983,1.9499,0.0,16.4525,0.0,20.3007
20260702,10.0,8,2,legacy_explicit_residual_gate,-12.215621842389503,0.75,1,0,nan,0.812757801692862,0.08333333333333333,1.9588,1.8848,15.0582,15.0043,0.7325,34.8774
20260702,10.0,8,3,stage1_projection_energy_gate,-11.110903704571735,0.75,1,0,0.2721763181995325,0.8216558473333778,0.08333333333333333,1.9324,1.9762,0.0,15.0157,0.162,19.034299999999998
20260702,10.0,8,3,axiswise_candan_joint_ls,-11.110903704571735,0.75,1,0,nan,0.8216558473333778,0.08333333333333333,1.9018,1.8898,0.0,15.0236,0.0,19.0193
20260702,10.0,8,3,legacy_explicit_residual_gate,-11.110903704571735,0.75,1,0,nan,0.8216558473333778,0.08333333333333333,1.9874,1.9259,14.7767,14.8459,0.6604,34.1999
20260702,10.0,8,3,projection_energy_gate,-11.110903704571735,0.75,1,0,0.2721763181995325,0.8216558473333778,0.08333333333333333,1.9017,2.0113,0.0,14.7601,0.1428,18.8312
20260702,10.0,8,4,axiswise_candan_joint_ls,-12.091810881473108,0.5,1,0,nan,0.8140181103222417,0.125,1.9404,1.995,0.0,15.4633,0.0,19.3907
20260702,10.0,8,4,legacy_explicit_residual_gate,-12.091810881473108,0.5,1,0,nan,0.8140181103222417,0.125,1.9948,1.9621,14.8119,14.961,0.655,34.12
20260702,10.0,8,4,projection_energy_gate,-12.091810881473108,0.5,1,0,0.1740690406286725,0.8140181103222417,0.125,1.8675,1.9673,0.0,14.808,0.1463,18.7814
20260702,10.0,8,4,stage1_projection_energy_gate,-12.091810881473108,0.5,1,0,0.1740690406286725,0.8140181103222417,0.125,1.9359,1.9398,0.0,15.1674,0.1509,19.1236
20260702,10.0,8,5,legacy_explicit_residual_gate,-19.956876409276333,0.5,1,0,nan,0.8292290778683705,0.041666666666666664,1.9048,1.9749,15.1145,15.0374,0.6416,35.1744
20260702,10.0,8,5,projection_energy_gate,-19.956876409276333,0.5,1,0,0.18553811423402122,0.8292290778683705,0.041666666666666664,1.8266,2.0448,0.0,15.4611,0.1547,19.496699999999997
20260702,10.0,8,5,stage1_projection_energy_gate,-19.956876409276333,0.5,1,0,0.18553811423402122,0.8292290778683705,0.041666666666666664,1.9388,1.9668,0.0,14.969,0.1767,18.9673
20260702,10.0,8,5,axiswise_candan_joint_ls,-19.956876409276333,0.5,1,0,nan,0.8292290778683705,0.041666666666666664,1.8936,1.9576,0.0,14.988,0.0,18.839199999999998
20260702,10.0,8,6,projection_energy_gate,-15.347099266404056,0.75,1,0,0.19830881903316047,0.8247744234199584,0.08333333333333333,1.8556,1.8945,0.0,14.6635,0.1342,18.566699999999997
20260702,10.0,8,6,stage1_projection_energy_gate,-15.347099266404056,0.75,1,0,0.19830881903316047,0.8247744234199584,0.08333333333333333,1.9203,2.0014,0.0,15.3879,0.1309,19.4517
20260702,10.0,8,6,axiswise_candan_joint_ls,-15.347099266404056,0.75,1,0,nan,0.8247744234199584,0.08333333333333333,1.8761,1.9263,0.0,15.0828,0.0,18.8852
20260702,10.0,8,6,legacy_explicit_residual_gate,-15.347099266404056,0.75,1,0,nan,0.8247744234199584,0.08333333333333333,1.9588,1.9316,15.2445,15.4106,0.655,36.6677
20260702,10.0,8,7,stage1_projection_energy_gate,-16.529020106421314,0.75,1,0,0.12467070724958283,0.8249472501201094,0.08333333333333333,1.8873,2.0025,0.0,15.0207,0.147,19.0524
20260702,10.0,8,7,axiswise_candan_joint_ls,-16.529020106421314,0.75,1,0,nan,0.8249472501201094,0.08333333333333333,1.9013,1.9835,0.0,16.3139,0.0,20.2403
20260702,10.0,8,7,legacy_explicit_residual_gate,-16.529020106421314,0.75,1,0,nan,0.8249472501201094,0.08333333333333333,2.0835,1.9611,15.9772,16.7118,0.6868,37.45459999999999
20260702,10.0,8,7,projection_energy_gate,-16.529020106421314,0.75,1,0,0.12467070724958283,0.8249472501201094,0.08333333333333333,1.8516,1.9136,0.0,14.9824,0.1331,19.1202
20260702,10.0,8,8,axiswise_candan_joint_ls,-13.114161050531175,0.5,1,0,nan,0.8125419532267175,0.08333333333333333,1.8911,1.9442,0.0,14.5038,0.0,18.3396
20260702,10.0,8,8,legacy_explicit_residual_gate,-13.114161050531175,0.5,1,0,nan,0.8125419532267175,0.08333333333333333,2.0031,1.9697,15.4045,14.8991,0.6302,35.5704
20260702,10.0,8,8,projection_energy_gate,-13.114161050531175,0.5,1,0,0.3490982185230913,0.8125419532267175,0.08333333333333333,1.8974,1.8982,0.0,14.7117,0.1522,18.609
20260702,10.0,8,8,stage1_projection_energy_gate,-13.114161050531175,0.5,1,0,0.3490982185230913,0.8125419532267175,0.08333333333333333,1.8698,1.874,0.0,14.8935,0.1322,18.8329
20260702,10.0,8,9,legacy_explicit_residual_gate,-12.929687055795021,0.625,1,0,nan,0.8148878658385719,0.08333333333333333,2.0695,2.1387,15.2725,16.7284,0.8013,37.5567
20260702,10.0,8,9,projection_energy_gate,-12.929687055795021,0.625,1,0,0.18142598445061536,0.8148878658385719,0.08333333333333333,1.9895,1.9949,0.0,16.5501,0.2226,20.7571
20260702,10.0,8,9,stage1_projection_energy_gate,-12.929687055795021,0.625,1,0,0.18142598445061536,0.8148878658385719,0.08333333333333333,2.1607,2.328,0.0,19.4701,0.1896,23.8159
20260702,10.0,8,9,axiswise_candan_joint_ls,-12.929687055795021,0.625,1,0,nan,0.8148878658385719,0.08333333333333333,1.9454,2.1116,0.0,16.4202,0.0,20.6976
20260702,10.0,8,10,projection_energy_gate,-17.073897910033487,0.625,1,0,0.24436274609946051,0.818114931921495,0.041666666666666664,2.0853,2.1012,0.0,16.585,0.1521,20.9722
20260702,10.0,8,10,stage1_projection_energy_gate,-17.073897910033487,0.625,1,0,0.24436274609946051,0.818114931921495,0.041666666666666664,1.9352,2.0347,0.0,16.2186,0.1339,20.398699999999998
20260702,10.0,8,10,axiswise_candan_joint_ls,-17.073897910033487,0.625,1,0,nan,0.818114931921495,0.041666666666666664,2.1092,2.129,0.0,15.6362,0.0,19.9143
20260702,10.0,8,10,legacy_explicit_residual_gate,-17.073897910033487,0.625,1,0,nan,0.818114931921495,0.041666666666666664,2.006,1.9977,16.4715,15.7776,0.7257,38.3511
20260702,10.0,8,11,stage1_projection_energy_gate,-12.235394780606327,0.75,1,0,0.21798826548444608,0.8116161542196464,0.08333333333333333,1.9374,2.081,0.0,15.8271,0.1395,20.133699999999997
20260702,10.0,8,11,axiswise_candan_joint_ls,-12.235394780606327,0.75,1,0,nan,0.8116161542196464,0.08333333333333333,1.8686,2.1108,0.0,16.3766,0.0,20.173000000000002
20260702,10.0,8,11,legacy_explicit_residual_gate,-12.235394780606327,0.75,1,0,nan,0.8116161542196464,0.08333333333333333,2.035,2.0425,15.2848,15.0858,0.757,35.0798
20260702,10.0,8,11,projection_energy_gate,-12.235394780606327,0.75,1,0,0.21798826548444608,0.8116161542196464,0.08333333333333333,2.008,2.1736,0.0,16.6209,0.1925,21.0293
20260702,10.0,8,12,axiswise_candan_joint_ls,-15.720783302792645,0.5,1,0,nan,0.8164903465827251,0.125,2.0352,2.0562,0.0,15.9772,0.0,20.3393
20260702,10.0,8,12,legacy_explicit_residual_gate,-15.720783302792645,0.5,1,0,nan,0.8164903465827251,0.125,2.0433,2.1046,16.4674,15.0911,0.9045,36.3352
20260702,10.0,8,12,projection_energy_gate,-15.720783302792645,0.5,1,0,0.17316093545780398,0.8164903465827251,0.125,1.9818,2.0491,0.0,15.7202,0.1483,19.7429
20260702,10.0,8,12,stage1_projection_energy_gate,-15.720783302792645,0.5,1,0,0.17316093545780398,0.8164903465827251,0.125,2.0688,2.1857,0.0,16.9825,0.1576,21.3624
20260702,10.0,8,13,legacy_explicit_residual_gate,-41.964009697195046,1.0,1,0,nan,0.8115821368490873,0.0,2.1887,2.2213,17.6442,16.8398,0.8716,38.6134
20260702,10.0,8,13,projection_energy_gate,-41.964009697195046,1.0,1,0,0.34575069755574056,0.8115821368490873,0.0,2.2045,2.1607,0.0,55.4176,0.1635,60.064099999999996
20260702,10.0,8,13,stage1_projection_energy_gate,-41.964009697195046,1.0,1,0,0.34575069755574056,0.8115821368490873,0.0,2.1479,2.1965,0.0,48.5666,0.2097,387.21799999999996
20260702,10.0,8,13,axiswise_candan_joint_ls,-41.964009697195046,1.0,1,0,nan,0.8115821368490873,0.0,2.1928,2.2502,0.0,17.5583,0.0,22.0013
20260702,10.0,8,14,projection_energy_gate,-11.893056427186522,0.625,1,0,0.2548094267174508,0.8142727971397397,0.125,1.9924,2.0757,0.0,15.2312,0.1577,19.513399999999997
20260702,10.0,8,14,stage1_projection_energy_gate,-11.893056427186522,0.625,1,0,0.2548094267174508,0.8142727971397397,0.125,2.1908,2.017,0.0,15.5532,0.1559,19.9284
20260702,10.0,8,14,axiswise_candan_joint_ls,-11.893056427186522,0.625,1,0,nan,0.8142727971397397,0.125,1.9074,2.0591,0.0,15.1778,0.0,19.1765
20260702,10.0,8,14,legacy_explicit_residual_gate,-11.893056427186522,0.625,1,0,nan,0.8142727971397397,0.125,1.9431,1.931,15.3254,15.5305,0.6683,35.1943
20260702,10.0,8,15,stage1_projection_energy_gate,-13.870661689481288,0.75,1,0,0.22138881483787948,0.816107714042092,0.041666666666666664,2.0351,2.1131,0.0,15.1792,0.1638,19.4909
20260702,10.0,8,15,axiswise_candan_joint_ls,-13.870661689481288,0.75,1,0,nan,0.816107714042092,0.041666666666666664,2.1282,2.2463,0.0,16.2186,0.0,20.881700000000002
20260702,10.0,8,15,legacy_explicit_residual_gate,-13.870661689481288,0.75,1,0,nan,0.816107714042092,0.041666666666666664,1.9747,1.9734,15.3742,15.3452,0.8012,35.538999999999994
20260702,10.0,8,15,projection_energy_gate,-13.870661689481288,0.75,1,0,0.22138881483787948,0.816107714042092,0.041666666666666664,1.8808,2.0242,0.0,15.0467,0.1515,19.092799999999997
20260702,10.0,8,16,axiswise_candan_joint_ls,-14.494393724255785,0.625,1,0,nan,0.8142302638598592,0.08333333333333333,1.9619,2.0963,0.0,15.7736,0.0,19.7868
20260702,10.0,8,16,legacy_explicit_residual_gate,-14.494393724255785,0.625,1,0,nan,0.8142302638598592,0.08333333333333333,2.1063,1.9657,15.5068,15.3171,0.79,35.9005
20260702,10.0,8,16,projection_energy_gate,-14.494393724255785,0.625,1,0,0.1631034527380177,0.8142302638598592,0.08333333333333333,2.1097,2.2372,0.0,59.0517,0.1524,63.386199999999995
20260702,10.0,8,16,stage1_projection_energy_gate,-14.494393724255785,0.625,1,0,0.1631034527380177,0.8142302638598592,0.08333333333333333,1.8691,1.9568,0.0,26.2976,0.1569,30.266299999999998
20260702,10.0,8,17,legacy_explicit_residual_gate,-13.736314878690031,0.875,1,0,nan,0.8216402377006131,0.041666666666666664,1.9914,2.0156,16.1456,15.0672,0.7199,35.204100000000004
20260702,10.0,8,17,projection_energy_gate,-13.736314878690031,0.875,1,0,0.25002686397784635,0.8216402377006131,0.041666666666666664,1.9596,2.0615,0.0,14.8496,0.1465,18.9985
20260702,10.0,8,17,stage1_projection_energy_gate,-13.736314878690031,0.875,1,0,0.25002686397784635,0.8216402377006131,0.041666666666666664,1.9693,2.0462,0.0,15.4034,0.1407,19.639499999999998
20260702,10.0,8,17,axiswise_candan_joint_ls,-13.736314878690031,0.875,1,0,nan,0.8216402377006131,0.041666666666666664,2.0871,2.0098,0.0,18.3029,0.0,22.3073
20260702,10.0,8,18,projection_energy_gate,-13.342106634775142,0.75,1,0,0.27606497541993197,0.8126523775008665,0.041666666666666664,1.8804,2.0834,0.0,15.0448,0.1485,19.2753
20260702,10.0,8,18,stage1_projection_energy_gate,-13.342106634775142,0.75,1,0,0.27606497541993197,0.8126523775008665,0.041666666666666664,2.0658,2.19,0.0,83.4295,0.9548,88.74430000000001
20260702,10.0,8,18,axiswise_candan_joint_ls,-13.342106634775142,0.75,1,0,nan,0.8126523775008665,0.041666666666666664,1.9076,1.9553,0.0,15.0699,0.0,19.0243
20260702,10.0,8,18,legacy_explicit_residual_gate,-13.342106634775142,0.75,1,0,nan,0.8126523775008665,0.041666666666666664,1.9401,1.9347,14.8379,14.9293,0.5968,34.5648
20260702,10.0,8,19,stage1_projection_energy_gate,-14.109258899360901,0.625,1,0,0.23199539014459955,0.813593160236506,0.125,1.933,1.9552,0.0,14.9934,0.1488,19.0912
20260702,10.0,8,19,axiswise_candan_joint_ls,-14.109258899360901,0.625,1,0,nan,0.813593160236506,0.125,1.8015,1.944,0.0,14.9713,0.0,18.733999999999998
20260702,10.0,8,19,legacy_explicit_residual_gate,-14.109258899360901,0.625,1,0,nan,0.813593160236506,0.125,2.0105,2.0554,16.9981,15.6152,0.8715,37.1971
20260702,10.0,8,19,projection_energy_gate,-14.109258899360901,0.625,1,0,0.23199539014459955,0.813593160236506,0.125,2.0233,2.1178,0.0,15.5819,0.1478,19.9086
20260702,20.0,2,0,axiswise_candan_joint_ls,-62.23837209336278,1.0,1,0,nan,0.8162995550760411,0.0,1.8492,1.8058,0.0,3.709,0.0,7.3622
20260702,20.0,2,0,legacy_explicit_residual_gate,-62.23837209336278,1.0,1,0,nan,0.8162995550760411,0.0,1.919,1.7348,3.6946,3.7029,0.6796,11.6738
20260702,20.0,2,0,projection_energy_gate,-62.23837209336278,1.0,1,0,0.4714546182233701,0.8162995550760411,0.0,1.8358,1.7622,0.0,3.7426,0.0813,7.4612
20260702,20.0,2,0,stage1_projection_energy_gate,-62.23837209336278,1.0,1,0,0.4714546182233701,0.8162995550760411,0.0,1.9295,1.7781,0.0,3.768,0.0789,7.497000000000001
20260702,20.0,2,1,legacy_explicit_residual_gate,-54.03337591347514,1.0,1,0,nan,0.8177862663113609,0.0,1.9236,1.8173,3.6822,3.6366,0.6665,11.6874
20260702,20.0,2,1,projection_energy_gate,-54.03337591347514,1.0,1,0,0.5096886177571774,0.8177862663113609,0.0,1.8852,1.7911,0.0,3.8143,0.0844,7.614999999999999
20260702,20.0,2,1,stage1_projection_energy_gate,-54.03337591347514,1.0,1,0,0.5096886177571774,0.8177862663113609,0.0,1.8424,1.7772,0.0,3.7543,0.0786,7.4966
20260702,20.0,2,1,axiswise_candan_joint_ls,-54.03337591347514,1.0,1,0,nan,0.8177862663113609,0.0,1.8909,1.7615,0.0,3.6985,0.0,7.3493
20260702,20.0,2,2,projection_energy_gate,-54.33235822620322,1.0,1,0,0.4372808347850567,0.8147766857468379,0.0,1.8308,1.7334,0.0,3.7079,0.0756,7.350899999999999
20260702,20.0,2,2,stage1_projection_energy_gate,-54.33235822620322,1.0,1,0,0.4372808347850567,0.8147766857468379,0.0,1.8086,1.7034,0.0,3.6661,0.0706,7.249
20260702,20.0,2,2,axiswise_candan_joint_ls,-54.33235822620322,1.0,1,0,nan,0.8147766857468379,0.0,1.8958,1.7964,0.0,3.8142,0.0,7.4852
20260702,20.0,2,2,legacy_explicit_residual_gate,-54.33235822620322,1.0,1,0,nan,0.8147766857468379,0.0,1.957,1.7716,3.8913,3.7707,0.6601,12.0166
20260702,20.0,2,3,stage1_projection_energy_gate,-56.66208947408995,1.0,1,0,0.2526685687681255,0.8331290791059249,0.0,1.8502,1.842,0.0,3.9669,0.0851,7.5582
20260702,20.0,2,3,axiswise_candan_joint_ls,-56.66208947408995,1.0,1,0,nan,0.8331290791059249,0.0,1.9363,1.9058,0.0,3.8408,0.0,7.8275
20260702,20.0,2,3,legacy_explicit_residual_gate,-56.66208947408995,1.0,1,0,nan,0.8331290791059249,0.0,1.8928,1.6923,3.7363,3.7328,0.7114,11.7656
20260702,20.0,2,3,projection_energy_gate,-56.66208947408995,1.0,1,0,0.2526685687681255,0.8331290791059249,0.0,1.8093,1.7049,0.0,3.7689,0.0759,7.410100000000001
20260702,20.0,2,4,axiswise_candan_joint_ls,-56.57804489553851,1.0,1,0,nan,0.8203887466005816,0.0,1.7779,1.708,0.0,3.7309,0.0,7.173
20260702,20.0,2,4,legacy_explicit_residual_gate,-56.57804489553851,1.0,1,0,nan,0.8203887466005816,0.0,1.9039,1.7892,3.8084,3.85,0.6453,12.0825
20260702,20.0,2,4,projection_energy_gate,-56.57804489553851,1.0,1,0,0.3052254016935001,0.8203887466005816,0.0,1.8162,1.7197,0.0,3.7009,0.0749,7.303999999999999
20260702,20.0,2,4,stage1_projection_energy_gate,-56.57804489553851,1.0,1,0,0.3052254016935001,0.8203887466005816,0.0,1.8136,1.7756,0.0,3.7079,0.0777,7.416600000000001
20260702,20.0,2,5,legacy_explicit_residual_gate,-56.71139109054555,1.0,1,0,nan,0.8295339563639961,0.0,2.0895,1.8438,3.822,3.771,0.7601,12.424199999999999
20260702,20.0,2,5,projection_energy_gate,-56.71139109054555,1.0,1,0,0.24119218720191513,0.8295339563639961,0.0,2.2602,1.923,0.0,4.1303,0.1264,8.439900000000002
20260702,20.0,2,5,stage1_projection_energy_gate,-56.71139109054555,1.0,1,0,0.24119218720191513,0.8295339563639961,0.0,2.0782,2.0019,0.0,3.7736,0.135,7.9801
20260702,20.0,2,5,axiswise_candan_joint_ls,-56.71139109054555,1.0,1,0,nan,0.8295339563639961,0.0,2.0103,1.869,0.0,3.979,0.0,7.8964
20260702,20.0,2,6,projection_energy_gate,-55.59865853930446,1.0,1,0,0.3763172626186169,0.8205321177843108,0.0,1.9369,1.8268,0.0,3.737,0.1079,7.6757
20260702,20.0,2,6,stage1_projection_energy_gate,-55.59865853930446,1.0,1,0,0.3763172626186169,0.8205321177843108,0.0,1.9108,1.8117,0.0,3.875,0.1395,7.7272
20260702,20.0,2,6,axiswise_candan_joint_ls,-55.59865853930446,1.0,1,0,nan,0.8205321177843108,0.0,1.9319,1.9126,0.0,4.0056,0.0,7.872
20260702,20.0,2,6,legacy_explicit_residual_gate,-55.59865853930446,1.0,1,0,nan,0.8205321177843108,0.0,2.0215,1.8311,3.8486,3.7567,0.6384,12.0276
20260702,20.0,2,7,stage1_projection_energy_gate,-59.27087806446549,1.0,1,0,0.2942600083382524,0.8206817223071738,0.0,1.8443,1.7551,0.0,3.7814,0.0879,7.5284
20260702,20.0,2,7,axiswise_candan_joint_ls,-59.27087806446549,1.0,1,0,nan,0.8206817223071738,0.0,1.827,1.8057,0.0,3.6605,0.0,7.311299999999999
20260702,20.0,2,7,legacy_explicit_residual_gate,-59.27087806446549,1.0,1,0,nan,0.8206817223071738,0.0,1.9671,1.848,3.9102,3.9555,0.68,12.3569
20260702,20.0,2,7,projection_energy_gate,-59.27087806446549,1.0,1,0,0.2942600083382524,0.8206817223071738,0.0,1.913,1.81,0.0,3.766,0.1249,7.620699999999999
20260702,20.0,2,8,axiswise_candan_joint_ls,-22.22005708602314,0.5,1,0,nan,0.8738515527469122,0.16666666666666666,1.8477,1.8241,0.0,3.8897,0.0,7.5615000000000006
20260702,20.0,2,8,legacy_explicit_residual_gate,-22.22005708602314,0.5,1,0,nan,0.8738515527469122,0.16666666666666666,1.9778,1.8098,3.712,3.7617,0.7046,11.9764
20260702,20.0,2,8,projection_energy_gate,-22.22005708602314,0.5,1,0,0.1306580105747089,0.8738515527469122,0.16666666666666666,1.8815,1.787,0.0,3.8822,0.083,7.5866
20260702,20.0,2,8,stage1_projection_energy_gate,-22.22005708602314,0.5,1,0,0.1306580105747089,0.8738515527469122,0.16666666666666666,1.9411,1.942,0.0,3.9839,0.0973,7.9226
20260702,20.0,2,9,legacy_explicit_residual_gate,-62.17129345062453,1.0,1,0,nan,0.8180276265716249,0.0,2.2157,2.0617,4.2654,4.1172,0.7919,14.4536
20260702,20.0,2,9,projection_energy_gate,-62.17129345062453,1.0,1,0,0.45700031038669564,0.8180276265716249,0.0,2.0029,1.7451,0.0,3.8913,0.089,7.728300000000001
20260702,20.0,2,9,stage1_projection_energy_gate,-62.17129345062453,1.0,1,0,0.45700031038669564,0.8180276265716249,0.0,1.8219,1.7536,0.0,3.8976,0.0979,7.589700000000001
20260702,20.0,2,9,axiswise_candan_joint_ls,-62.17129345062453,1.0,1,0,nan,0.8180276265716249,0.0,2.0709,1.8723,0.0,3.8447,0.0,7.7658000000000005
20260702,20.0,2,10,projection_energy_gate,-57.037112398744824,1.0,1,0,0.2994792826648839,0.8144335400921587,0.0,1.833,1.7989,0.0,3.8391,0.0962,7.5658
20260702,20.0,2,10,stage1_projection_energy_gate,-57.037112398744824,1.0,1,0,0.2994792826648839,0.8144335400921587,0.0,1.9226,1.8788,0.0,3.8223,0.1101,7.7322
20260702,20.0,2,10,axiswise_candan_joint_ls,-57.037112398744824,1.0,1,0,nan,0.8144335400921587,0.0,1.8778,1.8042,0.0,3.8349,0.0,7.5502
20260702,20.0,2,10,legacy_explicit_residual_gate,-57.037112398744824,1.0,1,0,nan,0.8144335400921587,0.0,1.9468,1.7795,3.8336,3.8835,0.675,12.145399999999999
20260702,20.0,2,11,stage1_projection_energy_gate,-64.08101008835476,1.0,1,0,0.17180954540173304,0.8171212620201165,0.0,2.0663,1.8937,0.0,4.0018,0.1072,7.947800000000001
20260702,20.0,2,11,axiswise_candan_joint_ls,-64.08101008835476,1.0,1,0,nan,0.8171212620201165,0.0,2.1864,1.9974,0.0,4.0459,0.0,8.0611
20260702,20.0,2,11,legacy_explicit_residual_gate,-64.08101008835476,1.0,1,0,nan,0.8171212620201165,0.0,2.0131,1.8605,4.0929,3.8747,0.7531,12.721
20260702,20.0,2,11,projection_energy_gate,-64.08101008835476,1.0,1,0,0.17180954540173304,0.8171212620201165,0.0,1.8692,1.7897,0.0,3.782,0.0752,7.7362
20260702,20.0,2,12,axiswise_candan_joint_ls,-10.622124934303462,0.5,1,0,nan,0.8205046241408631,0.16666666666666666,1.8082,1.7038,0.0,3.6541,0.0,7.145300000000001
20260702,20.0,2,12,legacy_explicit_residual_gate,-10.622124934303462,0.5,1,0,nan,0.8205046241408631,0.16666666666666666,2.016,1.8424,3.9282,3.8648,0.8007,12.4451
20260702,20.0,2,12,projection_energy_gate,-10.622124934303462,0.5,1,0,0.28854982583289474,0.8205046241408631,0.16666666666666666,1.9316,1.8178,0.0,3.9441,0.1286,7.7633
20260702,20.0,2,12,stage1_projection_energy_gate,-10.622124934303462,0.5,1,0,0.28854982583289474,0.8205046241408631,0.16666666666666666,1.9247,1.8778,0.0,3.8454,0.1612,7.7761
20260702,20.0,2,13,legacy_explicit_residual_gate,-61.268178686055926,1.0,1,0,nan,0.8219261914631604,0.0,2.0123,1.8894,3.7981,3.9644,0.786,12.356699999999998
20260702,20.0,2,13,projection_energy_gate,-61.268178686055926,1.0,1,0,0.33639288214775737,0.8219261914631604,0.0,1.8866,1.8407,0.0,3.9319,0.1231,7.8707
20260702,20.0,2,13,stage1_projection_energy_gate,-61.268178686055926,1.0,1,0,0.33639288214775737,0.8219261914631604,0.0,1.8651,1.8052,0.0,3.6355,0.1296,7.409800000000001
20260702,20.0,2,13,axiswise_candan_joint_ls,-61.268178686055926,1.0,1,0,nan,0.8219261914631604,0.0,1.8932,1.8011,0.0,3.787,0.0,7.4628
20260702,20.0,2,14,projection_energy_gate,-56.59966208370242,1.0,1,0,0.29065799261408043,0.8195205809736459,0.0,1.8539,1.7177,0.0,3.7629,0.0789,7.3733
20260702,20.0,2,14,stage1_projection_energy_gate,-56.59966208370242,1.0,1,0,0.29065799261408043,0.8195205809736459,0.0,1.9655,1.829,0.0,3.7498,0.0837,7.6492
20260702,20.0,2,14,axiswise_candan_joint_ls,-56.59966208370242,1.0,1,0,nan,0.8195205809736459,0.0,1.8548,1.7338,0.0,3.7449,0.0,7.3309
20260702,20.0,2,14,legacy_explicit_residual_gate,-56.59966208370242,1.0,1,0,nan,0.8195205809736459,0.0,2.0725,2.0202,4.1163,3.9602,0.7435,12.8414
20260702,20.0,2,15,stage1_projection_energy_gate,-58.20594195043202,1.0,1,0,0.2530668844185498,0.8350529195003505,0.0,1.8512,1.8208,0.0,3.6653,0.1065,7.495599999999999
20260702,20.0,2,15,axiswise_candan_joint_ls,-58.20594195043202,1.0,1,0,nan,0.8350529195003505,0.0,1.8939,1.8306,0.0,3.6568,0.0,7.3588000000000005
20260702,20.0,2,15,legacy_explicit_residual_gate,-58.20594195043202,1.0,1,0,nan,0.8350529195003505,0.0,1.893,1.7003,3.8048,3.8116,0.6646,11.9812
20260702,20.0,2,15,projection_energy_gate,-58.20594195043202,1.0,1,0,0.2530668844185498,0.8350529195003505,0.0,1.8791,1.8386,0.0,3.8325,0.1224,7.6365
20260702,20.0,2,16,axiswise_candan_joint_ls,-59.693802373066454,1.0,1,0,nan,0.8214228427592811,0.0,1.8431,1.7626,0.0,3.7667,0.0,7.464700000000001
20260702,20.0,2,16,legacy_explicit_residual_gate,-59.693802373066454,1.0,1,0,nan,0.8214228427592811,0.0,1.9549,1.8023,3.761,3.662,0.6422,11.9436
20260702,20.0,2,16,projection_energy_gate,-59.693802373066454,1.0,1,0,0.34837938554020487,0.8214228427592811,0.0,1.9859,1.7768,0.0,3.8371,0.1081,7.7627999999999995
20260702,20.0,2,16,stage1_projection_energy_gate,-59.693802373066454,1.0,1,0,0.34837938554020487,0.8214228427592811,0.0,1.9273,1.7925,0.0,3.9187,0.152,7.7699
20260702,20.0,2,17,legacy_explicit_residual_gate,-61.00846911633742,1.0,1,0,nan,0.8359722032998649,0.0,1.9317,1.7351,3.8949,3.731,0.6608,12.028
20260702,20.0,2,17,projection_energy_gate,-61.00846911633742,1.0,1,0,0.2873218947897189,0.8359722032998649,0.0,1.9129,1.8092,0.0,3.7422,0.1185,7.6045
20260702,20.0,2,17,stage1_projection_energy_gate,-61.00846911633742,1.0,1,0,0.2873218947897189,0.8359722032998649,0.0,1.9942,1.8581,0.0,3.8485,0.1267,7.8894
20260702,20.0,2,17,axiswise_candan_joint_ls,-61.00846911633742,1.0,1,0,nan,0.8359722032998649,0.0,1.8708,1.7168,0.0,3.7419,0.0,7.3236
20260702,20.0,2,18,projection_energy_gate,-9.143499741855766,0.5,1,0,0.22897943132963336,0.8180477782210333,0.16666666666666666,1.8506,1.7806,0.0,3.8649,0.098,7.5661
20260702,20.0,2,18,stage1_projection_energy_gate,-9.143499741855766,0.5,1,0,0.22897943132963336,0.8180477782210333,0.16666666666666666,1.9148,1.8982,0.0,3.9769,0.1456,7.915
20260702,20.0,2,18,axiswise_candan_joint_ls,-9.143499741855766,0.5,1,0,nan,0.8180477782210333,0.16666666666666666,1.8809,1.8231,0.0,3.7911,0.0,7.4653
20260702,20.0,2,18,legacy_explicit_residual_gate,-9.143499741855766,0.5,1,0,nan,0.8180477782210333,0.16666666666666666,1.9367,1.7516,3.8753,4.0928,0.6727,12.426
20260702,20.0,2,19,stage1_projection_energy_gate,-56.49129057012351,1.0,1,0,0.4294026644168256,0.8281427129807303,0.0,1.8496,1.684,0.0,3.7715,0.1025,7.453399999999999
20260702,20.0,2,19,axiswise_candan_joint_ls,-56.49129057012351,1.0,1,0,nan,0.8281427129807303,0.0,1.9185,1.7326,0.0,3.8181,0.0,7.457599999999999
20260702,20.0,2,19,legacy_explicit_residual_gate,-56.49129057012351,1.0,1,0,nan,0.8281427129807303,0.0,2.1,1.8521,4.0528,3.9555,0.771,12.7671
20260702,20.0,2,19,projection_energy_gate,-56.49129057012351,1.0,1,0,0.4294026644168256,0.8281427129807303,0.0,1.9078,1.8802,0.0,4.1869,0.1291,8.513
20260702,20.0,4,0,axiswise_candan_joint_ls,-47.371678728146314,1.0,1,0,nan,0.8274445744673895,0.0,1.9699,2.1051,0.0,7.1259,0.0,11.2399
20260702,20.0,4,0,legacy_explicit_residual_gate,-47.371678728146314,1.0,1,0,nan,0.8274445744673895,0.0,1.9838,1.8633,7.1212,6.928,0.6484,18.4908
20260702,20.0,4,0,projection_energy_gate,-47.371678728146314,1.0,1,0,0.2588559994159967,0.8274445744673895,0.0,1.9983,2.1681,0.0,7.2291,0.1878,11.794
20260702,20.0,4,0,stage1_projection_energy_gate,-47.371678728146314,1.0,1,0,0.2588559994159967,0.8274445744673895,0.0,1.8184,1.9494,0.0,7.0545,0.1434,11.112699999999998
20260702,20.0,4,1,legacy_explicit_residual_gate,-19.56292765251638,0.5,1,0,nan,0.817892153455196,0.08333333333333333,1.9335,1.8541,7.1558,7.2853,0.6873,19.021
20260702,20.0,4,1,projection_energy_gate,-19.56292765251638,0.5,1,0,0.22434014596581395,0.817892153455196,0.08333333333333333,1.8442,1.83,0.0,7.0316,0.1386,10.8444
20260702,20.0,4,1,stage1_projection_energy_gate,-19.56292765251638,0.5,1,0,0.22434014596581395,0.817892153455196,0.08333333333333333,1.8541,1.784,0.0,6.9239,0.1102,10.6722
20260702,20.0,4,1,axiswise_candan_joint_ls,-19.56292765251638,0.5,1,0,nan,0.817892153455196,0.08333333333333333,1.9226,1.8376,0.0,7.3052,0.0,11.086500000000001
20260702,20.0,4,2,projection_energy_gate,-16.68201518114113,0.75,1,0,0.28840242786513953,0.8172419407023772,0.08333333333333333,1.9079,1.8648,0.0,7.0561,0.1541,10.9997
20260702,20.0,4,2,stage1_projection_energy_gate,-16.68201518114113,0.75,1,0,0.28840242786513953,0.8172419407023772,0.08333333333333333,1.9052,1.8447,0.0,7.0119,0.1657,10.9275
20260702,20.0,4,2,axiswise_candan_joint_ls,-16.68201518114113,0.75,1,0,nan,0.8172419407023772,0.08333333333333333,1.9181,1.855,0.0,7.2495,0.0,11.163
20260702,20.0,4,2,legacy_explicit_residual_gate,-16.68201518114113,0.75,1,0,nan,0.8172419407023772,0.08333333333333333,1.9764,1.939,7.1819,7.2069,0.735,19.0158
20260702,20.0,4,3,stage1_projection_energy_gate,-12.322921025342922,0.75,1,0,0.2956190377024851,0.8238696776482404,0.08333333333333333,1.8639,1.8536,0.0,7.1536,0.1619,11.076699999999999
20260702,20.0,4,3,axiswise_candan_joint_ls,-12.322921025342922,0.75,1,0,nan,0.8238696776482404,0.08333333333333333,1.8529,1.8462,0.0,7.0777,0.0,10.889800000000001
20260702,20.0,4,3,legacy_explicit_residual_gate,-12.322921025342922,0.75,1,0,nan,0.8238696776482404,0.08333333333333333,1.9871,1.9067,7.1359,6.9837,0.6405,18.779799999999998
20260702,20.0,4,3,projection_energy_gate,-12.322921025342922,0.75,1,0,0.2956190377024851,0.8238696776482404,0.08333333333333333,1.8476,1.8298,0.0,7.1342,0.1647,10.965399999999999
20260702,20.0,4,4,axiswise_candan_joint_ls,-56.69220423470004,1.0,1,0,nan,0.8152644534438711,0.0,1.9521,1.9587,0.0,7.2601,0.0,11.0968
20260702,20.0,4,4,legacy_explicit_residual_gate,-56.69220423470004,1.0,1,0,nan,0.8152644534438711,0.0,1.913,1.8713,7.1274,7.1492,0.6562,18.517699999999998
20260702,20.0,4,4,projection_energy_gate,-56.69220423470004,1.0,1,0,0.3682074525243013,0.8152644534438711,0.0,1.894,1.8404,0.0,7.098,0.1416,10.9546
20260702,20.0,4,4,stage1_projection_energy_gate,-56.69220423470004,1.0,1,0,0.3682074525243013,0.8152644534438711,0.0,1.9109,2.0488,0.0,7.2832,0.1809,11.5135
20260702,20.0,4,5,legacy_explicit_residual_gate,-14.733716672820066,0.75,1,0,nan,0.8335421372753146,0.08333333333333333,1.9928,1.8713,7.1065,7.1187,0.6641,18.581300000000002
20260702,20.0,4,5,projection_energy_gate,-14.733716672820066,0.75,1,0,0.1766139831659028,0.8335421372753146,0.08333333333333333,1.8387,1.8207,0.0,7.0798,0.1243,10.8109
20260702,20.0,4,5,stage1_projection_energy_gate,-14.733716672820066,0.75,1,0,0.1766139831659028,0.8335421372753146,0.08333333333333333,1.9121,1.9054,0.0,7.1874,0.1521,11.1204
20260702,20.0,4,5,axiswise_candan_joint_ls,-14.733716672820066,0.75,1,0,nan,0.8335421372753146,0.08333333333333333,1.9687,1.872,0.0,7.5546,0.0,11.4123
20260702,20.0,4,6,projection_energy_gate,-44.16096568983043,1.0,1,0,0.26060673074485446,0.8200193110591901,0.0,1.8638,1.8703,0.0,7.1472,0.1399,10.995
20260702,20.0,4,6,stage1_projection_energy_gate,-44.16096568983043,1.0,1,0,0.26060673074485446,0.8200193110591901,0.0,1.934,1.8699,0.0,7.2786,0.1606,11.227
20260702,20.0,4,6,axiswise_candan_joint_ls,-44.16096568983043,1.0,1,0,nan,0.8200193110591901,0.0,2.2627,2.0512,0.0,7.7816,0.0,12.6685
20260702,20.0,4,6,legacy_explicit_residual_gate,-44.16096568983043,1.0,1,0,nan,0.8200193110591901,0.0,2.1768,2.0072,7.8025,7.9694,0.7665,21.5231
20260702,20.0,4,7,stage1_projection_energy_gate,-13.178192640054407,0.5,1,0,0.18867749857618712,0.8370623433335497,0.08333333333333333,2.0293,2.0163,0.0,7.1834,0.1298,11.4464
20260702,20.0,4,7,axiswise_candan_joint_ls,-13.178192640054407,0.5,1,0,nan,0.8370623433335497,0.08333333333333333,1.8327,1.8505,0.0,7.2986,0.0,11.0064
20260702,20.0,4,7,legacy_explicit_residual_gate,-13.178192640054407,0.5,1,0,nan,0.8370623433335497,0.08333333333333333,2.0036,1.8243,7.5515,7.1359,0.6822,19.124299999999998
20260702,20.0,4,7,projection_energy_gate,-13.178192640054407,0.5,1,0,0.18867749857618712,0.8370623433335497,0.08333333333333333,1.8398,1.8608,0.0,7.2789,0.1431,11.048499999999999
20260702,20.0,4,8,axiswise_candan_joint_ls,-52.9945063005361,1.0,1,0,nan,0.8159231021113148,0.0,1.8471,1.9093,0.0,7.079,0.0,10.763
20260702,20.0,4,8,legacy_explicit_residual_gate,-52.9945063005361,1.0,1,0,nan,0.8159231021113148,0.0,1.9082,1.8739,7.0401,7.0578,0.6425,18.4704
20260702,20.0,4,8,projection_energy_gate,-52.9945063005361,1.0,1,0,0.4402652856539582,0.8159231021113148,0.0,1.8817,1.8435,0.0,7.2804,0.1611,11.1712
20260702,20.0,4,8,stage1_projection_energy_gate,-52.9945063005361,1.0,1,0,0.4402652856539582,0.8159231021113148,0.0,1.9053,1.8531,0.0,6.9831,0.1408,10.9015
20260702,20.0,4,9,legacy_explicit_residual_gate,-11.000869919330752,0.75,1,0,nan,0.8189437844150232,0.08333333333333333,2.0074,1.8709,7.1463,7.0716,0.6683,18.7156
20260702,20.0,4,9,projection_energy_gate,-11.000869919330752,0.75,1,0,0.2913077940173089,0.8189437844150232,0.08333333333333333,1.8976,2.0505,0.0,7.3393,0.1314,11.618699999999999
20260702,20.0,4,9,stage1_projection_energy_gate,-11.000869919330752,0.75,1,0,0.2913077940173089,0.8189437844150232,0.08333333333333333,2.1385,1.9688,0.0,7.456,0.1713,11.5396
20260702,20.0,4,9,axiswise_candan_joint_ls,-11.000869919330752,0.75,1,0,nan,0.8189437844150232,0.08333333333333333,1.8824,1.9372,0.0,6.9818,0.0,10.7311
20260702,20.0,4,10,projection_energy_gate,-29.16645760815195,0.75,1,0,0.18199979745266312,0.8169705615150507,0.08333333333333333,1.8842,1.8687,0.0,7.0996,0.1522,11.112
20260702,20.0,4,10,stage1_projection_energy_gate,-29.16645760815195,0.75,1,0,0.18199979745266312,0.8169705615150507,0.08333333333333333,1.8153,1.7927,0.0,6.9932,0.1446,10.7383
20260702,20.0,4,10,axiswise_candan_joint_ls,-29.16645760815195,0.75,1,0,nan,0.8169705615150507,0.08333333333333333,1.8226,1.856,0.0,6.831,0.0,10.443000000000001
20260702,20.0,4,10,legacy_explicit_residual_gate,-29.16645760815195,0.75,1,0,nan,0.8169705615150507,0.08333333333333333,1.9314,1.8133,7.0612,7.3001,0.665,18.7325
20260702,20.0,4,11,stage1_projection_energy_gate,-14.495207277428621,0.0,1,0,0.20303836411836912,0.4033565520810721,0.16666666666666666,1.8564,1.8405,0.0,7.1467,0.1407,11.013000000000002
20260702,20.0,4,11,axiswise_candan_joint_ls,-14.495207277428621,0.0,1,0,nan,0.4033565520810721,0.16666666666666666,1.8127,1.8785,0.0,6.8966,0.0,10.543800000000001
20260702,20.0,4,11,legacy_explicit_residual_gate,-14.495207277428621,0.0,1,0,nan,0.4033565520810721,0.16666666666666666,1.9237,1.8823,7.1282,7.0688,0.7125,18.762999999999998
20260702,20.0,4,11,projection_energy_gate,-14.495207277428621,0.0,1,0,0.20303836411836912,0.4033565520810721,0.16666666666666666,1.9264,1.941,0.0,7.2067,0.1824,11.177499999999998
20260702,20.0,4,12,axiswise_candan_joint_ls,-11.899836137641026,0.75,1,0,nan,0.8199273029766195,0.08333333333333333,1.9172,1.9079,0.0,7.0199,0.0,11.1811
20260702,20.0,4,12,legacy_explicit_residual_gate,-11.899836137641026,0.75,1,0,nan,0.8199273029766195,0.08333333333333333,1.8726,1.7766,7.0924,6.8219,0.6409,18.165999999999997
20260702,20.0,4,12,projection_energy_gate,-11.899836137641026,0.75,1,0,0.3254256717932308,0.8199273029766195,0.08333333333333333,1.8569,1.8705,0.0,7.2826,0.1364,11.0992
20260702,20.0,4,12,stage1_projection_energy_gate,-11.899836137641026,0.75,1,0,0.3254256717932308,0.8199273029766195,0.08333333333333333,1.8442,1.8577,0.0,6.9979,0.146,10.8376
20260702,20.0,4,13,legacy_explicit_residual_gate,-13.885119428299745,0.75,1,0,nan,0.8307453510005325,0.08333333333333333,1.9406,1.9577,7.1234,6.9174,0.6396,18.576800000000002
20260702,20.0,4,13,projection_energy_gate,-13.885119428299745,0.75,1,0,0.23619864789120873,0.8307453510005325,0.08333333333333333,1.9382,1.9147,0.0,7.7996,0.15,12.0334
20260702,20.0,4,13,stage1_projection_energy_gate,-13.885119428299745,0.75,1,0,0.23619864789120873,0.8307453510005325,0.08333333333333333,2.0548,2.0224,0.0,7.8096,0.141,12.0845
20260702,20.0,4,13,axiswise_candan_joint_ls,-13.885119428299745,0.75,1,0,nan,0.8307453510005325,0.08333333333333333,1.9998,1.8964,0.0,7.793,0.0,11.5754
20260702,20.0,4,14,projection_energy_gate,-15.754074481545171,0.75,1,0,0.18870265496776828,0.8344869172945866,0.08333333333333333,1.8451,1.895,0.0,7.255,0.1153,11.0737
20260702,20.0,4,14,stage1_projection_energy_gate,-15.754074481545171,0.75,1,0,0.18870265496776828,0.8344869172945866,0.08333333333333333,1.9248,1.9464,0.0,7.4026,0.1577,11.4923
20260702,20.0,4,14,axiswise_candan_joint_ls,-15.754074481545171,0.75,1,0,nan,0.8344869172945866,0.08333333333333333,1.877,1.8495,0.0,7.2302,0.0,10.9253
20260702,20.0,4,14,legacy_explicit_residual_gate,-15.754074481545171,0.75,1,0,nan,0.8344869172945866,0.08333333333333333,2.0454,2.0639,7.3912,7.1096,0.7826,19.4535
20260702,20.0,4,15,stage1_projection_energy_gate,-14.372982744825327,0.5,1,0,0.38259899066980163,0.8121526418758964,0.16666666666666666,1.8385,1.8384,0.0,6.9768,0.1653,10.8207
20260702,20.0,4,15,axiswise_candan_joint_ls,-14.372982744825327,0.5,1,0,nan,0.8121526418758964,0.16666666666666666,1.8633,1.8616,0.0,7.1062,0.0,10.821200000000001
20260702,20.0,4,15,legacy_explicit_residual_gate,-14.372982744825327,0.5,1,0,nan,0.8121526418758964,0.16666666666666666,1.9685,1.8543,7.0679,7.0304,0.6838,18.687199999999997
20260702,20.0,4,15,projection_energy_gate,-14.372982744825327,0.5,1,0,0.38259899066980163,0.8121526418758964,0.16666666666666666,1.8792,1.8657,0.0,6.9506,0.1675,10.880899999999999
20260702,20.0,4,16,axiswise_candan_joint_ls,-12.79768750606359,0.75,1,0,nan,0.8223043455197502,0.08333333333333333,1.8669,1.832,0.0,7.1377,0.0,10.8932
20260702,20.0,4,16,legacy_explicit_residual_gate,-12.79768750606359,0.75,1,0,nan,0.8223043455197502,0.08333333333333333,1.9256,1.9549,7.4986,7.6502,0.9349,19.7626
20260702,20.0,4,16,projection_energy_gate,-12.79768750606359,0.75,1,0,0.2470707267726892,0.8223043455197502,0.08333333333333333,2.1519,2.1658,0.0,7.8971,0.1384,12.471
20260702,20.0,4,16,stage1_projection_energy_gate,-12.79768750606359,0.75,1,0,0.2470707267726892,0.8223043455197502,0.08333333333333333,1.8559,1.8928,0.0,7.0996,0.1409,11.0351
20260702,20.0,4,17,legacy_explicit_residual_gate,-11.472298746295495,0.5,1,0,nan,0.8253065044019136,0.08333333333333333,1.9574,1.8344,7.1825,7.111,0.6613,18.7328
20260702,20.0,4,17,projection_energy_gate,-11.472298746295495,0.5,1,0,0.19794284897210745,0.8253065044019136,0.08333333333333333,1.9796,1.9608,0.0,7.135,0.1575,11.2631
20260702,20.0,4,17,stage1_projection_energy_gate,-11.472298746295495,0.5,1,0,0.19794284897210745,0.8253065044019136,0.08333333333333333,1.8422,1.8722,0.0,6.9514,0.1497,10.825399999999998
20260702,20.0,4,17,axiswise_candan_joint_ls,-11.472298746295495,0.5,1,0,nan,0.8253065044019136,0.08333333333333333,1.883,1.8475,0.0,7.0967,0.0,10.774000000000001
20260702,20.0,4,18,projection_energy_gate,-54.23136461946178,1.0,1,0,0.3221102716211905,0.8289274379970354,0.0,1.8723,1.8975,0.0,7.1325,0.1615,11.061300000000001
20260702,20.0,4,18,stage1_projection_energy_gate,-54.23136461946178,1.0,1,0,0.3221102716211905,0.8289274379970354,0.0,1.9105,1.8315,0.0,7.3367,0.1663,11.3369
20260702,20.0,4,18,axiswise_candan_joint_ls,-54.23136461946178,1.0,1,0,nan,0.8289274379970354,0.0,1.8452,1.8263,0.0,7.0729,0.0,10.744399999999999
20260702,20.0,4,18,legacy_explicit_residual_gate,-54.23136461946178,1.0,1,0,nan,0.8289274379970354,0.0,1.9609,1.9653,7.3688,7.2765,0.746,19.2403
20260702,20.0,4,19,stage1_projection_energy_gate,-19.713941711865658,0.75,1,0,0.3399394172198082,0.8196133225334915,0.08333333333333333,1.8622,1.8703,0.0,7.0827,0.139,11.0046
20260702,20.0,4,19,axiswise_candan_joint_ls,-19.713941711865658,0.75,1,0,nan,0.8196133225334915,0.08333333333333333,1.8213,1.863,0.0,6.9458,0.0,10.6301
20260702,20.0,4,19,legacy_explicit_residual_gate,-19.713941711865658,0.75,1,0,nan,0.8196133225334915,0.08333333333333333,1.9319,1.8468,7.319,7.1082,0.6715,19.1059
20260702,20.0,4,19,projection_energy_gate,-19.713941711865658,0.75,1,0,0.3399394172198082,0.8196133225334915,0.08333333333333333,1.8978,1.8117,0.0,7.0727,0.1099,11.001299999999999
20260702,20.0,8,0,axiswise_candan_joint_ls,-15.120132884928585,0.625,1,0,nan,0.8052226143799458,0.08333333333333333,1.8452,2.0399,0.0,15.1418,0.0,19.0213
20260702,20.0,8,0,legacy_explicit_residual_gate,-15.120132884928585,0.625,1,0,nan,0.8052226143799458,0.08333333333333333,2.1447,2.2473,15.8808,16.3913,0.9115,40.5138
20260702,20.0,8,0,projection_energy_gate,-15.120132884928585,0.625,1,0,0.2535153601161616,0.8052226143799458,0.08333333333333333,2.0044,1.9889,0.0,17.5973,0.1386,21.727
20260702,20.0,8,0,stage1_projection_energy_gate,-15.120132884928585,0.625,1,0,0.2535153601161616,0.8052226143799458,0.08333333333333333,1.873,1.9908,0.0,15.4101,0.1406,19.345599999999997
20260702,20.0,8,1,legacy_explicit_residual_gate,-20.169450069262997,0.875,1,0,nan,0.8160428106858109,0.041666666666666664,1.9159,1.9186,16.7358,15.5052,0.672,45.067
20260702,20.0,8,1,projection_energy_gate,-20.169450069262997,0.875,1,0,0.24107966043560153,0.8160428106858109,0.041666666666666664,1.9096,1.9603,0.0,15.1986,0.138,19.2543
20260702,20.0,8,1,stage1_projection_energy_gate,-20.169450069262997,0.875,1,0,0.24107966043560153,0.8160428106858109,0.041666666666666664,1.8727,1.9554,0.0,15.2034,0.1504,19.1528
20260702,20.0,8,1,axiswise_candan_joint_ls,-20.169450069262997,0.875,1,0,nan,0.8160428106858109,0.041666666666666664,1.9214,2.0536,0.0,15.638,0.0,19.613
20260702,20.0,8,2,projection_energy_gate,-18.81758547814619,0.875,1,0,0.26332615164180584,0.8208999784232957,0.041666666666666664,1.9319,1.9792,0.0,15.0612,0.1577,19.1383
20260702,20.0,8,2,stage1_projection_energy_gate,-18.81758547814619,0.875,1,0,0.26332615164180584,0.8208999784232957,0.041666666666666664,1.9991,2.1302,0.0,15.5604,0.1523,19.802699999999998
20260702,20.0,8,2,axiswise_candan_joint_ls,-18.81758547814619,0.875,1,0,nan,0.8208999784232957,0.041666666666666664,1.9916,2.0177,0.0,15.2856,0.0,19.382800000000003
20260702,20.0,8,2,legacy_explicit_residual_gate,-18.81758547814619,0.875,1,0,nan,0.8208999784232957,0.041666666666666664,1.9298,1.9349,15.3976,14.9537,0.6324,34.9971
20260702,20.0,8,3,stage1_projection_energy_gate,-16.435839932398437,0.75,1,0,0.22908719706919853,0.8222960970094899,0.08333333333333333,1.8122,1.8952,0.0,14.7564,0.1547,18.7068
20260702,20.0,8,3,axiswise_candan_joint_ls,-16.435839932398437,0.75,1,0,nan,0.8222960970094899,0.08333333333333333,1.8991,1.9748,0.0,15.4154,0.0,19.3359
20260702,20.0,8,3,legacy_explicit_residual_gate,-16.435839932398437,0.75,1,0,nan,0.8222960970094899,0.08333333333333333,2.0278,1.9176,15.3611,15.0787,0.7998,35.5856
20260702,20.0,8,3,projection_energy_gate,-16.435839932398437,0.75,1,0,0.22908719706919853,0.8222960970094899,0.08333333333333333,2.237,2.1404,0.0,20.3022,0.1864,24.562099999999997
20260702,20.0,8,4,axiswise_candan_joint_ls,-15.430779824216003,0.625,1,0,nan,0.8272482000297052,0.08333333333333333,2.0658,2.3228,0.0,17.3712,0.0,21.6783
20260702,20.0,8,4,legacy_explicit_residual_gate,-15.430779824216003,0.625,1,0,nan,0.8272482000297052,0.08333333333333333,1.9472,2.0286,15.8608,15.1264,0.7163,35.9026
20260702,20.0,8,4,projection_energy_gate,-15.430779824216003,0.625,1,0,0.2378165214643201,0.8272482000297052,0.08333333333333333,1.9266,2.0101,0.0,15.5904,0.1327,19.830500000000004
20260702,20.0,8,4,stage1_projection_energy_gate,-15.430779824216003,0.625,1,0,0.2378165214643201,0.8272482000297052,0.08333333333333333,1.8864,2.0055,0.0,16.4329,0.1715,20.3995
20260702,20.0,8,5,legacy_explicit_residual_gate,-26.23933937556908,0.875,1,0,nan,0.8212761718821239,0.041666666666666664,1.9964,1.9827,15.8084,15.1923,0.8929,35.906
20260702,20.0,8,5,projection_energy_gate,-26.23933937556908,0.875,1,0,0.32438030634003107,0.8212761718821239,0.041666666666666664,1.9221,2.0712,0.0,15.2348,0.1666,19.3283
20260702,20.0,8,5,stage1_projection_energy_gate,-26.23933937556908,0.875,1,0,0.32438030634003107,0.8212761718821239,0.041666666666666664,1.9345,1.9721,0.0,15.4455,0.1471,19.400199999999998
20260702,20.0,8,5,axiswise_candan_joint_ls,-26.23933937556908,0.875,1,0,nan,0.8212761718821239,0.041666666666666664,1.9339,1.9566,0.0,15.2248,0.0,19.0185
20260702,20.0,8,6,projection_energy_gate,-18.849060056280116,0.75,1,0,0.21518676274347615,0.8195662194733205,0.08333333333333333,1.9132,1.9108,0.0,14.7648,0.1657,18.8701
20260702,20.0,8,6,stage1_projection_energy_gate,-18.849060056280116,0.75,1,0,0.21518676274347615,0.8195662194733205,0.08333333333333333,1.8529,1.8985,0.0,15.0087,0.1439,18.9576
20260702,20.0,8,6,axiswise_candan_joint_ls,-18.849060056280116,0.75,1,0,nan,0.8195662194733205,0.08333333333333333,1.856,2.0053,0.0,15.705,0.0,19.5934
20260702,20.0,8,6,legacy_explicit_residual_gate,-18.849060056280116,0.75,1,0,nan,0.8195662194733205,0.08333333333333333,1.9386,2.0746,15.2706,14.8619,0.8603,34.8874
20260702,20.0,8,7,stage1_projection_energy_gate,-14.305996543441047,0.625,1,0,0.14784882594364068,0.8160517954532246,0.125,1.8855,2.0001,0.0,15.3211,0.1632,19.369899999999998
20260702,20.0,8,7,axiswise_candan_joint_ls,-14.305996543441047,0.625,1,0,nan,0.8160517954532246,0.125,1.8943,1.9974,0.0,15.1368,0.0,19.1989
20260702,20.0,8,7,legacy_explicit_residual_gate,-14.305996543441047,0.625,1,0,nan,0.8160517954532246,0.125,1.9533,2.0052,15.5135,14.9483,0.6283,35.0413
20260702,20.0,8,7,projection_energy_gate,-14.305996543441047,0.625,1,0,0.14784882594364068,0.8160517954532246,0.125,2.3469,2.4707,0.0,18.7374,0.1643,23.5155
20260702,20.0,8,8,axiswise_candan_joint_ls,-9.752913935024612,0.625,1,0,nan,0.8131653367751525,0.125,1.9253,2.0807,0.0,19.1295,0.0,23.19
20260702,20.0,8,8,legacy_explicit_residual_gate,-9.752913935024612,0.625,1,0,nan,0.8131653367751525,0.125,1.92,1.9144,15.3125,14.8555,0.6803,34.7134
20260702,20.0,8,8,projection_energy_gate,-9.752913935024612,0.625,1,0,0.23326590839915706,0.8131653367751525,0.125,1.9552,2.0592,0.0,15.5002,0.147,19.5339
20260702,20.0,8,8,stage1_projection_energy_gate,-9.752913935024612,0.625,1,0,0.23326590839915706,0.8131653367751525,0.125,1.8951,1.9627,0.0,15.4453,0.196,19.5684
20260702,20.0,8,9,legacy_explicit_residual_gate,-13.486574334366189,0.875,1,0,nan,0.8136198188505,0.041666666666666664,1.9975,1.9582,15.692,15.1642,0.7712,35.6948
20260702,20.0,8,9,projection_energy_gate,-13.486574334366189,0.875,1,0,0.18677238668146479,0.8136198188505,0.041666666666666664,1.9361,2.084,0.0,15.5654,0.1556,19.7779
20260702,20.0,8,9,stage1_projection_energy_gate,-13.486574334366189,0.875,1,0,0.18677238668146479,0.8136198188505,0.041666666666666664,1.9431,2.0801,0.0,15.3666,0.1774,19.5231
20260702,20.0,8,9,axiswise_candan_joint_ls,-13.486574334366189,0.875,1,0,nan,0.8136198188505,0.041666666666666664,1.8947,1.9559,0.0,15.5786,0.0,19.3852
20260702,20.0,8,10,projection_energy_gate,-15.905300388795855,0.5,1,0,0.12046856723688713,0.38436992233104644,0.08333333333333333,1.9169,1.9812,0.0,15.0032,0.1251,19.0436
20260702,20.0,8,10,stage1_projection_energy_gate,-15.905300388795855,0.5,1,0,0.12046856723688713,0.38436992233104644,0.08333333333333333,1.913,1.9566,0.0,15.4935,0.1752,19.441300000000002
20260702,20.0,8,10,axiswise_candan_joint_ls,-15.905300388795855,0.5,1,0,nan,0.38436992233104644,0.08333333333333333,2.0164,2.0049,0.0,16.2179,0.0,20.2392
20260702,20.0,8,10,legacy_explicit_residual_gate,-15.905300388795855,0.5,1,0,nan,0.38436992233104644,0.08333333333333333,2.0187,2.067,15.7708,14.9667,0.6383,35.5623
20260702,20.0,8,11,stage1_projection_energy_gate,-14.675192095454513,0.5,1,0,0.24413579349299666,0.8158188099777369,0.08333333333333333,1.9789,1.9557,0.0,14.9966,0.146,18.9468
20260702,20.0,8,11,axiswise_candan_joint_ls,-14.675192095454513,0.5,1,0,nan,0.8158188099777369,0.08333333333333333,1.8477,1.9101,0.0,15.5796,0.0,19.436999999999998
20260702,20.0,8,11,legacy_explicit_residual_gate,-14.675192095454513,0.5,1,0,nan,0.8158188099777369,0.08333333333333333,1.9384,1.9687,15.3854,15.0563,0.6826,34.9153
20260702,20.0,8,11,projection_energy_gate,-14.675192095454513,0.5,1,0,0.24413579349299666,0.8158188099777369,0.08333333333333333,2.0213,2.065,0.0,15.9094,0.144,20.217000000000002
20260702,20.0,8,12,axiswise_candan_joint_ls,-17.851397052831995,0.875,1,0,nan,0.8181606702412323,0.041666666666666664,1.9191,2.0408,0.0,18.756,0.0,22.8014
20260702,20.0,8,12,legacy_explicit_residual_gate,-17.851397052831995,0.875,1,0,nan,0.8181606702412323,0.041666666666666664,1.925,1.9297,14.5714,14.4569,0.6492,33.6308
20260702,20.0,8,12,projection_energy_gate,-17.851397052831995,0.875,1,0,0.2366273879641268,0.8181606702412323,0.041666666666666664,1.8089,1.955,0.0,15.2751,0.1631,19.3068
20260702,20.0,8,12,stage1_projection_energy_gate,-17.851397052831995,0.875,1,0,0.2366273879641268,0.8181606702412323,0.041666666666666664,1.8716,2.0287,0.0,15.6249,0.1901,19.5783
20260702,20.0,8,13,legacy_explicit_residual_gate,-13.642680359310717,0.5,1,0,nan,0.8156105450076082,0.08333333333333333,2.0809,2.0494,15.7546,16.4128,0.8206,36.760200000000005
20260702,20.0,8,13,projection_energy_gate,-13.642680359310717,0.5,1,0,0.27901314929257515,0.8156105450076082,0.08333333333333333,1.9168,1.95,0.0,15.0997,0.1703,19.059400000000004
20260702,20.0,8,13,stage1_projection_energy_gate,-13.642680359310717,0.5,1,0,0.27901314929257515,0.8156105450076082,0.08333333333333333,1.9569,1.9901,0.0,15.901,0.1613,20.1602
20260702,20.0,8,13,axiswise_candan_joint_ls,-13.642680359310717,0.5,1,0,nan,0.8156105450076082,0.08333333333333333,1.8901,2.0208,0.0,15.9481,0.0,19.852899999999998
20260702,20.0,8,14,projection_energy_gate,-12.680549841010784,0.625,1,0,0.23887497257407317,0.8157813731829688,0.08333333333333333,1.8545,1.9737,0.0,14.9082,0.1436,18.8682
20260702,20.0,8,14,stage1_projection_energy_gate,-12.680549841010784,0.625,1,0,0.23887497257407317,0.8157813731829688,0.08333333333333333,1.9616,2.0048,0.0,15.3298,0.1271,19.338
20260702,20.0,8,14,axiswise_candan_joint_ls,-12.680549841010784,0.625,1,0,nan,0.8157813731829688,0.08333333333333333,1.9735,2.0758,0.0,15.5518,0.0,19.610599999999998
20260702,20.0,8,14,legacy_explicit_residual_gate,-12.680549841010784,0.625,1,0,nan,0.8157813731829688,0.08333333333333333,1.98,1.96,15.1744,15.9265,0.6733,35.6811
20260702,20.0,8,15,stage1_projection_energy_gate,-16.03102586343787,0.875,1,0,0.3077765692771517,0.8153310722180008,0.041666666666666664,1.9081,2.0134,0.0,15.5354,0.1521,19.6497
20260702,20.0,8,15,axiswise_candan_joint_ls,-16.03102586343787,0.875,1,0,nan,0.8153310722180008,0.041666666666666664,1.9525,1.9286,0.0,15.0938,0.0,18.910899999999998
20260702,20.0,8,15,legacy_explicit_residual_gate,-16.03102586343787,0.875,1,0,nan,0.8153310722180008,0.041666666666666664,1.9227,2.0196,15.5445,15.1599,0.6594,35.179500000000004
20260702,20.0,8,15,projection_energy_gate,-16.03102586343787,0.875,1,0,0.3077765692771517,0.8153310722180008,0.041666666666666664,1.9807,2.1156,0.0,15.9819,0.1465,20.3588
20260702,20.0,8,16,axiswise_candan_joint_ls,-14.8621094675329,0.5,1,0,nan,0.8148757554133147,0.08333333333333333,1.9417,1.9475,0.0,15.2066,0.0,19.261
20260702,20.0,8,16,legacy_explicit_residual_gate,-14.8621094675329,0.5,1,0,nan,0.8148757554133147,0.08333333333333333,2.136,2.0982,15.2001,15.402,0.7504,35.4927
20260702,20.0,8,16,projection_energy_gate,-14.8621094675329,0.5,1,0,0.33671448657235864,0.8148757554133147,0.08333333333333333,1.9242,2.0044,0.0,15.3515,0.1329,19.413
20260702,20.0,8,16,stage1_projection_energy_gate,-14.8621094675329,0.5,1,0,0.33671448657235864,0.8148757554133147,0.08333333333333333,1.8631,2.0187,0.0,15.5986,0.154,19.6155
20260702,20.0,8,17,legacy_explicit_residual_gate,-16.410583622603177,0.75,1,0,nan,0.8164469776140085,0.041666666666666664,2.0163,1.9619,15.2553,15.5364,0.6896,35.5518
20260702,20.0,8,17,projection_energy_gate,-16.410583622603177,0.75,1,0,0.27521875239495025,0.8164469776140085,0.041666666666666664,1.9035,2.0148,0.0,15.0929,0.1486,19.116999999999997
20260702,20.0,8,17,stage1_projection_energy_gate,-16.410583622603177,0.75,1,0,0.27521875239495025,0.8164469776140085,0.041666666666666664,1.9,2.0401,0.0,15.3269,0.1477,19.493799999999997
20260702,20.0,8,17,axiswise_candan_joint_ls,-16.410583622603177,0.75,1,0,nan,0.8164469776140085,0.041666666666666664,1.9885,1.9918,0.0,15.1288,0.0,18.9674
20260702,20.0,8,18,projection_energy_gate,-15.240990703576037,0.625,1,0,0.22978640732543454,0.8153832357743056,0.041666666666666664,1.8039,1.9404,0.0,15.5124,0.1793,19.4253
20260702,20.0,8,18,stage1_projection_energy_gate,-15.240990703576037,0.625,1,0,0.22978640732543454,0.8153832357743056,0.041666666666666664,1.9151,1.9658,0.0,15.2073,0.1665,19.396600000000003
20260702,20.0,8,18,axiswise_candan_joint_ls,-15.240990703576037,0.625,1,0,nan,0.8153832357743056,0.041666666666666664,1.8695,1.9268,0.0,15.0885,0.0,18.8583
20260702,20.0,8,18,legacy_explicit_residual_gate,-15.240990703576037,0.625,1,0,nan,0.8153832357743056,0.041666666666666664,1.9802,1.9436,15.2949,15.3912,0.6483,35.1902
20260702,20.0,8,19,stage1_projection_energy_gate,-15.244792491700782,0.875,1,0,0.21335785793473383,0.8209110848510133,0.041666666666666664,1.9325,2.0051,0.0,15.2531,0.1447,19.4086
20260702,20.0,8,19,axiswise_candan_joint_ls,-15.244792491700782,0.875,1,0,nan,0.8209110848510133,0.041666666666666664,1.8471,1.9422,0.0,14.9354,0.0,18.7123
20260702,20.0,8,19,legacy_explicit_residual_gate,-15.244792491700782,0.875,1,0,nan,0.8209110848510133,0.041666666666666664,2.0397,2.0675,15.6857,16.5096,0.8817,37.2001
20260702,20.0,8,19,projection_energy_gate,-15.244792491700782,0.875,1,0,0.21335785793473383,0.8209110848510133,0.041666666666666664,2.0754,2.0743,0.0,15.7229,0.1309,20.1226
20260702,30.0,2,0,axiswise_candan_joint_ls,-12.536309492697104,0.5,1,0,nan,0.8581377284994172,0.16666666666666666,1.9455,1.9147,0.0,3.9835,0.0,7.8869
20260702,30.0,2,0,legacy_explicit_residual_gate,-12.536309492697104,0.5,1,0,nan,0.8581377284994172,0.16666666666666666,2.121,1.9285,4.033,4.5399,1.0598,14.2055
20260702,30.0,2,0,projection_energy_gate,-12.536309492697104,0.5,1,0,0.08032311140037723,0.8581377284994172,0.16666666666666666,1.8149,1.7567,0.0,3.7017,0.081,7.428200000000001
20260702,30.0,2,0,stage1_projection_energy_gate,-12.536309492697104,0.5,1,0,0.08032311140037723,0.8581377284994172,0.16666666666666666,1.757,1.6885,0.0,3.5641,0.0592,7.172999999999999
20260702,30.0,2,1,legacy_explicit_residual_gate,-67.37424259800045,1.0,1,0,nan,0.8292564438025436,0.0,1.7757,1.6083,3.5916,3.5972,0.6179,11.1498
20260702,30.0,2,1,projection_energy_gate,-67.37424259800045,1.0,1,0,0.23123385245405803,0.8292564438025436,0.0,1.8477,1.8141,0.0,3.8432,0.1226,7.6808
20260702,30.0,2,1,stage1_projection_energy_gate,-67.37424259800045,1.0,1,0,0.23123385245405803,0.8292564438025436,0.0,1.9417,1.8646,0.0,3.7495,0.1313,7.6778
20260702,30.0,2,1,axiswise_candan_joint_ls,-67.37424259800045,1.0,1,0,nan,0.8292564438025436,0.0,1.8792,1.7712,0.0,3.7958,0.0,7.479
20260702,30.0,2,2,projection_energy_gate,-62.378687758620366,1.0,1,0,0.45722390176842587,0.8154006416637111,0.0,1.8387,1.7038,0.0,3.8182,0.0806,7.4441999999999995
20260702,30.0,2,2,stage1_projection_energy_gate,-62.378687758620366,1.0,1,0,0.45722390176842587,0.8154006416637111,0.0,1.9289,1.8306,0.0,3.7518,0.0948,7.8047
20260702,30.0,2,2,axiswise_candan_joint_ls,-62.378687758620366,1.0,1,0,nan,0.8154006416637111,0.0,1.9652,1.752,0.0,3.7741,0.0,7.5283
20260702,30.0,2,2,legacy_explicit_residual_gate,-62.378687758620366,1.0,1,0,nan,0.8154006416637111,0.0,1.9089,1.815,3.9339,4.0158,0.7087,12.580400000000001
20260702,30.0,2,3,stage1_projection_energy_gate,-63.83171951907187,1.0,1,0,0.25307180028752724,0.836566391573311,0.0,2.0288,1.8362,0.0,3.7642,0.1037,7.7388
20260702,30.0,2,3,axiswise_candan_joint_ls,-63.83171951907187,1.0,1,0,nan,0.836566391573311,0.0,1.9091,1.833,0.0,3.6483,0.0,7.4573
20260702,30.0,2,3,legacy_explicit_residual_gate,-63.83171951907187,1.0,1,0,nan,0.836566391573311,0.0,1.8578,1.6537,3.6603,3.6777,0.6624,11.6533
20260702,30.0,2,3,projection_energy_gate,-63.83171951907187,1.0,1,0,0.25307180028752724,0.836566391573311,0.0,1.9269,1.7955,0.0,3.7455,0.08,7.6602
20260702,30.0,2,4,axiswise_candan_joint_ls,-64.48363969781005,1.0,1,0,nan,0.8321843585022957,0.0,1.8389,1.7469,0.0,3.7131,0.0,7.2989
20260702,30.0,2,4,legacy_explicit_residual_gate,-64.48363969781005,1.0,1,0,nan,0.8321843585022957,0.0,1.8882,1.732,3.8408,3.8173,0.711,12.0209
20260702,30.0,2,4,projection_energy_gate,-64.48363969781005,1.0,1,0,0.3125261309585714,0.8321843585022957,0.0,1.945,1.829,0.0,3.68,0.1088,7.560999999999999
20260702,30.0,2,4,stage1_projection_energy_gate,-64.48363969781005,1.0,1,0,0.3125261309585714,0.8321843585022957,0.0,1.8685,1.7676,0.0,3.7207,0.0947,7.508100000000001
20260702,30.0,2,5,legacy_explicit_residual_gate,-15.674773805155503,0.5,1,0,nan,0.8252365827970785,0.16666666666666666,2.0373,1.8319,3.7705,3.8913,0.6959,12.3118
20260702,30.0,2,5,projection_energy_gate,-15.674773805155503,0.5,1,0,0.265906813955882,0.8252365827970785,0.16666666666666666,1.8322,1.8339,0.0,3.9254,0.0868,7.8646
20260702,30.0,2,5,stage1_projection_energy_gate,-15.674773805155503,0.5,1,0,0.265906813955882,0.8252365827970785,0.16666666666666666,1.9192,1.8171,0.0,3.8341,0.0909,7.6613
20260702,30.0,2,5,axiswise_candan_joint_ls,-15.674773805155503,0.5,1,0,nan,0.8252365827970785,0.16666666666666666,1.9832,1.8205,0.0,4.0367,0.0,7.8404
20260702,30.0,2,6,projection_energy_gate,-12.531301877130625,0.5,1,0,0.4070402946889113,0.8267694573336833,0.16666666666666666,1.8549,1.7735,0.0,3.7949,0.0932,7.5548
20260702,30.0,2,6,stage1_projection_energy_gate,-12.531301877130625,0.5,1,0,0.4070402946889113,0.8267694573336833,0.16666666666666666,1.9364,1.9158,0.0,3.8576,0.1431,7.865
20260702,30.0,2,6,axiswise_candan_joint_ls,-12.531301877130625,0.5,1,0,nan,0.8267694573336833,0.16666666666666666,1.9569,1.8199,0.0,3.9191,0.0,7.6849
20260702,30.0,2,6,legacy_explicit_residual_gate,-12.531301877130625,0.5,1,0,nan,0.8267694573336833,0.16666666666666666,1.9518,1.7299,3.7422,3.7053,0.6833,11.791
20260702,30.0,2,7,stage1_projection_energy_gate,-64.1077582890503,1.0,1,0,0.4924177434978272,0.8166511506104072,0.0,1.7904,1.8151,0.0,3.6147,0.0887,7.3028
20260702,30.0,2,7,axiswise_candan_joint_ls,-64.1077582890503,1.0,1,0,nan,0.8166511506104072,0.0,1.9809,1.7355,0.0,3.8234,0.0,7.5727
20260702,30.0,2,7,legacy_explicit_residual_gate,-64.1077582890503,1.0,1,0,nan,0.8166511506104072,0.0,1.9241,1.8111,3.7621,3.7281,0.618,11.886
20260702,30.0,2,7,projection_energy_gate,-64.1077582890503,1.0,1,0,0.4924177434978272,0.8166511506104072,0.0,1.879,1.8042,0.0,3.701,0.0764,7.4497
20260702,30.0,2,8,axiswise_candan_joint_ls,-12.221702241774237,0.5,1,0,nan,0.8153168065720157,0.16666666666666666,1.8531,1.7105,0.0,3.7247,0.0,7.2639
20260702,30.0,2,8,legacy_explicit_residual_gate,-12.221702241774237,0.5,1,0,nan,0.8153168065720157,0.16666666666666666,1.9648,1.7556,3.7939,3.9273,0.6371,12.138000000000002
20260702,30.0,2,8,projection_energy_gate,-12.221702241774237,0.5,1,0,0.4103536158938693,0.8153168065720157,0.16666666666666666,1.8327,1.7028,0.0,3.6808,0.0657,7.3248
20260702,30.0,2,8,stage1_projection_energy_gate,-12.221702241774237,0.5,1,0,0.4103536158938693,0.8153168065720157,0.16666666666666666,1.8537,1.6958,0.0,3.6701,0.0617,7.2490000000000006
20260702,30.0,2,9,legacy_explicit_residual_gate,-10.843472458330323,0.5,1,0,nan,0.8239792105507535,0.16666666666666666,1.8752,1.6731,3.7642,3.6763,0.6678,11.5613
20260702,30.0,2,9,projection_energy_gate,-10.843472458330323,0.5,1,0,0.4258919747622559,0.8239792105507535,0.16666666666666666,1.8646,1.8232,0.0,3.8643,0.0853,7.6404000000000005
20260702,30.0,2,9,stage1_projection_energy_gate,-10.843472458330323,0.5,1,0,0.4258919747622559,0.8239792105507535,0.16666666666666666,1.8752,1.7528,0.0,3.8294,0.0806,7.5313
20260702,30.0,2,9,axiswise_candan_joint_ls,-10.843472458330323,0.5,1,0,nan,0.8239792105507535,0.16666666666666666,1.8958,1.8144,0.0,3.8607,0.0,7.5667
20260702,30.0,2,10,projection_energy_gate,-68.48344745350067,1.0,1,0,0.21449791913108604,0.853312176567951,0.0,1.956,1.8159,0.0,3.787,0.0917,7.7513
20260702,30.0,2,10,stage1_projection_energy_gate,-68.48344745350067,1.0,1,0,0.21449791913108604,0.853312176567951,0.0,1.9136,1.695,0.0,3.6585,0.0728,7.3957999999999995
20260702,30.0,2,10,axiswise_candan_joint_ls,-68.48344745350067,1.0,1,0,nan,0.853312176567951,0.0,1.983,1.8064,0.0,4.127,0.0,7.9482
20260702,30.0,2,10,legacy_explicit_residual_gate,-68.48344745350067,1.0,1,0,nan,0.853312176567951,0.0,2.1485,1.9952,3.8809,4.0019,0.7472,15.0344
20260702,30.0,2,11,stage1_projection_energy_gate,-70.05476491803701,1.0,1,0,0.2482901476914817,0.8367564628875142,0.0,2.2834,1.8876,0.0,4.042,0.1363,8.662799999999999
20260702,30.0,2,11,axiswise_candan_joint_ls,-70.05476491803701,1.0,1,0,nan,0.8367564628875142,0.0,1.7308,1.6427,0.0,3.6153,0.0,6.9963
20260702,30.0,2,11,legacy_explicit_residual_gate,-70.05476491803701,1.0,1,0,nan,0.8367564628875142,0.0,1.7691,1.6062,3.5898,3.5428,0.6224,11.1246
20260702,30.0,2,11,projection_energy_gate,-70.05476491803701,1.0,1,0,0.2482901476914817,0.8367564628875142,0.0,1.7706,1.6123,0.0,3.6162,0.0634,7.0851999999999995
20260702,30.0,2,12,axiswise_candan_joint_ls,-67.66953241630692,1.0,1,0,nan,0.8246106931775913,0.0,2.071,1.9717,0.0,4.2348,0.0,8.2775
20260702,30.0,2,12,legacy_explicit_residual_gate,-67.66953241630692,1.0,1,0,nan,0.8246106931775913,0.0,2.2059,2.2131,4.1876,4.1483,0.9498,13.905100000000001
20260702,30.0,2,12,projection_energy_gate,-67.66953241630692,1.0,1,0,0.3072301364251924,0.8246106931775913,0.0,1.9474,1.8785,0.0,3.8287,0.1232,7.777
20260702,30.0,2,12,stage1_projection_energy_gate,-67.66953241630692,1.0,1,0,0.3072301364251924,0.8246106931775913,0.0,1.9745,1.857,0.0,3.904,0.1216,7.8044
20260702,30.0,2,13,legacy_explicit_residual_gate,-64.39287110391523,1.0,1,0,nan,0.8183527661525006,0.0,1.9532,1.7668,3.9113,3.6913,0.6579,12.1175
20260702,30.0,2,13,projection_energy_gate,-64.39287110391523,1.0,1,0,0.3702127212649993,0.8183527661525006,0.0,1.9559,1.771,0.0,3.7892,0.089,7.549600000000001
20260702,30.0,2,13,stage1_projection_energy_gate,-64.39287110391523,1.0,1,0,0.3702127212649993,0.8183527661525006,0.0,1.868,1.7398,0.0,3.714,0.0785,7.403899999999999
20260702,30.0,2,13,axiswise_candan_joint_ls,-64.39287110391523,1.0,1,0,nan,0.8183527661525006,0.0,1.8591,1.7193,0.0,3.8065,0.0,7.3628
20260702,30.0,2,14,projection_energy_gate,-67.33038151668755,1.0,1,0,0.3216369481044959,0.8419742032168392,0.0,1.8221,1.7112,0.0,3.6857,0.0748,7.2857
20260702,30.0,2,14,stage1_projection_energy_gate,-67.33038151668755,1.0,1,0,0.3216369481044959,0.8419742032168392,0.0,1.8513,1.759,0.0,3.6059,0.1063,7.3225
20260702,30.0,2,14,axiswise_candan_joint_ls,-67.33038151668755,1.0,1,0,nan,0.8419742032168392,0.0,1.8074,1.7443,0.0,3.6361,0.0,7.187799999999999
20260702,30.0,2,14,legacy_explicit_residual_gate,-67.33038151668755,1.0,1,0,nan,0.8419742032168392,0.0,1.9641,1.8139,3.8813,3.8782,0.6809,12.2174
20260702,30.0,2,15,stage1_projection_energy_gate,-67.45961719117074,1.0,1,0,0.332179807659483,0.8201950315941029,0.0,1.8855,1.79,0.0,3.8608,0.0885,7.6171999999999995
20260702,30.0,2,15,axiswise_candan_joint_ls,-67.45961719117074,1.0,1,0,nan,0.8201950315941029,0.0,1.929,1.7469,0.0,3.7332,0.0,7.4091000000000005
20260702,30.0,2,15,legacy_explicit_residual_gate,-67.45961719117074,1.0,1,0,nan,0.8201950315941029,0.0,1.9903,1.7824,3.8291,3.8547,0.7109,12.081999999999999
20260702,30.0,2,15,projection_energy_gate,-67.45961719117074,1.0,1,0,0.332179807659483,0.8201950315941029,0.0,1.8788,1.8131,0.0,4.0397,0.1077,7.839300000000001
20260702,30.0,2,16,axiswise_candan_joint_ls,-66.40193771994998,1.0,1,0,nan,0.8632131954929347,0.0,1.7971,1.7314,0.0,3.7182,0.0,7.2593
20260702,30.0,2,16,legacy_explicit_residual_gate,-66.40193771994998,1.0,1,0,nan,0.8632131954929347,0.0,2.0369,1.8776,3.9502,3.9847,0.7566,12.611600000000001
20260702,30.0,2,16,projection_energy_gate,-66.40193771994998,1.0,1,0,0.1507578190316071,0.8632131954929347,0.0,1.8161,1.7742,0.0,3.6825,0.0934,7.3615
20260702,30.0,2,16,stage1_projection_energy_gate,-66.40193771994998,1.0,1,0,0.1507578190316071,0.8632131954929347,0.0,1.7979,1.7109,0.0,3.7502,0.1025,7.3473
20260702,30.0,2,17,legacy_explicit_residual_gate,-73.77088964542224,1.0,1,0,nan,0.8194687571654491,0.0,1.9351,1.7632,3.7878,3.7088,0.6297,11.913
20260702,30.0,2,17,projection_energy_gate,-73.77088964542224,1.0,1,0,0.18979875211671726,0.8194687571654491,0.0,1.8975,1.7598,0.0,3.7635,0.1005,7.5213
20260702,30.0,2,17,stage1_projection_energy_gate,-73.77088964542224,1.0,1,0,0.18979875211671726,0.8194687571654491,0.0,1.9823,1.8338,0.0,3.7757,0.109,7.6985
20260702,30.0,2,17,axiswise_candan_joint_ls,-73.77088964542224,1.0,1,0,nan,0.8194687571654491,0.0,1.8436,1.7283,0.0,3.689,0.0,7.2345
20260702,30.0,2,18,projection_energy_gate,-58.955084858854846,1.0,1,0,0.5313469550384012,0.8150017697670161,0.0,1.8855,1.7415,0.0,3.7691,0.0876,7.5516000000000005
20260702,30.0,2,18,stage1_projection_energy_gate,-58.955084858854846,1.0,1,0,0.5313469550384012,0.8150017697670161,0.0,1.9278,1.7826,0.0,3.8277,0.0956,7.6263
20260702,30.0,2,18,axiswise_candan_joint_ls,-58.955084858854846,1.0,1,0,nan,0.8150017697670161,0.0,1.9049,1.7704,0.0,3.7828,0.0,7.5578
20260702,30.0,2,18,legacy_explicit_residual_gate,-58.955084858854846,1.0,1,0,nan,0.8150017697670161,0.0,2.017,1.7709,3.8915,3.8952,0.7621,12.240200000000002
20260702,30.0,2,19,stage1_projection_energy_gate,-6.991164052610344,0.5,1,0,0.11147606794320691,0.8221135244282265,0.16666666666666666,1.8349,1.7419,0.0,3.7991,0.0798,7.5368
20260702,30.0,2,19,axiswise_candan_joint_ls,-6.991164052610344,0.5,1,0,nan,0.8221135244282265,0.16666666666666666,1.7917,1.659,0.0,3.6366,0.0,7.1042
20260702,30.0,2,19,legacy_explicit_residual_gate,-6.991164052610344,0.5,1,0,nan,0.8221135244282265,0.16666666666666666,1.9728,1.8153,3.7681,3.8673,0.7324,12.1521
20260702,30.0,2,19,projection_energy_gate,-6.991164052610344,0.5,1,0,0.11147606794320691,0.8221135244282265,0.16666666666666666,1.9234,1.7991,0.0,3.9222,0.0951,7.790700000000001
20260702,30.0,4,0,axiswise_candan_joint_ls,-64.19158491225572,1.0,1,0,nan,0.8232034309649205,0.0,1.9686,1.8098,0.0,7.1236,0.0,10.9285
20260702,30.0,4,0,legacy_explicit_residual_gate,-64.19158491225572,1.0,1,0,nan,0.8232034309649205,0.0,2.0472,1.9227,6.9224,7.0769,0.6667,18.6831
20260702,30.0,4,0,projection_energy_gate,-64.19158491225572,1.0,1,0,0.2095146313178113,0.8232034309649205,0.0,2.0127,1.9876,0.0,7.8461,0.1495,11.919799999999999
20260702,30.0,4,0,stage1_projection_energy_gate,-64.19158491225572,1.0,1,0,0.2095146313178113,0.8232034309649205,0.0,2.1836,1.956,0.0,7.6105,0.1652,12.0131
20260702,30.0,4,1,legacy_explicit_residual_gate,-11.045803424397509,0.25,1,0,nan,0.8157992921875845,0.16666666666666666,2.0155,2.06,7.1999,7.1199,0.6762,19.077400000000004
20260702,30.0,4,1,projection_energy_gate,-11.045803424397509,0.25,1,0,0.22695030613391787,0.8157992921875845,0.16666666666666666,1.8477,1.7867,0.0,7.1394,0.1078,10.8815
20260702,30.0,4,1,stage1_projection_energy_gate,-11.045803424397509,0.25,1,0,0.22695030613391787,0.8157992921875845,0.16666666666666666,2.1687,2.0867,0.0,7.7817,0.1444,12.123800000000001
20260702,30.0,4,1,axiswise_candan_joint_ls,-11.045803424397509,0.25,1,0,nan,0.8157992921875845,0.16666666666666666,2.0636,1.9426,0.0,7.4517,0.0,11.46
20260702,30.0,4,2,projection_energy_gate,-66.72625749640028,1.0,1,0,0.23000647457683326,0.8390409177466855,0.0,1.9543,1.9923,0.0,7.5547,0.1698,11.6981
20260702,30.0,4,2,stage1_projection_energy_gate,-66.72625749640028,1.0,1,0,0.23000647457683326,0.8390409177466855,0.0,2.1026,2.0361,0.0,7.7612,0.1329,12.2986
20260702,30.0,4,2,axiswise_candan_joint_ls,-66.72625749640028,1.0,1,0,nan,0.8390409177466855,0.0,2.1166,2.0559,0.0,7.8424,0.0,12.220199999999998
20260702,30.0,4,2,legacy_explicit_residual_gate,-66.72625749640028,1.0,1,0,nan,0.8390409177466855,0.0,1.8869,1.7709,7.1442,6.9898,0.6445,18.537300000000002
20260702,30.0,4,3,stage1_projection_energy_gate,-59.3905481518686,1.0,1,0,0.5833571770139115,0.8131578079313974,0.0,1.9508,1.9247,0.0,7.324,0.1533,11.3528
20260702,30.0,4,3,axiswise_candan_joint_ls,-59.3905481518686,1.0,1,0,nan,0.8131578079313974,0.0,1.8961,1.8328,0.0,7.4253,0.0,11.1334
20260702,30.0,4,3,legacy_explicit_residual_gate,-59.3905481518686,1.0,1,0,nan,0.8131578079313974,0.0,2.0475,2.0597,7.862,7.7549,0.7574,20.3874
20260702,30.0,4,3,projection_energy_gate,-59.3905481518686,1.0,1,0,0.5833571770139115,0.8131578079313974,0.0,2.0359,2.0753,0.0,8.178,0.1568,12.488800000000001
20260702,30.0,4,4,axiswise_candan_joint_ls,-61.952929194953555,1.0,1,0,nan,0.8249882187759628,0.0,1.8408,1.856,0.0,7.0272,0.0,10.856
20260702,30.0,4,4,legacy_explicit_residual_gate,-61.952929194953555,1.0,1,0,nan,0.8249882187759628,0.0,2.0206,1.9409,7.5472,7.0688,0.7703,19.2977
20260702,30.0,4,4,projection_energy_gate,-61.952929194953555,1.0,1,0,0.3725221080891282,0.8249882187759628,0.0,1.9294,1.7681,0.0,7.0065,0.1102,10.778
20260702,30.0,4,4,stage1_projection_energy_gate,-61.952929194953555,1.0,1,0,0.3725221080891282,0.8249882187759628,0.0,1.8642,1.7658,0.0,6.7768,0.0999,10.5022
20260702,30.0,4,5,legacy_explicit_residual_gate,-11.592035828487878,0.75,1,0,nan,0.8220359680390976,0.08333333333333333,1.9688,1.8273,7.0009,7.2999,0.7298,18.860000000000003
20260702,30.0,4,5,projection_energy_gate,-11.592035828487878,0.75,1,0,0.2575195108179047,0.8220359680390976,0.08333333333333333,1.9631,1.8126,0.0,7.1546,0.1269,11.212
20260702,30.0,4,5,stage1_projection_energy_gate,-11.592035828487878,0.75,1,0,0.2575195108179047,0.8220359680390976,0.08333333333333333,1.8915,1.8392,0.0,7.3495,0.1355,11.2034
20260702,30.0,4,5,axiswise_candan_joint_ls,-11.592035828487878,0.75,1,0,nan,0.8220359680390976,0.08333333333333333,1.9431,1.8594,0.0,7.1403,0.0,10.9009
20260702,30.0,4,6,projection_energy_gate,-56.34264402001452,1.0,1,0,0.2001826966012459,0.8502101573000623,0.0,1.9079,1.9382,0.0,7.1252,0.1144,11.17
20260702,30.0,4,6,stage1_projection_energy_gate,-56.34264402001452,1.0,1,0,0.2001826966012459,0.8502101573000623,0.0,1.8852,1.8781,0.0,7.2766,0.1336,11.2719
20260702,30.0,4,6,axiswise_candan_joint_ls,-56.34264402001452,1.0,1,0,nan,0.8502101573000623,0.0,1.9111,1.8543,0.0,7.1666,0.0,10.974
20260702,30.0,4,6,legacy_explicit_residual_gate,-56.34264402001452,1.0,1,0,nan,0.8502101573000623,0.0,1.9411,1.8507,7.0921,7.0434,0.7242,18.878400000000003
20260702,30.0,4,7,stage1_projection_energy_gate,-16.381039605111162,0.5,1,0,0.22901561605897505,0.8130131602198218,0.08333333333333333,1.8611,1.7975,0.0,7.1369,0.1392,11.0159
20260702,30.0,4,7,axiswise_candan_joint_ls,-16.381039605111162,0.5,1,0,nan,0.8130131602198218,0.08333333333333333,1.9726,1.8509,0.0,7.1059,0.0,10.990400000000001
20260702,30.0,4,7,legacy_explicit_residual_gate,-16.381039605111162,0.5,1,0,nan,0.8130131602198218,0.08333333333333333,1.9751,1.8715,7.3839,7.3236,0.7285,19.5772
20260702,30.0,4,7,projection_energy_gate,-16.381039605111162,0.5,1,0,0.22901561605897505,0.8130131602198218,0.08333333333333333,2.022,2.4801,0.0,7.5696,0.3065,13.5286
20260702,30.0,4,8,axiswise_candan_joint_ls,-66.37402203383682,1.0,1,0,nan,0.8265855242283388,0.0,1.9834,2.0625,0.0,7.1228,0.0,11.1687
20260702,30.0,4,8,legacy_explicit_residual_gate,-66.37402203383682,1.0,1,0,nan,0.8265855242283388,0.0,1.8327,1.6858,6.7932,6.6642,0.614,17.6671
20260702,30.0,4,8,projection_energy_gate,-66.37402203383682,1.0,1,0,0.30239756946736823,0.8265855242283388,0.0,1.7694,1.7425,0.0,7.1551,0.1237,10.818100000000001
20260702,30.0,4,8,stage1_projection_energy_gate,-66.37402203383682,1.0,1,0,0.30239756946736823,0.8265855242283388,0.0,2.0178,1.972,0.0,7.4513,0.1504,11.607199999999999
20260702,30.0,4,9,legacy_explicit_residual_gate,-60.96531920292981,1.0,1,0,nan,0.8216050098912239,0.0,2.0144,1.9163,7.3214,7.5046,0.8023,19.689799999999998
20260702,30.0,4,9,projection_energy_gate,-60.96531920292981,1.0,1,0,0.26214934899331155,0.8216050098912239,0.0,2.0681,2.2216,0.0,7.4984,0.1644,11.8713
20260702,30.0,4,9,stage1_projection_energy_gate,-60.96531920292981,1.0,1,0,0.26214934899331155,0.8216050098912239,0.0,1.8646,1.8693,0.0,7.0673,0.1049,10.895400000000002
20260702,30.0,4,9,axiswise_candan_joint_ls,-60.96531920292981,1.0,1,0,nan,0.8216050098912239,0.0,1.8612,1.7914,0.0,7.0703,0.0,10.7213
20260702,30.0,4,10,projection_energy_gate,-11.764888992512004,0.5,1,0,0.24813438079169595,0.8155114018645111,0.16666666666666666,1.8924,1.7863,0.0,7.0291,0.1349,10.8997
20260702,30.0,4,10,stage1_projection_energy_gate,-11.764888992512004,0.5,1,0,0.24813438079169595,0.8155114018645111,0.16666666666666666,1.8181,1.7423,0.0,6.8278,0.1064,10.510000000000002
20260702,30.0,4,10,axiswise_candan_joint_ls,-11.764888992512004,0.5,1,0,nan,0.8155114018645111,0.16666666666666666,1.9805,1.8225,0.0,7.2706,0.0,11.073599999999999
20260702,30.0,4,10,legacy_explicit_residual_gate,-11.764888992512004,0.5,1,0,nan,0.8155114018645111,0.16666666666666666,1.8816,1.869,7.1619,7.0409,0.634,18.618199999999998
20260702,30.0,4,11,stage1_projection_energy_gate,-14.077764839472021,0.5,1,0,0.2920513950673853,0.8113727338487962,0.08333333333333333,1.9491,1.8665,0.0,7.1477,0.1262,11.120000000000001
20260702,30.0,4,11,axiswise_candan_joint_ls,-14.077764839472021,0.5,1,0,nan,0.8113727338487962,0.08333333333333333,1.9555,1.7982,0.0,7.2334,0.0,10.9555
20260702,30.0,4,11,legacy_explicit_residual_gate,-14.077764839472021,0.5,1,0,nan,0.8113727338487962,0.08333333333333333,1.961,1.8222,7.2173,7.3053,0.6332,18.912
20260702,30.0,4,11,projection_energy_gate,-14.077764839472021,0.5,1,0,0.2920513950673853,0.8113727338487962,0.08333333333333333,1.9062,1.9772,0.0,7.3665,0.1566,11.4017
20260702,30.0,4,12,axiswise_candan_joint_ls,-10.400702430937333,0.5,1,0,nan,0.8246556779023666,0.08333333333333333,1.8489,1.8503,0.0,6.8241,0.0,10.523299999999999
20260702,30.0,4,12,legacy_explicit_residual_gate,-10.400702430937333,0.5,1,0,nan,0.8246556779023666,0.08333333333333333,1.903,1.8243,7.0189,7.1262,0.6465,18.5906
20260702,30.0,4,12,projection_energy_gate,-10.400702430937333,0.5,1,0,0.26386830602292793,0.8246556779023666,0.08333333333333333,1.8112,1.9802,0.0,6.9973,0.1565,10.9509
20260702,30.0,4,12,stage1_projection_energy_gate,-10.400702430937333,0.5,1,0,0.26386830602292793,0.8246556779023666,0.08333333333333333,1.8764,1.8226,0.0,7.135,0.1165,11.083499999999999
20260702,30.0,4,13,legacy_explicit_residual_gate,-11.35921817974127,0.5,1,0,nan,0.8178792854433798,0.16666666666666666,1.8571,1.729,6.9813,6.8658,0.6679,18.1445
20260702,30.0,4,13,projection_energy_gate,-11.35921817974127,0.5,1,0,0.21100113293562234,0.8178792854433798,0.16666666666666666,1.9771,1.9435,0.0,7.2787,0.1391,11.372
20260702,30.0,4,13,stage1_projection_energy_gate,-11.35921817974127,0.5,1,0,0.21100113293562234,0.8178792854433798,0.16666666666666666,2.0487,1.9489,0.0,7.4097,0.1439,11.6777
20260702,30.0,4,13,axiswise_candan_joint_ls,-11.35921817974127,0.5,1,0,nan,0.8178792854433798,0.16666666666666666,1.9127,1.8471,0.0,7.1955,0.0,10.9652
20260702,30.0,4,14,projection_energy_gate,-11.783673191756368,0.75,1,0,0.2069905675048257,0.8257956032376872,0.08333333333333333,1.9069,1.7729,0.0,7.0472,0.11,10.8474
20260702,30.0,4,14,stage1_projection_energy_gate,-11.783673191756368,0.75,1,0,0.2069905675048257,0.8257956032376872,0.08333333333333333,1.9842,1.9537,0.0,7.3882,0.1479,11.388200000000001
20260702,30.0,4,14,axiswise_candan_joint_ls,-11.783673191756368,0.75,1,0,nan,0.8257956032376872,0.08333333333333333,1.8283,1.8823,0.0,7.0108,0.0,10.8508
20260702,30.0,4,14,legacy_explicit_residual_gate,-11.783673191756368,0.75,1,0,nan,0.8257956032376872,0.08333333333333333,2.151,1.8729,7.3463,7.3655,0.681,19.7267
20260702,30.0,4,15,stage1_projection_energy_gate,-12.618095844042436,0.75,1,0,0.3104716721100963,0.815847780439017,0.08333333333333333,2.122,2.0629,0.0,7.949,0.1655,11.9767
20260702,30.0,4,15,axiswise_candan_joint_ls,-12.618095844042436,0.75,1,0,nan,0.815847780439017,0.08333333333333333,2.0881,1.9937,0.0,7.1456,0.0,11.1599
20260702,30.0,4,15,legacy_explicit_residual_gate,-12.618095844042436,0.75,1,0,nan,0.815847780439017,0.08333333333333333,2.2068,1.8779,7.0345,7.4489,0.7336,19.142500000000002
20260702,30.0,4,15,projection_energy_gate,-12.618095844042436,0.75,1,0,0.3104716721100963,0.815847780439017,0.08333333333333333,2.0198,1.937,0.0,7.4362,0.1662,11.640799999999999
20260702,30.0,4,16,axiswise_candan_joint_ls,-13.350356842379094,0.75,1,0,nan,0.842185257766156,0.08333333333333333,2.0151,2.0118,0.0,7.2326,0.0,11.1266
20260702,30.0,4,16,legacy_explicit_residual_gate,-13.350356842379094,0.75,1,0,nan,0.842185257766156,0.08333333333333333,1.9696,1.9858,7.0742,6.961,0.8181,19.1429
20260702,30.0,4,16,projection_energy_gate,-13.350356842379094,0.75,1,0,0.28154358523084555,0.842185257766156,0.08333333333333333,1.8633,1.9258,0.0,7.2514,0.1201,11.1266
20260702,30.0,4,16,stage1_projection_energy_gate,-13.350356842379094,0.75,1,0,0.28154358523084555,0.842185257766156,0.08333333333333333,1.9039,1.8484,0.0,6.9965,0.1154,10.8545
20260702,30.0,4,17,legacy_explicit_residual_gate,-62.34232846006048,1.0,1,0,nan,0.8164644029448559,0.0,1.9634,1.8534,7.0941,7.256,0.705,18.842000000000002
20260702,30.0,4,17,projection_energy_gate,-62.34232846006048,1.0,1,0,0.27140223216208587,0.8164644029448559,0.0,1.996,1.8206,0.0,7.0915,0.1166,11.024700000000001
20260702,30.0,4,17,stage1_projection_energy_gate,-62.34232846006048,1.0,1,0,0.27140223216208587,0.8164644029448559,0.0,1.8488,1.819,0.0,6.9192,0.1117,10.8117
20260702,30.0,4,17,axiswise_candan_joint_ls,-62.34232846006048,1.0,1,0,nan,0.8164644029448559,0.0,1.9217,1.7889,0.0,7.2151,0.0,10.9818
20260702,30.0,4,18,projection_energy_gate,-60.460851614104705,1.0,1,0,0.3814738889287101,0.8148830498967645,0.0,1.9109,1.9875,0.0,7.3781,0.1492,11.251000000000001
20260702,30.0,4,18,stage1_projection_energy_gate,-60.460851614104705,1.0,1,0,0.3814738889287101,0.8148830498967645,0.0,1.9259,1.821,0.0,7.6951,0.1243,11.5856
20260702,30.0,4,18,axiswise_candan_joint_ls,-60.460851614104705,1.0,1,0,nan,0.8148830498967645,0.0,1.9213,1.8566,0.0,7.0198,0.0,10.881
20260702,30.0,4,18,legacy_explicit_residual_gate,-60.460851614104705,1.0,1,0,nan,0.8148830498967645,0.0,1.9371,1.8,7.0304,7.1079,0.6917,18.7279
20260702,30.0,4,19,stage1_projection_energy_gate,-14.713920982590022,0.75,1,0,0.2540675808184542,0.8173662479356774,0.08333333333333333,1.9251,1.9243,0.0,7.155,0.1203,11.1171
20260702,30.0,4,19,axiswise_candan_joint_ls,-14.713920982590022,0.75,1,0,nan,0.8173662479356774,0.08333333333333333,1.8939,1.8268,0.0,7.081,0.0,10.773900000000001
20260702,30.0,4,19,legacy_explicit_residual_gate,-14.713920982590022,0.75,1,0,nan,0.8173662479356774,0.08333333333333333,1.972,1.8884,7.2721,7.3446,0.6407,19.1991
20260702,30.0,4,19,projection_energy_gate,-14.713920982590022,0.75,1,0,0.2540675808184542,0.8173662479356774,0.08333333333333333,1.8759,1.8149,0.0,6.9212,0.1027,10.8591
20260702,30.0,8,0,axiswise_candan_joint_ls,-19.104062132295415,0.75,1,0,nan,0.8192887021635595,0.041666666666666664,1.8347,1.9845,0.0,15.665,0.0,19.540499999999998
20260702,30.0,8,0,legacy_explicit_residual_gate,-19.104062132295415,0.75,1,0,nan,0.8192887021635595,0.041666666666666664,2.0158,2.0842,15.6295,14.8844,0.9074,35.634
20260702,30.0,8,0,projection_energy_gate,-19.104062132295415,0.75,1,0,0.3240849637263306,0.8192887021635595,0.041666666666666664,2.0079,2.1194,0.0,17.037,0.1563,21.4163
20260702,30.0,8,0,stage1_projection_energy_gate,-19.104062132295415,0.75,1,0,0.3240849637263306,0.8192887021635595,0.041666666666666664,1.9041,1.9539,0.0,15.769,0.1394,19.930500000000002
20260702,30.0,8,1,legacy_explicit_residual_gate,-19.052524411986873,0.5,1,0,nan,0.8136778646712794,0.041666666666666664,2.2978,2.2553,21.2445,24.2767,0.8311,49.288500000000006
20260702,30.0,8,1,projection_energy_gate,-19.052524411986873,0.5,1,0,0.32121800651354776,0.8136778646712794,0.041666666666666664,3.0219,2.5422,0.0,17.6142,0.1612,23.5515
20260702,30.0,8,1,stage1_projection_energy_gate,-19.052524411986873,0.5,1,0,0.32121800651354776,0.8136778646712794,0.041666666666666664,2.0588,2.0495,0.0,16.7523,0.161,21.0674
20260702,30.0,8,1,axiswise_candan_joint_ls,-19.052524411986873,0.5,1,0,nan,0.8136778646712794,0.041666666666666664,2.0152,2.0552,0.0,15.8457,0.0,19.869
20260702,30.0,8,2,projection_energy_gate,-11.964272511780747,0.5,1,0,0.21726519139925382,0.8238648509277818,0.125,2.002,2.0141,0.0,15.5742,0.1354,19.980999999999998
20260702,30.0,8,2,stage1_projection_energy_gate,-11.964272511780747,0.5,1,0,0.21726519139925382,0.8238648509277818,0.125,2.0235,2.0286,0.0,15.1674,0.135,19.327900000000003
20260702,30.0,8,2,axiswise_candan_joint_ls,-11.964272511780747,0.5,1,0,nan,0.8238648509277818,0.125,2.1742,2.214,0.0,17.7431,0.0,22.214399999999998
20260702,30.0,8,2,legacy_explicit_residual_gate,-11.964272511780747,0.5,1,0,nan,0.8238648509277818,0.125,2.2206,2.111,16.0064,16.5376,0.8014,37.8238
20260702,30.0,8,3,stage1_projection_energy_gate,-15.855293313252519,0.625,1,0,0.18794876774390062,0.8116231758891133,0.125,2.0536,2.0961,0.0,14.9746,0.1393,19.354100000000003
20260702,30.0,8,3,axiswise_candan_joint_ls,-15.855293313252519,0.625,1,0,nan,0.8116231758891133,0.125,2.0496,1.9736,0.0,15.5194,0.0,19.753
20260702,30.0,8,3,legacy_explicit_residual_gate,-15.855293313252519,0.625,1,0,nan,0.8116231758891133,0.125,2.1983,2.0028,15.6897,15.8669,0.8458,36.660900000000005
20260702,30.0,8,3,projection_energy_gate,-15.855293313252519,0.625,1,0,0.18794876774390062,0.8116231758891133,0.125,2.072,2.0292,0.0,16.3648,0.1358,20.842399999999998
20260702,30.0,8,4,axiswise_candan_joint_ls,-13.06086298455856,0.375,1,0,nan,0.8161136678277886,0.125,2.0319,2.013,0.0,15.7931,0.0,20.0222
20260702,30.0,8,4,legacy_explicit_residual_gate,-13.06086298455856,0.375,1,0,nan,0.8161136678277886,0.125,2.0262,2.085,15.4584,16.7226,0.8335,37.2603
20260702,30.0,8,4,projection_energy_gate,-13.06086298455856,0.375,1,0,0.30142933184379156,0.8161136678277886,0.125,2.0927,2.1465,0.0,16.2972,0.1475,20.6945
20260702,30.0,8,4,stage1_projection_energy_gate,-13.06086298455856,0.375,1,0,0.30142933184379156,0.8161136678277886,0.125,2.0734,2.144,0.0,30.2716,0.1493,34.6633
20260702,30.0,8,5,legacy_explicit_residual_gate,-14.78121220540631,0.75,1,0,nan,0.8159036557840617,0.08333333333333333,1.9827,2.0226,16.7542,17.0581,0.6566,37.9713
20260702,30.0,8,5,projection_energy_gate,-14.78121220540631,0.75,1,0,0.2556071805342959,0.8159036557840617,0.08333333333333333,1.8517,1.9498,0.0,15.0524,0.1537,18.9567
20260702,30.0,8,5,stage1_projection_energy_gate,-14.78121220540631,0.75,1,0,0.2556071805342959,0.8159036557840617,0.08333333333333333,1.8552,1.9409,0.0,15.0689,0.1589,19.296400000000002
20260702,30.0,8,5,axiswise_candan_joint_ls,-14.78121220540631,0.75,1,0,nan,0.8159036557840617,0.08333333333333333,1.8735,1.9405,0.0,15.4717,0.0,19.2765
20260702,30.0,8,6,projection_energy_gate,-16.98966766957033,0.375,1,0,0.21168741068880928,0.4020233288226573,0.08333333333333333,1.8166,1.8892,0.0,15.2302,0.1739,19.4471
20260702,30.0,8,6,stage1_projection_energy_gate,-16.98966766957033,0.375,1,0,0.21168741068880928,0.4020233288226573,0.08333333333333333,1.9061,2.0588,0.0,15.2526,0.1527,19.403299999999998
20260702,30.0,8,6,axiswise_candan_joint_ls,-16.98966766957033,0.375,1,0,nan,0.4020233288226573,0.08333333333333333,1.9427,1.9716,0.0,16.2681,0.0,20.2389
20260702,30.0,8,6,legacy_explicit_residual_gate,-16.98966766957033,0.375,1,0,nan,0.4020233288226573,0.08333333333333333,1.9247,1.921,15.2582,16.0868,0.7182,36.089999999999996
20260702,30.0,8,7,stage1_projection_energy_gate,-24.653765691972602,0.75,1,0,0.17596793491033533,0.8176740387879682,0.041666666666666664,1.9065,1.9678,0.0,15.0929,0.1334,19.086
20260702,30.0,8,7,axiswise_candan_joint_ls,-24.653765691972602,0.75,1,0,nan,0.8176740387879682,0.041666666666666664,1.8514,2.0551,0.0,15.2786,0.0,19.206
20260702,30.0,8,7,legacy_explicit_residual_gate,-24.653765691972602,0.75,1,0,nan,0.8176740387879682,0.041666666666666664,1.9745,2.0002,16.1157,16.5998,0.7919,37.4787
20260702,30.0,8,7,projection_energy_gate,-24.653765691972602,0.75,1,0,0.17596793491033533,0.8176740387879682,0.041666666666666664,1.9405,1.9041,0.0,15.1768,0.1424,19.5796
20260702,30.0,8,8,axiswise_candan_joint_ls,-17.315856779573167,0.625,1,0,nan,0.819582875568518,0.08333333333333333,1.8201,1.9548,0.0,15.1675,0.0,18.9424
20260702,30.0,8,8,legacy_explicit_residual_gate,-17.315856779573167,0.625,1,0,nan,0.819582875568518,0.08333333333333333,1.9005,1.9196,15.5898,15.534,0.6283,35.341800000000006
20260702,30.0,8,8,projection_energy_gate,-17.315856779573167,0.625,1,0,0.23938364962119163,0.819582875568518,0.08333333333333333,2.4533,1.9886,0.0,17.7092,0.1591,22.450799999999997
20260702,30.0,8,8,stage1_projection_energy_gate,-17.315856779573167,0.625,1,0,0.23938364962119163,0.819582875568518,0.08333333333333333,2.0042,2.1065,0.0,31.9064,0.134,36.269000000000005
20260702,30.0,8,9,legacy_explicit_residual_gate,-15.260385465651598,0.75,1,0,nan,0.8152835878113475,0.08333333333333333,2.0117,1.9161,15.4407,15.1225,0.682,35.249
20260702,30.0,8,9,projection_energy_gate,-15.260385465651598,0.75,1,0,0.2985355769937784,0.8152835878113475,0.08333333333333333,1.9361,2.0314,0.0,15.4527,0.173,19.559299999999997
20260702,30.0,8,9,stage1_projection_energy_gate,-15.260385465651598,0.75,1,0,0.2985355769937784,0.8152835878113475,0.08333333333333333,1.9021,1.9901,0.0,15.2836,0.1366,19.330800000000004
20260702,30.0,8,9,axiswise_candan_joint_ls,-15.260385465651598,0.75,1,0,nan,0.8152835878113475,0.08333333333333333,1.8712,2.0063,0.0,15.2075,0.0,19.1
20260702,30.0,8,10,projection_energy_gate,-19.918102488749195,0.625,1,0,0.2719589607226255,0.8143402295596839,0.08333333333333333,1.9564,1.9437,0.0,15.8119,0.1594,19.8563
20260702,30.0,8,10,stage1_projection_energy_gate,-19.918102488749195,0.625,1,0,0.2719589607226255,0.8143402295596839,0.08333333333333333,1.974,2.0604,0.0,16.4017,0.1633,20.9491
20260702,30.0,8,10,axiswise_candan_joint_ls,-19.918102488749195,0.625,1,0,nan,0.8143402295596839,0.08333333333333333,1.8406,1.9087,0.0,14.8634,0.0,18.6696
20260702,30.0,8,10,legacy_explicit_residual_gate,-19.918102488749195,0.625,1,0,nan,0.8143402295596839,0.08333333333333333,1.9701,1.9386,15.1715,15.0377,0.6718,34.8932
20260702,30.0,8,11,stage1_projection_energy_gate,-15.355222792942715,0.75,1,0,0.18713242793433763,0.8180827009447427,0.08333333333333333,1.8558,2.0479,0.0,15.2831,0.1476,19.2533
20260702,30.0,8,11,axiswise_candan_joint_ls,-15.355222792942715,0.75,1,0,nan,0.8180827009447427,0.08333333333333333,1.8747,1.9826,0.0,15.2953,0.0,19.1764
20260702,30.0,8,11,legacy_explicit_residual_gate,-15.355222792942715,0.75,1,0,nan,0.8180827009447427,0.08333333333333333,2.1081,2.0438,16.6176,15.5148,0.7382,36.8754
20260702,30.0,8,11,projection_energy_gate,-15.355222792942715,0.75,1,0,0.18713242793433763,0.8180827009447427,0.08333333333333333,1.8967,1.959,0.0,15.8732,0.1411,20.0104
20260702,30.0,8,12,axiswise_candan_joint_ls,-58.719386011017306,1.0,1,0,nan,0.8164745743709189,0.0,1.8434,1.9632,0.0,15.0528,0.0,18.8925
20260702,30.0,8,12,legacy_explicit_residual_gate,-58.719386011017306,1.0,1,0,nan,0.8164745743709189,0.0,1.9981,1.9969,16.5581,15.7166,0.7329,36.3406
20260702,30.0,8,12,projection_energy_gate,-58.719386011017306,1.0,1,0,0.3525369430556113,0.8164745743709189,0.0,2.009,2.076,0.0,15.3643,0.1475,19.5297
20260702,30.0,8,12,stage1_projection_energy_gate,-58.719386011017306,1.0,1,0,0.3525369430556113,0.8164745743709189,0.0,2.0943,2.0674,0.0,16.3998,0.1611,20.749
20260702,30.0,8,13,legacy_explicit_residual_gate,-14.23925571020392,0.875,1,0,nan,0.8209025642742008,0.041666666666666664,1.965,1.9303,15.1289,15.4219,0.7506,35.2607
20260702,30.0,8,13,projection_energy_gate,-14.23925571020392,0.875,1,0,0.31630932476928636,0.8209025642742008,0.041666666666666664,1.8592,1.9681,0.0,15.1993,0.1588,19.1251
20260702,30.0,8,13,stage1_projection_energy_gate,-14.23925571020392,0.875,1,0,0.31630932476928636,0.8209025642742008,0.041666666666666664,1.9071,2.0177,0.0,15.2807,0.1529,19.349099999999996
20260702,30.0,8,13,axiswise_candan_joint_ls,-14.23925571020392,0.875,1,0,nan,0.8209025642742008,0.041666666666666664,1.864,1.9645,0.0,15.9106,0.0,19.7391
20260702,30.0,8,14,projection_energy_gate,-16.779609523819797,0.5,1,0,0.32611355012545307,0.8140138850725813,0.08333333333333333,1.9054,2.0435,0.0,15.8582,0.1533,20.0545
20260702,30.0,8,14,stage1_projection_energy_gate,-16.779609523819797,0.5,1,0,0.32611355012545307,0.8140138850725813,0.08333333333333333,1.9068,2.1058,0.0,15.6087,0.1561,19.8032
20260702,30.0,8,14,axiswise_candan_joint_ls,-16.779609523819797,0.5,1,0,nan,0.8140138850725813,0.08333333333333333,1.8726,1.9343,0.0,15.2329,0.0,19.0447
20260702,30.0,8,14,legacy_explicit_residual_gate,-16.779609523819797,0.5,1,0,nan,0.8140138850725813,0.08333333333333333,2.006,2.0387,16.7859,17.8234,0.8261,42.1557
20260702,30.0,8,15,stage1_projection_energy_gate,-20.781740685714965,0.75,1,0,0.31446242566647714,0.8158679307149652,0.041666666666666664,1.9076,2.0745,0.0,15.6642,0.1619,19.8652
20260702,30.0,8,15,axiswise_candan_joint_ls,-20.781740685714965,0.75,1,0,nan,0.8158679307149652,0.041666666666666664,1.8369,2.0372,0.0,15.878,0.0,19.7521
20260702,30.0,8,15,legacy_explicit_residual_gate,-20.781740685714965,0.75,1,0,nan,0.8158679307149652,0.041666666666666664,1.9894,1.9635,15.2361,15.6201,0.7615,35.806599999999996
20260702,30.0,8,15,projection_energy_gate,-20.781740685714965,0.75,1,0,0.31446242566647714,0.8158679307149652,0.041666666666666664,1.8906,2.0441,0.0,15.3255,0.1591,19.4044
20260702,30.0,8,16,axiswise_candan_joint_ls,-13.157258310629388,0.75,1,0,nan,0.8148811348086865,0.08333333333333333,1.993,1.9752,0.0,15.1512,0.0,19.1445
20260702,30.0,8,16,legacy_explicit_residual_gate,-13.157258310629388,0.75,1,0,nan,0.8148811348086865,0.08333333333333333,2.0025,2.0299,20.1216,15.6839,0.7688,40.6067
20260702,30.0,8,16,projection_energy_gate,-13.157258310629388,0.75,1,0,0.20738404183953676,0.8148811348086865,0.08333333333333333,2.0506,2.1268,0.0,15.7672,0.1557,20.230200000000004
20260702,30.0,8,16,stage1_projection_energy_gate,-13.157258310629388,0.75,1,0,0.20738404183953676,0.8148811348086865,0.08333333333333333,2.1035,2.0451,0.0,15.1648,0.1483,19.4627
20260702,30.0,8,17,legacy_explicit_residual_gate,-16.87486751804434,0.75,1,0,nan,0.815001329400832,0.08333333333333333,2.0318,1.9538,15.5827,14.9251,0.6765,35.4456
20260702,30.0,8,17,projection_energy_gate,-16.87486751804434,0.75,1,0,0.40907252522432824,0.815001329400832,0.08333333333333333,1.8973,1.9705,0.0,15.0471,0.1536,18.9677
20260702,30.0,8,17,stage1_projection_energy_gate,-16.87486751804434,0.75,1,0,0.40907252522432824,0.815001329400832,0.08333333333333333,1.9611,1.9207,0.0,15.1551,0.1544,19.3424
20260702,30.0,8,17,axiswise_candan_joint_ls,-16.87486751804434,0.75,1,0,nan,0.815001329400832,0.08333333333333333,1.8947,2.0559,0.0,15.6974,0.0,19.5883
20260702,30.0,8,18,projection_energy_gate,-16.232196009134825,0.875,1,0,0.3154589654993541,0.8130883052370217,0.041666666666666664,1.9208,2.0154,0.0,15.4856,0.1493,19.7024
20260702,30.0,8,18,stage1_projection_energy_gate,-16.232196009134825,0.875,1,0,0.3154589654993541,0.8130883052370217,0.041666666666666664,1.9482,1.9744,0.0,15.272,0.1499,19.2924
20260702,30.0,8,18,axiswise_candan_joint_ls,-16.232196009134825,0.875,1,0,nan,0.8130883052370217,0.041666666666666664,1.8072,1.8733,0.0,14.6058,0.0,18.301199999999998
20260702,30.0,8,18,legacy_explicit_residual_gate,-16.232196009134825,0.875,1,0,nan,0.8130883052370217,0.041666666666666664,1.9575,1.8952,14.9987,14.9647,0.6623,34.199400000000004
20260702,30.0,8,19,stage1_projection_energy_gate,-53.98258393319083,1.0,1,0,0.2806352456542888,0.8250890824508003,0.0,1.878,2.0533,0.0,15.6604,0.1634,19.685299999999998
20260702,30.0,8,19,axiswise_candan_joint_ls,-53.98258393319083,1.0,1,0,nan,0.8250890824508003,0.0,1.9373,2.0014,0.0,16.0175,0.0,19.8083
20260702,30.0,8,19,legacy_explicit_residual_gate,-53.98258393319083,1.0,1,0,nan,0.8250890824508003,0.0,1.9072,1.9249,14.9307,14.9077,0.6881,34.511
20260702,30.0,8,19,projection_energy_gate,-53.98258393319083,1.0,1,0,0.2806352456542888,0.8250890824508003,0.0,2.0085,2.0237,0.0,15.4497,0.1457,19.7911
20260703,0.0,2,0,axiswise_candan_joint_ls,-41.52184951157122,1.0,1,0,nan,0.8365852408528267,0.0,1.8722,1.8263,0.0,3.8708,0.0,7.464600000000001
20260703,0.0,2,0,legacy_explicit_residual_gate,-41.52184951157122,1.0,1,0,nan,0.8365852408528267,0.0,1.9744,1.8786,3.9575,3.7219,0.6847,12.355599999999999
20260703,0.0,2,0,projection_energy_gate,-41.52184951157122,1.0,1,0,0.1457052878713517,0.8365852408528267,0.0,1.8504,1.7308,0.0,3.9268,0.097,7.5624
20260703,0.0,2,0,stage1_projection_energy_gate,-41.52184951157122,1.0,1,0,0.1457052878713517,0.8365852408528267,0.0,1.8666,1.7679,0.0,3.7853,0.0854,7.490399999999999
20260703,0.0,2,1,legacy_explicit_residual_gate,-32.882060082864385,1.0,1,0,nan,0.8275521443448952,0.0,1.8794,1.7284,3.7191,3.8381,0.7159,11.8007
20260703,0.0,2,1,projection_energy_gate,-32.882060082864385,1.0,1,0,0.16312975977888122,0.8275521443448952,0.0,1.93,1.906,0.0,3.9201,0.1081,7.877300000000001
20260703,0.0,2,1,stage1_projection_energy_gate,-32.882060082864385,1.0,1,0,0.16312975977888122,0.8275521443448952,0.0,2.0381,2.0301,0.0,4.2145,0.1788,8.4948
20260703,0.0,2,1,axiswise_candan_joint_ls,-32.882060082864385,1.0,1,0,nan,0.8275521443448952,0.0,1.8627,1.7969,0.0,3.815,0.0,7.479900000000001
20260703,0.0,2,2,projection_energy_gate,-12.83011901514125,0.5,1,0,0.059271613936578836,0.8581237782835499,0.16666666666666666,1.8992,1.8437,0.0,4.0231,0.1345,8.104
20260703,0.0,2,2,stage1_projection_energy_gate,-12.83011901514125,0.5,1,0,0.059271613936578836,0.8581237782835499,0.16666666666666666,2.0136,1.8834,0.0,3.909,0.1032,7.847700000000001
20260703,0.0,2,2,axiswise_candan_joint_ls,-12.83011901514125,0.5,1,0,nan,0.8581237782835499,0.16666666666666666,1.8682,1.8177,0.0,3.7424,0.0,7.436400000000001
20260703,0.0,2,2,legacy_explicit_residual_gate,-12.83011901514125,0.5,1,0,nan,0.8581237782835499,0.16666666666666666,1.9701,1.7886,3.8551,3.9124,0.7244,12.280199999999999
20260703,0.0,2,3,stage1_projection_energy_gate,-37.28070901245098,1.0,1,0,0.0726642757629232,0.855557178944402,0.0,1.9313,1.7406,0.0,3.8058,0.0974,7.6314
20260703,0.0,2,3,axiswise_candan_joint_ls,-37.28070901245098,1.0,1,0,nan,0.855557178944402,0.0,1.9116,1.7896,0.0,3.771,0.0,7.4722
20260703,0.0,2,3,legacy_explicit_residual_gate,-37.28070901245098,1.0,1,0,nan,0.855557178944402,0.0,2.0091,1.846,3.8,3.9062,0.7611,12.245800000000001
20260703,0.0,2,3,projection_energy_gate,-37.28070901245098,1.0,1,0,0.0726642757629232,0.855557178944402,0.0,1.9725,1.7976,0.0,4.0088,0.1023,7.880299999999999
20260703,0.0,2,4,axiswise_candan_joint_ls,-41.15814325584651,1.0,1,0,nan,0.8482575327948447,0.0,2.0119,1.9466,0.0,4.0818,0.0,8.068200000000001
20260703,0.0,2,4,legacy_explicit_residual_gate,-41.15814325584651,1.0,1,0,nan,0.8482575327948447,0.0,1.9897,1.8764,3.9449,3.8087,0.6995,12.3781
20260703,0.0,2,4,projection_energy_gate,-41.15814325584651,1.0,1,0,0.07173366722319366,0.8482575327948447,0.0,1.9605,1.8251,0.0,3.8733,0.1149,7.8658
20260703,0.0,2,4,stage1_projection_energy_gate,-41.15814325584651,1.0,1,0,0.07173366722319366,0.8482575327948447,0.0,1.9733,1.7979,0.0,3.8136,0.1005,7.6441
20260703,0.0,2,5,legacy_explicit_residual_gate,-37.43154897458029,1.0,1,0,nan,0.811679292440466,0.0,2.0487,1.8565,3.856,3.7627,0.7038,12.2365
20260703,0.0,2,5,projection_energy_gate,-37.43154897458029,1.0,1,0,0.11728560454908397,0.811679292440466,0.0,2.0527,2.023,0.0,4.1736,0.1591,8.445300000000001
20260703,0.0,2,5,stage1_projection_energy_gate,-37.43154897458029,1.0,1,0,0.11728560454908397,0.811679292440466,0.0,1.966,1.9308,0.0,3.9476,0.1378,7.882
20260703,0.0,2,5,axiswise_candan_joint_ls,-37.43154897458029,1.0,1,0,nan,0.811679292440466,0.0,2.0022,1.8378,0.0,3.9082,0.0,7.7294
20260703,0.0,2,6,projection_energy_gate,-40.548093549120665,1.0,1,0,0.11606147019911843,0.8480627293542392,0.0,1.9203,1.824,0.0,3.8619,0.1048,7.684
20260703,0.0,2,6,stage1_projection_energy_gate,-40.548093549120665,1.0,1,0,0.11606147019911843,0.8480627293542392,0.0,1.9036,1.8032,0.0,3.8406,0.1199,7.6819999999999995
20260703,0.0,2,6,axiswise_candan_joint_ls,-40.548093549120665,1.0,1,0,nan,0.8480627293542392,0.0,1.9028,1.8099,0.0,3.8989,0.0,7.5634
20260703,0.0,2,6,legacy_explicit_residual_gate,-40.548093549120665,1.0,1,0,nan,0.8480627293542392,0.0,1.9788,1.8267,3.921,4.0534,0.7606,12.7415
20260703,0.0,2,7,stage1_projection_energy_gate,-37.03289576294825,1.0,1,0,0.047802966181632635,0.8642705399265007,0.0,1.9608,1.9324,0.0,4.0438,0.1284,7.8863
20260703,0.0,2,7,axiswise_candan_joint_ls,-37.03289576294825,1.0,1,0,nan,0.8642705399265007,0.0,1.8769,1.8379,0.0,3.8691,0.0,7.5839
20260703,0.0,2,7,legacy_explicit_residual_gate,-37.03289576294825,1.0,1,0,nan,0.8642705399265007,0.0,2.0222,1.7929,3.8183,3.7478,0.7372,12.134500000000001
20260703,0.0,2,7,projection_energy_gate,-37.03289576294825,1.0,1,0,0.047802966181632635,0.8642705399265007,0.0,1.9812,1.8186,0.0,3.7894,0.111,7.690599999999999
20260703,0.0,2,8,axiswise_candan_joint_ls,-39.28738187563697,1.0,1,0,nan,0.822104459334098,0.0,1.901,1.865,0.0,3.9863,0.0,7.808
20260703,0.0,2,8,legacy_explicit_residual_gate,-39.28738187563697,1.0,1,0,nan,0.822104459334098,0.0,2.0605,1.9423,4.0834,3.9382,0.7836,12.9349
20260703,0.0,2,8,projection_energy_gate,-39.28738187563697,1.0,1,0,0.19718688464623618,0.822104459334098,0.0,2.0022,1.984,0.0,3.9646,0.0995,8.0456
20260703,0.0,2,8,stage1_projection_energy_gate,-39.28738187563697,1.0,1,0,0.19718688464623618,0.822104459334098,0.0,2.1495,2.0116,0.0,4.2137,0.1298,8.5315
20260703,0.0,2,9,legacy_explicit_residual_gate,-41.93307820339336,1.0,1,0,nan,0.8204950458350542,0.0,2.0504,1.8749,3.9114,3.8665,0.7123,12.7266
20260703,0.0,2,9,projection_energy_gate,-41.93307820339336,1.0,1,0,0.06540303752456393,0.8204950458350542,0.0,1.8128,1.7303,0.0,3.7715,0.0734,7.332200000000001
20260703,0.0,2,9,stage1_projection_energy_gate,-41.93307820339336,1.0,1,0,0.06540303752456393,0.8204950458350542,0.0,1.9029,1.6862,0.0,3.7383,0.0674,7.445500000000001
20260703,0.0,2,9,axiswise_candan_joint_ls,-41.93307820339336,1.0,1,0,nan,0.8204950458350542,0.0,1.7953,1.791,0.0,3.6948,0.0,7.2623
20260703,0.0,2,10,projection_energy_gate,-15.88880892529934,0.5,1,0,0.07333993317924237,0.8359509102896128,0.16666666666666666,1.8319,1.7215,0.0,3.7216,0.0831,7.3538
20260703,0.0,2,10,stage1_projection_energy_gate,-15.88880892529934,0.5,1,0,0.07333993317924237,0.8359509102896128,0.16666666666666666,1.815,1.6915,0.0,3.6992,0.0752,7.3311
20260703,0.0,2,10,axiswise_candan_joint_ls,-15.88880892529934,0.5,1,0,nan,0.8359509102896128,0.16666666666666666,1.8493,1.7046,0.0,3.7459,0.0,7.3279000000000005
20260703,0.0,2,10,legacy_explicit_residual_gate,-15.88880892529934,0.5,1,0,nan,0.8359509102896128,0.16666666666666666,1.9136,1.7534,3.7179,3.6588,0.6263,11.756300000000001
20260703,0.0,2,11,stage1_projection_energy_gate,-14.11950662541635,0.5,1,0,0.07403465753155668,0.8495663994716179,0.16666666666666666,1.8554,1.8165,0.0,3.8396,0.1244,7.6815
20260703,0.0,2,11,axiswise_candan_joint_ls,-14.11950662541635,0.5,1,0,nan,0.8495663994716179,0.16666666666666666,1.8123,1.706,0.0,3.7259,0.0,7.2514
20260703,0.0,2,11,legacy_explicit_residual_gate,-14.11950662541635,0.5,1,0,nan,0.8495663994716179,0.16666666666666666,1.9922,1.8065,3.9199,3.7771,0.679,12.2425
20260703,0.0,2,11,projection_energy_gate,-14.11950662541635,0.5,1,0,0.07403465753155668,0.8495663994716179,0.16666666666666666,1.9059,1.8281,0.0,3.8781,0.096,7.7396
20260703,0.0,2,12,axiswise_candan_joint_ls,-36.414743658707216,1.0,1,0,nan,0.8166987435935192,0.0,1.845,1.7359,0.0,3.7386,0.0,7.4096
20260703,0.0,2,12,legacy_explicit_residual_gate,-36.414743658707216,1.0,1,0,nan,0.8166987435935192,0.0,1.8947,1.765,3.8275,3.796,0.6626,11.8938
20260703,0.0,2,12,projection_energy_gate,-36.414743658707216,1.0,1,0,0.2379340422077344,0.8166987435935192,0.0,1.8757,1.7228,0.0,3.6799,0.0687,7.311
20260703,0.0,2,12,stage1_projection_energy_gate,-36.414743658707216,1.0,1,0,0.2379340422077344,0.8166987435935192,0.0,1.814,1.7884,0.0,3.6396,0.102,7.3424
20260703,0.0,2,13,legacy_explicit_residual_gate,-14.498784014362567,0.5,1,0,nan,0.8207319328221435,0.16666666666666666,1.9814,1.7606,3.8579,3.8049,0.7001,12.125999999999998
20260703,0.0,2,13,projection_energy_gate,-14.498784014362567,0.5,1,0,0.1217392621062645,0.8207319328221435,0.16666666666666666,1.8531,1.7367,0.0,3.6982,0.0665,7.3422
20260703,0.0,2,13,stage1_projection_energy_gate,-14.498784014362567,0.5,1,0,0.1217392621062645,0.8207319328221435,0.16666666666666666,1.8766,1.7263,0.0,3.6871,0.0677,7.3577
20260703,0.0,2,13,axiswise_candan_joint_ls,-14.498784014362567,0.5,1,0,nan,0.8207319328221435,0.16666666666666666,1.8765,1.7027,0.0,3.6715,0.0,7.2447
20260703,0.0,2,14,projection_energy_gate,-13.527534963351709,0.5,1,0,0.08766295077776808,0.8259191712648165,0.16666666666666666,1.8166,1.7058,0.0,3.6969,0.078,7.2925
20260703,0.0,2,14,stage1_projection_energy_gate,-13.527534963351709,0.5,1,0,0.08766295077776808,0.8259191712648165,0.16666666666666666,1.8256,1.6997,0.0,3.7079,0.0763,7.3095
20260703,0.0,2,14,axiswise_candan_joint_ls,-13.527534963351709,0.5,1,0,nan,0.8259191712648165,0.16666666666666666,1.8486,1.7046,0.0,3.7099,0.0,7.2578
20260703,0.0,2,14,legacy_explicit_residual_gate,-13.527534963351709,0.5,1,0,nan,0.8259191712648165,0.16666666666666666,1.9099,1.7701,3.8645,3.8411,0.6728,12.1765
20260703,0.0,2,15,stage1_projection_energy_gate,-41.47509592381078,1.0,1,0,0.13799914977920885,0.8459519626904575,0.0,1.9259,1.8057,0.0,3.7842,0.1171,7.6329
20260703,0.0,2,15,axiswise_candan_joint_ls,-41.47509592381078,1.0,1,0,nan,0.8459519626904575,0.0,1.9036,1.7745,0.0,3.7474,0.0,7.4269
20260703,0.0,2,15,legacy_explicit_residual_gate,-41.47509592381078,1.0,1,0,nan,0.8459519626904575,0.0,1.8229,1.6835,3.7712,3.8412,0.6799,11.7446
20260703,0.0,2,15,projection_energy_gate,-41.47509592381078,1.0,1,0,0.13799914977920885,0.8459519626904575,0.0,1.8838,1.8379,0.0,3.719,0.1122,7.4954
20260703,0.0,2,16,axiswise_candan_joint_ls,-36.95454380101658,1.0,1,0,nan,0.8334002450504483,0.0,1.8165,1.6908,0.0,3.6816,0.0,7.1889
20260703,0.0,2,16,legacy_explicit_residual_gate,-36.95454380101658,1.0,1,0,nan,0.8334002450504483,0.0,1.8983,1.6925,3.6418,3.7259,0.6474,11.7217
20260703,0.0,2,16,projection_energy_gate,-36.95454380101658,1.0,1,0,0.20787216205554787,0.8334002450504483,0.0,1.8701,1.6893,0.0,3.6553,0.0693,7.284000000000001
20260703,0.0,2,16,stage1_projection_energy_gate,-36.95454380101658,1.0,1,0,0.20787216205554787,0.8334002450504483,0.0,1.8633,1.7168,0.0,3.9289,0.0857,7.6345
20260703,0.0,2,17,legacy_explicit_residual_gate,-38.66359793117172,1.0,1,0,nan,0.8362204329534825,0.0,1.89,1.7532,3.7812,3.7113,0.6314,11.787099999999999
20260703,0.0,2,17,projection_energy_gate,-38.66359793117172,1.0,1,0,0.1301327970969131,0.8362204329534825,0.0,1.8007,1.7029,0.0,3.8176,0.0944,7.5273
20260703,0.0,2,17,stage1_projection_energy_gate,-38.66359793117172,1.0,1,0,0.1301327970969131,0.8362204329534825,0.0,1.849,1.8108,0.0,3.7568,0.1224,7.6193
20260703,0.0,2,17,axiswise_candan_joint_ls,-38.66359793117172,1.0,1,0,nan,0.8362204329534825,0.0,1.82,1.742,0.0,3.5882,0.0,7.1502
20260703,0.0,2,18,projection_energy_gate,-41.38088616341736,1.0,1,0,0.20397303333872524,0.8184118098518751,0.0,1.7878,1.6835,0.0,3.6743,0.0654,7.2501
20260703,0.0,2,18,stage1_projection_energy_gate,-41.38088616341736,1.0,1,0,0.20397303333872524,0.8184118098518751,0.0,1.8238,1.711,0.0,3.8128,0.0814,7.5072
20260703,0.0,2,18,axiswise_candan_joint_ls,-41.38088616341736,1.0,1,0,nan,0.8184118098518751,0.0,1.7733,1.7003,0.0,3.6484,0.0,7.122
20260703,0.0,2,18,legacy_explicit_residual_gate,-41.38088616341736,1.0,1,0,nan,0.8184118098518751,0.0,1.8635,1.7124,3.828,3.8068,0.6725,11.893999999999998
20260703,0.0,2,19,stage1_projection_energy_gate,-40.21037291148167,1.0,1,0,0.10651121852549902,0.8313073929589365,0.0,1.8082,1.7283,0.0,3.7607,0.0934,7.3449
20260703,0.0,2,19,axiswise_candan_joint_ls,-40.21037291148167,1.0,1,0,nan,0.8313073929589365,0.0,1.8646,1.8588,0.0,3.6822,0.0,7.394299999999999
20260703,0.0,2,19,legacy_explicit_residual_gate,-40.21037291148167,1.0,1,0,nan,0.8313073929589365,0.0,1.8919,1.6995,3.7616,3.6976,0.62,11.6813
20260703,0.0,2,19,projection_energy_gate,-40.21037291148167,1.0,1,0,0.10651121852549902,0.8313073929589365,0.0,1.8162,1.7642,0.0,3.7399,0.0786,7.4479999999999995
20260703,0.0,4,0,axiswise_candan_joint_ls,-16.680599039774563,0.75,1,0,nan,0.8143107200912013,0.08333333333333333,1.8041,1.7868,0.0,6.9135,0.0,10.462900000000001
20260703,0.0,4,0,legacy_explicit_residual_gate,-16.680599039774563,0.75,1,0,nan,0.8143107200912013,0.08333333333333333,1.946,1.8172,6.969,6.875,0.6771,18.164099999999998
20260703,0.0,4,0,projection_energy_gate,-16.680599039774563,0.75,1,0,0.17040255443037283,0.8143107200912013,0.08333333333333333,1.8214,1.7383,0.0,6.7786,0.099,10.4344
20260703,0.0,4,0,stage1_projection_energy_gate,-16.680599039774563,0.75,1,0,0.17040255443037283,0.8143107200912013,0.08333333333333333,1.8916,1.7695,0.0,6.7872,0.1012,10.4545
20260703,0.0,4,1,legacy_explicit_residual_gate,-39.051493268770486,1.0,1,0,nan,0.8109977709543783,0.0,1.8962,1.8366,6.8393,6.875,0.6894,18.139000000000003
20260703,0.0,4,1,projection_energy_gate,-39.051493268770486,1.0,1,0,0.18342460449446446,0.8109977709543783,0.0,1.8328,1.8617,0.0,7.0195,0.1368,10.7728
20260703,0.0,4,1,stage1_projection_energy_gate,-39.051493268770486,1.0,1,0,0.18342460449446446,0.8109977709543783,0.0,1.9527,1.9813,0.0,7.3653,0.131,11.3671
20260703,0.0,4,1,axiswise_candan_joint_ls,-39.051493268770486,1.0,1,0,nan,0.8109977709543783,0.0,1.901,1.9023,0.0,7.1108,0.0,10.9987
20260703,0.0,4,2,projection_energy_gate,-12.827430517551262,0.75,1,0,0.18015787943314002,0.8184922615272876,0.08333333333333333,1.9243,1.8702,0.0,7.2839,0.1407,11.3571
20260703,0.0,4,2,stage1_projection_energy_gate,-12.827430517551262,0.75,1,0,0.18015787943314002,0.8184922615272876,0.08333333333333333,1.9355,1.8697,0.0,7.3969,0.1339,11.3779
20260703,0.0,4,2,axiswise_candan_joint_ls,-12.827430517551262,0.75,1,0,nan,0.8184922615272876,0.08333333333333333,1.883,1.8016,0.0,7.1961,0.0,10.880700000000001
20260703,0.0,4,2,legacy_explicit_residual_gate,-12.827430517551262,0.75,1,0,nan,0.8184922615272876,0.08333333333333333,1.8833,1.7467,6.7001,6.8891,0.619,17.8578
20260703,0.0,4,3,stage1_projection_energy_gate,-35.591751781298726,1.0,1,0,0.15676397431812084,0.8223798259615127,0.0,1.8335,1.7864,0.0,6.8503,0.0942,10.566799999999999
20260703,0.0,4,3,axiswise_candan_joint_ls,-35.591751781298726,1.0,1,0,nan,0.8223798259615127,0.0,1.7917,1.7794,0.0,6.8924,0.0,10.4989
20260703,0.0,4,3,legacy_explicit_residual_gate,-35.591751781298726,1.0,1,0,nan,0.8223798259615127,0.0,1.8588,1.7433,6.7733,6.7924,0.6129,17.8111
20260703,0.0,4,3,projection_energy_gate,-35.591751781298726,1.0,1,0,0.15676397431812084,0.8223798259615127,0.0,2.0912,2.0539,0.0,7.4903,0.1604,11.808100000000001
20260703,0.0,4,4,axiswise_candan_joint_ls,-37.452672229183456,1.0,1,0,nan,0.8279994263723849,0.0,1.8279,1.8165,0.0,6.915,0.0,10.5326
20260703,0.0,4,4,legacy_explicit_residual_gate,-37.452672229183456,1.0,1,0,nan,0.8279994263723849,0.0,1.9392,1.8283,6.9156,6.9529,0.6855,18.3753
20260703,0.0,4,4,projection_energy_gate,-37.452672229183456,1.0,1,0,0.1684745028050391,0.8279994263723849,0.0,2.0688,1.8724,0.0,7.253,0.145,11.546500000000002
20260703,0.0,4,4,stage1_projection_energy_gate,-37.452672229183456,1.0,1,0,0.1684745028050391,0.8279994263723849,0.0,1.8755,1.8685,0.0,6.9175,0.1303,10.8252
20260703,0.0,4,5,legacy_explicit_residual_gate,-12.983377663979695,0.75,1,0,nan,0.8119604733698775,0.08333333333333333,1.8757,1.7279,6.764,6.7252,0.6758,17.7353
20260703,0.0,4,5,projection_energy_gate,-12.983377663979695,0.75,1,0,0.13398782635767448,0.8119604733698775,0.08333333333333333,1.9,1.8031,0.0,6.9435,0.1135,10.7647
20260703,0.0,4,5,stage1_projection_energy_gate,-12.983377663979695,0.75,1,0,0.13398782635767448,0.8119604733698775,0.08333333333333333,1.8619,1.7985,0.0,6.805,0.1044,10.6016
20260703,0.0,4,5,axiswise_candan_joint_ls,-12.983377663979695,0.75,1,0,nan,0.8119604733698775,0.08333333333333333,2.0126,1.9223,0.0,7.3791,0.0,11.314
20260703,0.0,4,6,projection_energy_gate,-17.2294613671092,0.75,1,0,0.06807694140059047,0.81081307812183,0.08333333333333333,1.9797,1.9344,0.0,7.1962,0.1253,11.166
20260703,0.0,4,6,stage1_projection_energy_gate,-17.2294613671092,0.75,1,0,0.06807694140059047,0.81081307812183,0.08333333333333333,1.9826,1.8167,0.0,7.0998,0.14,11.032800000000002
20260703,0.0,4,6,axiswise_candan_joint_ls,-17.2294613671092,0.75,1,0,nan,0.81081307812183,0.08333333333333333,1.9985,1.8822,0.0,7.4728,0.0,11.4805
20260703,0.0,4,6,legacy_explicit_residual_gate,-17.2294613671092,0.75,1,0,nan,0.81081307812183,0.08333333333333333,1.9094,1.7991,7.0018,7.0516,0.7134,18.6792
20260703,0.0,4,7,stage1_projection_energy_gate,-13.032446174579936,0.75,1,0,0.13240698730884398,0.8284801381297182,0.08333333333333333,1.8768,1.8722,0.0,7.0444,0.1244,10.9467
20260703,0.0,4,7,axiswise_candan_joint_ls,-13.032446174579936,0.75,1,0,nan,0.8284801381297182,0.08333333333333333,1.856,1.7782,0.0,7.1105,0.0,10.658100000000001
20260703,0.0,4,7,legacy_explicit_residual_gate,-13.032446174579936,0.75,1,0,nan,0.8284801381297182,0.08333333333333333,1.9098,1.8032,7.1103,7.1752,0.6581,18.767899999999997
20260703,0.0,4,7,projection_energy_gate,-13.032446174579936,0.75,1,0,0.13240698730884398,0.8284801381297182,0.08333333333333333,1.7826,1.7458,0.0,6.9257,0.1119,10.5606
20260703,0.0,4,8,axiswise_candan_joint_ls,-17.83389034969402,0.75,1,0,nan,0.8488801518143063,0.08333333333333333,1.8427,1.7855,0.0,7.2384,0.0,10.8605
20260703,0.0,4,8,legacy_explicit_residual_gate,-17.83389034969402,0.75,1,0,nan,0.8488801518143063,0.08333333333333333,2.0329,1.869,6.9647,6.8772,0.6352,18.4881
20260703,0.0,4,8,projection_energy_gate,-17.83389034969402,0.75,1,0,0.053395125411828843,0.8488801518143063,0.08333333333333333,1.8653,1.878,0.0,6.7891,0.1171,10.905500000000002
20260703,0.0,4,8,stage1_projection_energy_gate,-17.83389034969402,0.75,1,0,0.053395125411828843,0.8488801518143063,0.08333333333333333,1.9335,1.9297,0.0,7.0315,0.1247,11.0186
20260703,0.0,4,9,legacy_explicit_residual_gate,-27.76843499716894,0.75,1,0,nan,0.8298778373006419,0.08333333333333333,1.872,1.8702,7.0548,7.1665,0.6392,18.7776
20260703,0.0,4,9,projection_energy_gate,-27.76843499716894,0.75,1,0,0.11578980687809219,0.8298778373006419,0.08333333333333333,1.8118,1.7774,0.0,7.1085,0.1409,10.8056
20260703,0.0,4,9,stage1_projection_energy_gate,-27.76843499716894,0.75,1,0,0.11578980687809219,0.8298778373006419,0.08333333333333333,1.8581,1.8009,0.0,6.8403,0.1161,10.5952
20260703,0.0,4,9,axiswise_candan_joint_ls,-27.76843499716894,0.75,1,0,nan,0.8298778373006419,0.08333333333333333,1.7879,1.757,0.0,7.0644,0.0,10.6552
20260703,0.0,4,10,projection_energy_gate,-20.329551667426525,0.5,1,0,0.17459059444927086,0.8184651152560236,0.08333333333333333,1.9671,1.9206,0.0,7.367,0.1448,11.5129
20260703,0.0,4,10,stage1_projection_energy_gate,-20.329551667426525,0.5,1,0,0.17459059444927086,0.8184651152560236,0.08333333333333333,1.973,1.9147,0.0,7.3264,0.1408,11.4208
20260703,0.0,4,10,axiswise_candan_joint_ls,-20.329551667426525,0.5,1,0,nan,0.8184651152560236,0.08333333333333333,1.846,1.7404,0.0,7.0311,0.0,10.8423
20260703,0.0,4,10,legacy_explicit_residual_gate,-20.329551667426525,0.5,1,0,nan,0.8184651152560236,0.08333333333333333,1.8697,1.7428,6.7768,6.628,0.602,17.6042
20260703,0.0,4,11,stage1_projection_energy_gate,-17.245836454406145,0.75,1,0,0.21127862025885252,0.8202184001211059,0.08333333333333333,1.8855,1.8703,0.0,7.1016,0.1227,11.0173
20260703,0.0,4,11,axiswise_candan_joint_ls,-17.245836454406145,0.75,1,0,nan,0.8202184001211059,0.08333333333333333,1.8512,1.8285,0.0,6.9767,0.0,10.714400000000001
20260703,0.0,4,11,legacy_explicit_residual_gate,-17.245836454406145,0.75,1,0,nan,0.8202184001211059,0.08333333333333333,1.8872,1.7542,6.8205,7.0119,0.6661,18.0288
20260703,0.0,4,11,projection_energy_gate,-17.245836454406145,0.75,1,0,0.21127862025885252,0.8202184001211059,0.08333333333333333,1.8043,1.7853,0.0,7.004,0.1342,10.7408
20260703,0.0,4,12,axiswise_candan_joint_ls,-11.702275637366345,0.75,1,0,nan,0.807624069586869,0.08333333333333333,1.835,1.7747,0.0,7.0699,0.0,10.6832
20260703,0.0,4,12,legacy_explicit_residual_gate,-11.702275637366345,0.75,1,0,nan,0.807624069586869,0.08333333333333333,1.8826,1.7923,6.9659,6.9721,0.6321,18.282
20260703,0.0,4,12,projection_energy_gate,-11.702275637366345,0.75,1,0,0.17715839470785638,0.807624069586869,0.08333333333333333,1.8322,1.7648,0.0,6.8962,0.1146,10.6416
20260703,0.0,4,12,stage1_projection_energy_gate,-11.702275637366345,0.75,1,0,0.17715839470785638,0.807624069586869,0.08333333333333333,1.8178,1.7276,0.0,6.9898,0.0938,10.8393
20260703,0.0,4,13,legacy_explicit_residual_gate,-20.064016249576664,0.75,1,0,nan,0.8445190249472072,0.08333333333333333,1.9566,1.8063,7.1171,7.1745,0.634,18.6475
20260703,0.0,4,13,projection_energy_gate,-20.064016249576664,0.75,1,0,0.07698440894146462,0.8445190249472072,0.08333333333333333,1.8607,1.818,0.0,6.9532,0.1022,10.801
20260703,0.0,4,13,stage1_projection_energy_gate,-20.064016249576664,0.75,1,0,0.07698440894146462,0.8445190249472072,0.08333333333333333,1.8713,1.801,0.0,6.939,0.1034,10.726600000000001
20260703,0.0,4,13,axiswise_candan_joint_ls,-20.064016249576664,0.75,1,0,nan,0.8445190249472072,0.08333333333333333,1.856,1.7866,0.0,6.858,0.0,10.497599999999998
20260703,0.0,4,14,projection_energy_gate,-36.114713107939174,1.0,1,0,0.16577669385607388,0.8155925989681617,0.0,1.9121,1.8193,0.0,7.2212,0.1335,10.996699999999999
20260703,0.0,4,14,stage1_projection_energy_gate,-36.114713107939174,1.0,1,0,0.16577669385607388,0.8155925989681617,0.0,1.9543,1.8613,0.0,6.7368,0.1358,10.7753
20260703,0.0,4,14,axiswise_candan_joint_ls,-36.114713107939174,1.0,1,0,nan,0.8155925989681617,0.0,1.9038,1.8069,0.0,6.9817,0.0,10.6152
20260703,0.0,4,14,legacy_explicit_residual_gate,-36.114713107939174,1.0,1,0,nan,0.8155925989681617,0.0,1.9376,1.7853,7.0822,6.7447,0.6254,18.1531
20260703,0.0,4,15,stage1_projection_energy_gate,-15.538821557560675,0.5,1,0,0.19596138005382588,0.8105482092089354,0.08333333333333333,1.8159,1.7579,0.0,6.8003,0.1207,10.494
20260703,0.0,4,15,axiswise_candan_joint_ls,-15.538821557560675,0.5,1,0,nan,0.8105482092089354,0.08333333333333333,1.9345,1.9332,0.0,7.158,0.0,11.1827
20260703,0.0,4,15,legacy_explicit_residual_gate,-15.538821557560675,0.5,1,0,nan,0.8105482092089354,0.08333333333333333,1.9691,1.8189,7.0139,6.8544,0.6239,18.3065
20260703,0.0,4,15,projection_energy_gate,-15.538821557560675,0.5,1,0,0.19596138005382588,0.8105482092089354,0.08333333333333333,1.8645,1.9013,0.0,7.1962,0.1606,11.1391
20260703,0.0,4,16,axiswise_candan_joint_ls,-14.549643510315708,0.75,1,0,nan,0.8123100647341496,0.08333333333333333,1.8367,1.8628,0.0,7.0575,0.0,10.6941
20260703,0.0,4,16,legacy_explicit_residual_gate,-14.549643510315708,0.75,1,0,nan,0.8123100647341496,0.08333333333333333,1.8943,1.801,6.8007,6.6447,0.6132,17.7881
20260703,0.0,4,16,projection_energy_gate,-14.549643510315708,0.75,1,0,0.17079892163452853,0.8123100647341496,0.08333333333333333,2.0846,1.9529,0.0,7.5407,0.1757,11.673499999999999
20260703,0.0,4,16,stage1_projection_energy_gate,-14.549643510315708,0.75,1,0,0.17079892163452853,0.8123100647341496,0.08333333333333333,1.9744,1.9198,0.0,7.0973,0.1935,11.191799999999999
20260703,0.0,4,17,legacy_explicit_residual_gate,-10.938952765879858,0.25,1,0,nan,0.8256324220042421,0.16666666666666666,1.9018,1.7919,6.9782,6.8967,0.6347,18.2171
20260703,0.0,4,17,projection_energy_gate,-10.938952765879858,0.25,1,0,0.13546061852077257,0.8256324220042421,0.16666666666666666,1.849,1.7972,0.0,6.9466,0.1651,10.741200000000001
20260703,0.0,4,17,stage1_projection_energy_gate,-10.938952765879858,0.25,1,0,0.13546061852077257,0.8256324220042421,0.16666666666666666,2.0136,1.9205,0.0,6.978,0.1478,11.047699999999999
20260703,0.0,4,17,axiswise_candan_joint_ls,-10.938952765879858,0.25,1,0,nan,0.8256324220042421,0.16666666666666666,1.8035,1.8137,0.0,6.7826,0.0,10.3802
20260703,0.0,4,18,projection_energy_gate,-11.523383541641753,0.75,1,0,0.1135632641968573,0.8271371462323056,0.08333333333333333,1.8843,1.8411,0.0,6.8995,0.1502,10.762500000000001
20260703,0.0,4,18,stage1_projection_energy_gate,-11.523383541641753,0.75,1,0,0.1135632641968573,0.8271371462323056,0.08333333333333333,1.8536,1.8067,0.0,6.9526,0.1345,10.76
20260703,0.0,4,18,axiswise_candan_joint_ls,-11.523383541641753,0.75,1,0,nan,0.8271371462323056,0.08333333333333333,1.8863,1.8588,0.0,7.029,0.0,10.6808
20260703,0.0,4,18,legacy_explicit_residual_gate,-11.523383541641753,0.75,1,0,nan,0.8271371462323056,0.08333333333333333,1.9202,1.7735,7.0237,7.018,0.6307,18.4247
20260703,0.0,4,19,stage1_projection_energy_gate,-32.6835719377611,1.0,1,0,0.14580604638681036,0.819198265212137,0.0,1.8001,1.7945,0.0,6.8718,0.1197,10.6781
20260703,0.0,4,19,axiswise_candan_joint_ls,-32.6835719377611,1.0,1,0,nan,0.819198265212137,0.0,1.8646,1.8298,0.0,7.0482,0.0,10.6309
20260703,0.0,4,19,legacy_explicit_residual_gate,-32.6835719377611,1.0,1,0,nan,0.819198265212137,0.0,1.8695,1.7609,6.8568,6.8646,0.6322,17.9172
20260703,0.0,4,19,projection_energy_gate,-32.6835719377611,1.0,1,0,0.14580604638681036,0.819198265212137,0.0,1.795,1.8228,0.0,6.8593,0.1366,10.6203
20260703,0.0,8,0,axiswise_candan_joint_ls,-10.926948081506254,0.75,1,0,nan,0.8094678905643722,0.08333333333333333,1.8167,2.0306,0.0,14.9107,0.0,18.8087
20260703,0.0,8,0,legacy_explicit_residual_gate,-10.926948081506254,0.75,1,0,nan,0.8094678905643722,0.08333333333333333,2.049,2.0007,15.5753,14.9659,0.6519,35.153499999999994
20260703,0.0,8,0,projection_energy_gate,-10.926948081506254,0.75,1,0,0.14972837532003117,0.8094678905643722,0.08333333333333333,1.8523,1.9293,0.0,15.215,0.1426,19.050600000000003
20260703,0.0,8,0,stage1_projection_energy_gate,-10.926948081506254,0.75,1,0,0.14972837532003117,0.8094678905643722,0.08333333333333333,1.9547,2.0076,0.0,15.8885,0.1334,19.936400000000003
20260703,0.0,8,1,legacy_explicit_residual_gate,-28.644784431948437,0.875,1,0,nan,0.8240815000066937,0.041666666666666664,1.9987,1.9824,15.0937,14.8498,0.685,35.7455
20260703,0.0,8,1,projection_energy_gate,-28.644784431948437,0.875,1,0,0.12968566703642925,0.8240815000066937,0.041666666666666664,1.8747,1.9463,0.0,14.834,0.1371,18.787100000000002
20260703,0.0,8,1,stage1_projection_energy_gate,-28.644784431948437,0.875,1,0,0.12968566703642925,0.8240815000066937,0.041666666666666664,1.8701,1.9863,0.0,14.7858,0.1446,18.8582
20260703,0.0,8,1,axiswise_candan_joint_ls,-28.644784431948437,0.875,1,0,nan,0.8240815000066937,0.041666666666666664,1.9005,1.9139,0.0,15.0764,0.0,18.8908
20260703,0.0,8,2,projection_energy_gate,-13.980012448456915,0.75,1,0,0.11966978539786866,0.8166963070674361,0.08333333333333333,1.8651,1.9443,0.0,15.1666,0.1323,19.1007
20260703,0.0,8,2,stage1_projection_energy_gate,-13.980012448456915,0.75,1,0,0.11966978539786866,0.8166963070674361,0.08333333333333333,1.8538,1.9122,0.0,14.8009,0.1334,18.725800000000003
20260703,0.0,8,2,axiswise_candan_joint_ls,-13.980012448456915,0.75,1,0,nan,0.8166963070674361,0.08333333333333333,1.8445,1.9258,0.0,14.8481,0.0,18.5884
20260703,0.0,8,2,legacy_explicit_residual_gate,-13.980012448456915,0.75,1,0,nan,0.8166963070674361,0.08333333333333333,1.9785,1.9299,15.1577,15.1569,0.6923,34.9824
20260703,0.0,8,3,stage1_projection_energy_gate,-14.316895584236736,0.75,1,0,0.1115327286418704,0.8183687560785843,0.08333333333333333,1.9014,1.9467,0.0,16.1895,0.1615,20.3537
20260703,0.0,8,3,axiswise_candan_joint_ls,-14.316895584236736,0.75,1,0,nan,0.8183687560785843,0.08333333333333333,1.9629,1.9795,0.0,15.1501,0.0,19.0759
20260703,0.0,8,3,legacy_explicit_residual_gate,-14.316895584236736,0.75,1,0,nan,0.8183687560785843,0.08333333333333333,1.9495,1.9187,14.9593,15.0322,0.6521,34.2639
20260703,0.0,8,3,projection_energy_gate,-14.316895584236736,0.75,1,0,0.1115327286418704,0.8183687560785843,0.08333333333333333,1.8937,1.9262,0.0,14.8686,0.1378,18.816599999999998
20260703,0.0,8,4,axiswise_candan_joint_ls,-31.5972865744342,1.0,1,0,nan,0.8171957487936755,0.0,1.8953,1.9837,0.0,15.3957,0.0,19.2747
20260703,0.0,8,4,legacy_explicit_residual_gate,-31.5972865744342,1.0,1,0,nan,0.8171957487936755,0.0,1.9793,1.9467,15.0547,14.853,0.5979,34.6263
20260703,0.0,8,4,projection_energy_gate,-31.5972865744342,1.0,1,0,0.11233937476071922,0.8171957487936755,0.0,1.8957,1.9552,0.0,15.4254,0.1317,19.420199999999998
20260703,0.0,8,4,stage1_projection_energy_gate,-31.5972865744342,1.0,1,0,0.11233937476071922,0.8171957487936755,0.0,1.9223,1.9326,0.0,15.384,0.1384,19.4217
20260703,0.0,8,5,legacy_explicit_residual_gate,-33.72785698530889,1.0,1,0,nan,0.8286518587419223,0.0,1.9902,1.9582,15.1075,15.2153,0.7036,34.9189
20260703,0.0,8,5,projection_energy_gate,-33.72785698530889,1.0,1,0,0.084376539410144,0.8286518587419223,0.0,1.8784,1.9709,0.0,15.1245,0.1436,19.1122
20260703,0.0,8,5,stage1_projection_energy_gate,-33.72785698530889,1.0,1,0,0.084376539410144,0.8286518587419223,0.0,1.9464,1.9566,0.0,15.2004,0.1422,19.2253
20260703,0.0,8,5,axiswise_candan_joint_ls,-33.72785698530889,1.0,1,0,nan,0.8286518587419223,0.0,1.8685,1.9376,0.0,14.6776,0.0,18.4836
20260703,0.0,8,6,projection_energy_gate,-12.906293177188807,0.625,1,0,0.11811319478727618,0.8100249630286077,0.08333333333333333,1.8714,1.935,0.0,15.2642,0.1393,19.055600000000002
20260703,0.0,8,6,stage1_projection_energy_gate,-12.906293177188807,0.625,1,0,0.11811319478727618,0.8100249630286077,0.08333333333333333,1.8711,2.0036,0.0,15.4299,0.1377,19.4988
20260703,0.0,8,6,axiswise_candan_joint_ls,-12.906293177188807,0.625,1,0,nan,0.8100249630286077,0.08333333333333333,2.1467,2.144,0.0,16.3048,0.0,20.5765
20260703,0.0,8,6,legacy_explicit_residual_gate,-12.906293177188807,0.625,1,0,nan,0.8100249630286077,0.08333333333333333,1.9425,1.9454,15.3648,15.1417,0.6423,35.0367
20260703,0.0,8,7,stage1_projection_energy_gate,-22.395309590856584,0.875,1,0,0.13658252750637662,0.8126377347358895,0.041666666666666664,1.858,1.9195,0.0,15.1122,0.1412,19.0863
20260703,0.0,8,7,axiswise_candan_joint_ls,-22.395309590856584,0.875,1,0,nan,0.8126377347358895,0.041666666666666664,1.8979,2.0218,0.0,15.1666,0.0,19.1157
20260703,0.0,8,7,legacy_explicit_residual_gate,-22.395309590856584,0.875,1,0,nan,0.8126377347358895,0.041666666666666664,1.8975,1.9223,15.196,14.6964,0.6018,34.4524
20260703,0.0,8,7,projection_energy_gate,-22.395309590856584,0.875,1,0,0.13658252750637662,0.8126377347358895,0.041666666666666664,1.9457,2.0623,0.0,15.2354,0.1528,19.6283
20260703,0.0,8,8,axiswise_candan_joint_ls,-19.683922327001483,0.75,1,0,nan,0.8091212461385315,0.08333333333333333,1.8501,1.9259,0.0,14.6979,0.0,18.468700000000002
20260703,0.0,8,8,legacy_explicit_residual_gate,-19.683922327001483,0.75,1,0,nan,0.8091212461385315,0.08333333333333333,1.9535,1.9377,15.3174,14.9463,0.6251,34.9002
20260703,0.0,8,8,projection_energy_gate,-19.683922327001483,0.75,1,0,0.18298150692122017,0.8091212461385315,0.08333333333333333,1.9141,2.0509,0.0,15.3587,0.1607,19.5334
20260703,0.0,8,8,stage1_projection_energy_gate,-19.683922327001483,0.75,1,0,0.18298150692122017,0.8091212461385315,0.08333333333333333,1.8967,2.0162,0.0,15.5104,0.1515,19.5775
20260703,0.0,8,9,legacy_explicit_residual_gate,-17.476360603220144,0.75,1,0,nan,0.8208628460379013,0.041666666666666664,1.9329,1.9045,15.2616,14.6158,0.5845,34.2679
20260703,0.0,8,9,projection_energy_gate,-17.476360603220144,0.75,1,0,0.12300675117365988,0.8208628460379013,0.041666666666666664,1.8752,1.9738,0.0,16.3008,0.1476,20.3205
20260703,0.0,8,9,stage1_projection_energy_gate,-17.476360603220144,0.75,1,0,0.12300675117365988,0.8208628460379013,0.041666666666666664,1.9083,1.929,0.0,14.6192,0.1437,18.600199999999997
20260703,0.0,8,9,axiswise_candan_joint_ls,-17.476360603220144,0.75,1,0,nan,0.8208628460379013,0.041666666666666664,1.8899,1.9162,0.0,15.6794,0.0,19.7122
20260703,0.0,8,10,projection_energy_gate,-13.067894553350996,0.625,1,0,0.1033780895377588,0.8134145744717967,0.125,1.9281,2.0131,0.0,14.9852,0.1482,19.0746
20260703,0.0,8,10,stage1_projection_energy_gate,-13.067894553350996,0.625,1,0,0.1033780895377588,0.8134145744717967,0.125,1.8556,1.9857,0.0,14.7369,0.1363,18.7001
20260703,0.0,8,10,axiswise_candan_joint_ls,-13.067894553350996,0.625,1,0,nan,0.8134145744717967,0.125,1.8755,1.9848,0.0,15.3212,0.0,19.3075
20260703,0.0,8,10,legacy_explicit_residual_gate,-13.067894553350996,0.625,1,0,nan,0.8134145744717967,0.125,1.9326,1.9109,14.9024,14.9547,0.6606,34.401700000000005
20260703,0.0,8,11,stage1_projection_energy_gate,-18.182136582622455,0.625,1,0,0.1621850367665898,0.8123307767153546,0.041666666666666664,1.9349,1.944,0.0,15.3746,0.1381,19.4851
20260703,0.0,8,11,axiswise_candan_joint_ls,-18.182136582622455,0.625,1,0,nan,0.8123307767153546,0.041666666666666664,1.9129,1.9662,0.0,16.2301,0.0,20.1649
20260703,0.0,8,11,legacy_explicit_residual_gate,-18.182136582622455,0.625,1,0,nan,0.8123307767153546,0.041666666666666664,1.9236,1.91,15.2277,14.9114,0.6478,34.5178
20260703,0.0,8,11,projection_energy_gate,-18.182136582622455,0.625,1,0,0.1621850367665898,0.8123307767153546,0.041666666666666664,1.8549,1.9006,0.0,14.9504,0.134,18.8059
20260703,0.0,8,12,axiswise_candan_joint_ls,-13.94487809988105,0.625,1,0,nan,0.8023170105950047,0.125,1.8655,1.9329,0.0,14.839,0.0,18.6346
20260703,0.0,8,12,legacy_explicit_residual_gate,-13.94487809988105,0.625,1,0,nan,0.8023170105950047,0.125,1.9991,1.9357,15.7461,15.1922,0.8748,35.1734
20260703,0.0,8,12,projection_energy_gate,-13.94487809988105,0.625,1,0,0.14672536847094084,0.8023170105950047,0.125,1.949,1.9586,0.0,14.8694,0.129,18.906000000000002
20260703,0.0,8,12,stage1_projection_energy_gate,-13.94487809988105,0.625,1,0,0.14672536847094084,0.8023170105950047,0.125,1.9131,1.9793,0.0,14.8404,0.1991,18.931900000000002
20260703,0.0,8,13,legacy_explicit_residual_gate,-12.872959498396803,0.75,1,0,nan,0.796739752053941,0.08333333333333333,1.9869,1.9851,15.1875,14.7903,0.6205,34.5703
20260703,0.0,8,13,projection_energy_gate,-12.872959498396803,0.75,1,0,0.14229555542102618,0.796739752053941,0.08333333333333333,1.8699,1.899,0.0,15.081,0.1502,18.9954
20260703,0.0,8,13,stage1_projection_energy_gate,-12.872959498396803,0.75,1,0,0.14229555542102618,0.796739752053941,0.08333333333333333,1.8555,1.9727,0.0,15.9224,0.16,19.955099999999998
20260703,0.0,8,13,axiswise_candan_joint_ls,-12.872959498396803,0.75,1,0,nan,0.796739752053941,0.08333333333333333,1.893,1.9815,0.0,15.6878,0.0,19.6942
20260703,0.0,8,14,projection_energy_gate,-30.490656877569347,0.875,1,0,0.1098612151861249,0.8099666430015124,0.041666666666666664,1.9651,2.0829,0.0,15.1235,0.1391,19.3831
20260703,0.0,8,14,stage1_projection_energy_gate,-30.490656877569347,0.875,1,0,0.1098612151861249,0.8099666430015124,0.041666666666666664,1.8708,1.9382,0.0,14.915,0.1356,18.883
20260703,0.0,8,14,axiswise_candan_joint_ls,-30.490656877569347,0.875,1,0,nan,0.8099666430015124,0.041666666666666664,1.9693,1.9753,0.0,14.9932,0.0,18.8479
20260703,0.0,8,14,legacy_explicit_residual_gate,-30.490656877569347,0.875,1,0,nan,0.8099666430015124,0.041666666666666664,1.9485,1.9911,15.0486,15.387,0.6618,34.9812
20260703,0.0,8,15,stage1_projection_energy_gate,-23.335924498345886,0.75,1,0,0.12010805548275989,0.8238135382556852,0.08333333333333333,1.8823,1.9259,0.0,14.9136,0.1383,18.8638
20260703,0.0,8,15,axiswise_candan_joint_ls,-23.335924498345886,0.75,1,0,nan,0.8238135382556852,0.08333333333333333,1.9325,1.9946,0.0,15.6086,0.0,19.3116
20260703,0.0,8,15,legacy_explicit_residual_gate,-23.335924498345886,0.75,1,0,nan,0.8238135382556852,0.08333333333333333,1.9469,1.9157,15.0035,15.9906,0.6832,35.4766
20260703,0.0,8,15,projection_energy_gate,-23.335924498345886,0.75,1,0,0.12010805548275989,0.8238135382556852,0.08333333333333333,1.8755,1.9523,0.0,15.3106,0.1887,19.3171
20260703,0.0,8,16,axiswise_candan_joint_ls,-17.508623784837148,0.75,1,0,nan,0.8112225599146248,0.041666666666666664,1.8608,1.9562,0.0,14.8983,0.0,18.676000000000002
20260703,0.0,8,16,legacy_explicit_residual_gate,-17.508623784837148,0.75,1,0,nan,0.8112225599146248,0.041666666666666664,1.9939,1.9675,15.3401,15.7914,0.7786,35.9517
20260703,0.0,8,16,projection_energy_gate,-17.508623784837148,0.75,1,0,0.12101914588822002,0.8112225599146248,0.041666666666666664,1.8309,1.9357,0.0,16.2346,0.1637,20.2985
20260703,0.0,8,16,stage1_projection_energy_gate,-17.508623784837148,0.75,1,0,0.12101914588822002,0.8112225599146248,0.041666666666666664,1.9327,2.0596,0.0,16.1734,0.1735,20.382400000000004
20260703,0.0,8,17,legacy_explicit_residual_gate,-11.865081718367271,0.5,1,0,nan,0.8065217496885138,0.125,1.9146,1.9139,14.8169,15.0448,0.6633,33.938
20260703,0.0,8,17,projection_energy_gate,-11.865081718367271,0.5,1,0,0.15728946891727638,0.8065217496885138,0.125,1.8636,1.9226,0.0,14.9852,0.129,18.932199999999998
20260703,0.0,8,17,stage1_projection_energy_gate,-11.865081718367271,0.5,1,0,0.15728946891727638,0.8065217496885138,0.125,1.9398,1.9495,0.0,14.8094,0.1429,18.8124
20260703,0.0,8,17,axiswise_candan_joint_ls,-11.865081718367271,0.5,1,0,nan,0.8065217496885138,0.125,1.8836,1.9982,0.0,14.7561,0.0,18.7057
20260703,0.0,8,18,projection_energy_gate,-14.387938384850614,0.875,1,0,0.13642535756026664,0.8155958402009995,0.041666666666666664,1.8859,1.9415,0.0,14.8338,0.132,18.8442
20260703,0.0,8,18,stage1_projection_energy_gate,-14.387938384850614,0.875,1,0,0.13642535756026664,0.8155958402009995,0.041666666666666664,1.8871,1.9644,0.0,15.0534,0.2115,19.19
20260703,0.0,8,18,axiswise_candan_joint_ls,-14.387938384850614,0.875,1,0,nan,0.8155958402009995,0.041666666666666664,1.8576,1.9903,0.0,14.7622,0.0,18.6101
20260703,0.0,8,18,legacy_explicit_residual_gate,-14.387938384850614,0.875,1,0,nan,0.8155958402009995,0.041666666666666664,1.9333,1.906,17.0137,14.8472,0.8106,36.499500000000005
20260703,0.0,8,19,stage1_projection_energy_gate,-16.738397324812247,0.75,1,0,0.13636111518396035,0.8058333455128128,0.08333333333333333,1.9291,1.9765,0.0,16.4706,0.1517,20.527900000000002
20260703,0.0,8,19,axiswise_candan_joint_ls,-16.738397324812247,0.75,1,0,nan,0.8058333455128128,0.08333333333333333,1.9181,2.0344,0.0,15.6298,0.0,19.577199999999998
20260703,0.0,8,19,legacy_explicit_residual_gate,-16.738397324812247,0.75,1,0,nan,0.8058333455128128,0.08333333333333333,1.9316,1.9359,15.0325,14.9774,0.6793,34.5806
20260703,0.0,8,19,projection_energy_gate,-16.738397324812247,0.75,1,0,0.13636111518396035,0.8058333455128128,0.08333333333333333,1.868,1.9032,0.0,14.9734,0.1408,18.849899999999998
20260703,10.0,2,0,axiswise_candan_joint_ls,-47.75593551704577,1.0,1,0,nan,0.816030248872872,0.0,1.7891,1.7634,0.0,3.6899,0.0,7.2529
20260703,10.0,2,0,legacy_explicit_residual_gate,-47.75593551704577,1.0,1,0,nan,0.816030248872872,0.0,1.9676,1.768,3.7462,3.6632,0.6368,11.7135
20260703,10.0,2,0,projection_energy_gate,-47.75593551704577,1.0,1,0,0.4200483664502835,0.816030248872872,0.0,1.7748,1.6899,0.0,3.6815,0.0786,7.1925
20260703,10.0,2,0,stage1_projection_energy_gate,-47.75593551704577,1.0,1,0,0.4200483664502835,0.816030248872872,0.0,1.9048,1.8191,0.0,3.7128,0.1112,7.598199999999999
20260703,10.0,2,1,legacy_explicit_residual_gate,-48.35258130030312,1.0,1,0,nan,0.8145313472957846,0.0,1.8749,1.7063,3.6846,3.6991,0.6639,11.554
20260703,10.0,2,1,projection_energy_gate,-48.35258130030312,1.0,1,0,0.26451130342466356,0.8145313472957846,0.0,1.8207,1.7461,0.0,3.6898,0.1018,7.4312000000000005
20260703,10.0,2,1,stage1_projection_energy_gate,-48.35258130030312,1.0,1,0,0.26451130342466356,0.8145313472957846,0.0,1.9072,1.8301,0.0,3.8247,0.1409,7.7245
20260703,10.0,2,1,axiswise_candan_joint_ls,-48.35258130030312,1.0,1,0,nan,0.8145313472957846,0.0,1.8626,1.8939,0.0,3.8592,0.0,7.4729
20260703,10.0,2,2,projection_energy_gate,-50.0645188785706,1.0,1,0,0.27781720355184647,0.8241444860867743,0.0,1.8603,1.781,0.0,3.7888,0.0804,7.5135
20260703,10.0,2,2,stage1_projection_energy_gate,-50.0645188785706,1.0,1,0,0.27781720355184647,0.8241444860867743,0.0,1.8752,1.7323,0.0,3.7651,0.0715,7.4628
20260703,10.0,2,2,axiswise_candan_joint_ls,-50.0645188785706,1.0,1,0,nan,0.8241444860867743,0.0,1.8232,1.7083,0.0,3.65,0.0,7.219799999999999
20260703,10.0,2,2,legacy_explicit_residual_gate,-50.0645188785706,1.0,1,0,nan,0.8241444860867743,0.0,1.9303,1.7141,3.7333,3.6799,0.6331,11.7388
20260703,10.0,2,3,stage1_projection_energy_gate,-49.123346177143304,1.0,1,0,0.2229333233689541,0.8220330383297318,0.0,1.869,1.743,0.0,3.7002,0.0842,7.396000000000001
20260703,10.0,2,3,axiswise_candan_joint_ls,-49.123346177143304,1.0,1,0,nan,0.8220330383297318,0.0,1.8128,1.7016,0.0,3.6367,0.0,7.1169
20260703,10.0,2,3,legacy_explicit_residual_gate,-49.123346177143304,1.0,1,0,nan,0.8220330383297318,0.0,1.8537,1.7056,3.6574,3.6159,0.6365,11.4849
20260703,10.0,2,3,projection_energy_gate,-49.123346177143304,1.0,1,0,0.2229333233689541,0.8220330383297318,0.0,1.8618,1.7397,0.0,3.747,0.0846,7.4323999999999995
20260703,10.0,2,4,axiswise_candan_joint_ls,-45.92475276803222,1.0,1,0,nan,0.8214627964429261,0.0,1.799,1.7331,0.0,3.6902,0.0,7.2389
20260703,10.0,2,4,legacy_explicit_residual_gate,-45.92475276803222,1.0,1,0,nan,0.8214627964429261,0.0,1.9187,1.7507,3.8691,3.811,0.6685,12.6389
20260703,10.0,2,4,projection_energy_gate,-45.92475276803222,1.0,1,0,0.4458375281384073,0.8214627964429261,0.0,1.9201,1.8255,0.0,3.7735,0.1148,7.6185
20260703,10.0,2,4,stage1_projection_energy_gate,-45.92475276803222,1.0,1,0,0.4458375281384073,0.8214627964429261,0.0,1.8651,1.8032,0.0,3.8497,0.0894,7.642600000000001
20260703,10.0,2,5,legacy_explicit_residual_gate,-53.55089058567649,1.0,1,0,nan,0.8174234124698708,0.0,1.8758,1.6937,3.6705,3.6707,0.6242,11.5938
20260703,10.0,2,5,projection_energy_gate,-53.55089058567649,1.0,1,0,0.17014329241653037,0.8174234124698708,0.0,1.8302,1.7124,0.0,3.9002,0.0813,7.5241
20260703,10.0,2,5,stage1_projection_energy_gate,-53.55089058567649,1.0,1,0,0.17014329241653037,0.8174234124698708,0.0,1.761,1.64,0.0,3.6913,0.0621,7.152699999999999
20260703,10.0,2,5,axiswise_candan_joint_ls,-53.55089058567649,1.0,1,0,nan,0.8174234124698708,0.0,1.8019,1.6955,0.0,3.7362,0.0,7.2336
20260703,10.0,2,6,projection_energy_gate,-48.111017147552474,1.0,1,0,0.27220213665497817,0.8198134198895872,0.0,1.8065,1.7537,0.0,3.7111,0.0792,7.3505
20260703,10.0,2,6,stage1_projection_energy_gate,-48.111017147552474,1.0,1,0,0.27220213665497817,0.8198134198895872,0.0,1.8217,1.7344,0.0,3.6265,0.0685,7.1972
20260703,10.0,2,6,axiswise_candan_joint_ls,-48.111017147552474,1.0,1,0,nan,0.8198134198895872,0.0,1.8037,1.7105,0.0,3.6681,0.0,7.2245
20260703,10.0,2,6,legacy_explicit_residual_gate,-48.111017147552474,1.0,1,0,nan,0.8198134198895872,0.0,1.8505,1.6798,3.6363,3.7685,0.6321,11.584999999999999
20260703,10.0,2,7,stage1_projection_energy_gate,-52.22408054515558,1.0,1,0,0.2926650694846003,0.8145500654866243,0.0,1.8023,1.7756,0.0,3.8359,0.1107,7.525799999999999
20260703,10.0,2,7,axiswise_candan_joint_ls,-52.22408054515558,1.0,1,0,nan,0.8145500654866243,0.0,1.8743,1.8054,0.0,3.6841,0.0,7.5121
20260703,10.0,2,7,legacy_explicit_residual_gate,-52.22408054515558,1.0,1,0,nan,0.8145500654866243,0.0,1.8508,1.7522,3.7647,3.7951,0.6509,11.9864
20260703,10.0,2,7,projection_energy_gate,-52.22408054515558,1.0,1,0,0.2926650694846003,0.8145500654866243,0.0,1.8262,1.7288,0.0,3.7744,0.0864,7.4286
20260703,10.0,2,8,axiswise_candan_joint_ls,-45.659525631357134,1.0,1,0,nan,0.8210976021011666,0.0,1.8927,1.8018,0.0,3.9087,0.0,7.6032
20260703,10.0,2,8,legacy_explicit_residual_gate,-45.659525631357134,1.0,1,0,nan,0.8210976021011666,0.0,1.9521,1.7252,3.7323,3.7133,0.67,11.761
20260703,10.0,2,8,projection_energy_gate,-45.659525631357134,1.0,1,0,0.3151611737306117,0.8210976021011666,0.0,1.7484,1.7306,0.0,3.7072,0.0726,7.3272
20260703,10.0,2,8,stage1_projection_energy_gate,-45.659525631357134,1.0,1,0,0.3151611737306117,0.8210976021011666,0.0,1.7937,1.7095,0.0,3.6233,0.0618,7.1883
20260703,10.0,2,9,legacy_explicit_residual_gate,-48.49611388260698,1.0,1,0,nan,0.8206336479985115,0.0,1.853,1.7089,3.6789,3.6534,0.6202,11.5826
20260703,10.0,2,9,projection_energy_gate,-48.49611388260698,1.0,1,0,0.3812307800207673,0.8206336479985115,0.0,1.7732,1.6625,0.0,3.8628,0.0828,7.370299999999999
20260703,10.0,2,9,stage1_projection_energy_gate,-48.49611388260698,1.0,1,0,0.3812307800207673,0.8206336479985115,0.0,1.8296,1.8664,0.0,3.8779,0.1159,7.743499999999999
20260703,10.0,2,9,axiswise_candan_joint_ls,-48.49611388260698,1.0,1,0,nan,0.8206336479985115,0.0,1.8286,1.8095,0.0,3.6577,0.0,7.326600000000001
20260703,10.0,2,10,projection_energy_gate,-47.00612638200383,1.0,1,0,0.42094089753440883,0.8148969868456734,0.0,1.8268,1.7064,0.0,3.7122,0.0686,7.331099999999999
20260703,10.0,2,10,stage1_projection_energy_gate,-47.00612638200383,1.0,1,0,0.42094089753440883,0.8148969868456734,0.0,1.812,1.7011,0.0,3.6595,0.0805,7.2531
20260703,10.0,2,10,axiswise_candan_joint_ls,-47.00612638200383,1.0,1,0,nan,0.8148969868456734,0.0,1.8384,1.7167,0.0,3.8055,0.0,7.3368
20260703,10.0,2,10,legacy_explicit_residual_gate,-47.00612638200383,1.0,1,0,nan,0.8148969868456734,0.0,1.9148,1.7184,3.6715,3.7153,0.6466,11.7193
20260703,10.0,2,11,stage1_projection_energy_gate,-48.34329894948449,1.0,1,0,0.3258625460795579,0.8184336483642554,0.0,1.9993,1.9382,0.0,4.093,0.1215,8.0653
20260703,10.0,2,11,axiswise_candan_joint_ls,-48.34329894948449,1.0,1,0,nan,0.8184336483642554,0.0,1.9809,1.8405,0.0,3.9361,0.0,7.7681000000000004
20260703,10.0,2,11,legacy_explicit_residual_gate,-48.34329894948449,1.0,1,0,nan,0.8184336483642554,0.0,1.9941,1.8016,3.7661,3.7153,0.7294,12.114700000000001
20260703,10.0,2,11,projection_energy_gate,-48.34329894948449,1.0,1,0,0.3258625460795579,0.8184336483642554,0.0,1.8626,1.7371,0.0,3.7228,0.0742,7.422
20260703,10.0,2,12,axiswise_candan_joint_ls,-50.88754325644263,1.0,1,0,nan,0.8368211667904181,0.0,1.81,1.7103,0.0,3.7859,0.0,7.3126
20260703,10.0,2,12,legacy_explicit_residual_gate,-50.88754325644263,1.0,1,0,nan,0.8368211667904181,0.0,1.9038,1.7003,3.7069,3.6532,0.6141,11.7126
20260703,10.0,2,12,projection_energy_gate,-50.88754325644263,1.0,1,0,0.11817643718545552,0.8368211667904181,0.0,1.8615,1.7408,0.0,3.7319,0.0702,7.4125
20260703,10.0,2,12,stage1_projection_energy_gate,-50.88754325644263,1.0,1,0,0.11817643718545552,0.8368211667904181,0.0,1.8957,1.744,0.0,3.7384,0.0811,7.4563999999999995
20260703,10.0,2,13,legacy_explicit_residual_gate,-51.0767102749663,1.0,1,0,nan,0.8281621394041114,0.0,1.9404,1.7727,3.7206,3.6832,0.6696,11.8035
20260703,10.0,2,13,projection_energy_gate,-51.0767102749663,1.0,1,0,0.3530372520899807,0.8281621394041114,0.0,1.8496,1.716,0.0,3.6961,0.0679,7.3366999999999996
20260703,10.0,2,13,stage1_projection_energy_gate,-51.0767102749663,1.0,1,0,0.3530372520899807,0.8281621394041114,0.0,1.9546,1.7793,0.0,3.7839,0.0964,7.6406
20260703,10.0,2,13,axiswise_candan_joint_ls,-51.0767102749663,1.0,1,0,nan,0.8281621394041114,0.0,1.8507,1.7611,0.0,3.6956,0.0,7.335100000000001
20260703,10.0,2,14,projection_energy_gate,-13.08774034719422,0.5,1,0,0.3125371679940655,0.8166958343336226,0.16666666666666666,1.8344,1.7683,0.0,3.7554,0.1182,7.645099999999999
20260703,10.0,2,14,stage1_projection_energy_gate,-13.08774034719422,0.5,1,0,0.3125371679940655,0.8166958343336226,0.16666666666666666,1.8781,1.7238,0.0,3.6167,0.088,7.2482999999999995
20260703,10.0,2,14,axiswise_candan_joint_ls,-13.08774034719422,0.5,1,0,nan,0.8166958343336226,0.16666666666666666,1.8435,1.7052,0.0,3.7039,0.0,7.2514
20260703,10.0,2,14,legacy_explicit_residual_gate,-13.08774034719422,0.5,1,0,nan,0.8166958343336226,0.16666666666666666,1.8351,1.7114,3.7231,3.64,0.6455,11.5129
20260703,10.0,2,15,stage1_projection_energy_gate,-8.454005852623382,0.5,1,0,0.17585554269920073,0.8150800984463554,0.16666666666666666,1.909,1.8205,0.0,3.7766,0.1323,7.609000000000001
20260703,10.0,2,15,axiswise_candan_joint_ls,-8.454005852623382,0.5,1,0,nan,0.8150800984463554,0.16666666666666666,1.8637,1.7757,0.0,3.622,0.0,7.2614
20260703,10.0,2,15,legacy_explicit_residual_gate,-8.454005852623382,0.5,1,0,nan,0.8150800984463554,0.16666666666666666,1.9179,1.7198,3.7419,3.7357,0.6227,11.709800000000001
20260703,10.0,2,15,projection_energy_gate,-8.454005852623382,0.5,1,0,0.17585554269920073,0.8150800984463554,0.16666666666666666,1.853,1.728,0.0,3.7831,0.0874,7.446700000000001
20260703,10.0,2,16,axiswise_candan_joint_ls,-47.472803645016285,1.0,1,0,nan,0.8395479299894143,0.0,1.8619,1.746,0.0,3.7844,0.0,7.509600000000001
20260703,10.0,2,16,legacy_explicit_residual_gate,-47.472803645016285,1.0,1,0,nan,0.8395479299894143,0.0,1.9774,1.8237,3.7325,3.7054,0.694,11.8632
20260703,10.0,2,16,projection_energy_gate,-47.472803645016285,1.0,1,0,0.32517972447675275,0.8395479299894143,0.0,1.816,1.7259,0.0,3.7048,0.0688,7.316300000000001
20260703,10.0,2,16,stage1_projection_energy_gate,-47.472803645016285,1.0,1,0,0.32517972447675275,0.8395479299894143,0.0,1.7894,1.7191,0.0,3.7095,0.0714,7.275099999999999
20260703,10.0,2,17,legacy_explicit_residual_gate,-47.886000221310184,1.0,1,0,nan,0.8270525764555334,0.0,1.8722,1.6938,3.6349,3.6083,0.6231,11.456399999999999
20260703,10.0,2,17,projection_energy_gate,-47.886000221310184,1.0,1,0,0.25902348181736734,0.8270525764555334,0.0,1.7815,1.6935,0.0,3.7362,0.0873,7.293500000000001
20260703,10.0,2,17,stage1_projection_energy_gate,-47.886000221310184,1.0,1,0,0.25902348181736734,0.8270525764555334,0.0,1.8823,1.8184,0.0,3.8177,0.134,7.5630999999999995
20260703,10.0,2,17,axiswise_candan_joint_ls,-47.886000221310184,1.0,1,0,nan,0.8270525764555334,0.0,1.8322,1.8486,0.0,3.8001,0.0,7.5175
20260703,10.0,2,18,projection_energy_gate,-49.83688407846302,1.0,1,0,0.5183828990376458,0.8164838113190157,0.0,1.8714,1.8063,0.0,3.7115,0.1134,7.4831
20260703,10.0,2,18,stage1_projection_energy_gate,-49.83688407846302,1.0,1,0,0.5183828990376458,0.8164838113190157,0.0,1.8613,1.7946,0.0,3.8137,0.1562,7.6258
20260703,10.0,2,18,axiswise_candan_joint_ls,-49.83688407846302,1.0,1,0,nan,0.8164838113190157,0.0,1.8762,1.8375,0.0,3.7635,0.0,7.5199
20260703,10.0,2,18,legacy_explicit_residual_gate,-49.83688407846302,1.0,1,0,nan,0.8164838113190157,0.0,1.917,1.7128,3.6736,3.5854,0.614,11.5136
20260703,10.0,2,19,stage1_projection_energy_gate,-52.713655207322965,1.0,1,0,0.24451763456306536,0.8307623408849469,0.0,1.7927,1.6735,0.0,3.6666,0.0774,7.2122
20260703,10.0,2,19,axiswise_candan_joint_ls,-52.713655207322965,1.0,1,0,nan,0.8307623408849469,0.0,1.7908,1.6773,0.0,3.6926,0.0,7.1582
20260703,10.0,2,19,legacy_explicit_residual_gate,-52.713655207322965,1.0,1,0,nan,0.8307623408849469,0.0,1.8842,1.6935,3.7034,3.8173,0.6758,11.7842
20260703,10.0,2,19,projection_energy_gate,-52.713655207322965,1.0,1,0,0.24451763456306536,0.8307623408849469,0.0,1.8305,1.7438,0.0,3.7244,0.0713,7.3479
20260703,10.0,4,0,axiswise_candan_joint_ls,-11.23722389367308,0.75,1,0,nan,0.8211107194988972,0.08333333333333333,1.7819,1.8006,0.0,6.8909,0.0,10.5059
20260703,10.0,4,0,legacy_explicit_residual_gate,-11.23722389367308,0.75,1,0,nan,0.8211107194988972,0.08333333333333333,1.8969,1.7619,7.0476,7.0035,0.6258,18.212
20260703,10.0,4,0,projection_energy_gate,-11.23722389367308,0.75,1,0,0.20390116586704826,0.8211107194988972,0.08333333333333333,1.856,1.785,0.0,6.9013,0.1443,10.679499999999999
20260703,10.0,4,0,stage1_projection_energy_gate,-11.23722389367308,0.75,1,0,0.20390116586704826,0.8211107194988972,0.08333333333333333,1.8126,1.7986,0.0,6.8599,0.1357,10.6068
20260703,10.0,4,1,legacy_explicit_residual_gate,-12.905639429403095,0.75,1,0,nan,0.8191774185461563,0.08333333333333333,1.9458,1.8169,7.1736,7.2128,0.7315,18.857000000000003
20260703,10.0,4,1,projection_energy_gate,-12.905639429403095,0.75,1,0,0.26849965918422375,0.8191774185461563,0.08333333333333333,1.9623,1.8728,0.0,6.9665,0.1459,10.9475
20260703,10.0,4,1,stage1_projection_energy_gate,-12.905639429403095,0.75,1,0,0.26849965918422375,0.8191774185461563,0.08333333333333333,1.8652,1.8093,0.0,6.808,0.1402,10.577
20260703,10.0,4,1,axiswise_candan_joint_ls,-12.905639429403095,0.75,1,0,nan,0.8191774185461563,0.08333333333333333,1.8401,1.7817,0.0,6.7954,0.0,10.3939
20260703,10.0,4,2,projection_energy_gate,-21.171614696473267,0.75,1,0,0.13515423410346844,0.8257384491479054,0.08333333333333333,1.9107,1.8706,0.0,7.1124,0.1687,11.140299999999998
20260703,10.0,4,2,stage1_projection_energy_gate,-21.171614696473267,0.75,1,0,0.13515423410346844,0.8257384491479054,0.08333333333333333,1.9135,1.8701,0.0,7.4017,0.1715,11.4915
20260703,10.0,4,2,axiswise_candan_joint_ls,-21.171614696473267,0.75,1,0,nan,0.8257384491479054,0.08333333333333333,1.8377,1.7926,0.0,6.7897,0.0,10.4585
20260703,10.0,4,2,legacy_explicit_residual_gate,-21.171614696473267,0.75,1,0,nan,0.8257384491479054,0.08333333333333333,1.9029,1.7926,6.9663,6.942,0.6407,18.3035
20260703,10.0,4,3,stage1_projection_energy_gate,-13.605612673616239,0.75,1,0,0.22887025592755253,0.8183588080184454,0.08333333333333333,1.9175,1.9252,0.0,7.3008,0.1767,11.3771
20260703,10.0,4,3,axiswise_candan_joint_ls,-13.605612673616239,0.75,1,0,nan,0.8183588080184454,0.08333333333333333,1.9705,1.9321,0.0,7.1241,0.0,11.179400000000001
20260703,10.0,4,3,legacy_explicit_residual_gate,-13.605612673616239,0.75,1,0,nan,0.8183588080184454,0.08333333333333333,1.9722,1.8991,7.22,7.2437,0.7607,18.823900000000002
20260703,10.0,4,3,projection_energy_gate,-13.605612673616239,0.75,1,0,0.22887025592755253,0.8183588080184454,0.08333333333333333,1.8297,1.8469,0.0,6.9473,0.1516,10.72
20260703,10.0,4,4,axiswise_candan_joint_ls,-11.372926830092219,0.5,1,0,nan,0.832562654425164,0.08333333333333333,1.8249,1.8032,0.0,6.9056,0.0,10.5238
20260703,10.0,4,4,legacy_explicit_residual_gate,-11.372926830092219,0.5,1,0,nan,0.832562654425164,0.08333333333333333,1.8946,1.7887,6.9521,6.8893,0.6605,18.2999
20260703,10.0,4,4,projection_energy_gate,-11.372926830092219,0.5,1,0,0.1793118620559967,0.832562654425164,0.08333333333333333,1.8437,1.83,0.0,6.9626,0.1397,10.754399999999999
20260703,10.0,4,4,stage1_projection_energy_gate,-11.372926830092219,0.5,1,0,0.1793118620559967,0.832562654425164,0.08333333333333333,1.8538,1.8034,0.0,6.8854,0.1391,10.749600000000001
20260703,10.0,4,5,legacy_explicit_residual_gate,-12.023044018846129,0.75,1,0,nan,0.8218279290263786,0.08333333333333333,1.8698,1.7434,6.8507,7.1083,0.6219,18.1798
20260703,10.0,4,5,projection_energy_gate,-12.023044018846129,0.75,1,0,0.2808644236953502,0.8218279290263786,0.08333333333333333,1.9403,1.8281,0.0,7.0541,0.1562,10.994200000000001
20260703,10.0,4,5,stage1_projection_energy_gate,-12.023044018846129,0.75,1,0,0.2808644236953502,0.8218279290263786,0.08333333333333333,1.8569,1.7996,0.0,7.1767,0.1704,11.039500000000002
20260703,10.0,4,5,axiswise_candan_joint_ls,-12.023044018846129,0.75,1,0,nan,0.8218279290263786,0.08333333333333333,1.871,1.8803,0.0,6.9513,0.0,10.680200000000001
20260703,10.0,4,6,projection_energy_gate,-15.985677651249905,0.75,1,0,0.2747612343127178,0.8116220743237617,0.08333333333333333,1.8702,1.8373,0.0,7.1376,0.1912,10.8496
20260703,10.0,4,6,stage1_projection_energy_gate,-15.985677651249905,0.75,1,0,0.2747612343127178,0.8116220743237617,0.08333333333333333,1.8714,1.846,0.0,6.9184,0.1658,10.8581
20260703,10.0,4,6,axiswise_candan_joint_ls,-15.985677651249905,0.75,1,0,nan,0.8116220743237617,0.08333333333333333,1.7934,1.8198,0.0,6.8943,0.0,10.4627
20260703,10.0,4,6,legacy_explicit_residual_gate,-15.985677651249905,0.75,1,0,nan,0.8116220743237617,0.08333333333333333,1.8989,1.7799,7.0816,6.8683,0.6246,18.214
20260703,10.0,4,7,stage1_projection_energy_gate,-43.7554297568809,1.0,1,0,0.2516032222338753,0.8223236391951814,0.0,1.8029,1.7815,0.0,6.8873,0.1439,10.606
20260703,10.0,4,7,axiswise_candan_joint_ls,-43.7554297568809,1.0,1,0,nan,0.8223236391951814,0.0,1.7795,1.8038,0.0,7.0189,0.0,10.5716
20260703,10.0,4,7,legacy_explicit_residual_gate,-43.7554297568809,1.0,1,0,nan,0.8223236391951814,0.0,1.9893,1.8913,7.2581,7.2132,0.6971,19.2719
20260703,10.0,4,7,projection_energy_gate,-43.7554297568809,1.0,1,0,0.2516032222338753,0.8223236391951814,0.0,2.0057,1.9546,0.0,7.3523,0.2126,11.6269
20260703,10.0,4,8,axiswise_candan_joint_ls,-44.73045949264427,1.0,1,0,nan,0.8156034201016722,0.0,1.951,1.9794,0.0,7.4676,0.0,11.4306
20260703,10.0,4,8,legacy_explicit_residual_gate,-44.73045949264427,1.0,1,0,nan,0.8156034201016722,0.0,1.9992,1.998,7.4479,7.4716,0.7517,20.0964
20260703,10.0,4,8,projection_energy_gate,-44.73045949264427,1.0,1,0,0.2501807667294745,0.8156034201016722,0.0,1.9211,1.968,0.0,7.5715,0.2024,11.8163
20260703,10.0,4,8,stage1_projection_energy_gate,-44.73045949264427,1.0,1,0,0.2501807667294745,0.8156034201016722,0.0,1.8577,1.8797,0.0,7.0805,0.1688,11.048499999999999
20260703,10.0,4,9,legacy_explicit_residual_gate,-19.35036172603427,0.5,1,0,nan,0.8134360553461204,0.08333333333333333,2.0018,1.954,7.4369,7.0979,0.6884,19.1503
20260703,10.0,4,9,projection_energy_gate,-19.35036172603427,0.5,1,0,0.18466425106504292,0.8134360553461204,0.08333333333333333,1.9741,1.8828,0.0,7.3149,0.2021,11.3583
20260703,10.0,4,9,stage1_projection_energy_gate,-19.35036172603427,0.5,1,0,0.18466425106504292,0.8134360553461204,0.08333333333333333,1.8984,1.9203,0.0,7.2129,0.1916,11.2232
20260703,10.0,4,9,axiswise_candan_joint_ls,-19.35036172603427,0.5,1,0,nan,0.8134360553461204,0.08333333333333333,1.8937,1.9413,0.0,7.065,0.0,10.8698
20260703,10.0,4,10,projection_energy_gate,-9.79959757307691,0.5,1,0,0.339066156719952,0.8175620965604262,0.08333333333333333,1.8973,1.8908,0.0,7.2172,0.1581,11.1826
20260703,10.0,4,10,stage1_projection_energy_gate,-9.79959757307691,0.5,1,0,0.339066156719952,0.8175620965604262,0.08333333333333333,1.9285,1.9734,0.0,7.2479,0.1898,11.2858
20260703,10.0,4,10,axiswise_candan_joint_ls,-9.79959757307691,0.5,1,0,nan,0.8175620965604262,0.08333333333333333,1.9459,1.9018,0.0,7.5339,0.0,11.4942
20260703,10.0,4,10,legacy_explicit_residual_gate,-9.79959757307691,0.5,1,0,nan,0.8175620965604262,0.08333333333333333,2.0537,1.9085,7.3384,7.2162,0.6761,19.7425
20260703,10.0,4,11,stage1_projection_energy_gate,-44.52395913112792,1.0,1,0,0.1336292650998225,0.8171677584223278,0.0,1.8901,1.874,0.0,7.1451,0.1785,11.0403
20260703,10.0,4,11,axiswise_candan_joint_ls,-44.52395913112792,1.0,1,0,nan,0.8171677584223278,0.0,1.9503,1.8929,0.0,7.4993,0.0,11.2918
20260703,10.0,4,11,legacy_explicit_residual_gate,-44.52395913112792,1.0,1,0,nan,0.8171677584223278,0.0,2.0207,1.9098,7.2985,7.2735,0.6941,19.2758
20260703,10.0,4,11,projection_energy_gate,-44.52395913112792,1.0,1,0,0.1336292650998225,0.8171677584223278,0.0,1.9773,1.9533,0.0,7.7078,0.2126,11.832099999999999
20260703,10.0,4,12,axiswise_candan_joint_ls,-44.907740777044836,1.0,1,0,nan,0.8152664018559365,0.0,2.0216,2.1145,0.0,7.9328,0.0,11.8681
20260703,10.0,4,12,legacy_explicit_residual_gate,-44.907740777044836,1.0,1,0,nan,0.8152664018559365,0.0,2.001,1.9376,7.3584,7.1004,0.6909,19.1569
20260703,10.0,4,12,projection_energy_gate,-44.907740777044836,1.0,1,0,0.26152690846778,0.8152664018559365,0.0,1.9885,2.0297,0.0,7.4963,0.2063,11.7208
20260703,10.0,4,12,stage1_projection_energy_gate,-44.907740777044836,1.0,1,0,0.26152690846778,0.8152664018559365,0.0,2.0382,1.9122,0.0,7.274,0.1719,11.2932
20260703,10.0,4,13,legacy_explicit_residual_gate,-9.749689884773783,0.75,1,0,nan,0.8203815910983696,0.08333333333333333,1.9506,1.8897,7.1821,7.2674,0.6524,19.2662
20260703,10.0,4,13,projection_energy_gate,-9.749689884773783,0.75,1,0,0.22453900740181545,0.8203815910983696,0.08333333333333333,1.945,1.9459,0.0,7.2009,0.1755,11.2179
20260703,10.0,4,13,stage1_projection_energy_gate,-9.749689884773783,0.75,1,0,0.22453900740181545,0.8203815910983696,0.08333333333333333,1.8877,1.9455,0.0,7.2021,0.1607,11.113900000000001
20260703,10.0,4,13,axiswise_candan_joint_ls,-9.749689884773783,0.75,1,0,nan,0.8203815910983696,0.08333333333333333,1.906,1.861,0.0,7.2294,0.0,11.0451
20260703,10.0,4,14,projection_energy_gate,-43.867221918675114,1.0,1,0,0.20024333452133813,0.8417529153430166,0.0,1.9401,1.8902,0.0,7.1391,0.183,11.2655
20260703,10.0,4,14,stage1_projection_energy_gate,-43.867221918675114,1.0,1,0,0.20024333452133813,0.8417529153430166,0.0,1.8904,1.88,0.0,7.3288,0.159,11.3077
20260703,10.0,4,14,axiswise_candan_joint_ls,-43.867221918675114,1.0,1,0,nan,0.8417529153430166,0.0,1.9277,1.8687,0.0,7.5776,0.0,11.357600000000001
20260703,10.0,4,14,legacy_explicit_residual_gate,-43.867221918675114,1.0,1,0,nan,0.8417529153430166,0.0,1.997,1.9131,7.4514,7.3764,0.6836,19.421499999999998
20260703,10.0,4,15,stage1_projection_energy_gate,-12.829318213428792,0.5,1,0,0.11964130503312886,0.82079457461005,0.16666666666666666,2.0786,2.2241,0.0,7.413,0.1686,12.032399999999999
20260703,10.0,4,15,axiswise_candan_joint_ls,-12.829318213428792,0.5,1,0,nan,0.82079457461005,0.16666666666666666,1.9721,1.8665,0.0,7.5327,0.0,11.4252
20260703,10.0,4,15,legacy_explicit_residual_gate,-12.829318213428792,0.5,1,0,nan,0.82079457461005,0.16666666666666666,1.9782,1.8486,7.3511,7.1646,0.7483,18.8782
20260703,10.0,4,15,projection_energy_gate,-12.829318213428792,0.5,1,0,0.11964130503312886,0.82079457461005,0.16666666666666666,2.0043,1.8798,0.0,7.2296,0.1572,11.2731
20260703,10.0,4,16,axiswise_candan_joint_ls,-12.914003572406806,0.75,1,0,nan,0.8134804085948114,0.08333333333333333,1.8912,1.9611,0.0,7.1727,0.0,11.0618
20260703,10.0,4,16,legacy_explicit_residual_gate,-12.914003572406806,0.75,1,0,nan,0.8134804085948114,0.08333333333333333,2.0986,2.1243,7.7284,7.9494,0.7526,20.829600000000003
20260703,10.0,4,16,projection_energy_gate,-12.914003572406806,0.75,1,0,0.259654217722759,0.8134804085948114,0.08333333333333333,2.0203,1.9215,0.0,7.6045,0.1917,12.0279
20260703,10.0,4,16,stage1_projection_energy_gate,-12.914003572406806,0.75,1,0,0.259654217722759,0.8134804085948114,0.08333333333333333,1.9845,2.0074,0.0,7.7655,0.1968,11.9087
20260703,10.0,4,17,legacy_explicit_residual_gate,-46.60524322359697,1.0,1,0,nan,0.8337001665113029,0.0,2.2156,2.1579,8.15,8.1505,0.9424,21.5446
20260703,10.0,4,17,projection_energy_gate,-46.60524322359697,1.0,1,0,0.2561151645106133,0.8337001665113029,0.0,2.0602,1.8443,0.0,7.642,0.2096,11.7708
20260703,10.0,4,17,stage1_projection_energy_gate,-46.60524322359697,1.0,1,0,0.2561151645106133,0.8337001665113029,0.0,2.0836,2.086,0.0,7.8288,0.1661,12.348999999999998
20260703,10.0,4,17,axiswise_candan_joint_ls,-46.60524322359697,1.0,1,0,nan,0.8337001665113029,0.0,2.0369,2.0266,0.0,7.5467,0.0,11.936900000000001
20260703,10.0,4,18,projection_energy_gate,-46.088717283172045,1.0,1,0,0.29643264015903437,0.8203679726638334,0.0,1.8391,2.0796,0.0,7.3547,0.1727,11.5185
20260703,10.0,4,18,stage1_projection_energy_gate,-46.088717283172045,1.0,1,0,0.29643264015903437,0.8203679726638334,0.0,2.651,2.2655,0.0,7.7636,0.1611,13.37
20260703,10.0,4,18,axiswise_candan_joint_ls,-46.088717283172045,1.0,1,0,nan,0.8203679726638334,0.0,2.0932,2.0789,0.0,8.0837,0.0,12.2837
20260703,10.0,4,18,legacy_explicit_residual_gate,-46.088717283172045,1.0,1,0,nan,0.8203679726638334,0.0,2.1327,2.0146,7.6906,7.6945,0.9025,20.3753
20260703,10.0,4,19,stage1_projection_energy_gate,-11.302206150384158,0.5,1,0,0.22246392233492615,0.816439825825202,0.08333333333333333,2.1445,1.9245,0.0,7.7371,0.1813,12.21
20260703,10.0,4,19,axiswise_candan_joint_ls,-11.302206150384158,0.5,1,0,nan,0.816439825825202,0.08333333333333333,2.2216,2.1934,0.0,7.9659,0.0,12.3704
20260703,10.0,4,19,legacy_explicit_residual_gate,-11.302206150384158,0.5,1,0,nan,0.816439825825202,0.08333333333333333,2.0175,1.9544,7.5449,7.4674,0.8107,19.5347
20260703,10.0,4,19,projection_energy_gate,-11.302206150384158,0.5,1,0,0.22246392233492615,0.816439825825202,0.08333333333333333,2.0097,1.9453,0.0,7.4663,0.19,11.7311
20260703,10.0,8,0,axiswise_candan_joint_ls,-12.771799021885592,0.625,1,0,nan,0.8092218346423107,0.08333333333333333,2.1307,2.0216,0.0,15.8793,0.0,20.0316
20260703,10.0,8,0,legacy_explicit_residual_gate,-12.771799021885592,0.625,1,0,nan,0.8092218346423107,0.08333333333333333,2.1782,2.2611,16.6346,17.1056,0.883,39.8099
20260703,10.0,8,0,projection_energy_gate,-12.771799021885592,0.625,1,0,0.2805926704514222,0.8092218346423107,0.08333333333333333,2.1573,2.3135,0.0,17.6647,0.2253,22.432399999999998
20260703,10.0,8,0,stage1_projection_energy_gate,-12.771799021885592,0.625,1,0,0.2805926704514222,0.8092218346423107,0.08333333333333333,2.1597,2.1822,0.0,16.8402,0.1751,21.0751
20260703,10.0,8,1,legacy_explicit_residual_gate,-16.7389635113878,0.625,1,0,nan,0.8116745190941925,0.08333333333333333,2.0462,1.999,15.7391,17.0038,0.7927,37.5904
20260703,10.0,8,1,projection_energy_gate,-16.7389635113878,0.625,1,0,0.24909223843533218,0.8116745190941925,0.08333333333333333,1.9607,2.0484,0.0,17.5603,0.1355,21.8992
20260703,10.0,8,1,stage1_projection_energy_gate,-16.7389635113878,0.625,1,0,0.24909223843533218,0.8116745190941925,0.08333333333333333,2.0414,2.0642,0.0,16.2721,0.1213,20.3523
20260703,10.0,8,1,axiswise_candan_joint_ls,-16.7389635113878,0.625,1,0,nan,0.8116745190941925,0.08333333333333333,2.0897,2.0121,0.0,16.7692,0.0,20.6447
20260703,10.0,8,2,projection_energy_gate,-18.16685760949268,0.625,1,0,0.18722773927864805,0.8137584791828968,0.08333333333333333,2.053,1.9636,0.0,16.5937,0.1193,20.8888
20260703,10.0,8,2,stage1_projection_energy_gate,-18.16685760949268,0.625,1,0,0.18722773927864805,0.8137584791828968,0.08333333333333333,1.8867,2.0797,0.0,16.3441,0.1393,20.4498
20260703,10.0,8,2,axiswise_candan_joint_ls,-18.16685760949268,0.625,1,0,nan,0.8137584791828968,0.08333333333333333,2.2082,2.1038,0.0,16.1917,0.0,20.5881
20260703,10.0,8,2,legacy_explicit_residual_gate,-18.16685760949268,0.625,1,0,nan,0.8137584791828968,0.08333333333333333,2.0124,2.1331,16.3801,17.0899,0.8288,39.775999999999996
20260703,10.0,8,3,stage1_projection_energy_gate,-11.333801063460635,0.375,1,0,0.1339855844562971,0.5182942758509966,0.125,1.8517,1.9672,0.0,16.5305,0.1888,20.712500000000002
20260703,10.0,8,3,axiswise_candan_joint_ls,-11.333801063460635,0.375,1,0,nan,0.5182942758509966,0.125,2.0935,2.0428,0.0,16.1721,0.0,20.4097
20260703,10.0,8,3,legacy_explicit_residual_gate,-11.333801063460635,0.375,1,0,nan,0.5182942758509966,0.125,1.9386,2.0298,16.7896,16.5455,0.8383,38.295
20260703,10.0,8,3,projection_energy_gate,-11.333801063460635,0.375,1,0,0.1339855844562971,0.5182942758509966,0.125,2.0037,2.1292,0.0,17.0812,0.1233,21.1948
20260703,10.0,8,4,axiswise_candan_joint_ls,-16.582687389739057,0.75,1,0,nan,0.8166528883958328,0.08333333333333333,1.9951,2.1643,0.0,16.8356,0.0,20.6851
20260703,10.0,8,4,legacy_explicit_residual_gate,-16.582687389739057,0.75,1,0,nan,0.8166528883958328,0.08333333333333333,2.0419,2.028,16.768,15.8769,0.7719,38.234100000000005
20260703,10.0,8,4,projection_energy_gate,-16.582687389739057,0.75,1,0,0.22375751199988325,0.8166528883958328,0.08333333333333333,1.9223,1.9593,0.0,16.4047,0.126,20.7249
20260703,10.0,8,4,stage1_projection_energy_gate,-16.582687389739057,0.75,1,0,0.22375751199988325,0.8166528883958328,0.08333333333333333,2.2081,2.1275,0.0,16.14,0.1432,20.6264
20260703,10.0,8,5,legacy_explicit_residual_gate,-13.433124230252107,0.5,1,0,nan,0.8172884534999405,0.125,2.2005,2.1453,17.2372,15.9205,0.8535,39.3509
20260703,10.0,8,5,projection_energy_gate,-13.433124230252107,0.5,1,0,0.22274480774215139,0.8172884534999405,0.125,1.9583,2.0644,0.0,16.7145,0.164,21.421
20260703,10.0,8,5,stage1_projection_energy_gate,-13.433124230252107,0.5,1,0,0.22274480774215139,0.8172884534999405,0.125,2.0561,2.1992,0.0,17.8736,0.2047,22.408399999999997
20260703,10.0,8,5,axiswise_candan_joint_ls,-13.433124230252107,0.5,1,0,nan,0.8172884534999405,0.125,1.9347,2.0395,0.0,15.7741,0.0,19.9935
20260703,10.0,8,6,projection_energy_gate,-16.694662605806407,0.75,1,0,0.27657856355666305,0.8119719987772663,0.08333333333333333,2.1638,2.1445,0.0,16.0771,0.1169,20.528100000000002
20260703,10.0,8,6,stage1_projection_energy_gate,-16.694662605806407,0.75,1,0,0.27657856355666305,0.8119719987772663,0.08333333333333333,1.9212,2.0504,0.0,17.0432,0.137,21.2205
20260703,10.0,8,6,axiswise_candan_joint_ls,-16.694662605806407,0.75,1,0,nan,0.8119719987772663,0.08333333333333333,1.931,2.1472,0.0,17.3417,0.0,21.3555
20260703,10.0,8,6,legacy_explicit_residual_gate,-16.694662605806407,0.75,1,0,nan,0.8119719987772663,0.08333333333333333,2.0162,2.13,16.4047,16.902,0.8422,38.7147
20260703,10.0,8,7,stage1_projection_energy_gate,-25.153170370006734,0.875,1,0,0.3522841123456252,0.8142281888769538,0.041666666666666664,1.9881,1.9648,0.0,15.6819,0.126,20.0266
20260703,10.0,8,7,axiswise_candan_joint_ls,-25.153170370006734,0.875,1,0,nan,0.8142281888769538,0.041666666666666664,2.0131,2.1464,0.0,16.9311,0.0,20.9448
20260703,10.0,8,7,legacy_explicit_residual_gate,-25.153170370006734,0.875,1,0,nan,0.8142281888769538,0.041666666666666664,1.9826,2.1063,16.0233,16.8673,0.7334,37.568200000000004
20260703,10.0,8,7,projection_energy_gate,-25.153170370006734,0.875,1,0,0.3522841123456252,0.8142281888769538,0.041666666666666664,1.9533,2.0921,0.0,16.3427,0.124,20.574900000000003
20260703,10.0,8,8,axiswise_candan_joint_ls,-14.568808469895323,0.75,1,0,nan,0.8217380490132643,0.08333333333333333,1.884,2.0501,0.0,16.7048,0.0,20.6942
20260703,10.0,8,8,legacy_explicit_residual_gate,-14.568808469895323,0.75,1,0,nan,0.8217380490132643,0.08333333333333333,1.9981,1.9644,16.1182,15.1666,0.8265,36.583999999999996
20260703,10.0,8,8,projection_energy_gate,-14.568808469895323,0.75,1,0,0.14747843787153597,0.8217380490132643,0.08333333333333333,1.8939,2.0151,0.0,16.2333,0.1737,20.212
20260703,10.0,8,8,stage1_projection_energy_gate,-14.568808469895323,0.75,1,0,0.14747843787153597,0.8217380490132643,0.08333333333333333,2.0833,2.0375,0.0,15.6291,0.1301,19.902900000000002
20260703,10.0,8,9,legacy_explicit_residual_gate,-17.159758756046134,0.875,1,0,nan,0.8100203719713177,0.041666666666666664,2.0029,2.0731,17.2268,16.8189,0.877,38.8176
20260703,10.0,8,9,projection_energy_gate,-17.159758756046134,0.875,1,0,0.2562242889530123,0.8100203719713177,0.041666666666666664,2.1508,2.2303,0.0,16.2383,0.1149,20.5976
20260703,10.0,8,9,stage1_projection_energy_gate,-17.159758756046134,0.875,1,0,0.2562242889530123,0.8100203719713177,0.041666666666666664,2.0616,2.3856,0.0,16.8894,0.1465,21.2993
20260703,10.0,8,9,axiswise_candan_joint_ls,-17.159758756046134,0.875,1,0,nan,0.8100203719713177,0.041666666666666664,1.9161,2.0875,0.0,17.0119,0.0,20.9543
20260703,10.0,8,10,projection_energy_gate,-43.230910838125645,1.0,1,0,0.19053134539049954,0.8144968272994851,0.0,2.074,2.1945,0.0,16.6461,0.1243,21.0346
20260703,10.0,8,10,stage1_projection_energy_gate,-43.230910838125645,1.0,1,0,0.19053134539049954,0.8144968272994851,0.0,2.1378,2.0629,0.0,16.5508,0.119,20.946199999999997
20260703,10.0,8,10,axiswise_candan_joint_ls,-43.230910838125645,1.0,1,0,nan,0.8144968272994851,0.0,1.9702,2.0268,0.0,17.2433,0.0,21.3799
20260703,10.0,8,10,legacy_explicit_residual_gate,-43.230910838125645,1.0,1,0,nan,0.8144968272994851,0.0,1.946,2.0421,16.0617,16.1449,0.8127,37.0734
20260703,10.0,8,11,stage1_projection_energy_gate,-23.70905854549025,0.875,1,0,0.23995344176395753,0.8190850942073093,0.041666666666666664,2.001,2.1162,0.0,17.2401,0.1943,21.413600000000002
20260703,10.0,8,11,axiswise_candan_joint_ls,-23.70905854549025,0.875,1,0,nan,0.8190850942073093,0.041666666666666664,1.9974,2.1817,0.0,15.8816,0.0,20.1581
20260703,10.0,8,11,legacy_explicit_residual_gate,-23.70905854549025,0.875,1,0,nan,0.8190850942073093,0.041666666666666664,2.07,2.1661,16.4994,16.354,0.8459,37.7907
20260703,10.0,8,11,projection_energy_gate,-23.70905854549025,0.875,1,0,0.23995344176395753,0.8190850942073093,0.041666666666666664,2.1687,2.4015,0.0,16.589,0.116,21.427999999999997
20260703,10.0,8,12,axiswise_candan_joint_ls,-11.221302096983859,0.625,1,0,nan,0.8160335953085265,0.125,1.9534,2.0147,0.0,16.5616,0.0,20.3982
20260703,10.0,8,12,legacy_explicit_residual_gate,-11.221302096983859,0.625,1,0,nan,0.8160335953085265,0.125,2.3895,2.1585,15.9209,16.2522,0.9415,37.0413
20260703,10.0,8,12,projection_energy_gate,-11.221302096983859,0.625,1,0,0.3196340321307218,0.8160335953085265,0.125,1.9262,1.9689,0.0,16.1838,0.1416,20.526100000000003
20260703,10.0,8,12,stage1_projection_energy_gate,-11.221302096983859,0.625,1,0,0.3196340321307218,0.8160335953085265,0.125,2.0417,2.1958,0.0,15.5463,0.1372,19.9128
20260703,10.0,8,13,legacy_explicit_residual_gate,-15.948908572262654,0.75,1,0,nan,0.821261976808129,0.041666666666666664,2.1381,1.993,17.2563,17.1091,0.7927,38.620900000000006
20260703,10.0,8,13,projection_energy_gate,-15.948908572262654,0.75,1,0,0.20549980980114385,0.821261976808129,0.041666666666666664,2.1118,2.0113,0.0,15.7556,0.1429,20.4411
20260703,10.0,8,13,stage1_projection_energy_gate,-15.948908572262654,0.75,1,0,0.20549980980114385,0.821261976808129,0.041666666666666664,1.9894,1.955,0.0,15.6756,0.1328,19.784000000000002
20260703,10.0,8,13,axiswise_candan_joint_ls,-15.948908572262654,0.75,1,0,nan,0.821261976808129,0.041666666666666664,2.0753,2.0289,0.0,17.4624,0.0,21.5666
20260703,10.0,8,14,projection_energy_gate,-12.650938916921731,0.875,1,0,0.28149574662075105,0.8161288058654501,0.041666666666666664,2.0022,2.3294,0.0,16.5504,0.1496,20.7619
20260703,10.0,8,14,stage1_projection_energy_gate,-12.650938916921731,0.875,1,0,0.28149574662075105,0.8161288058654501,0.041666666666666664,1.9423,2.1006,0.0,16.4394,0.2157,20.6847
20260703,10.0,8,14,axiswise_candan_joint_ls,-12.650938916921731,0.875,1,0,nan,0.8161288058654501,0.041666666666666664,1.9481,2.1893,0.0,15.4195,0.0,19.5176
20260703,10.0,8,14,legacy_explicit_residual_gate,-12.650938916921731,0.875,1,0,nan,0.8161288058654501,0.041666666666666664,2.0577,2.1068,17.1036,16.8061,0.7647,38.0504
20260703,10.0,8,15,stage1_projection_energy_gate,-18.74836041634734,0.75,1,0,0.29725078290405815,0.8070461549942579,0.041666666666666664,2.0134,2.0854,0.0,15.8022,0.1682,20.7359
20260703,10.0,8,15,axiswise_candan_joint_ls,-18.74836041634734,0.75,1,0,nan,0.8070461549942579,0.041666666666666664,2.035,2.0702,0.0,15.1684,0.0,19.273600000000002
20260703,10.0,8,15,legacy_explicit_residual_gate,-18.74836041634734,0.75,1,0,nan,0.8070461549942579,0.041666666666666664,2.141,2.158,15.6696,17.1354,0.7662,37.8931
20260703,10.0,8,15,projection_energy_gate,-18.74836041634734,0.75,1,0,0.29725078290405815,0.8070461549942579,0.041666666666666664,1.8827,2.0176,0.0,16.1683,0.144,20.437099999999997
20260703,10.0,8,16,axiswise_candan_joint_ls,-15.03221436334008,0.625,1,0,nan,0.8211560577691828,0.08333333333333333,2.0685,2.1254,0.0,16.7202,0.0,21.030499999999996
20260703,10.0,8,16,legacy_explicit_residual_gate,-15.03221436334008,0.625,1,0,nan,0.8211560577691828,0.08333333333333333,2.0064,2.1215,15.9971,16.8204,1.0067,37.6778
20260703,10.0,8,16,projection_energy_gate,-15.03221436334008,0.625,1,0,0.242383169220132,0.8211560577691828,0.08333333333333333,2.1529,2.2941,0.0,17.4552,0.1785,22.064300000000003
20260703,10.0,8,16,stage1_projection_energy_gate,-15.03221436334008,0.625,1,0,0.242383169220132,0.8211560577691828,0.08333333333333333,2.0474,1.9805,0.0,16.1021,0.1253,20.072499999999998
20260703,10.0,8,17,legacy_explicit_residual_gate,-19.304505199958307,0.875,1,0,nan,0.8148036992853838,0.041666666666666664,2.0036,1.9925,16.3251,16.4485,0.7064,37.9914
20260703,10.0,8,17,projection_energy_gate,-19.304505199958307,0.875,1,0,0.2926088744932429,0.8148036992853838,0.041666666666666664,2.1265,2.0459,0.0,17.1005,0.1356,21.4126
20260703,10.0,8,17,stage1_projection_energy_gate,-19.304505199958307,0.875,1,0,0.2926088744932429,0.8148036992853838,0.041666666666666664,2.0371,2.135,0.0,16.1937,0.161,20.7744
20260703,10.0,8,17,axiswise_candan_joint_ls,-19.304505199958307,0.875,1,0,nan,0.8148036992853838,0.041666666666666664,2.0306,2.1675,0.0,16.7693,0.0,20.9674
20260703,10.0,8,18,projection_energy_gate,-19.79004521197573,0.75,1,0,0.2767115118645507,0.8177516753277467,0.08333333333333333,2.0247,2.047,0.0,15.5868,0.1349,20.1242
20260703,10.0,8,18,stage1_projection_energy_gate,-19.79004521197573,0.75,1,0,0.2767115118645507,0.8177516753277467,0.08333333333333333,1.9571,2.1369,0.0,16.0471,0.1416,20.337
20260703,10.0,8,18,axiswise_candan_joint_ls,-19.79004521197573,0.75,1,0,nan,0.8177516753277467,0.08333333333333333,2.1347,2.078,0.0,15.7724,0.0,20.0126
20260703,10.0,8,18,legacy_explicit_residual_gate,-19.79004521197573,0.75,1,0,nan,0.8177516753277467,0.08333333333333333,2.1832,2.0296,16.4599,16.8258,0.893,38.5624
20260703,10.0,8,19,stage1_projection_energy_gate,-15.340794097033424,0.5,1,0,0.19568662853378224,0.822291974276912,0.08333333333333333,2.0403,2.1845,0.0,17.0757,0.1666,21.3631
20260703,10.0,8,19,axiswise_candan_joint_ls,-15.340794097033424,0.5,1,0,nan,0.822291974276912,0.08333333333333333,2.0445,2.1402,0.0,16.2582,0.0,20.4133
20260703,10.0,8,19,legacy_explicit_residual_gate,-15.340794097033424,0.5,1,0,nan,0.822291974276912,0.08333333333333333,2.0446,1.9655,16.4484,16.2245,0.9067,37.6633
20260703,10.0,8,19,projection_energy_gate,-15.340794097033424,0.5,1,0,0.19568662853378224,0.822291974276912,0.08333333333333333,1.9421,1.9613,0.0,17.2358,0.178,21.6129
20260703,20.0,2,0,axiswise_candan_joint_ls,-58.70591806132105,1.0,1,0,nan,0.8246929276991853,0.0,2.0248,1.8318,0.0,4.1113,0.0,7.9742
20260703,20.0,2,0,legacy_explicit_residual_gate,-58.70591806132105,1.0,1,0,nan,0.8246929276991853,0.0,2.2971,1.863,3.9435,4.1476,0.8952,13.0868
20260703,20.0,2,0,projection_energy_gate,-58.70591806132105,1.0,1,0,0.46802283517122445,0.8246929276991853,0.0,1.9957,2.0675,0.0,4.115,0.1607,8.565499999999998
20260703,20.0,2,0,stage1_projection_energy_gate,-58.70591806132105,1.0,1,0,0.46802283517122445,0.8246929276991853,0.0,2.0701,1.8623,0.0,4.1009,0.1433,8.1298
20260703,20.0,2,1,legacy_explicit_residual_gate,-56.51571188136852,1.0,1,0,nan,0.8500801829577779,0.0,1.9564,1.9025,4.1546,3.921,0.6658,12.587200000000001
20260703,20.0,2,1,projection_energy_gate,-56.51571188136852,1.0,1,0,0.3091896505406383,0.8500801829577779,0.0,1.9708,1.827,0.0,3.8017,0.0904,8.047600000000001
20260703,20.0,2,1,stage1_projection_energy_gate,-56.51571188136852,1.0,1,0,0.3091896505406383,0.8500801829577779,0.0,1.946,1.8172,0.0,3.9013,0.1052,7.8052
20260703,20.0,2,1,axiswise_candan_joint_ls,-56.51571188136852,1.0,1,0,nan,0.8500801829577779,0.0,1.9449,1.8621,0.0,3.9973,0.0,7.8208
20260703,20.0,2,2,projection_energy_gate,-56.659039659922186,1.0,1,0,0.28908540345670136,0.8232994659271385,0.0,1.9736,2.0799,0.0,4.095,0.1241,8.3646
20260703,20.0,2,2,stage1_projection_energy_gate,-56.659039659922186,1.0,1,0,0.28908540345670136,0.8232994659271385,0.0,2.0664,1.9016,0.0,4.0269,0.1215,7.9561
20260703,20.0,2,2,axiswise_candan_joint_ls,-56.659039659922186,1.0,1,0,nan,0.8232994659271385,0.0,1.8956,1.9003,0.0,3.938,0.0,7.7239
20260703,20.0,2,2,legacy_explicit_residual_gate,-56.659039659922186,1.0,1,0,nan,0.8232994659271385,0.0,2.0284,1.8442,4.0316,3.9233,0.7056,12.533100000000001
20260703,20.0,2,3,stage1_projection_energy_gate,-11.505532730535284,0.5,1,0,0.11608508234210173,0.8259823431996278,0.16666666666666666,1.9663,1.8566,0.0,3.9347,0.0965,7.8237
20260703,20.0,2,3,axiswise_candan_joint_ls,-11.505532730535284,0.5,1,0,nan,0.8259823431996278,0.16666666666666666,2.1652,1.7308,0.0,4.1264,0.0,8.1233
20260703,20.0,2,3,legacy_explicit_residual_gate,-11.505532730535284,0.5,1,0,nan,0.8259823431996278,0.16666666666666666,2.1523,2.2813,4.5319,4.6343,1.1618,14.616699999999998
20260703,20.0,2,3,projection_energy_gate,-11.505532730535284,0.5,1,0,0.11608508234210173,0.8259823431996278,0.16666666666666666,2.4285,2.0858,0.0,4.4627,0.1915,9.1478
20260703,20.0,2,4,axiswise_candan_joint_ls,-12.64396100387021,0.5,1,0,nan,0.8191858990181443,0.16666666666666666,2.1699,1.9858,0.0,4.3956,0.0,8.4597
20260703,20.0,2,4,legacy_explicit_residual_gate,-12.64396100387021,0.5,1,0,nan,0.8191858990181443,0.16666666666666666,2.129,1.917,3.8708,4.0651,0.7696,12.83
20260703,20.0,2,4,projection_energy_gate,-12.64396100387021,0.5,1,0,0.26999930338426165,0.8191858990181443,0.16666666666666666,1.9275,1.9251,0.0,4.1681,0.1507,8.1677
20260703,20.0,2,4,stage1_projection_energy_gate,-12.64396100387021,0.5,1,0,0.26999930338426165,0.8191858990181443,0.16666666666666666,2.0406,1.9601,0.0,4.177,0.1423,8.2894
20260703,20.0,2,5,legacy_explicit_residual_gate,-55.5268965088827,1.0,1,0,nan,0.8259948633940117,0.0,1.9922,1.9945,4.2516,3.8155,0.7633,12.776399999999999
20260703,20.0,2,5,projection_energy_gate,-55.5268965088827,1.0,1,0,0.4361693885992451,0.8259948633940117,0.0,1.9312,1.7934,0.0,3.8379,0.1092,7.673
20260703,20.0,2,5,stage1_projection_energy_gate,-55.5268965088827,1.0,1,0,0.4361693885992451,0.8259948633940117,0.0,1.8986,1.7603,0.0,3.9203,0.1019,7.6974
20260703,20.0,2,5,axiswise_candan_joint_ls,-55.5268965088827,1.0,1,0,nan,0.8259948633940117,0.0,1.9483,2.0066,0.0,3.9515,0.0,8.0996
20260703,20.0,2,6,projection_energy_gate,-62.63859404897822,1.0,1,0,0.3257878530948393,0.8268424447556044,0.0,2.1051,1.8843,0.0,4.0171,0.1232,8.129700000000001
20260703,20.0,2,6,stage1_projection_energy_gate,-62.63859404897822,1.0,1,0,0.3257878530948393,0.8268424447556044,0.0,2.1177,1.7891,0.0,4.0951,0.092,7.985899999999999
20260703,20.0,2,6,axiswise_candan_joint_ls,-62.63859404897822,1.0,1,0,nan,0.8268424447556044,0.0,2.003,1.9792,0.0,4.118,0.0,8.1344
20260703,20.0,2,6,legacy_explicit_residual_gate,-62.63859404897822,1.0,1,0,nan,0.8268424447556044,0.0,2.0522,1.7951,3.7712,3.9548,0.7924,12.480800000000002
20260703,20.0,2,7,stage1_projection_energy_gate,-55.3503270462275,1.0,1,0,0.4350660647655499,0.8183083472591889,0.0,1.9438,1.9094,0.0,4.2483,0.1545,8.4013
20260703,20.0,2,7,axiswise_candan_joint_ls,-55.3503270462275,1.0,1,0,nan,0.8183083472591889,0.0,2.0003,1.7858,0.0,4.0217,0.0,7.9193999999999996
20260703,20.0,2,7,legacy_explicit_residual_gate,-55.3503270462275,1.0,1,0,nan,0.8183083472591889,0.0,2.118,2.1944,4.4749,3.9886,0.7865,13.946100000000003
20260703,20.0,2,7,projection_energy_gate,-55.3503270462275,1.0,1,0,0.4350660647655499,0.8183083472591889,0.0,1.8079,1.9326,0.0,3.9512,0.1724,8.0566
20260703,20.0,2,8,axiswise_candan_joint_ls,-9.046013008451371,0.5,1,0,nan,0.8270332810352024,0.16666666666666666,1.8979,1.8256,0.0,3.906,0.0,7.598199999999999
20260703,20.0,2,8,legacy_explicit_residual_gate,-9.046013008451371,0.5,1,0,nan,0.8270332810352024,0.16666666666666666,2.259,1.998,3.7513,3.9534,0.7597,12.7878
20260703,20.0,2,8,projection_energy_gate,-9.046013008451371,0.5,1,0,0.1854879434696905,0.8270332810352024,0.16666666666666666,1.9918,1.9653,0.0,4.0215,0.1409,8.000900000000001
20260703,20.0,2,8,stage1_projection_energy_gate,-9.046013008451371,0.5,1,0,0.1854879434696905,0.8270332810352024,0.16666666666666666,1.9332,1.78,0.0,4.0054,0.161,7.8855
20260703,20.0,2,9,legacy_explicit_residual_gate,-12.369108950767751,0.5,1,0,nan,0.828273751203953,0.16666666666666666,1.8816,1.8078,3.8413,3.9825,0.647,12.2492
20260703,20.0,2,9,projection_energy_gate,-12.369108950767751,0.5,1,0,0.20601862969949,0.828273751203953,0.16666666666666666,2.0351,2.0443,0.0,3.9463,0.1632,8.411
20260703,20.0,2,9,stage1_projection_energy_gate,-12.369108950767751,0.5,1,0,0.20601862969949,0.828273751203953,0.16666666666666666,2.2251,1.8753,0.0,3.979,0.1749,8.260499999999999
20260703,20.0,2,9,axiswise_candan_joint_ls,-12.369108950767751,0.5,1,0,nan,0.828273751203953,0.16666666666666666,2.0622,1.7706,0.0,3.9278,0.0,7.8815
20260703,20.0,2,10,projection_energy_gate,-57.555218684901064,1.0,1,0,0.4070556302506619,0.8175612585523604,0.0,2.0774,1.8645,0.0,3.9361,0.1623,8.1164
20260703,20.0,2,10,stage1_projection_energy_gate,-57.555218684901064,1.0,1,0,0.4070556302506619,0.8175612585523604,0.0,2.2635,2.07,0.0,4.1046,0.1537,8.5525
20260703,20.0,2,10,axiswise_candan_joint_ls,-57.555218684901064,1.0,1,0,nan,0.8175612585523604,0.0,2.1672,1.8431,0.0,4.088,0.0,7.8932
20260703,20.0,2,10,legacy_explicit_residual_gate,-57.555218684901064,1.0,1,0,nan,0.8175612585523604,0.0,2.239,1.8458,3.6662,3.7694,0.7821,12.310500000000001
20260703,20.0,2,11,stage1_projection_energy_gate,-11.174448174333664,0.5,1,0,0.17834616187148192,0.8438415914321314,0.16666666666666666,2.1905,2.0867,0.0,4.3356,0.1517,8.7259
20260703,20.0,2,11,axiswise_candan_joint_ls,-11.174448174333664,0.5,1,0,nan,0.8438415914321314,0.16666666666666666,2.0355,1.8543,0.0,4.2243,0.0,8.2189
20260703,20.0,2,11,legacy_explicit_residual_gate,-11.174448174333664,0.5,1,0,nan,0.8438415914321314,0.16666666666666666,1.9942,1.9632,4.6989,3.9101,0.7049,13.267299999999999
20260703,20.0,2,11,projection_energy_gate,-11.174448174333664,0.5,1,0,0.17834616187148192,0.8438415914321314,0.16666666666666666,2.0962,1.8196,0.0,4.1491,0.1496,8.341299999999999
20260703,20.0,2,12,axiswise_candan_joint_ls,-63.020345981112314,1.0,1,0,nan,0.841518734557384,0.0,2.0673,1.8552,0.0,3.871,0.0,7.8094
20260703,20.0,2,12,legacy_explicit_residual_gate,-63.020345981112314,1.0,1,0,nan,0.841518734557384,0.0,1.9981,1.823,3.7544,3.7945,0.7176,12.5123
20260703,20.0,2,12,projection_energy_gate,-63.020345981112314,1.0,1,0,0.2456909672693961,0.841518734557384,0.0,2.0707,1.9317,0.0,3.988,0.1441,8.1287
20260703,20.0,2,12,stage1_projection_energy_gate,-63.020345981112314,1.0,1,0,0.2456909672693961,0.841518734557384,0.0,2.0478,1.8859,0.0,3.9898,0.1548,8.0182
20260703,20.0,2,13,legacy_explicit_residual_gate,-54.856613341633974,1.0,1,0,nan,0.8192633492320597,0.0,2.0778,1.9554,4.1612,4.2507,0.7536,13.272
20260703,20.0,2,13,projection_energy_gate,-54.856613341633974,1.0,1,0,0.45278357889009174,0.8192633492320597,0.0,1.9434,1.8375,0.0,3.9959,0.1237,7.9944
20260703,20.0,2,13,stage1_projection_energy_gate,-54.856613341633974,1.0,1,0,0.45278357889009174,0.8192633492320597,0.0,1.929,1.7842,0.0,3.9146,0.137,7.808800000000001
20260703,20.0,2,13,axiswise_candan_joint_ls,-54.856613341633974,1.0,1,0,nan,0.8192633492320597,0.0,2.0495,1.879,0.0,3.8373,0.0,7.8327
20260703,20.0,2,14,projection_energy_gate,-53.095575890003744,1.0,1,0,0.3263523177779292,0.8227428242748807,0.0,1.9171,1.8266,0.0,3.9097,0.1155,7.8128
20260703,20.0,2,14,stage1_projection_energy_gate,-53.095575890003744,1.0,1,0,0.3263523177779292,0.8227428242748807,0.0,1.9053,1.9042,0.0,3.8619,0.12,7.9054
20260703,20.0,2,14,axiswise_candan_joint_ls,-53.095575890003744,1.0,1,0,nan,0.8227428242748807,0.0,1.8203,1.7779,0.0,3.8981,0.0,7.4963
20260703,20.0,2,14,legacy_explicit_residual_gate,-53.095575890003744,1.0,1,0,nan,0.8227428242748807,0.0,2.0411,1.8369,3.7088,3.8606,0.7443,12.0715
20260703,20.0,2,15,stage1_projection_energy_gate,-58.20105913290518,1.0,1,0,0.17114256852001733,0.8539659506044308,0.0,2.1423,1.876,0.0,3.8651,0.1505,8.1157
20260703,20.0,2,15,axiswise_candan_joint_ls,-58.20105913290518,1.0,1,0,nan,0.8539659506044308,0.0,2.2237,1.8978,0.0,4.0503,0.0,8.3139
20260703,20.0,2,15,legacy_explicit_residual_gate,-58.20105913290518,1.0,1,0,nan,0.8539659506044308,0.0,2.0015,1.8276,4.1561,4.0943,0.6655,12.917900000000001
20260703,20.0,2,15,projection_energy_gate,-58.20105913290518,1.0,1,0,0.17114256852001733,0.8539659506044308,0.0,2.2037,2.0926,0.0,4.2501,0.136,8.8014
20260703,20.0,2,16,axiswise_candan_joint_ls,-59.38960024575283,1.0,1,0,nan,0.8280799276775025,0.0,1.9858,1.8679,0.0,3.8428,0.0,7.700399999999999
20260703,20.0,2,16,legacy_explicit_residual_gate,-59.38960024575283,1.0,1,0,nan,0.8280799276775025,0.0,2.188,2.078,3.9235,3.9726,0.7764,12.975499999999998
20260703,20.0,2,16,projection_energy_gate,-59.38960024575283,1.0,1,0,0.3642160156463508,0.8280799276775025,0.0,1.9519,2.125,0.0,4.3627,0.1948,8.539799999999998
20260703,20.0,2,16,stage1_projection_energy_gate,-59.38960024575283,1.0,1,0,0.3642160156463508,0.8280799276775025,0.0,2.0644,1.9512,0.0,4.059,0.1382,8.292
20260703,20.0,2,17,legacy_explicit_residual_gate,-57.409501294833014,1.0,1,0,nan,0.8378182179416889,0.0,2.0875,1.885,4.1452,4.0241,0.678,12.8351
20260703,20.0,2,17,projection_energy_gate,-57.409501294833014,1.0,1,0,0.20897928867231372,0.8378182179416889,0.0,2.0,1.9057,0.0,4.0559,0.1319,8.0425
20260703,20.0,2,17,stage1_projection_energy_gate,-57.409501294833014,1.0,1,0,0.20897928867231372,0.8378182179416889,0.0,2.0655,1.7892,0.0,4.1609,0.1639,8.242199999999999
20260703,20.0,2,17,axiswise_candan_joint_ls,-57.409501294833014,1.0,1,0,nan,0.8378182179416889,0.0,1.9784,1.9012,0.0,3.8724,0.0,8.0225
20260703,20.0,2,18,projection_energy_gate,-62.701363935775085,1.0,1,0,0.3813956294401768,0.8197470854705232,0.0,2.1024,2.0373,0.0,3.8768,0.1233,8.064
20260703,20.0,2,18,stage1_projection_energy_gate,-62.701363935775085,1.0,1,0,0.3813956294401768,0.8197470854705232,0.0,2.1253,1.9938,0.0,4.0879,0.1101,8.3108
20260703,20.0,2,18,axiswise_candan_joint_ls,-62.701363935775085,1.0,1,0,nan,0.8197470854705232,0.0,1.9364,1.8587,0.0,3.9803,0.0,7.6996
20260703,20.0,2,18,legacy_explicit_residual_gate,-62.701363935775085,1.0,1,0,nan,0.8197470854705232,0.0,2.1408,1.9112,4.0724,4.0439,0.7475,12.995800000000001
20260703,20.0,2,19,stage1_projection_energy_gate,-58.03397304388916,1.0,1,0,0.3346704993717667,0.8169195168557922,0.0,2.031,1.89,0.0,3.948,0.1217,7.9556
20260703,20.0,2,19,axiswise_candan_joint_ls,-58.03397304388916,1.0,1,0,nan,0.8169195168557922,0.0,1.8992,1.7901,0.0,3.9619,0.0,7.6512
20260703,20.0,2,19,legacy_explicit_residual_gate,-58.03397304388916,1.0,1,0,nan,0.8169195168557922,0.0,1.9471,1.8895,4.1761,3.9741,0.734,12.813499999999998
20260703,20.0,2,19,projection_energy_gate,-58.03397304388916,1.0,1,0,0.3346704993717667,0.8169195168557922,0.0,1.9703,2.0472,0.0,4.1516,0.1398,8.3089
20260703,20.0,4,0,axiswise_candan_joint_ls,-55.98739531739716,1.0,1,0,nan,0.8243938401245078,0.0,1.9545,1.8808,0.0,7.2929,0.0,11.197099999999999
20260703,20.0,4,0,legacy_explicit_residual_gate,-55.98739531739716,1.0,1,0,nan,0.8243938401245078,0.0,2.056,1.8428,7.9513,7.233,0.7207,19.9452
20260703,20.0,4,0,projection_energy_gate,-55.98739531739716,1.0,1,0,0.27935286757140015,0.8243938401245078,0.0,2.1385,2.0338,0.0,7.373,0.1734,11.825
20260703,20.0,4,0,stage1_projection_energy_gate,-55.98739531739716,1.0,1,0,0.27935286757140015,0.8243938401245078,0.0,1.9739,1.9161,0.0,7.6615,0.2115,11.877500000000001
20260703,20.0,4,1,legacy_explicit_residual_gate,-55.10192699252434,1.0,1,0,nan,0.8167246430323175,0.0,2.3205,1.951,7.7296,8.3312,0.7883,20.3677
20260703,20.0,4,1,projection_energy_gate,-55.10192699252434,1.0,1,0,0.4214419579962963,0.8167246430323175,0.0,2.1181,2.2035,0.0,8.2455,0.1567,12.6932
20260703,20.0,4,1,stage1_projection_energy_gate,-55.10192699252434,1.0,1,0,0.4214419579962963,0.8167246430323175,0.0,2.5471,1.9744,0.0,7.9078,0.2155,12.0987
20260703,20.0,4,1,axiswise_candan_joint_ls,-55.10192699252434,1.0,1,0,nan,0.8167246430323175,0.0,1.9863,2.0026,0.0,7.3027,0.0,11.629
20260703,20.0,4,2,projection_energy_gate,-57.47486559611529,1.0,1,0,0.32748850261368484,0.8229147391130365,0.0,2.0477,2.0895,0.0,7.5726,0.2082,12.0945
20260703,20.0,4,2,stage1_projection_energy_gate,-57.47486559611529,1.0,1,0,0.32748850261368484,0.8229147391130365,0.0,1.959,2.1542,0.0,7.5038,0.1987,11.7966
20260703,20.0,4,2,axiswise_candan_joint_ls,-57.47486559611529,1.0,1,0,nan,0.8229147391130365,0.0,2.029,2.0508,0.0,8.0658,0.0,11.9886
20260703,20.0,4,2,legacy_explicit_residual_gate,-57.47486559611529,1.0,1,0,nan,0.8229147391130365,0.0,2.0861,2.1966,7.7339,7.521,0.7508,20.2368
20260703,20.0,4,3,stage1_projection_energy_gate,-13.38952449664298,0.75,1,0,0.2150973238204493,0.8144900649729039,0.08333333333333333,1.9783,1.8926,0.0,7.5925,0.1777,11.807899999999998
20260703,20.0,4,3,axiswise_candan_joint_ls,-13.38952449664298,0.75,1,0,nan,0.8144900649729039,0.08333333333333333,2.128,1.8521,0.0,7.5216,0.0,11.512799999999999
20260703,20.0,4,3,legacy_explicit_residual_gate,-13.38952449664298,0.75,1,0,nan,0.8144900649729039,0.08333333333333333,2.066,1.9655,7.3881,7.332,0.7765,19.760199999999998
20260703,20.0,4,3,projection_energy_gate,-13.38952449664298,0.75,1,0,0.2150973238204493,0.8144900649729039,0.08333333333333333,2.0735,2.2006,0.0,7.5421,0.1905,12.150799999999998
20260703,20.0,4,4,axiswise_candan_joint_ls,-12.190468770346506,0.75,1,0,nan,0.8165344693243888,0.08333333333333333,1.9969,2.1732,0.0,7.6397,0.0,11.523700000000002
20260703,20.0,4,4,legacy_explicit_residual_gate,-12.190468770346506,0.75,1,0,nan,0.8165344693243888,0.08333333333333333,2.159,1.9439,7.391,7.4294,0.7266,19.7983
20260703,20.0,4,4,projection_energy_gate,-12.190468770346506,0.75,1,0,0.265177677682099,0.8165344693243888,0.08333333333333333,1.9693,1.9653,0.0,7.8199,0.1627,12.066699999999999
20260703,20.0,4,4,stage1_projection_energy_gate,-12.190468770346506,0.75,1,0,0.265177677682099,0.8165344693243888,0.08333333333333333,2.1066,1.88,0.0,7.5765,0.203,11.701699999999999
20260703,20.0,4,5,legacy_explicit_residual_gate,-57.097922862168005,1.0,1,0,nan,0.8196152236813649,0.0,2.0471,1.9756,7.7209,7.757,0.6441,20.0257
20260703,20.0,4,5,projection_energy_gate,-57.097922862168005,1.0,1,0,0.276765317349403,0.8196152236813649,0.0,2.0753,1.8501,0.0,7.3827,0.2016,11.509699999999999
20260703,20.0,4,5,stage1_projection_energy_gate,-57.097922862168005,1.0,1,0,0.276765317349403,0.8196152236813649,0.0,2.0973,2.1258,0.0,7.8209,0.1929,12.029900000000001
20260703,20.0,4,5,axiswise_candan_joint_ls,-57.097922862168005,1.0,1,0,nan,0.8196152236813649,0.0,2.0295,1.9705,0.0,7.685,0.0,11.7066
20260703,20.0,4,6,projection_energy_gate,-53.94874081343783,1.0,1,0,0.35744992153941973,0.8171393192605906,0.0,1.8875,1.8871,0.0,7.3214,0.1593,11.2221
20260703,20.0,4,6,stage1_projection_energy_gate,-53.94874081343783,1.0,1,0,0.35744992153941973,0.8171393192605906,0.0,2.2683,1.925,0.0,7.7578,0.2041,11.9869
20260703,20.0,4,6,axiswise_candan_joint_ls,-53.94874081343783,1.0,1,0,nan,0.8171393192605906,0.0,1.9355,2.0301,0.0,7.4911,0.0,11.3595
20260703,20.0,4,6,legacy_explicit_residual_gate,-53.94874081343783,1.0,1,0,nan,0.8171393192605906,0.0,2.1784,2.0584,7.5083,7.8122,0.8306,20.3397
20260703,20.0,4,7,stage1_projection_energy_gate,-10.403456375709126,0.5,1,0,0.22882821634094344,0.8130602341360244,0.16666666666666666,1.9372,1.9701,0.0,7.5465,0.1664,11.7161
20260703,20.0,4,7,axiswise_candan_joint_ls,-10.403456375709126,0.5,1,0,nan,0.8130602341360244,0.16666666666666666,1.9673,1.9844,0.0,7.7073,0.0,11.5494
20260703,20.0,4,7,legacy_explicit_residual_gate,-10.403456375709126,0.5,1,0,nan,0.8130602341360244,0.16666666666666666,2.0989,1.948,7.4278,7.5085,0.7148,19.542600000000004
20260703,20.0,4,7,projection_energy_gate,-10.403456375709126,0.5,1,0,0.22882821634094344,0.8130602341360244,0.16666666666666666,2.0427,1.9715,0.0,7.3504,0.1816,11.6463
20260703,20.0,4,8,axiswise_candan_joint_ls,-15.470031932073674,0.75,1,0,nan,0.8255370441239549,0.08333333333333333,2.1007,1.8701,0.0,7.348,0.0,11.1543
20260703,20.0,4,8,legacy_explicit_residual_gate,-15.470031932073674,0.75,1,0,nan,0.8255370441239549,0.08333333333333333,2.0522,1.9522,7.7117,7.6521,0.7274,19.930200000000003
20260703,20.0,4,8,projection_energy_gate,-15.470031932073674,0.75,1,0,0.3109828274685715,0.8255370441239549,0.08333333333333333,2.1269,2.1198,0.0,7.6446,0.2075,12.507900000000001
20260703,20.0,4,8,stage1_projection_energy_gate,-15.470031932073674,0.75,1,0,0.3109828274685715,0.8255370441239549,0.08333333333333333,1.9803,1.8819,0.0,7.522,0.1736,11.5313
20260703,20.0,4,9,legacy_explicit_residual_gate,-10.9756431709863,0.75,1,0,nan,0.8136639755118293,0.08333333333333333,2.2737,1.9213,7.2573,7.2652,0.8492,19.367800000000003
20260703,20.0,4,9,projection_energy_gate,-10.9756431709863,0.75,1,0,0.2741872175566776,0.8136639755118293,0.08333333333333333,1.9738,1.974,0.0,7.4527,0.1515,11.7051
20260703,20.0,4,9,stage1_projection_energy_gate,-10.9756431709863,0.75,1,0,0.2741872175566776,0.8136639755118293,0.08333333333333333,2.2097,2.0461,0.0,7.3301,0.207,12.1063
20260703,20.0,4,9,axiswise_candan_joint_ls,-10.9756431709863,0.75,1,0,nan,0.8136639755118293,0.08333333333333333,2.031,2.1927,0.0,7.4834,0.0,11.7173
20260703,20.0,4,10,projection_energy_gate,-14.905348404461092,0.25,1,0,0.252081522256175,0.8376493196216942,0.16666666666666666,1.9037,2.0803,0.0,7.3516,0.2018,11.9865
20260703,20.0,4,10,stage1_projection_energy_gate,-14.905348404461092,0.25,1,0,0.252081522256175,0.8376493196216942,0.16666666666666666,1.9498,1.964,0.0,7.8426,0.2487,12.0673
20260703,20.0,4,10,axiswise_candan_joint_ls,-14.905348404461092,0.25,1,0,nan,0.8376493196216942,0.16666666666666666,2.0105,2.0374,0.0,7.3125,0.0,11.4384
20260703,20.0,4,10,legacy_explicit_residual_gate,-14.905348404461092,0.25,1,0,nan,0.8376493196216942,0.16666666666666666,2.0136,2.0137,7.7859,7.7622,0.7897,20.509700000000002
20260703,20.0,4,11,stage1_projection_energy_gate,-55.57952931185412,1.0,1,0,0.17900561470590007,0.8280768278185711,0.0,2.0576,1.9733,0.0,7.6246,0.1901,12.0765
20260703,20.0,4,11,axiswise_candan_joint_ls,-55.57952931185412,1.0,1,0,nan,0.8280768278185711,0.0,2.0943,2.0246,0.0,7.3541,0.0,11.472999999999999
20260703,20.0,4,11,legacy_explicit_residual_gate,-55.57952931185412,1.0,1,0,nan,0.8280768278185711,0.0,2.1909,1.9489,7.4376,7.7713,0.7483,19.9849
20260703,20.0,4,11,projection_energy_gate,-55.57952931185412,1.0,1,0,0.17900561470590007,0.8280768278185711,0.0,1.8985,1.838,0.0,7.4383,0.1584,11.341899999999999
20260703,20.0,4,12,axiswise_candan_joint_ls,-22.67891120320678,0.5,1,0,nan,0.8177082611278269,0.08333333333333333,1.8804,1.8616,0.0,7.2716,0.0,11.0136
20260703,20.0,4,12,legacy_explicit_residual_gate,-22.67891120320678,0.5,1,0,nan,0.8177082611278269,0.08333333333333333,2.1571,1.9709,7.5768,8.1114,0.8486,21.019199999999998
20260703,20.0,4,12,projection_energy_gate,-22.67891120320678,0.5,1,0,0.22649527272674444,0.8177082611278269,0.08333333333333333,2.0802,1.9693,0.0,7.5415,0.1588,11.7216
20260703,20.0,4,12,stage1_projection_energy_gate,-22.67891120320678,0.5,1,0,0.22649527272674444,0.8177082611278269,0.08333333333333333,2.2063,2.178,0.0,7.6498,0.2009,12.2664
20260703,20.0,4,13,legacy_explicit_residual_gate,-15.727173280169218,0.75,1,0,nan,0.8166826486253094,0.08333333333333333,2.0663,1.9429,7.8664,7.4753,0.7557,20.1937
20260703,20.0,4,13,projection_energy_gate,-15.727173280169218,0.75,1,0,0.3749287322865014,0.8166826486253094,0.08333333333333333,2.0969,1.7791,0.0,7.6973,0.2133,11.8687
20260703,20.0,4,13,stage1_projection_energy_gate,-15.727173280169218,0.75,1,0,0.3749287322865014,0.8166826486253094,0.08333333333333333,2.0668,2.0956,0.0,7.6011,0.194,11.9647
20260703,20.0,4,13,axiswise_candan_joint_ls,-15.727173280169218,0.75,1,0,nan,0.8166826486253094,0.08333333333333333,1.8388,1.8836,0.0,7.6496,0.0,11.97
20260703,20.0,4,14,projection_energy_gate,-11.20852785836341,0.75,1,0,0.1607997894348661,0.8361650243549248,0.08333333333333333,1.9462,1.9026,0.0,7.4911,0.1613,11.4473
20260703,20.0,4,14,stage1_projection_energy_gate,-11.20852785836341,0.75,1,0,0.1607997894348661,0.8361650243549248,0.08333333333333333,2.1258,1.9104,0.0,7.3586,0.1904,11.697
20260703,20.0,4,14,axiswise_candan_joint_ls,-11.20852785836341,0.75,1,0,nan,0.8361650243549248,0.08333333333333333,1.9675,1.9078,0.0,7.8282,0.0,11.6967
20260703,20.0,4,14,legacy_explicit_residual_gate,-11.20852785836341,0.75,1,0,nan,0.8361650243549248,0.08333333333333333,2.0001,2.0002,7.3086,7.3137,0.7336,19.3898
20260703,20.0,4,15,stage1_projection_energy_gate,-16.713017792419,0.75,1,0,0.27716595252134923,0.8220083621329738,0.08333333333333333,2.0165,2.0095,0.0,7.7291,0.184,11.919299999999998
20260703,20.0,4,15,axiswise_candan_joint_ls,-16.713017792419,0.75,1,0,nan,0.8220083621329738,0.08333333333333333,2.0775,1.9362,0.0,7.8854,0.0,11.7564
20260703,20.0,4,15,legacy_explicit_residual_gate,-16.713017792419,0.75,1,0,nan,0.8220083621329738,0.08333333333333333,2.2259,2.127,7.216,7.4117,0.7115,19.666500000000003
20260703,20.0,4,15,projection_energy_gate,-16.713017792419,0.75,1,0,0.27716595252134923,0.8220083621329738,0.08333333333333333,2.0867,1.9883,0.0,7.1915,0.1996,11.3391
20260703,20.0,4,16,axiswise_candan_joint_ls,-54.775537905774556,1.0,1,0,nan,0.8187475800116968,0.0,1.8885,1.9796,0.0,7.6694,0.0,11.647300000000001
20260703,20.0,4,16,legacy_explicit_residual_gate,-54.775537905774556,1.0,1,0,nan,0.8187475800116968,0.0,2.0929,2.1431,7.4736,7.7077,0.7795,20.7072
20260703,20.0,4,16,projection_energy_gate,-54.775537905774556,1.0,1,0,0.2694583347246211,0.8187475800116968,0.0,2.045,1.9858,0.0,7.7552,0.1397,12.0549
20260703,20.0,4,16,stage1_projection_energy_gate,-54.775537905774556,1.0,1,0,0.2694583347246211,0.8187475800116968,0.0,2.1203,2.0992,0.0,7.3559,0.1941,11.8223
20260703,20.0,4,17,legacy_explicit_residual_gate,-15.618950838959773,0.75,1,0,nan,0.8179569157686489,0.08333333333333333,1.9473,1.8388,7.6415,7.6661,0.8107,20.3188
20260703,20.0,4,17,projection_energy_gate,-15.618950838959773,0.75,1,0,0.20183643930105596,0.8179569157686489,0.08333333333333333,2.1183,2.2101,0.0,7.5606,0.1792,11.821200000000001
20260703,20.0,4,17,stage1_projection_energy_gate,-15.618950838959773,0.75,1,0,0.20183643930105596,0.8179569157686489,0.08333333333333333,2.0085,1.9287,0.0,7.5191,0.1817,11.603
20260703,20.0,4,17,axiswise_candan_joint_ls,-15.618950838959773,0.75,1,0,nan,0.8179569157686489,0.08333333333333333,2.0144,1.9971,0.0,7.4546,0.0,11.4272
20260703,20.0,4,18,projection_energy_gate,-55.33034412307583,1.0,1,0,0.1936896862371383,0.8163238211236673,0.0,1.9191,1.8696,0.0,7.6114,0.2264,11.6614
20260703,20.0,4,18,stage1_projection_energy_gate,-55.33034412307583,1.0,1,0,0.1936896862371383,0.8163238211236673,0.0,1.973,2.0654,0.0,7.217,0.17,11.581
20260703,20.0,4,18,axiswise_candan_joint_ls,-55.33034412307583,1.0,1,0,nan,0.8163238211236673,0.0,1.9003,1.9092,0.0,7.8415,0.0,11.7821
20260703,20.0,4,18,legacy_explicit_residual_gate,-55.33034412307583,1.0,1,0,nan,0.8163238211236673,0.0,2.2193,2.0717,7.3976,7.1979,0.7822,20.043200000000002
20260703,20.0,4,19,stage1_projection_energy_gate,-55.77732884617046,1.0,1,0,0.2103809315982137,0.8239157485664308,0.0,2.0332,1.9359,0.0,7.6761,0.1913,11.8752
20260703,20.0,4,19,axiswise_candan_joint_ls,-55.77732884617046,1.0,1,0,nan,0.8239157485664308,0.0,2.0903,1.8777,0.0,7.6195,0.0,11.8148
20260703,20.0,4,19,legacy_explicit_residual_gate,-55.77732884617046,1.0,1,0,nan,0.8239157485664308,0.0,2.1173,2.0187,7.4013,7.4934,0.8555,19.9304
20260703,20.0,4,19,projection_energy_gate,-55.77732884617046,1.0,1,0,0.2103809315982137,0.8239157485664308,0.0,2.2984,2.1275,0.0,7.9727,0.2149,12.698699999999999
20260703,20.0,8,0,axiswise_candan_joint_ls,-51.53033427665332,1.0,1,0,nan,0.81683483109233,0.0,2.0075,2.2837,0.0,18.0037,0.0,22.3432
20260703,20.0,8,0,legacy_explicit_residual_gate,-51.53033427665332,1.0,1,0,nan,0.81683483109233,0.0,2.1889,2.0035,15.5686,16.7034,0.7605,37.608799999999995
20260703,20.0,8,0,projection_energy_gate,-51.53033427665332,1.0,1,0,0.3353581197220809,0.81683483109233,0.0,2.1862,2.1174,0.0,16.3531,0.1695,20.6614
20260703,20.0,8,0,stage1_projection_energy_gate,-51.53033427665332,1.0,1,0,0.3353581197220809,0.81683483109233,0.0,2.1485,2.1256,0.0,17.5699,0.1749,22.127200000000002
20260703,20.0,8,1,legacy_explicit_residual_gate,-16.341126434290842,0.625,1,0,nan,0.8179436759108222,0.041666666666666664,2.0015,1.9788,16.9435,16.3731,0.8415,38.3069
20260703,20.0,8,1,projection_energy_gate,-16.341126434290842,0.625,1,0,0.28138993064404444,0.8179436759108222,0.041666666666666664,1.9881,2.0235,0.0,16.8145,0.1328,20.958899999999996
20260703,20.0,8,1,stage1_projection_energy_gate,-16.341126434290842,0.625,1,0,0.28138993064404444,0.8179436759108222,0.041666666666666664,1.9898,2.0602,0.0,16.8373,0.1987,21.064799999999998
20260703,20.0,8,1,axiswise_candan_joint_ls,-16.341126434290842,0.625,1,0,nan,0.8179436759108222,0.041666666666666664,2.0826,2.3656,0.0,16.5969,0.0,21.0883
20260703,20.0,8,2,projection_energy_gate,-17.164616459870054,0.75,1,0,0.23591769600794418,0.8237973759782994,0.08333333333333333,2.0383,2.2927,0.0,16.5593,0.2024,21.2391
20260703,20.0,8,2,stage1_projection_energy_gate,-17.164616459870054,0.75,1,0,0.23591769600794418,0.8237973759782994,0.08333333333333333,2.13,2.1626,0.0,17.4315,0.2114,22.0125
20260703,20.0,8,2,axiswise_candan_joint_ls,-17.164616459870054,0.75,1,0,nan,0.8237973759782994,0.08333333333333333,1.9802,1.9174,0.0,16.108,0.0,20.028599999999997
20260703,20.0,8,2,legacy_explicit_residual_gate,-17.164616459870054,0.75,1,0,nan,0.8237973759782994,0.08333333333333333,1.9642,1.9624,16.2322,15.8574,0.8368,38.026900000000005
20260703,20.0,8,3,stage1_projection_energy_gate,-14.682764749442178,0.75,1,0,0.2657567766189533,0.8170437437282596,0.08333333333333333,1.9437,2.0648,0.0,16.3721,0.1941,20.4287
20260703,20.0,8,3,axiswise_candan_joint_ls,-14.682764749442178,0.75,1,0,nan,0.8170437437282596,0.08333333333333333,2.2286,2.0861,0.0,17.4346,0.0,21.436500000000002
20260703,20.0,8,3,legacy_explicit_residual_gate,-14.682764749442178,0.75,1,0,nan,0.8170437437282596,0.08333333333333333,2.2288,2.1696,18.1446,18.2733,0.8185,40.4171
20260703,20.0,8,3,projection_energy_gate,-14.682764749442178,0.75,1,0,0.2657567766189533,0.8170437437282596,0.08333333333333333,2.293,2.2454,0.0,17.8075,0.1776,22.1837
20260703,20.0,8,4,axiswise_candan_joint_ls,-13.568202191442174,0.375,1,0,nan,0.8153081590024197,0.125,2.229,2.2867,0.0,18.4027,0.0,22.3978
20260703,20.0,8,4,legacy_explicit_residual_gate,-13.568202191442174,0.375,1,0,nan,0.8153081590024197,0.125,2.1485,2.3115,16.7448,17.7743,0.9862,39.3077
20260703,20.0,8,4,projection_energy_gate,-13.568202191442174,0.375,1,0,0.19641169246153978,0.8153081590024197,0.125,2.2854,2.5498,0.0,18.5859,0.1811,23.8839
20260703,20.0,8,4,stage1_projection_energy_gate,-13.568202191442174,0.375,1,0,0.19641169246153978,0.8153081590024197,0.125,2.1117,2.1052,0.0,16.5815,0.1356,20.928199999999997
20260703,20.0,8,5,legacy_explicit_residual_gate,-14.959529454199178,0.5,1,0,nan,0.8150117034354435,0.08333333333333333,2.2621,2.2379,17.3884,17.4403,0.8102,39.4813
20260703,20.0,8,5,projection_energy_gate,-14.959529454199178,0.5,1,0,0.30126432840630835,0.8150117034354435,0.08333333333333333,2.1549,2.1911,0.0,16.824,0.1849,21.213700000000003
20260703,20.0,8,5,stage1_projection_energy_gate,-14.959529454199178,0.5,1,0,0.30126432840630835,0.8150117034354435,0.08333333333333333,2.3603,2.2468,0.0,16.947,0.1567,21.538800000000002
20260703,20.0,8,5,axiswise_candan_joint_ls,-14.959529454199178,0.5,1,0,nan,0.8150117034354435,0.08333333333333333,2.45,2.3239,0.0,22.3102,0.0,27.164099999999998
20260703,20.0,8,6,projection_energy_gate,-51.329322239535045,1.0,1,0,0.2843664190691566,0.8205646374566797,0.0,2.7895,2.4516,0.0,19.5692,0.223,25.131299999999996
20260703,20.0,8,6,stage1_projection_energy_gate,-51.329322239535045,1.0,1,0,0.2843664190691566,0.8205646374566797,0.0,2.2584,2.2847,0.0,19.489,0.204,24.536300000000004
20260703,20.0,8,6,axiswise_candan_joint_ls,-51.329322239535045,1.0,1,0,nan,0.8205646374566797,0.0,2.5497,2.3462,0.0,18.2935,0.0,23.102500000000003
20260703,20.0,8,6,legacy_explicit_residual_gate,-51.329322239535045,1.0,1,0,nan,0.8205646374566797,0.0,2.3596,2.1325,18.148,17.5188,0.9683,41.0513
20260703,20.0,8,7,stage1_projection_energy_gate,-16.389242331170166,0.75,1,0,0.27002902698810205,0.8144035582376646,0.041666666666666664,2.0587,2.371,0.0,16.7275,0.2124,21.4211
20260703,20.0,8,7,axiswise_candan_joint_ls,-16.389242331170166,0.75,1,0,nan,0.8144035582376646,0.041666666666666664,2.2045,2.1585,0.0,16.8339,0.0,21.2896
20260703,20.0,8,7,legacy_explicit_residual_gate,-16.389242331170166,0.75,1,0,nan,0.8144035582376646,0.041666666666666664,2.0814,2.2979,17.9381,18.3164,0.8975,41.9498
20260703,20.0,8,7,projection_energy_gate,-16.389242331170166,0.75,1,0,0.27002902698810205,0.8144035582376646,0.041666666666666664,2.3124,2.3223,0.0,17.76,0.17,22.7053
20260703,20.0,8,8,axiswise_candan_joint_ls,-18.10992751151167,0.875,1,0,nan,0.8153878207999878,0.041666666666666664,2.1352,2.294,0.0,17.9819,0.0,22.309600000000003
20260703,20.0,8,8,legacy_explicit_residual_gate,-18.10992751151167,0.875,1,0,nan,0.8153878207999878,0.041666666666666664,2.1144,2.0999,17.5082,17.6334,0.8524,39.868
20260703,20.0,8,8,projection_energy_gate,-18.10992751151167,0.875,1,0,0.26872083102290106,0.8153878207999878,0.041666666666666664,2.1821,2.211,0.0,17.2407,0.1857,22.096500000000002
20260703,20.0,8,8,stage1_projection_energy_gate,-18.10992751151167,0.875,1,0,0.26872083102290106,0.8153878207999878,0.041666666666666664,2.1566,2.2621,0.0,17.6489,0.1903,22.0931
20260703,20.0,8,9,legacy_explicit_residual_gate,-15.864497050053002,0.875,1,0,nan,0.819920665041342,0.041666666666666664,2.166,2.3824,17.255,17.0367,1.0071,40.388
20260703,20.0,8,9,projection_energy_gate,-15.864497050053002,0.875,1,0,0.32781382727947617,0.819920665041342,0.041666666666666664,2.0252,2.1516,0.0,16.8546,0.22,21.4989
20260703,20.0,8,9,stage1_projection_energy_gate,-15.864497050053002,0.875,1,0,0.32781382727947617,0.819920665041342,0.041666666666666664,2.0752,2.1235,0.0,16.8251,0.166,21.3238
20260703,20.0,8,9,axiswise_candan_joint_ls,-15.864497050053002,0.875,1,0,nan,0.819920665041342,0.041666666666666664,2.2477,2.2426,0.0,19.0631,0.0,24.095499999999998
20260703,20.0,8,10,projection_energy_gate,-13.856917117233214,0.75,1,0,0.30634740222071255,0.8154776390856182,0.041666666666666664,2.1107,2.4494,0.0,17.6473,0.189,22.370400000000004
20260703,20.0,8,10,stage1_projection_energy_gate,-13.856917117233214,0.75,1,0,0.30634740222071255,0.8154776390856182,0.041666666666666664,2.1702,2.3413,0.0,17.3437,0.1464,21.951099999999997
20260703,20.0,8,10,axiswise_candan_joint_ls,-13.856917117233214,0.75,1,0,nan,0.8154776390856182,0.041666666666666664,2.1364,2.4301,0.0,17.5149,0.0,22.1203
20260703,20.0,8,10,legacy_explicit_residual_gate,-13.856917117233214,0.75,1,0,nan,0.8154776390856182,0.041666666666666664,2.2472,2.4262,17.2981,17.0995,0.8387,39.077200000000005
20260703,20.0,8,11,stage1_projection_energy_gate,-16.582902768677425,0.5,1,0,0.11355411674733722,0.5731540389934996,0.125,2.0726,2.3306,0.0,17.2495,0.1335,21.842600000000004
20260703,20.0,8,11,axiswise_candan_joint_ls,-16.582902768677425,0.5,1,0,nan,0.5731540389934996,0.125,2.1595,2.6179,0.0,18.0718,0.0,22.6792
20260703,20.0,8,11,legacy_explicit_residual_gate,-16.582902768677425,0.5,1,0,nan,0.5731540389934996,0.125,2.2031,2.3295,17.4378,17.9399,0.9631,40.8022
20260703,20.0,8,11,projection_energy_gate,-16.582902768677425,0.5,1,0,0.11355411674733722,0.5731540389934996,0.125,2.2614,2.4344,0.0,18.8201,0.1783,23.729499999999998
20260703,20.0,8,12,axiswise_candan_joint_ls,-27.3845764470764,0.75,1,0,nan,0.8227568600732782,0.041666666666666664,2.3425,2.4022,0.0,16.7327,0.0,21.5839
20260703,20.0,8,12,legacy_explicit_residual_gate,-27.3845764470764,0.75,1,0,nan,0.8227568600732782,0.041666666666666664,2.5552,2.6889,18.2421,18.8417,0.8779,42.8725
20260703,20.0,8,12,projection_energy_gate,-27.3845764470764,0.75,1,0,0.18092624833272844,0.8227568600732782,0.041666666666666664,2.2243,2.4725,0.0,16.8797,0.157,21.7185
20260703,20.0,8,12,stage1_projection_energy_gate,-27.3845764470764,0.75,1,0,0.18092624833272844,0.8227568600732782,0.041666666666666664,2.272,2.2049,0.0,17.6282,0.2263,22.445
20260703,20.0,8,13,legacy_explicit_residual_gate,-22.068378806273383,0.875,1,0,nan,0.8154388688014964,0.041666666666666664,2.1573,2.1678,17.5127,17.1725,0.7886,39.252
20260703,20.0,8,13,projection_energy_gate,-22.068378806273383,0.875,1,0,0.3379091172354136,0.8154388688014964,0.041666666666666664,2.1392,2.157,0.0,17.2534,0.1454,21.331
20260703,20.0,8,13,stage1_projection_energy_gate,-22.068378806273383,0.875,1,0,0.3379091172354136,0.8154388688014964,0.041666666666666664,2.1594,2.2853,0.0,17.3177,0.1967,21.8313
20260703,20.0,8,13,axiswise_candan_joint_ls,-22.068378806273383,0.875,1,0,nan,0.8154388688014964,0.041666666666666664,2.1296,2.2237,0.0,17.9664,0.0,22.0227
20260703,20.0,8,14,projection_energy_gate,-16.10537001284926,0.875,1,0,0.3282368297266586,0.8142655979818727,0.041666666666666664,2.0789,2.2275,0.0,16.9394,0.2116,21.2769
20260703,20.0,8,14,stage1_projection_energy_gate,-16.10537001284926,0.875,1,0,0.3282368297266586,0.8142655979818727,0.041666666666666664,2.1778,2.2603,0.0,17.3106,0.1703,21.7991
20260703,20.0,8,14,axiswise_candan_joint_ls,-16.10537001284926,0.875,1,0,nan,0.8142655979818727,0.041666666666666664,2.2208,2.1919,0.0,16.3524,0.0,20.539099999999998
20260703,20.0,8,14,legacy_explicit_residual_gate,-16.10537001284926,0.875,1,0,nan,0.8142655979818727,0.041666666666666664,2.2021,2.289,17.6209,17.0934,0.9594,40.0761
20260703,20.0,8,15,stage1_projection_energy_gate,-12.560629397570544,0.625,1,0,0.24163760894220837,0.8149204816098723,0.125,2.1597,2.1446,0.0,16.8665,0.2228,21.3223
20260703,20.0,8,15,axiswise_candan_joint_ls,-12.560629397570544,0.625,1,0,nan,0.8149204816098723,0.125,2.0957,2.1195,0.0,16.8313,0.0,21.0263
20260703,20.0,8,15,legacy_explicit_residual_gate,-12.560629397570544,0.625,1,0,nan,0.8149204816098723,0.125,2.174,2.2432,17.4031,17.9617,0.8779,40.5159
20260703,20.0,8,15,projection_energy_gate,-12.560629397570544,0.625,1,0,0.24163760894220837,0.8149204816098723,0.125,2.2725,2.4239,0.0,17.3536,0.1784,22.497999999999998
20260703,20.0,8,16,axiswise_candan_joint_ls,-14.493531181293054,0.75,1,0,nan,0.823872952142774,0.08333333333333333,2.1923,2.2511,0.0,17.7193,0.0,22.0757
20260703,20.0,8,16,legacy_explicit_residual_gate,-14.493531181293054,0.75,1,0,nan,0.823872952142774,0.08333333333333333,2.0754,2.1259,17.2418,17.6645,1.0068,39.956700000000005
20260703,20.0,8,16,projection_energy_gate,-14.493531181293054,0.75,1,0,0.2522376171445166,0.823872952142774,0.08333333333333333,2.1239,2.4576,0.0,16.9936,0.1494,21.4812
20260703,20.0,8,16,stage1_projection_energy_gate,-14.493531181293054,0.75,1,0,0.2522376171445166,0.823872952142774,0.08333333333333333,2.1621,2.2915,0.0,17.4714,0.1324,22.1553
20260703,20.0,8,17,legacy_explicit_residual_gate,-15.931484536230037,0.875,1,0,nan,0.8212483432560995,0.041666666666666664,2.2595,2.3766,17.2191,17.3442,0.8584,41.433
20260703,20.0,8,17,projection_energy_gate,-15.931484536230037,0.875,1,0,0.2374308750325303,0.8212483432560995,0.041666666666666664,2.1427,2.069,0.0,17.5562,0.166,21.9184
20260703,20.0,8,17,stage1_projection_energy_gate,-15.931484536230037,0.875,1,0,0.2374308750325303,0.8212483432560995,0.041666666666666664,2.1813,2.2094,0.0,17.4357,0.1818,22.003500000000003
20260703,20.0,8,17,axiswise_candan_joint_ls,-15.931484536230037,0.875,1,0,nan,0.8212483432560995,0.041666666666666664,2.1769,2.2933,0.0,17.6091,0.0,22.1782
20260703,20.0,8,18,projection_energy_gate,-21.246749606124254,0.875,1,0,0.22846518173138433,0.8259830928216116,0.041666666666666664,2.4319,2.304,0.0,17.1988,0.1594,21.877200000000002
20260703,20.0,8,18,stage1_projection_energy_gate,-21.246749606124254,0.875,1,0,0.22846518173138433,0.8259830928216116,0.041666666666666664,2.6007,2.3744,0.0,18.6562,0.1872,22.9843
20260703,20.0,8,18,axiswise_candan_joint_ls,-21.246749606124254,0.875,1,0,nan,0.8259830928216116,0.041666666666666664,2.2126,2.2084,0.0,17.9649,0.0,22.413
20260703,20.0,8,18,legacy_explicit_residual_gate,-21.246749606124254,0.875,1,0,nan,0.8259830928216116,0.041666666666666664,2.1324,2.0908,17.146,16.7833,0.8017,38.5262
20260703,20.0,8,19,stage1_projection_energy_gate,-15.71518726595553,0.75,1,0,0.21379811737685284,0.8147257351363537,0.08333333333333333,2.1727,2.1171,0.0,16.8047,0.1599,21.2954
20260703,20.0,8,19,axiswise_candan_joint_ls,-15.71518726595553,0.75,1,0,nan,0.8147257351363537,0.08333333333333333,2.0139,2.0501,0.0,16.1649,0.0,20.4994
20260703,20.0,8,19,legacy_explicit_residual_gate,-15.71518726595553,0.75,1,0,nan,0.8147257351363537,0.08333333333333333,2.2875,2.1724,17.1532,17.6661,0.9972,40.242900000000006
20260703,20.0,8,19,projection_energy_gate,-15.71518726595553,0.75,1,0,0.21379811737685284,0.8147257351363537,0.08333333333333333,2.2132,2.2145,0.0,16.9764,0.1252,21.509999999999998
20260703,30.0,2,0,axiswise_candan_joint_ls,-67.70244760576797,1.0,1,0,nan,0.8306255720397427,0.0,1.9961,1.8942,0.0,4.1785,0.0,8.0534
20260703,30.0,2,0,legacy_explicit_residual_gate,-67.70244760576797,1.0,1,0,nan,0.8306255720397427,0.0,1.9793,1.8689,3.9756,3.9106,0.938,12.8285
20260703,30.0,2,0,projection_energy_gate,-67.70244760576797,1.0,1,0,0.30265169491939187,0.8306255720397427,0.0,1.9623,1.9744,0.0,4.2574,0.1212,8.458
20260703,30.0,2,0,stage1_projection_energy_gate,-67.70244760576797,1.0,1,0,0.30265169491939187,0.8306255720397427,0.0,2.0713,2.0205,0.0,4.1527,0.1438,8.5056
20260703,30.0,2,1,legacy_explicit_residual_gate,-67.80648957185531,1.0,1,0,nan,0.8342045707808506,0.0,2.3501,2.063,4.0112,3.9007,0.7341,12.9971
20260703,30.0,2,1,projection_energy_gate,-67.80648957185531,1.0,1,0,0.21439689397315143,0.8342045707808506,0.0,2.1064,1.9312,0.0,4.1181,0.1415,8.4298
20260703,30.0,2,1,stage1_projection_energy_gate,-67.80648957185531,1.0,1,0,0.21439689397315143,0.8342045707808506,0.0,2.0659,1.9185,0.0,4.0805,0.1528,8.0918
20260703,30.0,2,1,axiswise_candan_joint_ls,-67.80648957185531,1.0,1,0,nan,0.8342045707808506,0.0,2.2787,2.0131,0.0,4.5851,0.0,8.8769
20260703,30.0,2,2,projection_energy_gate,-58.23956031598748,1.0,1,0,0.2863431379300543,0.8318943001291994,0.0,2.3132,2.1375,0.0,4.3517,0.1383,9.278599999999999
20260703,30.0,2,2,stage1_projection_energy_gate,-58.23956031598748,1.0,1,0,0.2863431379300543,0.8318943001291994,0.0,2.1044,2.094,0.0,4.3138,0.123,8.6549
20260703,30.0,2,2,axiswise_candan_joint_ls,-58.23956031598748,1.0,1,0,nan,0.8318943001291994,0.0,2.0931,2.1245,0.0,4.4006,0.0,8.6815
20260703,30.0,2,2,legacy_explicit_residual_gate,-58.23956031598748,1.0,1,0,nan,0.8318943001291994,0.0,2.0397,1.9254,4.039,4.2925,0.7502,13.018699999999999
20260703,30.0,2,3,stage1_projection_energy_gate,-10.80878636823946,0.5,1,0,0.13304953364634642,0.8314407882159252,0.16666666666666666,2.1126,2.0999,0.0,4.1709,0.1331,8.6768
20260703,30.0,2,3,axiswise_candan_joint_ls,-10.80878636823946,0.5,1,0,nan,0.8314407882159252,0.16666666666666666,2.3637,2.0292,0.0,4.3999,0.0,8.895
20260703,30.0,2,3,legacy_explicit_residual_gate,-10.80878636823946,0.5,1,0,nan,0.8314407882159252,0.16666666666666666,2.0963,2.0314,4.2216,4.4649,0.774,13.626999999999999
20260703,30.0,2,3,projection_energy_gate,-10.80878636823946,0.5,1,0,0.13304953364634642,0.8314407882159252,0.16666666666666666,2.0094,2.0016,0.0,4.3098,0.1308,8.2996
20260703,30.0,2,4,axiswise_candan_joint_ls,-68.31834823516368,1.0,1,0,nan,0.815966621100779,0.0,2.1646,1.9752,0.0,4.1813,0.0,8.3979
20260703,30.0,2,4,legacy_explicit_residual_gate,-68.31834823516368,1.0,1,0,nan,0.815966621100779,0.0,2.1057,1.9802,4.2466,4.0552,0.7417,13.216000000000001
20260703,30.0,2,4,projection_energy_gate,-68.31834823516368,1.0,1,0,0.12269892278669725,0.815966621100779,0.0,2.0517,1.8949,0.0,3.971,0.1522,8.206999999999999
20260703,30.0,2,4,stage1_projection_energy_gate,-68.31834823516368,1.0,1,0,0.12269892278669725,0.815966621100779,0.0,2.2286,2.0322,0.0,4.4531,0.1688,8.908699999999998
20260703,30.0,2,5,legacy_explicit_residual_gate,-68.96803592107018,1.0,1,0,nan,0.8586945889242186,0.0,2.2536,2.0311,4.3247,4.9871,1.0195,14.735100000000001
20260703,30.0,2,5,projection_energy_gate,-68.96803592107018,1.0,1,0,0.10491133266991498,0.8586945889242186,0.0,2.086,1.9631,0.0,4.2035,0.1621,8.701400000000001
20260703,30.0,2,5,stage1_projection_energy_gate,-68.96803592107018,1.0,1,0,0.10491133266991498,0.8586945889242186,0.0,2.035,1.9689,0.0,4.1432,0.155,8.3157
20260703,30.0,2,5,axiswise_candan_joint_ls,-68.96803592107018,1.0,1,0,nan,0.8586945889242186,0.0,2.027,1.8318,0.0,3.9961,0.0,7.9533
20260703,30.0,2,6,projection_energy_gate,-66.01736103121017,1.0,1,0,0.4748712580089815,0.8236828358768812,0.0,2.0634,1.9936,0.0,4.2255,0.1303,8.5116
20260703,30.0,2,6,stage1_projection_energy_gate,-66.01736103121017,1.0,1,0,0.4748712580089815,0.8236828358768812,0.0,1.9841,2.0594,0.0,4.126,0.1438,8.4145
20260703,30.0,2,6,axiswise_candan_joint_ls,-66.01736103121017,1.0,1,0,nan,0.8236828358768812,0.0,2.0396,1.8431,0.0,4.181,0.0,8.0835
20260703,30.0,2,6,legacy_explicit_residual_gate,-66.01736103121017,1.0,1,0,nan,0.8236828358768812,0.0,2.378,1.9609,4.1276,4.2127,0.7777,13.485299999999999
20260703,30.0,2,7,stage1_projection_energy_gate,-57.701555154169945,1.0,1,0,0.17823914913547564,0.825225130012232,0.0,2.3349,2.0608,0.0,4.3814,0.1536,9.332
20260703,30.0,2,7,axiswise_candan_joint_ls,-57.701555154169945,1.0,1,0,nan,0.825225130012232,0.0,2.1733,1.9309,0.0,4.0987,0.0,8.3387
20260703,30.0,2,7,legacy_explicit_residual_gate,-57.701555154169945,1.0,1,0,nan,0.825225130012232,0.0,2.0157,1.9061,4.1107,4.2142,0.758,13.204899999999999
20260703,30.0,2,7,projection_energy_gate,-57.701555154169945,1.0,1,0,0.17823914913547564,0.825225130012232,0.0,2.1007,1.9917,0.0,4.1707,0.1543,8.491
20260703,30.0,2,8,axiswise_candan_joint_ls,-70.49397695490062,1.0,1,0,nan,0.8397769319655859,0.0,2.2598,2.1654,0.0,4.4931,0.0,8.9183
20260703,30.0,2,8,legacy_explicit_residual_gate,-70.49397695490062,1.0,1,0,nan,0.8397769319655859,0.0,2.1148,2.0658,4.3167,3.8878,0.7971,13.1558
20260703,30.0,2,8,projection_energy_gate,-70.49397695490062,1.0,1,0,0.23114591891727324,0.8397769319655859,0.0,2.0118,2.1258,0.0,4.2019,0.1829,8.4704
20260703,30.0,2,8,stage1_projection_energy_gate,-70.49397695490062,1.0,1,0,0.23114591891727324,0.8397769319655859,0.0,2.3454,2.1723,0.0,4.1643,0.1559,8.7622
20260703,30.0,2,9,legacy_explicit_residual_gate,-9.854033683031373,0.5,1,0,nan,0.8265224049333817,0.16666666666666666,2.1777,1.8536,4.1121,4.3931,0.7327,13.2039
20260703,30.0,2,9,projection_energy_gate,-9.854033683031373,0.5,1,0,0.1946459290654699,0.8265224049333817,0.16666666666666666,2.2377,1.9274,0.0,4.2463,0.1219,8.5229
20260703,30.0,2,9,stage1_projection_energy_gate,-9.854033683031373,0.5,1,0,0.1946459290654699,0.8265224049333817,0.16666666666666666,2.2186,2.0204,0.0,4.2575,0.1318,8.7993
20260703,30.0,2,9,axiswise_candan_joint_ls,-9.854033683031373,0.5,1,0,nan,0.8265224049333817,0.16666666666666666,2.2033,2.0019,0.0,4.4334,0.0,8.6973
20260703,30.0,2,10,projection_energy_gate,-60.73046702671674,1.0,1,0,0.34944577369084723,0.8172306647078812,0.0,2.4657,2.1023,0.0,4.2999,0.157,9.211
20260703,30.0,2,10,stage1_projection_energy_gate,-60.73046702671674,1.0,1,0,0.34944577369084723,0.8172306647078812,0.0,2.2185,2.1578,0.0,4.11,0.135,8.624
20260703,30.0,2,10,axiswise_candan_joint_ls,-60.73046702671674,1.0,1,0,nan,0.8172306647078812,0.0,2.2872,2.1168,0.0,4.6136,0.0,9.0298
20260703,30.0,2,10,legacy_explicit_residual_gate,-60.73046702671674,1.0,1,0,nan,0.8172306647078812,0.0,2.1562,1.9123,3.9771,3.9439,0.7686,12.6286
20260703,30.0,2,11,stage1_projection_energy_gate,-10.938662436852747,0.5,1,0,0.23198287078489283,0.8154077430746091,0.16666666666666666,2.0157,2.0267,0.0,4.4616,0.1616,9.0497
20260703,30.0,2,11,axiswise_candan_joint_ls,-10.938662436852747,0.5,1,0,nan,0.8154077430746091,0.16666666666666666,2.0107,2.041,0.0,4.2174,0.0,8.5329
20260703,30.0,2,11,legacy_explicit_residual_gate,-10.938662436852747,0.5,1,0,nan,0.8154077430746091,0.16666666666666666,2.2124,1.9393,3.9527,4.0766,0.7336,12.923199999999998
20260703,30.0,2,11,projection_energy_gate,-10.938662436852747,0.5,1,0,0.23198287078489283,0.8154077430746091,0.16666666666666666,1.9814,2.0082,0.0,4.356,0.1099,8.4407
20260703,30.0,2,12,axiswise_candan_joint_ls,-22.3464999749563,0.5,1,0,nan,0.8402517529986699,0.16666666666666666,1.9801,1.9568,0.0,4.1076,0.0,8.0257
20260703,30.0,2,12,legacy_explicit_residual_gate,-22.3464999749563,0.5,1,0,nan,0.8402517529986699,0.16666666666666666,2.0039,1.844,4.0916,4.3944,0.7603,13.0588
20260703,30.0,2,12,projection_energy_gate,-22.3464999749563,0.5,1,0,0.13642191290447506,0.8402517529986699,0.16666666666666666,2.0159,1.9863,0.0,4.112,0.1738,8.3364
20260703,30.0,2,12,stage1_projection_energy_gate,-22.3464999749563,0.5,1,0,0.13642191290447506,0.8402517529986699,0.16666666666666666,2.1152,1.9908,0.0,4.1728,0.1109,8.286000000000001
20260703,30.0,2,13,legacy_explicit_residual_gate,-68.7058197344416,1.0,1,0,nan,0.8177832536078097,0.0,2.1365,2.0231,4.1417,4.1853,0.7595,13.150099999999998
20260703,30.0,2,13,projection_energy_gate,-68.7058197344416,1.0,1,0,0.4081764281739443,0.8177832536078097,0.0,2.0295,2.0654,0.0,4.1304,0.1648,8.3123
20260703,30.0,2,13,stage1_projection_energy_gate,-68.7058197344416,1.0,1,0,0.4081764281739443,0.8177832536078097,0.0,2.0577,2.0995,0.0,4.3043,0.1434,8.5478
20260703,30.0,2,13,axiswise_candan_joint_ls,-68.7058197344416,1.0,1,0,nan,0.8177832536078097,0.0,2.1411,1.8802,0.0,4.2847,0.0,8.306000000000001
20260703,30.0,2,14,projection_energy_gate,-68.72681131934522,1.0,1,0,0.1315770244760558,0.8696325723665042,0.0,2.0868,1.8398,0.0,4.2349,0.0988,8.102900000000002
20260703,30.0,2,14,stage1_projection_energy_gate,-68.72681131934522,1.0,1,0,0.1315770244760558,0.8696325723665042,0.0,2.1214,1.9168,0.0,4.234,0.1178,8.3747
20260703,30.0,2,14,axiswise_candan_joint_ls,-68.72681131934522,1.0,1,0,nan,0.8696325723665042,0.0,2.2071,2.1617,0.0,4.6624,0.0,9.1532
20260703,30.0,2,14,legacy_explicit_residual_gate,-68.72681131934522,1.0,1,0,nan,0.8696325723665042,0.0,2.1057,2.155,4.5147,4.424,0.8712,13.815500000000002
20260703,30.0,2,15,stage1_projection_energy_gate,-63.36934726848917,1.0,1,0,0.39211796227660745,0.8194378221187183,0.0,2.1777,2.0575,0.0,4.5026,0.1568,8.9037
20260703,30.0,2,15,axiswise_candan_joint_ls,-63.36934726848917,1.0,1,0,nan,0.8194378221187183,0.0,2.0246,1.8503,0.0,4.1954,0.0,8.071000000000002
20260703,30.0,2,15,legacy_explicit_residual_gate,-63.36934726848917,1.0,1,0,nan,0.8194378221187183,0.0,2.093,1.9095,4.1978,4.4265,0.9474,13.401100000000001
20260703,30.0,2,15,projection_energy_gate,-63.36934726848917,1.0,1,0,0.39211796227660745,0.8194378221187183,0.0,1.9153,1.8636,0.0,4.1951,0.1061,8.0419
20260703,30.0,2,16,axiswise_candan_joint_ls,-12.464081449371305,0.5,1,0,nan,0.823962251342031,0.16666666666666666,2.07,1.838,0.0,4.7462,0.0,8.5153
20260703,30.0,2,16,legacy_explicit_residual_gate,-12.464081449371305,0.5,1,0,nan,0.823962251342031,0.16666666666666666,2.2265,2.0869,4.0361,3.8128,0.766,12.940299999999999
20260703,30.0,2,16,projection_energy_gate,-12.464081449371305,0.5,1,0,0.1839625468416407,0.823962251342031,0.16666666666666666,2.2649,1.9077,0.0,4.2708,0.1233,8.7939
20260703,30.0,2,16,stage1_projection_energy_gate,-12.464081449371305,0.5,1,0,0.1839625468416407,0.823962251342031,0.16666666666666666,2.1925,1.9969,0.0,4.5867,0.1872,8.9124
20260703,30.0,2,17,legacy_explicit_residual_gate,-70.79590041153295,1.0,1,0,nan,0.8553034434541724,0.0,2.0356,1.9691,4.046,4.615,0.8141,13.3791
20260703,30.0,2,17,projection_energy_gate,-70.79590041153295,1.0,1,0,0.29019789205906577,0.8553034434541724,0.0,2.0096,2.0041,0.0,4.1165,0.1303,8.3702
20260703,30.0,2,17,stage1_projection_energy_gate,-70.79590041153295,1.0,1,0,0.29019789205906577,0.8553034434541724,0.0,2.0144,1.9966,0.0,4.3793,0.1913,8.5078
20260703,30.0,2,17,axiswise_candan_joint_ls,-70.79590041153295,1.0,1,0,nan,0.8553034434541724,0.0,2.0653,1.8851,0.0,4.185,0.0,8.197500000000002
20260703,30.0,2,18,projection_energy_gate,-7.787927033348138,0.5,1,0,0.15011935272772794,0.8145553798001712,0.16666666666666666,1.9512,1.9975,0.0,4.0468,0.1032,8.2598
20260703,30.0,2,18,stage1_projection_energy_gate,-7.787927033348138,0.5,1,0,0.15011935272772794,0.8145553798001712,0.16666666666666666,1.9428,1.9558,0.0,4.17,0.1168,8.2471
20260703,30.0,2,18,axiswise_candan_joint_ls,-7.787927033348138,0.5,1,0,nan,0.8145553798001712,0.16666666666666666,2.0427,1.9984,0.0,4.1462,0.0,8.146899999999999
20260703,30.0,2,18,legacy_explicit_residual_gate,-7.787927033348138,0.5,1,0,nan,0.8145553798001712,0.16666666666666666,2.1163,1.9538,4.3201,4.3833,0.8272,13.519900000000002
20260703,30.0,2,19,stage1_projection_energy_gate,-70.98562597859569,1.0,1,0,0.4040334422628479,0.8188272755686219,0.0,1.9425,1.9096,0.0,4.0323,0.101,7.9946
20260703,30.0,2,19,axiswise_candan_joint_ls,-70.98562597859569,1.0,1,0,nan,0.8188272755686219,0.0,2.0052,2.0039,0.0,4.0469,0.0,8.113299999999999
20260703,30.0,2,19,legacy_explicit_residual_gate,-70.98562597859569,1.0,1,0,nan,0.8188272755686219,0.0,2.0328,1.8642,4.2523,4.0211,0.8,12.946000000000002
20260703,30.0,2,19,projection_energy_gate,-70.98562597859569,1.0,1,0,0.4040334422628479,0.8188272755686219,0.0,1.9456,1.9111,0.0,4.0797,0.103,8.1009
20260703,30.0,4,0,axiswise_candan_joint_ls,-17.512438699972,0.75,1,0,nan,0.8164040956316858,0.08333333333333333,2.2256,2.1352,0.0,7.9984,0.0,12.8796
20260703,30.0,4,0,legacy_explicit_residual_gate,-17.512438699972,0.75,1,0,nan,0.8164040956316858,0.08333333333333333,2.2566,2.1988,7.6088,8.1476,0.9155,21.839100000000002
20260703,30.0,4,0,projection_energy_gate,-17.512438699972,0.75,1,0,0.30514819688979206,0.8164040956316858,0.08333333333333333,2.1293,1.9656,0.0,8.2732,0.1767,12.687899999999999
20260703,30.0,4,0,stage1_projection_energy_gate,-17.512438699972,0.75,1,0,0.30514819688979206,0.8164040956316858,0.08333333333333333,2.2908,2.1197,0.0,7.4995,0.1792,12.3852
20260703,30.0,4,1,legacy_explicit_residual_gate,-68.24087018954644,1.0,1,0,nan,0.8233969548053593,0.0,2.4421,2.2655,8.3491,8.3704,1.0533,22.8857
20260703,30.0,4,1,projection_energy_gate,-68.24087018954644,1.0,1,0,0.32459031629979196,0.8233969548053593,0.0,2.3077,2.3337,0.0,7.9804,0.1435,12.7615
20260703,30.0,4,1,stage1_projection_energy_gate,-68.24087018954644,1.0,1,0,0.32459031629979196,0.8233969548053593,0.0,2.1225,2.3041,0.0,8.0671,0.1923,12.8733
20260703,30.0,4,1,axiswise_candan_joint_ls,-68.24087018954644,1.0,1,0,nan,0.8233969548053593,0.0,1.9903,2.0505,0.0,8.0862,0.0,12.0938
20260703,30.0,4,2,projection_energy_gate,-10.006498356328597,0.75,1,0,0.28074369380381153,0.8195344137691091,0.08333333333333333,2.3218,2.1955,0.0,11.5117,0.1561,16.259800000000002
20260703,30.0,4,2,stage1_projection_energy_gate,-10.006498356328597,0.75,1,0,0.28074369380381153,0.8195344137691091,0.08333333333333333,2.1975,2.1396,0.0,8.9245,0.1845,13.4272
20260703,30.0,4,2,axiswise_candan_joint_ls,-10.006498356328597,0.75,1,0,nan,0.8195344137691091,0.08333333333333333,2.2119,2.1107,0.0,8.1073,0.0,12.4619
20260703,30.0,4,2,legacy_explicit_residual_gate,-10.006498356328597,0.75,1,0,nan,0.8195344137691091,0.08333333333333333,2.1836,2.0268,7.947,7.7307,0.7804,20.668499999999998
20260703,30.0,4,3,stage1_projection_energy_gate,-63.09418384264131,1.0,1,0,0.5313959182097021,0.8147903084498979,0.0,2.259,2.231,0.0,8.1369,0.1483,12.814800000000002
20260703,30.0,4,3,axiswise_candan_joint_ls,-63.09418384264131,1.0,1,0,nan,0.8147903084498979,0.0,2.1614,2.0852,0.0,8.317,0.0,12.4678
20260703,30.0,4,3,legacy_explicit_residual_gate,-63.09418384264131,1.0,1,0,nan,0.8147903084498979,0.0,2.3829,2.2168,8.3875,8.3383,1.0846,22.4276
20260703,30.0,4,3,projection_energy_gate,-63.09418384264131,1.0,1,0,0.5313959182097021,0.8147903084498979,0.0,2.4615,2.2294,0.0,8.7709,0.1763,13.5847
20260703,30.0,4,4,axiswise_candan_joint_ls,-20.293999737009667,0.75,1,0,nan,0.8146199627331291,0.08333333333333333,2.8206,2.624,0.0,9.0499,0.0,14.2564
20260703,30.0,4,4,legacy_explicit_residual_gate,-20.293999737009667,0.75,1,0,nan,0.8146199627331291,0.08333333333333333,2.5198,2.2496,8.4593,8.2371,1.1113,22.9064
20260703,30.0,4,4,projection_energy_gate,-20.293999737009667,0.75,1,0,0.2534952177075541,0.8146199627331291,0.08333333333333333,2.5394,2.4944,0.0,8.2307,0.118,13.2209
20260703,30.0,4,4,stage1_projection_energy_gate,-20.293999737009667,0.75,1,0,0.2534952177075541,0.8146199627331291,0.08333333333333333,2.1581,2.1848,0.0,8.7935,0.1496,13.1089
20260703,30.0,4,5,legacy_explicit_residual_gate,-62.79228639530636,1.0,1,0,nan,0.8135403600436065,0.0,2.5763,2.3058,8.4004,8.8196,0.8749,22.3965
20260703,30.0,4,5,projection_energy_gate,-62.79228639530636,1.0,1,0,0.25576522888035186,0.8135403600436065,0.0,2.1144,2.0886,0.0,8.358,0.1582,12.681899999999999
20260703,30.0,4,5,stage1_projection_energy_gate,-62.79228639530636,1.0,1,0,0.25576522888035186,0.8135403600436065,0.0,2.3455,2.244,0.0,8.0904,0.1493,13.398
20260703,30.0,4,5,axiswise_candan_joint_ls,-62.79228639530636,1.0,1,0,nan,0.8135403600436065,0.0,2.1631,2.1916,0.0,8.2405,0.0,12.595200000000002
20260703,30.0,4,6,projection_energy_gate,-64.66980265004742,1.0,1,0,0.3813106552986359,0.8266316998694793,0.0,2.4422,2.2914,0.0,8.711,0.2225,13.684499999999998
20260703,30.0,4,6,stage1_projection_energy_gate,-64.66980265004742,1.0,1,0,0.3813106552986359,0.8266316998694793,0.0,2.3195,2.3261,0.0,9.0896,0.147,13.849300000000001
20260703,30.0,4,6,axiswise_candan_joint_ls,-64.66980265004742,1.0,1,0,nan,0.8266316998694793,0.0,2.3897,2.1441,0.0,8.4596,0.0,13.1846
20260703,30.0,4,6,legacy_explicit_residual_gate,-64.66980265004742,1.0,1,0,nan,0.8266316998694793,0.0,2.1561,1.9867,7.9728,8.3749,0.9056,21.410899999999998
20260703,30.0,4,7,stage1_projection_energy_gate,-9.646321441896966,0.75,1,0,0.17382836937880855,0.8189854503528129,0.08333333333333333,2.3642,2.3846,0.0,8.8865,0.1785,13.592899999999998
20260703,30.0,4,7,axiswise_candan_joint_ls,-9.646321441896966,0.75,1,0,nan,0.8189854503528129,0.08333333333333333,2.3939,2.248,0.0,9.9194,0.0,14.5613
20260703,30.0,4,7,legacy_explicit_residual_gate,-9.646321441896966,0.75,1,0,nan,0.8189854503528129,0.08333333333333333,2.3477,2.0576,7.6627,7.5713,0.7748,20.9971
20260703,30.0,4,7,projection_energy_gate,-9.646321441896966,0.75,1,0,0.17382836937880855,0.8189854503528129,0.08333333333333333,1.9177,1.8933,0.0,7.3971,0.1177,11.4106
20260703,30.0,4,8,axiswise_candan_joint_ls,-12.784776248268106,0.75,1,0,nan,0.8202286901469044,0.08333333333333333,1.8948,1.9358,0.0,7.9552,0.0,11.9327
20260703,30.0,4,8,legacy_explicit_residual_gate,-12.784776248268106,0.75,1,0,nan,0.8202286901469044,0.08333333333333333,2.117,1.9475,7.9701,7.8379,0.8664,20.597900000000003
20260703,30.0,4,8,projection_energy_gate,-12.784776248268106,0.75,1,0,0.17171972026082843,0.8202286901469044,0.08333333333333333,2.1666,2.1523,0.0,8.4592,0.1851,13.100399999999999
20260703,30.0,4,8,stage1_projection_energy_gate,-12.784776248268106,0.75,1,0,0.17171972026082843,0.8202286901469044,0.08333333333333333,2.2345,2.0005,0.0,8.0937,0.1881,12.4277
20260703,30.0,4,9,legacy_explicit_residual_gate,-64.38850171831552,1.0,1,0,nan,0.818886874834572,0.0,2.1139,1.9167,7.9142,7.7502,0.7738,20.5811
20260703,30.0,4,9,projection_energy_gate,-64.38850171831552,1.0,1,0,0.3365177500763392,0.818886874834572,0.0,1.984,1.897,0.0,8.0661,0.172,12.1773
20260703,30.0,4,9,stage1_projection_energy_gate,-64.38850171831552,1.0,1,0,0.3365177500763392,0.818886874834572,0.0,2.1964,1.92,0.0,7.7954,0.1534,11.863900000000001
20260703,30.0,4,9,axiswise_candan_joint_ls,-64.38850171831552,1.0,1,0,nan,0.818886874834572,0.0,2.1068,2.0698,0.0,8.5347,0.0,12.7531
20260703,30.0,4,10,projection_energy_gate,-13.208627158943788,0.25,1,0,0.11428631385727654,0.8248194222720401,0.08333333333333333,2.1003,1.95,0.0,7.7279,0.1714,11.9258
20260703,30.0,4,10,stage1_projection_energy_gate,-13.208627158943788,0.25,1,0,0.11428631385727654,0.8248194222720401,0.08333333333333333,2.0278,1.9419,0.0,8.6888,0.1838,12.8216
20260703,30.0,4,10,axiswise_candan_joint_ls,-13.208627158943788,0.25,1,0,nan,0.8248194222720401,0.08333333333333333,2.0538,2.282,0.0,7.7629,0.0,11.982
20260703,30.0,4,10,legacy_explicit_residual_gate,-13.208627158943788,0.25,1,0,nan,0.8248194222720401,0.08333333333333333,2.1142,2.0614,7.6639,7.8031,0.7919,20.6097
20260703,30.0,4,11,stage1_projection_energy_gate,-62.778661249224626,1.0,1,0,0.1872952128606565,0.8177730874142798,0.0,2.0065,2.0828,0.0,8.6026,0.143,12.929400000000001
20260703,30.0,4,11,axiswise_candan_joint_ls,-62.778661249224626,1.0,1,0,nan,0.8177730874142798,0.0,2.0336,1.9767,0.0,7.5312,0.0,11.5415
20260703,30.0,4,11,legacy_explicit_residual_gate,-62.778661249224626,1.0,1,0,nan,0.8177730874142798,0.0,2.067,1.9125,7.4912,7.9003,0.7742,20.023899999999998
20260703,30.0,4,11,projection_energy_gate,-62.778661249224626,1.0,1,0,0.1872952128606565,0.8177730874142798,0.0,2.2608,2.3243,0.0,8.1445,0.1614,12.6141
20260703,30.0,4,12,axiswise_candan_joint_ls,-64.6544823005145,1.0,1,0,nan,0.8157622309518776,0.0,2.0137,1.954,0.0,8.1551,0.0,12.2074
20260703,30.0,4,12,legacy_explicit_residual_gate,-64.6544823005145,1.0,1,0,nan,0.8157622309518776,0.0,2.2485,2.0923,7.9824,7.6378,0.917,20.769
20260703,30.0,4,12,projection_energy_gate,-64.6544823005145,1.0,1,0,0.3160890530107874,0.8157622309518776,0.0,2.14,2.095,0.0,7.9382,0.17,12.5527
20260703,30.0,4,12,stage1_projection_energy_gate,-64.6544823005145,1.0,1,0,0.3160890530107874,0.8157622309518776,0.0,2.012,1.9039,0.0,7.8409,0.163,11.898100000000001
20260703,30.0,4,13,legacy_explicit_residual_gate,-13.996373018085402,0.5,1,0,nan,0.8176810876621002,0.16666666666666666,2.0848,1.9045,7.7755,7.7872,0.6971,21.2543
20260703,30.0,4,13,projection_energy_gate,-13.996373018085402,0.5,1,0,0.23211227326532743,0.8176810876621002,0.16666666666666666,1.9907,2.0102,0.0,7.892,0.1756,12.015699999999999
20260703,30.0,4,13,stage1_projection_energy_gate,-13.996373018085402,0.5,1,0,0.23211227326532743,0.8176810876621002,0.16666666666666666,2.2002,2.0144,0.0,7.7666,0.1659,12.7227
20260703,30.0,4,13,axiswise_candan_joint_ls,-13.996373018085402,0.5,1,0,nan,0.8176810876621002,0.16666666666666666,2.3423,2.1792,0.0,7.8463,0.0,12.3178
20260703,30.0,4,14,projection_energy_gate,-59.86366538975474,1.0,1,0,0.1755839249178476,0.8151134745080357,0.0,2.1768,2.0136,0.0,8.0955,0.1917,12.29
20260703,30.0,4,14,stage1_projection_energy_gate,-59.86366538975474,1.0,1,0,0.1755839249178476,0.8151134745080357,0.0,2.0649,2.0551,0.0,7.9876,0.1402,12.6193
20260703,30.0,4,14,axiswise_candan_joint_ls,-59.86366538975474,1.0,1,0,nan,0.8151134745080357,0.0,2.0322,1.9804,0.0,7.6627,0.0,11.6358
20260703,30.0,4,14,legacy_explicit_residual_gate,-59.86366538975474,1.0,1,0,nan,0.8151134745080357,0.0,2.0625,1.9622,7.4423,7.4934,0.9121,19.9257
20260703,30.0,4,15,stage1_projection_energy_gate,-20.93737281427368,0.75,1,0,0.2934329626155535,0.8291336126178678,0.08333333333333333,2.0152,2.0294,0.0,8.3124,0.14,12.497
20260703,30.0,4,15,axiswise_candan_joint_ls,-20.93737281427368,0.75,1,0,nan,0.8291336126178678,0.08333333333333333,2.0284,2.0067,0.0,8.4064,0.0,12.6731
20260703,30.0,4,15,legacy_explicit_residual_gate,-20.93737281427368,0.75,1,0,nan,0.8291336126178678,0.08333333333333333,2.0837,1.8841,7.764,7.652,0.8299,20.639100000000003
20260703,30.0,4,15,projection_energy_gate,-20.93737281427368,0.75,1,0,0.2934329626155535,0.8291336126178678,0.08333333333333333,2.2957,2.2016,0.0,7.9328,0.1839,12.7899
20260703,30.0,4,16,axiswise_candan_joint_ls,-18.775065948727196,0.75,1,0,nan,0.825152428285736,0.08333333333333333,2.1904,2.1368,0.0,7.8729,0.0,12.2104
20260703,30.0,4,16,legacy_explicit_residual_gate,-18.775065948727196,0.75,1,0,nan,0.825152428285736,0.08333333333333333,1.9605,1.9749,7.8646,8.0645,0.8115,20.3034
20260703,30.0,4,16,projection_energy_gate,-18.775065948727196,0.75,1,0,0.14989443128444316,0.825152428285736,0.08333333333333333,2.2468,2.1605,0.0,7.8762,0.1965,12.798499999999999
20260703,30.0,4,16,stage1_projection_energy_gate,-18.775065948727196,0.75,1,0,0.14989443128444316,0.825152428285736,0.08333333333333333,2.0082,1.9767,0.0,7.7541,0.1437,11.8826
20260703,30.0,4,17,legacy_explicit_residual_gate,-24.48752306510692,0.25,1,0,nan,0.8198992138513568,0.08333333333333333,2.1319,1.9789,7.7182,7.5134,0.7559,20.0776
20260703,30.0,4,17,projection_energy_gate,-24.48752306510692,0.25,1,0,0.20934656370437948,0.8198992138513568,0.08333333333333333,2.0125,2.0458,0.0,7.8376,0.128,11.8978
20260703,30.0,4,17,stage1_projection_energy_gate,-24.48752306510692,0.25,1,0,0.20934656370437948,0.8198992138513568,0.08333333333333333,2.135,1.9952,0.0,8.5787,0.1415,12.9206
20260703,30.0,4,17,axiswise_candan_joint_ls,-24.48752306510692,0.25,1,0,nan,0.8198992138513568,0.08333333333333333,2.2962,2.1054,0.0,7.6426,0.0,12.0932
20260703,30.0,4,18,projection_energy_gate,-14.92790430335701,0.75,1,0,0.20199032337192505,0.817732007611613,0.08333333333333333,2.2633,2.1418,0.0,7.6959,0.1473,12.333699999999999
20260703,30.0,4,18,stage1_projection_energy_gate,-14.92790430335701,0.75,1,0,0.20199032337192505,0.817732007611613,0.08333333333333333,2.0648,2.1228,0.0,7.5598,0.1731,12.2357
20260703,30.0,4,18,axiswise_candan_joint_ls,-14.92790430335701,0.75,1,0,nan,0.817732007611613,0.08333333333333333,2.0958,1.9165,0.0,7.9529,0.0,11.9652
20260703,30.0,4,18,legacy_explicit_residual_gate,-14.92790430335701,0.75,1,0,nan,0.817732007611613,0.08333333333333333,2.2416,2.0667,7.8756,7.7942,0.8512,20.7729
20260703,30.0,4,19,stage1_projection_energy_gate,-11.07913024211079,0.75,1,0,0.13007177377203785,0.8315309577155635,0.08333333333333333,2.1277,2.1476,0.0,7.7714,0.1566,12.1593
20260703,30.0,4,19,axiswise_candan_joint_ls,-11.07913024211079,0.75,1,0,nan,0.8315309577155635,0.08333333333333333,2.3478,2.2447,0.0,8.2717,0.0,12.5931
20260703,30.0,4,19,legacy_explicit_residual_gate,-11.07913024211079,0.75,1,0,nan,0.8315309577155635,0.08333333333333333,2.2439,2.2726,8.5695,19.4006,0.8854,32.740700000000004
20260703,30.0,4,19,projection_energy_gate,-11.07913024211079,0.75,1,0,0.13007177377203785,0.8315309577155635,0.08333333333333333,2.0619,2.0327,0.0,7.655,0.141,12.0097
20260703,30.0,8,0,axiswise_candan_joint_ls,-15.183715071650582,0.375,1,0,nan,0.38072330992563885,0.125,2.0698,2.0821,0.0,16.8025,0.0,21.1225
20260703,30.0,8,0,legacy_explicit_residual_gate,-15.183715071650582,0.375,1,0,nan,0.38072330992563885,0.125,2.0401,2.0639,17.796,17.5797,0.8526,40.3323
20260703,30.0,8,0,projection_energy_gate,-15.183715071650582,0.375,1,0,0.2425920788762922,0.38072330992563885,0.125,2.3599,2.204,0.0,17.9243,0.1649,22.650899999999996
20260703,30.0,8,0,stage1_projection_energy_gate,-15.183715071650582,0.375,1,0,0.2425920788762922,0.38072330992563885,0.125,2.0565,2.0823,0.0,17.9346,0.1386,22.4695
20260703,30.0,8,1,legacy_explicit_residual_gate,-15.463748655791017,0.75,1,0,nan,0.8172678742161233,0.041666666666666664,2.104,2.0504,17.3977,19.1597,0.8565,41.3712
20260703,30.0,8,1,projection_energy_gate,-15.463748655791017,0.75,1,0,0.21441960369092858,0.8172678742161233,0.041666666666666664,2.1451,2.0169,0.0,17.3602,0.1413,21.5028
20260703,30.0,8,1,stage1_projection_energy_gate,-15.463748655791017,0.75,1,0,0.21441960369092858,0.8172678742161233,0.041666666666666664,1.9703,2.2004,0.0,18.1537,0.1881,22.424200000000003
20260703,30.0,8,1,axiswise_candan_joint_ls,-15.463748655791017,0.75,1,0,nan,0.8172678742161233,0.041666666666666664,2.1193,2.4308,0.0,19.781,0.0,24.3902
20260703,30.0,8,2,projection_energy_gate,-15.957690117139062,0.75,1,0,0.33278031198781316,0.8212121410605079,0.08333333333333333,2.1316,2.1835,0.0,18.5169,0.1356,22.974500000000003
20260703,30.0,8,2,stage1_projection_energy_gate,-15.957690117139062,0.75,1,0,0.33278031198781316,0.8212121410605079,0.08333333333333333,2.0864,2.1743,0.0,18.1288,0.1493,22.6026
20260703,30.0,8,2,axiswise_candan_joint_ls,-15.957690117139062,0.75,1,0,nan,0.8212121410605079,0.08333333333333333,2.0295,2.125,0.0,23.2386,0.0,27.347
20260703,30.0,8,2,legacy_explicit_residual_gate,-15.957690117139062,0.75,1,0,nan,0.8212121410605079,0.08333333333333333,2.1095,2.1518,17.6035,17.0589,0.8131,40.25299999999999
20260703,30.0,8,3,stage1_projection_energy_gate,-23.286748906383806,0.75,1,0,0.33125136067705735,0.8185009345968448,0.041666666666666664,2.0655,2.127,0.0,18.794,0.1969,23.150000000000002
20260703,30.0,8,3,axiswise_candan_joint_ls,-23.286748906383806,0.75,1,0,nan,0.8185009345968448,0.041666666666666664,1.9861,2.1916,0.0,17.1462,0.0,21.9366
20260703,30.0,8,3,legacy_explicit_residual_gate,-23.286748906383806,0.75,1,0,nan,0.8185009345968448,0.041666666666666664,2.2274,2.2026,19.1745,17.8618,1.0159,42.2599
20260703,30.0,8,3,projection_energy_gate,-23.286748906383806,0.75,1,0,0.33125136067705735,0.8185009345968448,0.041666666666666664,1.9917,2.0482,0.0,17.9166,0.1304,21.8764
20260703,30.0,8,4,axiswise_candan_joint_ls,-14.637583042419378,0.75,1,0,nan,0.8135187696748368,0.08333333333333333,2.4857,2.3318,0.0,19.2409,0.0,24.0606
20260703,30.0,8,4,legacy_explicit_residual_gate,-14.637583042419378,0.75,1,0,nan,0.8135187696748368,0.08333333333333333,2.1748,2.2245,18.3222,17.5429,0.8114,40.9759
20260703,30.0,8,4,projection_energy_gate,-14.637583042419378,0.75,1,0,0.26346636216284874,0.8135187696748368,0.08333333333333333,2.1348,2.1934,0.0,17.8574,0.196,22.355700000000002
20260703,30.0,8,4,stage1_projection_energy_gate,-14.637583042419378,0.75,1,0,0.26346636216284874,0.8135187696748368,0.08333333333333333,2.3191,2.2284,0.0,18.4436,0.1853,23.1614
20260703,30.0,8,5,legacy_explicit_residual_gate,-12.902810641680409,0.75,1,0,nan,0.8207329662012701,0.08333333333333333,2.5157,2.3308,18.4189,18.6291,1.1943,42.5711
20260703,30.0,8,5,projection_energy_gate,-12.902810641680409,0.75,1,0,0.2782130043158907,0.8207329662012701,0.08333333333333333,2.088,2.2163,0.0,18.7031,0.1546,23.4297
20260703,30.0,8,5,stage1_projection_energy_gate,-12.902810641680409,0.75,1,0,0.2782130043158907,0.8207329662012701,0.08333333333333333,2.0581,2.167,0.0,18.1294,0.1574,22.703000000000003
20260703,30.0,8,5,axiswise_candan_joint_ls,-12.902810641680409,0.75,1,0,nan,0.8207329662012701,0.08333333333333333,2.0012,2.2138,0.0,16.9103,0.0,21.298499999999997
20260703,30.0,8,6,projection_energy_gate,-15.685798503416489,0.5,1,0,0.20397009153228882,0.8173618433402295,0.08333333333333333,2.0296,2.2001,0.0,17.4125,0.1453,21.8906
20260703,30.0,8,6,stage1_projection_energy_gate,-15.685798503416489,0.5,1,0,0.20397009153228882,0.8173618433402295,0.08333333333333333,2.2219,2.1537,0.0,17.4503,0.1759,21.811899999999998
20260703,30.0,8,6,axiswise_candan_joint_ls,-15.685798503416489,0.5,1,0,nan,0.8173618433402295,0.08333333333333333,2.0481,2.1999,0.0,17.7366,0.0,22.0649
20260703,30.0,8,6,legacy_explicit_residual_gate,-15.685798503416489,0.5,1,0,nan,0.8173618433402295,0.08333333333333333,2.4586,2.0748,18.1763,17.7795,0.8769,41.0071
20260703,30.0,8,7,stage1_projection_energy_gate,-13.04550497236625,0.75,1,0,0.3613190398381789,0.8139469560516297,0.08333333333333333,2.2888,2.3571,0.0,18.5073,0.2087,23.2196
20260703,30.0,8,7,axiswise_candan_joint_ls,-13.04550497236625,0.75,1,0,nan,0.8139469560516297,0.08333333333333333,2.302,2.4491,0.0,19.2445,0.0,23.4173
20260703,30.0,8,7,legacy_explicit_residual_gate,-13.04550497236625,0.75,1,0,nan,0.8139469560516297,0.08333333333333333,2.3771,2.2694,19.2479,18.069,0.8928,43.4247
20260703,30.0,8,7,projection_energy_gate,-13.04550497236625,0.75,1,0,0.3613190398381789,0.8139469560516297,0.08333333333333333,2.2756,2.0821,0.0,17.6381,0.1535,22.208000000000002
20260703,30.0,8,8,axiswise_candan_joint_ls,-18.60408321683622,0.875,1,0,nan,0.8151748426974662,0.041666666666666664,2.1083,2.2676,0.0,18.2176,0.0,22.581400000000002
20260703,30.0,8,8,legacy_explicit_residual_gate,-18.60408321683622,0.875,1,0,nan,0.8151748426974662,0.041666666666666664,2.0696,2.1271,17.7164,18.2426,1.1285,41.5378
20260703,30.0,8,8,projection_energy_gate,-18.60408321683622,0.875,1,0,0.3008931820245317,0.8151748426974662,0.041666666666666664,2.2634,2.3834,0.0,18.5306,0.1696,23.346799999999998
20260703,30.0,8,8,stage1_projection_energy_gate,-18.60408321683622,0.875,1,0,0.3008931820245317,0.8151748426974662,0.041666666666666664,2.0322,2.3858,0.0,17.1383,0.2122,21.8223
20260703,30.0,8,9,legacy_explicit_residual_gate,-20.667300181500522,0.75,1,0,nan,0.8127454220161799,0.08333333333333333,2.1671,2.1219,17.8978,17.9975,1.124,41.4681
20260703,30.0,8,9,projection_energy_gate,-20.667300181500522,0.75,1,0,0.28990536729488087,0.8127454220161799,0.08333333333333333,2.0871,2.2537,0.0,17.6235,0.1651,22.4991
20260703,30.0,8,9,stage1_projection_energy_gate,-20.667300181500522,0.75,1,0,0.28990536729488087,0.8127454220161799,0.08333333333333333,2.1624,2.2429,0.0,17.6679,0.169,22.272000000000002
20260703,30.0,8,9,axiswise_candan_joint_ls,-20.667300181500522,0.75,1,0,nan,0.8127454220161799,0.08333333333333333,2.1473,2.2462,0.0,18.1572,0.0,22.4876
20260703,30.0,8,10,projection_energy_gate,-13.89776355483298,0.5,1,0,0.24816995204313727,0.8125952516338698,0.125,1.9437,2.1827,0.0,15.5867,0.1448,19.7144
20260703,30.0,8,10,stage1_projection_energy_gate,-13.89776355483298,0.5,1,0,0.24816995204313727,0.8125952516338698,0.125,2.0685,2.1474,0.0,16.7163,0.1672,21.5468
20260703,30.0,8,10,axiswise_candan_joint_ls,-13.89776355483298,0.5,1,0,nan,0.8125952516338698,0.125,2.1479,2.0928,0.0,16.6606,0.0,20.793
20260703,30.0,8,10,legacy_explicit_residual_gate,-13.89776355483298,0.5,1,0,nan,0.8125952516338698,0.125,2.093,2.1945,15.6795,17.4949,0.8661,38.1777
20260703,30.0,8,11,stage1_projection_energy_gate,-56.92114948687808,1.0,1,0,0.27717667042236915,0.8146417588848036,0.0,2.0652,2.0712,0.0,16.0653,0.1443,20.337100000000003
20260703,30.0,8,11,axiswise_candan_joint_ls,-56.92114948687808,1.0,1,0,nan,0.8146417588848036,0.0,2.0689,2.0643,0.0,16.6174,0.0,20.8804
20260703,30.0,8,11,legacy_explicit_residual_gate,-56.92114948687808,1.0,1,0,nan,0.8146417588848036,0.0,1.997,2.2059,17.2164,16.6847,0.9785,38.8616
20260703,30.0,8,11,projection_energy_gate,-56.92114948687808,1.0,1,0,0.27717667042236915,0.8146417588848036,0.0,1.9652,2.0015,0.0,15.9808,0.1518,20.7617
20260703,30.0,8,12,axiswise_candan_joint_ls,-13.549855088489078,0.625,1,0,nan,0.8166413403067485,0.125,2.1398,2.0766,0.0,16.4838,0.0,20.459899999999998
20260703,30.0,8,12,legacy_explicit_residual_gate,-13.549855088489078,0.625,1,0,nan,0.8166413403067485,0.125,2.288,2.0876,16.927,16.963,0.8,39.2418
20260703,30.0,8,12,projection_energy_gate,-13.549855088489078,0.625,1,0,0.2747133244832029,0.8166413403067485,0.125,2.0607,2.1447,0.0,16.7209,0.1847,20.9734
20260703,30.0,8,12,stage1_projection_energy_gate,-13.549855088489078,0.625,1,0,0.2747133244832029,0.8166413403067485,0.125,1.9731,1.9973,0.0,16.5134,0.1654,20.929000000000002
20260703,30.0,8,13,legacy_explicit_residual_gate,-17.089630761713508,0.625,1,0,nan,0.8175709635990993,0.125,2.177,2.0438,17.7091,16.1847,0.8402,38.87310000000001
20260703,30.0,8,13,projection_energy_gate,-17.089630761713508,0.625,1,0,0.3047845456144868,0.8175709635990993,0.125,1.9168,2.2142,0.0,16.2481,0.1788,20.600400000000004
20260703,30.0,8,13,stage1_projection_energy_gate,-17.089630761713508,0.625,1,0,0.3047845456144868,0.8175709635990993,0.125,1.9384,1.9837,0.0,16.3033,0.1301,20.7228
20260703,30.0,8,13,axiswise_candan_joint_ls,-17.089630761713508,0.625,1,0,nan,0.8175709635990993,0.125,1.9103,1.9317,0.0,16.3279,0.0,20.1699
20260703,30.0,8,14,projection_energy_gate,-15.088607040491183,0.625,1,0,0.38435089148904267,0.8193389485949953,0.041666666666666664,2.2707,2.1435,0.0,21.2538,0.2318,26.0
20260703,30.0,8,14,stage1_projection_energy_gate,-15.088607040491183,0.625,1,0,0.38435089148904267,0.8193389485949953,0.041666666666666664,2.1341,2.1918,0.0,17.3246,0.2054,21.8936
20260703,30.0,8,14,axiswise_candan_joint_ls,-15.088607040491183,0.625,1,0,nan,0.8193389485949953,0.041666666666666664,2.3018,2.1517,0.0,17.1588,0.0,21.5233
20260703,30.0,8,14,legacy_explicit_residual_gate,-15.088607040491183,0.625,1,0,nan,0.8193389485949953,0.041666666666666664,2.106,2.065,16.6161,16.815,0.6977,38.3956
20260703,30.0,8,15,stage1_projection_energy_gate,-17.055893510695853,0.875,1,0,0.2102832904346502,0.8305266773563027,0.041666666666666664,1.9711,2.0473,0.0,16.8973,0.2055,21.1762
20260703,30.0,8,15,axiswise_candan_joint_ls,-17.055893510695853,0.875,1,0,nan,0.8305266773563027,0.041666666666666664,1.9161,2.119,0.0,16.7132,0.0,20.6582
20260703,30.0,8,15,legacy_explicit_residual_gate,-17.055893510695853,0.875,1,0,nan,0.8305266773563027,0.041666666666666664,2.2218,2.2799,16.6443,17.6267,0.8878,39.16
20260703,30.0,8,15,projection_energy_gate,-17.055893510695853,0.875,1,0,0.2102832904346502,0.8305266773563027,0.041666666666666664,2.0622,2.009,0.0,16.1918,0.1405,20.582800000000002
20260703,30.0,8,16,axiswise_candan_joint_ls,-14.712393902747419,0.625,1,0,nan,0.8151835469367164,0.125,1.9618,2.1081,0.0,17.7193,0.0,21.8848
20260703,30.0,8,16,legacy_explicit_residual_gate,-14.712393902747419,0.625,1,0,nan,0.8151835469367164,0.125,2.0707,2.0649,17.1959,16.5591,0.9133,38.7945
20260703,30.0,8,16,projection_energy_gate,-14.712393902747419,0.625,1,0,0.18881851932964616,0.8151835469367164,0.125,2.146,1.9829,0.0,16.0967,0.1868,20.2651
20260703,30.0,8,16,stage1_projection_energy_gate,-14.712393902747419,0.625,1,0,0.18881851932964616,0.8151835469367164,0.125,2.0066,2.0839,0.0,16.6719,0.1328,20.8364
20260703,30.0,8,17,legacy_explicit_residual_gate,-18.196517142527554,0.875,1,0,nan,0.8144854298265704,0.041666666666666664,2.0162,2.0182,16.4972,15.4683,0.9066,37.2866
20260703,30.0,8,17,projection_energy_gate,-18.196517142527554,0.875,1,0,0.3363088730507737,0.8144854298265704,0.041666666666666664,1.9763,2.0634,0.0,16.1103,0.155,20.2895
20260703,30.0,8,17,stage1_projection_energy_gate,-18.196517142527554,0.875,1,0,0.3363088730507737,0.8144854298265704,0.041666666666666664,2.0229,2.0144,0.0,16.5052,0.1899,21.0644
20260703,30.0,8,17,axiswise_candan_joint_ls,-18.196517142527554,0.875,1,0,nan,0.8144854298265704,0.041666666666666664,2.1221,1.996,0.0,16.5546,0.0,20.6727
20260703,30.0,8,18,projection_energy_gate,-16.007353724222227,0.75,1,0,0.21064342400495725,0.8142319232225954,0.041666666666666664,2.0641,2.0727,0.0,16.7357,0.1832,20.932100000000002
20260703,30.0,8,18,stage1_projection_energy_gate,-16.007353724222227,0.75,1,0,0.21064342400495725,0.8142319232225954,0.041666666666666664,1.9109,2.2814,0.0,16.1298,0.1466,20.6284
20260703,30.0,8,18,axiswise_candan_joint_ls,-16.007353724222227,0.75,1,0,nan,0.8142319232225954,0.041666666666666664,2.0471,2.0872,0.0,15.7122,0.0,19.7993
20260703,30.0,8,18,legacy_explicit_residual_gate,-16.007353724222227,0.75,1,0,nan,0.8142319232225954,0.041666666666666664,2.29,2.0812,17.0243,17.554,0.9161,40.1194
20260703,30.0,8,19,stage1_projection_energy_gate,-16.272726795466507,0.5,1,0,0.16927539736477554,0.8212812850944082,0.08333333333333333,2.1443,2.4688,0.0,17.1667,0.1873,21.736800000000002
20260703,30.0,8,19,axiswise_candan_joint_ls,-16.272726795466507,0.5,1,0,nan,0.8212812850944082,0.08333333333333333,2.0647,2.3015,0.0,17.6435,0.0,22.531499999999998
20260703,30.0,8,19,legacy_explicit_residual_gate,-16.272726795466507,0.5,1,0,nan,0.8212812850944082,0.08333333333333333,2.2674,2.2969,17.9578,17.7481,0.8038,40.9381
20260703,30.0,8,19,projection_energy_gate,-16.272726795466507,0.5,1,0,0.16927539736477554,0.8212812850944082,0.08333333333333333,2.1908,2.2761,0.0,17.9258,0.1815,22.908299999999997
20260704,0.0,2,0,axiswise_candan_joint_ls,-38.67563296109738,1.0,1,0,nan,0.8193926743583044,0.0,2.2344,2.2162,0.0,4.3362,0.0,8.7868
20260704,0.0,2,0,legacy_explicit_residual_gate,-38.67563296109738,1.0,1,0,nan,0.8193926743583044,0.0,2.3083,2.0671,4.4358,4.2779,0.7413,13.7101
20260704,0.0,2,0,projection_energy_gate,-38.67563296109738,1.0,1,0,0.14809352512846224,0.8193926743583044,0.0,2.2772,2.1753,0.0,4.3202,0.1848,9.1063
20260704,0.0,2,0,stage1_projection_energy_gate,-38.67563296109738,1.0,1,0,0.14809352512846224,0.8193926743583044,0.0,2.1457,2.2418,0.0,4.6532,0.2177,9.281500000000001
20260704,0.0,2,1,legacy_explicit_residual_gate,-15.298617017594951,0.5,1,0,nan,0.8540411715004441,0.16666666666666666,2.2654,2.2419,4.4199,5.0334,0.9035,14.840900000000001
20260704,0.0,2,1,projection_energy_gate,-15.298617017594951,0.5,1,0,0.09583837703421642,0.8540411715004441,0.16666666666666666,2.3637,2.0162,0.0,4.2571,0.1365,8.7949
20260704,0.0,2,1,stage1_projection_energy_gate,-15.298617017594951,0.5,1,0,0.09583837703421642,0.8540411715004441,0.16666666666666666,2.1574,1.988,0.0,4.204,0.1258,8.5325
20260704,0.0,2,1,axiswise_candan_joint_ls,-15.298617017594951,0.5,1,0,nan,0.8540411715004441,0.16666666666666666,2.2877,2.1425,0.0,4.2881,0.0,8.7802
20260704,0.0,2,2,projection_energy_gate,-41.79950084647147,1.0,1,0,0.1733070797103704,0.8131237979307077,0.0,2.2664,2.1186,0.0,4.3334,0.1406,8.998199999999999
20260704,0.0,2,2,stage1_projection_energy_gate,-41.79950084647147,1.0,1,0,0.1733070797103704,0.8131237979307077,0.0,2.3506,2.0274,0.0,4.44,0.1733,8.8649
20260704,0.0,2,2,axiswise_candan_joint_ls,-41.79950084647147,1.0,1,0,nan,0.8131237979307077,0.0,2.2867,2.1131,0.0,4.2389,0.0,8.5197
20260704,0.0,2,2,legacy_explicit_residual_gate,-41.79950084647147,1.0,1,0,nan,0.8131237979307077,0.0,2.4701,2.318,4.4351,4.3332,0.7598,14.179799999999998
20260704,0.0,2,3,stage1_projection_energy_gate,-40.10407510933378,1.0,1,0,0.18602863431166045,0.8198938388856202,0.0,2.3536,2.3113,0.0,4.4334,0.1553,9.2536
20260704,0.0,2,3,axiswise_candan_joint_ls,-40.10407510933378,1.0,1,0,nan,0.8198938388856202,0.0,2.3735,2.1718,0.0,4.4177,0.0,8.963000000000001
20260704,0.0,2,3,legacy_explicit_residual_gate,-40.10407510933378,1.0,1,0,nan,0.8198938388856202,0.0,2.5219,2.3064,4.5083,4.3032,0.7858,14.642499999999998
20260704,0.0,2,3,projection_energy_gate,-40.10407510933378,1.0,1,0,0.18602863431166045,0.8198938388856202,0.0,2.4633,2.3192,0.0,4.4886,0.1159,9.4079
20260704,0.0,2,4,axiswise_candan_joint_ls,-39.99632754236386,1.0,1,0,nan,0.8133520764873101,0.0,2.0887,2.0714,0.0,4.2733,0.0,8.692499999999999
20260704,0.0,2,4,legacy_explicit_residual_gate,-39.99632754236386,1.0,1,0,nan,0.8133520764873101,0.0,2.1549,2.0034,3.942,4.1295,0.726,12.939400000000001
20260704,0.0,2,4,projection_energy_gate,-39.99632754236386,1.0,1,0,0.14695146149163088,0.8133520764873101,0.0,2.0024,2.0956,0.0,3.9863,0.1221,8.1356
20260704,0.0,2,4,stage1_projection_energy_gate,-39.99632754236386,1.0,1,0,0.14695146149163088,0.8133520764873101,0.0,2.0946,2.0796,0.0,4.0862,0.1277,8.3451
20260704,0.0,2,5,legacy_explicit_residual_gate,-7.880506145866619,0.5,1,0,nan,0.8143015837697377,0.16666666666666666,2.3166,2.2109,3.8491,3.9077,0.6966,13.0466
20260704,0.0,2,5,projection_energy_gate,-7.880506145866619,0.5,1,0,0.15632973984906592,0.8143015837697377,0.16666666666666666,2.1443,2.2448,0.0,3.8729,0.1699,8.3626
20260704,0.0,2,5,stage1_projection_energy_gate,-7.880506145866619,0.5,1,0,0.15632973984906592,0.8143015837697377,0.16666666666666666,2.1193,2.0049,0.0,3.9899,0.1418,8.357
20260704,0.0,2,5,axiswise_candan_joint_ls,-7.880506145866619,0.5,1,0,nan,0.8143015837697377,0.16666666666666666,2.1929,2.0513,0.0,4.0293,0.0,8.251999999999999
20260704,0.0,2,6,projection_energy_gate,-7.669251120753961,0.5,1,0,0.10492433766530489,0.8121669010904973,0.16666666666666666,2.1534,2.1617,0.0,4.3309,0.1462,8.908
20260704,0.0,2,6,stage1_projection_energy_gate,-7.669251120753961,0.5,1,0,0.10492433766530489,0.8121669010904973,0.16666666666666666,2.4278,2.0413,0.0,4.1177,0.1401,8.647
20260704,0.0,2,6,axiswise_candan_joint_ls,-7.669251120753961,0.5,1,0,nan,0.8121669010904973,0.16666666666666666,2.1386,2.0439,0.0,3.9512,0.0,8.0999
20260704,0.0,2,6,legacy_explicit_residual_gate,-7.669251120753961,0.5,1,0,nan,0.8121669010904973,0.16666666666666666,2.1748,2.2553,3.9075,3.9373,0.8951,13.3181
20260704,0.0,2,7,stage1_projection_energy_gate,-40.85783585123871,1.0,1,0,0.0729212742792244,0.8634001336100277,0.0,2.239,2.2921,0.0,4.2916,0.1697,9.121900000000002
20260704,0.0,2,7,axiswise_candan_joint_ls,-40.85783585123871,1.0,1,0,nan,0.8634001336100277,0.0,2.1936,2.1007,0.0,4.0378,0.0,8.2967
20260704,0.0,2,7,legacy_explicit_residual_gate,-40.85783585123871,1.0,1,0,nan,0.8634001336100277,0.0,2.1101,2.26,4.0817,3.8177,0.7142,13.1197
20260704,0.0,2,7,projection_energy_gate,-40.85783585123871,1.0,1,0,0.0729212742792244,0.8634001336100277,0.0,2.0524,2.0616,0.0,3.8466,0.1028,7.9655000000000005
20260704,0.0,2,8,axiswise_candan_joint_ls,-38.29863851750444,1.0,1,0,nan,0.8165803165823298,0.0,2.2,2.1113,0.0,4.197,0.0,8.5222
20260704,0.0,2,8,legacy_explicit_residual_gate,-38.29863851750444,1.0,1,0,nan,0.8165803165823298,0.0,2.3262,2.018,3.9413,4.1613,0.7827,13.3466
20260704,0.0,2,8,projection_energy_gate,-38.29863851750444,1.0,1,0,0.2574702978962496,0.8165803165823298,0.0,2.3367,2.0491,0.0,4.2602,0.1325,8.731
20260704,0.0,2,8,stage1_projection_energy_gate,-38.29863851750444,1.0,1,0,0.2574702978962496,0.8165803165823298,0.0,2.0855,1.9081,0.0,3.9873,0.1381,8.1389
20260704,0.0,2,9,legacy_explicit_residual_gate,-40.05130602217836,1.0,1,0,nan,0.8563734275075925,0.0,2.1256,2.2842,4.0205,4.0266,0.7542,13.6142
20260704,0.0,2,9,projection_energy_gate,-40.05130602217836,1.0,1,0,0.0989977831739076,0.8563734275075925,0.0,2.0626,2.0526,0.0,3.9557,0.132,8.3154
20260704,0.0,2,9,stage1_projection_energy_gate,-40.05130602217836,1.0,1,0,0.0989977831739076,0.8563734275075925,0.0,2.0045,1.9103,0.0,3.8909,0.0899,7.9163
20260704,0.0,2,9,axiswise_candan_joint_ls,-40.05130602217836,1.0,1,0,nan,0.8563734275075925,0.0,2.2668,2.0313,0.0,3.991,0.0,8.145
20260704,0.0,2,10,projection_energy_gate,-18.130114259582896,0.5,1,0,0.2823379921111922,0.8118309570178106,0.16666666666666666,2.1362,2.1806,0.0,4.0883,0.1374,8.4693
20260704,0.0,2,10,stage1_projection_energy_gate,-18.130114259582896,0.5,1,0,0.2823379921111922,0.8118309570178106,0.16666666666666666,2.2362,2.186,0.0,4.194,0.1442,8.925199999999998
20260704,0.0,2,10,axiswise_candan_joint_ls,-18.130114259582896,0.5,1,0,nan,0.8118309570178106,0.16666666666666666,2.1319,2.1491,0.0,4.2585,0.0,8.606
20260704,0.0,2,10,legacy_explicit_residual_gate,-18.130114259582896,0.5,1,0,nan,0.8118309570178106,0.16666666666666666,2.2564,2.2109,3.8827,3.9733,0.9423,13.206199999999999
20260704,0.0,2,11,stage1_projection_energy_gate,-34.64428757649905,1.0,1,0,0.2601670655595655,0.8169190879462433,0.0,2.1262,2.037,0.0,3.9236,0.1596,8.4516
20260704,0.0,2,11,axiswise_candan_joint_ls,-34.64428757649905,1.0,1,0,nan,0.8169190879462433,0.0,2.2043,2.1946,0.0,4.0953,0.0,8.4245
20260704,0.0,2,11,legacy_explicit_residual_gate,-34.64428757649905,1.0,1,0,nan,0.8169190879462433,0.0,2.3523,2.1768,4.0817,3.8618,0.744,13.1413
20260704,0.0,2,11,projection_energy_gate,-34.64428757649905,1.0,1,0,0.2601670655595655,0.8169190879462433,0.0,2.1589,1.9902,0.0,4.0449,0.1244,8.445500000000001
20260704,0.0,2,12,axiswise_candan_joint_ls,-37.943256133338984,1.0,1,0,nan,0.8180350542225718,0.0,2.227,2.0238,0.0,3.9967,0.0,8.215300000000001
20260704,0.0,2,12,legacy_explicit_residual_gate,-37.943256133338984,1.0,1,0,nan,0.8180350542225718,0.0,2.3022,2.0408,3.9948,3.9433,0.8906,13.0228
20260704,0.0,2,12,projection_energy_gate,-37.943256133338984,1.0,1,0,0.18590255073412332,0.8180350542225718,0.0,1.9953,1.9475,0.0,3.8798,0.1402,8.0409
20260704,0.0,2,12,stage1_projection_energy_gate,-37.943256133338984,1.0,1,0,0.18590255073412332,0.8180350542225718,0.0,2.1903,2.4016,0.0,4.2187,0.1351,8.9376
20260704,0.0,2,13,legacy_explicit_residual_gate,-10.754853959027802,0.5,1,0,nan,0.8143819123799332,0.16666666666666666,2.1771,2.1562,4.0977,4.0356,0.8122,13.595399999999998
20260704,0.0,2,13,projection_energy_gate,-10.754853959027802,0.5,1,0,0.08433505598080082,0.8143819123799332,0.16666666666666666,2.0883,1.9867,0.0,3.8786,0.1212,8.2455
20260704,0.0,2,13,stage1_projection_energy_gate,-10.754853959027802,0.5,1,0,0.08433505598080082,0.8143819123799332,0.16666666666666666,2.1044,2.0193,0.0,3.92,0.1393,8.4007
20260704,0.0,2,13,axiswise_candan_joint_ls,-10.754853959027802,0.5,1,0,nan,0.8143819123799332,0.16666666666666666,2.2058,2.1001,0.0,4.0215,0.0,8.7198
20260704,0.0,2,14,projection_energy_gate,-39.97807986657803,1.0,1,0,0.09432451511303315,0.8227970300926724,0.0,2.2101,2.0243,0.0,3.9485,0.1461,8.592
20260704,0.0,2,14,stage1_projection_energy_gate,-39.97807986657803,1.0,1,0,0.09432451511303315,0.8227970300926724,0.0,2.1327,2.152,0.0,3.9535,0.149,8.387699999999999
20260704,0.0,2,14,axiswise_candan_joint_ls,-39.97807986657803,1.0,1,0,nan,0.8227970300926724,0.0,2.1489,2.0426,0.0,3.9375,0.0,8.206
20260704,0.0,2,14,legacy_explicit_residual_gate,-39.97807986657803,1.0,1,0,nan,0.8227970300926724,0.0,2.2738,2.1832,4.03,3.9007,0.7209,13.313300000000002
20260704,0.0,2,15,stage1_projection_energy_gate,-41.57776390499767,1.0,1,0,0.14988827477471356,0.8356024440022669,0.0,2.2613,1.9456,0.0,3.983,0.0813,8.3331
20260704,0.0,2,15,axiswise_candan_joint_ls,-41.57776390499767,1.0,1,0,nan,0.8356024440022669,0.0,2.1837,2.0736,0.0,4.008,0.0,8.2871
20260704,0.0,2,15,legacy_explicit_residual_gate,-41.57776390499767,1.0,1,0,nan,0.8356024440022669,0.0,2.0825,1.9284,3.982,4.0449,0.6481,12.640500000000001
20260704,0.0,2,15,projection_energy_gate,-41.57776390499767,1.0,1,0,0.14988827477471356,0.8356024440022669,0.0,2.0858,2.045,0.0,4.0739,0.1473,8.3262
20260704,0.0,2,16,axiswise_candan_joint_ls,-10.32239410410331,0.5,1,0,nan,0.8271115025954073,0.16666666666666666,1.9879,1.9902,0.0,3.8514,0.0,7.9894
20260704,0.0,2,16,legacy_explicit_residual_gate,-10.32239410410331,0.5,1,0,nan,0.8271115025954073,0.16666666666666666,2.3575,2.2687,4.1048,3.8886,0.7162,13.476700000000001
20260704,0.0,2,16,projection_energy_gate,-10.32239410410331,0.5,1,0,0.16468462252242663,0.8271115025954073,0.16666666666666666,2.0921,2.0129,0.0,4.0096,0.0936,8.0852
20260704,0.0,2,16,stage1_projection_energy_gate,-10.32239410410331,0.5,1,0,0.16468462252242663,0.8271115025954073,0.16666666666666666,2.0866,1.952,0.0,3.9257,0.0799,8.2037
20260704,0.0,2,17,legacy_explicit_residual_gate,-38.62866788260029,1.0,1,0,nan,0.8278993201570664,0.0,2.1045,2.0168,4.2717,3.7893,0.6993,13.3172
20260704,0.0,2,17,projection_energy_gate,-38.62866788260029,1.0,1,0,0.2356320942372824,0.8278993201570664,0.0,2.2238,2.0355,0.0,3.9816,0.1374,8.2164
20260704,0.0,2,17,stage1_projection_energy_gate,-38.62866788260029,1.0,1,0,0.2356320942372824,0.8278993201570664,0.0,2.2545,2.2928,0.0,4.064,0.1739,8.8255
20260704,0.0,2,17,axiswise_candan_joint_ls,-38.62866788260029,1.0,1,0,nan,0.8278993201570664,0.0,2.0592,1.9492,0.0,3.8766,0.0,7.8824
20260704,0.0,2,18,projection_energy_gate,-34.98063981177671,1.0,1,0,0.1453836929201711,0.8273677280177556,0.0,1.9899,2.0256,0.0,4.1126,0.0902,8.2497
20260704,0.0,2,18,stage1_projection_energy_gate,-34.98063981177671,1.0,1,0,0.1453836929201711,0.8273677280177556,0.0,2.2269,2.0961,0.0,4.144,0.1375,8.7354
20260704,0.0,2,18,axiswise_candan_joint_ls,-34.98063981177671,1.0,1,0,nan,0.8273677280177556,0.0,2.1626,2.0655,0.0,4.1043,0.0,8.3229
20260704,0.0,2,18,legacy_explicit_residual_gate,-34.98063981177671,1.0,1,0,nan,0.8273677280177556,0.0,2.047,2.1469,4.2657,3.7992,0.7276,12.977200000000002
20260704,0.0,2,19,stage1_projection_energy_gate,-38.75897909171646,1.0,1,0,0.16991674394657746,0.8150693330774067,0.0,2.1382,2.0922,0.0,4.0287,0.1317,8.4161
20260704,0.0,2,19,axiswise_candan_joint_ls,-38.75897909171646,1.0,1,0,nan,0.8150693330774067,0.0,2.0615,2.0904,0.0,4.2654,0.0,8.4285
20260704,0.0,2,19,legacy_explicit_residual_gate,-38.75897909171646,1.0,1,0,nan,0.8150693330774067,0.0,2.2571,1.986,3.9598,4.1854,0.7799,13.2041
20260704,0.0,2,19,projection_energy_gate,-38.75897909171646,1.0,1,0,0.16991674394657746,0.8150693330774067,0.0,2.3111,2.0642,0.0,4.0986,0.1176,8.739700000000001
20260704,0.0,4,0,axiswise_candan_joint_ls,-16.154168298640595,0.5,1,0,nan,0.84242979756436,0.16666666666666666,2.0876,2.0611,0.0,7.7487,0.0,11.767800000000001
20260704,0.0,4,0,legacy_explicit_residual_gate,-16.154168298640595,0.5,1,0,nan,0.84242979756436,0.16666666666666666,2.0619,2.3751,7.5038,7.6345,0.7001,20.3237
20260704,0.0,4,0,projection_energy_gate,-16.154168298640595,0.5,1,0,0.08727935190755844,0.84242979756436,0.16666666666666666,2.0879,2.3024,0.0,7.5778,0.1967,12.2086
20260704,0.0,4,0,stage1_projection_energy_gate,-16.154168298640595,0.5,1,0,0.08727935190755844,0.84242979756436,0.16666666666666666,2.0763,2.0245,0.0,8.1902,0.1671,12.4687
20260704,0.0,4,1,legacy_explicit_residual_gate,-28.26966190395844,0.75,1,0,nan,0.8108561211498998,0.08333333333333333,2.2078,1.9718,7.3465,7.3518,0.6836,19.7941
20260704,0.0,4,1,projection_energy_gate,-28.26966190395844,0.75,1,0,0.10320058930772807,0.8108561211498998,0.08333333333333333,2.1645,2.0538,0.0,7.6101,0.1714,12.0224
20260704,0.0,4,1,stage1_projection_energy_gate,-28.26966190395844,0.75,1,0,0.10320058930772807,0.8108561211498998,0.08333333333333333,2.0321,1.9341,0.0,8.0264,0.2004,12.1461
20260704,0.0,4,1,axiswise_candan_joint_ls,-28.26966190395844,0.75,1,0,nan,0.8108561211498998,0.08333333333333333,2.2595,2.0038,0.0,7.374,0.0,11.648499999999999
20260704,0.0,4,2,projection_energy_gate,-15.30457478316137,0.75,1,0,0.18769366241110141,0.8159511449416259,0.08333333333333333,2.0864,1.9937,0.0,7.5204,0.1931,11.6595
20260704,0.0,4,2,stage1_projection_energy_gate,-15.30457478316137,0.75,1,0,0.18769366241110141,0.8159511449416259,0.08333333333333333,2.0496,2.1816,0.0,7.1147,0.1621,11.583900000000002
20260704,0.0,4,2,axiswise_candan_joint_ls,-15.30457478316137,0.75,1,0,nan,0.8159511449416259,0.08333333333333333,1.852,1.9156,0.0,7.0966,0.0,10.8961
20260704,0.0,4,2,legacy_explicit_residual_gate,-15.30457478316137,0.75,1,0,nan,0.8159511449416259,0.08333333333333333,1.913,1.796,7.0466,7.1469,0.6744,18.484499999999997
20260704,0.0,4,3,stage1_projection_energy_gate,-17.773462169154705,0.75,1,0,0.09833187548987445,0.8139348713673257,0.08333333333333333,2.0638,1.997,0.0,7.2938,0.2084,11.640099999999999
20260704,0.0,4,3,axiswise_candan_joint_ls,-17.773462169154705,0.75,1,0,nan,0.8139348713673257,0.08333333333333333,1.9787,2.0581,0.0,7.3615,0.0,11.3439
20260704,0.0,4,3,legacy_explicit_residual_gate,-17.773462169154705,0.75,1,0,nan,0.8139348713673257,0.08333333333333333,1.9633,1.9864,7.5422,7.4458,0.7983,19.806
20260704,0.0,4,3,projection_energy_gate,-17.773462169154705,0.75,1,0,0.09833187548987445,0.8139348713673257,0.08333333333333333,1.9116,1.9397,0.0,7.2888,0.1869,11.324
20260704,0.0,4,4,axiswise_candan_joint_ls,-35.98998578178982,1.0,1,0,nan,0.8140131576533634,0.0,1.9081,1.9444,0.0,6.9446,0.0,10.8385
20260704,0.0,4,4,legacy_explicit_residual_gate,-35.98998578178982,1.0,1,0,nan,0.8140131576533634,0.0,1.9182,1.9221,6.994,6.9373,0.6214,18.4881
20260704,0.0,4,4,projection_energy_gate,-35.98998578178982,1.0,1,0,0.23257688524707398,0.8140131576533634,0.0,1.8043,1.7906,0.0,7.0116,0.1428,10.7493
20260704,0.0,4,4,stage1_projection_energy_gate,-35.98998578178982,1.0,1,0,0.23257688524707398,0.8140131576533634,0.0,2.007,2.2453,0.0,7.4215,0.179,12.0679
20260704,0.0,4,5,legacy_explicit_residual_gate,-35.29233891577658,1.0,1,0,nan,0.8143960051345713,0.0,1.9693,1.8261,6.9711,6.8276,0.6222,18.2198
20260704,0.0,4,5,projection_energy_gate,-35.29233891577658,1.0,1,0,0.13598888166612924,0.8143960051345713,0.0,1.8286,1.7886,0.0,6.9114,0.1097,10.7322
20260704,0.0,4,5,stage1_projection_energy_gate,-35.29233891577658,1.0,1,0,0.13598888166612924,0.8143960051345713,0.0,1.7787,1.9133,0.0,6.8635,0.1201,10.6948
20260704,0.0,4,5,axiswise_candan_joint_ls,-35.29233891577658,1.0,1,0,nan,0.8143960051345713,0.0,1.873,1.8142,0.0,7.0789,0.0,10.8993
20260704,0.0,4,6,projection_energy_gate,-14.209572000284926,0.75,1,0,0.12059796939585249,0.8225390624730354,0.08333333333333333,1.8054,1.7986,0.0,7.1497,0.1262,10.5854
20260704,0.0,4,6,stage1_projection_energy_gate,-14.209572000284926,0.75,1,0,0.12059796939585249,0.8225390624730354,0.08333333333333333,1.9315,1.9617,0.0,7.1711,0.141,11.2159
20260704,0.0,4,6,axiswise_candan_joint_ls,-14.209572000284926,0.75,1,0,nan,0.8225390624730354,0.08333333333333333,1.86,1.8145,0.0,6.9574,0.0,10.695
20260704,0.0,4,6,legacy_explicit_residual_gate,-14.209572000284926,0.75,1,0,nan,0.8225390624730354,0.08333333333333333,1.8892,1.7913,6.9072,7.0307,0.6374,18.3276
20260704,0.0,4,7,stage1_projection_energy_gate,-33.988314568986326,1.0,1,0,0.13636819812064893,0.8271871619880369,0.0,1.8283,1.8177,0.0,6.8794,0.1337,10.765099999999999
20260704,0.0,4,7,axiswise_candan_joint_ls,-33.988314568986326,1.0,1,0,nan,0.8271871619880369,0.0,1.7939,1.8385,0.0,7.0214,0.0,10.7234
20260704,0.0,4,7,legacy_explicit_residual_gate,-33.988314568986326,1.0,1,0,nan,0.8271871619880369,0.0,1.9235,1.8126,7.2633,7.0802,0.6387,18.838
20260704,0.0,4,7,projection_energy_gate,-33.988314568986326,1.0,1,0,0.13636819812064893,0.8271871619880369,0.0,1.9012,1.8225,0.0,7.0704,0.1452,10.969100000000001
20260704,0.0,4,8,axiswise_candan_joint_ls,-35.869900397965296,1.0,1,0,nan,0.8155778588987661,0.0,1.9966,1.9457,0.0,7.8486,0.0,11.6554
20260704,0.0,4,8,legacy_explicit_residual_gate,-35.869900397965296,1.0,1,0,nan,0.8155778588987661,0.0,2.0312,1.9257,6.9481,7.0918,0.6963,18.4752
20260704,0.0,4,8,projection_energy_gate,-35.869900397965296,1.0,1,0,0.11158682402301333,0.8155778588987661,0.0,1.8718,1.8446,0.0,7.1124,0.156,11.0365
20260704,0.0,4,8,stage1_projection_energy_gate,-35.869900397965296,1.0,1,0,0.11158682402301333,0.8155778588987661,0.0,1.9487,1.8638,0.0,6.8935,0.138,10.9122
20260704,0.0,4,9,legacy_explicit_residual_gate,-34.45422950646398,1.0,1,0,nan,0.8169202868110053,0.0,2.0362,1.8576,7.0166,7.2366,0.7079,18.874
20260704,0.0,4,9,projection_energy_gate,-34.45422950646398,1.0,1,0,0.13513421949338375,0.8169202868110053,0.0,1.8856,1.8292,0.0,6.8806,0.1289,10.7067
20260704,0.0,4,9,stage1_projection_energy_gate,-34.45422950646398,1.0,1,0,0.13513421949338375,0.8169202868110053,0.0,1.849,1.7989,0.0,6.8328,0.1189,10.600999999999999
20260704,0.0,4,9,axiswise_candan_joint_ls,-34.45422950646398,1.0,1,0,nan,0.8169202868110053,0.0,1.8713,1.8912,0.0,7.1411,0.0,10.8691
20260704,0.0,4,10,projection_energy_gate,-14.084115249895435,0.75,1,0,0.25621718880310146,0.7934374226222736,0.08333333333333333,1.8675,1.8592,0.0,7.1676,0.1367,11.0134
20260704,0.0,4,10,stage1_projection_energy_gate,-14.084115249895435,0.75,1,0,0.25621718880310146,0.7934374226222736,0.08333333333333333,1.8272,1.8894,0.0,6.9337,0.1583,10.889800000000001
20260704,0.0,4,10,axiswise_candan_joint_ls,-14.084115249895435,0.75,1,0,nan,0.7934374226222736,0.08333333333333333,1.8208,1.9611,0.0,7.0379,0.0,10.873099999999999
20260704,0.0,4,10,legacy_explicit_residual_gate,-14.084115249895435,0.75,1,0,nan,0.7934374226222736,0.08333333333333333,1.8652,1.8011,6.9569,6.7135,0.7096,17.9152
20260704,0.0,4,11,stage1_projection_energy_gate,-11.682151444078166,0.75,1,0,0.15796377901784664,0.8117124631563492,0.08333333333333333,1.9055,1.8922,0.0,7.4327,0.1884,11.383999999999999
20260704,0.0,4,11,axiswise_candan_joint_ls,-11.682151444078166,0.75,1,0,nan,0.8117124631563492,0.08333333333333333,1.8257,1.8034,0.0,6.8653,0.0,10.517199999999999
20260704,0.0,4,11,legacy_explicit_residual_gate,-11.682151444078166,0.75,1,0,nan,0.8117124631563492,0.08333333333333333,1.8869,1.7865,6.8984,6.7462,0.6654,17.925900000000002
20260704,0.0,4,11,projection_energy_gate,-11.682151444078166,0.75,1,0,0.15796377901784664,0.8117124631563492,0.08333333333333333,1.8797,1.8098,0.0,6.8233,0.1389,10.6299
20260704,0.0,4,12,axiswise_candan_joint_ls,-14.692193239295301,0.75,1,0,nan,0.8199793031363521,0.08333333333333333,1.8224,1.83,0.0,6.8089,0.0,10.461300000000001
20260704,0.0,4,12,legacy_explicit_residual_gate,-14.692193239295301,0.75,1,0,nan,0.8199793031363521,0.08333333333333333,1.9299,1.805,6.9782,7.0293,0.6343,18.3463
20260704,0.0,4,12,projection_energy_gate,-14.692193239295301,0.75,1,0,0.1807065840100621,0.8199793031363521,0.08333333333333333,1.8829,1.8853,0.0,6.9692,0.1438,10.7935
20260704,0.0,4,12,stage1_projection_energy_gate,-14.692193239295301,0.75,1,0,0.1807065840100621,0.8199793031363521,0.08333333333333333,1.8535,1.8309,0.0,7.0714,0.1602,10.9449
20260704,0.0,4,13,legacy_explicit_residual_gate,-26.30525025189926,0.75,1,0,nan,0.8194004997809574,0.08333333333333333,1.9546,1.8788,7.1283,7.214,0.7049,18.7406
20260704,0.0,4,13,projection_energy_gate,-26.30525025189926,0.75,1,0,0.11725349547925092,0.8194004997809574,0.08333333333333333,2.0246,1.9576,0.0,7.064,0.1638,11.1416
20260704,0.0,4,13,stage1_projection_energy_gate,-26.30525025189926,0.75,1,0,0.11725349547925092,0.8194004997809574,0.08333333333333333,1.8502,1.8382,0.0,6.8141,0.129,10.6145
20260704,0.0,4,13,axiswise_candan_joint_ls,-26.30525025189926,0.75,1,0,nan,0.8194004997809574,0.08333333333333333,1.8592,1.7975,0.0,7.0931,0.0,10.8229
20260704,0.0,4,14,projection_energy_gate,-34.140530811227705,1.0,1,0,0.14065240321714748,0.825621001897754,0.0,1.7447,1.7115,0.0,6.7062,0.1228,10.332299999999998
20260704,0.0,4,14,stage1_projection_energy_gate,-34.140530811227705,1.0,1,0,0.14065240321714748,0.825621001897754,0.0,1.7748,1.7838,0.0,6.7887,0.1324,10.4404
20260704,0.0,4,14,axiswise_candan_joint_ls,-34.140530811227705,1.0,1,0,nan,0.825621001897754,0.0,1.7748,1.7907,0.0,6.8223,0.0,10.543099999999999
20260704,0.0,4,14,legacy_explicit_residual_gate,-34.140530811227705,1.0,1,0,nan,0.825621001897754,0.0,1.8905,1.9312,7.3217,7.1351,0.7167,18.9129
20260704,0.0,4,15,stage1_projection_energy_gate,-28.466249823677828,0.75,1,0,0.10952506342315628,0.808331421033758,0.08333333333333333,1.9195,1.8576,0.0,7.1993,0.1751,11.2363
20260704,0.0,4,15,axiswise_candan_joint_ls,-28.466249823677828,0.75,1,0,nan,0.808331421033758,0.08333333333333333,1.8053,1.8063,0.0,6.8477,0.0,10.4368
20260704,0.0,4,15,legacy_explicit_residual_gate,-28.466249823677828,0.75,1,0,nan,0.808331421033758,0.08333333333333333,1.9091,1.7751,6.9947,7.0248,0.6522,18.3903
20260704,0.0,4,15,projection_energy_gate,-28.466249823677828,0.75,1,0,0.10952506342315628,0.808331421033758,0.08333333333333333,1.8835,1.9044,0.0,6.9429,0.1775,11.052700000000002
20260704,0.0,4,16,axiswise_candan_joint_ls,-35.848089528197356,1.0,1,0,nan,0.826205397928001,0.0,1.936,1.8516,0.0,7.4221,0.0,11.2727
20260704,0.0,4,16,legacy_explicit_residual_gate,-35.848089528197356,1.0,1,0,nan,0.826205397928001,0.0,1.8776,1.7806,6.8403,6.909,0.6255,18.011499999999998
20260704,0.0,4,16,projection_energy_gate,-35.848089528197356,1.0,1,0,0.16327420841312096,0.826205397928001,0.0,1.9102,1.8413,0.0,6.9873,0.1472,10.881000000000002
20260704,0.0,4,16,stage1_projection_energy_gate,-35.848089528197356,1.0,1,0,0.16327420841312096,0.826205397928001,0.0,1.8351,1.826,0.0,6.9654,0.1533,10.761
20260704,0.0,4,17,legacy_explicit_residual_gate,-14.602719656824748,0.75,1,0,nan,0.8239954245070236,0.08333333333333333,1.8999,1.8116,6.9338,6.8737,0.6557,18.405
20260704,0.0,4,17,projection_energy_gate,-14.602719656824748,0.75,1,0,0.15273107790161952,0.8239954245070236,0.08333333333333333,1.8069,1.8087,0.0,7.0496,0.1434,10.7999
20260704,0.0,4,17,stage1_projection_energy_gate,-14.602719656824748,0.75,1,0,0.15273107790161952,0.8239954245070236,0.08333333333333333,1.8712,1.8788,0.0,7.0368,0.1449,10.895999999999999
20260704,0.0,4,17,axiswise_candan_joint_ls,-14.602719656824748,0.75,1,0,nan,0.8239954245070236,0.08333333333333333,1.9078,1.8242,0.0,7.4646,0.0,11.1966
20260704,0.0,4,18,projection_energy_gate,-14.749609445145948,0.75,1,0,0.13130499080293748,0.8198793897422401,0.08333333333333333,2.1554,2.2213,0.0,8.0722,0.2313,12.7657
20260704,0.0,4,18,stage1_projection_energy_gate,-14.749609445145948,0.75,1,0,0.13130499080293748,0.8198793897422401,0.08333333333333333,1.9303,1.8888,0.0,7.2584,0.1557,11.249099999999999
20260704,0.0,4,18,axiswise_candan_joint_ls,-14.749609445145948,0.75,1,0,nan,0.8198793897422401,0.08333333333333333,1.9667,1.8557,0.0,7.2019,0.0,10.8198
20260704,0.0,4,18,legacy_explicit_residual_gate,-14.749609445145948,0.75,1,0,nan,0.8198793897422401,0.08333333333333333,1.9312,1.777,6.8016,6.7756,0.6242,17.946099999999998
20260704,0.0,4,19,stage1_projection_energy_gate,-34.153594718878566,1.0,1,0,0.13289719233752703,0.8096511905083071,0.0,1.8378,1.8327,0.0,6.8294,0.1237,10.837499999999999
20260704,0.0,4,19,axiswise_candan_joint_ls,-34.153594718878566,1.0,1,0,nan,0.8096511905083071,0.0,1.8939,1.8803,0.0,7.1345,0.0,10.912199999999999
20260704,0.0,4,19,legacy_explicit_residual_gate,-34.153594718878566,1.0,1,0,nan,0.8096511905083071,0.0,1.8862,1.7957,6.9817,7.0286,0.6413,18.285800000000002
20260704,0.0,4,19,projection_energy_gate,-34.153594718878566,1.0,1,0,0.13289719233752703,0.8096511905083071,0.0,1.8302,1.8124,0.0,6.8471,0.1228,10.5962
20260704,0.0,8,0,axiswise_candan_joint_ls,-14.688183717227313,0.375,1,0,nan,0.8014415579973375,0.08333333333333333,1.8983,1.9419,0.0,14.7349,0.0,18.5562
20260704,0.0,8,0,legacy_explicit_residual_gate,-14.688183717227313,0.375,1,0,nan,0.8014415579973375,0.08333333333333333,1.9527,1.9283,15.0666,14.471,0.6468,34.3147
20260704,0.0,8,0,projection_energy_gate,-14.688183717227313,0.375,1,0,0.11762502985098082,0.8014415579973375,0.08333333333333333,1.8566,1.9003,0.0,14.543,0.1328,18.484
20260704,0.0,8,0,stage1_projection_energy_gate,-14.688183717227313,0.375,1,0,0.11762502985098082,0.8014415579973375,0.08333333333333333,1.873,1.9774,0.0,14.9587,0.1627,18.9478
20260704,0.0,8,1,legacy_explicit_residual_gate,-12.269511540856094,0.625,1,0,nan,0.808562023595208,0.08333333333333333,1.923,1.925,15.1117,14.882,0.6512,34.4444
20260704,0.0,8,1,projection_energy_gate,-12.269511540856094,0.625,1,0,0.17895499090630565,0.808562023595208,0.08333333333333333,1.9778,2.0592,0.0,17.3069,0.212,21.348599999999998
20260704,0.0,8,1,stage1_projection_energy_gate,-12.269511540856094,0.625,1,0,0.17895499090630565,0.808562023595208,0.08333333333333333,2.015,2.0749,0.0,16.7339,0.2123,20.947799999999997
20260704,0.0,8,1,axiswise_candan_joint_ls,-12.269511540856094,0.625,1,0,nan,0.808562023595208,0.08333333333333333,1.8951,2.0757,0.0,16.1687,0.0,20.0042
20260704,0.0,8,2,projection_energy_gate,-16.65141859027295,0.75,1,0,0.07645756359024539,0.8145146603601651,0.08333333333333333,2.0511,2.2476,0.0,16.3752,0.1605,21.043599999999998
20260704,0.0,8,2,stage1_projection_energy_gate,-16.65141859027295,0.75,1,0,0.07645756359024539,0.8145146603601651,0.08333333333333333,2.0143,2.0734,0.0,15.5736,0.1737,19.781900000000004
20260704,0.0,8,2,axiswise_candan_joint_ls,-16.65141859027295,0.75,1,0,nan,0.8145146603601651,0.08333333333333333,1.9497,2.0182,0.0,15.5104,0.0,19.4664
20260704,0.0,8,2,legacy_explicit_residual_gate,-16.65141859027295,0.75,1,0,nan,0.8145146603601651,0.08333333333333333,2.0048,2.0106,15.1384,16.0534,0.8161,36.5867
20260704,0.0,8,3,stage1_projection_energy_gate,-15.108551064587719,0.75,1,0,0.1163405423894718,0.8197934009694534,0.08333333333333333,1.8888,1.939,0.0,14.8766,0.2154,18.866500000000002
20260704,0.0,8,3,axiswise_candan_joint_ls,-15.108551064587719,0.75,1,0,nan,0.8197934009694534,0.08333333333333333,1.9871,1.9514,0.0,15.2287,0.0,19.1783
20260704,0.0,8,3,legacy_explicit_residual_gate,-15.108551064587719,0.75,1,0,nan,0.8197934009694534,0.08333333333333333,1.9485,1.9153,14.8591,14.8102,0.6194,34.2358
20260704,0.0,8,3,projection_energy_gate,-15.108551064587719,0.75,1,0,0.1163405423894718,0.8197934009694534,0.08333333333333333,1.9903,2.1517,0.0,15.4201,0.1459,19.6564
20260704,0.0,8,4,axiswise_candan_joint_ls,-21.269156374911287,0.75,1,0,nan,0.8130080243394088,0.041666666666666664,2.08,2.0306,0.0,15.4532,0.0,19.584200000000003
20260704,0.0,8,4,legacy_explicit_residual_gate,-21.269156374911287,0.75,1,0,nan,0.8130080243394088,0.041666666666666664,1.9507,1.9232,15.5263,15.2592,0.6638,36.5211
20260704,0.0,8,4,projection_energy_gate,-21.269156374911287,0.75,1,0,0.14430020703296015,0.8130080243394088,0.041666666666666664,1.8607,1.9215,0.0,14.7744,0.146,18.7646
20260704,0.0,8,4,stage1_projection_energy_gate,-21.269156374911287,0.75,1,0,0.14430020703296015,0.8130080243394088,0.041666666666666664,1.9973,2.0335,0.0,15.9848,0.1579,20.1543
20260704,0.0,8,5,legacy_explicit_residual_gate,-17.140773061041408,0.75,1,0,nan,0.8074786417425943,0.08333333333333333,1.968,1.9316,15.4461,15.5563,0.6202,35.4582
20260704,0.0,8,5,projection_energy_gate,-17.140773061041408,0.75,1,0,0.10836229357702262,0.8074786417425943,0.08333333333333333,1.9632,2.0604,0.0,16.3883,0.1455,20.429499999999997
20260704,0.0,8,5,stage1_projection_energy_gate,-17.140773061041408,0.75,1,0,0.10836229357702262,0.8074786417425943,0.08333333333333333,1.9281,1.9355,0.0,14.9546,0.1328,18.9712
20260704,0.0,8,5,axiswise_candan_joint_ls,-17.140773061041408,0.75,1,0,nan,0.8074786417425943,0.08333333333333333,1.9434,1.9752,0.0,14.9827,0.0,18.8633
20260704,0.0,8,6,projection_energy_gate,-15.852225659540908,0.75,1,0,0.15114755390565204,0.8127791589618645,0.041666666666666664,1.8638,1.9322,0.0,15.2174,0.1575,19.1727
20260704,0.0,8,6,stage1_projection_energy_gate,-15.852225659540908,0.75,1,0,0.15114755390565204,0.8127791589618645,0.041666666666666664,1.8807,1.9907,0.0,15.737,0.1488,19.8424
20260704,0.0,8,6,axiswise_candan_joint_ls,-15.852225659540908,0.75,1,0,nan,0.8127791589618645,0.041666666666666664,1.8892,1.9358,0.0,14.9737,0.0,18.7863
20260704,0.0,8,6,legacy_explicit_residual_gate,-15.852225659540908,0.75,1,0,nan,0.8127791589618645,0.041666666666666664,1.9389,1.9336,15.1115,14.8338,0.6204,34.491899999999994
20260704,0.0,8,7,stage1_projection_energy_gate,-18.23157938170986,0.875,1,0,0.12121654506177486,0.8059075047477188,0.041666666666666664,1.8739,1.9196,0.0,15.248,0.1643,19.2032
20260704,0.0,8,7,axiswise_candan_joint_ls,-18.23157938170986,0.875,1,0,nan,0.8059075047477188,0.041666666666666664,1.8728,1.9726,0.0,15.0985,0.0,19.0015
20260704,0.0,8,7,legacy_explicit_residual_gate,-18.23157938170986,0.875,1,0,nan,0.8059075047477188,0.041666666666666664,1.9368,1.8821,16.4897,15.0832,0.6094,35.9654
20260704,0.0,8,7,projection_energy_gate,-18.23157938170986,0.875,1,0,0.12121654506177486,0.8059075047477188,0.041666666666666664,1.9417,1.9951,0.0,14.9019,0.1771,19.020799999999998
20260704,0.0,8,8,axiswise_candan_joint_ls,-15.07039683206612,0.875,1,0,nan,0.8069430327927857,0.041666666666666664,1.8743,1.9653,0.0,15.6453,0.0,19.395400000000002
20260704,0.0,8,8,legacy_explicit_residual_gate,-15.07039683206612,0.875,1,0,nan,0.8069430327927857,0.041666666666666664,1.9174,1.9148,15.1581,14.9562,0.6463,35.0501
20260704,0.0,8,8,projection_energy_gate,-15.07039683206612,0.875,1,0,0.10356515190810138,0.8069430327927857,0.041666666666666664,1.7711,1.8603,0.0,14.4895,0.1303,18.2694
20260704,0.0,8,8,stage1_projection_energy_gate,-15.07039683206612,0.875,1,0,0.10356515190810138,0.8069430327927857,0.041666666666666664,1.8302,1.9272,0.0,15.1656,0.1395,19.058699999999998
20260704,0.0,8,9,legacy_explicit_residual_gate,-13.975113025570696,0.75,1,0,nan,0.8148870510639868,0.08333333333333333,1.9361,1.9241,14.8715,15.1195,0.7465,34.4083
20260704,0.0,8,9,projection_energy_gate,-13.975113025570696,0.75,1,0,0.12240803192497854,0.8148870510639868,0.08333333333333333,1.792,1.9467,0.0,15.1916,0.1798,19.0786
20260704,0.0,8,9,stage1_projection_energy_gate,-13.975113025570696,0.75,1,0,0.12240803192497854,0.8148870510639868,0.08333333333333333,1.8483,1.8961,0.0,14.9814,0.1405,18.8731
20260704,0.0,8,9,axiswise_candan_joint_ls,-13.975113025570696,0.75,1,0,nan,0.8148870510639868,0.08333333333333333,1.8626,1.9594,0.0,14.8909,0.0,18.7854
20260704,0.0,8,10,projection_energy_gate,-15.603076218600078,0.375,1,0,0.1591122925581293,0.7916392409109477,0.125,1.9036,1.9317,0.0,15.1735,0.1419,19.2704
20260704,0.0,8,10,stage1_projection_energy_gate,-15.603076218600078,0.375,1,0,0.1591122925581293,0.7916392409109477,0.125,1.8852,1.9172,0.0,14.6273,0.1431,18.6328
20260704,0.0,8,10,axiswise_candan_joint_ls,-15.603076218600078,0.375,1,0,nan,0.7916392409109477,0.125,1.9128,2.0049,0.0,15.488,0.0,19.2128
20260704,0.0,8,10,legacy_explicit_residual_gate,-15.603076218600078,0.375,1,0,nan,0.7916392409109477,0.125,1.9786,1.9511,14.9667,14.8522,0.6713,34.4529
20260704,0.0,8,11,stage1_projection_energy_gate,-17.942340512427293,0.75,1,0,0.15600715851084476,0.8065348969784308,0.041666666666666664,1.8733,1.931,0.0,15.0061,0.1305,18.8935
20260704,0.0,8,11,axiswise_candan_joint_ls,-17.942340512427293,0.75,1,0,nan,0.8065348969784308,0.041666666666666664,1.8453,1.8883,0.0,14.7145,0.0,18.476
20260704,0.0,8,11,legacy_explicit_residual_gate,-17.942340512427293,0.75,1,0,nan,0.8065348969784308,0.041666666666666664,1.9648,1.9066,15.2461,14.8666,0.6774,34.5506
20260704,0.0,8,11,projection_energy_gate,-17.942340512427293,0.75,1,0,0.15600715851084476,0.8065348969784308,0.041666666666666664,1.8484,1.874,0.0,14.6742,0.1297,18.4984
20260704,0.0,8,12,axiswise_candan_joint_ls,-11.901353052952917,0.5,1,0,nan,0.804701447499601,0.125,1.9853,2.0454,0.0,16.7576,0.0,20.826999999999998
20260704,0.0,8,12,legacy_explicit_residual_gate,-11.901353052952917,0.5,1,0,nan,0.804701447499601,0.125,1.9397,1.8991,14.7678,14.9756,0.664,34.2427
20260704,0.0,8,12,projection_energy_gate,-11.901353052952917,0.5,1,0,0.13666947603009738,0.804701447499601,0.125,1.8485,1.8865,0.0,14.7007,0.1331,18.585600000000003
20260704,0.0,8,12,stage1_projection_energy_gate,-11.901353052952917,0.5,1,0,0.13666947603009738,0.804701447499601,0.125,1.8843,2.0054,0.0,15.1255,0.1374,19.0631
20260704,0.0,8,13,legacy_explicit_residual_gate,-13.123105318255217,0.375,1,0,nan,0.8050997540832087,0.125,1.9488,1.8971,15.3914,15.2879,0.677,35.2022
20260704,0.0,8,13,projection_energy_gate,-13.123105318255217,0.375,1,0,0.08118929858528728,0.8050997540832087,0.125,1.8725,1.9465,0.0,14.8486,0.1472,18.8219
20260704,0.0,8,13,stage1_projection_energy_gate,-13.123105318255217,0.375,1,0,0.08118929858528728,0.8050997540832087,0.125,1.8893,1.9373,0.0,14.7688,0.1345,18.7882
20260704,0.0,8,13,axiswise_candan_joint_ls,-13.123105318255217,0.375,1,0,nan,0.8050997540832087,0.125,1.8176,1.8386,0.0,14.4289,0.0,18.0833
20260704,0.0,8,14,projection_energy_gate,-11.798403444388212,0.625,1,0,0.163207085972761,0.8102132770835945,0.041666666666666664,1.871,1.9459,0.0,15.2918,0.1469,19.185699999999997
20260704,0.0,8,14,stage1_projection_energy_gate,-11.798403444388212,0.625,1,0,0.163207085972761,0.8102132770835945,0.041666666666666664,1.9144,2.0179,0.0,15.2623,0.1431,19.321
20260704,0.0,8,14,axiswise_candan_joint_ls,-11.798403444388212,0.625,1,0,nan,0.8102132770835945,0.041666666666666664,1.8553,1.8707,0.0,14.9405,0.0,18.5836
20260704,0.0,8,14,legacy_explicit_residual_gate,-11.798403444388212,0.625,1,0,nan,0.8102132770835945,0.041666666666666664,1.9973,2.0384,15.2428,15.1414,0.6675,35.8713
20260704,0.0,8,15,stage1_projection_energy_gate,-13.204090473521958,0.25,1,0,0.13116898511811817,0.8148015258521117,0.125,1.9323,2.0037,0.0,15.4415,0.1711,19.6752
20260704,0.0,8,15,axiswise_candan_joint_ls,-13.204090473521958,0.25,1,0,nan,0.8148015258521117,0.125,1.8725,1.9008,0.0,14.9749,0.0,18.6846
20260704,0.0,8,15,legacy_explicit_residual_gate,-13.204090473521958,0.25,1,0,nan,0.8148015258521117,0.125,2.0804,2.0514,14.8818,14.7409,0.6699,34.35379999999999
20260704,0.0,8,15,projection_energy_gate,-13.204090473521958,0.25,1,0,0.13116898511811817,0.8148015258521117,0.125,1.8484,1.9088,0.0,14.889,0.1588,18.853099999999998
20260704,0.0,8,16,axiswise_candan_joint_ls,-18.14196704088607,0.5,1,0,nan,0.40537416782536206,0.08333333333333333,1.9544,2.0002,0.0,15.4964,0.0,19.352
20260704,0.0,8,16,legacy_explicit_residual_gate,-18.14196704088607,0.5,1,0,nan,0.40537416782536206,0.08333333333333333,1.976,1.9114,14.9509,14.4953,0.6403,34.0138
20260704,0.0,8,16,projection_energy_gate,-18.14196704088607,0.5,1,0,0.09374017533555502,0.40537416782536206,0.08333333333333333,1.9377,2.0201,0.0,16.0201,0.2491,20.147299999999998
20260704,0.0,8,16,stage1_projection_energy_gate,-18.14196704088607,0.5,1,0,0.09374017533555502,0.40537416782536206,0.08333333333333333,1.9476,1.978,0.0,15.1045,0.1468,19.241
20260704,0.0,8,17,legacy_explicit_residual_gate,-11.356411922300362,0.5,1,0,nan,0.40937237461564197,0.16666666666666666,1.9089,1.9289,16.5639,14.9843,0.6672,36.263400000000004
20260704,0.0,8,17,projection_energy_gate,-11.356411922300362,0.5,1,0,0.1191369450894029,0.40937237461564197,0.16666666666666666,1.8793,1.9966,0.0,15.0039,0.133,19.0097
20260704,0.0,8,17,stage1_projection_energy_gate,-11.356411922300362,0.5,1,0,0.1191369450894029,0.40937237461564197,0.16666666666666666,1.837,1.8933,0.0,14.9677,0.1364,18.8578
20260704,0.0,8,17,axiswise_candan_joint_ls,-11.356411922300362,0.5,1,0,nan,0.40937237461564197,0.16666666666666666,1.8298,1.9371,0.0,15.1457,0.0,18.8415
20260704,0.0,8,18,projection_energy_gate,-34.6426524694422,1.0,1,0,0.11548741164955294,0.8037658437689373,0.0,1.9004,1.9484,0.0,15.0324,0.1422,19.0971
20260704,0.0,8,18,stage1_projection_energy_gate,-34.6426524694422,1.0,1,0,0.11548741164955294,0.8037658437689373,0.0,1.8839,1.9138,0.0,14.9154,0.1363,18.937199999999997
20260704,0.0,8,18,axiswise_candan_joint_ls,-34.6426524694422,1.0,1,0,nan,0.8037658437689373,0.0,1.8622,1.9203,0.0,14.9759,0.0,18.7138
20260704,0.0,8,18,legacy_explicit_residual_gate,-34.6426524694422,1.0,1,0,nan,0.8037658437689373,0.0,2.0119,2.0064,15.5294,15.115,0.7583,35.8232
20260704,0.0,8,19,stage1_projection_energy_gate,-12.139620161888327,0.75,1,0,0.1459094456358082,0.8063028463149583,0.08333333333333333,1.8273,1.9299,0.0,14.7835,0.1354,18.6675
20260704,0.0,8,19,axiswise_candan_joint_ls,-12.139620161888327,0.75,1,0,nan,0.8063028463149583,0.08333333333333333,1.9103,1.9641,0.0,15.3223,0.0,19.3647
20260704,0.0,8,19,legacy_explicit_residual_gate,-12.139620161888327,0.75,1,0,nan,0.8063028463149583,0.08333333333333333,2.0003,2.0513,15.4056,15.2359,0.7183,35.266999999999996
20260704,0.0,8,19,projection_energy_gate,-12.139620161888327,0.75,1,0,0.1459094456358082,0.8063028463149583,0.08333333333333333,1.7527,1.756,0.0,17.0691,0.2038,20.7049
20260704,10.0,2,0,axiswise_candan_joint_ls,-47.5931575265172,1.0,1,0,nan,0.8218467713946275,0.0,1.8757,2.0898,0.0,3.8948,0.0,7.9532
20260704,10.0,2,0,legacy_explicit_residual_gate,-47.5931575265172,1.0,1,0,nan,0.8218467713946275,0.0,2.0379,1.7814,3.8111,3.778,0.6936,12.077200000000001
20260704,10.0,2,0,projection_energy_gate,-47.5931575265172,1.0,1,0,0.23243734068909255,0.8218467713946275,0.0,2.138,1.9273,0.0,3.8948,0.1094,7.9658
20260704,10.0,2,0,stage1_projection_energy_gate,-47.5931575265172,1.0,1,0,0.23243734068909255,0.8218467713946275,0.0,1.9008,1.7931,0.0,4.1296,0.1125,7.8449
20260704,10.0,2,1,legacy_explicit_residual_gate,-48.407412359884525,1.0,1,0,nan,0.8574749555099161,0.0,2.0434,1.8207,3.9616,3.7844,0.7354,12.3126
20260704,10.0,2,1,projection_energy_gate,-48.407412359884525,1.0,1,0,0.14027798196827013,0.8574749555099161,0.0,2.1663,1.8178,0.0,3.7655,0.0899,7.8351
20260704,10.0,2,1,stage1_projection_energy_gate,-48.407412359884525,1.0,1,0,0.14027798196827013,0.8574749555099161,0.0,1.8664,1.7513,0.0,3.8662,0.09,7.6756
20260704,10.0,2,1,axiswise_candan_joint_ls,-48.407412359884525,1.0,1,0,nan,0.8574749555099161,0.0,1.9052,1.7904,0.0,3.9263,0.0,7.6219
20260704,10.0,2,2,projection_energy_gate,-11.175876032068617,0.5,1,0,0.31989753225412143,0.8290877340615662,0.16666666666666666,1.8852,1.7852,0.0,3.8579,0.103,7.5873
20260704,10.0,2,2,stage1_projection_energy_gate,-11.175876032068617,0.5,1,0,0.31989753225412143,0.8290877340615662,0.16666666666666666,1.8612,1.8217,0.0,3.8572,0.1052,7.644400000000001
20260704,10.0,2,2,axiswise_candan_joint_ls,-11.175876032068617,0.5,1,0,nan,0.8290877340615662,0.16666666666666666,1.8517,1.8191,0.0,3.7485,0.0,7.4608
20260704,10.0,2,2,legacy_explicit_residual_gate,-11.175876032068617,0.5,1,0,nan,0.8290877340615662,0.16666666666666666,1.9971,1.7963,3.749,3.7064,0.7064,12.041
20260704,10.0,2,3,stage1_projection_energy_gate,-48.36618382771293,1.0,1,0,0.3453503762044531,0.8172612360509738,0.0,1.9867,2.1163,0.0,4.2106,0.157,8.3469
20260704,10.0,2,3,axiswise_candan_joint_ls,-48.36618382771293,1.0,1,0,nan,0.8172612360509738,0.0,1.8943,1.8106,0.0,3.9468,0.0,7.6556
20260704,10.0,2,3,legacy_explicit_residual_gate,-48.36618382771293,1.0,1,0,nan,0.8172612360509738,0.0,1.9935,1.8004,3.8346,3.8884,0.7192,12.216600000000001
20260704,10.0,2,3,projection_energy_gate,-48.36618382771293,1.0,1,0,0.3453503762044531,0.8172612360509738,0.0,1.9308,1.9255,0.0,3.8821,0.1348,7.8568
20260704,10.0,2,4,axiswise_candan_joint_ls,-45.792577342139936,1.0,1,0,nan,0.8217193943217518,0.0,1.8405,1.7667,0.0,3.865,0.0,7.456799999999999
20260704,10.0,2,4,legacy_explicit_residual_gate,-45.792577342139936,1.0,1,0,nan,0.8217193943217518,0.0,2.1351,1.9727,4.0764,3.8822,0.8305,12.9053
20260704,10.0,2,4,projection_energy_gate,-45.792577342139936,1.0,1,0,0.43537784183161987,0.8217193943217518,0.0,1.999,1.8355,0.0,3.9915,0.1077,7.933700000000001
20260704,10.0,2,4,stage1_projection_energy_gate,-45.792577342139936,1.0,1,0,0.43537784183161987,0.8217193943217518,0.0,1.9595,1.9665,0.0,3.9463,0.1363,8.0948
20260704,10.0,2,5,legacy_explicit_residual_gate,-8.110546454377989,0.5,1,0,nan,0.8289551129603868,0.16666666666666666,2.0174,1.8752,3.8229,4.0738,0.6905,12.6089
20260704,10.0,2,5,projection_energy_gate,-8.110546454377989,0.5,1,0,0.20595117876207805,0.8289551129603868,0.16666666666666666,1.8073,1.7295,0.0,3.7433,0.0753,7.3554
20260704,10.0,2,5,stage1_projection_energy_gate,-8.110546454377989,0.5,1,0,0.20595117876207805,0.8289551129603868,0.16666666666666666,1.8196,1.7484,0.0,3.78,0.0816,7.3459
20260704,10.0,2,5,axiswise_candan_joint_ls,-8.110546454377989,0.5,1,0,nan,0.8289551129603868,0.16666666666666666,1.7809,1.6967,0.0,3.7936,0.0,7.2766
20260704,10.0,2,6,projection_energy_gate,-55.57098871788864,1.0,1,0,0.3045613321844433,0.8344252843809394,0.0,1.807,1.7228,0.0,3.753,0.0778,7.3938
20260704,10.0,2,6,stage1_projection_energy_gate,-55.57098871788864,1.0,1,0,0.3045613321844433,0.8344252843809394,0.0,1.7873,1.6995,0.0,3.6509,0.066,7.203600000000001
20260704,10.0,2,6,axiswise_candan_joint_ls,-55.57098871788864,1.0,1,0,nan,0.8344252843809394,0.0,1.8233,1.7878,0.0,3.8319,0.0,7.3878
20260704,10.0,2,6,legacy_explicit_residual_gate,-55.57098871788864,1.0,1,0,nan,0.8344252843809394,0.0,1.9156,1.7869,3.6979,3.6608,0.6372,11.630500000000001
20260704,10.0,2,7,stage1_projection_energy_gate,-17.43019246318479,0.5,1,0,0.2875730234649894,0.8286288620598049,0.16666666666666666,1.8194,1.7097,0.0,3.6953,0.0664,7.306299999999999
20260704,10.0,2,7,axiswise_candan_joint_ls,-17.43019246318479,0.5,1,0,nan,0.8286288620598049,0.16666666666666666,1.8173,1.7167,0.0,3.6349,0.0,7.1545000000000005
20260704,10.0,2,7,legacy_explicit_residual_gate,-17.43019246318479,0.5,1,0,nan,0.8286288620598049,0.16666666666666666,1.8878,1.6958,3.6691,3.7564,0.618,11.7194
20260704,10.0,2,7,projection_energy_gate,-17.43019246318479,0.5,1,0,0.2875730234649894,0.8286288620598049,0.16666666666666666,1.8554,1.7082,0.0,3.7933,0.0859,7.4434
20260704,10.0,2,8,axiswise_candan_joint_ls,-51.14762925889949,1.0,1,0,nan,0.820723376766251,0.0,1.7797,1.7377,0.0,3.7246,0.0,7.2282
20260704,10.0,2,8,legacy_explicit_residual_gate,-51.14762925889949,1.0,1,0,nan,0.820723376766251,0.0,1.9197,1.7441,3.7924,3.7609,0.6888,11.8575
20260704,10.0,2,8,projection_energy_gate,-51.14762925889949,1.0,1,0,0.4004478402053899,0.820723376766251,0.0,1.8885,1.8357,0.0,3.9528,0.1017,7.8949
20260704,10.0,2,8,stage1_projection_energy_gate,-51.14762925889949,1.0,1,0,0.4004478402053899,0.820723376766251,0.0,1.8107,1.7786,0.0,3.6643,0.1075,7.3952
20260704,10.0,2,9,legacy_explicit_residual_gate,-51.064452885809956,1.0,1,0,nan,0.81958051617058,0.0,1.9239,1.7706,4.2815,4.0056,0.7487,12.6295
20260704,10.0,2,9,projection_energy_gate,-51.064452885809956,1.0,1,0,0.22913565523557855,0.81958051617058,0.0,1.9952,1.8316,0.0,3.8886,0.0796,7.878900000000001
20260704,10.0,2,9,stage1_projection_energy_gate,-51.064452885809956,1.0,1,0,0.22913565523557855,0.81958051617058,0.0,1.8407,1.7116,0.0,3.711,0.0644,7.327699999999999
20260704,10.0,2,9,axiswise_candan_joint_ls,-51.064452885809956,1.0,1,0,nan,0.81958051617058,0.0,1.9294,1.7843,0.0,3.8665,0.0,7.5328
20260704,10.0,2,10,projection_energy_gate,-47.219408633564996,1.0,1,0,0.3052292754647055,0.8315900729837092,0.0,1.8908,1.8524,0.0,3.7149,0.1054,7.566800000000001
20260704,10.0,2,10,stage1_projection_energy_gate,-47.219408633564996,1.0,1,0,0.3052292754647055,0.8315900729837092,0.0,1.9608,1.7565,0.0,3.9447,0.1287,7.9254
20260704,10.0,2,10,axiswise_candan_joint_ls,-47.219408633564996,1.0,1,0,nan,0.8315900729837092,0.0,1.8785,1.8885,0.0,3.7712,0.0,7.6188
20260704,10.0,2,10,legacy_explicit_residual_gate,-47.219408633564996,1.0,1,0,nan,0.8315900729837092,0.0,1.9221,1.7199,3.693,3.6304,0.6084,11.558200000000001
20260704,10.0,2,11,stage1_projection_energy_gate,-47.0052688658093,1.0,1,0,0.37507176773059603,0.8276473559898242,0.0,1.8028,1.7678,0.0,3.7615,0.0927,7.5064
20260704,10.0,2,11,axiswise_candan_joint_ls,-47.0052688658093,1.0,1,0,nan,0.8276473559898242,0.0,1.7988,1.6992,0.0,3.7802,0.0,7.2839
20260704,10.0,2,11,legacy_explicit_residual_gate,-47.0052688658093,1.0,1,0,nan,0.8276473559898242,0.0,1.8903,1.7221,3.705,3.7144,0.6307,11.6781
20260704,10.0,2,11,projection_energy_gate,-47.0052688658093,1.0,1,0,0.37507176773059603,0.8276473559898242,0.0,1.7864,1.7181,0.0,3.7337,0.0753,7.3135
20260704,10.0,2,12,axiswise_candan_joint_ls,-46.19917047797243,1.0,1,0,nan,0.8217511618590058,0.0,1.862,1.7071,0.0,3.6819,0.0,7.2291
20260704,10.0,2,12,legacy_explicit_residual_gate,-46.19917047797243,1.0,1,0,nan,0.8217511618590058,0.0,1.9271,1.8034,3.7384,3.6763,0.6256,11.7478
20260704,10.0,2,12,projection_energy_gate,-46.19917047797243,1.0,1,0,0.3701728397785299,0.8217511618590058,0.0,1.8556,1.726,0.0,3.7723,0.0792,7.470000000000001
20260704,10.0,2,12,stage1_projection_energy_gate,-46.19917047797243,1.0,1,0,0.3701728397785299,0.8217511618590058,0.0,1.845,1.7754,0.0,3.7131,0.1007,7.4789
20260704,10.0,2,13,legacy_explicit_residual_gate,-17.742839929240507,0.5,1,0,nan,0.8907333490166811,0.16666666666666666,1.8878,1.6899,3.6054,3.6846,0.6858,11.5165
20260704,10.0,2,13,projection_energy_gate,-17.742839929240507,0.5,1,0,0.05148740776321457,0.8907333490166811,0.16666666666666666,1.8789,1.821,0.0,3.957,0.1052,7.7488
20260704,10.0,2,13,stage1_projection_energy_gate,-17.742839929240507,0.5,1,0,0.05148740776321457,0.8907333490166811,0.16666666666666666,1.8857,1.831,0.0,3.7961,0.0949,7.6674
20260704,10.0,2,13,axiswise_candan_joint_ls,-17.742839929240507,0.5,1,0,nan,0.8907333490166811,0.16666666666666666,1.8066,1.7065,0.0,3.6754,0.0,7.1884999999999994
20260704,10.0,2,14,projection_energy_gate,-15.490860240580373,0.5,1,0,0.15668567071466682,0.8578250165390687,0.16666666666666666,1.8032,1.7046,0.0,3.6841,0.0773,7.2782
20260704,10.0,2,14,stage1_projection_energy_gate,-15.490860240580373,0.5,1,0,0.15668567071466682,0.8578250165390687,0.16666666666666666,1.7911,1.7561,0.0,3.6414,0.0924,7.4953
20260704,10.0,2,14,axiswise_candan_joint_ls,-15.490860240580373,0.5,1,0,nan,0.8578250165390687,0.16666666666666666,1.8163,1.7467,0.0,3.6298,0.0,7.1784
20260704,10.0,2,14,legacy_explicit_residual_gate,-15.490860240580373,0.5,1,0,nan,0.8578250165390687,0.16666666666666666,2.0505,1.8773,3.8592,3.8635,0.669,12.418000000000001
20260704,10.0,2,15,stage1_projection_energy_gate,-46.392864834482666,1.0,1,0,0.35715768238419565,0.8241955255299867,0.0,1.8008,1.7517,0.0,3.9466,0.1079,7.6755
20260704,10.0,2,15,axiswise_candan_joint_ls,-46.392864834482666,1.0,1,0,nan,0.8241955255299867,0.0,1.9601,1.8832,0.0,4.0833,0.0,8.1506
20260704,10.0,2,15,legacy_explicit_residual_gate,-46.392864834482666,1.0,1,0,nan,0.8241955255299867,0.0,2.0362,1.7915,3.967,3.7507,0.693,12.5518
20260704,10.0,2,15,projection_energy_gate,-46.392864834482666,1.0,1,0,0.35715768238419565,0.8241955255299867,0.0,1.8498,1.7737,0.0,4.0018,0.0856,7.708200000000001
20260704,10.0,2,16,axiswise_candan_joint_ls,-13.583234614374682,0.5,1,0,nan,0.8222996551148695,0.16666666666666666,1.8033,1.7257,0.0,3.7341,0.0,7.2631
20260704,10.0,2,16,legacy_explicit_residual_gate,-13.583234614374682,0.5,1,0,nan,0.8222996551148695,0.16666666666666666,1.876,1.7186,3.6618,3.6726,0.6161,11.526499999999999
20260704,10.0,2,16,projection_energy_gate,-13.583234614374682,0.5,1,0,0.3118344703452178,0.8222996551148695,0.16666666666666666,1.8854,1.7669,0.0,3.7597,0.1409,7.5075
20260704,10.0,2,16,stage1_projection_energy_gate,-13.583234614374682,0.5,1,0,0.3118344703452178,0.8222996551148695,0.16666666666666666,1.8238,1.7029,0.0,3.8374,0.098,7.5835
20260704,10.0,2,17,legacy_explicit_residual_gate,-13.963428946543623,0.5,1,0,nan,0.8494477922134244,0.16666666666666666,1.8935,1.7565,3.8985,3.7756,0.6488,12.119399999999999
20260704,10.0,2,17,projection_energy_gate,-13.963428946543623,0.5,1,0,0.12694402610957295,0.8494477922134244,0.16666666666666666,1.8263,1.7193,0.0,3.8301,0.0718,7.4511
20260704,10.0,2,17,stage1_projection_energy_gate,-13.963428946543623,0.5,1,0,0.12694402610957295,0.8494477922134244,0.16666666666666666,1.7983,1.7379,0.0,3.8091,0.0732,7.437799999999999
20260704,10.0,2,17,axiswise_candan_joint_ls,-13.963428946543623,0.5,1,0,nan,0.8494477922134244,0.16666666666666666,2.284,2.1962,0.0,4.5475,0.0,8.928
20260704,10.0,2,18,projection_energy_gate,-53.73365969658465,1.0,1,0,0.07295403635451182,0.8489892715667099,0.0,2.0659,1.9961,0.0,3.958,0.1348,8.262
20260704,10.0,2,18,stage1_projection_energy_gate,-53.73365969658465,1.0,1,0,0.07295403635451182,0.8489892715667099,0.0,1.8525,1.7598,0.0,3.8554,0.0759,7.4619
20260704,10.0,2,18,axiswise_candan_joint_ls,-53.73365969658465,1.0,1,0,nan,0.8489892715667099,0.0,1.8253,1.7276,0.0,3.8492,0.0,7.3779
20260704,10.0,2,18,legacy_explicit_residual_gate,-53.73365969658465,1.0,1,0,nan,0.8489892715667099,0.0,1.932,1.7127,3.7697,3.72,0.6537,11.8058
20260704,10.0,2,19,stage1_projection_energy_gate,-15.811741700204763,0.5,1,0,0.15975212828367555,0.8265317555209218,0.16666666666666666,1.8565,1.7539,0.0,3.8334,0.1073,7.5611
20260704,10.0,2,19,axiswise_candan_joint_ls,-15.811741700204763,0.5,1,0,nan,0.8265317555209218,0.16666666666666666,1.8196,1.688,0.0,3.6946,0.0,7.2021999999999995
20260704,10.0,2,19,legacy_explicit_residual_gate,-15.811741700204763,0.5,1,0,nan,0.8265317555209218,0.16666666666666666,1.9259,1.743,3.7085,3.8155,0.6468,11.815
20260704,10.0,2,19,projection_energy_gate,-15.811741700204763,0.5,1,0,0.15975212828367555,0.8265317555209218,0.16666666666666666,1.8865,1.7799,0.0,3.6492,0.1178,7.4334
20260704,10.0,4,0,axiswise_candan_joint_ls,-21.91151069261231,0.75,1,0,nan,0.8216636242602733,0.08333333333333333,1.9349,1.8082,0.0,7.0876,0.0,10.6401
20260704,10.0,4,0,legacy_explicit_residual_gate,-21.91151069261231,0.75,1,0,nan,0.8216636242602733,0.08333333333333333,2.0011,1.8867,7.1133,6.8608,0.6379,18.4998
20260704,10.0,4,0,projection_energy_gate,-21.91151069261231,0.75,1,0,0.29918875554446217,0.8216636242602733,0.08333333333333333,1.8432,1.8419,0.0,6.94,0.1246,10.857700000000001
20260704,10.0,4,0,stage1_projection_energy_gate,-21.91151069261231,0.75,1,0,0.29918875554446217,0.8216636242602733,0.08333333333333333,1.8746,1.8611,0.0,7.0333,0.1405,10.9069
20260704,10.0,4,1,legacy_explicit_residual_gate,-12.204885566672083,0.75,1,0,nan,0.8133892015142322,0.08333333333333333,1.9597,1.8057,7.0053,6.996,0.6441,18.392300000000002
20260704,10.0,4,1,projection_energy_gate,-12.204885566672083,0.75,1,0,0.13266962878301072,0.8133892015142322,0.08333333333333333,2.019,1.9405,0.0,7.4633,0.2134,11.669
20260704,10.0,4,1,stage1_projection_energy_gate,-12.204885566672083,0.75,1,0,0.13266962878301072,0.8133892015142322,0.08333333333333333,1.8344,1.8085,0.0,6.7881,0.1374,10.590499999999999
20260704,10.0,4,1,axiswise_candan_joint_ls,-12.204885566672083,0.75,1,0,nan,0.8133892015142322,0.08333333333333333,1.7936,1.7944,0.0,6.9216,0.0,10.5015
20260704,10.0,4,2,projection_energy_gate,-17.84545272852339,0.75,1,0,0.11156283906563141,0.8233222260905694,0.08333333333333333,1.8813,1.8972,0.0,6.8653,0.1413,10.787500000000001
20260704,10.0,4,2,stage1_projection_energy_gate,-17.84545272852339,0.75,1,0,0.11156283906563141,0.8233222260905694,0.08333333333333333,1.8608,1.8433,0.0,7.0147,0.1632,10.940999999999999
20260704,10.0,4,2,axiswise_candan_joint_ls,-17.84545272852339,0.75,1,0,nan,0.8233222260905694,0.08333333333333333,1.8408,1.8314,0.0,6.9886,0.0,10.6394
20260704,10.0,4,2,legacy_explicit_residual_gate,-17.84545272852339,0.75,1,0,nan,0.8233222260905694,0.08333333333333333,1.8916,1.7805,7.0407,6.8062,0.6217,18.139
20260704,10.0,4,3,stage1_projection_energy_gate,-46.63963648800543,1.0,1,0,0.5267159276520844,0.8136526410513717,0.0,1.968,1.9232,0.0,7.0,0.1404,11.2762
20260704,10.0,4,3,axiswise_candan_joint_ls,-46.63963648800543,1.0,1,0,nan,0.8136526410513717,0.0,1.8274,1.8389,0.0,6.9061,0.0,10.5935
20260704,10.0,4,3,legacy_explicit_residual_gate,-46.63963648800543,1.0,1,0,nan,0.8136526410513717,0.0,1.9094,1.7933,6.9736,6.8401,0.6312,18.160600000000002
20260704,10.0,4,3,projection_energy_gate,-46.63963648800543,1.0,1,0,0.5267159276520844,0.8136526410513717,0.0,1.9067,1.9264,0.0,7.1763,0.1677,11.1273
20260704,10.0,4,4,axiswise_candan_joint_ls,-14.847120159369654,0.75,1,0,nan,0.8403637968780808,0.08333333333333333,1.864,1.8848,0.0,6.9445,0.0,10.7089
20260704,10.0,4,4,legacy_explicit_residual_gate,-14.847120159369654,0.75,1,0,nan,0.8403637968780808,0.08333333333333333,2.0148,1.8314,7.3155,7.2456,0.7316,19.26
20260704,10.0,4,4,projection_energy_gate,-14.847120159369654,0.75,1,0,0.15549831788102172,0.8403637968780808,0.08333333333333333,1.9486,2.0349,0.0,7.3001,0.1586,11.448
20260704,10.0,4,4,stage1_projection_energy_gate,-14.847120159369654,0.75,1,0,0.15549831788102172,0.8403637968780808,0.08333333333333333,1.8933,1.8817,0.0,7.1764,0.1534,11.179799999999998
20260704,10.0,4,5,legacy_explicit_residual_gate,-17.77067884537326,0.75,1,0,nan,0.8125440360599065,0.08333333333333333,1.9035,1.7696,6.8513,6.7546,0.6185,18.360599999999998
20260704,10.0,4,5,projection_energy_gate,-17.77067884537326,0.75,1,0,0.21601342166191412,0.8125440360599065,0.08333333333333333,1.8534,1.8306,0.0,7.1024,0.138,10.9613
20260704,10.0,4,5,stage1_projection_energy_gate,-17.77067884537326,0.75,1,0,0.21601342166191412,0.8125440360599065,0.08333333333333333,1.8633,1.8353,0.0,6.8644,0.1225,10.7205
20260704,10.0,4,5,axiswise_candan_joint_ls,-17.77067884537326,0.75,1,0,nan,0.8125440360599065,0.08333333333333333,1.8271,1.8058,0.0,6.8059,0.0,10.4412
20260704,10.0,4,6,projection_energy_gate,-15.75401292035944,0.75,1,0,0.3679611634193333,0.8162809333786691,0.08333333333333333,1.8371,1.8304,0.0,7.3095,0.1632,11.1692
20260704,10.0,4,6,stage1_projection_energy_gate,-15.75401292035944,0.75,1,0,0.3679611634193333,0.8162809333786691,0.08333333333333333,1.8202,1.8204,0.0,6.9392,0.1392,10.669400000000001
20260704,10.0,4,6,axiswise_candan_joint_ls,-15.75401292035944,0.75,1,0,nan,0.8162809333786691,0.08333333333333333,1.7858,1.7851,0.0,6.9087,0.0,10.4795
20260704,10.0,4,6,legacy_explicit_residual_gate,-15.75401292035944,0.75,1,0,nan,0.8162809333786691,0.08333333333333333,1.9144,1.7882,7.0218,7.0654,0.7026,18.4304
20260704,10.0,4,7,stage1_projection_energy_gate,-17.11820339263188,0.75,1,0,0.23058716106724222,0.8321692505452014,0.08333333333333333,1.8541,1.8372,0.0,7.061,0.1621,11.027800000000001
20260704,10.0,4,7,axiswise_candan_joint_ls,-17.11820339263188,0.75,1,0,nan,0.8321692505452014,0.08333333333333333,1.8347,1.8455,0.0,7.0565,0.0,10.7757
20260704,10.0,4,7,legacy_explicit_residual_gate,-17.11820339263188,0.75,1,0,nan,0.8321692505452014,0.08333333333333333,1.9292,1.8357,6.968,6.7303,0.6319,18.0976
20260704,10.0,4,7,projection_energy_gate,-17.11820339263188,0.75,1,0,0.23058716106724222,0.8321692505452014,0.08333333333333333,1.8533,1.7754,0.0,7.1228,0.1434,10.846100000000002
20260704,10.0,4,8,axiswise_candan_joint_ls,-13.701631010457971,0.5,1,0,nan,0.8169524754811267,0.08333333333333333,1.8153,1.8183,0.0,6.9003,0.0,10.5339
20260704,10.0,4,8,legacy_explicit_residual_gate,-13.701631010457971,0.5,1,0,nan,0.8169524754811267,0.08333333333333333,1.9373,1.8461,7.224,7.1203,0.7284,18.991999999999997
20260704,10.0,4,8,projection_energy_gate,-13.701631010457971,0.5,1,0,0.2784429198348907,0.8169524754811267,0.08333333333333333,1.8287,1.804,0.0,6.8438,0.1351,10.640799999999999
20260704,10.0,4,8,stage1_projection_energy_gate,-13.701631010457971,0.5,1,0,0.2784429198348907,0.8169524754811267,0.08333333333333333,1.8173,1.8263,0.0,6.941,0.1275,10.6725
20260704,10.0,4,9,legacy_explicit_residual_gate,-14.18474955028336,0.5,1,0,nan,0.8144424706956113,0.08333333333333333,1.8854,1.7755,6.9315,6.9653,0.6534,18.2878
20260704,10.0,4,9,projection_energy_gate,-14.18474955028336,0.5,1,0,0.22769071985969433,0.8144424706956113,0.08333333333333333,1.861,1.8303,0.0,7.0153,0.1689,10.7912
20260704,10.0,4,9,stage1_projection_energy_gate,-14.18474955028336,0.5,1,0,0.22769071985969433,0.8144424706956113,0.08333333333333333,1.8484,1.8558,0.0,7.1553,0.1629,11.070300000000001
20260704,10.0,4,9,axiswise_candan_joint_ls,-14.18474955028336,0.5,1,0,nan,0.8144424706956113,0.08333333333333333,1.8321,1.809,0.0,6.8452,0.0,10.4799
20260704,10.0,4,10,projection_energy_gate,-18.03881698198515,0.75,1,0,0.24322013056645225,0.8213305164562102,0.08333333333333333,1.8373,1.8164,0.0,6.8377,0.1398,10.631199999999998
20260704,10.0,4,10,stage1_projection_energy_gate,-18.03881698198515,0.75,1,0,0.24322013056645225,0.8213305164562102,0.08333333333333333,1.85,1.8448,0.0,6.8582,0.1366,10.7265
20260704,10.0,4,10,axiswise_candan_joint_ls,-18.03881698198515,0.75,1,0,nan,0.8213305164562102,0.08333333333333333,1.7943,1.7979,0.0,6.9485,0.0,10.6475
20260704,10.0,4,10,legacy_explicit_residual_gate,-18.03881698198515,0.75,1,0,nan,0.8213305164562102,0.08333333333333333,1.9934,1.8147,6.9333,7.1212,0.7331,18.622799999999998
20260704,10.0,4,11,stage1_projection_energy_gate,-44.6145176895872,1.0,1,0,0.20601483203692092,0.8296483853127097,0.0,1.8121,1.7781,0.0,6.8978,0.136,10.561
20260704,10.0,4,11,axiswise_candan_joint_ls,-44.6145176895872,1.0,1,0,nan,0.8296483853127097,0.0,1.8521,1.8255,0.0,6.8829,0.0,10.544799999999999
20260704,10.0,4,11,legacy_explicit_residual_gate,-44.6145176895872,1.0,1,0,nan,0.8296483853127097,0.0,1.9735,1.7752,7.0189,7.0086,0.6346,18.471
20260704,10.0,4,11,projection_energy_gate,-44.6145176895872,1.0,1,0,0.20601483203692092,0.8296483853127097,0.0,1.8845,1.8918,0.0,7.0806,0.1333,11.067799999999998
20260704,10.0,4,12,axiswise_candan_joint_ls,-10.12448998587242,0.5,1,0,nan,0.8090305311125382,0.16666666666666666,1.8682,1.8327,0.0,7.2633,0.0,11.219100000000001
20260704,10.0,4,12,legacy_explicit_residual_gate,-10.12448998587242,0.5,1,0,nan,0.8090305311125382,0.16666666666666666,1.9232,1.8275,7.0729,7.1545,0.6955,18.66
20260704,10.0,4,12,projection_energy_gate,-10.12448998587242,0.5,1,0,0.3604605872635522,0.8090305311125382,0.16666666666666666,1.8408,1.8091,0.0,6.954,0.1504,10.7151
20260704,10.0,4,12,stage1_projection_energy_gate,-10.12448998587242,0.5,1,0,0.3604605872635522,0.8090305311125382,0.16666666666666666,1.7887,1.7645,0.0,6.9988,0.1417,10.6845
20260704,10.0,4,13,legacy_explicit_residual_gate,-45.56114136457066,1.0,1,0,nan,0.8325873989318266,0.0,1.8453,1.758,6.9385,6.7533,0.6161,17.8961
20260704,10.0,4,13,projection_energy_gate,-45.56114136457066,1.0,1,0,0.10407826766970253,0.8325873989318266,0.0,1.8234,1.8718,0.0,6.9396,0.151,10.8099
20260704,10.0,4,13,stage1_projection_energy_gate,-45.56114136457066,1.0,1,0,0.10407826766970253,0.8325873989318266,0.0,1.8116,1.8085,0.0,6.8276,0.1406,10.550500000000001
20260704,10.0,4,13,axiswise_candan_joint_ls,-45.56114136457066,1.0,1,0,nan,0.8325873989318266,0.0,1.9323,1.873,0.0,7.3752,0.0,11.1805
20260704,10.0,4,14,projection_energy_gate,-12.274432866417225,0.5,1,0,0.13426545296081652,0.8328519394109994,0.16666666666666666,1.8119,1.8132,0.0,6.995,0.1486,10.8701
20260704,10.0,4,14,stage1_projection_energy_gate,-12.274432866417225,0.5,1,0,0.13426545296081652,0.8328519394109994,0.16666666666666666,1.8421,1.8779,0.0,7.2079,0.1666,11.194799999999999
20260704,10.0,4,14,axiswise_candan_joint_ls,-12.274432866417225,0.5,1,0,nan,0.8328519394109994,0.16666666666666666,1.8262,1.867,0.0,6.9347,0.0,10.716
20260704,10.0,4,14,legacy_explicit_residual_gate,-12.274432866417225,0.5,1,0,nan,0.8328519394109994,0.16666666666666666,1.9102,1.7943,7.0584,6.7438,0.6391,18.134100000000004
20260704,10.0,4,15,stage1_projection_energy_gate,-16.192205360151366,0.75,1,0,0.24674928890404207,0.8251863832773697,0.08333333333333333,1.8505,1.8779,0.0,6.8497,0.1373,10.825899999999999
20260704,10.0,4,15,axiswise_candan_joint_ls,-16.192205360151366,0.75,1,0,nan,0.8251863832773697,0.08333333333333333,1.8064,1.7974,0.0,6.9138,0.0,10.521799999999999
20260704,10.0,4,15,legacy_explicit_residual_gate,-16.192205360151366,0.75,1,0,nan,0.8251863832773697,0.08333333333333333,2.0021,1.8637,7.1127,6.9843,0.7155,18.575
20260704,10.0,4,15,projection_energy_gate,-16.192205360151366,0.75,1,0,0.24674928890404207,0.8251863832773697,0.08333333333333333,1.8264,1.7819,0.0,6.8716,0.1347,10.6385
20260704,10.0,4,16,axiswise_candan_joint_ls,-8.126916890535671,0.25,1,0,nan,0.8135119964975034,0.16666666666666666,1.8222,1.8152,0.0,6.9019,0.0,10.581800000000001
20260704,10.0,4,16,legacy_explicit_residual_gate,-8.126916890535671,0.25,1,0,nan,0.8135119964975034,0.16666666666666666,1.9432,1.836,7.2249,7.0822,0.7085,18.7457
20260704,10.0,4,16,projection_energy_gate,-8.126916890535671,0.25,1,0,0.2750606441784263,0.8135119964975034,0.16666666666666666,1.9103,1.9166,0.0,7.1934,0.1327,11.2215
20260704,10.0,4,16,stage1_projection_energy_gate,-8.126916890535671,0.25,1,0,0.2750606441784263,0.8135119964975034,0.16666666666666666,1.8309,1.8394,0.0,6.8371,0.1484,10.691
20260704,10.0,4,17,legacy_explicit_residual_gate,-11.000491778301873,0.75,1,0,nan,0.816945381111594,0.08333333333333333,1.9046,1.7748,7.0837,6.7431,0.6147,18.1201
20260704,10.0,4,17,projection_energy_gate,-11.000491778301873,0.75,1,0,0.17975025309395132,0.816945381111594,0.08333333333333333,1.8866,1.8577,0.0,6.9731,0.1362,10.8277
20260704,10.0,4,17,stage1_projection_energy_gate,-11.000491778301873,0.75,1,0,0.17975025309395132,0.816945381111594,0.08333333333333333,2.0282,2.0436,0.0,7.4174,0.1924,11.597399999999999
20260704,10.0,4,17,axiswise_candan_joint_ls,-11.000491778301873,0.75,1,0,nan,0.816945381111594,0.08333333333333333,1.9197,1.9396,0.0,7.5846,0.0,11.5427
20260704,10.0,4,18,projection_energy_gate,-45.64284480938972,1.0,1,0,0.4010513673253845,0.8141309888296185,0.0,1.9557,1.8852,0.0,7.4798,0.1877,11.717
20260704,10.0,4,18,stage1_projection_energy_gate,-45.64284480938972,1.0,1,0,0.4010513673253845,0.8141309888296185,0.0,2.1372,2.0172,0.0,7.5405,0.1998,12.0156
20260704,10.0,4,18,axiswise_candan_joint_ls,-45.64284480938972,1.0,1,0,nan,0.8141309888296185,0.0,2.0694,1.9427,0.0,7.1627,0.0,11.2294
20260704,10.0,4,18,legacy_explicit_residual_gate,-45.64284480938972,1.0,1,0,nan,0.8141309888296185,0.0,2.0827,2.0111,7.6212,7.2824,0.7871,19.7323
20260704,10.0,4,19,stage1_projection_energy_gate,-13.128938267680875,0.75,1,0,0.31860594022426214,0.8155600201193102,0.08333333333333333,2.0738,1.9815,0.0,7.25,0.169,11.481
20260704,10.0,4,19,axiswise_candan_joint_ls,-13.128938267680875,0.75,1,0,nan,0.8155600201193102,0.08333333333333333,1.9306,1.9099,0.0,7.1079,0.0,11.1385
20260704,10.0,4,19,legacy_explicit_residual_gate,-13.128938267680875,0.75,1,0,nan,0.8155600201193102,0.08333333333333333,1.9372,1.888,7.1019,7.2903,0.6756,18.9618
20260704,10.0,4,19,projection_energy_gate,-13.128938267680875,0.75,1,0,0.31860594022426214,0.8155600201193102,0.08333333333333333,1.8867,1.854,0.0,7.151,0.1758,11.0693
20260704,10.0,8,0,axiswise_candan_joint_ls,-13.187891704493168,0.625,1,0,nan,0.8148406825204109,0.08333333333333333,1.9082,2.0392,0.0,16.4887,0.0,20.4033
20260704,10.0,8,0,legacy_explicit_residual_gate,-13.187891704493168,0.625,1,0,nan,0.8148406825204109,0.08333333333333333,1.9876,2.0129,15.6192,15.8391,0.7555,36.4918
20260704,10.0,8,0,projection_energy_gate,-13.187891704493168,0.625,1,0,0.32517033855293864,0.8148406825204109,0.08333333333333333,1.9841,2.0872,0.0,15.2043,0.1453,19.424
20260704,10.0,8,0,stage1_projection_energy_gate,-13.187891704493168,0.625,1,0,0.32517033855293864,0.8148406825204109,0.08333333333333333,1.8929,1.9944,0.0,16.2938,0.1887,20.316100000000002
20260704,10.0,8,1,legacy_explicit_residual_gate,-18.704836883019656,0.875,1,0,nan,0.8121535367085203,0.041666666666666664,1.962,1.973,15.5716,15.5883,0.7524,35.9506
20260704,10.0,8,1,projection_energy_gate,-18.704836883019656,0.875,1,0,0.23239542993285914,0.8121535367085203,0.041666666666666664,1.9007,2.0487,0.0,15.2951,0.1704,19.397
20260704,10.0,8,1,stage1_projection_energy_gate,-18.704836883019656,0.875,1,0,0.23239542993285914,0.8121535367085203,0.041666666666666664,1.8902,2.106,0.0,16.6303,0.1436,20.6951
20260704,10.0,8,1,axiswise_candan_joint_ls,-18.704836883019656,0.875,1,0,nan,0.8121535367085203,0.041666666666666664,2.0927,2.1674,0.0,16.2207,0.0,20.480800000000002
20260704,10.0,8,2,projection_energy_gate,-12.831421692927144,0.75,1,0,0.21632487202259082,0.8148960391872598,0.08333333333333333,2.1029,2.1556,0.0,16.7202,0.1237,21.2035
20260704,10.0,8,2,stage1_projection_energy_gate,-12.831421692927144,0.75,1,0,0.21632487202259082,0.8148960391872598,0.08333333333333333,2.1042,2.1571,0.0,17.2356,0.2019,21.6493
20260704,10.0,8,2,axiswise_candan_joint_ls,-12.831421692927144,0.75,1,0,nan,0.8148960391872598,0.08333333333333333,2.0851,2.3898,0.0,15.2321,0.0,19.707
20260704,10.0,8,2,legacy_explicit_residual_gate,-12.831421692927144,0.75,1,0,nan,0.8148960391872598,0.08333333333333333,2.1434,2.2544,16.2659,16.3976,0.7466,37.705400000000004
20260704,10.0,8,3,stage1_projection_energy_gate,-17.39671335949394,0.75,1,0,0.29418016935935565,0.8194476713326907,0.08333333333333333,2.0096,2.0819,0.0,16.1864,0.1733,20.3384
20260704,10.0,8,3,axiswise_candan_joint_ls,-17.39671335949394,0.75,1,0,nan,0.8194476713326907,0.08333333333333333,2.0486,2.0448,0.0,15.1037,0.0,19.0963
20260704,10.0,8,3,legacy_explicit_residual_gate,-17.39671335949394,0.75,1,0,nan,0.8194476713326907,0.08333333333333333,2.0719,2.0405,15.3923,15.2588,0.7045,35.7408
20260704,10.0,8,3,projection_energy_gate,-17.39671335949394,0.75,1,0,0.29418016935935565,0.8194476713326907,0.08333333333333333,1.9034,2.1497,0.0,15.4559,0.1367,19.82
20260704,10.0,8,4,axiswise_candan_joint_ls,-14.10612197006126,0.625,1,0,nan,0.8170504030036332,0.08333333333333333,2.0244,2.058,0.0,15.3702,0.0,19.3537
20260704,10.0,8,4,legacy_explicit_residual_gate,-14.10612197006126,0.625,1,0,nan,0.8170504030036332,0.08333333333333333,2.0801,2.0768,15.2343,17.096,0.7768,37.428799999999995
20260704,10.0,8,4,projection_energy_gate,-14.10612197006126,0.625,1,0,0.21331590160620373,0.8170504030036332,0.08333333333333333,1.9964,2.044,0.0,15.213,0.1631,19.508699999999997
20260704,10.0,8,4,stage1_projection_energy_gate,-14.10612197006126,0.625,1,0,0.21331590160620373,0.8170504030036332,0.08333333333333333,1.9344,1.9951,0.0,15.2618,0.155,19.3718
20260704,10.0,8,5,legacy_explicit_residual_gate,-19.73248498369609,0.875,1,0,nan,0.8095160522736427,0.041666666666666664,1.9846,2.018,15.2798,15.1865,0.667,35.370799999999996
20260704,10.0,8,5,projection_energy_gate,-19.73248498369609,0.875,1,0,0.3485359427256591,0.8095160522736427,0.041666666666666664,2.0222,2.0974,0.0,15.7176,0.153,20.0114
20260704,10.0,8,5,stage1_projection_energy_gate,-19.73248498369609,0.875,1,0,0.3485359427256591,0.8095160522736427,0.041666666666666664,1.9935,2.1071,0.0,15.9982,0.1822,20.2382
20260704,10.0,8,5,axiswise_candan_joint_ls,-19.73248498369609,0.875,1,0,nan,0.8095160522736427,0.041666666666666664,1.91,2.0324,0.0,16.2562,0.0,20.1986
20260704,10.0,8,6,projection_energy_gate,-14.208025174702776,0.625,1,0,0.1538617535089602,0.8196809607774218,0.125,2.0303,2.0619,0.0,15.3758,0.1614,19.6499
20260704,10.0,8,6,stage1_projection_energy_gate,-14.208025174702776,0.625,1,0,0.1538617535089602,0.8196809607774218,0.125,1.9371,2.0458,0.0,15.1597,0.1537,19.354
20260704,10.0,8,6,axiswise_candan_joint_ls,-14.208025174702776,0.625,1,0,nan,0.8196809607774218,0.125,2.0763,2.1843,0.0,16.9391,0.0,21.1997
20260704,10.0,8,6,legacy_explicit_residual_gate,-14.208025174702776,0.625,1,0,nan,0.8196809607774218,0.125,2.1252,2.0906,15.5921,15.6436,0.6156,36.4504
20260704,10.0,8,7,stage1_projection_energy_gate,-13.735854509063186,0.625,1,0,0.2516440166308488,0.8241444795366059,0.125,1.9876,2.0964,0.0,15.1437,0.1447,19.3719
20260704,10.0,8,7,axiswise_candan_joint_ls,-13.735854509063186,0.625,1,0,nan,0.8241444795366059,0.125,2.0337,2.1318,0.0,16.2752,0.0,20.4407
20260704,10.0,8,7,legacy_explicit_residual_gate,-13.735854509063186,0.625,1,0,nan,0.8241444795366059,0.125,2.1439,2.0423,15.1617,15.4294,0.6629,35.3664
20260704,10.0,8,7,projection_energy_gate,-13.735854509063186,0.625,1,0,0.2516440166308488,0.8241444795366059,0.125,1.9375,2.0386,0.0,15.5055,0.1493,19.6068
20260704,10.0,8,8,axiswise_candan_joint_ls,-13.071635946925069,0.75,1,0,nan,0.8132580562054658,0.041666666666666664,2.0174,2.2198,0.0,16.069,0.0,20.3142
20260704,10.0,8,8,legacy_explicit_residual_gate,-13.071635946925069,0.75,1,0,nan,0.8132580562054658,0.041666666666666664,2.0968,2.0932,15.5119,15.3747,0.6808,35.9868
20260704,10.0,8,8,projection_energy_gate,-13.071635946925069,0.75,1,0,0.21401986141796797,0.8132580562054658,0.041666666666666664,1.9331,2.0714,0.0,15.5533,0.161,19.5958
20260704,10.0,8,8,stage1_projection_energy_gate,-13.071635946925069,0.75,1,0,0.21401986141796797,0.8132580562054658,0.041666666666666664,1.9253,2.0369,0.0,15.3051,0.145,19.6305
20260704,10.0,8,9,legacy_explicit_residual_gate,-16.946150628386082,0.75,1,0,nan,0.8231099803363693,0.041666666666666664,2.0148,2.0204,15.5547,15.2883,0.6451,35.5731
20260704,10.0,8,9,projection_energy_gate,-16.946150628386082,0.75,1,0,0.21490740216320947,0.8231099803363693,0.041666666666666664,1.962,2.0586,0.0,15.2619,0.1624,20.105400000000003
20260704,10.0,8,9,stage1_projection_energy_gate,-16.946150628386082,0.75,1,0,0.21490740216320947,0.8231099803363693,0.041666666666666664,1.9659,2.0848,0.0,15.0793,0.1502,19.286099999999998
20260704,10.0,8,9,axiswise_candan_joint_ls,-16.946150628386082,0.75,1,0,nan,0.8231099803363693,0.041666666666666664,2.0975,2.248,0.0,15.6637,0.0,20.0883
20260704,10.0,8,10,projection_energy_gate,-16.5349527077569,0.875,1,0,0.24881019367524243,0.8174588235339201,0.041666666666666664,2.0013,2.0703,0.0,15.1948,0.1626,19.3714
20260704,10.0,8,10,stage1_projection_energy_gate,-16.5349527077569,0.875,1,0,0.24881019367524243,0.8174588235339201,0.041666666666666664,2.0082,2.1066,0.0,15.4583,0.1336,19.7575
20260704,10.0,8,10,axiswise_candan_joint_ls,-16.5349527077569,0.875,1,0,nan,0.8174588235339201,0.041666666666666664,2.1204,2.103,0.0,16.4591,0.0,20.682499999999997
20260704,10.0,8,10,legacy_explicit_residual_gate,-16.5349527077569,0.875,1,0,nan,0.8174588235339201,0.041666666666666664,2.0256,2.1109,16.0916,15.6877,0.7542,36.5875
20260704,10.0,8,11,stage1_projection_energy_gate,-14.966981962262839,0.75,1,0,0.1919946458925986,0.8168322991732733,0.08333333333333333,1.9278,1.9837,0.0,15.7306,0.1519,20.072000000000003
20260704,10.0,8,11,axiswise_candan_joint_ls,-14.966981962262839,0.75,1,0,nan,0.8168322991732733,0.08333333333333333,1.8716,2.0891,0.0,15.2053,0.0,19.2033
20260704,10.0,8,11,legacy_explicit_residual_gate,-14.966981962262839,0.75,1,0,nan,0.8168322991732733,0.08333333333333333,2.0527,2.0005,15.9866,15.0649,0.6597,36.281600000000005
20260704,10.0,8,11,projection_energy_gate,-14.966981962262839,0.75,1,0,0.1919946458925986,0.8168322991732733,0.08333333333333333,2.0127,2.2736,0.0,15.6728,0.1855,19.9652
20260704,10.0,8,12,axiswise_candan_joint_ls,-15.580910909137504,0.875,1,0,nan,0.8101562601574632,0.041666666666666664,2.0802,2.2125,0.0,15.6517,0.0,19.6344
20260704,10.0,8,12,legacy_explicit_residual_gate,-15.580910909137504,0.875,1,0,nan,0.8101562601574632,0.041666666666666664,2.1528,2.0515,15.9376,15.2947,0.7948,35.903600000000004
20260704,10.0,8,12,projection_energy_gate,-15.580910909137504,0.875,1,0,0.29735746809383584,0.8101562601574632,0.041666666666666664,2.0071,2.136,0.0,15.6961,0.1656,19.954800000000002
20260704,10.0,8,12,stage1_projection_energy_gate,-15.580910909137504,0.875,1,0,0.29735746809383584,0.8101562601574632,0.041666666666666664,2.0306,2.0743,0.0,15.5475,0.191,19.877799999999997
20260704,10.0,8,13,legacy_explicit_residual_gate,-16.314599327327844,0.625,1,0,nan,0.3711338326362081,0.125,2.2887,2.1624,16.3004,16.2009,0.8674,38.80980000000001
20260704,10.0,8,13,projection_energy_gate,-16.314599327327844,0.625,1,0,0.16976156914750812,0.3711338326362081,0.125,2.0414,2.1063,0.0,16.7744,0.1878,21.023400000000002
20260704,10.0,8,13,stage1_projection_energy_gate,-16.314599327327844,0.625,1,0,0.16976156914750812,0.3711338326362081,0.125,2.0444,2.1442,0.0,16.4371,0.1507,20.814000000000004
20260704,10.0,8,13,axiswise_candan_joint_ls,-16.314599327327844,0.625,1,0,nan,0.3711338326362081,0.125,1.938,2.1863,0.0,15.7539,0.0,20.0782
20260704,10.0,8,14,projection_energy_gate,-15.080922722764495,0.875,1,0,0.29849971604533415,0.8167704600928057,0.041666666666666664,2.0249,2.1883,0.0,17.1798,0.1405,21.4972
20260704,10.0,8,14,stage1_projection_energy_gate,-15.080922722764495,0.875,1,0,0.29849971604533415,0.8167704600928057,0.041666666666666664,2.1171,2.1709,0.0,16.4097,0.1705,20.8596
20260704,10.0,8,14,axiswise_candan_joint_ls,-15.080922722764495,0.875,1,0,nan,0.8167704600928057,0.041666666666666664,1.9661,2.0802,0.0,15.424,0.0,19.689
20260704,10.0,8,14,legacy_explicit_residual_gate,-15.080922722764495,0.875,1,0,nan,0.8167704600928057,0.041666666666666664,2.0497,2.0884,15.5366,14.7376,0.6921,36.4814
20260704,10.0,8,15,stage1_projection_energy_gate,-12.980489353059175,0.75,1,0,0.2244505007180436,0.8149321187117287,0.08333333333333333,1.8756,1.9402,0.0,16.513,0.1364,20.4727
20260704,10.0,8,15,axiswise_candan_joint_ls,-12.980489353059175,0.75,1,0,nan,0.8149321187117287,0.08333333333333333,1.8899,2.0721,0.0,16.3702,0.0,20.3125
20260704,10.0,8,15,legacy_explicit_residual_gate,-12.980489353059175,0.75,1,0,nan,0.8149321187117287,0.08333333333333333,1.9502,1.9509,15.3969,14.9285,0.6233,34.8419
20260704,10.0,8,15,projection_energy_gate,-12.980489353059175,0.75,1,0,0.2244505007180436,0.8149321187117287,0.08333333333333333,1.9555,2.0686,0.0,15.5222,0.1952,19.715
20260704,10.0,8,16,axiswise_candan_joint_ls,-31.05558656065871,0.875,1,0,nan,0.81025508592193,0.041666666666666664,1.8868,1.9489,0.0,14.7379,0.0,18.6453
20260704,10.0,8,16,legacy_explicit_residual_gate,-31.05558656065871,0.875,1,0,nan,0.81025508592193,0.041666666666666664,1.9418,1.9282,14.9414,14.8267,0.6625,34.3139
20260704,10.0,8,16,projection_energy_gate,-31.05558656065871,0.875,1,0,0.25476460246922333,0.81025508592193,0.041666666666666664,1.9021,1.8925,0.0,14.9856,0.1561,19.0762
20260704,10.0,8,16,stage1_projection_energy_gate,-31.05558656065871,0.875,1,0,0.25476460246922333,0.81025508592193,0.041666666666666664,1.8823,1.967,0.0,15.1189,0.1873,19.1215
20260704,10.0,8,17,legacy_explicit_residual_gate,-18.67321053676466,0.875,1,0,nan,0.8171651600722876,0.041666666666666664,1.9191,1.9299,15.0651,15.0599,0.758,34.4742
20260704,10.0,8,17,projection_energy_gate,-18.67321053676466,0.875,1,0,0.2014355732566007,0.8171651600722876,0.041666666666666664,1.8858,1.9386,0.0,15.3283,0.1372,19.326900000000002
20260704,10.0,8,17,stage1_projection_energy_gate,-18.67321053676466,0.875,1,0,0.2014355732566007,0.8171651600722876,0.041666666666666664,1.867,1.8833,0.0,14.7884,0.1295,18.6666
20260704,10.0,8,17,axiswise_candan_joint_ls,-18.67321053676466,0.875,1,0,nan,0.8171651600722876,0.041666666666666664,1.8459,2.0116,0.0,14.8969,0.0,19.025100000000002
20260704,10.0,8,18,projection_energy_gate,-14.745886112930634,0.875,1,0,0.20139061061563746,0.8182909489528626,0.041666666666666664,2.2388,2.3254,0.0,17.6618,0.1495,22.4136
20260704,10.0,8,18,stage1_projection_energy_gate,-14.745886112930634,0.875,1,0,0.20139061061563746,0.8182909489528626,0.041666666666666664,1.8699,1.925,0.0,14.7951,0.1308,18.7088
20260704,10.0,8,18,axiswise_candan_joint_ls,-14.745886112930634,0.875,1,0,nan,0.8182909489528626,0.041666666666666664,1.9655,1.9841,0.0,15.181,0.0,19.2731
20260704,10.0,8,18,legacy_explicit_residual_gate,-14.745886112930634,0.875,1,0,nan,0.8182909489528626,0.041666666666666664,1.9647,1.9616,14.9595,14.9958,0.647,34.647499999999994
20260704,10.0,8,19,stage1_projection_energy_gate,-11.559231748727168,0.5,1,0,0.24330796461197335,0.8207358474289538,0.125,1.8828,1.9713,0.0,14.8044,0.1361,18.7165
20260704,10.0,8,19,axiswise_candan_joint_ls,-11.559231748727168,0.5,1,0,nan,0.8207358474289538,0.125,1.9293,2.003,0.0,15.9076,0.0,19.723300000000002
20260704,10.0,8,19,legacy_explicit_residual_gate,-11.559231748727168,0.5,1,0,nan,0.8207358474289538,0.125,1.9552,1.9233,15.3317,15.531,0.6068,35.4886
20260704,10.0,8,19,projection_energy_gate,-11.559231748727168,0.5,1,0,0.24330796461197335,0.8207358474289538,0.125,1.8864,1.9067,0.0,15.3103,0.1388,19.441200000000002
20260704,20.0,2,0,axiswise_candan_joint_ls,-12.905158818673716,0.5,1,0,nan,0.819404787530487,0.16666666666666666,1.8037,1.759,0.0,3.6638,0.0,7.2987
20260704,20.0,2,0,legacy_explicit_residual_gate,-12.905158818673716,0.5,1,0,nan,0.819404787530487,0.16666666666666666,1.9133,1.715,3.6734,3.7127,0.6098,11.6881
20260704,20.0,2,0,projection_energy_gate,-12.905158818673716,0.5,1,0,0.2755260779832226,0.819404787530487,0.16666666666666666,1.8834,1.7163,0.0,3.7678,0.0793,7.4468
20260704,20.0,2,0,stage1_projection_energy_gate,-12.905158818673716,0.5,1,0,0.2755260779832226,0.819404787530487,0.16666666666666666,2.0032,1.9179,0.0,3.8237,0.1162,7.8969
20260704,20.0,2,1,legacy_explicit_residual_gate,-10.32919474793885,0.5,1,0,nan,0.8156844118710552,0.16666666666666666,1.9828,1.741,3.7177,3.7067,0.6516,11.763399999999999
20260704,20.0,2,1,projection_energy_gate,-10.32919474793885,0.5,1,0,0.3016359874345094,0.8156844118710552,0.16666666666666666,1.8598,1.7086,0.0,3.7865,0.0879,7.426
20260704,20.0,2,1,stage1_projection_energy_gate,-10.32919474793885,0.5,1,0,0.3016359874345094,0.8156844118710552,0.16666666666666666,1.9147,1.7965,0.0,3.7272,0.1071,7.52
20260704,20.0,2,1,axiswise_candan_joint_ls,-10.32919474793885,0.5,1,0,nan,0.8156844118710552,0.16666666666666666,2.0086,1.7217,0.0,3.6783,0.0,7.4725
20260704,20.0,2,2,projection_energy_gate,-60.42175315185229,1.0,1,0,0.38333914060168395,0.8356585272549604,0.0,1.8253,1.7174,0.0,3.7844,0.0907,7.4487000000000005
20260704,20.0,2,2,stage1_projection_energy_gate,-60.42175315185229,1.0,1,0,0.38333914060168395,0.8356585272549604,0.0,1.8748,1.7618,0.0,3.6281,0.1098,7.3499
20260704,20.0,2,2,axiswise_candan_joint_ls,-60.42175315185229,1.0,1,0,nan,0.8356585272549604,0.0,1.7716,1.7489,0.0,3.6062,0.0,7.2247
20260704,20.0,2,2,legacy_explicit_residual_gate,-60.42175315185229,1.0,1,0,nan,0.8356585272549604,0.0,1.9326,1.768,3.8627,3.7855,0.6603,12.0296
20260704,20.0,2,3,stage1_projection_energy_gate,-9.392106061255028,0.5,1,0,0.4387112038227341,0.819953056004206,0.16666666666666666,1.9517,1.776,0.0,3.7273,0.099,7.5129
20260704,20.0,2,3,axiswise_candan_joint_ls,-9.392106061255028,0.5,1,0,nan,0.819953056004206,0.16666666666666666,1.8164,1.6827,0.0,3.6761,0.0,7.183300000000001
20260704,20.0,2,3,legacy_explicit_residual_gate,-9.392106061255028,0.5,1,0,nan,0.819953056004206,0.16666666666666666,1.8598,1.7009,3.6705,3.6248,0.6239,11.449100000000001
20260704,20.0,2,3,projection_energy_gate,-9.392106061255028,0.5,1,0,0.4387112038227341,0.819953056004206,0.16666666666666666,1.7813,1.6757,0.0,3.6286,0.0602,7.1267
20260704,20.0,2,4,axiswise_candan_joint_ls,-58.911760963000035,1.0,1,0,nan,0.8168150139769322,0.0,1.7664,1.7225,0.0,3.7611,0.0,7.3289
20260704,20.0,2,4,legacy_explicit_residual_gate,-58.911760963000035,1.0,1,0,nan,0.8168150139769322,0.0,1.8541,1.69,3.6651,3.6054,0.6083,11.4343
20260704,20.0,2,4,projection_energy_gate,-58.911760963000035,1.0,1,0,0.4592068352700424,0.8168150139769322,0.0,1.8001,1.7267,0.0,3.6915,0.0703,7.2608999999999995
20260704,20.0,2,4,stage1_projection_energy_gate,-58.911760963000035,1.0,1,0,0.4592068352700424,0.8168150139769322,0.0,1.7926,1.6949,0.0,3.6488,0.0606,7.1969
20260704,20.0,2,5,legacy_explicit_residual_gate,-22.01453486878208,0.5,1,0,nan,0.845857332318389,0.16666666666666666,2.0923,1.854,3.8904,3.9822,0.7196,12.4641
20260704,20.0,2,5,projection_energy_gate,-22.01453486878208,0.5,1,0,0.1993496963003295,0.845857332318389,0.16666666666666666,1.8287,1.7476,0.0,3.7956,0.076,7.4303
20260704,20.0,2,5,stage1_projection_energy_gate,-22.01453486878208,0.5,1,0,0.1993496963003295,0.845857332318389,0.16666666666666666,1.844,1.7887,0.0,3.8078,0.1052,7.4617
20260704,20.0,2,5,axiswise_candan_joint_ls,-22.01453486878208,0.5,1,0,nan,0.845857332318389,0.16666666666666666,1.7868,1.7141,0.0,3.6009,0.0,7.0966000000000005
20260704,20.0,2,6,projection_energy_gate,-56.05033394352469,1.0,1,0,0.22359508661268365,0.8333234128364697,0.0,1.8134,1.8037,0.0,3.6765,0.0695,7.3703
20260704,20.0,2,6,stage1_projection_energy_gate,-56.05033394352469,1.0,1,0,0.22359508661268365,0.8333234128364697,0.0,1.8112,1.7525,0.0,3.6586,0.094,7.3173
20260704,20.0,2,6,axiswise_candan_joint_ls,-56.05033394352469,1.0,1,0,nan,0.8333234128364697,0.0,1.862,1.8181,0.0,3.8706,0.0,7.673
20260704,20.0,2,6,legacy_explicit_residual_gate,-56.05033394352469,1.0,1,0,nan,0.8333234128364697,0.0,1.9452,1.7523,3.7921,3.7548,0.6647,11.889899999999999
20260704,20.0,2,7,stage1_projection_energy_gate,-16.46309137413257,0.5,1,0,0.09030102090439152,0.8706933431085343,0.16666666666666666,1.8392,1.769,0.0,3.7406,0.0828,7.469499999999999
20260704,20.0,2,7,axiswise_candan_joint_ls,-16.46309137413257,0.5,1,0,nan,0.8706933431085343,0.16666666666666666,1.8313,1.738,0.0,3.7068,0.0,7.2761
20260704,20.0,2,7,legacy_explicit_residual_gate,-16.46309137413257,0.5,1,0,nan,0.8706933431085343,0.16666666666666666,1.9224,1.7912,3.7526,3.6824,0.6162,11.8282
20260704,20.0,2,7,projection_energy_gate,-16.46309137413257,0.5,1,0,0.09030102090439152,0.8706933431085343,0.16666666666666666,2.0461,1.8119,0.0,3.7081,0.0931,7.682300000000001
20260704,20.0,2,8,axiswise_candan_joint_ls,-58.128866831078255,1.0,1,0,nan,0.827433546152606,0.0,1.8003,1.7535,0.0,3.6963,0.0,7.2881
20260704,20.0,2,8,legacy_explicit_residual_gate,-58.128866831078255,1.0,1,0,nan,0.827433546152606,0.0,1.9335,1.761,3.8245,3.698,0.7284,11.935
20260704,20.0,2,8,projection_energy_gate,-58.128866831078255,1.0,1,0,0.2764334367371116,0.827433546152606,0.0,1.8144,1.7238,0.0,3.7491,0.0741,7.343699999999999
20260704,20.0,2,8,stage1_projection_energy_gate,-58.128866831078255,1.0,1,0,0.2764334367371116,0.827433546152606,0.0,1.7992,1.7009,0.0,3.7354,0.081,7.3482
20260704,20.0,2,9,legacy_explicit_residual_gate,-63.63701086687891,1.0,1,0,nan,0.845831582525897,0.0,1.9529,1.7635,3.7239,3.6326,0.64,11.7317
20260704,20.0,2,9,projection_energy_gate,-63.63701086687891,1.0,1,0,0.3132880654408549,0.845831582525897,0.0,1.8123,1.7061,0.0,3.6484,0.0702,7.237
20260704,20.0,2,9,stage1_projection_energy_gate,-63.63701086687891,1.0,1,0,0.3132880654408549,0.845831582525897,0.0,1.9272,1.7615,0.0,3.6813,0.1,7.5646
20260704,20.0,2,9,axiswise_candan_joint_ls,-63.63701086687891,1.0,1,0,nan,0.845831582525897,0.0,1.8071,1.7546,0.0,3.8491,0.0,7.406499999999999
20260704,20.0,2,10,projection_energy_gate,-60.71443901585099,1.0,1,0,0.3075334146541379,0.8267452543602168,0.0,1.8692,1.7528,0.0,3.7715,0.1289,7.4466
20260704,20.0,2,10,stage1_projection_energy_gate,-60.71443901585099,1.0,1,0,0.3075334146541379,0.8267452543602168,0.0,1.8528,1.8064,0.0,3.6989,0.1224,7.4805
20260704,20.0,2,10,axiswise_candan_joint_ls,-60.71443901585099,1.0,1,0,nan,0.8267452543602168,0.0,1.8489,1.8008,0.0,3.6249,0.0,7.3126
20260704,20.0,2,10,legacy_explicit_residual_gate,-60.71443901585099,1.0,1,0,nan,0.8267452543602168,0.0,1.893,1.7055,3.6609,3.6577,0.6106,11.5309
20260704,20.0,2,11,stage1_projection_energy_gate,-59.53991142450619,1.0,1,0,0.2519764359773603,0.8427211666033437,0.0,1.7897,1.6819,0.0,4.3421,0.1505,8.031699999999999
20260704,20.0,2,11,axiswise_candan_joint_ls,-59.53991142450619,1.0,1,0,nan,0.8427211666033437,0.0,1.8408,1.7797,0.0,3.6126,0.0,7.233700000000001
20260704,20.0,2,11,legacy_explicit_residual_gate,-59.53991142450619,1.0,1,0,nan,0.8427211666033437,0.0,1.853,1.6812,3.6757,3.6482,0.606,11.500399999999999
20260704,20.0,2,11,projection_energy_gate,-59.53991142450619,1.0,1,0,0.2519764359773603,0.8427211666033437,0.0,1.8483,1.749,0.0,3.7723,0.0926,7.492700000000001
20260704,20.0,2,12,axiswise_candan_joint_ls,-65.57840597131052,1.0,1,0,nan,0.8158628724720679,0.0,1.8743,1.7445,0.0,3.7534,0.0,7.342600000000001
20260704,20.0,2,12,legacy_explicit_residual_gate,-65.57840597131052,1.0,1,0,nan,0.8158628724720679,0.0,1.9545,1.7288,3.7335,3.6619,0.6478,11.942900000000002
20260704,20.0,2,12,projection_energy_gate,-65.57840597131052,1.0,1,0,0.3875660080786346,0.8158628724720679,0.0,1.9255,1.8534,0.0,3.7578,0.1125,7.6491999999999996
20260704,20.0,2,12,stage1_projection_energy_gate,-65.57840597131052,1.0,1,0,0.3875660080786346,0.8158628724720679,0.0,1.8446,1.726,0.0,3.6009,0.0935,7.301699999999999
20260704,20.0,2,13,legacy_explicit_residual_gate,-54.40124189941056,1.0,1,0,nan,0.8216605851010086,0.0,1.9532,1.7642,3.7577,3.7353,0.7033,11.875
20260704,20.0,2,13,projection_energy_gate,-54.40124189941056,1.0,1,0,0.385798573306133,0.8216605851010086,0.0,1.8581,1.749,0.0,3.8532,0.1168,7.5241999999999996
20260704,20.0,2,13,stage1_projection_energy_gate,-54.40124189941056,1.0,1,0,0.385798573306133,0.8216605851010086,0.0,1.8402,1.8554,0.0,3.7487,0.0756,7.6053999999999995
20260704,20.0,2,13,axiswise_candan_joint_ls,-54.40124189941056,1.0,1,0,nan,0.8216605851010086,0.0,1.8354,1.7504,0.0,3.6957,0.0,7.2669
20260704,20.0,2,14,projection_energy_gate,-61.2772204075819,1.0,1,0,0.2880424741500271,0.8469592010612375,0.0,1.8002,1.7018,0.0,3.7492,0.0799,7.3437
20260704,20.0,2,14,stage1_projection_energy_gate,-61.2772204075819,1.0,1,0,0.2880424741500271,0.8469592010612375,0.0,1.8015,1.709,0.0,3.7541,0.0841,7.392899999999999
20260704,20.0,2,14,axiswise_candan_joint_ls,-61.2772204075819,1.0,1,0,nan,0.8469592010612375,0.0,1.772,1.7636,0.0,3.9139,0.0,7.5074000000000005
20260704,20.0,2,14,legacy_explicit_residual_gate,-61.2772204075819,1.0,1,0,nan,0.8469592010612375,0.0,1.9229,1.7335,3.7176,3.7053,0.6456,11.7317
20260704,20.0,2,15,stage1_projection_energy_gate,-56.73174473569766,1.0,1,0,0.33506734493340345,0.8304142467329851,0.0,1.8265,1.7166,0.0,3.7521,0.0841,7.375000000000001
20260704,20.0,2,15,axiswise_candan_joint_ls,-56.73174473569766,1.0,1,0,nan,0.8304142467329851,0.0,1.8779,1.789,0.0,3.8016,0.0,7.4737
20260704,20.0,2,15,legacy_explicit_residual_gate,-56.73174473569766,1.0,1,0,nan,0.8304142467329851,0.0,1.8961,1.7066,3.6725,3.6013,0.6124,11.4885
20260704,20.0,2,15,projection_energy_gate,-56.73174473569766,1.0,1,0,0.33506734493340345,0.8304142467329851,0.0,1.904,1.8246,0.0,3.8406,0.0913,7.59
20260704,20.0,2,16,axiswise_candan_joint_ls,-58.8066367546643,1.0,1,0,nan,0.8232570134676952,0.0,1.8674,1.7854,0.0,3.8559,0.0,7.5023
20260704,20.0,2,16,legacy_explicit_residual_gate,-58.8066367546643,1.0,1,0,nan,0.8232570134676952,0.0,1.9803,1.7644,3.697,3.7521,0.6399,11.9542
20260704,20.0,2,16,projection_energy_gate,-58.8066367546643,1.0,1,0,0.367423344899754,0.8232570134676952,0.0,1.8086,1.709,0.0,3.6699,0.0673,7.2646
20260704,20.0,2,16,stage1_projection_energy_gate,-58.8066367546643,1.0,1,0,0.367423344899754,0.8232570134676952,0.0,2.0001,1.8499,0.0,3.996,0.1563,8.0205
20260704,20.0,2,17,legacy_explicit_residual_gate,-60.12030099162732,1.0,1,0,nan,0.8298521747833663,0.0,1.8646,1.7179,3.6281,3.6587,0.6153,11.4778
20260704,20.0,2,17,projection_energy_gate,-60.12030099162732,1.0,1,0,0.20245334925272615,0.8298521747833663,0.0,1.7913,1.682,0.0,3.6486,0.0617,7.1854
20260704,20.0,2,17,stage1_projection_energy_gate,-60.12030099162732,1.0,1,0,0.20245334925272615,0.8298521747833663,0.0,1.7864,1.6982,0.0,3.612,0.0607,7.1616
20260704,20.0,2,17,axiswise_candan_joint_ls,-60.12030099162732,1.0,1,0,nan,0.8298521747833663,0.0,1.8179,1.7163,0.0,3.6878,0.0,7.2178
20260704,20.0,2,18,projection_energy_gate,-58.92157392898483,1.0,1,0,0.42584997028108934,0.8155703269308002,0.0,1.8091,1.766,0.0,3.6954,0.0862,7.506799999999999
20260704,20.0,2,18,stage1_projection_energy_gate,-58.92157392898483,1.0,1,0,0.42584997028108934,0.8155703269308002,0.0,1.8316,1.7474,0.0,3.7697,0.0863,7.462999999999999
20260704,20.0,2,18,axiswise_candan_joint_ls,-58.92157392898483,1.0,1,0,nan,0.8155703269308002,0.0,1.8546,1.8342,0.0,3.8701,0.0,7.4962
20260704,20.0,2,18,legacy_explicit_residual_gate,-58.92157392898483,1.0,1,0,nan,0.8155703269308002,0.0,2.0851,1.9266,3.9186,3.9033,0.7528,12.6221
20260704,20.0,2,19,stage1_projection_energy_gate,-10.715946125665123,0.5,1,0,0.19059632878645086,0.814525255373538,0.16666666666666666,1.8129,1.74,0.0,3.6964,0.0687,7.3154
20260704,20.0,2,19,axiswise_candan_joint_ls,-10.715946125665123,0.5,1,0,nan,0.814525255373538,0.16666666666666666,1.8248,1.7009,0.0,3.7094,0.0,7.231199999999999
20260704,20.0,2,19,legacy_explicit_residual_gate,-10.715946125665123,0.5,1,0,nan,0.814525255373538,0.16666666666666666,1.9401,1.7677,3.759,3.6514,0.6092,11.7434
20260704,20.0,2,19,projection_energy_gate,-10.715946125665123,0.5,1,0,0.19059632878645086,0.814525255373538,0.16666666666666666,1.8261,1.7109,0.0,3.7659,0.0776,7.360199999999999
20260704,20.0,4,0,axiswise_candan_joint_ls,-11.590621384492534,0.5,1,0,nan,0.8158985233694789,0.16666666666666666,1.8073,1.7673,0.0,7.135,0.0,10.7019
20260704,20.0,4,0,legacy_explicit_residual_gate,-11.590621384492534,0.5,1,0,nan,0.8158985233694789,0.16666666666666666,1.925,1.8255,6.9881,6.958,0.6221,18.325000000000003
20260704,20.0,4,0,projection_energy_gate,-11.590621384492534,0.5,1,0,0.3675745663373205,0.8158985233694789,0.16666666666666666,1.8188,1.8155,0.0,6.8001,0.1338,10.5647
20260704,20.0,4,0,stage1_projection_energy_gate,-11.590621384492534,0.5,1,0,0.3675745663373205,0.8158985233694789,0.16666666666666666,1.8256,1.9607,0.0,7.0521,0.1559,10.9666
20260704,20.0,4,1,legacy_explicit_residual_gate,-19.843580188053803,0.75,1,0,nan,0.8412118715913053,0.08333333333333333,1.9346,1.8194,7.1265,7.0226,0.6378,18.5442
20260704,20.0,4,1,projection_energy_gate,-19.843580188053803,0.75,1,0,0.29708483678745384,0.8412118715913053,0.08333333333333333,1.8661,1.8272,0.0,7.1046,0.145,10.913799999999998
20260704,20.0,4,1,stage1_projection_energy_gate,-19.843580188053803,0.75,1,0,0.29708483678745384,0.8412118715913053,0.08333333333333333,1.8655,1.8362,0.0,6.8982,0.1403,10.7243
20260704,20.0,4,1,axiswise_candan_joint_ls,-19.843580188053803,0.75,1,0,nan,0.8412118715913053,0.08333333333333333,1.8283,1.7967,0.0,6.9266,0.0,10.511099999999999
20260704,20.0,4,2,projection_energy_gate,-14.434324782074528,0.75,1,0,0.39230354888525343,0.8209917245173457,0.08333333333333333,1.8401,1.7833,0.0,6.8148,0.1347,10.6243
20260704,20.0,4,2,stage1_projection_energy_gate,-14.434324782074528,0.75,1,0,0.39230354888525343,0.8209917245173457,0.08333333333333333,1.9166,1.8181,0.0,7.0801,0.1496,11.184700000000001
20260704,20.0,4,2,axiswise_candan_joint_ls,-14.434324782074528,0.75,1,0,nan,0.8209917245173457,0.08333333333333333,1.9781,1.8783,0.0,7.1507,0.0,11.1245
20260704,20.0,4,2,legacy_explicit_residual_gate,-14.434324782074528,0.75,1,0,nan,0.8209917245173457,0.08333333333333333,2.0067,1.8123,7.1184,7.0353,0.6684,18.6407
20260704,20.0,4,3,stage1_projection_energy_gate,-55.29321413162759,1.0,1,0,0.23118536024560618,0.8324103449257101,0.0,1.8426,1.8658,0.0,6.9306,0.1395,10.8054
20260704,20.0,4,3,axiswise_candan_joint_ls,-55.29321413162759,1.0,1,0,nan,0.8324103449257101,0.0,1.8287,1.816,0.0,6.8792,0.0,10.576699999999999
20260704,20.0,4,3,legacy_explicit_residual_gate,-55.29321413162759,1.0,1,0,nan,0.8324103449257101,0.0,1.9564,1.8078,7.1389,6.8826,0.628,18.4823
20260704,20.0,4,3,projection_energy_gate,-55.29321413162759,1.0,1,0,0.23118536024560618,0.8324103449257101,0.0,1.9766,2.0387,0.0,7.0112,0.1536,11.120099999999999
20260704,20.0,4,4,axiswise_candan_joint_ls,-55.829981974351064,1.0,1,0,nan,0.819845691533736,0.0,1.7914,1.8272,0.0,6.8723,0.0,10.665
20260704,20.0,4,4,legacy_explicit_residual_gate,-55.829981974351064,1.0,1,0,nan,0.819845691533736,0.0,1.9138,1.8033,6.8926,6.6817,0.6412,18.1442
20260704,20.0,4,4,projection_energy_gate,-55.829981974351064,1.0,1,0,0.28071714155549476,0.819845691533736,0.0,1.8624,1.822,0.0,6.9171,0.1326,10.833
20260704,20.0,4,4,stage1_projection_energy_gate,-55.829981974351064,1.0,1,0,0.28071714155549476,0.819845691533736,0.0,1.842,1.8332,0.0,6.8669,0.1358,10.6916
20260704,20.0,4,5,legacy_explicit_residual_gate,-19.573127735389505,0.5,1,0,nan,0.8178332122835784,0.08333333333333333,2.0825,1.8577,6.9568,7.0253,0.6417,18.7087
20260704,20.0,4,5,projection_energy_gate,-19.573127735389505,0.5,1,0,0.2854513545566247,0.8178332122835784,0.08333333333333333,1.8953,1.8449,0.0,7.1319,0.1429,11.2088
20260704,20.0,4,5,stage1_projection_energy_gate,-19.573127735389505,0.5,1,0,0.2854513545566247,0.8178332122835784,0.08333333333333333,1.856,1.8254,0.0,6.9494,0.1263,10.7424
20260704,20.0,4,5,axiswise_candan_joint_ls,-19.573127735389505,0.5,1,0,nan,0.8178332122835784,0.08333333333333333,1.8177,1.8033,0.0,6.8575,0.0,10.4702
20260704,20.0,4,6,projection_energy_gate,-54.47528150164622,1.0,1,0,0.3326690599904592,0.8251714061834214,0.0,1.7743,1.7629,0.0,6.7993,0.1409,10.4541
20260704,20.0,4,6,stage1_projection_energy_gate,-54.47528150164622,1.0,1,0,0.3326690599904592,0.8251714061834214,0.0,1.8731,1.8543,0.0,7.1638,0.1322,10.9022
20260704,20.0,4,6,axiswise_candan_joint_ls,-54.47528150164622,1.0,1,0,nan,0.8251714061834214,0.0,1.8457,1.8681,0.0,6.9067,0.0,10.6055
20260704,20.0,4,6,legacy_explicit_residual_gate,-54.47528150164622,1.0,1,0,nan,0.8251714061834214,0.0,1.9094,1.7923,6.9979,7.0898,0.6535,18.521099999999997
20260704,20.0,4,7,stage1_projection_energy_gate,-56.339542825922436,1.0,1,0,0.2611405341560472,0.8263434171925554,0.0,1.9684,1.9631,0.0,7.3248,0.1821,11.4602
20260704,20.0,4,7,axiswise_candan_joint_ls,-56.339542825922436,1.0,1,0,nan,0.8263434171925554,0.0,1.8648,1.8835,0.0,7.2571,0.0,11.013300000000001
20260704,20.0,4,7,legacy_explicit_residual_gate,-56.339542825922436,1.0,1,0,nan,0.8263434171925554,0.0,1.9168,1.787,6.9585,7.0378,0.641,18.2509
20260704,20.0,4,7,projection_energy_gate,-56.339542825922436,1.0,1,0,0.2611405341560472,0.8263434171925554,0.0,1.8111,1.7999,0.0,6.9256,0.1418,10.903
20260704,20.0,4,8,axiswise_candan_joint_ls,-29.966255745998108,1.0,1,0,nan,0.8151674570629323,0.0,1.8255,1.8125,0.0,6.7808,0.0,10.445
20260704,20.0,4,8,legacy_explicit_residual_gate,-29.966255745998108,1.0,1,0,nan,0.8151674570629323,0.0,1.8959,1.7884,7.0563,7.0435,0.7007,18.307100000000002
20260704,20.0,4,8,projection_energy_gate,-29.966255745998108,1.0,1,0,0.3301641826592719,0.8151674570629323,0.0,1.8565,1.872,0.0,7.0326,0.1609,10.9097
20260704,20.0,4,8,stage1_projection_energy_gate,-29.966255745998108,1.0,1,0,0.3301641826592719,0.8151674570629323,0.0,1.8621,1.8288,0.0,6.9004,0.1313,10.7264
20260704,20.0,4,9,legacy_explicit_residual_gate,-54.2335485895203,1.0,1,0,nan,0.8164638473513275,0.0,1.9289,1.8082,6.9341,6.7654,0.6209,18.3502
20260704,20.0,4,9,projection_energy_gate,-54.2335485895203,1.0,1,0,0.3980301939922415,0.8164638473513275,0.0,1.8426,1.8038,0.0,7.316,0.1303,11.1727
20260704,20.0,4,9,stage1_projection_energy_gate,-54.2335485895203,1.0,1,0,0.3980301939922415,0.8164638473513275,0.0,1.8026,1.8097,0.0,7.1117,0.1631,10.8547
20260704,20.0,4,9,axiswise_candan_joint_ls,-54.2335485895203,1.0,1,0,nan,0.8164638473513275,0.0,1.8135,1.85,0.0,6.9994,0.0,10.6305
20260704,20.0,4,10,projection_energy_gate,-12.085474142189515,0.5,1,0,0.1854793173284142,0.8226301286942217,0.16666666666666666,2.0915,1.8669,0.0,7.2965,0.1448,11.6725
20260704,20.0,4,10,stage1_projection_energy_gate,-12.085474142189515,0.5,1,0,0.1854793173284142,0.8226301286942217,0.16666666666666666,1.898,1.8158,0.0,6.8989,0.1397,10.7082
20260704,20.0,4,10,axiswise_candan_joint_ls,-12.085474142189515,0.5,1,0,nan,0.8226301286942217,0.16666666666666666,1.8117,1.7516,0.0,6.7924,0.0,10.4879
20260704,20.0,4,10,legacy_explicit_residual_gate,-12.085474142189515,0.5,1,0,nan,0.8226301286942217,0.16666666666666666,1.9609,1.7831,7.3368,6.9435,0.6479,18.5769
20260704,20.0,4,11,stage1_projection_energy_gate,-55.03788830048316,1.0,1,0,0.41077681763934154,0.8209052238961998,0.0,1.8563,1.8527,0.0,6.8122,0.1374,10.7039
20260704,20.0,4,11,axiswise_candan_joint_ls,-55.03788830048316,1.0,1,0,nan,0.8209052238961998,0.0,1.8408,1.808,0.0,6.8555,0.0,10.481300000000001
20260704,20.0,4,11,legacy_explicit_residual_gate,-55.03788830048316,1.0,1,0,nan,0.8209052238961998,0.0,1.9482,1.8669,6.9636,6.9606,0.6328,18.5127
20260704,20.0,4,11,projection_energy_gate,-55.03788830048316,1.0,1,0,0.41077681763934154,0.8209052238961998,0.0,1.8364,1.8214,0.0,7.0565,0.1351,10.8645
20260704,20.0,4,12,axiswise_candan_joint_ls,-19.225023845618125,0.5,1,0,nan,0.8465383854797178,0.08333333333333333,1.9316,1.804,0.0,7.2148,0.0,10.9796
20260704,20.0,4,12,legacy_explicit_residual_gate,-19.225023845618125,0.5,1,0,nan,0.8465383854797178,0.08333333333333333,1.9088,1.8613,6.9731,6.7957,0.6124,18.3388
20260704,20.0,4,12,projection_energy_gate,-19.225023845618125,0.5,1,0,0.1449165566893015,0.8465383854797178,0.08333333333333333,1.8405,1.8161,0.0,6.8205,0.1307,10.6047
20260704,20.0,4,12,stage1_projection_energy_gate,-19.225023845618125,0.5,1,0,0.1449165566893015,0.8465383854797178,0.08333333333333333,1.8123,1.8067,0.0,6.8564,0.1378,10.6343
20260704,20.0,4,13,legacy_explicit_residual_gate,-13.972025461759326,0.75,1,0,nan,0.8100984244863029,0.08333333333333333,1.8405,1.8194,7.1818,7.0887,0.6685,18.5946
20260704,20.0,4,13,projection_energy_gate,-13.972025461759326,0.75,1,0,0.2512575701386419,0.8100984244863029,0.08333333333333333,1.8292,1.831,0.0,6.9063,0.1385,10.690999999999999
20260704,20.0,4,13,stage1_projection_energy_gate,-13.972025461759326,0.75,1,0,0.2512575701386419,0.8100984244863029,0.08333333333333333,1.8291,1.8296,0.0,6.8381,0.1248,10.6635
20260704,20.0,4,13,axiswise_candan_joint_ls,-13.972025461759326,0.75,1,0,nan,0.8100984244863029,0.08333333333333333,1.8116,1.8347,0.0,7.1294,0.0,10.8341
20260704,20.0,4,14,projection_energy_gate,-10.572881341297386,0.75,1,0,0.27534856703766136,0.8167694418344401,0.08333333333333333,1.8434,1.8041,0.0,6.8947,0.1388,10.6914
20260704,20.0,4,14,stage1_projection_energy_gate,-10.572881341297386,0.75,1,0,0.27534856703766136,0.8167694418344401,0.08333333333333333,1.8353,1.814,0.0,6.9661,0.1371,10.7957
20260704,20.0,4,14,axiswise_candan_joint_ls,-10.572881341297386,0.75,1,0,nan,0.8167694418344401,0.08333333333333333,1.8604,1.8559,0.0,7.232,0.0,10.9857
20260704,20.0,4,14,legacy_explicit_residual_gate,-10.572881341297386,0.75,1,0,nan,0.8167694418344401,0.08333333333333333,1.8909,1.8123,7.1484,6.9554,0.6393,18.4169
20260704,20.0,4,15,stage1_projection_energy_gate,-50.50168422788342,1.0,1,0,0.3743535306252885,0.8135739638614535,0.0,1.8901,1.847,0.0,6.9174,0.129,10.7516
20260704,20.0,4,15,axiswise_candan_joint_ls,-50.50168422788342,1.0,1,0,nan,0.8135739638614535,0.0,1.8076,1.8036,0.0,6.8645,0.0,10.4924
20260704,20.0,4,15,legacy_explicit_residual_gate,-50.50168422788342,1.0,1,0,nan,0.8135739638614535,0.0,1.9145,1.7834,7.2473,6.8002,0.6277,18.3547
20260704,20.0,4,15,projection_energy_gate,-50.50168422788342,1.0,1,0,0.3743535306252885,0.8135739638614535,0.0,1.9382,1.8883,0.0,7.0499,0.1528,10.987
20260704,20.0,4,16,axiswise_candan_joint_ls,-10.66817937957832,0.75,1,0,nan,0.8148288137181049,0.08333333333333333,1.8448,1.8374,0.0,6.9941,0.0,10.776900000000001
20260704,20.0,4,16,legacy_explicit_residual_gate,-10.66817937957832,0.75,1,0,nan,0.8148288137181049,0.08333333333333333,1.9541,1.8533,6.957,6.9379,0.6332,18.4037
20260704,20.0,4,16,projection_energy_gate,-10.66817937957832,0.75,1,0,0.396129575087417,0.8148288137181049,0.08333333333333333,1.8575,1.9236,0.0,6.9968,0.1659,11.0143
20260704,20.0,4,16,stage1_projection_energy_gate,-10.66817937957832,0.75,1,0,0.396129575087417,0.8148288137181049,0.08333333333333333,1.8729,1.8622,0.0,7.0255,0.1374,10.9935
20260704,20.0,4,17,legacy_explicit_residual_gate,-13.202115894349644,0.75,1,0,nan,0.8182920995218349,0.08333333333333333,1.9921,1.8337,7.0016,6.9627,0.6348,18.4579
20260704,20.0,4,17,projection_energy_gate,-13.202115894349644,0.75,1,0,0.341394436825565,0.8182920995218349,0.08333333333333333,1.854,1.8351,0.0,6.8146,0.1251,10.6615
20260704,20.0,4,17,stage1_projection_energy_gate,-13.202115894349644,0.75,1,0,0.341394436825565,0.8182920995218349,0.08333333333333333,1.8395,1.8189,0.0,6.7649,0.1281,10.5634
20260704,20.0,4,17,axiswise_candan_joint_ls,-13.202115894349644,0.75,1,0,nan,0.8182920995218349,0.08333333333333333,1.9099,1.905,0.0,7.2079,0.0,11.124
20260704,20.0,4,18,projection_energy_gate,-54.93728178183629,1.0,1,0,0.15900841487863318,0.8483399207258759,0.0,1.8512,1.8793,0.0,7.0735,0.1741,10.943
20260704,20.0,4,18,stage1_projection_energy_gate,-54.93728178183629,1.0,1,0,0.15900841487863318,0.8483399207258759,0.0,1.8142,1.7904,0.0,6.7965,0.1292,10.5303
20260704,20.0,4,18,axiswise_candan_joint_ls,-54.93728178183629,1.0,1,0,nan,0.8483399207258759,0.0,1.8163,1.8297,0.0,7.1171,0.0,10.7985
20260704,20.0,4,18,legacy_explicit_residual_gate,-54.93728178183629,1.0,1,0,nan,0.8483399207258759,0.0,1.9167,1.8162,6.9305,6.7827,0.6315,18.258599999999998
20260704,20.0,4,19,stage1_projection_energy_gate,-18.537919383907205,0.75,1,0,0.3484993198325346,0.8135433927137857,0.08333333333333333,2.07,2.071,0.0,7.5375,0.2,11.878499999999999
20260704,20.0,4,19,axiswise_candan_joint_ls,-18.537919383907205,0.75,1,0,nan,0.8135433927137857,0.08333333333333333,1.8451,1.8386,0.0,6.7585,0.0,10.4386
20260704,20.0,4,19,legacy_explicit_residual_gate,-18.537919383907205,0.75,1,0,nan,0.8135433927137857,0.08333333333333333,1.9379,1.8202,6.9745,6.7879,0.6329,18.2654
20260704,20.0,4,19,projection_energy_gate,-18.537919383907205,0.75,1,0,0.3484993198325346,0.8135433927137857,0.08333333333333333,1.8599,1.8429,0.0,6.8769,0.139,10.7638
20260704,20.0,8,0,axiswise_candan_joint_ls,-16.238364458837143,0.875,1,0,nan,0.8142349722245791,0.041666666666666664,1.8922,1.9202,0.0,14.9002,0.0,18.793300000000002
20260704,20.0,8,0,legacy_explicit_residual_gate,-16.238364458837143,0.875,1,0,nan,0.8142349722245791,0.041666666666666664,1.9539,1.9219,15.175,14.9624,0.6606,34.5415
20260704,20.0,8,0,projection_energy_gate,-16.238364458837143,0.875,1,0,0.29387455690349007,0.8142349722245791,0.041666666666666664,1.8719,1.9612,0.0,14.9733,0.1469,18.962600000000002
20260704,20.0,8,0,stage1_projection_energy_gate,-16.238364458837143,0.875,1,0,0.29387455690349007,0.8142349722245791,0.041666666666666664,1.905,2.0384,0.0,15.1101,0.1573,19.020799999999998
20260704,20.0,8,1,legacy_explicit_residual_gate,-14.920055154703135,0.5,1,0,nan,0.813584791179607,0.125,2.0,1.9239,14.8569,14.7826,0.6783,35.1139
20260704,20.0,8,1,projection_energy_gate,-14.920055154703135,0.5,1,0,0.29506797300050863,0.813584791179607,0.125,1.906,1.9646,0.0,16.4429,0.1587,20.314600000000002
20260704,20.0,8,1,stage1_projection_energy_gate,-14.920055154703135,0.5,1,0,0.29506797300050863,0.813584791179607,0.125,1.9618,2.0802,0.0,15.5785,0.2051,19.8405
20260704,20.0,8,1,axiswise_candan_joint_ls,-14.920055154703135,0.5,1,0,nan,0.813584791179607,0.125,1.9618,2.0995,0.0,15.6523,0.0,19.7196
20260704,20.0,8,2,projection_energy_gate,-17.706288537447563,0.5,1,0,0.27144705427029375,0.8217205127484719,0.08333333333333333,1.9532,2.1405,0.0,15.1932,0.1497,19.4138
20260704,20.0,8,2,stage1_projection_energy_gate,-17.706288537447563,0.5,1,0,0.27144705427029375,0.8217205127484719,0.08333333333333333,2.0348,2.0772,0.0,15.5083,0.132,19.7765
20260704,20.0,8,2,axiswise_candan_joint_ls,-17.706288537447563,0.5,1,0,nan,0.8217205127484719,0.08333333333333333,1.8961,1.9849,0.0,15.3056,0.0,19.2482
20260704,20.0,8,2,legacy_explicit_residual_gate,-17.706288537447563,0.5,1,0,nan,0.8217205127484719,0.08333333333333333,1.9921,2.0019,15.6434,16.1661,0.7647,36.6928
20260704,20.0,8,3,stage1_projection_energy_gate,-18.248519264861123,0.875,1,0,0.20144396797242534,0.8292198374116193,0.041666666666666664,1.9477,1.9775,0.0,15.3469,0.1992,19.5192
20260704,20.0,8,3,axiswise_candan_joint_ls,-18.248519264861123,0.875,1,0,nan,0.8292198374116193,0.041666666666666664,1.8958,1.9866,0.0,15.4866,0.0,19.4913
20260704,20.0,8,3,legacy_explicit_residual_gate,-18.248519264861123,0.875,1,0,nan,0.8292198374116193,0.041666666666666664,2.0028,2.0029,15.605,15.3258,0.7091,35.6735
20260704,20.0,8,3,projection_energy_gate,-18.248519264861123,0.875,1,0,0.20144396797242534,0.8292198374116193,0.041666666666666664,1.985,2.1186,0.0,16.4343,0.1742,20.689
20260704,20.0,8,4,axiswise_candan_joint_ls,-13.176154958862309,0.625,1,0,nan,0.8061838720187079,0.08333333333333333,2.0861,2.1058,0.0,15.6924,0.0,19.8292
20260704,20.0,8,4,legacy_explicit_residual_gate,-13.176154958862309,0.625,1,0,nan,0.8061838720187079,0.08333333333333333,2.114,2.078,15.5619,15.6988,0.7077,36.349000000000004
20260704,20.0,8,4,projection_energy_gate,-13.176154958862309,0.625,1,0,0.3497220574093325,0.8061838720187079,0.08333333333333333,2.0821,2.0854,0.0,15.2179,0.2013,19.6874
20260704,20.0,8,4,stage1_projection_energy_gate,-13.176154958862309,0.625,1,0,0.3497220574093325,0.8061838720187079,0.08333333333333333,1.9726,2.0588,0.0,15.3551,0.1527,19.6102
20260704,20.0,8,5,legacy_explicit_residual_gate,-47.17468527285415,1.0,1,0,nan,0.814299630834395,0.0,2.0247,2.0296,15.1499,15.3045,0.6519,34.92959999999999
20260704,20.0,8,5,projection_energy_gate,-47.17468527285415,1.0,1,0,0.3210932228349612,0.814299630834395,0.0,1.9248,2.1236,0.0,15.4262,0.1486,19.623199999999997
20260704,20.0,8,5,stage1_projection_energy_gate,-47.17468527285415,1.0,1,0,0.3210932228349612,0.814299630834395,0.0,1.9869,2.1061,0.0,15.4838,0.1435,19.720299999999998
20260704,20.0,8,5,axiswise_candan_joint_ls,-47.17468527285415,1.0,1,0,nan,0.814299630834395,0.0,2.0053,2.1965,0.0,15.4043,0.0,19.606099999999998
20260704,20.0,8,6,projection_energy_gate,-18.458833708381462,0.75,1,0,0.27749826379929804,0.8156344973633826,0.08333333333333333,2.0293,2.1576,0.0,15.3812,0.1878,19.7229
20260704,20.0,8,6,stage1_projection_energy_gate,-18.458833708381462,0.75,1,0,0.27749826379929804,0.8156344973633826,0.08333333333333333,2.0201,2.0755,0.0,15.0079,0.1532,19.2863
20260704,20.0,8,6,axiswise_candan_joint_ls,-18.458833708381462,0.75,1,0,nan,0.8156344973633826,0.08333333333333333,1.9436,2.1561,0.0,15.857,0.0,20.000999999999998
20260704,20.0,8,6,legacy_explicit_residual_gate,-18.458833708381462,0.75,1,0,nan,0.8156344973633826,0.08333333333333333,1.9859,2.0102,15.5966,15.3189,0.6872,35.548
20260704,20.0,8,7,stage1_projection_energy_gate,-17.64440347400295,0.875,1,0,0.27961519543980734,0.814429986030328,0.041666666666666664,2.1952,2.3568,0.0,17.763,0.1727,22.4877
20260704,20.0,8,7,axiswise_candan_joint_ls,-17.64440347400295,0.875,1,0,nan,0.814429986030328,0.041666666666666664,1.965,2.0593,0.0,15.4342,0.0,19.5372
20260704,20.0,8,7,legacy_explicit_residual_gate,-17.64440347400295,0.875,1,0,nan,0.814429986030328,0.041666666666666664,2.0314,2.0821,15.2807,15.2161,0.6522,35.1892
20260704,20.0,8,7,projection_energy_gate,-17.64440347400295,0.875,1,0,0.27961519543980734,0.814429986030328,0.041666666666666664,1.9019,2.1213,0.0,15.4055,0.1396,19.5014
20260704,20.0,8,8,axiswise_candan_joint_ls,-17.01630285662024,0.75,1,0,nan,0.823135427258797,0.041666666666666664,2.0666,2.0919,0.0,15.2495,0.0,19.3613
20260704,20.0,8,8,legacy_explicit_residual_gate,-17.01630285662024,0.75,1,0,nan,0.823135427258797,0.041666666666666664,2.0165,2.0216,15.564,15.7947,0.7853,37.8496
20260704,20.0,8,8,projection_energy_gate,-17.01630285662024,0.75,1,0,0.3058566581965945,0.823135427258797,0.041666666666666664,1.9317,2.0473,0.0,15.146,0.1394,19.235
20260704,20.0,8,8,stage1_projection_energy_gate,-17.01630285662024,0.75,1,0,0.3058566581965945,0.823135427258797,0.041666666666666664,2.0201,2.1041,0.0,15.9038,0.1662,20.2393
20260704,20.0,8,9,legacy_explicit_residual_gate,-14.147775677503587,0.75,1,0,nan,0.7956640798676546,0.041666666666666664,2.0415,2.1277,15.478,15.1962,0.703,35.6334
20260704,20.0,8,9,projection_energy_gate,-14.147775677503587,0.75,1,0,0.390599458897292,0.7956640798676546,0.041666666666666664,1.9582,2.1237,0.0,15.9372,0.1374,20.139400000000002
20260704,20.0,8,9,stage1_projection_energy_gate,-14.147775677503587,0.75,1,0,0.390599458897292,0.7956640798676546,0.041666666666666664,2.098,2.2228,0.0,16.1178,0.2037,20.750500000000002
20260704,20.0,8,9,axiswise_candan_joint_ls,-14.147775677503587,0.75,1,0,nan,0.7956640798676546,0.041666666666666664,1.9831,2.0256,0.0,15.8356,0.0,19.9067
20260704,20.0,8,10,projection_energy_gate,-20.610796508415895,0.75,1,0,0.17268473429488254,0.8202877725255372,0.041666666666666664,1.9307,2.0409,0.0,15.0081,0.1515,19.215099999999996
20260704,20.0,8,10,stage1_projection_energy_gate,-20.610796508415895,0.75,1,0,0.17268473429488254,0.8202877725255372,0.041666666666666664,1.9657,2.1304,0.0,15.6729,0.1481,19.9713
20260704,20.0,8,10,axiswise_candan_joint_ls,-20.610796508415895,0.75,1,0,nan,0.8202877725255372,0.041666666666666664,2.0101,2.0831,0.0,15.6077,0.0,19.8079
20260704,20.0,8,10,legacy_explicit_residual_gate,-20.610796508415895,0.75,1,0,nan,0.8202877725255372,0.041666666666666664,2.0886,2.0448,15.255,15.6167,0.601,35.6152
20260704,20.0,8,11,stage1_projection_energy_gate,-17.300080945716246,0.5,1,0,0.16163341960176927,0.43400494781163057,0.125,2.0392,2.1709,0.0,16.0035,0.1418,20.2934
20260704,20.0,8,11,axiswise_candan_joint_ls,-17.300080945716246,0.5,1,0,nan,0.43400494781163057,0.125,1.9675,2.091,0.0,15.2975,0.0,19.333
20260704,20.0,8,11,legacy_explicit_residual_gate,-17.300080945716246,0.5,1,0,nan,0.43400494781163057,0.125,2.0058,2.0219,16.2321,15.984,0.9093,37.7231
20260704,20.0,8,11,projection_energy_gate,-17.300080945716246,0.5,1,0,0.16163341960176927,0.43400494781163057,0.125,1.9905,2.1317,0.0,15.7257,0.1686,20.0756
20260704,20.0,8,12,axiswise_candan_joint_ls,-30.083092872603288,0.875,1,0,nan,0.8117926689828434,0.041666666666666664,1.9917,2.099,0.0,15.7679,0.0,19.8586
20260704,20.0,8,12,legacy_explicit_residual_gate,-30.083092872603288,0.875,1,0,nan,0.8117926689828434,0.041666666666666664,2.1197,2.1069,15.6067,15.4466,0.6821,35.5066
20260704,20.0,8,12,projection_energy_gate,-30.083092872603288,0.875,1,0,0.2716391692291965,0.8117926689828434,0.041666666666666664,2.0601,2.1104,0.0,16.9552,0.1403,21.127100000000002
20260704,20.0,8,12,stage1_projection_energy_gate,-30.083092872603288,0.875,1,0,0.2716391692291965,0.8117926689828434,0.041666666666666664,1.9828,2.1372,0.0,15.5818,0.1448,19.9109
20260704,20.0,8,13,legacy_explicit_residual_gate,-19.6532044409961,0.875,1,0,nan,0.8142915288951829,0.041666666666666664,2.053,2.0445,15.2636,15.2037,0.6308,35.1819
20260704,20.0,8,13,projection_energy_gate,-19.6532044409961,0.875,1,0,0.20006018315672272,0.8142915288951829,0.041666666666666664,1.9367,2.0849,0.0,16.6843,0.1365,20.790100000000002
20260704,20.0,8,13,stage1_projection_energy_gate,-19.6532044409961,0.875,1,0,0.20006018315672272,0.8142915288951829,0.041666666666666664,2.0062,2.0707,0.0,20.1087,0.1909,24.3691
20260704,20.0,8,13,axiswise_candan_joint_ls,-19.6532044409961,0.875,1,0,nan,0.8142915288951829,0.041666666666666664,1.9687,2.1037,0.0,16.2918,0.0,20.297199999999997
20260704,20.0,8,14,projection_energy_gate,-54.32826100775095,1.0,1,0,0.31546729673736,0.8171873804325535,0.0,2.1277,2.3115,0.0,17.3895,0.1281,22.2713
20260704,20.0,8,14,stage1_projection_energy_gate,-54.32826100775095,1.0,1,0,0.31546729673736,0.8171873804325535,0.0,1.9318,1.966,0.0,15.771,0.1223,19.839500000000005
20260704,20.0,8,14,axiswise_candan_joint_ls,-54.32826100775095,1.0,1,0,nan,0.8171873804325535,0.0,2.0273,1.9906,0.0,15.8901,0.0,19.966900000000003
20260704,20.0,8,14,legacy_explicit_residual_gate,-54.32826100775095,1.0,1,0,nan,0.8171873804325535,0.0,1.9717,1.9257,15.714,15.7474,0.6465,36.28170000000001
20260704,20.0,8,15,stage1_projection_energy_gate,-15.153738202074534,0.75,1,0,0.210023312372302,0.8207571917468736,0.041666666666666664,1.9171,2.0812,0.0,15.2265,0.1288,19.3212
20260704,20.0,8,15,axiswise_candan_joint_ls,-15.153738202074534,0.75,1,0,nan,0.8207571917468736,0.041666666666666664,1.9042,2.064,0.0,16.3626,0.0,20.3308
20260704,20.0,8,15,legacy_explicit_residual_gate,-15.153738202074534,0.75,1,0,nan,0.8207571917468736,0.041666666666666664,1.9028,1.8469,14.4532,14.4337,0.5733,33.0886
20260704,20.0,8,15,projection_energy_gate,-15.153738202074534,0.75,1,0,0.210023312372302,0.8207571917468736,0.041666666666666664,2.0427,2.1503,0.0,17.4191,0.1682,21.439799999999998
20260704,20.0,8,16,axiswise_candan_joint_ls,-15.547629896474193,0.75,1,0,nan,0.8182475731454628,0.08333333333333333,2.0668,2.1579,0.0,16.1559,0.0,20.556800000000003
20260704,20.0,8,16,legacy_explicit_residual_gate,-15.547629896474193,0.75,1,0,nan,0.8182475731454628,0.08333333333333333,2.0991,2.0726,15.6053,15.6588,0.7863,36.8827
20260704,20.0,8,16,projection_energy_gate,-15.547629896474193,0.75,1,0,0.19475640519397316,0.8182475731454628,0.08333333333333333,1.9975,2.0521,0.0,15.4671,0.1467,19.5306
20260704,20.0,8,16,stage1_projection_energy_gate,-15.547629896474193,0.75,1,0,0.19475640519397316,0.8182475731454628,0.08333333333333333,1.9995,2.2526,0.0,16.4216,0.1542,20.9335
20260704,20.0,8,17,legacy_explicit_residual_gate,-25.974015835491624,0.875,1,0,nan,0.8256561163001888,0.041666666666666664,2.2601,2.2305,44.6713,92.8159,0.8417,128.4413
20260704,20.0,8,17,projection_energy_gate,-25.974015835491624,0.875,1,0,0.2591049867175256,0.8256561163001888,0.041666666666666664,2.0074,2.1304,0.0,16.7734,0.1359,21.2364
20260704,20.0,8,17,stage1_projection_energy_gate,-25.974015835491624,0.875,1,0,0.2591049867175256,0.8256561163001888,0.041666666666666664,1.9367,2.1083,0.0,15.6012,0.1354,19.973
20260704,20.0,8,17,axiswise_candan_joint_ls,-25.974015835491624,0.875,1,0,nan,0.8256561163001888,0.041666666666666664,2.1372,2.1232,0.0,16.1466,0.0,20.3961
20260704,20.0,8,18,projection_energy_gate,-17.178552424121342,0.875,1,0,0.18172935417834918,0.8177629738167336,0.041666666666666664,2.034,2.1555,0.0,16.094,0.1615,20.5223
20260704,20.0,8,18,stage1_projection_energy_gate,-17.178552424121342,0.875,1,0,0.18172935417834918,0.8177629738167336,0.041666666666666664,2.0429,2.2812,0.0,19.6044,0.1566,24.502799999999997
20260704,20.0,8,18,axiswise_candan_joint_ls,-17.178552424121342,0.875,1,0,nan,0.8177629738167336,0.041666666666666664,2.2219,2.2734,0.0,15.8109,0.0,42.9267
20260704,20.0,8,18,legacy_explicit_residual_gate,-17.178552424121342,0.875,1,0,nan,0.8177629738167336,0.041666666666666664,2.0935,1.9787,15.1073,15.5136,0.7252,35.3623
20260704,20.0,8,19,stage1_projection_energy_gate,-10.927570515028506,0.625,1,0,0.2477544093078157,0.8137475539859411,0.125,1.963,1.9955,0.0,15.3043,0.131,19.401699999999998
20260704,20.0,8,19,axiswise_candan_joint_ls,-10.927570515028506,0.625,1,0,nan,0.8137475539859411,0.125,2.0475,2.1069,0.0,42.4625,0.0,46.6559
20260704,20.0,8,19,legacy_explicit_residual_gate,-10.927570515028506,0.625,1,0,nan,0.8137475539859411,0.125,2.0877,2.2115,67.2363,53.5165,1.062,129.3741
20260704,20.0,8,19,projection_energy_gate,-10.927570515028506,0.625,1,0,0.2477544093078157,0.8137475539859411,0.125,1.8668,1.8959,0.0,15.1015,0.1422,19.0411
20260704,30.0,2,0,axiswise_candan_joint_ls,-67.21073601872087,1.0,1,0,nan,0.8153027449478992,0.0,2.0139,1.9656,0.0,3.9052,0.0,7.8197
20260704,30.0,2,0,legacy_explicit_residual_gate,-67.21073601872087,1.0,1,0,nan,0.8153027449478992,0.0,1.9326,1.7843,3.7787,3.6633,0.6741,11.9947
20260704,30.0,2,0,projection_energy_gate,-67.21073601872087,1.0,1,0,0.37878031537217177,0.8153027449478992,0.0,1.8566,1.7747,0.0,3.828,0.082,7.537999999999999
20260704,30.0,2,0,stage1_projection_energy_gate,-67.21073601872087,1.0,1,0,0.37878031537217177,0.8153027449478992,0.0,1.9423,1.842,0.0,3.8107,0.0877,7.617900000000001
20260704,30.0,2,1,legacy_explicit_residual_gate,-64.9551206709589,1.0,1,0,nan,0.8239261485113774,0.0,1.9491,1.7775,3.69,3.6363,0.5987,11.693
20260704,30.0,2,1,projection_energy_gate,-64.9551206709589,1.0,1,0,0.3310824898197143,0.8239261485113774,0.0,1.8907,1.7764,0.0,4.017,0.0953,7.8918
20260704,30.0,2,1,stage1_projection_energy_gate,-64.9551206709589,1.0,1,0,0.3310824898197143,0.8239261485113774,0.0,1.8019,1.7358,0.0,3.7528,0.0808,7.3944
20260704,30.0,2,1,axiswise_candan_joint_ls,-64.9551206709589,1.0,1,0,nan,0.8239261485113774,0.0,1.7711,1.8588,0.0,4.0902,0.0,7.7201
20260704,30.0,2,2,projection_energy_gate,-66.88671613659557,1.0,1,0,0.29447573676274463,0.850557764015337,0.0,1.89,1.8684,0.0,3.9772,0.1034,7.8984
20260704,30.0,2,2,stage1_projection_energy_gate,-66.88671613659557,1.0,1,0,0.29447573676274463,0.850557764015337,0.0,2.0219,1.8835,0.0,3.9568,0.1177,7.983499999999999
20260704,30.0,2,2,axiswise_candan_joint_ls,-66.88671613659557,1.0,1,0,nan,0.850557764015337,0.0,1.848,1.8114,0.0,3.9792,0.0,7.619400000000001
20260704,30.0,2,2,legacy_explicit_residual_gate,-66.88671613659557,1.0,1,0,nan,0.850557764015337,0.0,2.1442,2.1431,4.1735,3.8898,0.7965,13.486299999999998
20260704,30.0,2,3,stage1_projection_energy_gate,-70.69691064396562,1.0,1,0,0.46248307325399934,0.8233210643759553,0.0,2.0798,1.8971,0.0,4.0047,0.1226,8.101700000000001
20260704,30.0,2,3,axiswise_candan_joint_ls,-70.69691064396562,1.0,1,0,nan,0.8233210643759553,0.0,2.0365,1.9591,0.0,4.0399,0.0,8.0339
20260704,30.0,2,3,legacy_explicit_residual_gate,-70.69691064396562,1.0,1,0,nan,0.8233210643759553,0.0,2.1548,1.9539,3.9622,3.9844,0.7374,12.789900000000003
20260704,30.0,2,3,projection_energy_gate,-70.69691064396562,1.0,1,0,0.46248307325399934,0.8233210643759553,0.0,2.0867,2.0806,0.0,4.2677,0.1167,8.5618
20260704,30.0,2,4,axiswise_candan_joint_ls,-7.788193420992134,0.5,1,0,nan,0.8247246501022055,0.16666666666666666,1.9857,1.8995,0.0,4.1039,0.0,7.9569
20260704,30.0,2,4,legacy_explicit_residual_gate,-7.788193420992134,0.5,1,0,nan,0.8247246501022055,0.16666666666666666,2.046,1.896,3.9374,3.9682,0.8046,12.643799999999999
20260704,30.0,2,4,projection_energy_gate,-7.788193420992134,0.5,1,0,0.31635741639157683,0.8247246501022055,0.16666666666666666,2.0327,1.8655,0.0,4.0237,0.0995,8.038200000000002
20260704,30.0,2,4,stage1_projection_energy_gate,-7.788193420992134,0.5,1,0,0.31635741639157683,0.8247246501022055,0.16666666666666666,1.9834,1.9183,0.0,3.9117,0.0682,7.9099
20260704,30.0,2,5,legacy_explicit_residual_gate,-67.43562321940058,1.0,1,0,nan,0.8297788636034488,0.0,1.9926,1.7797,3.9678,3.8816,0.7054,12.403299999999998
20260704,30.0,2,5,projection_energy_gate,-67.43562321940058,1.0,1,0,0.3857274603838267,0.8297788636034488,0.0,1.9989,1.829,0.0,3.9145,0.0904,7.8511999999999995
20260704,30.0,2,5,stage1_projection_energy_gate,-67.43562321940058,1.0,1,0,0.3857274603838267,0.8297788636034488,0.0,1.9127,1.7905,0.0,3.9123,0.072,7.6875
20260704,30.0,2,5,axiswise_candan_joint_ls,-67.43562321940058,1.0,1,0,nan,0.8297788636034488,0.0,1.9579,1.8477,0.0,3.7295,0.0,7.5809999999999995
20260704,30.0,2,6,projection_energy_gate,-66.65165633748727,1.0,1,0,0.24675946509961524,0.8352196364707776,0.0,2.061,1.9074,0.0,4.3245,0.1327,8.329699999999999
20260704,30.0,2,6,stage1_projection_energy_gate,-66.65165633748727,1.0,1,0,0.24675946509961524,0.8352196364707776,0.0,1.8774,1.8648,0.0,3.9037,0.119,7.891500000000001
20260704,30.0,2,6,axiswise_candan_joint_ls,-66.65165633748727,1.0,1,0,nan,0.8352196364707776,0.0,2.0461,1.8913,0.0,3.9756,0.0,7.9344
20260704,30.0,2,6,legacy_explicit_residual_gate,-66.65165633748727,1.0,1,0,nan,0.8352196364707776,0.0,2.1936,1.9793,3.9778,4.1951,0.819,13.255999999999998
20260704,30.0,2,7,stage1_projection_energy_gate,-66.58763777831473,1.0,1,0,0.36619603681683116,0.8175423803581628,0.0,1.9703,1.8282,0.0,3.9705,0.0967,7.8716
20260704,30.0,2,7,axiswise_candan_joint_ls,-66.58763777831473,1.0,1,0,nan,0.8175423803581628,0.0,2.165,1.9455,0.0,4.1619,0.0,8.2371
20260704,30.0,2,7,legacy_explicit_residual_gate,-66.58763777831473,1.0,1,0,nan,0.8175423803581628,0.0,1.9179,1.7699,3.9,3.9349,0.6782,12.3039
20260704,30.0,2,7,projection_energy_gate,-66.58763777831473,1.0,1,0,0.36619603681683116,0.8175423803581628,0.0,1.9215,1.852,0.0,3.8107,0.0912,7.6190999999999995
20260704,30.0,2,8,axiswise_candan_joint_ls,-13.52575219531029,0.5,1,0,nan,0.8558267497738317,0.16666666666666666,1.8328,1.729,0.0,3.6483,0.0,7.2101
20260704,30.0,2,8,legacy_explicit_residual_gate,-13.52575219531029,0.5,1,0,nan,0.8558267497738317,0.16666666666666666,2.0055,1.7859,3.9911,3.8067,0.6762,12.516499999999999
20260704,30.0,2,8,projection_energy_gate,-13.52575219531029,0.5,1,0,0.18064900226170671,0.8558267497738317,0.16666666666666666,1.9772,1.8921,0.0,4.0712,0.1089,8.018
20260704,30.0,2,8,stage1_projection_energy_gate,-13.52575219531029,0.5,1,0,0.18064900226170671,0.8558267497738317,0.16666666666666666,1.8784,1.827,0.0,3.7221,0.1064,7.425800000000001
20260704,30.0,2,9,legacy_explicit_residual_gate,-10.716144594955496,0.5,1,0,nan,0.8439912449486738,0.16666666666666666,1.889,1.7366,3.7204,3.8847,0.6152,11.9125
20260704,30.0,2,9,projection_energy_gate,-10.716144594955496,0.5,1,0,0.16553504745141642,0.8439912449486738,0.16666666666666666,1.885,1.7617,0.0,3.8962,0.0822,7.670599999999999
20260704,30.0,2,9,stage1_projection_energy_gate,-10.716144594955496,0.5,1,0,0.16553504745141642,0.8439912449486738,0.16666666666666666,1.8818,1.8667,0.0,4.0352,0.0947,7.8668
20260704,30.0,2,9,axiswise_candan_joint_ls,-10.716144594955496,0.5,1,0,nan,0.8439912449486738,0.16666666666666666,1.8777,1.8023,0.0,3.7739,0.0,7.4569
20260704,30.0,2,10,projection_energy_gate,-63.28250691135921,1.0,1,0,0.3652342754563804,0.8288291650992168,0.0,1.9123,1.8637,0.0,3.7576,0.1436,7.7006000000000006
20260704,30.0,2,10,stage1_projection_energy_gate,-63.28250691135921,1.0,1,0,0.3652342754563804,0.8288291650992168,0.0,1.8506,1.8614,0.0,3.8698,0.1243,7.7056000000000004
20260704,30.0,2,10,axiswise_candan_joint_ls,-63.28250691135921,1.0,1,0,nan,0.8288291650992168,0.0,1.9706,1.8646,0.0,4.0033,0.0,7.7904
20260704,30.0,2,10,legacy_explicit_residual_gate,-63.28250691135921,1.0,1,0,nan,0.8288291650992168,0.0,2.2275,2.0008,4.1989,4.5555,0.8279,13.757200000000001
20260704,30.0,2,11,stage1_projection_energy_gate,-66.17944839625319,1.0,1,0,0.253218951592529,0.846245277208793,0.0,2.0974,2.1058,0.0,4.0812,0.1152,8.7405
20260704,30.0,2,11,axiswise_candan_joint_ls,-66.17944839625319,1.0,1,0,nan,0.846245277208793,0.0,2.3524,2.3981,0.0,5.6311,0.0,11.4295
20260704,30.0,2,11,legacy_explicit_residual_gate,-66.17944839625319,1.0,1,0,nan,0.846245277208793,0.0,2.7585,1.9921,5.0285,4.5646,0.7502,15.681399999999998
20260704,30.0,2,11,projection_energy_gate,-66.17944839625319,1.0,1,0,0.253218951592529,0.846245277208793,0.0,2.357,2.6775,0.0,5.3281,0.1166,9.9342
20260704,30.0,2,12,axiswise_candan_joint_ls,-62.54279395057536,1.0,1,0,nan,0.8246834754077554,0.0,1.9828,1.8722,0.0,3.9956,0.0,7.977499999999999
20260704,30.0,2,12,legacy_explicit_residual_gate,-62.54279395057536,1.0,1,0,nan,0.8246834754077554,0.0,1.9094,1.8254,3.8772,3.6994,0.6623,11.8573
20260704,30.0,2,12,projection_energy_gate,-62.54279395057536,1.0,1,0,0.3113157181107915,0.8246834754077554,0.0,1.8672,1.7768,0.0,3.6955,0.0735,7.413
20260704,30.0,2,12,stage1_projection_energy_gate,-62.54279395057536,1.0,1,0,0.3113157181107915,0.8246834754077554,0.0,1.8673,1.8127,0.0,3.8461,0.0768,7.7191
20260704,30.0,2,13,legacy_explicit_residual_gate,-66.94733772982657,1.0,1,0,nan,0.8282477842390651,0.0,1.978,1.778,3.8433,3.8329,0.6499,12.0746
20260704,30.0,2,13,projection_energy_gate,-66.94733772982657,1.0,1,0,0.22615696073702596,0.8282477842390651,0.0,1.8559,1.8226,0.0,3.966,0.0962,7.8357
20260704,30.0,2,13,stage1_projection_energy_gate,-66.94733772982657,1.0,1,0,0.22615696073702596,0.8282477842390651,0.0,1.8299,1.7258,0.0,3.8644,0.0892,7.5093
20260704,30.0,2,13,axiswise_candan_joint_ls,-66.94733772982657,1.0,1,0,nan,0.8282477842390651,0.0,1.9269,1.8075,0.0,4.0572,0.0,7.8548
20260704,30.0,2,14,projection_energy_gate,-64.87766015573807,1.0,1,0,0.3466143437724263,0.827320172039848,0.0,1.9318,1.8243,0.0,3.7434,0.0791,7.610100000000001
20260704,30.0,2,14,stage1_projection_energy_gate,-64.87766015573807,1.0,1,0,0.3466143437724263,0.827320172039848,0.0,1.9182,1.7924,0.0,3.7677,0.0742,7.5339
20260704,30.0,2,14,axiswise_candan_joint_ls,-64.87766015573807,1.0,1,0,nan,0.827320172039848,0.0,1.8578,1.7617,0.0,3.7771,0.0,7.396599999999999
20260704,30.0,2,14,legacy_explicit_residual_gate,-64.87766015573807,1.0,1,0,nan,0.827320172039848,0.0,1.9717,1.8203,3.7887,4.0844,0.671,12.336099999999998
20260704,30.0,2,15,stage1_projection_energy_gate,-8.852496443815518,0.5,1,0,0.3098720746386852,0.8201008792139965,0.16666666666666666,2.0206,1.9453,0.0,3.9961,0.1032,8.0527
20260704,30.0,2,15,axiswise_candan_joint_ls,-8.852496443815518,0.5,1,0,nan,0.8201008792139965,0.16666666666666666,2.0673,1.9919,0.0,4.0429,0.0,8.185400000000001
20260704,30.0,2,15,legacy_explicit_residual_gate,-8.852496443815518,0.5,1,0,nan,0.8201008792139965,0.16666666666666666,2.1052,1.8709,4.078,4.0151,0.7032,13.3877
20260704,30.0,2,15,projection_energy_gate,-8.852496443815518,0.5,1,0,0.3098720746386852,0.8201008792139965,0.16666666666666666,2.1482,2.2082,0.0,4.4308,0.1099,8.879700000000001
20260704,30.0,2,16,axiswise_candan_joint_ls,-62.28441685088121,1.0,1,0,nan,0.8154334927220388,0.0,1.9362,1.8862,0.0,4.224,0.0,8.031600000000001
20260704,30.0,2,16,legacy_explicit_residual_gate,-62.28441685088121,1.0,1,0,nan,0.8154334927220388,0.0,1.9741,1.7834,3.6846,3.8313,0.677,11.964400000000001
20260704,30.0,2,16,projection_energy_gate,-62.28441685088121,1.0,1,0,0.5866283664259626,0.8154334927220388,0.0,1.8894,1.8936,0.0,4.2788,0.1429,8.326600000000001
20260704,30.0,2,16,stage1_projection_energy_gate,-62.28441685088121,1.0,1,0,0.5866283664259626,0.8154334927220388,0.0,2.018,1.8381,0.0,3.8885,0.0802,7.728299999999999
20260704,30.0,2,17,legacy_explicit_residual_gate,-9.02240227324669,0.5,1,0,nan,0.8249828033107308,0.16666666666666666,1.9799,1.7649,3.7168,3.8251,0.663,12.2746
20260704,30.0,2,17,projection_energy_gate,-9.02240227324669,0.5,1,0,0.2777874735005684,0.8249828033107308,0.16666666666666666,1.8788,1.8283,0.0,3.8775,0.0734,7.7078
20260704,30.0,2,17,stage1_projection_energy_gate,-9.02240227324669,0.5,1,0,0.2777874735005684,0.8249828033107308,0.16666666666666666,2.2801,2.1294,0.0,4.7368,0.1963,9.199000000000002
20260704,30.0,2,17,axiswise_candan_joint_ls,-9.02240227324669,0.5,1,0,nan,0.8249828033107308,0.16666666666666666,2.3158,2.2266,0.0,4.2875,0.0,8.7402
20260704,30.0,2,18,projection_energy_gate,-71.24639607126295,1.0,1,0,0.22382051316297882,0.8343929224854498,0.0,1.9338,2.0303,0.0,3.9401,0.097,8.221
20260704,30.0,2,18,stage1_projection_energy_gate,-71.24639607126295,1.0,1,0,0.22382051316297882,0.8343929224854498,0.0,1.9346,1.9298,0.0,3.9683,0.104,7.9532
20260704,30.0,2,18,axiswise_candan_joint_ls,-71.24639607126295,1.0,1,0,nan,0.8343929224854498,0.0,1.9212,1.893,0.0,3.9403,0.0,7.7545
20260704,30.0,2,18,legacy_explicit_residual_gate,-71.24639607126295,1.0,1,0,nan,0.8343929224854498,0.0,2.001,1.7759,3.8053,3.7368,0.6561,12.0303
20260704,30.0,2,19,stage1_projection_energy_gate,-67.3948997220384,1.0,1,0,0.23528233168996285,0.8681615977049489,0.0,1.8694,1.765,0.0,3.7518,0.0775,7.4913
20260704,30.0,2,19,axiswise_candan_joint_ls,-67.3948997220384,1.0,1,0,nan,0.8681615977049489,0.0,1.8789,1.8369,0.0,3.9342,0.0,7.645300000000001
20260704,30.0,2,19,legacy_explicit_residual_gate,-67.3948997220384,1.0,1,0,nan,0.8681615977049489,0.0,2.0721,1.8558,3.9057,3.7899,0.6754,12.2822
20260704,30.0,2,19,projection_energy_gate,-67.3948997220384,1.0,1,0,0.23528233168996285,0.8681615977049489,0.0,2.1743,2.0012,0.0,4.1756,0.1315,8.549000000000001
20260704,30.0,4,0,axiswise_candan_joint_ls,-60.78007840826193,1.0,1,0,nan,0.8126734571612196,0.0,2.0481,2.0163,0.0,7.4037,0.0,11.4681
20260704,30.0,4,0,legacy_explicit_residual_gate,-60.78007840826193,1.0,1,0,nan,0.8126734571612196,0.0,2.1852,1.9173,7.1168,7.0789,0.6859,18.999
20260704,30.0,4,0,projection_energy_gate,-60.78007840826193,1.0,1,0,0.3687685858135814,0.8126734571612196,0.0,1.8365,1.7919,0.0,7.1648,0.1439,10.9112
20260704,30.0,4,0,stage1_projection_energy_gate,-60.78007840826193,1.0,1,0,0.3687685858135814,0.8126734571612196,0.0,1.9954,1.859,0.0,7.2125,0.1446,11.193
20260704,30.0,4,1,legacy_explicit_residual_gate,-13.860293996490407,0.75,1,0,nan,0.8156837365545949,0.08333333333333333,2.0005,1.8827,7.3225,7.1782,0.6222,19.0352
20260704,30.0,4,1,projection_energy_gate,-13.860293996490407,0.75,1,0,0.22608437996353228,0.8156837365545949,0.08333333333333333,1.9767,1.9702,0.0,7.3237,0.1455,11.603299999999999
20260704,30.0,4,1,stage1_projection_energy_gate,-13.860293996490407,0.75,1,0,0.22608437996353228,0.8156837365545949,0.08333333333333333,1.9362,1.9582,0.0,7.0035,0.1275,11.0542
20260704,30.0,4,1,axiswise_candan_joint_ls,-13.860293996490407,0.75,1,0,nan,0.8156837365545949,0.08333333333333333,1.9677,1.9821,0.0,7.1154,0.0,11.0953
20260704,30.0,4,2,projection_energy_gate,-19.140162765054388,0.75,1,0,0.2675798330540455,0.814657650267244,0.08333333333333333,2.17,1.9925,0.0,7.3462,0.1504,11.6701
20260704,30.0,4,2,stage1_projection_energy_gate,-19.140162765054388,0.75,1,0,0.2675798330540455,0.814657650267244,0.08333333333333333,1.982,1.9369,0.0,7.1575,0.1465,11.254
20260704,30.0,4,2,axiswise_candan_joint_ls,-19.140162765054388,0.75,1,0,nan,0.814657650267244,0.08333333333333333,2.3777,2.1641,0.0,7.6356,0.0,12.4627
20260704,30.0,4,2,legacy_explicit_residual_gate,-19.140162765054388,0.75,1,0,nan,0.814657650267244,0.08333333333333333,2.1358,1.9231,7.7077,7.4405,0.8921,20.0779
20260704,30.0,4,3,stage1_projection_energy_gate,-10.399107082463201,0.75,1,0,0.2931706835462838,0.822189711653846,0.08333333333333333,2.1424,2.018,0.0,10.7014,0.1665,15.3071
20260704,30.0,4,3,axiswise_candan_joint_ls,-10.399107082463201,0.75,1,0,nan,0.822189711653846,0.08333333333333333,1.9788,1.8912,0.0,7.0797,0.0,10.9461
20260704,30.0,4,3,legacy_explicit_residual_gate,-10.399107082463201,0.75,1,0,nan,0.822189711653846,0.08333333333333333,1.9506,1.8315,6.8954,6.7807,0.639,18.342
20260704,30.0,4,3,projection_energy_gate,-10.399107082463201,0.75,1,0,0.2931706835462838,0.822189711653846,0.08333333333333333,1.8768,1.8777,0.0,6.9399,0.1204,10.828299999999999
20260704,30.0,4,4,axiswise_candan_joint_ls,-60.50444338766926,1.0,1,0,nan,0.813875619091015,0.0,1.9122,1.9665,0.0,7.4484,0.0,11.343399999999999
20260704,30.0,4,4,legacy_explicit_residual_gate,-60.50444338766926,1.0,1,0,nan,0.813875619091015,0.0,2.0184,1.8834,7.1661,6.8906,0.6617,18.8355
20260704,30.0,4,4,projection_energy_gate,-60.50444338766926,1.0,1,0,0.4763515439203969,0.813875619091015,0.0,1.9519,1.9432,0.0,7.2562,0.139,11.3607
20260704,30.0,4,4,stage1_projection_energy_gate,-60.50444338766926,1.0,1,0,0.4763515439203969,0.813875619091015,0.0,1.9726,2.012,0.0,7.2029,0.1655,11.293
20260704,30.0,4,5,legacy_explicit_residual_gate,-63.434529134245,1.0,1,0,nan,0.8248776036553138,0.0,2.0008,1.8829,7.2816,7.1751,0.7547,19.2346
20260704,30.0,4,5,projection_energy_gate,-63.434529134245,1.0,1,0,0.24184389680074128,0.8248776036553138,0.0,1.9889,2.038,0.0,7.3968,0.1492,11.504999999999999
20260704,30.0,4,5,stage1_projection_energy_gate,-63.434529134245,1.0,1,0,0.24184389680074128,0.8248776036553138,0.0,1.9116,1.9845,0.0,7.595,0.1336,11.4118
20260704,30.0,4,5,axiswise_candan_joint_ls,-63.434529134245,1.0,1,0,nan,0.8248776036553138,0.0,1.9753,1.9956,0.0,7.5122,0.0,11.4362
20260704,30.0,4,6,projection_energy_gate,-64.095071000828,1.0,1,0,0.20759806104331222,0.8182871425988354,0.0,1.8597,1.802,0.0,6.6982,0.0947,10.5242
20260704,30.0,4,6,stage1_projection_energy_gate,-64.095071000828,1.0,1,0,0.20759806104331222,0.8182871425988354,0.0,1.8818,1.765,0.0,6.7402,0.0902,10.5031
20260704,30.0,4,6,axiswise_candan_joint_ls,-64.095071000828,1.0,1,0,nan,0.8182871425988354,0.0,1.8962,1.8449,0.0,6.8551,0.0,10.5931
20260704,30.0,4,6,legacy_explicit_residual_gate,-64.095071000828,1.0,1,0,nan,0.8182871425988354,0.0,2.0833,1.8992,7.3743,7.1589,0.7306,19.069999999999997
20260704,30.0,4,7,stage1_projection_energy_gate,-65.82698910655338,1.0,1,0,0.2278922744747791,0.8397353047183747,0.0,1.9614,1.99,0.0,7.4109,0.1528,11.5844
20260704,30.0,4,7,axiswise_candan_joint_ls,-65.82698910655338,1.0,1,0,nan,0.8397353047183747,0.0,1.8754,1.9908,0.0,6.99,0.0,10.924900000000001
20260704,30.0,4,7,legacy_explicit_residual_gate,-65.82698910655338,1.0,1,0,nan,0.8397353047183747,0.0,2.038,1.9063,7.2419,7.1492,0.7206,19.009
20260704,30.0,4,7,projection_energy_gate,-65.82698910655338,1.0,1,0,0.2278922744747791,0.8397353047183747,0.0,2.0796,1.9543,0.0,7.3629,0.1433,11.7134
20260704,30.0,4,8,axiswise_candan_joint_ls,-12.867627103549479,0.75,1,0,nan,0.8152374338902442,0.08333333333333333,1.9119,1.9187,0.0,6.9864,0.0,10.8288
20260704,30.0,4,8,legacy_explicit_residual_gate,-12.867627103549479,0.75,1,0,nan,0.8152374338902442,0.08333333333333333,2.0545,1.9327,7.3042,7.1861,0.7189,19.142500000000002
20260704,30.0,4,8,projection_energy_gate,-12.867627103549479,0.75,1,0,0.3937616608782867,0.8152374338902442,0.08333333333333333,1.9933,1.9764,0.0,7.0586,0.1177,11.187899999999999
20260704,30.0,4,8,stage1_projection_energy_gate,-12.867627103549479,0.75,1,0,0.3937616608782867,0.8152374338902442,0.08333333333333333,1.9767,1.9811,0.0,7.2754,0.1623,11.352300000000001
20260704,30.0,4,9,legacy_explicit_residual_gate,-60.922096531916516,1.0,1,0,nan,0.818957403686475,0.0,1.8821,1.758,6.7262,6.7829,0.6473,17.8158
20260704,30.0,4,9,projection_energy_gate,-60.922096531916516,1.0,1,0,0.3337036497275017,0.818957403686475,0.0,2.2756,1.9539,0.0,7.9684,0.1093,12.3528
20260704,30.0,4,9,stage1_projection_energy_gate,-60.922096531916516,1.0,1,0,0.3337036497275017,0.818957403686475,0.0,1.8883,1.8437,0.0,7.0032,0.1017,10.742299999999998
20260704,30.0,4,9,axiswise_candan_joint_ls,-60.922096531916516,1.0,1,0,nan,0.818957403686475,0.0,1.9309,1.929,0.0,7.0156,0.0,10.8518
20260704,30.0,4,10,projection_energy_gate,-25.28436819706931,0.5,1,0,0.21208930244568044,0.8189888565810406,0.08333333333333333,2.0037,2.0626,0.0,7.3684,0.1499,11.5866
20260704,30.0,4,10,stage1_projection_energy_gate,-25.28436819706931,0.5,1,0,0.21208930244568044,0.8189888565810406,0.08333333333333333,1.9196,1.9468,0.0,6.9223,0.1355,10.9178
20260704,30.0,4,10,axiswise_candan_joint_ls,-25.28436819706931,0.5,1,0,nan,0.8189888565810406,0.08333333333333333,1.8434,1.9042,0.0,7.0782,0.0,10.8258
20260704,30.0,4,10,legacy_explicit_residual_gate,-25.28436819706931,0.5,1,0,nan,0.8189888565810406,0.08333333333333333,2.0179,1.8856,7.3094,7.1578,0.7034,19.017599999999998
20260704,30.0,4,11,stage1_projection_energy_gate,-9.689631116896617,0.5,1,0,0.1720342385220202,0.8212428944836957,0.16666666666666666,1.8844,1.9389,0.0,7.2141,0.1648,11.2419
20260704,30.0,4,11,axiswise_candan_joint_ls,-9.689631116896617,0.5,1,0,nan,0.8212428944836957,0.16666666666666666,2.04,2.0516,0.0,7.8349,0.0,12.0007
20260704,30.0,4,11,legacy_explicit_residual_gate,-9.689631116896617,0.5,1,0,nan,0.8212428944836957,0.16666666666666666,2.0523,1.9208,7.5009,7.0645,0.7315,19.27
20260704,30.0,4,11,projection_energy_gate,-9.689631116896617,0.5,1,0,0.1720342385220202,0.8212428944836957,0.16666666666666666,1.9022,1.9085,0.0,7.3172,0.135,11.3868
20260704,30.0,4,12,axiswise_candan_joint_ls,-14.685723221747564,0.5,1,0,nan,0.8152920146527103,0.08333333333333333,1.8169,1.7917,0.0,7.0432,0.0,10.6691
20260704,30.0,4,12,legacy_explicit_residual_gate,-14.685723221747564,0.5,1,0,nan,0.8152920146527103,0.08333333333333333,2.0266,1.7752,7.0001,7.7436,0.6192,21.7735
20260704,30.0,4,12,projection_energy_gate,-14.685723221747564,0.5,1,0,0.38480969716554825,0.8152920146527103,0.08333333333333333,1.8738,1.8502,0.0,7.0831,0.1465,10.951
20260704,30.0,4,12,stage1_projection_energy_gate,-14.685723221747564,0.5,1,0,0.38480969716554825,0.8152920146527103,0.08333333333333333,1.9312,1.8822,0.0,7.0457,0.1323,10.9914
20260704,30.0,4,13,legacy_explicit_residual_gate,-13.84905816374707,0.75,1,0,nan,0.8175492100327026,0.08333333333333333,2.0506,1.9185,7.1597,7.1133,0.7564,18.9927
20260704,30.0,4,13,projection_energy_gate,-13.84905816374707,0.75,1,0,0.2794268368506657,0.8175492100327026,0.08333333333333333,2.0044,1.966,0.0,7.1188,0.1427,11.1762
20260704,30.0,4,13,stage1_projection_energy_gate,-13.84905816374707,0.75,1,0,0.2794268368506657,0.8175492100327026,0.08333333333333333,1.9262,1.9947,0.0,7.3514,0.144,11.4163
20260704,30.0,4,13,axiswise_candan_joint_ls,-13.84905816374707,0.75,1,0,nan,0.8175492100327026,0.08333333333333333,1.9918,1.9899,0.0,7.5277,0.0,11.636099999999999
20260704,30.0,4,14,projection_energy_gate,-56.669287013485516,1.0,1,0,0.271463959999999,0.8183987469868038,0.0,1.9236,1.8951,0.0,6.9304,0.1224,10.9225
20260704,30.0,4,14,stage1_projection_energy_gate,-56.669287013485516,1.0,1,0,0.271463959999999,0.8183987469868038,0.0,1.9289,1.9341,0.0,7.1622,0.1408,11.1866
20260704,30.0,4,14,axiswise_candan_joint_ls,-56.669287013485516,1.0,1,0,nan,0.8183987469868038,0.0,2.1005,2.0572,0.0,7.4546,0.0,11.683499999999999
20260704,30.0,4,14,legacy_explicit_residual_gate,-56.669287013485516,1.0,1,0,nan,0.8183987469868038,0.0,1.9785,1.7746,7.0585,7.2054,0.749,19.0384
20260704,30.0,4,15,stage1_projection_energy_gate,-62.71564724003903,1.0,1,0,0.32188635910296964,0.8247085280223168,0.0,1.8157,1.8124,0.0,6.9906,0.1122,10.715
20260704,30.0,4,15,axiswise_candan_joint_ls,-62.71564724003903,1.0,1,0,nan,0.8247085280223168,0.0,1.8628,1.8374,0.0,6.8513,0.0,10.6617
20260704,30.0,4,15,legacy_explicit_residual_gate,-62.71564724003903,1.0,1,0,nan,0.8247085280223168,0.0,1.9548,1.8607,7.1828,7.4199,0.8717,19.2899
20260704,30.0,4,15,projection_energy_gate,-62.71564724003903,1.0,1,0,0.32188635910296964,0.8247085280223168,0.0,2.0703,2.1078,0.0,7.2806,0.154,11.538400000000001
20260704,30.0,4,16,axiswise_candan_joint_ls,-13.234743298492655,0.5,1,0,nan,0.8222587700532453,0.08333333333333333,1.9181,1.8327,0.0,7.5591,0.0,11.309899999999999
20260704,30.0,4,16,legacy_explicit_residual_gate,-13.234743298492655,0.5,1,0,nan,0.8222587700532453,0.08333333333333333,1.9411,1.8258,7.0698,7.3287,0.6554,18.8438
20260704,30.0,4,16,projection_energy_gate,-13.234743298492655,0.5,1,0,0.1725045302846202,0.8222587700532453,0.08333333333333333,1.8623,1.888,0.0,7.0227,0.1436,10.909
20260704,30.0,4,16,stage1_projection_energy_gate,-13.234743298492655,0.5,1,0,0.1725045302846202,0.8222587700532453,0.08333333333333333,2.0098,2.0447,0.0,7.6021,0.1556,11.733799999999999
20260704,30.0,4,17,legacy_explicit_residual_gate,-11.18792700959972,0.75,1,0,nan,0.8317925569011912,0.08333333333333333,1.9536,1.8181,7.0676,6.8237,0.6834,18.3403
20260704,30.0,4,17,projection_energy_gate,-11.18792700959972,0.75,1,0,0.16964829079958538,0.8317925569011912,0.08333333333333333,1.8904,1.9901,0.0,7.1719,0.1229,11.201200000000002
20260704,30.0,4,17,stage1_projection_energy_gate,-11.18792700959972,0.75,1,0,0.16964829079958538,0.8317925569011912,0.08333333333333333,1.9386,2.0215,0.0,7.3386,0.1962,11.5269
20260704,30.0,4,17,axiswise_candan_joint_ls,-11.18792700959972,0.75,1,0,nan,0.8317925569011912,0.08333333333333333,1.9494,1.9665,0.0,7.3005,0.0,11.337900000000001
20260704,30.0,4,18,projection_energy_gate,-19.06107408856808,0.75,1,0,0.12390343478750639,0.8285141091119779,0.08333333333333333,1.9711,1.9427,0.0,7.1865,0.1814,11.2812
20260704,30.0,4,18,stage1_projection_energy_gate,-19.06107408856808,0.75,1,0,0.12390343478750639,0.8285141091119779,0.08333333333333333,2.0217,2.0191,0.0,7.2926,0.1826,11.7011
20260704,30.0,4,18,axiswise_candan_joint_ls,-19.06107408856808,0.75,1,0,nan,0.8285141091119779,0.08333333333333333,1.9557,1.979,0.0,7.1918,0.0,11.039100000000001
20260704,30.0,4,18,legacy_explicit_residual_gate,-19.06107408856808,0.75,1,0,nan,0.8285141091119779,0.08333333333333333,2.0456,2.0089,7.2436,7.2752,0.7286,19.2862
20260704,30.0,4,19,stage1_projection_energy_gate,-62.24149524205066,1.0,1,0,0.2513849748499268,0.8164526494036988,0.0,2.1669,2.0738,0.0,7.4577,0.2187,11.9239
20260704,30.0,4,19,axiswise_candan_joint_ls,-62.24149524205066,1.0,1,0,nan,0.8164526494036988,0.0,2.1025,1.9907,0.0,7.1003,0.0,11.236699999999999
20260704,30.0,4,19,legacy_explicit_residual_gate,-62.24149524205066,1.0,1,0,nan,0.8164526494036988,0.0,2.2165,2.0857,7.3056,7.3364,0.8688,19.963700000000003
20260704,30.0,4,19,projection_energy_gate,-62.24149524205066,1.0,1,0,0.2513849748499268,0.8164526494036988,0.0,2.116,2.1215,0.0,7.1513,0.1774,11.5621
20260704,30.0,8,0,axiswise_candan_joint_ls,-16.50485442847844,0.75,1,0,nan,0.8129782426633918,0.08333333333333333,2.0707,2.15,0.0,16.057,0.0,20.350099999999998
20260704,30.0,8,0,legacy_explicit_residual_gate,-16.50485442847844,0.75,1,0,nan,0.8129782426633918,0.08333333333333333,2.125,2.1816,17.1517,15.4068,0.8019,37.4026
20260704,30.0,8,0,projection_energy_gate,-16.50485442847844,0.75,1,0,0.23446853701411546,0.8129782426633918,0.08333333333333333,2.0497,2.1929,0.0,16.0155,0.1693,20.4396
20260704,30.0,8,0,stage1_projection_energy_gate,-16.50485442847844,0.75,1,0,0.23446853701411546,0.8129782426633918,0.08333333333333333,1.9665,2.0906,0.0,15.7904,0.1285,20.102800000000002
20260704,30.0,8,1,legacy_explicit_residual_gate,-19.026027003517132,0.75,1,0,nan,0.8136247534692289,0.041666666666666664,1.9968,2.0255,15.0751,15.2669,0.6434,35.414899999999996
20260704,30.0,8,1,projection_energy_gate,-19.026027003517132,0.75,1,0,0.3048614795140632,0.8136247534692289,0.041666666666666664,1.9329,2.0262,0.0,15.3124,0.1428,19.445899999999998
20260704,30.0,8,1,stage1_projection_energy_gate,-19.026027003517132,0.75,1,0,0.3048614795140632,0.8136247534692289,0.041666666666666664,1.9473,1.9888,0.0,15.4852,0.1463,19.5631
20260704,30.0,8,1,axiswise_candan_joint_ls,-19.026027003517132,0.75,1,0,nan,0.8136247534692289,0.041666666666666664,1.8686,2.0218,0.0,15.1258,0.0,18.9921
20260704,30.0,8,2,projection_energy_gate,-15.117821236659648,0.5,1,0,0.30132701719885796,0.8193045331069787,0.125,1.9101,2.072,0.0,16.4444,0.1446,20.6273
20260704,30.0,8,2,stage1_projection_energy_gate,-15.117821236659648,0.5,1,0,0.30132701719885796,0.8193045331069787,0.125,1.8972,2.0414,0.0,15.7556,0.1705,19.878999999999998
20260704,30.0,8,2,axiswise_candan_joint_ls,-15.117821236659648,0.5,1,0,nan,0.8193045331069787,0.125,2.0294,2.3688,0.0,17.0969,0.0,21.6212
20260704,30.0,8,2,legacy_explicit_residual_gate,-15.117821236659648,0.5,1,0,nan,0.8193045331069787,0.125,2.4283,2.3257,17.8202,17.1943,1.0075,40.2518
20260704,30.0,8,3,stage1_projection_energy_gate,-14.498877566736345,0.5,1,0,0.26940263262380193,0.812589079965659,0.125,2.0856,2.2467,0.0,16.4605,0.1782,20.8637
20260704,30.0,8,3,axiswise_candan_joint_ls,-14.498877566736345,0.5,1,0,nan,0.812589079965659,0.125,2.1466,2.2166,0.0,16.8783,0.0,21.3777
20260704,30.0,8,3,legacy_explicit_residual_gate,-14.498877566736345,0.5,1,0,nan,0.812589079965659,0.125,2.0339,2.0439,16.2758,15.7381,0.9188,36.6974
20260704,30.0,8,3,projection_energy_gate,-14.498877566736345,0.5,1,0,0.26940263262380193,0.812589079965659,0.125,2.0271,2.186,0.0,15.7334,0.1395,19.870700000000003
20260704,30.0,8,4,axiswise_candan_joint_ls,-15.819241971271863,0.625,1,0,nan,0.8173474456091261,0.08333333333333333,2.0732,2.2583,0.0,16.8212,0.0,20.9831
20260704,30.0,8,4,legacy_explicit_residual_gate,-15.819241971271863,0.625,1,0,nan,0.8173474456091261,0.08333333333333333,2.0486,2.1197,16.5534,16.5256,0.7762,37.190400000000004
20260704,30.0,8,4,projection_energy_gate,-15.819241971271863,0.625,1,0,0.16376100383104333,0.8173474456091261,0.08333333333333333,2.057,2.0837,0.0,16.0487,0.1738,20.3685
20260704,30.0,8,4,stage1_projection_energy_gate,-15.819241971271863,0.625,1,0,0.16376100383104333,0.8173474456091261,0.08333333333333333,2.0894,2.1389,0.0,16.8222,0.1709,21.621399999999998
20260704,30.0,8,5,legacy_explicit_residual_gate,-17.85560664259061,0.75,1,0,nan,0.8201506967509211,0.041666666666666664,2.2109,2.0847,16.0206,16.7244,1.0615,38.199799999999996
20260704,30.0,8,5,projection_energy_gate,-17.85560664259061,0.75,1,0,0.30226480027802466,0.8201506967509211,0.041666666666666664,2.2931,2.2717,0.0,17.6365,0.1705,22.380300000000002
20260704,30.0,8,5,stage1_projection_energy_gate,-17.85560664259061,0.75,1,0,0.30226480027802466,0.8201506967509211,0.041666666666666664,2.2121,2.3631,0.0,17.8241,0.1909,23.4382
20260704,30.0,8,5,axiswise_candan_joint_ls,-17.85560664259061,0.75,1,0,nan,0.8201506967509211,0.041666666666666664,1.9862,2.0878,0.0,16.4868,0.0,20.524299999999997
20260704,30.0,8,6,projection_energy_gate,-14.850688777153781,0.75,1,0,0.27936145944838253,0.8126578474206985,0.041666666666666664,2.0986,2.0689,0.0,16.3433,0.2103,20.696699999999996
20260704,30.0,8,6,stage1_projection_energy_gate,-14.850688777153781,0.75,1,0,0.27936145944838253,0.8126578474206985,0.041666666666666664,2.0212,2.2335,0.0,16.317,0.1757,20.6515
20260704,30.0,8,6,axiswise_candan_joint_ls,-14.850688777153781,0.75,1,0,nan,0.8126578474206985,0.041666666666666664,2.0726,2.0729,0.0,16.5736,0.0,20.682299999999998
20260704,30.0,8,6,legacy_explicit_residual_gate,-14.850688777153781,0.75,1,0,nan,0.8126578474206985,0.041666666666666664,1.856,2.1978,15.5139,16.2542,0.7796,37.0769
20260704,30.0,8,7,stage1_projection_energy_gate,-24.5118806513681,0.875,1,0,0.3647669292325657,0.7911504186305206,0.041666666666666664,1.885,1.9819,0.0,15.2767,0.1608,19.261499999999998
20260704,30.0,8,7,axiswise_candan_joint_ls,-24.5118806513681,0.875,1,0,nan,0.7911504186305206,0.041666666666666664,1.8884,1.9522,0.0,15.0271,0.0,18.9446
20260704,30.0,8,7,legacy_explicit_residual_gate,-24.5118806513681,0.875,1,0,nan,0.7911504186305206,0.041666666666666664,2.068,1.955,15.5492,15.374,0.6869,35.491
20260704,30.0,8,7,projection_energy_gate,-24.5118806513681,0.875,1,0,0.3647669292325657,0.7911504186305206,0.041666666666666664,2.0156,2.0672,0.0,15.9423,0.1369,20.3766
20260704,30.0,8,8,axiswise_candan_joint_ls,-20.718910009892507,0.625,1,0,nan,0.8261228758033424,0.08333333333333333,1.9083,2.0913,0.0,15.6211,0.0,19.6207
20260704,30.0,8,8,legacy_explicit_residual_gate,-20.718910009892507,0.625,1,0,nan,0.8261228758033424,0.08333333333333333,2.0635,2.0279,16.5497,15.5869,0.8091,37.0828
20260704,30.0,8,8,projection_energy_gate,-20.718910009892507,0.625,1,0,0.21103809568243714,0.8261228758033424,0.08333333333333333,1.9218,2.0568,0.0,16.0122,0.2039,20.0797
20260704,30.0,8,8,stage1_projection_energy_gate,-20.718910009892507,0.625,1,0,0.21103809568243714,0.8261228758033424,0.08333333333333333,2.0106,1.978,0.0,15.1431,0.1379,19.2396
20260704,30.0,8,9,legacy_explicit_residual_gate,-18.93184434394797,0.875,1,0,nan,0.819574401166542,0.041666666666666664,1.9675,1.9804,15.5133,15.0672,0.6798,35.0714
20260704,30.0,8,9,projection_energy_gate,-18.93184434394797,0.875,1,0,0.3500311922610473,0.819574401166542,0.041666666666666664,2.0568,2.0772,0.0,16.7235,0.1978,21.203400000000002
20260704,30.0,8,9,stage1_projection_energy_gate,-18.93184434394797,0.875,1,0,0.3500311922610473,0.819574401166542,0.041666666666666664,2.0624,2.0877,0.0,17.0073,0.1609,21.1963
20260704,30.0,8,9,axiswise_candan_joint_ls,-18.93184434394797,0.875,1,0,nan,0.819574401166542,0.041666666666666664,1.9536,1.9865,0.0,15.5944,0.0,19.9254
20260704,30.0,8,10,projection_energy_gate,-22.44202683501898,0.875,1,0,0.14302358632396944,0.8193882207068578,0.041666666666666664,2.0077,2.1504,0.0,16.3213,0.1773,20.4775
20260704,30.0,8,10,stage1_projection_energy_gate,-22.44202683501898,0.875,1,0,0.14302358632396944,0.8193882207068578,0.041666666666666664,1.9409,2.1111,0.0,16.2211,0.1617,20.3476
20260704,30.0,8,10,axiswise_candan_joint_ls,-22.44202683501898,0.875,1,0,nan,0.8193882207068578,0.041666666666666664,1.9954,2.1336,0.0,15.9196,0.0,20.0152
20260704,30.0,8,10,legacy_explicit_residual_gate,-22.44202683501898,0.875,1,0,nan,0.8193882207068578,0.041666666666666664,2.0447,2.1168,15.7231,15.8366,0.6857,37.6608
20260704,30.0,8,11,stage1_projection_energy_gate,-12.591509290923856,0.875,1,0,0.22803653092972082,0.8159202161447529,0.041666666666666664,2.203,2.2946,0.0,24.4998,0.1742,30.2848
20260704,30.0,8,11,axiswise_candan_joint_ls,-12.591509290923856,0.875,1,0,nan,0.8159202161447529,0.041666666666666664,1.9314,2.0027,0.0,15.4493,0.0,19.3603
20260704,30.0,8,11,legacy_explicit_residual_gate,-12.591509290923856,0.875,1,0,nan,0.8159202161447529,0.041666666666666664,2.0498,2.1241,15.2618,15.5461,0.7272,35.635600000000004
20260704,30.0,8,11,projection_energy_gate,-12.591509290923856,0.875,1,0,0.22803653092972082,0.8159202161447529,0.041666666666666664,1.9633,2.0155,0.0,15.9526,0.1854,20.061400000000003
20260704,30.0,8,12,axiswise_candan_joint_ls,-16.591850474258983,0.75,1,0,nan,0.8126231339960055,0.041666666666666664,1.9386,2.0268,0.0,16.2937,0.0,20.3859
20260704,30.0,8,12,legacy_explicit_residual_gate,-16.591850474258983,0.75,1,0,nan,0.8126231339960055,0.041666666666666664,1.9378,2.0254,15.3331,15.0593,0.8348,35.0351
20260704,30.0,8,12,projection_energy_gate,-16.591850474258983,0.75,1,0,0.331391712517117,0.8126231339960055,0.041666666666666664,1.8712,2.1175,0.0,15.0541,0.1452,19.187099999999997
20260704,30.0,8,12,stage1_projection_energy_gate,-16.591850474258983,0.75,1,0,0.331391712517117,0.8126231339960055,0.041666666666666664,1.9711,2.0383,0.0,15.116,0.1498,19.522299999999998
20260704,30.0,8,13,legacy_explicit_residual_gate,-15.681946268840047,0.75,1,0,nan,0.8150568553046429,0.041666666666666664,2.0133,1.9716,15.6239,15.3027,0.7088,36.2408
20260704,30.0,8,13,projection_energy_gate,-15.681946268840047,0.75,1,0,0.27672360787168104,0.8150568553046429,0.041666666666666664,1.9491,2.0799,0.0,15.1763,0.1596,19.3698
20260704,30.0,8,13,stage1_projection_energy_gate,-15.681946268840047,0.75,1,0,0.27672360787168104,0.8150568553046429,0.041666666666666664,2.0014,2.1394,0.0,15.4635,0.149,19.547800000000002
20260704,30.0,8,13,axiswise_candan_joint_ls,-15.681946268840047,0.75,1,0,nan,0.8150568553046429,0.041666666666666664,1.9965,2.0731,0.0,15.0933,0.0,19.142599999999998
20260704,30.0,8,14,projection_energy_gate,-17.5387177560626,0.75,1,0,0.262962139285402,0.8174511723089635,0.041666666666666664,1.9733,2.0903,0.0,15.4492,0.1569,19.607799999999997
20260704,30.0,8,14,stage1_projection_energy_gate,-17.5387177560626,0.75,1,0,0.262962139285402,0.8174511723089635,0.041666666666666664,2.0664,2.1776,0.0,15.9878,0.153,20.498
20260704,30.0,8,14,axiswise_candan_joint_ls,-17.5387177560626,0.75,1,0,nan,0.8174511723089635,0.041666666666666664,2.3265,2.385,0.0,16.4902,0.0,21.3183
20260704,30.0,8,14,legacy_explicit_residual_gate,-17.5387177560626,0.75,1,0,nan,0.8174511723089635,0.041666666666666664,2.051,2.1317,16.3772,15.4245,0.7025,36.5974
20260704,30.0,8,15,stage1_projection_energy_gate,-14.68769703350225,0.625,1,0,0.20867145719182123,0.8199553477298588,0.08333333333333333,2.1623,2.2915,0.0,16.3626,0.1801,20.9965
20260704,30.0,8,15,axiswise_candan_joint_ls,-14.68769703350225,0.625,1,0,nan,0.8199553477298588,0.08333333333333333,2.0156,2.053,0.0,15.3185,0.0,19.5385
20260704,30.0,8,15,legacy_explicit_residual_gate,-14.68769703350225,0.625,1,0,nan,0.8199553477298588,0.08333333333333333,2.0869,2.0712,15.4284,15.6166,0.7279,36.294000000000004
20260704,30.0,8,15,projection_energy_gate,-14.68769703350225,0.625,1,0,0.20867145719182123,0.8199553477298588,0.08333333333333333,2.0764,2.177,0.0,16.1012,0.1969,20.7083
20260704,30.0,8,16,axiswise_candan_joint_ls,-20.84330146828008,0.75,1,0,nan,0.8145739205111278,0.08333333333333333,2.0121,2.1263,0.0,15.4033,0.0,19.540599999999998
20260704,30.0,8,16,legacy_explicit_residual_gate,-20.84330146828008,0.75,1,0,nan,0.8145739205111278,0.08333333333333333,2.0017,1.9966,15.2071,15.1691,0.6474,35.2237
20260704,30.0,8,16,projection_energy_gate,-20.84330146828008,0.75,1,0,0.30092966516898195,0.8145739205111278,0.08333333333333333,1.999,2.1152,0.0,15.4795,0.1807,19.927699999999998
20260704,30.0,8,16,stage1_projection_energy_gate,-20.84330146828008,0.75,1,0,0.30092966516898195,0.8145739205111278,0.08333333333333333,2.0026,2.1507,0.0,16.104,0.1978,20.4759
20260704,30.0,8,17,legacy_explicit_residual_gate,-14.972820100623963,0.75,1,0,nan,0.3807785450238652,0.08333333333333333,2.2414,2.2023,17.4688,17.2398,0.9649,40.4036
20260704,30.0,8,17,projection_energy_gate,-14.972820100623963,0.75,1,0,0.11583972535972316,0.3807785450238652,0.08333333333333333,1.992,2.1042,0.0,15.976,0.1488,20.1052
20260704,30.0,8,17,stage1_projection_energy_gate,-14.972820100623963,0.75,1,0,0.11583972535972316,0.3807785450238652,0.08333333333333333,1.9986,2.1761,0.0,15.7987,0.172,20.105800000000002
20260704,30.0,8,17,axiswise_candan_joint_ls,-14.972820100623963,0.75,1,0,nan,0.3807785450238652,0.08333333333333333,1.9643,2.1565,0.0,15.4859,0.0,19.742
20260704,30.0,8,18,projection_energy_gate,-16.468213262141795,0.875,1,0,0.3847502254850476,0.814881656449799,0.041666666666666664,2.0166,2.1587,0.0,15.7857,0.1699,20.155299999999997
20260704,30.0,8,18,stage1_projection_energy_gate,-16.468213262141795,0.875,1,0,0.3847502254850476,0.814881656449799,0.041666666666666664,2.0848,2.1444,0.0,15.5221,0.1506,19.8953
20260704,30.0,8,18,axiswise_candan_joint_ls,-16.468213262141795,0.875,1,0,nan,0.814881656449799,0.041666666666666664,1.981,2.0955,0.0,15.4288,0.0,19.3668
20260704,30.0,8,18,legacy_explicit_residual_gate,-16.468213262141795,0.875,1,0,nan,0.814881656449799,0.041666666666666664,2.0131,1.996,15.1454,15.2755,0.6674,35.0818
20260704,30.0,8,19,stage1_projection_energy_gate,-16.003752399939366,0.75,1,0,0.19008198416368494,0.81894019572436,0.041666666666666664,1.9532,2.0817,0.0,15.4147,0.1834,19.6108
20260704,30.0,8,19,axiswise_candan_joint_ls,-16.003752399939366,0.75,1,0,nan,0.81894019572436,0.041666666666666664,2.0065,2.0895,0.0,15.5593,0.0,19.6313
20260704,30.0,8,19,legacy_explicit_residual_gate,-16.003752399939366,0.75,1,0,nan,0.81894019572436,0.041666666666666664,2.0265,2.0236,15.3868,15.5277,0.681,35.880599999999994
20260704,30.0,8,19,projection_energy_gate,-16.003752399939366,0.75,1,0,0.19008198416368494,0.81894019572436,0.041666666666666664,1.9953,2.1837,0.0,15.3217,0.1476,19.648300000000003
