profile,seed,L,snr_db,sample,method,nmse_db,newton_updates,wall_ms
A,3101,4,0.0,0,grid,-3.4257664594566246,0,0.33
A,3101,4,0.0,0,deterministic,-6.118117969962217,0,1.61
A,3101,4,0.0,0,controller,-5.6883210198678436,0,2.31
A,3101,4,0.0,0,nomp2d,-9.305433710204376,48,11.23
A,3101,4,0.0,1,grid,-4.482300776713152,0,0.11
A,3101,4,0.0,1,deterministic,-4.756366355140976,0,1.22
A,3101,4,0.0,1,controller,-5.0248133974468505,0,1.61
A,3101,4,0.0,1,nomp2d,-9.21350522375269,43,10.44
A,3101,4,0.0,2,grid,-3.912253868709412,0,0.11
A,3101,4,0.0,2,deterministic,-5.760458225723095,0,1.22
A,3101,4,0.0,2,controller,-5.7779150419804335,0,1.6
A,3101,4,0.0,2,nomp2d,-6.693050649097731,45,11.16
A,3101,4,0.0,3,grid,-4.23450381601673,0,0.12
A,3101,4,0.0,3,deterministic,-4.257229943320217,0,1.21
A,3101,4,0.0,3,controller,-4.7628732515020955,0,1.62
A,3101,4,0.0,3,nomp2d,-5.613414740126182,48,9.97
A,3101,4,0.0,4,grid,-3.608992618615931,0,0.11
A,3101,4,0.0,4,deterministic,-5.295511913194964,0,1.19
A,3101,4,0.0,4,controller,-5.384754143871343,0,1.57
A,3101,4,0.0,4,nomp2d,-11.628202040062433,44,9.74
A,3101,4,0.0,5,grid,-5.132282048908099,0,0.11
A,3101,4,0.0,5,deterministic,-5.478649373518971,0,1.18
A,3101,4,0.0,5,controller,-5.963949210265849,0,1.51
A,3101,4,0.0,5,nomp2d,-9.069847095673376,47,9.82
A,3101,4,10.0,0,grid,-3.5075764287012934,0,0.25
A,3101,4,10.0,0,deterministic,-6.86772583150845,0,1.42
A,3101,4,10.0,0,controller,-7.363207982899004,0,1.86
A,3101,4,10.0,0,nomp2d,-9.905226574530761,47,10.23
A,3101,4,10.0,1,grid,-5.1573446224867405,0,0.1
A,3101,4,10.0,1,deterministic,-6.554348008053855,0,1.19
A,3101,4,10.0,1,controller,-6.891643613962439,0,1.54
A,3101,4,10.0,1,nomp2d,-8.091961897834992,39,11.05
A,3101,4,10.0,2,grid,-4.09144205190469,0,0.1
A,3101,4,10.0,2,deterministic,-5.401342750513315,0,1.21
A,3101,4,10.0,2,controller,-5.226457942985654,0,1.57
A,3101,4,10.0,2,nomp2d,-7.268789631216368,45,10.66
A,3101,4,10.0,3,grid,-4.294864650374569,0,0.11
A,3101,4,10.0,3,deterministic,-4.337615908778764,0,1.25
A,3101,4,10.0,3,controller,-4.8617012710322,0,1.64
A,3101,4,10.0,3,nomp2d,-7.831891299859746,46,11.19
A,3101,4,10.0,4,grid,-3.4985297634834183,0,0.12
A,3101,4,10.0,4,deterministic,-6.881156118214969,0,1.38
A,3101,4,10.0,4,controller,-6.109305785223635,0,1.78
A,3101,4,10.0,4,nomp2d,-12.52445418377035,47,10.95
A,3101,4,10.0,5,grid,-5.27564462964583,0,0.12
A,3101,4,10.0,5,deterministic,-5.623705715596683,0,1.44
A,3101,4,10.0,5,controller,-6.302790466192812,0,1.95
A,3101,4,10.0,5,nomp2d,-9.785325213960784,46,10.73
A,3101,4,20.0,0,grid,-3.528491839819809,0,0.26
A,3101,4,20.0,0,deterministic,-5.99441850132174,0,1.69
A,3101,4,20.0,0,controller,-7.195554475985968,0,2.18
A,3101,4,20.0,0,nomp2d,-10.02093837371645,42,10.74
A,3101,4,20.0,1,grid,-5.189162936578499,0,0.14
A,3101,4,20.0,1,deterministic,-6.60723225845376,0,1.22
A,3101,4,20.0,1,controller,-7.094839702422648,0,1.68
A,3101,4,20.0,1,nomp2d,-10.431925943479062,47,9.81
A,3101,4,20.0,2,grid,-4.159148897721257,0,0.1
A,3101,4,20.0,2,deterministic,-5.585294211056567,0,1.18
A,3101,4,20.0,2,controller,-6.202842360819657,0,1.54
A,3101,4,20.0,2,nomp2d,-7.299994498828281,44,10.5
A,3101,4,20.0,3,grid,-4.3057392325562525,0,0.1
A,3101,4,20.0,3,deterministic,-4.347650555859448,0,1.18
A,3101,4,20.0,3,controller,-4.8766164467883115,0,1.54
A,3101,4,20.0,3,nomp2d,-7.8703689300278885,47,9.95
A,3101,4,20.0,4,grid,-3.668401041240694,0,0.1
A,3101,4,20.0,4,deterministic,-7.347007040680254,0,1.18
A,3101,4,20.0,4,controller,-7.816312486885115,0,1.52
A,3101,4,20.0,4,nomp2d,-12.873785204976711,46,10.0
A,3101,4,20.0,5,grid,-5.298809182419307,0,0.1
A,3101,4,20.0,5,deterministic,-5.651355059447263,0,1.17
A,3101,4,20.0,5,controller,-6.380028675633158,0,1.51
A,3101,4,20.0,5,nomp2d,-9.89811103449641,45,10.19
A,3101,4,30.0,0,grid,-3.528761905751634,0,0.28
A,3101,4,30.0,0,deterministic,-5.995218428342202,0,1.4
A,3101,4,30.0,0,controller,-7.194925294448757,0,1.86
A,3101,4,30.0,0,nomp2d,-10.003120342666424,48,10.12
A,3101,4,30.0,1,grid,-5.190507868165777,0,0.11
A,3101,4,30.0,1,deterministic,-6.5909650654968,0,1.18
A,3101,4,30.0,1,controller,-6.944763081320495,0,1.56
A,3101,4,30.0,1,nomp2d,-10.4418830679984,47,9.8
A,3101,4,30.0,2,grid,-4.161180705528553,0,0.1
A,3101,4,30.0,2,deterministic,-5.586239909530278,0,1.16
A,3101,4,30.0,2,controller,-6.199777243172047,0,1.53
A,3101,4,30.0,2,nomp2d,-7.313075757596242,43,10.37
A,3101,4,30.0,3,grid,-4.306258642138156,0,0.1
A,3101,4,30.0,3,deterministic,-4.348732247386335,0,1.17
A,3101,4,30.0,3,controller,-4.877692371086983,0,1.51
A,3101,4,30.0,3,nomp2d,-7.877133287932139,45,10.07
A,3101,4,30.0,4,grid,-3.6698900071437928,0,0.1
A,3101,4,30.0,4,deterministic,-7.352419229539637,0,1.16
A,3101,4,30.0,4,controller,-7.819844248488897,0,1.49
A,3101,4,30.0,4,nomp2d,-12.8940179962905,45,9.79
A,3101,4,30.0,5,grid,-5.300284384702925,0,0.1
A,3101,4,30.0,5,deterministic,-5.653271447449062,0,1.26
A,3101,4,30.0,5,controller,-6.382813863048219,0,1.61
A,3101,4,30.0,5,nomp2d,-9.917150440057672,45,10.71
A,3101,8,0.0,0,grid,-6.242656897591394,0,0.32
A,3101,8,0.0,0,deterministic,-8.334506766953071,0,2.75
A,3101,8,0.0,0,controller,-8.317894859403863,0,3.34
A,3101,8,0.0,0,nomp2d,-7.875619359823977,143,38.0
A,3101,8,0.0,1,grid,-6.661884826850432,0,0.17
A,3101,8,0.0,1,deterministic,-7.039275669771712,0,2.38
A,3101,8,0.0,1,controller,-8.025778286908023,0,2.89
A,3101,8,0.0,1,nomp2d,-6.472809465168402,119,40.64
A,3101,8,0.0,2,grid,-6.129536192249141,0,0.16
A,3101,8,0.0,2,deterministic,-8.642110063115185,0,2.28
A,3101,8,0.0,2,controller,-8.868397048050664,0,2.84
A,3101,8,0.0,2,nomp2d,-8.145011786368723,150,35.93
A,3101,8,0.0,3,grid,-5.93095576526901,0,0.16
A,3101,8,0.0,3,deterministic,-6.272013364094159,0,2.29
A,3101,8,0.0,3,controller,-7.114972398236081,0,2.8
A,3101,8,0.0,3,nomp2d,-7.618174684149524,137,37.02
A,3101,8,0.0,4,grid,-7.0702226539082815,0,0.16
A,3101,8,0.0,4,deterministic,-10.89007848776589,0,2.27
A,3101,8,0.0,4,controller,-9.148755153645963,0,2.76
A,3101,8,0.0,4,nomp2d,-7.353503497310847,148,36.4
A,3101,8,0.0,5,grid,-6.20682705828023,0,0.16
A,3101,8,0.0,5,deterministic,-7.19556494043009,0,2.26
A,3101,8,0.0,5,controller,-8.677340460430734,0,2.75
A,3101,8,0.0,5,nomp2d,-6.848549167308061,146,36.54
A,3101,8,10.0,0,grid,-6.896753930104811,0,0.32
A,3101,8,10.0,0,deterministic,-7.795680552833759,0,2.56
A,3101,8,10.0,0,controller,-9.11260058275004,0,3.09
A,3101,8,10.0,0,nomp2d,-16.009273484373555,150,36.15
A,3101,8,10.0,1,grid,-7.352487673662269,0,0.17
A,3101,8,10.0,1,deterministic,-6.962387717362418,0,2.27
A,3101,8,10.0,1,controller,-8.821892839093081,0,2.75
A,3101,8,10.0,1,nomp2d,-16.96278945549518,152,35.16
A,3101,8,10.0,2,grid,-6.811315549726248,0,0.17
A,3101,8,10.0,2,deterministic,-9.921551192150394,0,2.34
A,3101,8,10.0,2,controller,-8.881634530504721,0,2.84
A,3101,8,10.0,2,nomp2d,-13.822190716334376,145,37.71
A,3101,8,10.0,3,grid,-6.359697478269613,0,0.17
A,3101,8,10.0,3,deterministic,-6.518197583033071,0,2.45
A,3101,8,10.0,3,controller,-7.922853146523725,0,3.03
A,3101,8,10.0,3,nomp2d,-16.880227564238663,157,35.1
A,3101,8,10.0,4,grid,-7.602194991929869,0,0.17
A,3101,8,10.0,4,deterministic,-12.252714113074337,0,2.27
A,3101,8,10.0,4,controller,-9.35899257134879,0,2.79
A,3101,8,10.0,4,nomp2d,-17.719865111257825,158,36.03
A,3101,8,10.0,5,grid,-7.171244704169812,0,0.17
A,3101,8,10.0,5,deterministic,-10.429077132549969,0,2.31
A,3101,8,10.0,5,controller,-9.886847414543613,0,2.8
A,3101,8,10.0,5,nomp2d,-17.805952842319176,159,34.24
A,3101,8,20.0,0,grid,-6.955978143089393,0,0.31
A,3101,8,20.0,0,deterministic,-7.912178620079061,0,2.58
A,3101,8,20.0,0,controller,-9.062837292257498,0,3.15
A,3101,8,20.0,0,nomp2d,-17.196291482688082,147,37.98
A,3101,8,20.0,1,grid,-7.480268137438416,0,0.16
A,3101,8,20.0,1,deterministic,-10.251131497952873,0,2.42
A,3101,8,20.0,1,controller,-10.877221774297768,0,3.0
A,3101,8,20.0,1,nomp2d,-20.07104168459598,152,38.88
A,3101,8,20.0,2,grid,-6.904995923090587,0,0.17
A,3101,8,20.0,2,deterministic,-9.671030541254725,0,2.38
A,3101,8,20.0,2,controller,-9.481963939204283,0,2.94
A,3101,8,20.0,2,nomp2d,-18.91409523288319,151,37.35
A,3101,8,20.0,3,grid,-6.516143143828468,0,0.19
A,3101,8,20.0,3,deterministic,-7.403894902898647,0,2.37
A,3101,8,20.0,3,controller,-7.621439643987616,0,2.91
A,3101,8,20.0,3,nomp2d,-17.537796901855863,156,36.32
A,3101,8,20.0,4,grid,-7.685316109522677,0,0.17
A,3101,8,20.0,4,deterministic,-12.265118038991849,0,2.41
A,3101,8,20.0,4,controller,-9.413484209142146,0,2.94
A,3101,8,20.0,4,nomp2d,-21.75287051824324,149,37.97
A,3101,8,20.0,5,grid,-7.269951113990839,0,0.16
A,3101,8,20.0,5,deterministic,-10.860637337404519,0,2.27
A,3101,8,20.0,5,controller,-9.957772026413194,0,2.76
A,3101,8,20.0,5,nomp2d,-19.63566875129199,154,34.62
A,3101,8,30.0,0,grid,-6.961109731902281,0,0.39
A,3101,8,30.0,0,deterministic,-7.918678602208752,0,2.55
A,3101,8,30.0,0,controller,-9.060806691263343,0,3.1
A,3101,8,30.0,0,nomp2d,-17.287010914026467,152,35.81
A,3101,8,30.0,1,grid,-7.485012480962042,0,0.16
A,3101,8,30.0,1,deterministic,-10.369082025925138,0,2.29
A,3101,8,30.0,1,controller,-11.055148327003813,0,2.78
A,3101,8,30.0,1,nomp2d,-19.174635308463316,148,37.88
A,3101,8,30.0,2,grid,-6.908877952871656,0,0.17
A,3101,8,30.0,2,deterministic,-9.685726595178963,0,2.29
A,3101,8,30.0,2,controller,-9.490522801542106,0,2.8
A,3101,8,30.0,2,nomp2d,-19.117389883545183,149,39.1
A,3101,8,30.0,3,grid,-6.523249977565278,0,0.18
A,3101,8,30.0,3,deterministic,-7.414259862692667,0,2.39
A,3101,8,30.0,3,controller,-7.633111449744136,0,2.95
A,3101,8,30.0,3,nomp2d,-17.343261557871863,153,38.87
A,3101,8,30.0,4,grid,-7.689591053451512,0,0.17
A,3101,8,30.0,4,deterministic,-12.450144096513991,0,2.57
A,3101,8,30.0,4,controller,-9.479534758333644,0,3.12
A,3101,8,30.0,4,nomp2d,-22.132041807965518,146,39.67
A,3101,8,30.0,5,grid,-7.269103172782096,0,0.19
A,3101,8,30.0,5,deterministic,-10.66558660055942,0,2.46
A,3101,8,30.0,5,controller,-10.044642681325593,0,2.97
A,3101,8,30.0,5,nomp2d,-19.721682123835958,156,38.73
A,3101,16,0.0,0,grid,-5.427417457348566,0,0.48
A,3101,16,0.0,0,deterministic,-6.461887901822212,0,5.9
A,3101,16,0.0,0,controller,-6.303525980643311,0,6.95
A,3101,16,0.0,0,nomp2d,-4.525003536395369,449,185.83
A,3101,16,0.0,1,grid,-6.244979682879287,0,0.3
A,3101,16,0.0,1,deterministic,-6.771730175673168,0,4.58
A,3101,16,0.0,1,controller,-7.431126062999526,0,5.42
A,3101,16,0.0,1,nomp2d,-6.16727884511095,511,172.77
A,3101,16,0.0,2,grid,-6.2226957634183115,0,0.37
A,3101,16,0.0,2,deterministic,-7.690368811029586,0,4.76
A,3101,16,0.0,2,controller,-7.882344776892526,0,5.55
A,3101,16,0.0,2,nomp2d,-5.875559712117431,507,173.1
A,3101,16,0.0,3,grid,-6.442765493788137,0,0.29
A,3101,16,0.0,3,deterministic,-7.036513215314661,0,4.57
A,3101,16,0.0,3,controller,-7.0900733917629335,0,5.36
A,3101,16,0.0,3,nomp2d,-4.830619466777167,464,173.44
A,3101,16,0.0,4,grid,-6.619624368950625,0,0.29
A,3101,16,0.0,4,deterministic,-8.084520544025803,0,4.49
A,3101,16,0.0,4,controller,-6.848769435355271,0,5.3
A,3101,16,0.0,4,nomp2d,-5.819130231792313,489,174.52
A,3101,16,0.0,5,grid,-4.4839525883901885,0,0.3
A,3101,16,0.0,5,deterministic,-5.8135591448890755,0,4.48
A,3101,16,0.0,5,controller,-5.66413381405493,0,5.33
A,3101,16,0.0,5,nomp2d,-4.9634335627763,447,179.66
A,3101,16,10.0,0,grid,-10.822135733228762,0,0.46
A,3101,16,10.0,0,deterministic,-14.552284265463083,0,4.96
A,3101,16,10.0,0,controller,-12.039596901785712,0,5.84
A,3101,16,10.0,0,nomp2d,-15.004167671460639,504,178.12
A,3101,16,10.0,1,grid,-10.520865901553888,0,0.31
A,3101,16,10.0,1,deterministic,-12.667729080923696,0,4.67
A,3101,16,10.0,1,controller,-11.373494051519845,0,5.48
A,3101,16,10.0,1,nomp2d,-14.923168582123855,504,172.4
A,3101,16,10.0,2,grid,-10.104093640334192,0,0.33
A,3101,16,10.0,2,deterministic,-12.989941500204445,0,4.65
A,3101,16,10.0,2,controller,-12.225205512817709,0,5.53
A,3101,16,10.0,2,nomp2d,-15.256958915803775,476,173.57
A,3101,16,10.0,3,grid,-11.528270456099008,0,0.31
A,3101,16,10.0,3,deterministic,-10.35879142821594,0,4.8
A,3101,16,10.0,3,controller,-11.583613887949689,0,5.67
A,3101,16,10.0,3,nomp2d,-16.396282562183984,536,159.24
A,3101,16,10.0,4,grid,-10.63223563598713,0,0.31
A,3101,16,10.0,4,deterministic,-16.841185336797754,0,4.81
A,3101,16,10.0,4,controller,-12.00193702581441,0,5.66
A,3101,16,10.0,4,nomp2d,-16.387945743111004,467,169.37
A,3101,16,10.0,5,grid,-9.295189672403039,0,0.35
A,3101,16,10.0,5,deterministic,-14.149925420724024,0,4.72
A,3101,16,10.0,5,controller,-14.448709336220489,0,5.56
A,3101,16,10.0,5,nomp2d,-15.818173478679014,504,172.25
A,3101,16,20.0,0,grid,-11.028749169015429,0,0.44
A,3101,16,20.0,0,deterministic,-15.164348294980698,0,5.22
A,3101,16,20.0,0,controller,-12.599541316647727,0,6.12
A,3101,16,20.0,0,nomp2d,-26.86900851569234,501,183.43
A,3101,16,20.0,1,grid,-11.116976682313123,0,0.32
A,3101,16,20.0,1,deterministic,-14.342515182566618,0,4.64
A,3101,16,20.0,1,controller,-12.731545834450548,0,5.46
A,3101,16,20.0,1,nomp2d,-27.972162466414588,504,174.37
A,3101,16,20.0,2,grid,-10.541271086889344,0,0.3
A,3101,16,20.0,2,deterministic,-13.121694280276714,0,4.69
A,3101,16,20.0,2,controller,-13.646081990935892,0,5.66
A,3101,16,20.0,2,nomp2d,-25.090099469620245,489,177.75
A,3101,16,20.0,3,grid,-12.195686556717163,0,0.28
A,3101,16,20.0,3,deterministic,-13.37063481332477,0,4.56
A,3101,16,20.0,3,controller,-12.834339456215847,0,5.4
A,3101,16,20.0,3,nomp2d,-25.08388476576266,497,165.87
A,3101,16,20.0,4,grid,-11.008867273630582,0,0.3
A,3101,16,20.0,4,deterministic,-18.885713167918517,0,4.48
A,3101,16,20.0,4,controller,-17.61558565068895,0,5.26
A,3101,16,20.0,4,nomp2d,-24.353445726996913,448,173.66
A,3101,16,20.0,5,grid,-9.905551624732166,0,0.28
A,3101,16,20.0,5,deterministic,-13.399319782733025,0,4.61
A,3101,16,20.0,5,controller,-15.358137180631886,0,5.4
A,3101,16,20.0,5,nomp2d,-26.21282639914828,468,172.21
A,3101,16,30.0,0,grid,-11.059350143432404,0,0.45
A,3101,16,30.0,0,deterministic,-15.23479918085168,0,5.44
A,3101,16,30.0,0,controller,-12.636158704097515,0,6.38
A,3101,16,30.0,0,nomp2d,-31.71820481332886,489,175.82
A,3101,16,30.0,1,grid,-11.160794146780882,0,0.3
A,3101,16,30.0,1,deterministic,-17.36209923314123,0,4.5
A,3101,16,30.0,1,controller,-13.73405160972171,0,5.29
A,3101,16,30.0,1,nomp2d,-34.54557790251635,468,170.74
A,3101,16,30.0,2,grid,-10.618426028396229,0,0.31
A,3101,16,30.0,2,deterministic,-14.024766122041413,0,4.47
A,3101,16,30.0,2,controller,-13.653347857509788,0,5.29
A,3101,16,30.0,2,nomp2d,-35.034397803672526,500,177.32
A,3101,16,30.0,3,grid,-12.227215420474575,0,0.28
A,3101,16,30.0,3,deterministic,-13.416660311152294,0,4.7
A,3101,16,30.0,3,controller,-12.87415636122814,0,5.5
A,3101,16,30.0,3,nomp2d,-33.56283743552885,501,166.92
A,3101,16,30.0,4,grid,-11.04928663927275,0,0.31
A,3101,16,30.0,4,deterministic,-17.066923794845717,0,4.53
A,3101,16,30.0,4,controller,-11.97496233999535,0,5.33
A,3101,16,30.0,4,nomp2d,-32.41438903913788,492,164.39
A,3101,16,30.0,5,grid,-9.933014617371535,0,0.3
A,3101,16,30.0,5,deterministic,-13.334875047569756,0,4.55
A,3101,16,30.0,5,controller,-15.610560876209638,0,5.38
A,3101,16,30.0,5,nomp2d,-35.61157806043286,476,172.15
A,3102,4,0.0,0,grid,-3.3320580475620156,0,0.23
A,3102,4,0.0,0,deterministic,-4.594127704006069,0,1.39
A,3102,4,0.0,0,controller,-4.617127140868847,0,1.83
A,3102,4,0.0,0,nomp2d,-9.871627636247261,40,11.69
A,3102,4,0.0,1,grid,-4.078551235608417,0,0.12
A,3102,4,0.0,1,deterministic,-6.488194118804401,0,1.4
A,3102,4,0.0,1,controller,-5.922113770061257,0,1.86
A,3102,4,0.0,1,nomp2d,-9.189481254582654,47,11.16
A,3102,4,0.0,2,grid,-3.5327986179658613,0,0.12
A,3102,4,0.0,2,deterministic,-4.523517543598643,0,1.23
A,3102,4,0.0,2,controller,-4.5608434752761715,0,1.63
A,3102,4,0.0,2,nomp2d,-7.925855527074489,39,10.77
A,3102,4,0.0,3,grid,-3.7993911730682353,0,0.11
A,3102,4,0.0,3,deterministic,-4.655545839917264,0,1.2
A,3102,4,0.0,3,controller,-4.680583050510432,0,1.56
A,3102,4,0.0,3,nomp2d,-7.7165859813585955,41,10.79
A,3102,4,0.0,4,grid,-4.128972140863686,0,0.11
A,3102,4,0.0,4,deterministic,-6.96190526786843,0,1.19
A,3102,4,0.0,4,controller,-7.190477960479798,0,1.53
A,3102,4,0.0,4,nomp2d,-10.264505700804833,36,11.21
A,3102,4,0.0,5,grid,-4.962585517686178,0,0.11
A,3102,4,0.0,5,deterministic,-4.808822746382924,0,1.23
A,3102,4,0.0,5,controller,-5.231762482014172,0,1.58
A,3102,4,0.0,5,nomp2d,-7.177766180889584,48,9.76
A,3102,4,10.0,0,grid,-3.538076618799246,0,0.25
A,3102,4,10.0,0,deterministic,-5.135731606703796,0,1.38
A,3102,4,10.0,0,controller,-5.207267244737569,0,2.14
A,3102,4,10.0,0,nomp2d,-10.520249511400163,45,12.29
A,3102,4,10.0,1,grid,-4.103911680600039,0,0.13
A,3102,4,10.0,1,deterministic,-6.4723707117858424,0,1.33
A,3102,4,10.0,1,controller,-7.004639319576751,0,1.79
A,3102,4,10.0,1,nomp2d,-9.678078561031848,46,11.4
A,3102,4,10.0,2,grid,-4.165480724248049,0,0.12
A,3102,4,10.0,2,deterministic,-6.893279917283387,0,1.25
A,3102,4,10.0,2,controller,-7.112709002582804,0,1.67
A,3102,4,10.0,2,nomp2d,-9.073058308122476,41,11.27
A,3102,4,10.0,3,grid,-4.263438713735374,0,0.12
A,3102,4,10.0,3,deterministic,-5.247722351160609,0,1.26
A,3102,4,10.0,3,controller,-5.60867387900998,0,1.7
A,3102,4,10.0,3,nomp2d,-8.527287137631607,43,10.84
A,3102,4,10.0,4,grid,-4.176586650643827,0,0.11
A,3102,4,10.0,4,deterministic,-7.0709859356090945,0,1.28
A,3102,4,10.0,4,controller,-7.523858581784677,0,1.65
A,3102,4,10.0,4,nomp2d,-12.629850456033783,42,10.89
A,3102,4,10.0,5,grid,-5.053276582396942,0,0.11
A,3102,4,10.0,5,deterministic,-5.411513660070007,0,1.21
A,3102,4,10.0,5,controller,-6.29634606017024,0,1.58
A,3102,4,10.0,5,nomp2d,-7.8130719391123655,47,10.09
A,3102,4,20.0,0,grid,-3.6632162949669618,0,0.26
A,3102,4,20.0,0,deterministic,-5.0945787760588015,0,1.41
A,3102,4,20.0,0,controller,-3.7863824629696263,0,1.92
A,3102,4,20.0,0,nomp2d,-10.776499341207064,44,11.95
A,3102,4,20.0,1,grid,-4.172174775557048,0,0.13
A,3102,4,20.0,1,deterministic,-6.994046222965976,0,1.27
A,3102,4,20.0,1,controller,-6.366595097077773,0,1.65
A,3102,4,20.0,1,nomp2d,-9.821543377096425,47,9.93
A,3102,4,20.0,2,grid,-4.169581696881039,0,0.11
A,3102,4,20.0,2,deterministic,-6.908168101782653,0,1.21
A,3102,4,20.0,2,controller,-7.10590660974586,0,1.58
A,3102,4,20.0,2,nomp2d,-9.11686590569109,41,11.04
A,3102,4,20.0,3,grid,-4.289167621054898,0,0.11
A,3102,4,20.0,3,deterministic,-5.272398144515021,0,1.19
A,3102,4,20.0,3,controller,-5.625147476175618,0,1.54
A,3102,4,20.0,3,nomp2d,-8.775474280266865,45,10.39
A,3102,4,20.0,4,grid,-4.188069172572782,0,0.11
A,3102,4,20.0,4,deterministic,-7.088288880168409,0,1.17
A,3102,4,20.0,4,controller,-7.606170898073705,0,1.52
A,3102,4,20.0,4,nomp2d,-12.84849573839301,42,10.54
A,3102,4,20.0,5,grid,-5.0736626325821454,0,0.11
A,3102,4,20.0,5,deterministic,-5.441875029307782,0,1.18
A,3102,4,20.0,5,controller,-6.357581465999422,0,1.55
A,3102,4,20.0,5,nomp2d,-7.536198194509193,47,9.86
A,3102,4,30.0,0,grid,-3.6639389948964007,0,0.24
A,3102,4,30.0,0,deterministic,-5.030729600230019,0,1.37
A,3102,4,30.0,0,controller,-3.7652351226765206,0,1.95
A,3102,4,30.0,0,nomp2d,-10.784825760405264,42,11.49
A,3102,4,30.0,1,grid,-4.174544385089159,0,0.12
A,3102,4,30.0,1,deterministic,-6.996989973975449,0,1.44
A,3102,4,30.0,1,controller,-6.364242952613105,0,1.87
A,3102,4,30.0,1,nomp2d,-9.840412839095038,48,10.75
A,3102,4,30.0,2,grid,-4.1704594301420626,0,0.12
A,3102,4,30.0,2,deterministic,-6.910586234513614,0,1.22
A,3102,4,30.0,2,controller,-7.10748509926961,0,1.6
A,3102,4,30.0,2,nomp2d,-9.124617134196196,41,10.97
A,3102,4,30.0,3,grid,-4.289794281131176,0,0.13
A,3102,4,30.0,3,deterministic,-5.2730601731352555,0,1.26
A,3102,4,30.0,3,controller,-5.625678612212446,0,1.64
A,3102,4,30.0,3,nomp2d,-8.663852280731719,42,10.62
A,3102,4,30.0,4,grid,-4.191061785338498,0,0.1
A,3102,4,30.0,4,deterministic,-7.093321971531543,0,1.19
A,3102,4,30.0,4,controller,-7.614309227794493,0,1.54
A,3102,4,30.0,4,nomp2d,-12.871566904018302,42,10.37
A,3102,4,30.0,5,grid,-5.075836204279333,0,0.1
A,3102,4,30.0,5,deterministic,-5.184994514072422,0,1.18
A,3102,4,30.0,5,controller,-6.415374171623235,0,1.53
A,3102,4,30.0,5,nomp2d,-7.547766117740457,47,9.89
A,3102,8,0.0,0,grid,-6.1365315648264325,0,0.3
A,3102,8,0.0,0,deterministic,-7.490381474774713,0,2.53
A,3102,8,0.0,0,controller,-6.838473729523784,0,3.1
A,3102,8,0.0,0,nomp2d,-7.3990565452809065,139,37.3
A,3102,8,0.0,1,grid,-4.555178172684171,0,0.17
A,3102,8,0.0,1,deterministic,-7.215776576293825,0,2.31
A,3102,8,0.0,1,controller,-6.851767468831749,0,2.84
A,3102,8,0.0,1,nomp2d,-8.795762004428205,153,37.69
A,3102,8,0.0,2,grid,-4.2036647384014305,0,0.18
A,3102,8,0.0,2,deterministic,-5.868616006319107,0,2.38
A,3102,8,0.0,2,controller,-5.806883341371174,0,3.07
A,3102,8,0.0,2,nomp2d,-6.307783736111549,130,39.87
A,3102,8,0.0,3,grid,-6.389425250254153,0,0.16
A,3102,8,0.0,3,deterministic,-7.675116040888544,0,2.32
A,3102,8,0.0,3,controller,-7.234718948066493,0,2.84
A,3102,8,0.0,3,nomp2d,-7.904571061547479,146,36.65
A,3102,8,0.0,4,grid,-6.153219628046984,0,0.17
A,3102,8,0.0,4,deterministic,-9.353934223505219,0,2.29
A,3102,8,0.0,4,controller,-9.653817036021973,0,2.78
A,3102,8,0.0,4,nomp2d,-7.3979687236081055,116,40.82
A,3102,8,0.0,5,grid,-5.074146855742585,0,0.16
A,3102,8,0.0,5,deterministic,-5.801017551523833,0,2.34
A,3102,8,0.0,5,controller,-5.967943541085596,0,2.83
A,3102,8,0.0,5,nomp2d,-6.196606692965524,152,35.6
A,3102,8,10.0,0,grid,-7.348636457937035,0,0.3
A,3102,8,10.0,0,deterministic,-11.559500760253918,0,2.55
A,3102,8,10.0,0,controller,-11.152050110364913,0,3.09
A,3102,8,10.0,0,nomp2d,-16.716043984096768,149,35.06
A,3102,8,10.0,1,grid,-6.4846580613905545,0,0.16
A,3102,8,10.0,1,deterministic,-8.345732741981513,0,2.27
A,3102,8,10.0,1,controller,-9.067780765820187,0,2.76
A,3102,8,10.0,1,nomp2d,-18.127672151164568,147,35.46
A,3102,8,10.0,2,grid,-6.169328865980778,0,0.17
A,3102,8,10.0,2,deterministic,-8.41348775016072,0,2.29
A,3102,8,10.0,2,controller,-7.992983208511136,0,2.82
A,3102,8,10.0,2,nomp2d,-18.49552729617359,153,34.79
A,3102,8,10.0,3,grid,-6.831139220257494,0,0.16
A,3102,8,10.0,3,deterministic,-8.35323244533745,0,2.3
A,3102,8,10.0,3,controller,-8.025358671145396,0,2.78
A,3102,8,10.0,3,nomp2d,-16.610003935509656,155,35.26
A,3102,8,10.0,4,grid,-6.84989559047229,0,0.16
A,3102,8,10.0,4,deterministic,-11.8093341544784,0,2.68
A,3102,8,10.0,4,controller,-11.010256166602604,0,3.16
A,3102,8,10.0,4,nomp2d,-16.82182394817355,149,35.32
A,3102,8,10.0,5,grid,-6.895196724271907,0,0.16
A,3102,8,10.0,5,deterministic,-9.08472253957656,0,2.25
A,3102,8,10.0,5,controller,-8.708501305441542,0,2.75
A,3102,8,10.0,5,nomp2d,-18.563186946600986,163,33.56
A,3102,8,20.0,0,grid,-7.411723491417095,0,0.3
A,3102,8,20.0,0,deterministic,-11.717735558291162,0,2.55
A,3102,8,20.0,0,controller,-11.237340224873105,0,3.1
A,3102,8,20.0,0,nomp2d,-18.524308325363798,153,35.06
A,3102,8,20.0,1,grid,-6.538569525637152,0,0.16
A,3102,8,20.0,1,deterministic,-8.424113878158053,0,2.49
A,3102,8,20.0,1,controller,-9.134316117164879,0,3.02
A,3102,8,20.0,1,nomp2d,-19.462716816860194,151,36.54
A,3102,8,20.0,2,grid,-6.219111565109311,0,0.17
A,3102,8,20.0,2,deterministic,-8.178921492301674,0,2.29
A,3102,8,20.0,2,controller,-8.064044623270677,0,2.78
A,3102,8,20.0,2,nomp2d,-18.218115558319436,151,36.17
A,3102,8,20.0,3,grid,-6.917068666079023,0,0.17
A,3102,8,20.0,3,deterministic,-8.45670311532708,0,2.39
A,3102,8,20.0,3,controller,-8.083517859913233,0,2.89
A,3102,8,20.0,3,nomp2d,-16.84014380125703,152,35.92
A,3102,8,20.0,4,grid,-6.912735203023763,0,0.19
A,3102,8,20.0,4,deterministic,-12.040941121591931,0,2.55
A,3102,8,20.0,4,controller,-11.223922558708388,0,3.1
A,3102,8,20.0,4,nomp2d,-21.916151292436986,153,35.47
A,3102,8,20.0,5,grid,-7.041254820205492,0,0.16
A,3102,8,20.0,5,deterministic,-9.05440135253315,0,2.36
A,3102,8,20.0,5,controller,-8.656980404977366,0,2.86
A,3102,8,20.0,5,nomp2d,-19.409811929491205,154,34.88
A,3102,8,30.0,0,grid,-7.418380749649135,0,0.32
A,3102,8,30.0,0,deterministic,-11.431103845155393,0,2.71
A,3102,8,30.0,0,controller,-11.02369250330381,0,3.36
A,3102,8,30.0,0,nomp2d,-18.837643198205246,151,36.38
A,3102,8,30.0,1,grid,-6.5459701712662515,0,0.19
A,3102,8,30.0,1,deterministic,-8.677426961742345,0,2.34
A,3102,8,30.0,1,controller,-9.168295987073453,0,2.85
A,3102,8,30.0,1,nomp2d,-20.013828250781614,153,40.07
A,3102,8,30.0,2,grid,-6.235775178436952,0,0.17
A,3102,8,30.0,2,deterministic,-8.590289689101015,0,2.3
A,3102,8,30.0,2,controller,-8.284431405244268,0,2.82
A,3102,8,30.0,2,nomp2d,-18.309173566271657,152,35.42
A,3102,8,30.0,3,grid,-6.922433106136766,0,0.16
A,3102,8,30.0,3,deterministic,-8.466625104521789,0,2.28
A,3102,8,30.0,3,controller,-8.091532940023594,0,2.78
A,3102,8,30.0,3,nomp2d,-17.348218094750695,153,36.85
A,3102,8,30.0,4,grid,-6.916839059942309,0,0.2
A,3102,8,30.0,4,deterministic,-12.057228475344147,0,2.45
A,3102,8,30.0,4,controller,-11.23616853639236,0,3.0
A,3102,8,30.0,4,nomp2d,-22.065819023035196,149,35.52
A,3102,8,30.0,5,grid,-7.044951262904182,0,0.16
A,3102,8,30.0,5,deterministic,-9.062895228035977,0,2.27
A,3102,8,30.0,5,controller,-8.661230467034978,0,2.77
A,3102,8,30.0,5,nomp2d,-19.54255444467464,152,34.88
A,3102,16,0.0,0,grid,-5.0984931209179525,0,0.46
A,3102,16,0.0,0,deterministic,-5.510911132920304,0,4.82
A,3102,16,0.0,0,controller,-5.807920197217975,0,5.7
A,3102,16,0.0,0,nomp2d,-5.188318700861172,484,172.05
A,3102,16,0.0,1,grid,-5.723288069997209,0,0.33
A,3102,16,0.0,1,deterministic,-6.915697988194011,0,4.52
A,3102,16,0.0,1,controller,-7.422288576640702,0,5.34
A,3102,16,0.0,1,nomp2d,-6.327533878021122,510,170.47
A,3102,16,0.0,2,grid,-5.775381171526394,0,0.31
A,3102,16,0.0,2,deterministic,-6.5280809424240545,0,4.53
A,3102,16,0.0,2,controller,-7.034207265427053,0,5.34
A,3102,16,0.0,2,nomp2d,-5.063233262638911,532,162.14
A,3102,16,0.0,3,grid,-6.062987724484246,0,0.3
A,3102,16,0.0,3,deterministic,-6.567529268989678,0,4.75
A,3102,16,0.0,3,controller,-6.426836229581619,0,5.55
A,3102,16,0.0,3,nomp2d,-5.279648948085864,481,174.17
A,3102,16,0.0,4,grid,-5.732741986772392,0,0.29
A,3102,16,0.0,4,deterministic,-8.352550462945876,0,4.49
A,3102,16,0.0,4,controller,-7.888496205033224,0,5.31
A,3102,16,0.0,4,nomp2d,-6.009836181960148,491,172.04
A,3102,16,0.0,5,grid,-4.383467555250822,0,0.35
A,3102,16,0.0,5,deterministic,-4.572268903994789,0,4.81
A,3102,16,0.0,5,controller,-4.711317728592116,0,5.64
A,3102,16,0.0,5,nomp2d,-5.802658241565912,483,185.34
A,3102,16,10.0,0,grid,-9.995626686895617,0,0.44
A,3102,16,10.0,0,deterministic,-15.114771137835625,0,4.84
A,3102,16,10.0,0,controller,-15.563269117429604,0,5.71
A,3102,16,10.0,0,nomp2d,-15.106848253010714,521,171.66
A,3102,16,10.0,1,grid,-9.727551764657893,0,0.3
A,3102,16,10.0,1,deterministic,-12.040591296166296,0,4.52
A,3102,16,10.0,1,controller,-10.812711333850837,0,5.36
A,3102,16,10.0,1,nomp2d,-14.949998086240821,484,177.87
A,3102,16,10.0,2,grid,-9.62933137118076,0,0.29
A,3102,16,10.0,2,deterministic,-15.429624220417107,0,4.49
A,3102,16,10.0,2,controller,-16.072342047799236,0,5.28
A,3102,16,10.0,2,nomp2d,-15.898648049980888,490,169.21
A,3102,16,10.0,3,grid,-11.984114740296945,0,0.28
A,3102,16,10.0,3,deterministic,-13.671208441835645,0,4.44
A,3102,16,10.0,3,controller,-12.9725726092822,0,5.22
A,3102,16,10.0,3,nomp2d,-15.837784362777313,533,163.73
A,3102,16,10.0,4,grid,-9.860311037674176,0,0.29
A,3102,16,10.0,4,deterministic,-16.032986768555702,0,4.53
A,3102,16,10.0,4,controller,-14.57151820914081,0,5.35
A,3102,16,10.0,4,nomp2d,-14.949506496246876,482,167.43
A,3102,16,10.0,5,grid,-9.545361048280071,0,0.29
A,3102,16,10.0,5,deterministic,-10.733386710738575,0,4.63
A,3102,16,10.0,5,controller,-12.536938824377874,0,5.47
A,3102,16,10.0,5,nomp2d,-14.862435417896418,462,172.43
A,3102,16,20.0,0,grid,-10.544467029958373,0,0.47
A,3102,16,20.0,0,deterministic,-16.703183556651815,0,5.27
A,3102,16,20.0,0,controller,-15.313480709639775,0,6.15
A,3102,16,20.0,0,nomp2d,-25.770964057452158,497,177.16
A,3102,16,20.0,1,grid,-10.16523218767194,0,0.31
A,3102,16,20.0,1,deterministic,-15.86365009539788,0,4.53
A,3102,16,20.0,1,controller,-14.609415834045379,0,5.33
A,3102,16,20.0,1,nomp2d,-25.891864184452906,486,168.95
A,3102,16,20.0,2,grid,-9.908024863685297,0,0.3
A,3102,16,20.0,2,deterministic,-16.568798002932862,0,4.54
A,3102,16,20.0,2,controller,-17.921798746353684,0,5.35
A,3102,16,20.0,2,nomp2d,-25.07972964763787,495,173.37
A,3102,16,20.0,3,grid,-12.316059251711662,0,0.32
A,3102,16,20.0,3,deterministic,-14.512115858317902,0,4.63
A,3102,16,20.0,3,controller,-13.55270342082055,0,5.58
A,3102,16,20.0,3,nomp2d,-25.952849583134906,517,163.35
A,3102,16,20.0,4,grid,-10.524573180979539,0,0.29
A,3102,16,20.0,4,deterministic,-16.872233770600573,0,4.47
A,3102,16,20.0,4,controller,-15.34263759393835,0,5.28
A,3102,16,20.0,4,nomp2d,-25.946779398911872,511,165.66
A,3102,16,20.0,5,grid,-9.712414371263058,0,0.28
A,3102,16,20.0,5,deterministic,-16.903698074336944,0,4.48
A,3102,16,20.0,5,controller,-15.133046559915313,0,5.27
A,3102,16,20.0,5,nomp2d,-25.931108032483078,490,164.97
A,3102,16,30.0,0,grid,-10.608411712710177,0,0.44
A,3102,16,30.0,0,deterministic,-16.362030587486952,0,4.85
A,3102,16,30.0,0,controller,-15.76104251560733,0,5.82
A,3102,16,30.0,0,nomp2d,-34.35601416484346,522,172.67
A,3102,16,30.0,1,grid,-10.189408578336307,0,0.28
A,3102,16,30.0,1,deterministic,-15.946693841913026,0,4.49
A,3102,16,30.0,1,controller,-14.670781110404075,0,5.31
A,3102,16,30.0,1,nomp2d,-34.562596975027915,510,168.46
A,3102,16,30.0,2,grid,-9.943416638231238,0,0.31
A,3102,16,30.0,2,deterministic,-16.71895318406626,0,4.54
A,3102,16,30.0,2,controller,-18.129291129435398,0,5.34
A,3102,16,30.0,2,nomp2d,-34.793976583250334,496,171.59
A,3102,16,30.0,3,grid,-12.340916887474087,0,0.28
A,3102,16,30.0,3,deterministic,-14.54331343133935,0,4.66
A,3102,16,30.0,3,controller,-13.576220357837796,0,5.5
A,3102,16,30.0,3,nomp2d,-30.810194414968713,516,167.02
A,3102,16,30.0,4,grid,-10.552861658205861,0,0.29
A,3102,16,30.0,4,deterministic,-16.98149437646386,0,4.5
A,3102,16,30.0,4,controller,-15.428379875657514,0,5.27
A,3102,16,30.0,4,nomp2d,-32.90237231599044,510,165.73
A,3102,16,30.0,5,grid,-9.79108012172146,0,0.31
A,3102,16,30.0,5,deterministic,-14.46046555029521,0,4.52
A,3102,16,30.0,5,controller,-14.500429011486098,0,5.3
A,3102,16,30.0,5,nomp2d,-32.682464623791184,485,166.43
A,3103,4,0.0,0,grid,-2.501025384549181,0,0.22
A,3103,4,0.0,0,deterministic,-4.342983546545995,0,1.39
A,3103,4,0.0,0,controller,-4.42016333994459,0,1.82
A,3103,4,0.0,0,nomp2d,-8.073904044255134,47,11.09
A,3103,4,0.0,1,grid,-3.1798619864205917,0,0.11
A,3103,4,0.0,1,deterministic,-6.2635005445182435,0,1.22
A,3103,4,0.0,1,controller,-6.26764872031227,0,1.61
A,3103,4,0.0,1,nomp2d,-7.014856127943082,46,10.96
A,3103,4,0.0,2,grid,-3.7447107848841914,0,0.12
A,3103,4,0.0,2,deterministic,-7.076711439498675,0,1.27
A,3103,4,0.0,2,controller,-7.30152978448772,0,1.69
A,3103,4,0.0,2,nomp2d,-7.679560652427591,42,11.68
A,3103,4,0.0,3,grid,-3.07647036542186,0,0.12
A,3103,4,0.0,3,deterministic,-5.216158328764332,0,1.23
A,3103,4,0.0,3,controller,-4.356634854432192,0,1.61
A,3103,4,0.0,3,nomp2d,-8.166928531649154,47,9.63
A,3103,4,0.0,4,grid,-3.482530233275524,0,0.1
A,3103,4,0.0,4,deterministic,-6.419223018213018,0,1.24
A,3103,4,0.0,4,controller,-6.402539373908562,0,1.6
A,3103,4,0.0,4,nomp2d,-8.754681562059744,44,10.08
A,3103,4,0.0,5,grid,-5.021214714804355,0,0.11
A,3103,4,0.0,5,deterministic,-5.341958525473833,0,1.19
A,3103,4,0.0,5,controller,-6.333244981832882,0,1.55
A,3103,4,0.0,5,nomp2d,-8.063399245018328,42,9.91
A,3103,4,10.0,0,grid,-3.0060604007563025,0,0.26
A,3103,4,10.0,0,deterministic,-4.364561066491238,0,1.4
A,3103,4,10.0,0,controller,-4.453079453872906,0,1.95
A,3103,4,10.0,0,nomp2d,-9.922941508281527,47,10.5
A,3103,4,10.0,1,grid,-3.8696982906549673,0,0.12
A,3103,4,10.0,1,deterministic,-7.154074422507587,0,1.22
A,3103,4,10.0,1,controller,-6.103546160680664,0,1.62
A,3103,4,10.0,1,nomp2d,-10.468178919880895,45,9.91
A,3103,4,10.0,2,grid,-3.885857448151459,0,0.11
A,3103,4,10.0,2,deterministic,-7.700642993258922,0,1.2
A,3103,4,10.0,2,controller,-8.060317483499537,0,1.55
A,3103,4,10.0,2,nomp2d,-8.864214077620154,40,9.63
A,3103,4,10.0,3,grid,-3.976798295627515,0,0.1
A,3103,4,10.0,3,deterministic,-5.610740030047068,0,1.19
A,3103,4,10.0,3,controller,-6.316489706859959,0,1.53
A,3103,4,10.0,3,nomp2d,-8.540042457514513,46,10.06
A,3103,4,10.0,4,grid,-3.977606873329949,0,0.11
A,3103,4,10.0,4,deterministic,-5.693903133629943,0,1.19
A,3103,4,10.0,4,controller,-5.552893188797348,0,1.53
A,3103,4,10.0,4,nomp2d,-12.890246987120385,48,9.71
A,3103,4,10.0,5,grid,-5.165389070127107,0,0.1
A,3103,4,10.0,5,deterministic,-5.8899831299519345,0,1.23
A,3103,4,10.0,5,controller,-6.478738210241208,0,1.56
A,3103,4,10.0,5,nomp2d,-9.457732862894918,47,9.88
A,3103,4,20.0,0,grid,-3.0280775391395442,0,0.25
A,3103,4,20.0,0,deterministic,-4.413903875473693,0,1.39
A,3103,4,20.0,0,controller,-4.600667786897358,0,1.98
A,3103,4,20.0,0,nomp2d,-10.062223202500826,44,10.69
A,3103,4,20.0,1,grid,-3.8874457359393104,0,0.13
A,3103,4,20.0,1,deterministic,-7.172289859532629,0,1.23
A,3103,4,20.0,1,controller,-6.109928535896678,0,1.6
A,3103,4,20.0,1,nomp2d,-10.677379741031077,46,9.75
A,3103,4,20.0,2,grid,-3.891627340522477,0,0.11
A,3103,4,20.0,2,deterministic,-7.493633719089984,0,1.25
A,3103,4,20.0,2,controller,-7.695264715663218,0,1.61
A,3103,4,20.0,2,nomp2d,-8.936416689861261,47,9.85
A,3103,4,20.0,3,grid,-3.998644918700493,0,0.16
A,3103,4,20.0,3,deterministic,-5.630211613293817,0,1.29
A,3103,4,20.0,3,controller,-6.340888724074779,0,1.64
A,3103,4,20.0,3,nomp2d,-9.29340877453325,44,10.08
A,3103,4,20.0,4,grid,-3.9909075584049916,0,0.1
A,3103,4,20.0,4,deterministic,-5.12395615826291,0,1.19
A,3103,4,20.0,4,controller,-5.156820607622414,0,1.54
A,3103,4,20.0,4,nomp2d,-13.230920569980677,46,10.01
A,3103,4,20.0,5,grid,-5.183837875126429,0,0.1
A,3103,4,20.0,5,deterministic,-5.912531261934921,0,1.23
A,3103,4,20.0,5,controller,-6.5032799386145355,0,1.58
A,3103,4,20.0,5,nomp2d,-9.59755004791721,46,10.02
A,3103,4,30.0,0,grid,-3.0298138100173984,0,0.24
A,3103,4,30.0,0,deterministic,-4.417013932605654,0,1.39
A,3103,4,30.0,0,controller,-4.602939793016668,0,1.84
A,3103,4,30.0,0,nomp2d,-10.070846566718368,45,11.34
A,3103,4,30.0,1,grid,-3.889199688176409,0,0.13
A,3103,4,30.0,1,deterministic,-7.1764782873818795,0,1.83
A,3103,4,30.0,1,controller,-6.111710757123308,0,2.42
A,3103,4,30.0,1,nomp2d,-10.69710995046021,46,10.44
A,3103,4,30.0,2,grid,-3.8926419635077396,0,0.11
A,3103,4,30.0,2,deterministic,-7.731649154178628,0,1.21
A,3103,4,30.0,2,controller,-8.023044021214709,0,1.59
A,3103,4,30.0,2,nomp2d,-8.942590217612498,47,9.89
A,3103,4,30.0,3,grid,-3.999331558043066,0,0.11
A,3103,4,30.0,3,deterministic,-5.630732643258871,0,1.19
A,3103,4,30.0,3,controller,-6.341514292867217,0,1.54
A,3103,4,30.0,3,nomp2d,-8.673277614086754,45,10.12
A,3103,4,30.0,4,grid,-3.992173223414412,0,0.1
A,3103,4,30.0,4,deterministic,-5.777679018871478,0,1.25
A,3103,4,30.0,4,controller,-5.492792888074849,0,1.59
A,3103,4,30.0,4,nomp2d,-13.253770699934563,46,9.95
A,3103,4,30.0,5,grid,-5.185199699576925,0,0.1
A,3103,4,30.0,5,deterministic,-5.914211280225463,0,1.19
A,3103,4,30.0,5,controller,-6.505279992782588,0,1.54
A,3103,4,30.0,5,nomp2d,-9.602102321214065,46,9.97
A,3103,8,0.0,0,grid,-5.396760786893351,0,0.32
A,3103,8,0.0,0,deterministic,-7.938368022247308,0,2.52
A,3103,8,0.0,0,controller,-7.546162049571833,0,3.07
A,3103,8,0.0,0,nomp2d,-8.988547351754493,157,42.49
A,3103,8,0.0,1,grid,-6.152564060401133,0,0.22
A,3103,8,0.0,1,deterministic,-7.091355092800952,0,2.59
A,3103,8,0.0,1,controller,-7.724283926716486,0,3.17
A,3103,8,0.0,1,nomp2d,-7.32274463312239,139,36.93
A,3103,8,0.0,2,grid,-5.564970809091521,0,0.17
A,3103,8,0.0,2,deterministic,-7.058639717782582,0,2.3
A,3103,8,0.0,2,controller,-7.16653775511022,0,2.83
A,3103,8,0.0,2,nomp2d,-7.400044342420873,154,34.79
A,3103,8,0.0,3,grid,-6.327065677952254,0,0.17
A,3103,8,0.0,3,deterministic,-6.945722475523848,0,2.31
A,3103,8,0.0,3,controller,-6.9765151544731765,0,2.8
A,3103,8,0.0,3,nomp2d,-7.005255101617754,149,37.58
A,3103,8,0.0,4,grid,-6.288640757327312,0,0.21
A,3103,8,0.0,4,deterministic,-8.574964538046348,0,2.6
A,3103,8,0.0,4,controller,-9.668209739591969,0,3.16
A,3103,8,0.0,4,nomp2d,-7.276663388873588,123,40.17
A,3103,8,0.0,5,grid,-6.029157777994943,0,0.16
A,3103,8,0.0,5,deterministic,-7.070549255819385,0,2.51
A,3103,8,0.0,5,controller,-7.823104721526024,0,3.01
A,3103,8,0.0,5,nomp2d,-8.256005805460319,147,36.1
A,3103,8,10.0,0,grid,-6.487448580716894,0,0.3
A,3103,8,10.0,0,deterministic,-9.770378694596877,0,2.53
A,3103,8,10.0,0,controller,-9.467908483387223,0,3.07
A,3103,8,10.0,0,nomp2d,-17.84366357607073,140,37.87
A,3103,8,10.0,1,grid,-6.98052287436097,0,0.16
A,3103,8,10.0,1,deterministic,-11.008096940482943,0,2.35
A,3103,8,10.0,1,controller,-10.779225728002267,0,2.86
A,3103,8,10.0,1,nomp2d,-17.631097019426754,153,35.32
A,3103,8,10.0,2,grid,-6.581379678841475,0,0.16
A,3103,8,10.0,2,deterministic,-9.307199763091592,0,2.28
A,3103,8,10.0,2,controller,-9.54480998419979,0,2.77
A,3103,8,10.0,2,nomp2d,-17.361540163353283,156,34.41
A,3103,8,10.0,3,grid,-6.5494607051652665,0,0.16
A,3103,8,10.0,3,deterministic,-8.015599084134026,0,2.34
A,3103,8,10.0,3,controller,-8.097727457532086,0,2.83
A,3103,8,10.0,3,nomp2d,-16.38049718549776,156,36.84
A,3103,8,10.0,4,grid,-6.659461644987072,0,0.17
A,3103,8,10.0,4,deterministic,-11.674420533076088,0,2.32
A,3103,8,10.0,4,controller,-10.79850078930641,0,2.83
A,3103,8,10.0,4,nomp2d,-16.72835253962147,143,36.95
A,3103,8,10.0,5,grid,-7.6186675325080095,0,0.16
A,3103,8,10.0,5,deterministic,-8.407397812183685,0,2.28
A,3103,8,10.0,5,controller,-9.49317238333087,0,2.77
A,3103,8,10.0,5,nomp2d,-18.57605175603939,152,34.95
A,3103,8,20.0,0,grid,-6.522729756815502,0,0.31
A,3103,8,20.0,0,deterministic,-10.775152488918636,0,2.79
A,3103,8,20.0,0,controller,-10.142111628039764,0,3.39
A,3103,8,20.0,0,nomp2d,-20.186049945865932,143,36.58
A,3103,8,20.0,1,grid,-7.041622983080406,0,0.16
A,3103,8,20.0,1,deterministic,-11.203777248670255,0,2.32
A,3103,8,20.0,1,controller,-10.888972012234298,0,2.8
A,3103,8,20.0,1,nomp2d,-22.322554180462543,152,35.26
A,3103,8,20.0,2,grid,-6.603201584472523,0,0.17
A,3103,8,20.0,2,deterministic,-9.749578012435876,0,2.27
A,3103,8,20.0,2,controller,-9.439209419108476,0,2.75
A,3103,8,20.0,2,nomp2d,-17.766349210329185,161,34.35
A,3103,8,20.0,3,grid,-6.787082144864057,0,0.16
A,3103,8,20.0,3,deterministic,-8.121298202739137,0,2.28
A,3103,8,20.0,3,controller,-8.278815281167123,0,2.76
A,3103,8,20.0,3,nomp2d,-17.043318431126043,152,36.71
A,3103,8,20.0,4,grid,-6.7152913259894795,0,0.18
A,3103,8,20.0,4,deterministic,-11.868425912571269,0,2.33
A,3103,8,20.0,4,controller,-10.787325263692997,0,2.88
A,3103,8,20.0,4,nomp2d,-20.49699661948066,151,42.89
A,3103,8,20.0,5,grid,-7.732927762868339,0,0.22
A,3103,8,20.0,5,deterministic,-9.72571943463312,0,2.71
A,3103,8,20.0,5,controller,-10.64953255396944,0,3.38
A,3103,8,20.0,5,nomp2d,-21.51604160774098,153,43.25
A,3103,8,30.0,0,grid,-6.530845126042438,0,0.34
A,3103,8,30.0,0,deterministic,-10.796796947241214,0,2.57
A,3103,8,30.0,0,controller,-10.147854530126247,0,3.14
A,3103,8,30.0,0,nomp2d,-21.09049456179062,143,37.48
A,3103,8,30.0,1,grid,-7.04861607159767,0,0.19
A,3103,8,30.0,1,deterministic,-11.223585668083393,0,2.35
A,3103,8,30.0,1,controller,-10.906048677216209,0,2.87
A,3103,8,30.0,1,nomp2d,-21.521259936776648,156,36.92
A,3103,8,30.0,2,grid,-6.6096271046436925,0,0.18
A,3103,8,30.0,2,deterministic,-9.76097444021278,0,2.34
A,3103,8,30.0,2,controller,-9.4410538907938,0,2.91
A,3103,8,30.0,2,nomp2d,-18.06447823252825,157,34.48
A,3103,8,30.0,3,grid,-6.799925950109681,0,0.17
A,3103,8,30.0,3,deterministic,-8.138177744398366,0,2.33
A,3103,8,30.0,3,controller,-8.289827661691119,0,2.82
A,3103,8,30.0,3,nomp2d,-17.294517783435925,154,37.06
A,3103,8,30.0,4,grid,-6.719505172958419,0,0.17
A,3103,8,30.0,4,deterministic,-11.340826360109906,0,2.31
A,3103,8,30.0,4,controller,-10.823087480565539,0,2.83
A,3103,8,30.0,4,nomp2d,-20.40780845295994,155,36.15
A,3103,8,30.0,5,grid,-7.735183316179822,0,0.17
A,3103,8,30.0,5,deterministic,-9.730860815233719,0,2.33
A,3103,8,30.0,5,controller,-10.648131747553105,0,2.86
A,3103,8,30.0,5,nomp2d,-21.70603471779367,149,39.41
A,3103,16,0.0,0,grid,-6.412621078604021,0,0.48
A,3103,16,0.0,0,deterministic,-6.999590744718853,0,4.78
A,3103,16,0.0,0,controller,-6.860420822955237,0,5.63
A,3103,16,0.0,0,nomp2d,-5.776266049382793,463,177.15
A,3103,16,0.0,1,grid,-5.960260057063687,0,0.3
A,3103,16,0.0,1,deterministic,-7.3045554248660585,0,4.64
A,3103,16,0.0,1,controller,-7.518618782456209,0,5.48
A,3103,16,0.0,1,nomp2d,-5.921816878559917,459,171.56
A,3103,16,0.0,2,grid,-5.70033316859159,0,0.29
A,3103,16,0.0,2,deterministic,-6.201398053094906,0,4.53
A,3103,16,0.0,2,controller,-6.653131982530808,0,5.31
A,3103,16,0.0,2,nomp2d,-5.769450622846637,473,167.66
A,3103,16,0.0,3,grid,-7.300593727384188,0,0.32
A,3103,16,0.0,3,deterministic,-8.316332527327475,0,4.53
A,3103,16,0.0,3,controller,-7.765029850824268,0,5.3
A,3103,16,0.0,3,nomp2d,-6.276542804586964,498,169.43
A,3103,16,0.0,4,grid,-4.49007025541477,0,0.3
A,3103,16,0.0,4,deterministic,-6.218570317077221,0,4.54
A,3103,16,0.0,4,controller,-6.1691599605728795,0,5.37
A,3103,16,0.0,4,nomp2d,-4.771920667446407,432,177.52
A,3103,16,0.0,5,grid,-6.206731078915712,0,0.3
A,3103,16,0.0,5,deterministic,-6.7217203535420875,0,4.49
A,3103,16,0.0,5,controller,-7.641884408211006,0,5.31
A,3103,16,0.0,5,nomp2d,-6.484656411419628,492,168.12
A,3103,16,10.0,0,grid,-9.77208166505646,0,0.44
A,3103,16,10.0,0,deterministic,-16.70727777002663,0,4.79
A,3103,16,10.0,0,controller,-16.7716846365466,0,5.72
A,3103,16,10.0,0,nomp2d,-15.729016406146894,462,175.73
A,3103,16,10.0,1,grid,-10.611861272841118,0,0.35
A,3103,16,10.0,1,deterministic,-14.231746450903211,0,4.74
A,3103,16,10.0,1,controller,-13.262531804308253,0,5.56
A,3103,16,10.0,1,nomp2d,-15.891458792754081,494,175.03
A,3103,16,10.0,2,grid,-10.470865337856953,0,0.32
A,3103,16,10.0,2,deterministic,-16.203687061472337,0,4.57
A,3103,16,10.0,2,controller,-14.192092916804096,0,5.38
A,3103,16,10.0,2,nomp2d,-15.36358451036377,491,164.19
A,3103,16,10.0,3,grid,-11.854304480040225,0,0.28
A,3103,16,10.0,3,deterministic,-13.453004142367405,0,4.94
A,3103,16,10.0,3,controller,-12.155805487952751,0,5.79
A,3103,16,10.0,3,nomp2d,-14.806057765321214,509,165.78
A,3103,16,10.0,4,grid,-9.6327564063321,0,0.29
A,3103,16,10.0,4,deterministic,-13.949282753108712,0,4.52
A,3103,16,10.0,4,controller,-13.307340438313744,0,5.31
A,3103,16,10.0,4,nomp2d,-15.2551940388108,503,168.12
A,3103,16,10.0,5,grid,-9.692904270257268,0,0.3
A,3103,16,10.0,5,deterministic,-12.026591273982095,0,4.53
A,3103,16,10.0,5,controller,-12.530328717609907,0,5.33
A,3103,16,10.0,5,nomp2d,-15.094432949964967,482,167.87
A,3103,16,20.0,0,grid,-10.170336625322838,0,0.49
A,3103,16,20.0,0,deterministic,-17.397997223227193,0,5.02
A,3103,16,20.0,0,controller,-17.783353827128025,0,5.93
A,3103,16,20.0,0,nomp2d,-26.759045578727054,481,172.2
A,3103,16,20.0,1,grid,-10.84764284360295,0,0.29
A,3103,16,20.0,1,deterministic,-13.357459223724435,0,4.56
A,3103,16,20.0,1,controller,-12.51257296211751,0,5.37
A,3103,16,20.0,1,nomp2d,-26.36072138228507,491,168.91
A,3103,16,20.0,2,grid,-10.828443237578522,0,0.29
A,3103,16,20.0,2,deterministic,-16.415022236238784,0,4.52
A,3103,16,20.0,2,controller,-14.135892781064072,0,5.32
A,3103,16,20.0,2,nomp2d,-26.3889229489492,513,169.2
A,3103,16,20.0,3,grid,-12.17677181617663,0,0.31
A,3103,16,20.0,3,deterministic,-15.849506586715536,0,4.6
A,3103,16,20.0,3,controller,-14.114328726568903,0,5.39
A,3103,16,20.0,3,nomp2d,-26.53619530392642,519,162.02
A,3103,16,20.0,4,grid,-9.895575593559585,0,0.31
A,3103,16,20.0,4,deterministic,-14.598829314106275,0,4.47
A,3103,16,20.0,4,controller,-13.709517332964527,0,5.26
A,3103,16,20.0,4,nomp2d,-24.735012382046833,526,159.57
A,3103,16,20.0,5,grid,-10.127776972709167,0,0.29
A,3103,16,20.0,5,deterministic,-14.055663070493134,0,4.5
A,3103,16,20.0,5,controller,-13.416308509004475,0,5.3
A,3103,16,20.0,5,nomp2d,-24.60178081266306,482,168.91
A,3103,16,30.0,0,grid,-10.195364498905477,0,0.45
A,3103,16,30.0,0,deterministic,-17.544877246242276,0,4.83
A,3103,16,30.0,0,controller,-17.955920431928604,0,5.7
A,3103,16,30.0,0,nomp2d,-36.45790616557623,476,181.6
A,3103,16,30.0,1,grid,-10.942193279997735,0,0.3
A,3103,16,30.0,1,deterministic,-15.037052648714377,0,4.71
A,3103,16,30.0,1,controller,-13.727029993737059,0,5.6
A,3103,16,30.0,1,nomp2d,-36.51540786326818,511,184.78
A,3103,16,30.0,2,grid,-10.857933256030993,0,0.37
A,3103,16,30.0,2,deterministic,-14.516839557408119,0,4.75
A,3103,16,30.0,2,controller,-14.094951820250039,0,5.59
A,3103,16,30.0,2,nomp2d,-33.55996935204572,508,188.68
A,3103,16,30.0,3,grid,-12.227944296935984,0,0.31
A,3103,16,30.0,3,deterministic,-16.525641373309277,0,4.9
A,3103,16,30.0,3,controller,-14.001502758017327,0,5.78
A,3103,16,30.0,3,nomp2d,-31.648308148667304,531,162.0
A,3103,16,30.0,4,grid,-9.916910524934714,0,0.3
A,3103,16,30.0,4,deterministic,-15.769917066829704,0,4.53
A,3103,16,30.0,4,controller,-14.201073156095559,0,5.32
A,3103,16,30.0,4,nomp2d,-33.713924416663694,526,162.96
A,3103,16,30.0,5,grid,-10.189960032153124,0,0.28
A,3103,16,30.0,5,deterministic,-14.544530404756733,0,4.46
A,3103,16,30.0,5,controller,-13.206969434250652,0,5.24
A,3103,16,30.0,5,nomp2d,-33.65380780331483,485,170.22
C,3101,4,0.0,0,grid,-6.537515899064527,0,0.23
C,3101,4,0.0,0,deterministic,-8.703017733923433,0,1.4
C,3101,4,0.0,0,controller,-8.754866296595516,0,1.84
C,3101,4,0.0,0,nomp2d,-10.507592697183082,46,11.02
C,3101,4,0.0,1,grid,-5.4964983455548735,0,0.12
C,3101,4,0.0,1,deterministic,-7.278393716499986,0,1.23
C,3101,4,0.0,1,controller,-7.559447018860556,0,1.62
C,3101,4,0.0,1,nomp2d,-7.684737569281125,40,10.98
C,3101,4,0.0,2,grid,-3.559509476675033,0,0.11
C,3101,4,0.0,2,deterministic,-5.328158127703674,0,1.19
C,3101,4,0.0,2,controller,-5.10190425671235,0,1.57
C,3101,4,0.0,2,nomp2d,-6.962892906783219,47,10.18
C,3101,4,0.0,3,grid,-3.4383202764156606,0,0.15
C,3101,4,0.0,3,deterministic,-7.364983064614751,0,1.49
C,3101,4,0.0,3,controller,-5.5504902168427925,0,1.93
C,3101,4,0.0,3,nomp2d,-11.135433409475953,44,12.36
C,3101,4,0.0,4,grid,-7.7495228545279105,0,0.12
C,3101,4,0.0,4,deterministic,-8.828381098171182,0,1.2
C,3101,4,0.0,4,controller,-8.123490456891322,0,1.58
C,3101,4,0.0,4,nomp2d,-15.084435675206285,47,9.71
C,3101,4,0.0,5,grid,-6.2031805448954955,0,0.11
C,3101,4,0.0,5,deterministic,-7.868510299222795,0,1.2
C,3101,4,0.0,5,controller,-8.604901911654999,0,1.57
C,3101,4,0.0,5,nomp2d,-12.341895632660016,47,9.97
C,3101,4,10.0,0,grid,-6.6822628541219276,0,0.27
C,3101,4,10.0,0,deterministic,-8.934344215426044,0,1.39
C,3101,4,10.0,0,controller,-9.289283386510993,0,1.84
C,3101,4,10.0,0,nomp2d,-14.44278403042549,47,9.85
C,3101,4,10.0,1,grid,-7.205008790598615,0,0.1
C,3101,4,10.0,1,deterministic,-8.299715664420779,0,1.16
C,3101,4,10.0,1,controller,-8.724519562015905,0,1.51
C,3101,4,10.0,1,nomp2d,-13.66247158745653,46,9.55
C,3101,4,10.0,2,grid,-4.178019756282706,0,0.12
C,3101,4,10.0,2,deterministic,-5.7178943758130245,0,1.18
C,3101,4,10.0,2,controller,-5.749577474679555,0,1.52
C,3101,4,10.0,2,nomp2d,-7.714602147536038,45,9.73
C,3101,4,10.0,3,grid,-3.7123459244935275,0,0.1
C,3101,4,10.0,3,deterministic,-4.603298897902053,0,1.2
C,3101,4,10.0,3,controller,-4.815721605809752,0,1.53
C,3101,4,10.0,3,nomp2d,-12.014005765174325,42,9.96
C,3101,4,10.0,4,grid,-7.789196034627295,0,0.11
C,3101,4,10.0,4,deterministic,-8.81381939457523,0,1.22
C,3101,4,10.0,4,controller,-7.932687190701392,0,1.57
C,3101,4,10.0,4,nomp2d,-17.54948711527402,43,10.6
C,3101,4,10.0,5,grid,-6.365812558292191,0,0.11
C,3101,4,10.0,5,deterministic,-8.699894504552086,0,1.3
C,3101,4,10.0,5,controller,-8.802114596155569,0,1.73
C,3101,4,10.0,5,nomp2d,-14.36572618064017,47,10.59
C,3101,4,20.0,0,grid,-6.707819970949808,0,0.27
C,3101,4,20.0,0,deterministic,-8.999803913615997,0,1.4
C,3101,4,20.0,0,controller,-9.39172669188893,0,1.84
C,3101,4,20.0,0,nomp2d,-14.84718429599713,47,9.88
C,3101,4,20.0,1,grid,-7.237828284204025,0,0.1
C,3101,4,20.0,1,deterministic,-8.284611190201806,0,1.16
C,3101,4,20.0,1,controller,-8.677438199914679,0,1.54
C,3101,4,20.0,1,nomp2d,-14.225184973850126,47,9.6
C,3101,4,20.0,2,grid,-4.195236228239115,0,0.1
C,3101,4,20.0,2,deterministic,-5.734412389986949,0,1.18
C,3101,4,20.0,2,controller,-5.758900270158779,0,1.54
C,3101,4,20.0,2,nomp2d,-7.874109959226182,46,10.26
C,3101,4,20.0,3,grid,-3.718871279610363,0,0.13
C,3101,4,20.0,3,deterministic,-4.61342398841917,0,1.29
C,3101,4,20.0,3,controller,-4.84880986041428,0,1.69
C,3101,4,20.0,3,nomp2d,-12.270577735368956,42,10.47
C,3101,4,20.0,4,grid,-7.822655437456314,0,0.11
C,3101,4,20.0,4,deterministic,-9.150843139639127,0,1.2
C,3101,4,20.0,4,controller,-8.254467911286142,0,1.56
C,3101,4,20.0,4,nomp2d,-19.44666011381433,44,9.36
C,3101,4,20.0,5,grid,-6.384651667795409,0,0.11
C,3101,4,20.0,5,deterministic,-8.739053337513205,0,1.17
C,3101,4,20.0,5,controller,-8.874882984707176,0,1.53
C,3101,4,20.0,5,nomp2d,-14.623872888597143,47,9.69
C,3101,4,30.0,0,grid,-6.707782365198398,0,0.25
C,3101,4,30.0,0,deterministic,-9.000511069036838,0,1.39
C,3101,4,30.0,0,controller,-9.398961203631105,0,1.96
C,3101,4,30.0,0,nomp2d,-14.868135747074795,48,10.46
C,3101,4,30.0,1,grid,-7.240360508589083,0,0.12
C,3101,4,30.0,1,deterministic,-8.288225877001661,0,1.21
C,3101,4,30.0,1,controller,-8.692331210181024,0,1.57
C,3101,4,30.0,1,nomp2d,-14.297071888936443,47,9.66
C,3101,4,30.0,2,grid,-4.19746948374544,0,0.1
C,3101,4,30.0,2,deterministic,-5.737097603737636,0,1.15
C,3101,4,30.0,2,controller,-5.761474332502582,0,1.51
C,3101,4,30.0,2,nomp2d,-7.889087287447176,45,9.47
C,3101,4,30.0,3,grid,-3.720418737062973,0,0.13
C,3101,4,30.0,3,deterministic,-4.615678277570786,0,1.23
C,3101,4,30.0,3,controller,-4.853485183114687,0,1.7
C,3101,4,30.0,3,nomp2d,-12.38067612566432,43,11.76
C,3101,4,30.0,4,grid,-7.825228334032895,0,0.13
C,3101,4,30.0,4,deterministic,-9.159249329700272,0,1.24
C,3101,4,30.0,4,controller,-8.262401865375121,0,1.67
C,3101,4,30.0,4,nomp2d,-19.50008206622038,44,10.99
C,3101,4,30.0,5,grid,-6.3871150081768535,0,0.16
C,3101,4,30.0,5,deterministic,-8.743539070881614,0,1.32
C,3101,4,30.0,5,controller,-8.884180599868444,0,1.73
C,3101,4,30.0,5,nomp2d,-14.911805999632508,47,10.02
C,3101,8,0.0,0,grid,-7.67214373209981,0,0.36
C,3101,8,0.0,0,deterministic,-7.9020026128213905,0,2.69
C,3101,8,0.0,0,controller,-8.564384482910585,0,3.27
C,3101,8,0.0,0,nomp2d,-7.8529805276138465,147,38.01
C,3101,8,0.0,1,grid,-6.327222782497641,0,0.22
C,3101,8,0.0,1,deterministic,-7.575911205265356,0,2.4
C,3101,8,0.0,1,controller,-8.530653309683956,0,2.94
C,3101,8,0.0,1,nomp2d,-6.440458032875165,123,39.35
C,3101,8,0.0,2,grid,-5.2052284882306,0,0.16
C,3101,8,0.0,2,deterministic,-7.677946328483191,0,2.26
C,3101,8,0.0,2,controller,-7.590938542683948,0,2.73
C,3101,8,0.0,2,nomp2d,-6.984794032596167,154,34.44
C,3101,8,0.0,3,grid,-6.08824242643112,0,0.16
C,3101,8,0.0,3,deterministic,-8.064160811621196,0,2.27
C,3101,8,0.0,3,controller,-8.469708824224243,0,2.75
C,3101,8,0.0,3,nomp2d,-7.459846048337622,140,37.22
C,3101,8,0.0,4,grid,-7.723251361751684,0,0.17
C,3101,8,0.0,4,deterministic,-9.049563615112541,0,2.27
C,3101,8,0.0,4,controller,-8.31721741950676,0,2.74
C,3101,8,0.0,4,nomp2d,-8.108715535641416,133,37.51
C,3101,8,0.0,5,grid,-7.626708202214054,0,0.16
C,3101,8,0.0,5,deterministic,-7.456812737138813,0,2.25
C,3101,8,0.0,5,controller,-8.496134298820833,0,2.75
C,3101,8,0.0,5,nomp2d,-6.453905195947146,132,36.78
C,3101,8,10.0,0,grid,-9.634545920039555,0,0.28
C,3101,8,10.0,0,deterministic,-11.498878184334693,0,2.45
C,3101,8,10.0,0,controller,-10.280376711335531,0,2.98
C,3101,8,10.0,0,nomp2d,-17.273345978817314,150,35.17
C,3101,8,10.0,1,grid,-9.271909309042288,0,0.16
C,3101,8,10.0,1,deterministic,-12.200650779147356,0,2.25
C,3101,8,10.0,1,controller,-12.635340351899165,0,2.76
C,3101,8,10.0,1,nomp2d,-18.884710289623754,164,33.75
C,3101,8,10.0,2,grid,-6.525820607693297,0,0.16
C,3101,8,10.0,2,deterministic,-8.981033467701861,0,2.26
C,3101,8,10.0,2,controller,-9.393483019340575,0,2.73
C,3101,8,10.0,2,nomp2d,-13.656553327413427,160,33.39
C,3101,8,10.0,3,grid,-7.727176559345801,0,0.17
C,3101,8,10.0,3,deterministic,-10.588041777140504,0,2.3
C,3101,8,10.0,3,controller,-11.284324292631535,0,2.8
C,3101,8,10.0,3,nomp2d,-18.300408258507225,154,35.17
C,3101,8,10.0,4,grid,-11.577194185440582,0,0.16
C,3101,8,10.0,4,deterministic,-15.97542771355772,0,2.28
C,3101,8,10.0,4,controller,-14.744536616484712,0,2.75
C,3101,8,10.0,4,nomp2d,-19.07845945772725,140,37.83
C,3101,8,10.0,5,grid,-9.244245981052254,0,0.17
C,3101,8,10.0,5,deterministic,-14.060105309403015,0,2.33
C,3101,8,10.0,5,controller,-11.74657869625283,0,2.82
C,3101,8,10.0,5,nomp2d,-16.207167343374532,148,35.6
C,3101,8,20.0,0,grid,-10.010098460159282,0,0.33
C,3101,8,20.0,0,deterministic,-11.394103057659681,0,2.49
C,3101,8,20.0,0,controller,-10.848940657525755,0,3.02
C,3101,8,20.0,0,nomp2d,-20.896913529205893,154,35.15
C,3101,8,20.0,1,grid,-9.545623795409131,0,0.16
C,3101,8,20.0,1,deterministic,-14.96830331771907,0,2.27
C,3101,8,20.0,1,controller,-12.523338555242669,0,2.75
C,3101,8,20.0,1,nomp2d,-23.298733898827493,158,34.01
C,3101,8,20.0,2,grid,-6.5857489644272205,0,0.17
C,3101,8,20.0,2,deterministic,-9.41740088822175,0,2.29
C,3101,8,20.0,2,controller,-9.360893965102411,0,2.78
C,3101,8,20.0,2,nomp2d,-14.151970213040418,160,35.18
C,3101,8,20.0,3,grid,-7.807780483830541,0,0.18
C,3101,8,20.0,3,deterministic,-10.696802020117488,0,2.31
C,3101,8,20.0,3,controller,-11.472636708379616,0,2.8
C,3101,8,20.0,3,nomp2d,-24.377488032967513,153,34.63
C,3101,8,20.0,4,grid,-11.831381821072853,0,0.18
C,3101,8,20.0,4,deterministic,-16.468881254568362,0,2.25
C,3101,8,20.0,4,controller,-15.153547632519222,0,2.76
C,3101,8,20.0,4,nomp2d,-26.942226376530698,142,38.02
C,3101,8,20.0,5,grid,-9.400272717919067,0,0.22
C,3101,8,20.0,5,deterministic,-10.407258224660143,0,2.35
C,3101,8,20.0,5,controller,-12.174863583567008,0,2.88
C,3101,8,20.0,5,nomp2d,-21.229352605173606,151,37.87
C,3101,8,30.0,0,grid,-10.032486797130755,0,0.31
C,3101,8,30.0,0,deterministic,-10.15373578100677,0,2.54
C,3101,8,30.0,0,controller,-10.746720474098414,0,3.13
C,3101,8,30.0,0,nomp2d,-21.233126895375257,149,36.65
C,3101,8,30.0,1,grid,-9.557927385250364,0,0.16
C,3101,8,30.0,1,deterministic,-15.02196892863434,0,2.29
C,3101,8,30.0,1,controller,-12.577929522647967,0,2.81
C,3101,8,30.0,1,nomp2d,-23.85961181487161,156,36.65
C,3101,8,30.0,2,grid,-6.592089746769801,0,0.17
C,3101,8,30.0,2,deterministic,-9.430745920402346,0,2.27
C,3101,8,30.0,2,controller,-9.366848319613382,0,2.98
C,3101,8,30.0,2,nomp2d,-14.271192883760882,158,35.36
C,3101,8,30.0,3,grid,-7.816589078409346,0,0.16
C,3101,8,30.0,3,deterministic,-10.711227993394441,0,2.27
C,3101,8,30.0,3,controller,-11.498559217762125,0,2.77
C,3101,8,30.0,3,nomp2d,-25.405736042136503,151,34.96
C,3101,8,30.0,4,grid,-11.84441668748985,0,0.19
C,3101,8,30.0,4,deterministic,-16.508066963438864,0,2.28
C,3101,8,30.0,4,controller,-15.185512980038368,0,2.79
C,3101,8,30.0,4,nomp2d,-30.34711953128785,140,37.64
C,3101,8,30.0,5,grid,-9.457614301528544,0,0.16
C,3101,8,30.0,5,deterministic,-9.932206222357102,0,2.29
C,3101,8,30.0,5,controller,-11.61465242370598,0,2.81
C,3101,8,30.0,5,nomp2d,-21.75638121912405,155,34.18
C,3101,16,0.0,0,grid,-5.90872642664589,0,0.47
C,3101,16,0.0,0,deterministic,-5.823887103251685,0,4.82
C,3101,16,0.0,0,controller,-6.574350663446202,0,5.7
C,3101,16,0.0,0,nomp2d,-5.157401095297232,502,171.13
C,3101,16,0.0,1,grid,-5.896901946855645,0,0.3
C,3101,16,0.0,1,deterministic,-6.408977694081597,0,4.54
C,3101,16,0.0,1,controller,-7.829520794482918,0,5.36
C,3101,16,0.0,1,nomp2d,-5.866192975357286,515,167.19
C,3101,16,0.0,2,grid,-5.560952453127199,0,0.3
C,3101,16,0.0,2,deterministic,-6.170675156727524,0,4.65
C,3101,16,0.0,2,controller,-6.220773236650301,0,5.42
C,3101,16,0.0,2,nomp2d,-4.988729486784779,539,162.83
C,3101,16,0.0,3,grid,-6.619636929724767,0,0.29
C,3101,16,0.0,3,deterministic,-7.98216583907903,0,4.56
C,3101,16,0.0,3,controller,-8.372776507561074,0,5.36
C,3101,16,0.0,3,nomp2d,-5.353187262087635,454,174.06
C,3101,16,0.0,4,grid,-7.188251210704477,0,0.29
C,3101,16,0.0,4,deterministic,-7.583824016386153,0,5.14
C,3101,16,0.0,4,controller,-7.701018640718011,0,6.03
C,3101,16,0.0,4,nomp2d,-6.219600365693033,503,170.69
C,3101,16,0.0,5,grid,-5.7540798664987545,0,0.29
C,3101,16,0.0,5,deterministic,-5.892439506535247,0,4.53
C,3101,16,0.0,5,controller,-6.457572453837611,0,5.4
C,3101,16,0.0,5,nomp2d,-5.103367613780774,457,178.61
C,3101,16,10.0,0,grid,-12.422908665652185,0,0.42
C,3101,16,10.0,0,deterministic,-17.935409786415207,0,4.82
C,3101,16,10.0,0,controller,-18.294947084799233,0,5.73
C,3101,16,10.0,0,nomp2d,-15.205845260812437,494,168.35
C,3101,16,10.0,1,grid,-11.863146304262761,0,0.28
C,3101,16,10.0,1,deterministic,-16.567780552416103,0,4.43
C,3101,16,10.0,1,controller,-15.521029926464962,0,5.23
C,3101,16,10.0,1,nomp2d,-15.020032794247191,500,165.46
C,3101,16,10.0,2,grid,-9.82396632166274,0,0.28
C,3101,16,10.0,2,deterministic,-12.667035775828957,0,4.48
C,3101,16,10.0,2,controller,-11.76735775251223,0,5.29
C,3101,16,10.0,2,nomp2d,-16.05161927884967,512,162.1
C,3101,16,10.0,3,grid,-10.647739912209255,0,0.28
C,3101,16,10.0,3,deterministic,-15.351204916612604,0,4.48
C,3101,16,10.0,3,controller,-15.495091938378994,0,5.25
C,3101,16,10.0,3,nomp2d,-15.708275649944685,439,174.59
C,3101,16,10.0,4,grid,-14.566106238764105,0,0.28
C,3101,16,10.0,4,deterministic,-16.767193713302515,0,4.55
C,3101,16,10.0,4,controller,-17.006207181789993,0,5.36
C,3101,16,10.0,4,nomp2d,-15.7113973304496,433,171.76
C,3101,16,10.0,5,grid,-11.977367191354462,0,0.29
C,3101,16,10.0,5,deterministic,-16.797812877952243,0,4.62
C,3101,16,10.0,5,controller,-14.166301341931732,0,5.44
C,3101,16,10.0,5,nomp2d,-15.773152050760903,479,169.72
C,3101,16,20.0,0,grid,-12.879482526361182,0,0.44
C,3101,16,20.0,0,deterministic,-19.061469101612232,0,4.82
C,3101,16,20.0,0,controller,-19.890879878160444,0,5.7
C,3101,16,20.0,0,nomp2d,-27.461327286506663,506,165.43
C,3101,16,20.0,1,grid,-12.759610861121441,0,0.29
C,3101,16,20.0,1,deterministic,-21.122205156021508,0,4.52
C,3101,16,20.0,1,controller,-18.994524907123797,0,5.3
C,3101,16,20.0,1,nomp2d,-26.62770027854764,499,164.51
C,3101,16,20.0,2,grid,-10.178172050349318,0,0.29
C,3101,16,20.0,2,deterministic,-13.133935203176136,0,4.51
C,3101,16,20.0,2,controller,-12.29566326234625,0,5.4
C,3101,16,20.0,2,nomp2d,-25.39808759876125,505,170.14
C,3101,16,20.0,3,grid,-11.493201938099409,0,0.29
C,3101,16,20.0,3,deterministic,-16.854568029732715,0,4.54
C,3101,16,20.0,3,controller,-17.66270801222037,0,5.35
C,3101,16,20.0,3,nomp2d,-24.978113517647614,461,171.59
C,3101,16,20.0,4,grid,-15.580141491898026,0,0.28
C,3101,16,20.0,4,deterministic,-18.80637908413449,0,4.45
C,3101,16,20.0,4,controller,-18.963779922992636,0,5.27
C,3101,16,20.0,4,nomp2d,-24.51438798230469,410,178.64
C,3101,16,20.0,5,grid,-12.70556286854487,0,0.28
C,3101,16,20.0,5,deterministic,-20.398195434796264,0,4.52
C,3101,16,20.0,5,controller,-19.14999400684732,0,5.4
C,3101,16,20.0,5,nomp2d,-26.632970740602563,504,168.38
C,3101,16,30.0,0,grid,-12.960297780231368,0,0.45
C,3101,16,30.0,0,deterministic,-19.116447329127602,0,4.83
C,3101,16,30.0,0,controller,-20.079517424520663,0,5.73
C,3101,16,30.0,0,nomp2d,-35.102252572982415,486,170.87
C,3101,16,30.0,1,grid,-12.806919371691219,0,0.29
C,3101,16,30.0,1,deterministic,-21.475974940682438,0,4.79
C,3101,16,30.0,1,controller,-19.475321055776845,0,5.73
C,3101,16,30.0,1,nomp2d,-35.212660725785184,498,165.41
C,3101,16,30.0,2,grid,-10.20509458465474,0,0.29
C,3101,16,30.0,2,deterministic,-13.46720744756243,0,4.54
C,3101,16,30.0,2,controller,-12.334503566248355,0,5.33
C,3101,16,30.0,2,nomp2d,-32.960092955997176,526,161.66
C,3101,16,30.0,3,grid,-11.546731245145132,0,0.28
C,3101,16,30.0,3,deterministic,-16.85596805678111,0,4.48
C,3101,16,30.0,3,controller,-17.777011257689775,0,5.26
C,3101,16,30.0,3,nomp2d,-35.18138472221756,467,169.88
C,3101,16,30.0,4,grid,-15.673198390890231,0,0.28
C,3101,16,30.0,4,deterministic,-19.194248913090828,0,4.47
C,3101,16,30.0,4,controller,-19.109234453140388,0,5.27
C,3101,16,30.0,4,nomp2d,-35.98055574818582,467,166.51
C,3101,16,30.0,5,grid,-12.770661945363635,0,0.29
C,3101,16,30.0,5,deterministic,-20.25895020288669,0,4.56
C,3101,16,30.0,5,controller,-19.306256780330845,0,5.35
C,3101,16,30.0,5,nomp2d,-35.08067712903571,493,167.06
C,3102,4,0.0,0,grid,-5.451964679983501,0,0.23
C,3102,4,0.0,0,deterministic,-8.894640900675729,0,1.45
C,3102,4,0.0,0,controller,-8.73092897354816,0,1.88
C,3102,4,0.0,0,nomp2d,-12.447980659104893,46,10.96
C,3102,4,0.0,1,grid,-5.661375522748773,0,0.13
C,3102,4,0.0,1,deterministic,-5.9817589882801645,0,1.44
C,3102,4,0.0,1,controller,-6.0892941280723605,0,1.85
C,3102,4,0.0,1,nomp2d,-9.541564818205169,44,11.52
C,3102,4,0.0,2,grid,-5.192825830263127,0,0.14
C,3102,4,0.0,2,deterministic,-5.724615971633444,0,1.34
C,3102,4,0.0,2,controller,-5.800416695563819,0,1.75
C,3102,4,0.0,2,nomp2d,-6.1321902102259624,44,10.47
C,3102,4,0.0,3,grid,-3.387096647129347,0,0.11
C,3102,4,0.0,3,deterministic,-7.656221354598859,0,1.19
C,3102,4,0.0,3,controller,-6.4042877666438045,0,1.56
C,3102,4,0.0,3,nomp2d,-10.345413649052443,46,11.68
C,3102,4,0.0,4,grid,-8.644409137577679,0,0.13
C,3102,4,0.0,4,deterministic,-9.910838557192484,0,1.24
C,3102,4,0.0,4,controller,-9.887260204858945,0,1.7
C,3102,4,0.0,4,nomp2d,-12.194630385017394,44,10.21
C,3102,4,0.0,5,grid,-6.427554619209108,0,0.11
C,3102,4,0.0,5,deterministic,-8.673629208960831,0,1.18
C,3102,4,0.0,5,controller,-8.779272113226032,0,1.54
C,3102,4,0.0,5,nomp2d,-12.08747280532072,42,10.6
C,3102,4,10.0,0,grid,-6.419499903494246,0,0.25
C,3102,4,10.0,0,deterministic,-9.737850494354616,0,1.39
C,3102,4,10.0,0,controller,-10.267564330298633,0,1.84
C,3102,4,10.0,0,nomp2d,-14.90948612111054,46,11.02
C,3102,4,10.0,1,grid,-6.70924203862485,0,0.12
C,3102,4,10.0,1,deterministic,-6.52130934546864,0,1.25
C,3102,4,10.0,1,controller,-6.786688834767187,0,1.65
C,3102,4,10.0,1,nomp2d,-11.883831214856944,49,9.79
C,3102,4,10.0,2,grid,-5.481796687351352,0,0.11
C,3102,4,10.0,2,deterministic,-6.179798218240601,0,1.25
C,3102,4,10.0,2,controller,-6.3618671295223725,0,1.6
C,3102,4,10.0,2,nomp2d,-8.58785630780384,44,9.85
C,3102,4,10.0,3,grid,-3.547816692073141,0,0.1
C,3102,4,10.0,3,deterministic,-8.023584661963634,0,1.19
C,3102,4,10.0,3,controller,-6.970795362581125,0,1.54
C,3102,4,10.0,3,nomp2d,-12.186639776741757,43,10.03
C,3102,4,10.0,4,grid,-8.722684515913306,0,0.11
C,3102,4,10.0,4,deterministic,-9.973387814337618,0,1.2
C,3102,4,10.0,4,controller,-9.879425410861746,0,1.56
C,3102,4,10.0,4,nomp2d,-18.233165923916445,44,9.63
C,3102,4,10.0,5,grid,-6.523086697088852,0,0.1
C,3102,4,10.0,5,deterministic,-8.705657458501591,0,1.19
C,3102,4,10.0,5,controller,-8.957840567398001,0,1.77
C,3102,4,10.0,5,nomp2d,-13.428367805524559,44,10.12
C,3102,4,20.0,0,grid,-6.424752914613069,0,0.26
C,3102,4,20.0,0,deterministic,-9.75062147480407,0,1.41
C,3102,4,20.0,0,controller,-10.378339940196648,0,1.85
C,3102,4,20.0,0,nomp2d,-15.061585868667711,47,9.85
C,3102,4,20.0,1,grid,-6.747390608398924,0,0.11
C,3102,4,20.0,1,deterministic,-6.542476963085937,0,1.17
C,3102,4,20.0,1,controller,-6.896479757519916,0,1.52
C,3102,4,20.0,1,nomp2d,-12.947943616774914,46,9.52
C,3102,4,20.0,2,grid,-5.497889154999912,0,0.1
C,3102,4,20.0,2,deterministic,-6.198747747657807,0,1.18
C,3102,4,20.0,2,controller,-6.395355653573096,0,1.52
C,3102,4,20.0,2,nomp2d,-8.642127362956035,45,10.14
C,3102,4,20.0,3,grid,-3.566592433218843,0,0.1
C,3102,4,20.0,3,deterministic,-8.273174170339637,0,1.22
C,3102,4,20.0,3,controller,-6.741013422035625,0,1.56
C,3102,4,20.0,3,nomp2d,-12.153843048587873,43,10.02
C,3102,4,20.0,4,grid,-8.73711699231701,0,0.1
C,3102,4,20.0,4,deterministic,-10.010538764487455,0,1.19
C,3102,4,20.0,4,controller,-9.909284241572442,0,1.52
C,3102,4,20.0,4,nomp2d,-18.667204688611157,44,9.86
C,3102,4,20.0,5,grid,-6.572305719375766,0,0.1
C,3102,4,20.0,5,deterministic,-8.78329147058658,0,1.21
C,3102,4,20.0,5,controller,-9.087233480972284,0,1.55
C,3102,4,20.0,5,nomp2d,-13.846709061515035,48,9.69
C,3102,4,30.0,0,grid,-6.427699699833255,0,0.25
C,3102,4,30.0,0,deterministic,-9.756300188060486,0,1.38
C,3102,4,30.0,0,controller,-10.384983895572645,0,1.85
C,3102,4,30.0,0,nomp2d,-15.070291022987243,47,9.86
C,3102,4,30.0,1,grid,-6.750393854434939,0,0.11
C,3102,4,30.0,1,deterministic,-6.544774865999372,0,1.16
C,3102,4,30.0,1,controller,-6.90535195509023,0,1.53
C,3102,4,30.0,1,nomp2d,-12.861132955515348,47,10.84
C,3102,4,30.0,2,grid,-5.500088821658913,0,0.11
C,3102,4,30.0,2,deterministic,-6.201290300452445,0,1.25
C,3102,4,30.0,2,controller,-6.399317787472425,0,1.64
C,3102,4,30.0,2,nomp2d,-8.651067624685755,44,10.3
C,3102,4,30.0,3,grid,-3.567561381514169,0,0.11
C,3102,4,30.0,3,deterministic,-8.275226403088833,0,1.21
C,3102,4,30.0,3,controller,-6.750524407246592,0,1.56
C,3102,4,30.0,3,nomp2d,-12.187598614561173,42,9.9
C,3102,4,30.0,4,grid,-8.74420912384686,0,0.1
C,3102,4,30.0,4,deterministic,-10.021704621417555,0,1.24
C,3102,4,30.0,4,controller,-9.919859572573463,0,1.58
C,3102,4,30.0,4,nomp2d,-18.83545559002849,45,9.6
C,3102,4,30.0,5,grid,-6.575052956288225,0,0.1
C,3102,4,30.0,5,deterministic,-8.789151890044549,0,1.2
C,3102,4,30.0,5,controller,-9.097487495606048,0,1.56
C,3102,4,30.0,5,nomp2d,-13.79966074587039,48,9.83
C,3102,8,0.0,0,grid,-6.077108165055469,0,0.31
C,3102,8,0.0,0,deterministic,-7.908647714180042,0,2.53
C,3102,8,0.0,0,controller,-8.213719787911721,0,3.09
C,3102,8,0.0,0,nomp2d,-7.276222222303799,140,37.15
C,3102,8,0.0,1,grid,-7.96865798205591,0,0.16
C,3102,8,0.0,1,deterministic,-9.087375187579594,0,2.26
C,3102,8,0.0,1,controller,-9.270628741997392,0,2.78
C,3102,8,0.0,1,nomp2d,-6.25883484642376,141,38.95
C,3102,8,0.0,2,grid,-6.005639227958066,0,0.2
C,3102,8,0.0,2,deterministic,-7.441232863174328,0,2.4
C,3102,8,0.0,2,controller,-7.586616681373338,0,2.94
C,3102,8,0.0,2,nomp2d,-5.692610997493482,118,43.94
C,3102,8,0.0,3,grid,-6.668231098352981,0,0.17
C,3102,8,0.0,3,deterministic,-10.296667835323529,0,2.28
C,3102,8,0.0,3,controller,-11.020152867815003,0,2.81
C,3102,8,0.0,3,nomp2d,-7.955874991357689,144,41.25
C,3102,8,0.0,4,grid,-8.168063729903592,0,0.23
C,3102,8,0.0,4,deterministic,-8.900855885643184,0,2.39
C,3102,8,0.0,4,controller,-8.451623102332732,0,2.95
C,3102,8,0.0,4,nomp2d,-8.80574589247352,128,39.38
C,3102,8,0.0,5,grid,-5.989921258186484,0,0.17
C,3102,8,0.0,5,deterministic,-7.059471649755329,0,2.27
C,3102,8,0.0,5,controller,-7.705593984786012,0,2.76
C,3102,8,0.0,5,nomp2d,-5.6277546542405705,126,39.44
C,3102,8,10.0,0,grid,-8.950364533254689,0,0.32
C,3102,8,10.0,0,deterministic,-10.913748408740533,0,2.59
C,3102,8,10.0,0,controller,-12.528040657806326,0,3.14
C,3102,8,10.0,0,nomp2d,-16.39371493356681,150,36.82
C,3102,8,10.0,1,grid,-8.815676020021527,0,0.16
C,3102,8,10.0,1,deterministic,-7.0246424011204,0,2.36
C,3102,8,10.0,1,controller,-10.158510966667462,0,2.87
C,3102,8,10.0,1,nomp2d,-16.088438996544138,161,36.29
C,3102,8,10.0,2,grid,-7.722146490575875,0,0.19
C,3102,8,10.0,2,deterministic,-7.9358739283436055,0,2.36
C,3102,8,10.0,2,controller,-7.731696737613049,0,2.9
C,3102,8,10.0,2,nomp2d,-15.946593176965486,159,34.44
C,3102,8,10.0,3,grid,-7.131142046158015,0,0.16
C,3102,8,10.0,3,deterministic,-11.876471880078224,0,2.28
C,3102,8,10.0,3,controller,-11.206835676971847,0,2.79
C,3102,8,10.0,3,nomp2d,-18.291875363469888,147,35.0
C,3102,8,10.0,4,grid,-11.92588737070732,0,0.16
C,3102,8,10.0,4,deterministic,-16.474214737456446,0,2.24
C,3102,8,10.0,4,controller,-16.20606162161873,0,2.72
C,3102,8,10.0,4,nomp2d,-17.179955016802676,140,37.85
C,3102,8,10.0,5,grid,-8.900449888715888,0,0.16
C,3102,8,10.0,5,deterministic,-11.915199959935233,0,2.35
C,3102,8,10.0,5,controller,-11.93920550012468,0,2.87
C,3102,8,10.0,5,nomp2d,-16.40675603223082,155,34.76
C,3102,8,20.0,0,grid,-9.032777652027404,0,0.31
C,3102,8,20.0,0,deterministic,-11.045744882518875,0,2.48
C,3102,8,20.0,0,controller,-12.759085642074579,0,3.01
C,3102,8,20.0,0,nomp2d,-21.737448618975364,144,36.99
C,3102,8,20.0,1,grid,-9.251547636242169,0,0.17
C,3102,8,20.0,1,deterministic,-7.146819724162306,0,2.4
C,3102,8,20.0,1,controller,-10.270396252094216,0,2.9
C,3102,8,20.0,1,nomp2d,-20.33203781844125,159,36.52
C,3102,8,20.0,2,grid,-7.807762211496194,0,0.18
C,3102,8,20.0,2,deterministic,-8.018212981142918,0,2.34
C,3102,8,20.0,2,controller,-7.794087743084357,0,2.85
C,3102,8,20.0,2,nomp2d,-16.85275922308199,155,36.32
C,3102,8,20.0,3,grid,-7.247700202885079,0,0.16
C,3102,8,20.0,3,deterministic,-12.740690856937313,0,2.33
C,3102,8,20.0,3,controller,-12.98306672819982,0,2.92
C,3102,8,20.0,3,nomp2d,-20.899763774451895,151,37.08
C,3102,8,20.0,4,grid,-12.122607684450632,0,0.18
C,3102,8,20.0,4,deterministic,-17.067488923667113,0,2.61
C,3102,8,20.0,4,controller,-16.689386834952934,0,3.25
C,3102,8,20.0,4,nomp2d,-25.885919420253924,142,36.16
C,3102,8,20.0,5,grid,-9.037261177524456,0,0.18
C,3102,8,20.0,5,deterministic,-12.212710256517115,0,2.27
C,3102,8,20.0,5,controller,-12.074634949507118,0,2.77
C,3102,8,20.0,5,nomp2d,-23.037957617326104,152,38.06
C,3102,8,30.0,0,grid,-9.134684218095131,0,0.32
C,3102,8,30.0,0,deterministic,-10.311654793938892,0,2.64
C,3102,8,30.0,0,controller,-11.890974928367765,0,3.28
C,3102,8,30.0,0,nomp2d,-21.86527952038965,147,39.17
C,3102,8,30.0,1,grid,-9.266016968703148,0,0.17
C,3102,8,30.0,1,deterministic,-7.157873450420738,0,2.56
C,3102,8,30.0,1,controller,-10.31854447607375,0,3.15
C,3102,8,30.0,1,nomp2d,-19.35478864250814,161,38.11
C,3102,8,30.0,2,grid,-7.81258909211192,0,0.17
C,3102,8,30.0,2,deterministic,-8.023913460196258,0,2.35
C,3102,8,30.0,2,controller,-7.797996712423502,0,2.88
C,3102,8,30.0,2,nomp2d,-16.87803981358889,155,37.01
C,3102,8,30.0,3,grid,-7.25358898298072,0,0.17
C,3102,8,30.0,3,deterministic,-12.584915029494788,0,2.32
C,3102,8,30.0,3,controller,-12.989431162556581,0,2.83
C,3102,8,30.0,3,nomp2d,-21.20224490821871,151,34.86
C,3102,8,30.0,4,grid,-12.13381657468489,0,0.16
C,3102,8,30.0,4,deterministic,-17.134013683246486,0,2.24
C,3102,8,30.0,4,controller,-16.750404703293086,0,2.73
C,3102,8,30.0,4,nomp2d,-30.18513592259788,145,35.98
C,3102,8,30.0,5,grid,-9.042821215188749,0,0.16
C,3102,8,30.0,5,deterministic,-12.227754979822967,0,2.25
C,3102,8,30.0,5,controller,-12.087511361733052,0,2.74
C,3102,8,30.0,5,nomp2d,-23.437377694960134,151,36.37
C,3102,16,0.0,0,grid,-5.2308101285857,0,0.48
C,3102,16,0.0,0,deterministic,-6.369025771121196,0,4.98
C,3102,16,0.0,0,controller,-6.680762580022702,0,5.89
C,3102,16,0.0,0,nomp2d,-5.401116805465228,495,182.02
C,3102,16,0.0,1,grid,-5.872700563679809,0,0.34
C,3102,16,0.0,1,deterministic,-4.569785618698176,0,4.86
C,3102,16,0.0,1,controller,-6.965754637813587,0,5.73
C,3102,16,0.0,1,nomp2d,-5.782037765356489,543,158.93
C,3102,16,0.0,2,grid,-4.941206011064779,0,0.29
C,3102,16,0.0,2,deterministic,-5.16432470078785,0,4.55
C,3102,16,0.0,2,controller,-5.13449675132886,0,5.34
C,3102,16,0.0,2,nomp2d,-4.442347620866499,503,170.56
C,3102,16,0.0,3,grid,-4.826655224256306,0,0.29
C,3102,16,0.0,3,deterministic,-6.287101193435096,0,4.51
C,3102,16,0.0,3,controller,-6.799128859584317,0,5.32
C,3102,16,0.0,3,nomp2d,-5.13848227607013,498,169.12
C,3102,16,0.0,4,grid,-6.552158436930581,0,0.29
C,3102,16,0.0,4,deterministic,-6.88118435957686,0,4.48
C,3102,16,0.0,4,controller,-7.355700594113895,0,5.27
C,3102,16,0.0,4,nomp2d,-5.158858315888838,455,182.96
C,3102,16,0.0,5,grid,-5.2442832485059565,0,0.36
C,3102,16,0.0,5,deterministic,-5.774045729709537,0,4.74
C,3102,16,0.0,5,controller,-5.8246537278311195,0,5.63
C,3102,16,0.0,5,nomp2d,-5.804609007246329,494,168.57
C,3102,16,10.0,0,grid,-11.606323989799447,0,0.46
C,3102,16,10.0,0,deterministic,-12.329268477391276,0,4.85
C,3102,16,10.0,0,controller,-13.095220635109303,0,5.72
C,3102,16,10.0,0,nomp2d,-14.966118603112239,474,174.35
C,3102,16,10.0,1,grid,-11.895977017273744,0,0.33
C,3102,16,10.0,1,deterministic,-13.825416775923342,0,4.85
C,3102,16,10.0,1,controller,-16.01831083458043,0,5.99
C,3102,16,10.0,1,nomp2d,-14.833725860053198,483,174.59
C,3102,16,10.0,2,grid,-10.363349169200012,0,0.3
C,3102,16,10.0,2,deterministic,-10.899621959096493,0,4.52
C,3102,16,10.0,2,controller,-11.045477332476906,0,5.29
C,3102,16,10.0,2,nomp2d,-15.725494209306428,499,165.14
C,3102,16,10.0,3,grid,-10.666470239710621,0,0.28
C,3102,16,10.0,3,deterministic,-19.194343948127763,0,4.49
C,3102,16,10.0,3,controller,-19.111561650758567,0,5.33
C,3102,16,10.0,3,nomp2d,-15.052801888389292,488,171.04
C,3102,16,10.0,4,grid,-13.280134235142585,0,0.28
C,3102,16,10.0,4,deterministic,-15.951168044171276,0,4.47
C,3102,16,10.0,4,controller,-15.958037997377506,0,5.24
C,3102,16,10.0,4,nomp2d,-15.123048621590382,455,178.49
C,3102,16,10.0,5,grid,-12.087286072284389,0,0.29
C,3102,16,10.0,5,deterministic,-16.899843446171282,0,4.47
C,3102,16,10.0,5,controller,-16.370848689515345,0,5.25
C,3102,16,10.0,5,nomp2d,-14.399864599083532,449,177.1
C,3102,16,20.0,0,grid,-12.563146075668673,0,0.47
C,3102,16,20.0,0,deterministic,-14.491284873378504,0,4.8
C,3102,16,20.0,0,controller,-16.0828395923663,0,5.68
C,3102,16,20.0,0,nomp2d,-26.032823264787133,469,181.71
C,3102,16,20.0,1,grid,-12.796667868456048,0,0.29
C,3102,16,20.0,1,deterministic,-15.73807301377805,0,4.66
C,3102,16,20.0,1,controller,-19.720561871880868,0,5.54
C,3102,16,20.0,1,nomp2d,-26.000465137950542,471,179.09
C,3102,16,20.0,2,grid,-10.820281821050465,0,0.3
C,3102,16,20.0,2,deterministic,-12.523936088957058,0,4.59
C,3102,16,20.0,2,controller,-13.461573267474293,0,5.39
C,3102,16,20.0,2,nomp2d,-25.612376683028195,506,168.41
C,3102,16,20.0,3,grid,-10.921977688880215,0,0.31
C,3102,16,20.0,3,deterministic,-20.76544121217752,0,4.65
C,3102,16,20.0,3,controller,-20.960858930367383,0,5.48
C,3102,16,20.0,3,nomp2d,-25.918105254504464,487,169.17
C,3102,16,20.0,4,grid,-15.271524779623224,0,0.3
C,3102,16,20.0,4,deterministic,-19.501873534071418,0,4.68
C,3102,16,20.0,4,controller,-19.697507360225682,0,5.5
C,3102,16,20.0,4,nomp2d,-25.83274188187481,450,179.61
C,3102,16,20.0,5,grid,-12.685467067908085,0,0.28
C,3102,16,20.0,5,deterministic,-20.381100888727012,0,4.46
C,3102,16,20.0,5,controller,-19.40646991670658,0,5.26
C,3102,16,20.0,5,nomp2d,-26.389853704533174,470,175.14
C,3102,16,30.0,0,grid,-12.600070514172634,0,0.45
C,3102,16,30.0,0,deterministic,-14.557610808631281,0,4.92
C,3102,16,30.0,0,controller,-16.17524623236147,0,5.88
C,3102,16,30.0,0,nomp2d,-34.89302447313822,483,175.23
C,3102,16,30.0,1,grid,-12.852817572502298,0,0.44
C,3102,16,30.0,1,deterministic,-15.860543061164423,0,5.05
C,3102,16,30.0,1,controller,-19.27224888663799,0,5.97
C,3102,16,30.0,1,nomp2d,-37.292306179568996,507,161.9
C,3102,16,30.0,2,grid,-10.856439696621273,0,0.28
C,3102,16,30.0,2,deterministic,-11.511364745379307,0,4.48
C,3102,16,30.0,2,controller,-11.717464441379784,0,5.28
C,3102,16,30.0,2,nomp2d,-34.9518644671895,516,177.36
C,3102,16,30.0,3,grid,-10.943799209077616,0,0.29
C,3102,16,30.0,3,deterministic,-20.582901320946327,0,4.65
C,3102,16,30.0,3,controller,-21.17767115058801,0,5.46
C,3102,16,30.0,3,nomp2d,-34.160789000382906,483,175.75
C,3102,16,30.0,4,grid,-15.37488358144845,0,0.29
C,3102,16,30.0,4,deterministic,-20.05759604723493,0,4.73
C,3102,16,30.0,4,controller,-19.72670139788272,0,5.56
C,3102,16,30.0,4,nomp2d,-35.30926022903229,464,176.33
C,3102,16,30.0,5,grid,-12.74784500216223,0,0.28
C,3102,16,30.0,5,deterministic,-20.238754532305798,0,4.48
C,3102,16,30.0,5,controller,-19.51125193930162,0,5.28
C,3102,16,30.0,5,nomp2d,-33.460884347658165,483,174.37
C,3103,4,0.0,0,grid,-6.061231382868996,0,0.23
C,3103,4,0.0,0,deterministic,-7.933967342499586,0,1.41
C,3103,4,0.0,0,controller,-7.9330676322139855,0,1.83
C,3103,4,0.0,0,nomp2d,-9.145048381637752,45,12.2
C,3103,4,0.0,1,grid,-6.6971487178861135,0,0.12
C,3103,4,0.0,1,deterministic,-5.957985889855553,0,1.29
C,3103,4,0.0,1,controller,-6.044999000209379,0,1.69
C,3103,4,0.0,1,nomp2d,-7.832906797686647,47,10.26
C,3103,4,0.0,2,grid,-4.247220384406825,0,0.11
C,3103,4,0.0,2,deterministic,-6.347309829880745,0,1.28
C,3103,4,0.0,2,controller,-6.332383862447002,0,1.64
C,3103,4,0.0,2,nomp2d,-7.068316008536552,41,12.56
C,3103,4,0.0,3,grid,-3.1207817888937575,0,0.11
C,3103,4,0.0,3,deterministic,-8.759347966562416,0,1.25
C,3103,4,0.0,3,controller,-5.8571557670523555,0,1.65
C,3103,4,0.0,3,nomp2d,-9.736151461679027,36,14.09
C,3103,4,0.0,4,grid,-7.112273705990083,0,0.15
C,3103,4,0.0,4,deterministic,-10.518634659476849,0,1.56
C,3103,4,0.0,4,controller,-9.40840412101974,0,1.99
C,3103,4,0.0,4,nomp2d,-9.72809838843245,46,12.36
C,3103,4,0.0,5,grid,-6.822487895208696,0,0.17
C,3103,4,0.0,5,deterministic,-5.888476504719263,0,1.32
C,3103,4,0.0,5,controller,-5.99081976979414,0,1.82
C,3103,4,0.0,5,nomp2d,-10.754600487359037,47,10.63
C,3103,4,10.0,0,grid,-6.313432107571222,0,0.24
C,3103,4,10.0,0,deterministic,-8.170684101754022,0,1.57
C,3103,4,10.0,0,controller,-7.91957789961198,0,2.08
C,3103,4,10.0,0,nomp2d,-13.25617170409367,46,11.14
C,3103,4,10.0,1,grid,-7.286750665027758,0,0.11
C,3103,4,10.0,1,deterministic,-5.4152572136575285,0,1.24
C,3103,4,10.0,1,controller,-5.837566673518104,0,1.63
C,3103,4,10.0,1,nomp2d,-11.673818698122451,45,10.09
C,3103,4,10.0,2,grid,-4.511069747937244,0,0.11
C,3103,4,10.0,2,deterministic,-6.47435285452784,0,1.27
C,3103,4,10.0,2,controller,-7.370284350662322,0,1.66
C,3103,4,10.0,2,nomp2d,-9.414615409329896,43,10.63
C,3103,4,10.0,3,grid,-3.6959661506580233,0,0.13
C,3103,4,10.0,3,deterministic,-7.778532779555184,0,1.24
C,3103,4,10.0,3,controller,-5.600724672924226,0,1.63
C,3103,4,10.0,3,nomp2d,-10.987316056604804,43,11.12
C,3103,4,10.0,4,grid,-7.772887128891778,0,0.12
C,3103,4,10.0,4,deterministic,-8.991441167426236,0,1.27
C,3103,4,10.0,4,controller,-9.105138136211503,0,1.67
C,3103,4,10.0,4,nomp2d,-16.57700575663098,48,10.81
C,3103,4,10.0,5,grid,-7.114565139901135,0,0.11
C,3103,4,10.0,5,deterministic,-6.452544960637995,0,1.86
C,3103,4,10.0,5,controller,-7.5947449875208015,0,2.31
C,3103,4,10.0,5,nomp2d,-13.138539684908235,47,11.12
C,3103,4,20.0,0,grid,-6.364469751175522,0,0.25
C,3103,4,20.0,0,deterministic,-8.448659352860588,0,1.41
C,3103,4,20.0,0,controller,-8.494352287613594,0,2.01
C,3103,4,20.0,0,nomp2d,-13.453817272975089,45,11.09
C,3103,4,20.0,1,grid,-7.3270721779614085,0,0.11
C,3103,4,20.0,1,deterministic,-5.434979676378048,0,1.23
C,3103,4,20.0,1,controller,-5.966655887405459,0,1.62
C,3103,4,20.0,1,nomp2d,-12.007515242395076,46,9.72
C,3103,4,20.0,2,grid,-4.5332240342710275,0,0.12
C,3103,4,20.0,2,deterministic,-6.513670225468745,0,1.19
C,3103,4,20.0,2,controller,-7.425965549323504,0,1.55
C,3103,4,20.0,2,nomp2d,-9.529624050957441,43,10.13
C,3103,4,20.0,3,grid,-3.7059030274174827,0,0.12
C,3103,4,20.0,3,deterministic,-7.8067649208989165,0,1.18
C,3103,4,20.0,3,controller,-5.616120120710449,0,1.55
C,3103,4,20.0,3,nomp2d,-11.073976786294857,44,11.61
C,3103,4,20.0,4,grid,-7.773967830305652,0,0.11
C,3103,4,20.0,4,deterministic,-8.996322322943112,0,1.31
C,3103,4,20.0,4,controller,-9.122745817205484,0,1.7
C,3103,4,20.0,4,nomp2d,-16.980789193849933,48,10.63
C,3103,4,20.0,5,grid,-7.163280612637358,0,0.11
C,3103,4,20.0,5,deterministic,-6.389175639581376,0,1.22
C,3103,4,20.0,5,controller,-6.803330264494579,0,1.6
C,3103,4,20.0,5,nomp2d,-13.562737548278589,45,10.19
C,3103,4,30.0,0,grid,-6.3669607902604,0,0.25
C,3103,4,30.0,0,deterministic,-8.453045698435423,0,1.36
C,3103,4,30.0,0,controller,-8.502528142208835,0,1.8
C,3103,4,30.0,0,nomp2d,-13.456120070666856,45,11.6
C,3103,4,30.0,1,grid,-7.328357675266409,0,0.11
C,3103,4,30.0,1,deterministic,-5.436967701555772,0,1.31
C,3103,4,30.0,1,controller,-5.980341540859598,0,1.76
C,3103,4,30.0,1,nomp2d,-11.998743898925593,46,10.37
C,3103,4,30.0,2,grid,-4.536351480078308,0,0.12
C,3103,4,30.0,2,deterministic,-6.516128941365084,0,1.23
C,3103,4,30.0,2,controller,-7.431401693176436,0,1.62
C,3103,4,30.0,2,nomp2d,-9.41473180288696,45,10.67
C,3103,4,30.0,3,grid,-3.706206631251165,0,0.26
C,3103,4,30.0,3,deterministic,-7.809454391819344,0,1.45
C,3103,4,30.0,3,controller,-5.617061287124048,0,1.91
C,3103,4,30.0,3,nomp2d,-11.093055404335587,43,11.58
C,3103,4,30.0,4,grid,-7.777844193222765,0,0.12
C,3103,4,30.0,4,deterministic,-9.001423073704206,0,1.27
C,3103,4,30.0,4,controller,-9.129384409201183,0,1.64
C,3103,4,30.0,4,nomp2d,-16.960959666403266,48,10.37
C,3103,4,30.0,5,grid,-7.167043504342684,0,0.11
C,3103,4,30.0,5,deterministic,-6.392573756050752,0,1.21
C,3103,4,30.0,5,controller,-6.814805279201375,0,1.6
C,3103,4,30.0,5,nomp2d,-13.623528047176345,46,10.13
C,3103,8,0.0,0,grid,-6.876745853866505,0,0.31
C,3103,8,0.0,0,deterministic,-7.19417115857527,0,2.58
C,3103,8,0.0,0,controller,-7.530046369491008,0,3.16
C,3103,8,0.0,0,nomp2d,-9.137122565334385,161,39.36
C,3103,8,0.0,1,grid,-6.981708717006471,0,0.17
C,3103,8,0.0,1,deterministic,-4.687180514370799,0,2.43
C,3103,8,0.0,1,controller,-6.412601466992662,0,3.0
C,3103,8,0.0,1,nomp2d,-7.072100647611607,150,38.91
C,3103,8,0.0,2,grid,-5.13726653422386,0,0.18
C,3103,8,0.0,2,deterministic,-5.75618331638873,0,2.38
C,3103,8,0.0,2,controller,-5.864320310740137,0,2.91
C,3103,8,0.0,2,nomp2d,-7.468047385094101,151,39.46
C,3103,8,0.0,3,grid,-6.9159075327184505,0,0.21
C,3103,8,0.0,3,deterministic,-10.779377436254274,0,2.4
C,3103,8,0.0,3,controller,-9.224197967268761,0,2.92
C,3103,8,0.0,3,nomp2d,-9.45917417054417,145,38.98
C,3103,8,0.0,4,grid,-6.962166725707259,0,0.17
C,3103,8,0.0,4,deterministic,-8.145081942869734,0,2.45
C,3103,8,0.0,4,controller,-7.65636165030852,0,3.08
C,3103,8,0.0,4,nomp2d,-7.209007132820502,135,40.76
C,3103,8,0.0,5,grid,-7.46253705569364,0,0.16
C,3103,8,0.0,5,deterministic,-7.668339917246185,0,2.35
C,3103,8,0.0,5,controller,-8.020619364106343,0,2.88
C,3103,8,0.0,5,nomp2d,-8.821183507395025,141,39.22
C,3103,8,10.0,0,grid,-10.06105370034511,0,0.31
C,3103,8,10.0,0,deterministic,-14.349516467729721,0,2.5
C,3103,8,10.0,0,controller,-12.388748615704731,0,3.04
C,3103,8,10.0,0,nomp2d,-19.53265689785949,150,36.86
C,3103,8,10.0,1,grid,-9.652964426727824,0,0.17
C,3103,8,10.0,1,deterministic,-12.027133310825223,0,2.31
C,3103,8,10.0,1,controller,-11.606524130306017,0,2.8
C,3103,8,10.0,1,nomp2d,-18.10433779989573,149,35.94
C,3103,8,10.0,2,grid,-6.6349079541434985,0,0.16
C,3103,8,10.0,2,deterministic,-8.660023707449769,0,2.4
C,3103,8,10.0,2,controller,-10.29734004396212,0,2.89
C,3103,8,10.0,2,nomp2d,-15.798342766109094,159,34.05
C,3103,8,10.0,3,grid,-7.390637193451756,0,0.16
C,3103,8,10.0,3,deterministic,-12.146210248002626,0,2.31
C,3103,8,10.0,3,controller,-11.014424857518485,0,2.81
C,3103,8,10.0,3,nomp2d,-18.078043608114335,151,36.27
C,3103,8,10.0,4,grid,-11.351023148064005,0,0.16
C,3103,8,10.0,4,deterministic,-15.903783899550525,0,2.37
C,3103,8,10.0,4,controller,-14.912974418271293,0,2.89
C,3103,8,10.0,4,nomp2d,-20.656246735636454,160,35.28
C,3103,8,10.0,5,grid,-9.34299066163296,0,0.16
C,3103,8,10.0,5,deterministic,-8.249055560441928,0,2.29
C,3103,8,10.0,5,controller,-11.101767455318575,0,2.78
C,3103,8,10.0,5,nomp2d,-21.879135074101825,153,35.81
C,3103,8,20.0,0,grid,-10.155535041012968,0,0.29
C,3103,8,20.0,0,deterministic,-11.85605160182472,0,2.49
C,3103,8,20.0,0,controller,-11.45341176657581,0,3.03
C,3103,8,20.0,0,nomp2d,-20.79428454075394,151,36.17
C,3103,8,20.0,1,grid,-9.768704653077824,0,0.17
C,3103,8,20.0,1,deterministic,-12.25338092046414,0,2.28
C,3103,8,20.0,1,controller,-11.986430891694578,0,2.77
C,3103,8,20.0,1,nomp2d,-22.76612503140836,157,34.28
C,3103,8,20.0,2,grid,-6.690173538838659,0,0.16
C,3103,8,20.0,2,deterministic,-8.817582220017506,0,2.32
C,3103,8,20.0,2,controller,-9.869234370981763,0,2.8
C,3103,8,20.0,2,nomp2d,-18.989788312367452,160,34.16
C,3103,8,20.0,3,grid,-7.490528192930821,0,0.16
C,3103,8,20.0,3,deterministic,-11.900825091770692,0,2.27
C,3103,8,20.0,3,controller,-11.27150035452581,0,2.74
C,3103,8,20.0,3,nomp2d,-25.011997575270097,151,36.8
C,3103,8,20.0,4,grid,-11.554305171534242,0,0.17
C,3103,8,20.0,4,deterministic,-15.590488191211078,0,2.3
C,3103,8,20.0,4,controller,-14.958971727602526,0,2.81
C,3103,8,20.0,4,nomp2d,-27.295300418209543,154,38.83
C,3103,8,20.0,5,grid,-9.388472325931684,0,0.17
C,3103,8,20.0,5,deterministic,-10.299144124320827,0,2.31
C,3103,8,20.0,5,controller,-11.383821469330634,0,2.82
C,3103,8,20.0,5,nomp2d,-20.7290455025473,157,36.41
C,3103,8,30.0,0,grid,-10.1762862751081,0,0.31
C,3103,8,30.0,0,deterministic,-11.880953663813942,0,2.83
C,3103,8,30.0,0,controller,-11.47913628331272,0,3.43
C,3103,8,30.0,0,nomp2d,-21.21662029245245,151,38.95
C,3103,8,30.0,1,grid,-9.787028203233328,0,0.17
C,3103,8,30.0,1,deterministic,-12.281413435308643,0,2.31
C,3103,8,30.0,1,controller,-12.023733597417632,0,2.84
C,3103,8,30.0,1,nomp2d,-23.716406783980748,153,49.0
C,3103,8,30.0,2,grid,-6.695255001050642,0,0.17
C,3103,8,30.0,2,deterministic,-8.827520090804807,0,2.32
C,3103,8,30.0,2,controller,-9.837317548603657,0,2.83
C,3103,8,30.0,2,nomp2d,-19.178833150016523,162,36.13
C,3103,8,30.0,3,grid,-7.501545346588437,0,0.17
C,3103,8,30.0,3,deterministic,-11.939365862894338,0,2.51
C,3103,8,30.0,3,controller,-11.304620054902685,0,3.06
C,3103,8,30.0,3,nomp2d,-25.97738433385516,154,35.24
C,3103,8,30.0,4,grid,-11.567793714611946,0,0.16
C,3103,8,30.0,4,deterministic,-15.641897865800075,0,2.61
C,3103,8,30.0,4,controller,-14.999816418217534,0,3.15
C,3103,8,30.0,4,nomp2d,-29.335677825142664,156,36.67
C,3103,8,30.0,5,grid,-9.399429085678008,0,0.18
C,3103,8,30.0,5,deterministic,-10.312518795257624,0,2.32
C,3103,8,30.0,5,controller,-11.395206207038115,0,2.85
C,3103,8,30.0,5,nomp2d,-23.87425320616697,156,35.16
C,3103,16,0.0,0,grid,-7.084664402443671,0,0.46
C,3103,16,0.0,0,deterministic,-7.749505309966597,0,4.83
C,3103,16,0.0,0,controller,-7.692851402793169,0,5.72
C,3103,16,0.0,0,nomp2d,-6.071489827308926,504,179.13
C,3103,16,0.0,1,grid,-6.128074681369676,0,0.3
C,3103,16,0.0,1,deterministic,-5.322425472988181,0,4.55
C,3103,16,0.0,1,controller,-6.300224605935117,0,5.38
C,3103,16,0.0,1,nomp2d,-5.416258070890507,430,180.45
C,3103,16,0.0,2,grid,-5.611495865869776,0,0.3
C,3103,16,0.0,2,deterministic,-7.832040763145221,0,4.6
C,3103,16,0.0,2,controller,-8.250886554682369,0,5.44
C,3103,16,0.0,2,nomp2d,-4.576203083651894,469,174.45
C,3103,16,0.0,3,grid,-6.407740644023044,0,0.29
C,3103,16,0.0,3,deterministic,-8.328011908353098,0,4.51
C,3103,16,0.0,3,controller,-8.479981945549243,0,5.33
C,3103,16,0.0,3,nomp2d,-5.25809365814205,492,170.34
C,3103,16,0.0,4,grid,-5.742378341880459,0,0.3
C,3103,16,0.0,4,deterministic,-6.298496853231843,0,4.74
C,3103,16,0.0,4,controller,-6.66943904037632,0,5.55
C,3103,16,0.0,4,nomp2d,-5.087052932836192,465,183.4
C,3103,16,0.0,5,grid,-6.669074288115761,0,0.32
C,3103,16,0.0,5,deterministic,-6.70559008246991,0,5.09
C,3103,16,0.0,5,controller,-7.746358840412636,0,6.0
C,3103,16,0.0,5,nomp2d,-5.924242518764934,449,177.63
C,3103,16,10.0,0,grid,-12.610944032552467,0,0.6
C,3103,16,10.0,0,deterministic,-16.168578025606468,0,5.01
C,3103,16,10.0,0,controller,-16.131189665573455,0,5.9
C,3103,16,10.0,0,nomp2d,-15.094093341461484,504,167.49
C,3103,16,10.0,1,grid,-12.393367753823348,0,0.3
C,3103,16,10.0,1,deterministic,-17.37142519105582,0,4.56
C,3103,16,10.0,1,controller,-16.73416089326458,0,5.38
C,3103,16,10.0,1,nomp2d,-15.387608786167084,473,169.19
C,3103,16,10.0,2,grid,-9.011085028021224,0,0.31
C,3103,16,10.0,2,deterministic,-13.44101599862116,0,4.48
C,3103,16,10.0,2,controller,-13.8225506647077,0,5.29
C,3103,16,10.0,2,nomp2d,-15.648678859609644,468,172.87
C,3103,16,10.0,3,grid,-10.887948432529226,0,0.29
C,3103,16,10.0,3,deterministic,-17.222632159609184,0,4.49
C,3103,16,10.0,3,controller,-17.393348311826426,0,5.29
C,3103,16,10.0,3,nomp2d,-16.203968764146012,473,180.34
C,3103,16,10.0,4,grid,-13.363994694588158,0,0.3
C,3103,16,10.0,4,deterministic,-14.904959794581405,0,4.88
C,3103,16,10.0,4,controller,-14.423753401123493,0,5.76
C,3103,16,10.0,4,nomp2d,-16.041943307450833,498,175.54
C,3103,16,10.0,5,grid,-11.671416251507134,0,0.29
C,3103,16,10.0,5,deterministic,-15.406425015606263,0,4.48
C,3103,16,10.0,5,controller,-16.939045546092615,0,5.31
C,3103,16,10.0,5,nomp2d,-15.432213375502286,439,184.39
C,3103,16,20.0,0,grid,-13.300702602344472,0,0.43
C,3103,16,20.0,0,deterministic,-17.4855320727597,0,4.77
C,3103,16,20.0,0,controller,-16.56583891152666,0,5.62
C,3103,16,20.0,0,nomp2d,-25.994914009212472,433,178.31
C,3103,16,20.0,1,grid,-13.10500816544058,0,0.29
C,3103,16,20.0,1,deterministic,-19.797032169029077,0,4.45
C,3103,16,20.0,1,controller,-18.556165466376164,0,5.26
C,3103,16,20.0,1,nomp2d,-25.127573568472734,476,166.57
C,3103,16,20.0,2,grid,-9.43705504089281,0,0.32
C,3103,16,20.0,2,deterministic,-18.1536855745671,0,4.55
C,3103,16,20.0,2,controller,-18.78151732533591,0,5.33
C,3103,16,20.0,2,nomp2d,-24.678571071298446,467,169.55
C,3103,16,20.0,3,grid,-11.272406780991364,0,0.29
C,3103,16,20.0,3,deterministic,-18.580291329924865,0,4.53
C,3103,16,20.0,3,controller,-19.025325543886094,0,5.34
C,3103,16,20.0,3,nomp2d,-25.31974441814651,448,177.63
C,3103,16,20.0,4,grid,-15.010969976598645,0,0.31
C,3103,16,20.0,4,deterministic,-22.457330013090218,0,4.76
C,3103,16,20.0,4,controller,-19.164428433776834,0,5.58
C,3103,16,20.0,4,nomp2d,-25.39476770676181,429,179.49
C,3103,16,20.0,5,grid,-12.222336623957979,0,0.28
C,3103,16,20.0,5,deterministic,-17.869193722176675,0,4.5
C,3103,16,20.0,5,controller,-18.716085821644587,0,5.31
C,3103,16,20.0,5,nomp2d,-25.451551350666072,450,176.36
C,3103,16,30.0,0,grid,-13.435741295333159,0,0.45
C,3103,16,30.0,0,deterministic,-18.932686241071693,0,4.93
C,3103,16,30.0,0,controller,-20.384936743750266,0,5.78
C,3103,16,30.0,0,nomp2d,-35.54797639814355,471,175.79
C,3103,16,30.0,1,grid,-13.171229208209613,0,0.29
C,3103,16,30.0,1,deterministic,-19.815293492988985,0,4.49
C,3103,16,30.0,1,controller,-18.546395833040087,0,5.31
C,3103,16,30.0,1,nomp2d,-36.79167622890175,494,167.67
C,3103,16,30.0,2,grid,-9.465771541511053,0,0.29
C,3103,16,30.0,2,deterministic,-18.390785922722767,0,4.53
C,3103,16,30.0,2,controller,-19.040463992435047,0,5.37
C,3103,16,30.0,2,nomp2d,-33.35645851404202,507,163.31
C,3103,16,30.0,3,grid,-11.305709633125057,0,0.3
C,3103,16,30.0,3,deterministic,-18.73571615338451,0,4.63
C,3103,16,30.0,3,controller,-19.223151166114658,0,5.46
C,3103,16,30.0,3,nomp2d,-35.0473600060906,496,168.38
C,3103,16,30.0,4,grid,-15.072353180271353,0,0.29
C,3103,16,30.0,4,deterministic,-22.92151002751109,0,4.44
C,3103,16,30.0,4,controller,-19.31581063305323,0,5.29
C,3103,16,30.0,4,nomp2d,-35.82097084904974,467,170.72
C,3103,16,30.0,5,grid,-12.33414594886726,0,0.29
C,3103,16,30.0,5,deterministic,-14.538408008202904,0,4.65
C,3103,16,30.0,5,controller,-14.762753008640974,0,5.46
C,3103,16,30.0,5,nomp2d,-35.05136598021205,474,167.91
D,3101,4,0.0,0,grid,-10.21317053153215,0,0.28
D,3101,4,0.0,0,deterministic,-10.01400415215517,0,1.42
D,3101,4,0.0,0,controller,-10.033885806679312,0,1.84
D,3101,4,0.0,0,nomp2d,-9.953243836917501,29,12.75
D,3101,4,0.0,1,grid,-8.024939019611207,0,0.12
D,3101,4,0.0,1,deterministic,-7.428341904404844,0,1.31
D,3101,4,0.0,1,controller,-7.552427163776452,0,1.71
D,3101,4,0.0,1,nomp2d,-7.422861223878283,30,11.64
D,3101,4,0.0,2,grid,-11.789121409129057,0,0.11
D,3101,4,0.0,2,deterministic,-12.964535727014955,0,1.21
D,3101,4,0.0,2,controller,-12.922274984606565,0,1.57
D,3101,4,0.0,2,nomp2d,-10.952707922898831,38,10.92
D,3101,4,0.0,3,grid,-8.903609268234314,0,0.11
D,3101,4,0.0,3,deterministic,-8.201362747385373,0,1.19
D,3101,4,0.0,3,controller,-8.230370039046788,0,1.54
D,3101,4,0.0,3,nomp2d,-8.094798471838008,29,12.53
D,3101,4,0.0,4,grid,-10.621444509372665,0,0.12
D,3101,4,0.0,4,deterministic,-8.31681202042475,0,1.25
D,3101,4,0.0,4,controller,-8.372079743810117,0,1.69
D,3101,4,0.0,4,nomp2d,-10.533289984899106,32,12.94
D,3101,4,0.0,5,grid,-12.501192434622057,0,0.13
D,3101,4,0.0,5,deterministic,-10.322390539608177,0,1.21
D,3101,4,0.0,5,controller,-11.592016468626019,0,1.59
D,3101,4,0.0,5,nomp2d,-11.392599211976929,42,12.08
D,3101,4,10.0,0,grid,-17.494603877790798,0,0.26
D,3101,4,10.0,0,deterministic,-17.9346996487345,0,1.48
D,3101,4,10.0,0,controller,-19.00914667866312,0,1.91
D,3101,4,10.0,0,nomp2d,-19.04224578678434,38,11.38
D,3101,4,10.0,1,grid,-16.292557452148277,0,0.11
D,3101,4,10.0,1,deterministic,-15.33611606542948,0,1.28
D,3101,4,10.0,1,controller,-15.467387200037477,0,1.66
D,3101,4,10.0,1,nomp2d,-18.27415976184204,36,10.97
D,3101,4,10.0,2,grid,-16.268054594607648,0,0.11
D,3101,4,10.0,2,deterministic,-17.881762824515523,0,1.2
D,3101,4,10.0,2,controller,-17.94721603363233,0,1.56
D,3101,4,10.0,2,nomp2d,-18.076679776958912,41,11.45
D,3101,4,10.0,3,grid,-15.59476752102428,0,0.12
D,3101,4,10.0,3,deterministic,-15.876306606103787,0,1.33
D,3101,4,10.0,3,controller,-15.1501337638389,0,1.81
D,3101,4,10.0,3,nomp2d,-18.1752932383251,42,10.73
D,3101,4,10.0,4,grid,-13.562169997258,0,0.12
D,3101,4,10.0,4,deterministic,-9.873216261975193,0,1.22
D,3101,4,10.0,4,controller,-10.247556473819374,0,1.58
D,3101,4,10.0,4,nomp2d,-17.62080781375525,41,10.35
D,3101,4,10.0,5,grid,-13.568509060859284,0,0.12
D,3101,4,10.0,5,deterministic,-10.729320257766695,0,1.19
D,3101,4,10.0,5,controller,-12.64556318907104,0,1.54
D,3101,4,10.0,5,nomp2d,-16.830514692515454,40,10.36
D,3101,4,20.0,0,grid,-18.49831210568629,0,0.26
D,3101,4,20.0,0,deterministic,-16.00385035032001,0,1.41
D,3101,4,20.0,0,controller,-17.485788991174893,0,1.86
D,3101,4,20.0,0,nomp2d,-20.699704195929904,41,10.49
D,3101,4,20.0,1,grid,-16.57035412118574,0,0.11
D,3101,4,20.0,1,deterministic,-15.54613685386273,0,1.22
D,3101,4,20.0,1,controller,-15.676430758169865,0,1.57
D,3101,4,20.0,1,nomp2d,-19.578320524143436,37,11.15
D,3101,4,20.0,2,grid,-16.411864739503923,0,0.18
D,3101,4,20.0,2,deterministic,-18.15211433920816,0,1.37
D,3101,4,20.0,2,controller,-18.111981043457828,0,1.86
D,3101,4,20.0,2,nomp2d,-21.786083295716136,41,11.75
D,3101,4,20.0,3,grid,-15.803975107837223,0,0.12
D,3101,4,20.0,3,deterministic,-16.142648137241768,0,1.24
D,3101,4,20.0,3,controller,-15.1854789874905,0,1.64
D,3101,4,20.0,3,nomp2d,-18.765209186497188,41,10.3
D,3101,4,20.0,4,grid,-13.83585725896184,0,0.11
D,3101,4,20.0,4,deterministic,-9.941428229477152,0,1.2
D,3101,4,20.0,4,controller,-10.361126402581968,0,1.55
D,3101,4,20.0,4,nomp2d,-18.770801915073402,42,10.37
D,3101,4,20.0,5,grid,-13.564992673891592,0,0.15
D,3101,4,20.0,5,deterministic,-12.177561943911101,0,1.26
D,3101,4,20.0,5,controller,-14.143016885430498,0,1.61
D,3101,4,20.0,5,nomp2d,-17.503106013391484,42,10.54
D,3101,4,30.0,0,grid,-18.501610965448066,0,0.3
D,3101,4,30.0,0,deterministic,-16.008183440487795,0,1.62
D,3101,4,30.0,0,controller,-17.489602591310536,0,2.04
D,3101,4,30.0,0,nomp2d,-20.750811950403047,42,10.76
D,3101,4,30.0,1,grid,-16.608180928390638,0,0.11
D,3101,4,30.0,1,deterministic,-15.563947804135267,0,1.18
D,3101,4,30.0,1,controller,-15.701964758023808,0,1.57
D,3101,4,30.0,1,nomp2d,-19.69426306207632,37,12.35
D,3101,4,30.0,2,grid,-16.442693629272732,0,0.12
D,3101,4,30.0,2,deterministic,-18.206100043963012,0,1.24
D,3101,4,30.0,2,controller,-18.156518836066233,0,1.63
D,3101,4,30.0,2,nomp2d,-22.120886464017797,40,10.5
D,3101,4,30.0,3,grid,-15.81561166379604,0,0.11
D,3101,4,30.0,3,deterministic,-16.185833793327774,0,1.21
D,3101,4,30.0,3,controller,-15.411493705861265,0,1.58
D,3101,4,30.0,3,nomp2d,-18.785595086397667,42,10.6
D,3101,4,30.0,4,grid,-13.861106538110706,0,0.12
D,3101,4,30.0,4,deterministic,-9.949155035753,0,1.39
D,3101,4,30.0,4,controller,-10.369989236404836,0,1.78
D,3101,4,30.0,4,nomp2d,-18.872515493192786,41,11.2
D,3101,4,30.0,5,grid,-13.713198807312626,0,0.12
D,3101,4,30.0,5,deterministic,-10.82553659328023,0,1.2
D,3101,4,30.0,5,controller,-12.761913892278294,0,1.59
D,3101,4,30.0,5,nomp2d,-17.581922649065643,41,10.12
D,3101,8,0.0,0,grid,-8.853994980774045,0,0.33
D,3101,8,0.0,0,deterministic,-8.197980852218613,0,2.56
D,3101,8,0.0,0,controller,-8.527822078242203,0,3.12
D,3101,8,0.0,0,nomp2d,-7.498949342686629,116,44.86
D,3101,8,0.0,1,grid,-7.904879638279166,0,0.21
D,3101,8,0.0,1,deterministic,-8.170506034828291,0,2.52
D,3101,8,0.0,1,controller,-8.564024505931041,0,3.09
D,3101,8,0.0,1,nomp2d,-7.279942969869615,126,39.03
D,3101,8,0.0,2,grid,-8.59510913938979,0,0.17
D,3101,8,0.0,2,deterministic,-7.20879028414969,0,2.31
D,3101,8,0.0,2,controller,-7.351471444604765,0,2.81
D,3101,8,0.0,2,nomp2d,-7.5497849073529855,113,40.71
D,3101,8,0.0,3,grid,-7.522739370281641,0,0.2
D,3101,8,0.0,3,deterministic,-6.891803005166014,0,2.41
D,3101,8,0.0,3,controller,-7.342889025553166,0,2.91
D,3101,8,0.0,3,nomp2d,-6.900379993085368,106,43.31
D,3101,8,0.0,4,grid,-7.513415328684745,0,0.17
D,3101,8,0.0,4,deterministic,-6.151809564878072,0,2.37
D,3101,8,0.0,4,controller,-6.273323088575714,0,2.88
D,3101,8,0.0,4,nomp2d,-7.12090693284889,109,42.59
D,3101,8,0.0,5,grid,-7.577180791263317,0,0.17
D,3101,8,0.0,5,deterministic,-6.248457129805173,0,2.31
D,3101,8,0.0,5,controller,-7.379585657743947,0,2.8
D,3101,8,0.0,5,nomp2d,-6.280069004279213,123,40.7
D,3101,8,10.0,0,grid,-18.038230709466642,0,0.33
D,3101,8,10.0,0,deterministic,-16.52566988841578,0,2.63
D,3101,8,10.0,0,controller,-17.226975319622728,0,3.18
D,3101,8,10.0,0,nomp2d,-17.09849303880398,144,37.57
D,3101,8,10.0,1,grid,-16.853746528093158,0,0.18
D,3101,8,10.0,1,deterministic,-15.099573184244424,0,2.34
D,3101,8,10.0,1,controller,-16.098045582857054,0,2.86
D,3101,8,10.0,1,nomp2d,-16.382943245763357,118,39.83
D,3101,8,10.0,2,grid,-17.226363642584918,0,0.17
D,3101,8,10.0,2,deterministic,-17.596555537742663,0,2.25
D,3101,8,10.0,2,controller,-16.043584369496223,0,2.74
D,3101,8,10.0,2,nomp2d,-16.369376265448366,115,40.06
D,3101,8,10.0,3,grid,-16.44239454483892,0,0.17
D,3101,8,10.0,3,deterministic,-16.93741242067152,0,2.35
D,3101,8,10.0,3,controller,-16.81376867288796,0,2.85
D,3101,8,10.0,3,nomp2d,-16.74858861523163,137,39.77
D,3101,8,10.0,4,grid,-17.034793552192802,0,0.17
D,3101,8,10.0,4,deterministic,-17.19710954962378,0,2.72
D,3101,8,10.0,4,controller,-16.337507083158034,0,3.43
D,3101,8,10.0,4,nomp2d,-16.405867020388033,140,37.91
D,3101,8,10.0,5,grid,-15.024696325734112,0,0.16
D,3101,8,10.0,5,deterministic,-13.86257749650262,0,2.42
D,3101,8,10.0,5,controller,-14.623090213809347,0,2.95
D,3101,8,10.0,5,nomp2d,-16.91796340153635,140,37.9
D,3101,8,20.0,0,grid,-21.22453427986069,0,0.29
D,3101,8,20.0,0,deterministic,-19.57360692634617,0,2.59
D,3101,8,20.0,0,controller,-21.75010470733548,0,3.14
D,3101,8,20.0,0,nomp2d,-24.122298053816735,130,40.54
D,3101,8,20.0,1,grid,-19.671751226321252,0,0.22
D,3101,8,20.0,1,deterministic,-16.434602053428993,0,2.37
D,3101,8,20.0,1,controller,-20.360397988059724,0,2.87
D,3101,8,20.0,1,nomp2d,-24.451220457487967,138,40.73
D,3101,8,20.0,2,grid,-19.393668131253534,0,0.19
D,3101,8,20.0,2,deterministic,-20.938618375536215,0,2.43
D,3101,8,20.0,2,controller,-18.174118091002033,0,2.98
D,3101,8,20.0,2,nomp2d,-24.655825455014458,137,41.73
D,3101,8,20.0,3,grid,-18.538451220855208,0,0.17
D,3101,8,20.0,3,deterministic,-17.992936488163487,0,2.32
D,3101,8,20.0,3,controller,-17.20679954901972,0,2.85
D,3101,8,20.0,3,nomp2d,-24.963404221534795,142,38.08
D,3101,8,20.0,4,grid,-18.452491093253528,0,0.17
D,3101,8,20.0,4,deterministic,-17.233405988036672,0,2.28
D,3101,8,20.0,4,controller,-19.095507171297175,0,2.78
D,3101,8,20.0,4,nomp2d,-22.36218713799341,129,41.72
D,3101,8,20.0,5,grid,-16.716285337132486,0,0.17
D,3101,8,20.0,5,deterministic,-14.59061705975962,0,2.34
D,3101,8,20.0,5,controller,-16.668432706700344,0,2.85
D,3101,8,20.0,5,nomp2d,-24.986930049923387,138,43.21
D,3101,8,30.0,0,grid,-21.45313636212926,0,0.31
D,3101,8,30.0,0,deterministic,-18.9821647680443,0,2.5
D,3101,8,30.0,0,controller,-21.09228011925941,0,3.07
D,3101,8,30.0,0,nomp2d,-24.73926139046858,130,41.19
D,3101,8,30.0,1,grid,-19.87210618155884,0,0.17
D,3101,8,30.0,1,deterministic,-19.344169590128338,0,2.29
D,3101,8,30.0,1,controller,-21.230058505407733,0,2.82
D,3101,8,30.0,1,nomp2d,-27.197806495698167,134,38.18
D,3101,8,30.0,2,grid,-19.75229799885523,0,0.19
D,3101,8,30.0,2,deterministic,-20.377570909170263,0,2.42
D,3101,8,30.0,2,controller,-17.56072370584148,0,2.93
D,3101,8,30.0,2,nomp2d,-26.389716541908413,128,39.84
D,3101,8,30.0,3,grid,-18.619837863116736,0,0.18
D,3101,8,30.0,3,deterministic,-18.47263981204722,0,2.3
D,3101,8,30.0,3,controller,-17.664019155446745,0,2.81
D,3101,8,30.0,3,nomp2d,-25.510097424231716,142,37.45
D,3101,8,30.0,4,grid,-18.54263613809049,0,0.18
D,3101,8,30.0,4,deterministic,-17.30112453029342,0,2.36
D,3101,8,30.0,4,controller,-19.1947081793129,0,3.05
D,3101,8,30.0,4,nomp2d,-24.485649453389577,135,38.17
D,3101,8,30.0,5,grid,-16.797141357330133,0,0.17
D,3101,8,30.0,5,deterministic,-14.595570899931316,0,2.28
D,3101,8,30.0,5,controller,-16.3301475990982,0,2.82
D,3101,8,30.0,5,nomp2d,-25.51747721366603,134,36.99
D,3101,16,0.0,0,grid,-6.3854820430698735,0,0.46
D,3101,16,0.0,0,deterministic,-5.882497071249877,0,4.87
D,3101,16,0.0,0,controller,-6.236415930852416,0,5.84
D,3101,16,0.0,0,nomp2d,-5.642479874076013,455,179.54
D,3101,16,0.0,1,grid,-6.981248799706014,0,0.3
D,3101,16,0.0,1,deterministic,-6.3957988425523755,0,4.64
D,3101,16,0.0,1,controller,-7.127447127928912,0,5.49
D,3101,16,0.0,1,nomp2d,-5.940951563260839,461,172.53
D,3101,16,0.0,2,grid,-6.761511604419697,0,0.29
D,3101,16,0.0,2,deterministic,-6.951359931942931,0,4.53
D,3101,16,0.0,2,controller,-6.480876384702503,0,5.34
D,3101,16,0.0,2,nomp2d,-5.720840106362292,471,169.79
D,3101,16,0.0,3,grid,-6.3988919612656225,0,0.3
D,3101,16,0.0,3,deterministic,-5.561714967553519,0,4.5
D,3101,16,0.0,3,controller,-6.088385409188495,0,5.32
D,3101,16,0.0,3,nomp2d,-5.033188389440769,441,173.86
D,3101,16,0.0,4,grid,-6.83342605461048,0,0.29
D,3101,16,0.0,4,deterministic,-6.420699233444287,0,4.47
D,3101,16,0.0,4,controller,-6.03486203116831,0,5.28
D,3101,16,0.0,4,nomp2d,-5.530188711585453,458,175.31
D,3101,16,0.0,5,grid,-5.56376186931793,0,0.3
D,3101,16,0.0,5,deterministic,-5.187174904511638,0,4.52
D,3101,16,0.0,5,controller,-5.5352022848099764,0,5.38
D,3101,16,0.0,5,nomp2d,-4.985799038748483,447,172.82
D,3101,16,10.0,0,grid,-15.67217295793921,0,0.45
D,3101,16,10.0,0,deterministic,-14.645318203844273,0,4.85
D,3101,16,10.0,0,controller,-15.144561568895634,0,5.8
D,3101,16,10.0,0,nomp2d,-15.007225699755988,452,178.32
D,3101,16,10.0,1,grid,-15.953861013516551,0,0.3
D,3101,16,10.0,1,deterministic,-15.052434760628795,0,4.54
D,3101,16,10.0,1,controller,-16.19661956238621,0,5.36
D,3101,16,10.0,1,nomp2d,-14.159223721881197,476,170.09
D,3101,16,10.0,2,grid,-16.234752665430236,0,0.29
D,3101,16,10.0,2,deterministic,-16.547595177260966,0,4.51
D,3101,16,10.0,2,controller,-14.93577292926121,0,5.29
D,3101,16,10.0,2,nomp2d,-14.982483652554947,419,174.09
D,3101,16,10.0,3,grid,-16.977521406401085,0,0.31
D,3101,16,10.0,3,deterministic,-16.780372091598267,0,4.52
D,3101,16,10.0,3,controller,-16.5447204307805,0,5.32
D,3101,16,10.0,3,nomp2d,-15.650721111275306,499,164.63
D,3101,16,10.0,4,grid,-17.527929087283177,0,0.46
D,3101,16,10.0,4,deterministic,-17.07216011135569,0,4.84
D,3101,16,10.0,4,controller,-17.465474487781538,0,5.67
D,3101,16,10.0,4,nomp2d,-15.826439586764597,487,165.23
D,3101,16,10.0,5,grid,-16.827247225875425,0,0.29
D,3101,16,10.0,5,deterministic,-16.407048168888362,0,4.84
D,3101,16,10.0,5,controller,-16.885353762230718,0,5.68
D,3101,16,10.0,5,nomp2d,-15.8491241008015,435,175.62
D,3101,16,20.0,0,grid,-24.424857567538737,0,0.47
D,3101,16,20.0,0,deterministic,-20.700930602593747,0,4.84
D,3101,16,20.0,0,controller,-23.651276414747944,0,5.73
D,3101,16,20.0,0,nomp2d,-27.29063832638134,475,172.95
D,3101,16,20.0,1,grid,-23.29353456927114,0,0.29
D,3101,16,20.0,1,deterministic,-23.609168718380772,0,4.45
D,3101,16,20.0,1,controller,-23.300428327900775,0,5.25
D,3101,16,20.0,1,nomp2d,-28.338605012284575,509,160.11
D,3101,16,20.0,2,grid,-23.112538965111895,0,0.28
D,3101,16,20.0,2,deterministic,-24.84189236349625,0,4.5
D,3101,16,20.0,2,controller,-19.706544593920285,0,5.3
D,3101,16,20.0,2,nomp2d,-25.41572520641663,480,173.3
D,3101,16,20.0,3,grid,-22.694917797726866,0,0.3
D,3101,16,20.0,3,deterministic,-22.601963232225472,0,4.49
D,3101,16,20.0,3,controller,-20.97150629688993,0,5.31
D,3101,16,20.0,3,nomp2d,-26.671648183686933,503,162.14
D,3101,16,20.0,4,grid,-21.750280814650125,0,0.3
D,3101,16,20.0,4,deterministic,-21.68497264985396,0,4.44
D,3101,16,20.0,4,controller,-23.84325795030909,0,5.22
D,3101,16,20.0,4,nomp2d,-24.82466904315264,441,173.11
D,3101,16,20.0,5,grid,-20.755973793535574,0,0.32
D,3101,16,20.0,5,deterministic,-21.80410633485407,0,4.48
D,3101,16,20.0,5,controller,-20.629795283880675,0,5.29
D,3101,16,20.0,5,nomp2d,-25.074912569893037,410,176.28
D,3101,16,30.0,0,grid,-25.117428355612297,0,0.47
D,3101,16,30.0,0,deterministic,-20.930475211702195,0,4.82
D,3101,16,30.0,0,controller,-24.49345367164569,0,5.7
D,3101,16,30.0,0,nomp2d,-35.40057064351547,503,169.4
D,3101,16,30.0,1,grid,-23.794310148400374,0,0.29
D,3101,16,30.0,1,deterministic,-24.069823284430058,0,4.57
D,3101,16,30.0,1,controller,-23.526577732585725,0,5.38
D,3101,16,30.0,1,nomp2d,-36.48587862084657,481,168.63
D,3101,16,30.0,2,grid,-23.963929999079575,0,0.29
D,3101,16,30.0,2,deterministic,-25.471926473479456,0,4.46
D,3101,16,30.0,2,controller,-19.04423436742037,0,5.24
D,3101,16,30.0,2,nomp2d,-35.30126320378104,479,174.23
D,3101,16,30.0,3,grid,-23.098476343048038,0,0.3
D,3101,16,30.0,3,deterministic,-23.161427891428012,0,4.49
D,3101,16,30.0,3,controller,-21.290760218096167,0,5.32
D,3101,16,30.0,3,nomp2d,-36.45901400782873,494,162.97
D,3101,16,30.0,4,grid,-22.5496584438686,0,0.3
D,3101,16,30.0,4,deterministic,-21.74456875903661,0,5.2
D,3101,16,30.0,4,controller,-24.286129325005746,0,6.07
D,3101,16,30.0,4,nomp2d,-35.46671841825432,493,165.53
D,3101,16,30.0,5,grid,-21.36539609654326,0,0.29
D,3101,16,30.0,5,deterministic,-19.697509759614736,0,4.51
D,3101,16,30.0,5,controller,-19.874632580290232,0,5.3
D,3101,16,30.0,5,nomp2d,-34.93562070888176,445,173.59
D,3102,4,0.0,0,grid,-10.589776340624233,0,0.22
D,3102,4,0.0,0,deterministic,-9.83647926552391,0,1.39
D,3102,4,0.0,0,controller,-10.51645791267341,0,1.81
D,3102,4,0.0,0,nomp2d,-9.225049966915632,33,11.88
D,3102,4,0.0,1,grid,-10.708495749757018,0,0.12
D,3102,4,0.0,1,deterministic,-10.091971686835858,0,1.22
D,3102,4,0.0,1,controller,-11.38776960133875,0,1.57
D,3102,4,0.0,1,nomp2d,-11.127009848178613,37,11.54
D,3102,4,0.0,2,grid,-14.60500241930648,0,0.12
D,3102,4,0.0,2,deterministic,-12.99211886892666,0,1.25
D,3102,4,0.0,2,controller,-12.626309869692973,0,1.64
D,3102,4,0.0,2,nomp2d,-11.111857420569635,41,10.54
D,3102,4,0.0,3,grid,-9.505245527962183,0,0.13
D,3102,4,0.0,3,deterministic,-9.648384878648152,0,1.21
D,3102,4,0.0,3,controller,-9.967291171819404,0,1.59
D,3102,4,0.0,3,nomp2d,-9.180435383368424,32,11.56
D,3102,4,0.0,4,grid,-11.78393090118589,0,0.11
D,3102,4,0.0,4,deterministic,-9.906368639755026,0,1.2
D,3102,4,0.0,4,controller,-9.925788632770868,0,1.56
D,3102,4,0.0,4,nomp2d,-10.642556747870168,33,11.68
D,3102,4,0.0,5,grid,-10.595186480558818,0,0.11
D,3102,4,0.0,5,deterministic,-8.934455571174066,0,1.17
D,3102,4,0.0,5,controller,-10.608336181993838,0,1.54
D,3102,4,0.0,5,nomp2d,-8.717943230535605,35,11.38
D,3102,4,10.0,0,grid,-17.87576328010771,0,0.24
D,3102,4,10.0,0,deterministic,-17.74447035107282,0,1.43
D,3102,4,10.0,0,controller,-17.728176188687613,0,2.02
D,3102,4,10.0,0,nomp2d,-19.747577744194253,41,11.32
D,3102,4,10.0,1,grid,-15.764850231373014,0,0.12
D,3102,4,10.0,1,deterministic,-13.414610793530509,0,1.24
D,3102,4,10.0,1,controller,-15.03863192834747,0,1.65
D,3102,4,10.0,1,nomp2d,-18.718679241155165,37,10.96
D,3102,4,10.0,2,grid,-18.413829067813406,0,0.11
D,3102,4,10.0,2,deterministic,-19.481716331888798,0,1.24
D,3102,4,10.0,2,controller,-19.471892032547697,0,1.59
D,3102,4,10.0,2,nomp2d,-19.386955415745362,36,11.09
D,3102,4,10.0,3,grid,-15.788327411080452,0,0.11
D,3102,4,10.0,3,deterministic,-16.32687541043149,0,1.19
D,3102,4,10.0,3,controller,-16.169366058606215,0,1.56
D,3102,4,10.0,3,nomp2d,-17.38047929934643,40,10.7
D,3102,4,10.0,4,grid,-14.125071727349711,0,0.16
D,3102,4,10.0,4,deterministic,-14.258600680190789,0,1.41
D,3102,4,10.0,4,controller,-13.931547154414162,0,1.83
D,3102,4,10.0,4,nomp2d,-17.32009310326776,39,11.27
D,3102,4,10.0,5,grid,-13.452330613103358,0,0.12
D,3102,4,10.0,5,deterministic,-11.044756311048722,0,1.21
D,3102,4,10.0,5,controller,-12.565661820235835,0,1.6
D,3102,4,10.0,5,nomp2d,-14.958785312840597,39,10.86
D,3102,4,20.0,0,grid,-18.390153415341043,0,0.25
D,3102,4,20.0,0,deterministic,-18.24730038686346,0,1.42
D,3102,4,20.0,0,controller,-18.208748121468417,0,1.86
D,3102,4,20.0,0,nomp2d,-21.187221477875383,40,11.8
D,3102,4,20.0,1,grid,-15.629029862008343,0,0.12
D,3102,4,20.0,1,deterministic,-14.020208122190978,0,1.19
D,3102,4,20.0,1,controller,-15.922147840587801,0,1.55
D,3102,4,20.0,1,nomp2d,-19.64327735536729,37,10.97
D,3102,4,20.0,2,grid,-19.52566933444742,0,0.11
D,3102,4,20.0,2,deterministic,-19.403376822980086,0,1.22
D,3102,4,20.0,2,controller,-19.174056261887085,0,1.58
D,3102,4,20.0,2,nomp2d,-23.184920917860747,39,10.43
D,3102,4,20.0,3,grid,-16.34434531300769,0,0.12
D,3102,4,20.0,3,deterministic,-16.727272016654993,0,1.23
D,3102,4,20.0,3,controller,-16.130900947573032,0,1.59
D,3102,4,20.0,3,nomp2d,-18.593389961519406,42,10.24
D,3102,4,20.0,4,grid,-14.457673762198828,0,0.11
D,3102,4,20.0,4,deterministic,-14.230160939219104,0,1.26
D,3102,4,20.0,4,controller,-13.435064439619515,0,1.61
D,3102,4,20.0,4,nomp2d,-17.783848553038908,40,10.33
D,3102,4,20.0,5,grid,-13.597806241794963,0,0.1
D,3102,4,20.0,5,deterministic,-11.116823419510364,0,1.18
D,3102,4,20.0,5,controller,-12.630933602460528,0,1.53
D,3102,4,20.0,5,nomp2d,-15.111321303007486,41,10.82
D,3102,4,30.0,0,grid,-18.427662495272624,0,0.24
D,3102,4,30.0,0,deterministic,-18.785847776020915,0,1.4
D,3102,4,30.0,0,controller,-18.983455365019616,0,1.86
D,3102,4,30.0,0,nomp2d,-21.22903504591386,40,11.31
D,3102,4,30.0,1,grid,-16.085896157004015,0,0.14
D,3102,4,30.0,1,deterministic,-13.922007296849245,0,1.27
D,3102,4,30.0,1,controller,-15.650837662791169,0,1.65
D,3102,4,30.0,1,nomp2d,-19.74686820714799,38,11.03
D,3102,4,30.0,2,grid,-19.57756476121323,0,0.11
D,3102,4,30.0,2,deterministic,-19.5123202242633,0,1.21
D,3102,4,30.0,2,controller,-19.207504466726547,0,1.57
D,3102,4,30.0,2,nomp2d,-23.31717431769046,39,10.51
D,3102,4,30.0,3,grid,-16.369376823018577,0,0.11
D,3102,4,30.0,3,deterministic,-16.758022461111803,0,1.2
D,3102,4,30.0,3,controller,-16.1477559485986,0,1.57
D,3102,4,30.0,3,nomp2d,-18.765405264665183,40,10.19
D,3102,4,30.0,4,grid,-14.554204104581876,0,0.1
D,3102,4,30.0,4,deterministic,-11.259604658198153,0,1.19
D,3102,4,30.0,4,controller,-11.506462572848344,0,1.54
D,3102,4,30.0,4,nomp2d,-17.91365697681347,39,11.75
D,3102,4,30.0,5,grid,-13.617781010921915,0,0.13
D,3102,4,30.0,5,deterministic,-11.129403803015183,0,1.3
D,3102,4,30.0,5,controller,-12.644135257773137,0,1.69
D,3102,4,30.0,5,nomp2d,-15.17907621197266,41,11.86
D,3102,8,0.0,0,grid,-7.947409862539324,0,0.31
D,3102,8,0.0,0,deterministic,-8.303580965678709,0,2.53
D,3102,8,0.0,0,controller,-8.722495094137056,0,3.09
D,3102,8,0.0,0,nomp2d,-7.68454791381224,120,39.21
D,3102,8,0.0,1,grid,-8.484652205560836,0,0.17
D,3102,8,0.0,1,deterministic,-7.3914822573008445,0,2.3
D,3102,8,0.0,1,controller,-7.875503974268101,0,2.8
D,3102,8,0.0,1,nomp2d,-7.934071810197021,129,39.85
D,3102,8,0.0,2,grid,-9.865695087865468,0,0.19
D,3102,8,0.0,2,deterministic,-9.34182286998288,0,2.46
D,3102,8,0.0,2,controller,-9.151803619802704,0,3.02
D,3102,8,0.0,2,nomp2d,-8.443579133091333,118,41.77
D,3102,8,0.0,3,grid,-8.352353469013444,0,0.17
D,3102,8,0.0,3,deterministic,-7.448048089417671,0,2.31
D,3102,8,0.0,3,controller,-7.651419207577116,0,2.82
D,3102,8,0.0,3,nomp2d,-7.2655761681939275,127,38.33
D,3102,8,0.0,4,grid,-9.745465348418712,0,0.18
D,3102,8,0.0,4,deterministic,-7.996177361240803,0,2.3
D,3102,8,0.0,4,controller,-8.071972975706817,0,2.81
D,3102,8,0.0,4,nomp2d,-8.489713049509579,120,39.39
D,3102,8,0.0,5,grid,-7.9590071435925385,0,0.17
D,3102,8,0.0,5,deterministic,-7.308755565726167,0,2.33
D,3102,8,0.0,5,controller,-7.892320383096142,0,2.83
D,3102,8,0.0,5,nomp2d,-7.64856004090411,119,42.01
D,3102,8,10.0,0,grid,-16.449518557512008,0,0.31
D,3102,8,10.0,0,deterministic,-15.917915679771673,0,2.94
D,3102,8,10.0,0,controller,-16.317057777371893,0,3.53
D,3102,8,10.0,0,nomp2d,-17.021161575709076,129,39.45
D,3102,8,10.0,1,grid,-17.559649901497224,0,0.19
D,3102,8,10.0,1,deterministic,-14.754482616415025,0,2.42
D,3102,8,10.0,1,controller,-16.284890701235476,0,2.97
D,3102,8,10.0,1,nomp2d,-18.094438374455926,133,37.12
D,3102,8,10.0,2,grid,-17.231715894651913,0,0.16
D,3102,8,10.0,2,deterministic,-17.203922270223618,0,2.28
D,3102,8,10.0,2,controller,-15.360692343965967,0,2.77
D,3102,8,10.0,2,nomp2d,-17.071885310759946,119,41.2
D,3102,8,10.0,3,grid,-15.729395077831203,0,0.18
D,3102,8,10.0,3,deterministic,-16.41497889075919,0,2.31
D,3102,8,10.0,3,controller,-16.282389913479197,0,2.81
D,3102,8,10.0,3,nomp2d,-16.704234858376942,147,35.71
D,3102,8,10.0,4,grid,-16.087823410351813,0,0.16
D,3102,8,10.0,4,deterministic,-15.825413383262168,0,2.25
D,3102,8,10.0,4,controller,-14.940572870825939,0,2.76
D,3102,8,10.0,4,nomp2d,-16.64756192634707,127,38.03
D,3102,8,10.0,5,grid,-15.662922531373738,0,0.19
D,3102,8,10.0,5,deterministic,-13.79550335502631,0,2.28
D,3102,8,10.0,5,controller,-15.16109719842818,0,2.76
D,3102,8,10.0,5,nomp2d,-17.341387208931263,133,38.2
D,3102,8,20.0,0,grid,-20.476020371841553,0,0.32
D,3102,8,20.0,0,deterministic,-20.396262974677416,0,2.52
D,3102,8,20.0,0,controller,-20.279962290055195,0,3.07
D,3102,8,20.0,0,nomp2d,-25.35464359670455,137,36.76
D,3102,8,20.0,1,grid,-19.97578909170267,0,0.16
D,3102,8,20.0,1,deterministic,-17.06259795630206,0,2.26
D,3102,8,20.0,1,controller,-18.228208033307496,0,2.76
D,3102,8,20.0,1,nomp2d,-25.35282933849979,136,36.93
D,3102,8,20.0,2,grid,-21.98417208227545,0,0.16
D,3102,8,20.0,2,deterministic,-22.151843707610567,0,2.31
D,3102,8,20.0,2,controller,-18.81515893197548,0,2.81
D,3102,8,20.0,2,nomp2d,-25.426373302080947,136,37.25
D,3102,8,20.0,3,grid,-19.248251079067764,0,0.19
D,3102,8,20.0,3,deterministic,-19.56632181467198,0,2.36
D,3102,8,20.0,3,controller,-19.170884923087907,0,2.89
D,3102,8,20.0,3,nomp2d,-26.006609382069147,140,36.15
D,3102,8,20.0,4,grid,-18.173968339601323,0,0.17
D,3102,8,20.0,4,deterministic,-16.328295001134087,0,2.25
D,3102,8,20.0,4,controller,-17.838102676991205,0,2.78
D,3102,8,20.0,4,nomp2d,-22.194311985631707,139,37.98
D,3102,8,20.0,5,grid,-16.146276439562396,0,0.18
D,3102,8,20.0,5,deterministic,-13.821471141123482,0,2.27
D,3102,8,20.0,5,controller,-15.241159791787384,0,2.81
D,3102,8,20.0,5,nomp2d,-22.84661841583144,137,39.36
D,3102,8,30.0,0,grid,-20.606220432286072,0,0.31
D,3102,8,30.0,0,deterministic,-19.389945556913766,0,2.53
D,3102,8,30.0,0,controller,-19.650533898944282,0,3.09
D,3102,8,30.0,0,nomp2d,-26.321861843661885,131,41.99
D,3102,8,30.0,1,grid,-20.48548870953029,0,0.18
D,3102,8,30.0,1,deterministic,-18.28167894149884,0,2.32
D,3102,8,30.0,1,controller,-18.611144319910352,0,2.82
D,3102,8,30.0,1,nomp2d,-25.89313006222862,132,37.53
D,3102,8,30.0,2,grid,-22.692289813627657,0,0.17
D,3102,8,30.0,2,deterministic,-21.773187665875202,0,2.26
D,3102,8,30.0,2,controller,-18.772939562850027,0,2.74
D,3102,8,30.0,2,nomp2d,-28.852738257787305,134,36.92
D,3102,8,30.0,3,grid,-19.333451009746568,0,0.17
D,3102,8,30.0,3,deterministic,-19.696323007795833,0,2.26
D,3102,8,30.0,3,controller,-19.103147847021468,0,2.76
D,3102,8,30.0,3,nomp2d,-27.029832087646504,144,36.12
D,3102,8,30.0,4,grid,-18.23232230704644,0,0.16
D,3102,8,30.0,4,deterministic,-16.375178678717443,0,2.26
D,3102,8,30.0,4,controller,-17.855844403307724,0,2.74
D,3102,8,30.0,4,nomp2d,-23.852926543258985,136,36.74
D,3102,8,30.0,5,grid,-16.404137002518617,0,0.16
D,3102,8,30.0,5,deterministic,-14.665738170080536,0,2.5
D,3102,8,30.0,5,controller,-15.569237818830766,0,3.12
D,3102,8,30.0,5,nomp2d,-23.207329700006312,136,38.23
D,3102,16,0.0,0,grid,-6.339422832533948,0,0.54
D,3102,16,0.0,0,deterministic,-6.014232196828483,0,4.88
D,3102,16,0.0,0,controller,-6.477637582306622,0,5.79
D,3102,16,0.0,0,nomp2d,-5.169309362052373,507,170.11
D,3102,16,0.0,1,grid,-6.645553681780534,0,0.3
D,3102,16,0.0,1,deterministic,-6.370840283650602,0,4.59
D,3102,16,0.0,1,controller,-6.632335395783815,0,5.41
D,3102,16,0.0,1,nomp2d,-5.351895272563048,491,165.33
D,3102,16,0.0,2,grid,-5.577016304435918,0,0.3
D,3102,16,0.0,2,deterministic,-5.211070486490169,0,4.48
D,3102,16,0.0,2,controller,-5.41285285475775,0,5.27
D,3102,16,0.0,2,nomp2d,-4.513599224713445,425,177.67
D,3102,16,0.0,3,grid,-5.800962441437127,0,0.29
D,3102,16,0.0,3,deterministic,-5.143977619661247,0,4.48
D,3102,16,0.0,3,controller,-5.624156938729819,0,5.31
D,3102,16,0.0,3,nomp2d,-5.040946818044318,470,169.47
D,3102,16,0.0,4,grid,-6.296247613806787,0,0.3
D,3102,16,0.0,4,deterministic,-6.349545235164006,0,4.5
D,3102,16,0.0,4,controller,-6.008080119844137,0,5.29
D,3102,16,0.0,4,nomp2d,-5.225827201105863,460,172.67
D,3102,16,0.0,5,grid,-6.80516819831698,0,0.32
D,3102,16,0.0,5,deterministic,-6.450714462176035,0,4.47
D,3102,16,0.0,5,controller,-6.713651535363412,0,5.26
D,3102,16,0.0,5,nomp2d,-5.704835959732318,502,163.89
D,3102,16,10.0,0,grid,-15.496695951280252,0,0.43
D,3102,16,10.0,0,deterministic,-15.169767622106301,0,4.76
D,3102,16,10.0,0,controller,-15.501031325277946,0,5.61
D,3102,16,10.0,0,nomp2d,-15.06078729761866,434,181.98
D,3102,16,10.0,1,grid,-16.87854501136495,0,0.3
D,3102,16,10.0,1,deterministic,-15.032523310564647,0,4.68
D,3102,16,10.0,1,controller,-15.329558825289496,0,5.54
D,3102,16,10.0,1,nomp2d,-15.657714654649762,425,174.19
D,3102,16,10.0,2,grid,-15.43416283508117,0,0.29
D,3102,16,10.0,2,deterministic,-15.555623546025263,0,4.49
D,3102,16,10.0,2,controller,-13.94194819175773,0,5.28
D,3102,16,10.0,2,nomp2d,-14.418471878145633,435,173.2
D,3102,16,10.0,3,grid,-16.080227972839737,0,0.29
D,3102,16,10.0,3,deterministic,-14.886921272199045,0,4.48
D,3102,16,10.0,3,controller,-15.477080796480227,0,5.27
D,3102,16,10.0,3,nomp2d,-15.874615252237218,434,173.55
D,3102,16,10.0,4,grid,-14.544852011195665,0,0.29
D,3102,16,10.0,4,deterministic,-13.946053012552497,0,4.53
D,3102,16,10.0,4,controller,-12.8720121300171,0,5.32
D,3102,16,10.0,4,nomp2d,-14.794480049493139,432,175.71
D,3102,16,10.0,5,grid,-16.09102247087857,0,0.3
D,3102,16,10.0,5,deterministic,-13.377557482151499,0,4.48
D,3102,16,10.0,5,controller,-14.803022179575693,0,5.29
D,3102,16,10.0,5,nomp2d,-15.892091551730969,456,173.57
D,3102,16,20.0,0,grid,-24.32491756785527,0,0.49
D,3102,16,20.0,0,deterministic,-22.901118144344434,0,4.8
D,3102,16,20.0,0,controller,-23.65532845090424,0,5.68
D,3102,16,20.0,0,nomp2d,-25.721968982660165,454,176.27
D,3102,16,20.0,1,grid,-23.50802042278904,0,0.28
D,3102,16,20.0,1,deterministic,-19.246711837701056,0,4.39
D,3102,16,20.0,1,controller,-19.036007685228707,0,5.2
D,3102,16,20.0,1,nomp2d,-26.611575532234898,496,165.57
D,3102,16,20.0,2,grid,-24.406466663695774,0,0.29
D,3102,16,20.0,2,deterministic,-25.052411423811055,0,4.48
D,3102,16,20.0,2,controller,-17.899414804007957,0,5.3
D,3102,16,20.0,2,nomp2d,-24.062529847096805,436,180.05
D,3102,16,20.0,3,grid,-22.261714820297733,0,0.3
D,3102,16,20.0,3,deterministic,-21.031506986418115,0,4.52
D,3102,16,20.0,3,controller,-21.004595610181855,0,5.32
D,3102,16,20.0,3,nomp2d,-26.607080999374467,454,169.46
D,3102,16,20.0,4,grid,-21.649485593670246,0,0.31
D,3102,16,20.0,4,deterministic,-19.224447433972585,0,4.6
D,3102,16,20.0,4,controller,-20.553411186678083,0,5.39
D,3102,16,20.0,4,nomp2d,-25.702100094925164,408,178.08
D,3102,16,20.0,5,grid,-20.755007052695596,0,0.29
D,3102,16,20.0,5,deterministic,-16.395756316550937,0,4.51
D,3102,16,20.0,5,controller,-17.80972378423393,0,5.35
D,3102,16,20.0,5,nomp2d,-26.88049477920324,461,171.26
D,3102,16,30.0,0,grid,-25.831410041177612,0,0.46
D,3102,16,30.0,0,deterministic,-23.72801559869485,0,4.75
D,3102,16,30.0,0,controller,-24.768420846233596,0,5.62
D,3102,16,30.0,0,nomp2d,-37.31597137582647,484,165.45
D,3102,16,30.0,1,grid,-24.60229263768589,0,0.29
D,3102,16,30.0,1,deterministic,-22.89696824064198,0,4.41
D,3102,16,30.0,1,controller,-21.346696121192323,0,5.17
D,3102,16,30.0,1,nomp2d,-36.75288122048889,461,169.0
D,3102,16,30.0,2,grid,-25.382313882573758,0,0.3
D,3102,16,30.0,2,deterministic,-26.221230606844724,0,4.87
D,3102,16,30.0,2,controller,-18.158614654414713,0,5.86
D,3102,16,30.0,2,nomp2d,-36.25088585112497,490,168.56
D,3102,16,30.0,3,grid,-22.985250918841245,0,0.29
D,3102,16,30.0,3,deterministic,-22.52983755917539,0,4.44
D,3102,16,30.0,3,controller,-21.65742877020778,0,5.27
D,3102,16,30.0,3,nomp2d,-35.695499971192795,477,167.97
D,3102,16,30.0,4,grid,-22.22202068554801,0,0.29
D,3102,16,30.0,4,deterministic,-20.15274645975368,0,4.48
D,3102,16,30.0,4,controller,-21.526283085357708,0,5.3
D,3102,16,30.0,4,nomp2d,-35.691016268567886,456,169.53
D,3102,16,30.0,5,grid,-21.032743912491885,0,0.29
D,3102,16,30.0,5,deterministic,-16.399801040984066,0,4.47
D,3102,16,30.0,5,controller,-17.971799730817686,0,5.3
D,3102,16,30.0,5,nomp2d,-35.40390359056346,457,173.56
D,3103,4,0.0,0,grid,-10.39654445917275,0,0.22
D,3103,4,0.0,0,deterministic,-10.290832393808145,0,1.37
D,3103,4,0.0,0,controller,-10.363069537171095,0,1.8
D,3103,4,0.0,0,nomp2d,-10.073436390440085,31,13.2
D,3103,4,0.0,1,grid,-9.26101640075913,0,0.14
D,3103,4,0.0,1,deterministic,-8.990715191887602,0,1.3
D,3103,4,0.0,1,controller,-8.9921689424028,0,1.75
D,3103,4,0.0,1,nomp2d,-8.183050883287121,31,12.02
D,3103,4,0.0,2,grid,-9.574027289228082,0,0.12
D,3103,4,0.0,2,deterministic,-10.14794379451645,0,1.28
D,3103,4,0.0,2,controller,-10.076538700694682,0,1.69
D,3103,4,0.0,2,nomp2d,-9.365209908661129,29,11.78
D,3103,4,0.0,3,grid,-9.606984917442565,0,0.12
D,3103,4,0.0,3,deterministic,-9.586271345646574,0,1.2
D,3103,4,0.0,3,controller,-9.52841858016353,0,1.56
D,3103,4,0.0,3,nomp2d,-9.035044677961189,30,11.31
D,3103,4,0.0,4,grid,-8.782262213044211,0,0.11
D,3103,4,0.0,4,deterministic,-7.879802616765133,0,1.19
D,3103,4,0.0,4,controller,-7.879587964114936,0,1.56
D,3103,4,0.0,4,nomp2d,-9.661978249723509,31,11.5
D,3103,4,0.0,5,grid,-11.051257301066839,0,0.11
D,3103,4,0.0,5,deterministic,-11.034315571045381,0,1.18
D,3103,4,0.0,5,controller,-11.590145975524106,0,1.52
D,3103,4,0.0,5,nomp2d,-10.943194395048522,45,10.28
D,3103,4,10.0,0,grid,-17.79762326856757,0,0.26
D,3103,4,10.0,0,deterministic,-17.139730371974714,0,1.56
D,3103,4,10.0,0,controller,-17.92099584339268,0,2.0
D,3103,4,10.0,0,nomp2d,-17.936363728934754,41,11.19
D,3103,4,10.0,1,grid,-15.541697000403156,0,0.11
D,3103,4,10.0,1,deterministic,-13.028486423460933,0,1.16
D,3103,4,10.0,1,controller,-14.621531879455475,0,1.52
D,3103,4,10.0,1,nomp2d,-16.926582425834816,42,10.07
D,3103,4,10.0,2,grid,-18.63613197991093,0,0.1
D,3103,4,10.0,2,deterministic,-19.583519461219325,0,1.22
D,3103,4,10.0,2,controller,-19.829389880982962,0,1.56
D,3103,4,10.0,2,nomp2d,-19.082455319746554,41,10.48
D,3103,4,10.0,3,grid,-16.026344894495537,0,0.11
D,3103,4,10.0,3,deterministic,-17.049839972462795,0,1.2
D,3103,4,10.0,3,controller,-17.162546588928997,0,1.55
D,3103,4,10.0,3,nomp2d,-16.195567398204503,35,11.36
D,3103,4,10.0,4,grid,-13.761130038476042,0,0.13
D,3103,4,10.0,4,deterministic,-10.995063950135826,0,1.19
D,3103,4,10.0,4,controller,-11.253751926607691,0,1.54
D,3103,4,10.0,4,nomp2d,-16.049366794977413,39,10.61
D,3103,4,10.0,5,grid,-12.960886510140696,0,0.11
D,3103,4,10.0,5,deterministic,-10.51183848789373,0,1.15
D,3103,4,10.0,5,controller,-11.80389446858279,0,1.52
D,3103,4,10.0,5,nomp2d,-15.808700212579947,44,10.2
D,3103,4,20.0,0,grid,-19.337207966259573,0,0.29
D,3103,4,20.0,0,deterministic,-19.29337460159327,0,1.43
D,3103,4,20.0,0,controller,-20.57758963837695,0,1.93
D,3103,4,20.0,0,nomp2d,-21.65345353219069,36,11.39
D,3103,4,20.0,1,grid,-15.666399374098411,0,0.11
D,3103,4,20.0,1,deterministic,-13.179332492213977,0,1.2
D,3103,4,20.0,1,controller,-14.727695946862482,0,1.56
D,3103,4,20.0,1,nomp2d,-17.883508830315115,39,10.3
D,3103,4,20.0,2,grid,-19.360964674160247,0,0.11
D,3103,4,20.0,2,deterministic,-20.597494279850068,0,1.21
D,3103,4,20.0,2,controller,-21.223250117350094,0,1.56
D,3103,4,20.0,2,nomp2d,-24.167451778459167,41,10.4
D,3103,4,20.0,3,grid,-16.172627901587937,0,0.11
D,3103,4,20.0,3,deterministic,-14.175839978378075,0,1.24
D,3103,4,20.0,3,controller,-14.26627870645029,0,1.59
D,3103,4,20.0,3,nomp2d,-18.933636850078795,32,11.48
D,3103,4,20.0,4,grid,-13.909380371620841,0,0.11
D,3103,4,20.0,4,deterministic,-11.061148826545883,0,1.39
D,3103,4,20.0,4,controller,-11.324235311947087,0,1.79
D,3103,4,20.0,4,nomp2d,-16.411730204584174,39,11.6
D,3103,4,20.0,5,grid,-13.061003721357407,0,0.11
D,3103,4,20.0,5,deterministic,-10.729111657901,0,1.21
D,3103,4,20.0,5,controller,-12.333360386747874,0,1.59
D,3103,4,20.0,5,nomp2d,-16.25975373244167,43,10.18
D,3103,4,30.0,0,grid,-19.371151584077037,0,0.26
D,3103,4,30.0,0,deterministic,-19.3386833346881,0,1.37
D,3103,4,30.0,0,controller,-20.633391016055906,0,1.94
D,3103,4,30.0,0,nomp2d,-21.809967831360954,35,12.07
D,3103,4,30.0,1,grid,-15.802232612958548,0,0.13
D,3103,4,30.0,1,deterministic,-13.274847550403672,0,1.24
D,3103,4,30.0,1,controller,-14.718786734448617,0,1.6
D,3103,4,30.0,1,nomp2d,-19.23157443917239,41,10.22
D,3103,4,30.0,2,grid,-19.462957319786888,0,0.11
D,3103,4,30.0,2,deterministic,-20.692545195348835,0,1.17
D,3103,4,30.0,2,controller,-21.344161739993353,0,1.51
D,3103,4,30.0,2,nomp2d,-24.567723845621945,42,10.48
D,3103,4,30.0,3,grid,-16.185542136879953,0,0.1
D,3103,4,30.0,3,deterministic,-14.1978516246716,0,1.18
D,3103,4,30.0,3,controller,-14.27367252147835,0,1.52
D,3103,4,30.0,3,nomp2d,-19.152665236503896,34,11.32
D,3103,4,30.0,4,grid,-13.926449470055669,0,0.11
D,3103,4,30.0,4,deterministic,-11.069238273018506,0,1.19
D,3103,4,30.0,4,controller,-11.32968833817386,0,1.56
D,3103,4,30.0,4,nomp2d,-16.43067427524357,40,10.45
D,3103,4,30.0,5,grid,-13.065242441981429,0,0.11
D,3103,4,30.0,5,deterministic,-10.735492727028568,0,1.19
D,3103,4,30.0,5,controller,-12.357535587356418,0,1.54
D,3103,4,30.0,5,nomp2d,-16.27843657572488,43,10.13
D,3103,8,0.0,0,grid,-9.54906199605778,0,0.32
D,3103,8,0.0,0,deterministic,-9.488176314484607,0,2.51
D,3103,8,0.0,0,controller,-9.845713773280174,0,3.06
D,3103,8,0.0,0,nomp2d,-8.815469531933317,128,39.79
D,3103,8,0.0,1,grid,-9.193166198873095,0,0.2
D,3103,8,0.0,1,deterministic,-8.509686266741753,0,2.3
D,3103,8,0.0,1,controller,-8.722280545945008,0,2.84
D,3103,8,0.0,1,nomp2d,-7.789099344206494,124,40.33
D,3103,8,0.0,2,grid,-8.1975456889648,0,0.17
D,3103,8,0.0,2,deterministic,-7.228182004048964,0,2.59
D,3103,8,0.0,2,controller,-7.389069554706489,0,3.14
D,3103,8,0.0,2,nomp2d,-7.275611975033781,113,42.16
D,3103,8,0.0,3,grid,-8.420004667789566,0,0.17
D,3103,8,0.0,3,deterministic,-7.928087258917396,0,2.31
D,3103,8,0.0,3,controller,-8.251209284644872,0,2.82
D,3103,8,0.0,3,nomp2d,-8.142215373715743,114,40.22
D,3103,8,0.0,4,grid,-8.714137602115583,0,0.19
D,3103,8,0.0,4,deterministic,-7.390096597962799,0,2.3
D,3103,8,0.0,4,controller,-7.5588049335735255,0,2.77
D,3103,8,0.0,4,nomp2d,-6.893049283417647,116,39.07
D,3103,8,0.0,5,grid,-9.551305578103847,0,0.16
D,3103,8,0.0,5,deterministic,-8.189967021232768,0,2.26
D,3103,8,0.0,5,controller,-8.941714405093116,0,2.74
D,3103,8,0.0,5,nomp2d,-9.012725691759337,140,37.17
D,3103,8,10.0,0,grid,-17.607753710295682,0,0.32
D,3103,8,10.0,0,deterministic,-17.60712702244703,0,2.53
D,3103,8,10.0,0,controller,-18.303741290650585,0,3.07
D,3103,8,10.0,0,nomp2d,-17.260144490990054,119,41.41
D,3103,8,10.0,1,grid,-17.707692651631195,0,0.17
D,3103,8,10.0,1,deterministic,-13.57056918176501,0,2.26
D,3103,8,10.0,1,controller,-15.246029945261109,0,2.76
D,3103,8,10.0,1,nomp2d,-18.815832570402176,145,35.28
D,3103,8,10.0,2,grid,-16.747323450096264,0,0.16
D,3103,8,10.0,2,deterministic,-17.234632166280264,0,2.25
D,3103,8,10.0,2,controller,-16.315177835524906,0,2.8
D,3103,8,10.0,2,nomp2d,-17.82505698343078,133,39.27
D,3103,8,10.0,3,grid,-17.83790739427382,0,0.18
D,3103,8,10.0,3,deterministic,-18.1118448933703,0,2.3
D,3103,8,10.0,3,controller,-17.863992783704017,0,2.8
D,3103,8,10.0,3,nomp2d,-17.836263133694374,132,37.18
D,3103,8,10.0,4,grid,-16.410707471988534,0,0.16
D,3103,8,10.0,4,deterministic,-14.061750882306278,0,2.27
D,3103,8,10.0,4,controller,-14.96589412962603,0,2.8
D,3103,8,10.0,4,nomp2d,-18.720175676852637,144,35.79
D,3103,8,10.0,5,grid,-15.431132672821118,0,0.16
D,3103,8,10.0,5,deterministic,-15.747348253540936,0,2.27
D,3103,8,10.0,5,controller,-15.579513982296797,0,2.74
D,3103,8,10.0,5,nomp2d,-18.913075113276754,140,37.83
D,3103,8,20.0,0,grid,-21.99458073870895,0,0.31
D,3103,8,20.0,0,deterministic,-20.80202678923071,0,2.46
D,3103,8,20.0,0,controller,-22.684030653026657,0,2.98
D,3103,8,20.0,0,nomp2d,-26.675793169493648,137,37.01
D,3103,8,20.0,1,grid,-20.43451034704838,0,0.21
D,3103,8,20.0,1,deterministic,-15.103984124172761,0,2.43
D,3103,8,20.0,1,controller,-17.93661508538251,0,2.91
D,3103,8,20.0,1,nomp2d,-24.591900931754186,142,35.58
D,3103,8,20.0,2,grid,-22.201874423625455,0,0.16
D,3103,8,20.0,2,deterministic,-22.877129901490704,0,2.24
D,3103,8,20.0,2,controller,-21.521063665096595,0,2.73
D,3103,8,20.0,2,nomp2d,-27.99020803666995,141,37.06
D,3103,8,20.0,3,grid,-19.127416237491936,0,0.19
D,3103,8,20.0,3,deterministic,-19.527641683030353,0,2.39
D,3103,8,20.0,3,controller,-19.127521454144706,0,2.93
D,3103,8,20.0,3,nomp2d,-24.208262108311963,138,38.21
D,3103,8,20.0,4,grid,-17.81978967062011,0,0.18
D,3103,8,20.0,4,deterministic,-15.646133864529627,0,2.33
D,3103,8,20.0,4,controller,-17.970440862276142,0,2.87
D,3103,8,20.0,4,nomp2d,-22.968008683293377,139,36.31
D,3103,8,20.0,5,grid,-15.85168675006628,0,0.16
D,3103,8,20.0,5,deterministic,-14.753591109977853,0,2.27
D,3103,8,20.0,5,controller,-14.28002055928956,0,2.81
D,3103,8,20.0,5,nomp2d,-22.8913239715573,136,37.23
D,3103,8,30.0,0,grid,-22.514471866671798,0,0.32
D,3103,8,30.0,0,deterministic,-21.576516884120927,0,2.48
D,3103,8,30.0,0,controller,-23.39243850983467,0,3.02
D,3103,8,30.0,0,nomp2d,-26.721542549538416,132,38.83
D,3103,8,30.0,1,grid,-20.599382111198594,0,0.17
D,3103,8,30.0,1,deterministic,-14.490178493709653,0,2.36
D,3103,8,30.0,1,controller,-16.479573673239315,0,2.86
D,3103,8,30.0,1,nomp2d,-25.65606047282824,137,36.53
D,3103,8,30.0,2,grid,-22.351754288578665,0,0.16
D,3103,8,30.0,2,deterministic,-23.111994346313843,0,2.25
D,3103,8,30.0,2,controller,-21.640924030321578,0,2.76
D,3103,8,30.0,2,nomp2d,-31.617056823004237,136,37.57
D,3103,8,30.0,3,grid,-19.303863339389903,0,0.17
D,3103,8,30.0,3,deterministic,-20.09778876199121,0,2.33
D,3103,8,30.0,3,controller,-19.66425187652029,0,2.83
D,3103,8,30.0,3,nomp2d,-25.30498560327324,131,37.9
D,3103,8,30.0,4,grid,-17.918996485277376,0,0.19
D,3103,8,30.0,4,deterministic,-15.711107144689358,0,2.29
D,3103,8,30.0,4,controller,-18.073646551028776,0,2.76
D,3103,8,30.0,4,nomp2d,-23.532481390618255,136,39.97
D,3103,8,30.0,5,grid,-16.12299245116497,0,0.2
D,3103,8,30.0,5,deterministic,-15.659437119797715,0,2.3
D,3103,8,30.0,5,controller,-15.788389514204301,0,2.81
D,3103,8,30.0,5,nomp2d,-23.965361111697867,138,36.79
D,3103,16,0.0,0,grid,-6.254558330436222,0,0.49
D,3103,16,0.0,0,deterministic,-5.912332486406456,0,4.86
D,3103,16,0.0,0,controller,-5.925467620104223,0,5.79
D,3103,16,0.0,0,nomp2d,-5.232228228787829,460,170.21
D,3103,16,0.0,1,grid,-6.6449669022793145,0,0.3
D,3103,16,0.0,1,deterministic,-6.05307598936114,0,4.57
D,3103,16,0.0,1,controller,-6.437967688715459,0,5.39
D,3103,16,0.0,1,nomp2d,-5.400901335099176,435,173.71
D,3103,16,0.0,2,grid,-6.167705366440941,0,0.29
D,3103,16,0.0,2,deterministic,-6.181172054745049,0,4.49
D,3103,16,0.0,2,controller,-6.057298626014656,0,5.28
D,3103,16,0.0,2,nomp2d,-5.3833855413596465,426,174.86
D,3103,16,0.0,3,grid,-6.2368356353019125,0,0.29
D,3103,16,0.0,3,deterministic,-6.814588382653338,0,4.49
D,3103,16,0.0,3,controller,-6.468310415222928,0,5.29
D,3103,16,0.0,3,nomp2d,-5.456012191725122,427,177.15
D,3103,16,0.0,4,grid,-5.731067899600294,0,0.32
D,3103,16,0.0,4,deterministic,-5.621161265417189,0,4.56
D,3103,16,0.0,4,controller,-5.905642252475532,0,5.4
D,3103,16,0.0,4,nomp2d,-5.169857890943167,460,173.51
D,3103,16,0.0,5,grid,-6.065669014675618,0,0.3
D,3103,16,0.0,5,deterministic,-4.916123674739835,0,4.77
D,3103,16,0.0,5,controller,-5.7347110361354865,0,5.72
D,3103,16,0.0,5,nomp2d,-5.603465637744058,452,175.5
D,3103,16,10.0,0,grid,-15.653338344265638,0,0.46
D,3103,16,10.0,0,deterministic,-15.3292676217768,0,4.75
D,3103,16,10.0,0,controller,-15.332602847639375,0,5.59
D,3103,16,10.0,0,nomp2d,-14.671442394137573,440,173.77
D,3103,16,10.0,1,grid,-17.115521125064785,0,0.29
D,3103,16,10.0,1,deterministic,-15.36756020259429,0,4.99
D,3103,16,10.0,1,controller,-15.867908972868259,0,5.88
D,3103,16,10.0,1,nomp2d,-16.160569427108705,458,170.64
D,3103,16,10.0,2,grid,-15.815743390154196,0,0.28
D,3103,16,10.0,2,deterministic,-15.978714472945224,0,4.46
D,3103,16,10.0,2,controller,-15.527371728881867,0,5.25
D,3103,16,10.0,2,nomp2d,-14.65816161407658,429,173.77
D,3103,16,10.0,3,grid,-15.118518348903532,0,0.28
D,3103,16,10.0,3,deterministic,-15.368183739927954,0,4.58
D,3103,16,10.0,3,controller,-15.146790667150817,0,5.39
D,3103,16,10.0,3,nomp2d,-14.840246303144779,450,173.18
D,3103,16,10.0,4,grid,-16.150075243128963,0,0.29
D,3103,16,10.0,4,deterministic,-16.380267225703168,0,4.56
D,3103,16,10.0,4,controller,-16.47787952893334,0,5.37
D,3103,16,10.0,4,nomp2d,-15.036982740601532,433,176.22
D,3103,16,10.0,5,grid,-15.581068750831852,0,0.29
D,3103,16,10.0,5,deterministic,-14.633551059094486,0,4.52
D,3103,16,10.0,5,controller,-14.881261288085918,0,5.33
D,3103,16,10.0,5,nomp2d,-14.007770474832373,461,174.62
D,3103,16,20.0,0,grid,-25.955651163435892,0,0.46
D,3103,16,20.0,0,deterministic,-25.582247814773265,0,4.94
D,3103,16,20.0,0,controller,-25.635535752501074,0,5.86
D,3103,16,20.0,0,nomp2d,-25.389601647608888,487,168.26
D,3103,16,20.0,1,grid,-22.81891678539875,0,0.3
D,3103,16,20.0,1,deterministic,-22.9227947254577,0,4.5
D,3103,16,20.0,1,controller,-21.79173159361042,0,5.31
D,3103,16,20.0,1,nomp2d,-25.837076404435674,477,172.16
D,3103,16,20.0,2,grid,-23.262853245575403,0,0.28
D,3103,16,20.0,2,deterministic,-26.485055795282918,0,4.46
D,3103,16,20.0,2,controller,-21.67987994526589,0,5.26
D,3103,16,20.0,2,nomp2d,-25.630386529340523,435,178.32
D,3103,16,20.0,3,grid,-21.83726599368605,0,0.28
D,3103,16,20.0,3,deterministic,-24.08326844244419,0,4.47
D,3103,16,20.0,3,controller,-23.644336181716383,0,5.25
D,3103,16,20.0,3,nomp2d,-25.326103733766065,452,174.92
D,3103,16,20.0,4,grid,-20.87497881809133,0,0.31
D,3103,16,20.0,4,deterministic,-17.514230066084263,0,4.49
D,3103,16,20.0,4,controller,-20.690109282545627,0,5.28
D,3103,16,20.0,4,nomp2d,-25.987732484690227,494,163.86
D,3103,16,20.0,5,grid,-20.79482480560159,0,0.3
D,3103,16,20.0,5,deterministic,-17.844191947577432,0,4.58
D,3103,16,20.0,5,controller,-17.758708764392143,0,5.4
D,3103,16,20.0,5,nomp2d,-25.009093852974004,468,166.42
D,3103,16,30.0,0,grid,-26.955886873407128,0,0.46
D,3103,16,30.0,0,deterministic,-26.316145440659593,0,4.84
D,3103,16,30.0,0,controller,-26.475511436086222,0,5.8
D,3103,16,30.0,0,nomp2d,-33.9487139049727,495,170.27
D,3103,16,30.0,1,grid,-23.988311822068074,0,0.29
D,3103,16,30.0,1,deterministic,-24.209791107713208,0,4.45
D,3103,16,30.0,1,controller,-23.370001111938397,0,5.23
D,3103,16,30.0,1,nomp2d,-36.25872083481444,468,169.26
D,3103,16,30.0,2,grid,-25.331453666328034,0,0.28
D,3103,16,30.0,2,deterministic,-30.17833300099355,0,4.77
D,3103,16,30.0,2,controller,-23.02517136117602,0,5.82
D,3103,16,30.0,2,nomp2d,-36.10997848392542,440,172.95
D,3103,16,30.0,3,grid,-22.547953904379444,0,0.31
D,3103,16,30.0,3,deterministic,-24.59438020001945,0,4.52
D,3103,16,30.0,3,controller,-24.020052947702013,0,5.3
D,3103,16,30.0,3,nomp2d,-36.01815437323036,492,164.83
D,3103,16,30.0,4,grid,-21.635562390784415,0,0.32
D,3103,16,30.0,4,deterministic,-19.636813093563457,0,4.54
D,3103,16,30.0,4,controller,-21.271725290336796,0,5.33
D,3103,16,30.0,4,nomp2d,-34.783224933609574,481,165.09
D,3103,16,30.0,5,grid,-21.335400807199218,0,0.29
D,3103,16,30.0,5,deterministic,-18.756396554632328,0,4.58
D,3103,16,30.0,5,controller,-18.794396484265846,0,5.41
D,3103,16,30.0,5,nomp2d,-36.85033575799591,455,167.99
