seed,snr_db,n_targets,sample_index,grid_nmse_db,candan_nmse_db,candan_gain_vs_grid_db,minimum_denominator_stability,mean_denominator_stability,clipping_rate
20260630,0,2,1,-4.65400218035231,-42.4013409318607,37.7473387515084,0.814598121061652,0.880396727228554,0
20260630,0,2,2,-4.01993253915576,-39.1985477392723,35.1786152001166,0.828480863192957,0.876198771148211,0
20260630,0,2,3,-9.15384623516708,-42.1058166676011,32.9519704324341,0.875358154242133,0.913695587243883,0
20260630,0,2,4,-3.54032954822338,-9.71612856140479,6.17579901318142,0.81801759079856,0.869914488438046,0.166666666666667
20260630,0,2,5,-6.94516272992306,-39.267423182895,32.322260452972,0.827389219955465,0.907617341487847,0
20260630,0,2,6,-4.28322486259506,-38.1568569223316,33.8736320597366,0.825577759019421,0.863487585826702,0
20260630,0,2,7,-8.67910296621714,-18.2467859103991,9.56768294418194,0.830828410490524,0.922229188507434,0.166666666666667
20260630,0,2,8,-5.68379903869027,-14.8045853841431,9.12078634545278,0.815799881798976,0.884820448799265,0.166666666666667
20260630,0,2,9,-6.4332501137272,-40.2879581899426,33.8547080762154,0.807954870349355,0.899908272393946,0
20260630,0,2,10,-5.62072637116782,-13.8067580977842,8.18603172661635,0.81369488110501,0.870691493556492,0.166666666666667
20260630,0,2,11,-3.64625056692924,-41.0012181371135,37.3549675701842,0.817795044775611,0.864861939750641,0
20260630,0,2,12,-3.74634758647507,-9.14250542547144,5.39615783899638,0.814441633317632,0.854590925251605,0.166666666666667
20260630,0,2,13,-4.84806049837953,-40.56232391676,35.7142634183805,0.82723643542979,0.868327389212352,0
20260630,0,2,14,-2.7647364475595,-33.9649048209902,31.2001683734307,0.810012347336057,0.860696956142062,0
20260630,0,2,15,-8.06509538059259,-16.536190103871,8.47109472327843,0.852661634243953,0.905415602080689,0.166666666666667
20260630,0,2,16,-4.55031801821402,-42.5118667728821,37.9615487546681,0.831087600688747,0.879873184873208,0
20260630,0,2,17,-6.50749697111755,-10.0523829915592,3.54488602044167,0.84976393372191,0.906571731299448,0.166666666666667
20260630,0,2,18,-4.86298952216571,-10.7218400983685,5.85885057620276,0.825214438920985,0.863085324426115,0.166666666666667
20260630,0,2,19,-4.10040901412319,-12.1015768547162,8.00116784059303,0.826269744553647,0.855426428389173,0.166666666666667
20260630,0,2,20,-5.50679136890756,-37.7627796184372,32.2559882495296,0.831994937593526,0.888541866674958,0
20260630,0,4,1,-5.00952043808552,-36.1560147002883,31.1464942622028,0.817397272261329,0.882778764122474,0
20260630,0,4,2,-4.77156196914201,-13.0197075528869,8.24814558374492,0.811749496870583,0.887460526731485,0.0833333333333333
20260630,0,4,3,-6.19832719729105,-20.7789285453882,14.5806013480972,0.820166612245517,0.868334266085828,0.0833333333333333
20260630,0,4,4,-3.29755091229142,-11.5585486962299,8.2609977839385,0.812022438969708,0.859813467889455,0.0833333333333333
20260630,0,4,5,-3.47599687702677,-13.2584272171279,9.78243034010114,0.813809099409809,0.860843643144065,0.0833333333333333
20260630,0,4,6,-5.11608830641857,-12.0600524376066,6.94396413118801,0.824719665027269,0.872262246330253,0.0833333333333333
20260630,0,4,7,-7.95433558316736,-16.9684431718708,9.01410758870344,0.832546427556084,0.913738570906757,0.0833333333333333
20260630,0,4,8,-5.87252737277049,-34.2343140407999,28.3617866680294,0.821398783850926,0.911922017352905,0
20260630,0,4,9,-5.37992141188523,-16.0271853828384,10.6472639709532,0.824876310971574,0.883781696766403,0.0833333333333333
20260630,0,4,10,-8.75411843440928,-16.5506621108832,7.79654367647391,0.821436738060683,0.890198932474444,0.166666666666667
20260630,0,4,11,-4.50567308542093,-14.2125017688542,9.70682868343331,0.810480197617977,0.866971549047136,0.0833333333333333
20260630,0,4,12,-5.30770801818338,-35.2311447422904,29.923436724107,0.815464523755111,0.886821608976921,0
20260630,0,4,13,-3.95863512783351,-34.2908032380016,30.3321681101681,0.816871219783087,0.880929102428878,0
20260630,0,4,14,-4.14480325242543,-17.1507326324426,13.0059293800172,0.808241874808455,0.887956727033306,0.0833333333333333
20260630,0,4,15,-5.61774043457623,-21.0398378535217,15.4220974189454,0.813785989243843,0.888150305980608,0.0833333333333333
20260630,0,4,16,-4.92867931565744,-35.109342836781,30.1806635211236,0.827085885092508,0.888885974685904,0
20260630,0,4,17,-6.08012469153126,-35.2825210770001,29.2023963854689,0.827506933366214,0.893772913372575,0
20260630,0,4,18,-5.4679280848235,-15.6383981808539,10.1704700960304,0.822187681736275,0.873630637680331,0.0833333333333333
20260630,0,4,19,-4.76186495565321,-35.2430411127306,30.4811761570773,0.818959147064919,0.887764040497672,0
20260630,0,4,20,-4.73286016861927,-33.188570228096,28.4557100594767,0.809594464712546,0.874385734114441,0
20260630,0,8,1,-4.50698462209508,-16.7810117226419,12.2740271005468,0.815052041042744,0.869360199603866,0.0416666666666667
20260630,0,8,2,-6.52285213297787,-19.1671561003232,12.6443039673453,0.816990953252944,0.880029159512109,0.0833333333333333
20260630,0,8,3,-4.18519267051319,-17.0633856174773,12.8781929469641,0.811865107759289,0.871864430784793,0.0416666666666667
20260630,0,8,4,-4.14318218081428,-10.3242360614738,6.18105388065957,0.816089579324086,0.87474749434343,0.0833333333333333
20260630,0,8,5,-6.00506676057252,-14.7038090436958,8.69874228312325,0.814917885514883,0.89558717577218,0.0833333333333333
20260630,0,8,6,-6.3629629818056,-31.264329059018,24.9013660772124,0.79330977648924,0.89530939229712,0.0416666666666667
20260630,0,8,7,-5.72487930471872,-14.5815249366442,8.85664563192544,0.819652513223195,0.885435534078066,0.0833333333333333
20260630,0,8,8,-4.39397460508597,-15.6249134559323,11.2309388508463,0.808987513513936,0.867063624577487,0.0833333333333333
20260630,0,8,9,-6.08879710921023,-19.509320828499,13.4205237192888,0.814310365700796,0.893147741423045,0.0416666666666667
20260630,0,8,10,-5.56711150203783,-25.4610196723685,19.8939081703307,0.820327616645829,0.901552694823345,0.0416666666666667
20260630,0,8,11,-3.7536872665577,-19.3901471678346,15.6364599012769,0.805795316326428,0.860804118045966,0.0416666666666667
20260630,0,8,12,-4.25768119085465,-15.3778677661872,11.1201865753326,0.812682511895758,0.852600389132357,0.0833333333333333
20260630,0,8,13,-5.19140416107613,-14.9031442512955,9.71174009021941,0.808828630664578,0.87881587404784,0.0833333333333333
20260630,0,8,14,-8.33837030548167,-17.5816148135529,9.24324450807124,0.828977202284467,0.910678286060449,0.0416666666666667
20260630,0,8,15,-5.65212796749084,-11.3326959730153,5.68056800552451,0.380463364660145,0.86073371006393,0.166666666666667
20260630,0,8,16,-5.605279090372,-13.8354015549997,8.23012246462772,0.812267284808268,0.893500380967411,0.0833333333333333
20260630,0,8,17,-4.90852297852462,-19.4118930085748,14.5033700300501,0.807918456680171,0.868271817849154,0.0416666666666667
20260630,0,8,18,-5.58262670317439,-19.0851742036244,13.50254750045,0.811380523495546,0.887306829623033,0.0833333333333333
20260630,0,8,19,-5.29575500259782,-17.4498149012145,12.1540598986166,0.820504907617039,0.879276779982466,0.0833333333333333
20260630,0,8,20,-5.62054926263623,-13.2034695401661,7.58292027752988,0.813373868325806,0.874691567630303,0.125
20260630,10,2,1,-5.44359245904944,-11.8623088516737,6.41871639262427,0.825929291255047,0.878052613485587,0.166666666666667
20260630,10,2,2,-4.88163692186228,-46.5998173401229,41.7181804182606,0.833896973656953,0.874515530688735,0
20260630,10,2,3,-8.67180604246951,-50.5599410674229,41.8881350249534,0.835130502132794,0.927036676591299,0
20260630,10,2,4,-4.73481710203133,-45.9140554188138,41.1792383167825,0.818541275961777,0.867006033415339,0
20260630,10,2,5,-6.11959590627693,-49.4496332069153,43.3300373006384,0.824319680173727,0.864828737380382,0
20260630,10,2,6,-2.5388783220807,-46.3745169093773,43.8356385872966,0.813604797023177,0.846481435327163,0
20260630,10,2,7,-4.27865587421568,-16.4462310812606,12.1675752070449,0.814246869545303,0.84448590299752,0.166666666666667
20260630,10,2,8,-3.52215521349076,-47.14142072805,43.6192655145592,0.822953913805272,0.85956645077866,0
20260630,10,2,9,-3.64718627776132,-48.8535031045136,45.2063168267523,0.825151589609235,0.849090765769074,0
20260630,10,2,10,-4.16189814188034,-12.6501652189786,8.48826707709826,0.814460921887839,0.851260746088311,0.166666666666667
20260630,10,2,11,-3.29090712621017,-8.26248475630912,4.97157763009895,0.819960215225745,0.85899869307465,0.166666666666667
20260630,10,2,12,-4.93496351065473,-10.9389908519639,6.00402734130914,0.82117616183921,0.885529157072597,0.166666666666667
20260630,10,2,13,-5.52393621348408,-19.510761419898,13.9868252064139,0.835914323836979,0.874997728423683,0.166666666666667
20260630,10,2,14,-3.44815723335204,-50.8348980118321,47.38674077848,0.832633611802723,0.846044582389184,0
20260630,10,2,15,-11.1120553755488,-48.4387486006595,37.3266932251107,0.850306328676492,0.931691294322995,0
20260630,10,2,16,-3.7330748655114,-50.155883852402,46.4228089868906,0.816713899948508,0.867322828305007,0
20260630,10,2,17,-7.27265750045969,-12.1954972536166,4.92283975315687,0.822784841941222,0.924696448230157,0.166666666666667
20260630,10,2,18,-4.96322928404301,-49.6298357252143,44.6666064411713,0.818986984114949,0.88601146618195,0
20260630,10,2,19,-7.66454253486331,-45.6074148146862,37.9428722798229,0.869444853358367,0.895754745482975,0
20260630,10,2,20,-2.90874531275792,-49.1188253069851,46.2100799942271,0.8156353059222,0.84217311288251,0
20260630,10,4,1,-6.66026613877295,-44.7634393215418,38.1031731827689,0.816844537578405,0.887332473706691,0
20260630,10,4,2,-6.50274669404147,-15.205006125596,8.70225943155457,0.837766502722431,0.891025337225236,0.0833333333333333
20260630,10,4,3,-5.82075827839419,-18.6705495824083,12.8497913040141,0.818226847011894,0.900228679804288,0.0833333333333333
20260630,10,4,4,-4.83736724380494,-44.8771258918695,40.0397586480646,0.815477611891604,0.898489516513557,0
20260630,10,4,5,-4.71917648111278,-17.8900953985141,13.1709189174013,0.815980918445095,0.881081116862713,0.0833333333333333
20260630,10,4,6,-6.44189307571052,-13.4504578256505,7.00856474994001,0.821883636120352,0.90607343045881,0.0833333333333333
20260630,10,4,7,-5.66747224300777,-10.7839273501227,5.11645510711493,0.830513902370508,0.879893705892398,0.166666666666667
20260630,10,4,8,-5.73076611041686,-11.9175677729682,6.18680166255133,0.815944785996655,0.875422960469531,0.166666666666667
20260630,10,4,9,-9.43446873032367,-18.3513697409004,8.91690101057669,0.8120606106222,0.899516722996519,0.0833333333333333
20260630,10,4,10,-4.93993230281283,-47.5401744888295,42.6002421860167,0.823305896496082,0.884873336011655,0
20260630,10,4,11,-4.47846514854365,-47.0433467847916,42.5648816362479,0.819494349204268,0.882164891352426,0
20260630,10,4,12,-4.34931589764448,-43.6150556336993,39.2657397360548,0.816462110248562,0.891977097480461,0
20260630,10,4,13,-5.44164348787446,-12.0400156483264,6.59837216045198,0.82089919025711,0.872778030304145,0.166666666666667
20260630,10,4,14,-5.61817620552148,-14.6080641474243,8.9898879419028,0.817355199311347,0.899144026093184,0.0833333333333333
20260630,10,4,15,-4.14123618889986,-10.8165383565207,6.67530216762083,0.813446358291422,0.846756403538358,0.166666666666667
20260630,10,4,16,-3.36445533177334,-16.6879979331143,13.3235426013409,0.817700569154417,0.842747927893543,0.0833333333333333
20260630,10,4,17,-6.22546332963021,-19.4410358132013,13.2155724835711,0.825903920943715,0.88726844036257,0.0833333333333333
20260630,10,4,18,-4.82933451542932,-45.4065818190642,40.5772473036349,0.821912869096281,0.879631048778184,0
20260630,10,4,19,-5.7026511310139,-43.9406877182908,38.2380365872769,0.833300651642267,0.877368721333474,0
20260630,10,4,20,-7.98399543282281,-44.2891254901644,36.3051300573416,0.827753101535086,0.902800801449276,0
20260630,10,8,1,-5.48478957519733,-13.8640936266053,8.37930405140794,0.815381588816897,0.881508626937427,0.125
20260630,10,8,2,-5.73504537167677,-22.8183132577524,17.0832678860756,0.815130877368166,0.890721904289851,0.0416666666666667
20260630,10,8,3,-6.8194020185607,-16.2378360307731,9.41843401221245,0.814211393475785,0.903707508301396,0.125
20260630,10,8,4,-5.58720558422738,-15.5232205286357,9.93601494440836,0.817279237243977,0.888834332952149,0.0416666666666667
20260630,10,8,5,-4.0470512871176,-15.4455466288522,11.3984953417346,0.798365759913383,0.865021996062161,0.0833333333333333
20260630,10,8,6,-6.35586956739781,-13.3378040209578,6.98193445356002,0.820054890984558,0.889341613556749,0.0833333333333333
20260630,10,8,7,-5.00188552476973,-14.421667939836,9.41978241506624,0.814811511429861,0.887393381727827,0.125
20260630,10,8,8,-7.16397679704989,-19.0328121245174,11.8688353274675,0.818563943541434,0.891492875326591,0.0416666666666667
20260630,10,8,9,-5.70755018918181,-14.3906751318881,8.68312494270626,0.820231597341793,0.89802720086229,0.0833333333333333
20260630,10,8,10,-4.67492087415492,-19.4042441331042,14.7293232589492,0.813358299222541,0.873466718729562,0.0416666666666667
20260630,10,8,11,-3.98001761271762,-38.1619168722033,34.1818992594856,0.818604913687371,0.876528497835987,0.0416666666666667
20260630,10,8,12,-5.22030827849985,-15.3083667004533,10.0880584219535,0.812275878496804,0.886575254806078,0.0833333333333333
20260630,10,8,13,-5.30140100602306,-11.6941577433772,6.3927567373541,0.816584393932217,0.886660336153188,0.125
20260630,10,8,14,-4.74484257896712,-42.614809813169,37.8699672342019,0.813405614333549,0.886658368523098,0
20260630,10,8,15,-5.66863317302163,-20.618255912626,14.9496227396044,0.832043713563699,0.881062953056451,0.0833333333333333
20260630,10,8,16,-5.46591992550686,-16.5859254966627,11.1200055711559,0.814941836108828,0.884763238552578,0.0416666666666667
20260630,10,8,17,-4.21866662105455,-15.5252210057885,11.3065543847339,0.809858518822193,0.866917649734075,0.0416666666666667
20260630,10,8,18,-5.97674155180398,-18.2818383490045,12.3050967972005,0.812637507205616,0.882685775711178,0.0416666666666667
20260630,10,8,19,-6.06871013719702,-23.3037161015447,17.2350059643477,0.815561663931979,0.890936701553466,0.0416666666666667
20260630,10,8,20,-5.9400841002608,-12.0451538643938,6.105069764133,0.810612110795652,0.898252523482592,0.0833333333333333
20260630,20,2,1,-3.21042667757301,-57.2685607438755,54.0581340663025,0.819234316815752,0.854379243553385,0
20260630,20,2,2,-7.49377588507738,-59.7781241344346,52.2843482493572,0.856522265779352,0.900711037418653,0
20260630,20,2,3,-3.34497238961133,-58.0761563349536,54.7311839453422,0.815630941276541,0.847731944840731,0
20260630,20,2,4,-3.38780061975567,-60.8741619082139,57.4863612884583,0.817597476373307,0.867596917325289,0
20260630,20,2,5,-4.46603470322021,-58.2008467437845,53.7348120405643,0.827850108293763,0.881039695109861,0
20260630,20,2,6,-3.91890374805303,-10.0614492064882,6.14254545843514,0.81178206413715,0.849834173953094,0.166666666666667
20260630,20,2,7,-3.85269328664618,-59.7517000445143,55.8990067578682,0.817159097868409,0.876655000614173,0
20260630,20,2,8,-6.09160776105353,-61.7201779347379,55.6285701736843,0.838751553803435,0.898587587661603,0
20260630,20,2,9,-4.48818881037532,-58.4370589962998,53.9488701859245,0.825373057833781,0.869981852132029,0
20260630,20,2,10,-6.47935896451469,-58.2015049179205,51.7221459534058,0.823180808331475,0.87508272199106,0
20260630,20,2,11,-3.59089640862146,-54.1193769455306,50.5284805369092,0.817753672703424,0.856115295236383,0
20260630,20,2,12,-4.19855852766422,-56.9037444475978,52.7051859199336,0.81884704996541,0.863811461371151,0
20260630,20,2,13,-2.5530523237727,-55.5845491649435,53.0314968411708,0.818788428482982,0.834034227315396,0
20260630,20,2,14,-5.67156793838005,-8.46154143495911,2.78997349657906,0.836268059560982,0.907155277730768,0.166666666666667
20260630,20,2,15,-3.95393648182103,-57.888581887295,53.934645405474,0.823958975055263,0.865899134507726,0
20260630,20,2,16,-6.36907245715086,-58.39961255726,52.0305401001092,0.854464787019568,0.898210957465236,0
20260630,20,2,17,-4.93397790974677,-58.6131382595517,53.6791603498049,0.825581589460431,0.882797760741009,0
20260630,20,2,18,-5.8547775920847,-57.3266524899327,51.471874897848,0.82798745421201,0.896701703571543,0
20260630,20,2,19,-4.70675561829641,-58.6003731082361,53.8936174899397,0.81767430447031,0.894094870088749,0
20260630,20,2,20,-4.07018676102472,-57.5099286487992,53.4397418877745,0.826664513060148,0.863301158969638,0
20260630,20,4,1,-4.42817308276264,-12.2691638429651,7.84099076020247,0.81287114410944,0.865961790623457,0.166666666666667
20260630,20,4,2,-5.72252476657218,-56.9644569118436,51.2419321452714,0.816527110963402,0.901105024239943,0
20260630,20,4,3,-4.9361102796969,-41.4515288200687,36.5154185403718,0.816301558680861,0.88656300127412,0
20260630,20,4,4,-7.64275186035207,-19.7045273012742,12.0617754409221,0.831183787662404,0.908380861829971,0.0833333333333333
20260630,20,4,5,-4.19826457711081,-9.45750035334583,5.25923577623502,0.81956267365099,0.858358489761836,0.166666666666667
20260630,20,4,6,-3.57539363140285,-10.620046861761,7.0446532303582,0.823524689583109,0.847066330301716,0.166666666666667
20260630,20,4,7,-6.48662020034989,-56.7933542249633,50.3067340246134,0.816719828616389,0.877386137515319,0
20260630,20,4,8,-5.08328869684964,-27.4072624926999,22.3239737958503,0.817908406756169,0.860374255328679,0.0833333333333333
20260630,20,4,9,-4.85312676517867,-15.246082567804,10.3929558026253,0.820211544938501,0.876653203630743,0.166666666666667
20260630,20,4,10,-6.07778700596104,-11.7494064968534,5.6716194908924,0.470592174340005,0.843886272512383,0.166666666666667
20260630,20,4,11,-4.85853653051437,-13.8662890309819,9.0077525004675,0.813743449168813,0.870000306491788,0.0833333333333333
20260630,20,4,12,-7.26160357793044,-17.8517868442412,10.5901832663108,0.825262239022844,0.906951002622197,0.0833333333333333
20260630,20,4,13,-3.62076251740112,-53.3473698577102,49.726607340309,0.816435269345376,0.878582235894163,0
20260630,20,4,14,-5.71734651153999,-54.1030359133709,48.3856894018309,0.821970693821841,0.882378324675495,0
20260630,20,4,15,-5.40576646898845,-12.2456108872716,6.83984441828311,0.818185520875426,0.879873315538679,0.0833333333333333
20260630,20,4,16,-6.17054520313956,-12.7050643715375,6.53451916839797,0.447307531957208,0.83125489859582,0.25
20260630,20,4,17,-4.50327150249222,-57.8373388078534,53.3340673053612,0.825288085032193,0.872904011470207,0
20260630,20,4,18,-4.58666754770286,-12.8570319698451,8.27036442214225,0.819481390666294,0.876217222627911,0.0833333333333333
20260630,20,4,19,-4.39060276043336,-9.20589487716138,4.81529211672802,0.816092393452861,0.870407487941144,0.166666666666667
20260630,20,4,20,-4.82999476740854,-57.7266354003966,52.896640632988,0.815357739449054,0.901536970856955,0
20260630,20,8,1,-5.71027539074935,-23.6668001727019,17.9565247819525,0.818747094073073,0.890108294019988,0.0416666666666667
20260630,20,8,2,-5.85731047752406,-15.2821026575812,9.42479218005712,0.821015492133762,0.883703986311173,0.0833333333333333
20260630,20,8,3,-5.38429636518316,-13.6184541878824,8.23415782269929,0.813440387040925,0.8878193767869,0.0833333333333333
20260630,20,8,4,-5.07862766930853,-33.0882814359591,28.0096537666506,0.789125654244927,0.880525254342848,0
20260630,20,8,5,-5.98673044779996,-31.7701421367943,25.7834116889944,0.832812599906714,0.882549211200338,0.0416666666666667
20260630,20,8,6,-7.01908019080913,-16.5654796861161,9.546399495307,0.823852337919009,0.915141759074002,0.0416666666666667
20260630,20,8,7,-5.88354185764035,-14.3682655423172,8.48472368467682,0.817013782680073,0.897981931570399,0.0416666666666667
20260630,20,8,8,-4.1676334116997,-14.8949419289689,10.7273085172692,0.818351460289547,0.870053852648426,0.0416666666666667
20260630,20,8,9,-3.65162203992571,-17.8956778522756,14.2440558123499,0.816032911509134,0.860656222356974,0.0416666666666667
20260630,20,8,10,-6.29560405650273,-16.6718684576987,10.376264401196,0.815001063117373,0.901278570561929,0.0416666666666667
20260630,20,8,11,-4.7405049758071,-14.520909110398,9.78040413459089,0.816121222141746,0.886751215680191,0.0416666666666667
20260630,20,8,12,-5.42082567155865,-18.5151608838519,13.0943352122932,0.81755708182542,0.89636233891524,0.0833333333333333
20260630,20,8,13,-6.13269982434902,-52.3477282141558,46.2150283898067,0.819386018376088,0.900198887518503,0
20260630,20,8,14,-7.05528001521107,-14.5564579609336,7.50117794572256,0.817651976258976,0.905518675932222,0.0416666666666667
20260630,20,8,15,-4.56111917255181,-51.1353634687474,46.5742442961956,0.814525370029415,0.870314406527739,0
20260630,20,8,16,-8.12261791021949,-21.4674751109295,13.34485720071,0.824032203890974,0.897570517699824,0.0416666666666667
20260630,20,8,17,-4.52659420507901,-11.0742608565499,6.54766665147085,0.82193514520186,0.870667791034881,0.125
20260630,20,8,18,-4.89104907380099,-16.0480379684207,11.1569888946197,0.81171941367948,0.872190821665325,0.0833333333333333
20260630,20,8,19,-5.36142331813744,-13.6266711190294,8.26524780089192,0.816886705385277,0.878661672492701,0.0833333333333333
20260630,20,8,20,-5.81773647555131,-16.2208935420626,10.4031570665113,0.822703281046514,0.897145657643404,0.0416666666666667
20260630,30,2,1,-7.40943188467658,-69.3083308669991,61.8988989823225,0.82231663824593,0.886930746564216,0
20260630,30,2,2,-4.04526355173829,-70.2911533263989,66.2458897746606,0.827169175978918,0.866008051587147,0
20260630,30,2,3,-3.69884189354988,-49.4086850516937,45.7098431581438,0.814681249469031,0.867072386254539,0
20260630,30,2,4,-5.07989691588482,-13.295163866514,8.21526695062921,0.82041104248844,0.866734493034073,0.166666666666667
20260630,30,2,5,-3.59860515147577,-64.7669034804015,61.1682983289257,0.831722001221702,0.881027760551643,0
20260630,30,2,6,-3.23081646747722,-63.8556844150469,60.6248679475697,0.814742770085395,0.855896961255631,0
20260630,30,2,7,-7.72548968507289,-70.746502741535,63.0210130564621,0.861866981924364,0.924038227512221,0
20260630,30,2,8,-5.39327364031525,-61.7833889567843,56.3901153164691,0.824003267730242,0.898007687879199,0
20260630,30,2,9,-3.82027134408556,-13.1472398541805,9.32696851009496,0.82350625493293,0.844844393534688,0.166666666666667
20260630,30,2,10,-4.18693697253178,-19.4918230873186,15.3048861147868,0.816723752470953,0.857298752530559,0.166666666666667
20260630,30,2,11,-5.26945770962158,-64.6530647411422,59.3836070315206,0.818435364894176,0.866163033998225,0
20260630,30,2,12,-5.99521231809384,-70.5348931324114,64.5396808143175,0.827546762070118,0.925182733101841,0
20260630,30,2,13,-4.18875786054027,-11.3012624202165,7.11250455967626,0.844092204582879,0.852173815847345,0.166666666666667
20260630,30,2,14,-3.32602643428736,-66.0444215687533,62.718395134466,0.818380328003468,0.863979109036544,0
20260630,30,2,15,-6.42283656000047,-68.987209183334,62.5643726233336,0.828497759841955,0.909861130845819,0
20260630,30,2,16,-3.56102470119519,-66.0131959348749,62.4521712336797,0.824428462113997,0.856736803347283,0
20260630,30,2,17,-8.91529977482554,-14.887236015005,5.97193624017945,0.897082653548312,0.909752005372613,0.166666666666667
20260630,30,2,18,-7.83588154977501,-58.4955765683135,50.6596950185385,0.863210877512959,0.911213417124237,0
20260630,30,2,19,-5.01412254910449,-66.978704692246,61.9645821431415,0.814781861206186,0.891268529880015,0
20260630,30,2,20,-7.87887319272926,-66.6850650615706,58.8061918688413,0.861350944302359,0.906726242612119,0
20260630,30,4,1,-3.99891401578925,-63.6846911786685,59.6857771628793,0.815500542807633,0.884104063098937,0
20260630,30,4,2,-6.21801801552058,-14.1579720169334,7.93995400141278,0.82983537732319,0.884352030969061,0.0833333333333333
20260630,30,4,3,-4.48292255033779,-62.9071472465377,58.4242246961999,0.818804065168211,0.891966115567257,0
20260630,30,4,4,-6.5083704002495,-17.5420864253526,11.0337160251031,0.823515433156686,0.879959361429683,0.0833333333333333
20260630,30,4,5,-6.07436152032827,-63.6530587896335,57.5786972693052,0.818616485490393,0.890368863341189,0
20260630,30,4,6,-5.75527132775854,-10.9691797552434,5.21390842748487,0.817205238165809,0.903094414999401,0.166666666666667
20260630,30,4,7,-8.43024174974802,-36.0201059902907,27.5898642405427,0.820871718905851,0.902309409111196,0.0833333333333333
20260630,30,4,8,-5.98232055998247,-17.2121189267969,11.2297983668144,0.822550123878183,0.89694362803242,0.0833333333333333
20260630,30,4,9,-6.69871300019066,-51.0095497452919,44.3108367451012,0.815307948469072,0.902227703332732,0
20260630,30,4,10,-4.61285304952732,-13.7709377441982,9.15808469467089,0.825094997277584,0.866963109512548,0.0833333333333333
20260630,30,4,11,-6.21096463498935,-16.6109716852733,10.4000070502839,0.827762565013643,0.891203776865086,0.0833333333333333
20260630,30,4,12,-4.4343118043398,-13.9927135597689,9.5584017554291,0.819341564776808,0.879422190410469,0.0833333333333333
20260630,30,4,13,-5.5426650258848,-65.3220350027087,59.7793699768239,0.817760282434896,0.905926514411529,0
20260630,30,4,14,-5.45398359340455,-13.0671726902425,7.6131890968379,0.838878516820092,0.893541801896994,0.0833333333333333
20260630,30,4,15,-6.69972933046506,-64.7457149530295,58.0459856225645,0.817537230595573,0.880406392426575,0
20260630,30,4,16,-5.5975394836077,-17.3189045397222,11.7213650561145,0.816141920642444,0.886998996386356,0.0833333333333333
20260630,30,4,17,-5.58399430117164,-23.8762201961492,18.2922258949775,0.818002274329835,0.8724556296107,0.0833333333333333
20260630,30,4,18,-4.69117825138773,-62.8942458434448,58.2030675920571,0.815042033670724,0.877820608390614,0
20260630,30,4,19,-4.59002341587677,-10.7879838342829,6.19796041840612,0.817828470089189,0.877434271418434,0.166666666666667
20260630,30,4,20,-8.68914810121768,-58.7337485622166,50.0446004609989,0.83698792311559,0.91321223478365,0
20260630,30,8,1,-5.95481598433025,-18.9743703889083,13.019554404578,0.819443215995681,0.891350347474342,0.0416666666666667
20260630,30,8,2,-4.49386853300964,-17.4663381429135,12.9724696099038,0.815896588567233,0.872750898490818,0.0416666666666667
20260630,30,8,3,-4.80545840398377,-13.3906735517633,8.58521514777955,0.816706689084141,0.881021448915577,0.0416666666666667
20260630,30,8,4,-4.95849983191783,-15.4645576358001,10.5060578038823,0.818965611134675,0.878457972101876,0.0416666666666667
20260630,30,8,5,-4.91270525425287,-14.6429748457691,9.73026959151624,0.813291998283638,0.890378718728746,0.0416666666666667
20260630,30,8,6,-6.49295048275918,-15.2813013287698,8.78835084601063,0.816401385384591,0.891276907671688,0.125
20260630,30,8,7,-5.75537647818527,-18.1816735038613,12.426297025676,0.819740706228906,0.882761858534286,0.0833333333333333
20260630,30,8,8,-7.51128575531947,-19.3950390797825,11.8837533244631,0.401551075616654,0.882937964286897,0.125
20260630,30,8,9,-9.51120389633576,-20.5465693311111,11.0353654347753,0.826339604576074,0.922829956795035,0.0833333333333333
20260630,30,8,10,-4.03943237794079,-16.6954910597371,12.6560586817963,0.814742486182098,0.859492858672666,0.0833333333333333
20260630,30,8,11,-6.04550393503499,-16.1418773123213,10.0963733772863,0.82544573554929,0.882377280298016,0.0833333333333333
20260630,30,8,12,-4.12922220978537,-13.3808542509111,9.25163204112577,0.819135891883074,0.876469445771558,0.0416666666666667
20260630,30,8,13,-5.70281450687753,-14.2878172935362,8.58500278665863,0.815875306664434,0.879193802680748,0.0833333333333333
20260630,30,8,14,-5.68517845334044,-10.4704711191588,4.78529266581834,0.820526106649081,0.902729909797413,0.0833333333333333
20260630,30,8,15,-5.85042283869045,-21.0139871039556,15.1635642652652,0.823201318132024,0.887836824662707,0.0416666666666667
20260630,30,8,16,-5.37374928741147,-16.6351604624044,11.2614111749929,0.819999128642638,0.864950558807162,0.0833333333333333
20260630,30,8,17,-4.65895416833926,-13.0393026626855,8.38034849434625,0.822575522755944,0.881984027977857,0.0833333333333333
20260630,30,8,18,-9.47481524848757,-24.7482129273046,15.273397678817,0.818662651295499,0.909864546556031,0.0416666666666667
20260630,30,8,19,-4.04624305482412,-60.5921879670557,56.5459449122316,0.81527354031102,0.868476586998148,0
20260630,30,8,20,-5.0563304297465,-55.5689880492611,50.5126576195145,0.814730897867939,0.876239701955138,0
20260701,0,2,1,-3.61924703665323,-34.8633302671539,31.2440832305007,0.819533768886344,0.880518233190216,0
20260701,0,2,2,-3.98470219941446,-38.2761199897976,34.2914177903831,0.825502387155634,0.872099105402729,0
20260701,0,2,3,-4.03182817608237,-10.4219144402406,6.3900862641582,0.837015591982004,0.852075639476189,0.166666666666667
20260701,0,2,4,-5.62797598244928,-13.9827764811577,8.35480049870838,0.837067688169328,0.887592258986412,0.166666666666667
20260701,0,2,5,-5.09863824560964,-39.3232035165636,34.224565270954,0.827775098828961,0.881963720024913,0
20260701,0,2,6,-6.92107271555148,-38.7328519505471,31.8117792349956,0.829617541863413,0.904654930493456,0
20260701,0,2,7,-8.13086681262069,-39.6514840774009,31.5206172647803,0.852119743991734,0.902271655499213,0
20260701,0,2,8,-4.44795899165334,-38.6762454928261,34.2282865011728,0.833082277402408,0.88047936102284,0
20260701,0,2,9,-5.31293251133725,-20.3522235612409,15.0392910499037,0.83730786462845,0.868527329609572,0.166666666666667
20260701,0,2,10,-4.15439754395888,-36.4870767529864,32.3326792090275,0.822818450858206,0.880779840350863,0
20260701,0,2,11,-2.82866028676315,-33.895058821299,31.0663985345358,0.805291971274889,0.849109874367461,0
20260701,0,2,12,-3.7376024317934,-6.79783829264926,3.06023586085586,0.813261903162964,0.86293449058628,0.166666666666667
20260701,0,2,13,-6.36944899858951,-39.1291129998945,32.7596640013049,0.834125571330667,0.890339464454452,0
20260701,0,2,14,-6.98191621639612,-39.5340826662857,32.5521664498896,0.823267774629982,0.89497852288182,0
20260701,0,2,15,-3.6486543685124,-7.81784085146391,4.16918648295151,0.814822136679318,0.855483785988945,0.166666666666667
20260701,0,2,16,-11.4818738318497,-38.2703427469527,26.788468915103,0.843149469557484,0.919029683934922,0
20260701,0,2,17,-7.54283768247269,-39.7374108644299,32.1945731819572,0.851107316076428,0.90498310736753,0
20260701,0,2,18,-3.61124659609207,-38.0225605766727,34.4113139805806,0.816692685741128,0.87111436549753,0
20260701,0,2,19,-3.53926980101997,-43.2186763539426,39.6794065529226,0.81543846966141,0.896191883710072,0
20260701,0,2,20,-8.94893398775102,-41.0947869302597,32.1458529425087,0.838341457439712,0.908674088442635,0
20260701,0,4,1,-4.41026842465984,-14.1495463173677,9.73927789270785,0.814888036441596,0.876981291196478,0.0833333333333333
20260701,0,4,2,-3.84189031672233,-20.9244530639753,17.082562747253,0.811004625801803,0.893477603699942,0.0833333333333333
20260701,0,4,3,-3.63428382473274,-25.020859360534,21.3865755358012,0.815375365694934,0.853827069235134,0.0833333333333333
20260701,0,4,4,-5.64951914622319,-10.2276042737726,4.57808512754938,0.824884618359688,0.898424645802464,0.0833333333333333
20260701,0,4,5,-3.73989451138639,-35.775973756982,32.0360792455956,0.812962490581363,0.874908949652076,0
20260701,0,4,6,-5.74575719535329,-12.7562583043787,7.01050110902546,0.800152143859014,0.868080772966765,0.0833333333333333
20260701,0,4,7,-5.77769018687833,-17.5889879806979,11.8112977938196,0.819001476466826,0.880107209445823,0.0833333333333333
20260701,0,4,8,-5.86284976276121,-13.6183857729189,7.75553601015772,0.800902544432799,0.86527472205832,0.166666666666667
20260701,0,4,9,-5.44292034306732,-11.2117858050769,5.76886546200957,0.818255616308844,0.869610080577408,0.0833333333333333
20260701,0,4,10,-5.31345309650794,-13.7988427020831,8.48538960557521,0.831703971394378,0.866441410982508,0.166666666666667
20260701,0,4,11,-4.05581805121615,-10.7109753071201,6.65515725590399,0.817105667490756,0.856234700757823,0.166666666666667
20260701,0,4,12,-5.78566239476201,-20.3394458412302,14.5537834464682,0.814094037515366,0.890574071938142,0.0833333333333333
20260701,0,4,13,-5.11826327589366,-13.7773517329286,8.65908845703498,0.818553405731333,0.885418938824261,0.0833333333333333
20260701,0,4,14,-5.22545743546696,-11.411621436663,6.186164001196,0.814496225188736,0.883245273161602,0.0833333333333333
20260701,0,4,15,-6.1885069741353,-10.2037691269355,4.01526215280019,0.817593542155842,0.909916553420912,0.0833333333333333
20260701,0,4,16,-7.41686232209755,-34.3040688734535,26.887206551356,0.817856106824936,0.885011523386102,0
20260701,0,4,17,-7.35945314661964,-13.8770630756722,6.51760992905257,0.432916993100873,0.874614626233567,0.166666666666667
20260701,0,4,18,-9.16200987895352,-34.1288470631055,24.966837184152,0.80993393900414,0.906537994133088,0
20260701,0,4,19,-7.94164200133481,-37.4097343686431,29.4680923673083,0.832521614523763,0.908619658225135,0
20260701,0,4,20,-5.33884219676057,-33.3060453169447,27.9672031201841,0.825993472687241,0.895108748142082,0
20260701,0,8,1,-5.42863145213295,-17.2010398493152,11.7724083971822,0.80172511088397,0.880751444121524,0.0416666666666667
20260701,0,8,2,-4.61906720340733,-26.7465200086887,22.1274528052813,0.819961968952786,0.883240005421784,0.0416666666666667
20260701,0,8,3,-5.99618979168438,-24.6102989072474,18.614109115563,0.816301077650526,0.881717122303493,0.0416666666666667
20260701,0,8,4,-4.69976885824544,-14.3701653264971,9.67039646825168,0.81058246932589,0.874067688966665,0.0833333333333333
20260701,0,8,5,-4.87530475358577,-17.7565799846948,12.881275231109,0.80823444627042,0.862749554392574,0.125
20260701,0,8,6,-5.60452139159658,-16.0121168960974,10.4075955045008,0.820308259332123,0.893648976080753,0.0416666666666667
20260701,0,8,7,-5.8961016026985,-16.4717648175357,10.5756632148372,0.81808389939509,0.89582060062324,0.0416666666666667
20260701,0,8,8,-4.7655228567197,-24.3935009181206,19.6279780614009,0.813346708018959,0.873672080283533,0.0416666666666667
20260701,0,8,9,-5.68124073410261,-16.8909654583926,11.20972472429,0.819654455991619,0.886609099664797,0.0416666666666667
20260701,0,8,10,-5.28714339272548,-15.0652119028703,9.77806851014486,0.807275417034858,0.878609369107734,0.0833333333333333
20260701,0,8,11,-7.51864404785043,-15.6274484959911,8.10880444814063,0.526300253305449,0.886131331383269,0.0833333333333333
20260701,0,8,12,-5.28323087497516,-32.8183595644604,27.5351286894852,0.813772998148053,0.883642931046121,0
20260701,0,8,13,-5.19285897378569,-13.5888571421882,8.39599816840247,0.809335485147186,0.88638504877185,0.0833333333333333
20260701,0,8,14,-5.71631570902822,-14.4620571647037,8.74574145567545,0.80905355071401,0.88443751963385,0.0833333333333333
20260701,0,8,15,-6.46350586258119,-17.0592386363275,10.5957327737463,0.806223120157525,0.881374482385587,0.0833333333333333
20260701,0,8,16,-4.41398860597197,-13.6004303800625,9.18644177409049,0.8124950023573,0.885246935514362,0.0416666666666667
20260701,0,8,17,-4.36305976484988,-15.297196273216,10.9341365083661,0.804742564730808,0.871122359140002,0.125
20260701,0,8,18,-6.96107082779361,-16.3618372651563,9.40076643736269,0.813941216074936,0.893928933787752,0.0833333333333333
20260701,0,8,19,-6.61336450110647,-15.6480440123542,9.03467951124776,0.382731056001423,0.868874310404587,0.125
20260701,0,8,20,-4.81137310244792,-16.6431800126338,11.8318069101859,0.804209112718376,0.882953316654869,0.0416666666666667
20260701,10,2,1,-3.80361057414393,-41.5465763117058,37.7429657375619,0.815256713580074,0.860312790409018,0
20260701,10,2,2,-3.9212311810027,-48.660353428928,44.7391222479253,0.826952666230592,0.871513017297004,0
20260701,10,2,3,-5.35259242720982,-51.0574133502162,45.7048209230064,0.830487197429914,0.89174628666072,0
20260701,10,2,4,-6.00667826929578,-15.4471180332463,9.44043976395049,0.814466420368627,0.890792045445474,0.166666666666667
20260701,10,2,5,-4.25535934958636,-47.8994710433214,43.6441116937351,0.821228554458706,0.876943268469183,0
20260701,10,2,6,-3.54489579425282,-11.7134869924279,8.16859119817508,0.822724735703904,0.840870638276194,0.166666666666667
20260701,10,2,7,-4.69584155090241,-51.2350574606115,46.5392159097091,0.826083853197144,0.881394025709921,0
20260701,10,2,8,-7.47353187398474,-48.1801705713301,40.7066386973454,0.839842113022061,0.918748748805783,0
20260701,10,2,9,-4.05240727928999,-48.7942116607444,44.7418043814544,0.816325854575398,0.869305203500472,0
20260701,10,2,10,-5.39867591188729,-47.6793712297542,42.280695317867,0.849780478021836,0.872039880604624,0
20260701,10,2,11,-3.17307998381569,-47.2681633405167,44.095083356701,0.816264678035226,0.866200813687684,0
20260701,10,2,12,-5.85884524118204,-50.44398317112,44.585137929938,0.831281579699452,0.89989491639325,0
20260701,10,2,13,-3.1948039835828,-51.1897570594207,47.9949530758379,0.829011047242622,0.84909938490797,0
20260701,10,2,14,-3.29610900881771,-45.9891839945714,42.6930749857537,0.818209698866668,0.849732116471479,0
20260701,10,2,15,-2.14407378704522,-47.7789601713707,45.6348863843254,0.815353699514391,0.848347870118392,0
20260701,10,2,16,-2.86755184194838,-49.4435042258901,46.5759523839417,0.816481892984104,0.84755581117701,0
20260701,10,2,17,-6.54179950465215,-49.1003920610935,42.5585925564414,0.829353341871843,0.893914777922202,0
20260701,10,2,18,-6.33711091427589,-50.7240682136835,44.3869572994076,0.817718475568409,0.895116507087967,0
20260701,10,2,19,-3.49577923538775,-50.636818558974,47.1410393235863,0.816462921743889,0.869883710132411,0
20260701,10,2,20,-4.85333389713419,-47.59663520213,42.7433013049959,0.817389303086286,0.872698549711202,0
20260701,10,4,1,-4.695498702029,-44.9805814422596,40.2850827402306,0.814980195656884,0.88262380660471,0
20260701,10,4,2,-5.6358979044868,-48.0230413950581,42.3871434905713,0.828930860365027,0.896857608770359,0
20260701,10,4,3,-3.95301010549453,-44.5984829836283,40.6454728781337,0.815771764013999,0.869733420095652,0
20260701,10,4,4,-6.42012491029924,-11.6303059676146,5.21018105731538,0.827088240112963,0.911372788256991,0.0833333333333333
20260701,10,4,5,-6.05490366787519,-16.6148064807243,10.5599028128492,0.818617900304483,0.907052826149424,0.0833333333333333
20260701,10,4,6,-3.02667071277947,-10.694921241941,7.66825052916156,0.816945505762407,0.858961813553199,0.0833333333333333
20260701,10,4,7,-4.34669098722328,-16.4427887199328,12.0960977327096,0.813535132449676,0.874283453147355,0.0833333333333333
20260701,10,4,8,-5.18962998766757,-16.3148163410658,11.1251863533982,0.813719197793369,0.878283773119181,0.0833333333333333
20260701,10,4,9,-8.13897132617963,-31.4890341973503,23.3500628711707,0.818809986830583,0.924724197487651,0
20260701,10,4,10,-3.93678444116612,-44.2111415994059,40.2743571582397,0.816800802023331,0.876654120925037,0
20260701,10,4,11,-4.42342693403393,-44.1830190998039,39.7595921657699,0.820220683343849,0.893398110361681,0
20260701,10,4,12,-5.30209260032147,-10.6759316917139,5.37383909139245,0.821083384536492,0.898412860540614,0.0833333333333333
20260701,10,4,13,-6.84258701701158,-46.075686336288,39.2330993192764,0.824461077658291,0.897585421259186,0
20260701,10,4,14,-4.29321494871097,-12.2425689040778,7.94935395536687,0.812649739505017,0.868834217211699,0.0833333333333333
20260701,10,4,15,-5.96357400557216,-20.841843394528,14.8782693889558,0.835918929884256,0.894132297763227,0.0833333333333333
20260701,10,4,16,-5.43672546650248,-12.7181341815231,7.28140871502063,0.811844796614134,0.901711373312836,0.0833333333333333
20260701,10,4,17,-4.32969879138317,-44.8573405748531,40.52764178347,0.817077742792089,0.864899193196442,0
20260701,10,4,18,-8.65182675594747,-17.5382858030296,8.88645904708208,0.86850584821179,0.911407556337192,0.0833333333333333
20260701,10,4,19,-5.9374923760378,-12.7751763655485,6.83768398951073,0.839812205653811,0.897793019800744,0.0833333333333333
20260701,10,4,20,-6.70787137160694,-44.27953452174,37.5716631501331,0.812444277424744,0.878985478457454,0
20260701,10,8,1,-4.48019785417325,-22.282457379942,17.8022595257688,0.813278306346425,0.877590323620771,0.0416666666666667
20260701,10,8,2,-6.60827710947765,-15.1788118411484,8.57053473167072,0.815877917352157,0.915109028200796,0.0416666666666667
20260701,10,8,3,-5.57593194336927,-15.1147509777886,9.53881903441935,0.814263662312181,0.895716200385521,0.0833333333333333
20260701,10,8,4,-5.27134363638866,-19.4431776722644,14.1718340358757,0.812467106329863,0.877972777139053,0.0416666666666667
20260701,10,8,5,-6.23180973168548,-17.341023549983,11.1092138182975,0.83213346606788,0.886850505162361,0.0833333333333333
20260701,10,8,6,-5.34036124928734,-15.5973708783595,10.2570096290721,0.821934300596508,0.889755370610197,0.0416666666666667
20260701,10,8,7,-4.6777147086833,-27.4168066253479,22.7390919166646,0.814673015574375,0.868169142446427,0.0416666666666667
20260701,10,8,8,-4.61060454562969,-11.335186887657,6.72458234202726,0.813972527508183,0.879886259813108,0.0833333333333333
20260701,10,8,9,-5.41091204043685,-15.8777881558046,10.4668761153678,0.817726724771581,0.880611542432901,0.0833333333333333
20260701,10,8,10,-3.7188712110688,-15.3827536336078,11.663882422539,0.814731959636102,0.862751075699081,0.0416666666666667
20260701,10,8,11,-5.69741986512632,-20.9644791216549,15.2670592565286,0.81917688433217,0.887778453117686,0.0416666666666667
20260701,10,8,12,-4.34766517384253,-20.1875756550666,15.8399104812241,0.812708978197011,0.857406901043247,0.0833333333333333
20260701,10,8,13,-4.87775974175606,-17.3404810184069,12.4627212766509,0.816669624008201,0.876140658876771,0.0416666666666667
20260701,10,8,14,-4.28391186071389,-12.1513829140934,7.86747105337955,0.818307135754257,0.864783291182953,0.0833333333333333
20260701,10,8,15,-4.80977462146499,-15.4045931097303,10.5948184882654,0.816664787802866,0.876220483330763,0.0416666666666667
20260701,10,8,16,-6.60964855009995,-17.8946078488496,11.2849592987496,0.825316021903901,0.8905542292628,0.0416666666666667
20260701,10,8,17,-4.94302103155024,-13.8440671415438,8.90104610999355,0.816217957586059,0.897496967235692,0.0416666666666667
20260701,10,8,18,-5.69784027068055,-14.1468393081077,8.44899903742711,0.81876631184769,0.885127324526604,0.0833333333333333
20260701,10,8,19,-5.05151761141767,-30.6621159338984,25.6105983224808,0.821490491297918,0.880445128183657,0.0416666666666667
20260701,10,8,20,-4.34601236543712,-14.2930288494089,9.94701648397183,0.815334798618721,0.878641118717931,0.0833333333333333
20260701,20,2,1,-6.32094791976143,-15.5402801790192,9.21933225925778,0.814504767656794,0.886396463091419,0.166666666666667
20260701,20,2,2,-4.36062377206157,-59.530186040788,55.1695622687265,0.819650306770905,0.87633837973688,0
20260701,20,2,3,-3.60201011305256,-54.7985945430304,51.1965844299778,0.824343464667999,0.870902832399075,0
20260701,20,2,4,-6.10273170455358,-25.6748127913249,19.5720810867713,0.84432218639156,0.881632546963604,0.166666666666667
20260701,20,2,5,-9.34436440042244,-15.2009598609286,5.85659546050616,0.860299952380217,0.930153592111138,0.166666666666667
20260701,20,2,6,-5.39012884905994,-57.9342437468329,52.544114897773,0.827098474225444,0.870575357921162,0
20260701,20,2,7,-7.36974505325385,-59.9819948223345,52.6122497690807,0.817216495604913,0.895099950190861,0
20260701,20,2,8,-6.68082090682354,-56.0812336388607,49.4004127320372,0.843796459336067,0.926326697824308,0
20260701,20,2,9,-3.16406253603304,-54.4100633013237,51.2460007652907,0.815903311134664,0.862789968007992,0
20260701,20,2,10,-7.19094479975028,-14.386479198962,7.1955343992117,0.861029531927385,0.889769881120936,0.166666666666667
20260701,20,2,11,-11.3394774864232,-59.0608219419654,47.7213444555422,0.883270444919807,0.935548979582404,0
20260701,20,2,12,-7.27311866327346,-55.7605528043672,48.4874341410937,0.826766532978412,0.916066240223869,0
20260701,20,2,13,-3.82465322155485,-11.5860929205916,7.76143969903677,0.822303903109106,0.843052265710106,0.166666666666667
20260701,20,2,14,-3.71337420865949,-56.6154148114869,52.9020406028274,0.822118966020168,0.847399996189843,0
20260701,20,2,15,-3.30029503725399,-8.23015225549339,4.92985721823939,0.811974629341032,0.853188092177957,0.166666666666667
20260701,20,2,16,-9.03353746611863,-57.1305230748692,48.0969856087505,0.83313575223667,0.916949930471754,0
20260701,20,2,17,-5.24416280494636,-58.5654627761992,53.3212999712529,0.82166128141718,0.89113041295206,0
20260701,20,2,18,-7.285294211627,-61.010980712422,53.725686500795,0.817089839769935,0.915525282841721,0
20260701,20,2,19,-4.60775522346741,-56.5222292688939,51.9144740454265,0.824066729927101,0.871680256429195,0
20260701,20,2,20,-3.82989907779874,-55.7440029512303,51.9141038734315,0.822104935763684,0.870711497608723,0
20260701,20,4,1,-5.23451596237162,-53.7708495373565,48.5363335749848,0.815403998992463,0.884408756600479,0
20260701,20,4,2,-8.53110185908047,-55.1546117505112,46.6235098914307,0.827473610105264,0.909831164705878,0
20260701,20,4,3,-4.93797541109168,-19.1264391850815,14.1884637739899,0.816904999726229,0.879809380859904,0.0833333333333333
20260701,20,4,4,-6.39378050852643,-27.7650116095599,21.3712311010335,0.822540049189446,0.896576169604149,0.0833333333333333
20260701,20,4,5,-5.05103886853359,-48.0219278589934,42.9708889904598,0.821501305733412,0.877711166290499,0
20260701,20,4,6,-5.1240217814975,-55.0874083961882,49.9633866146907,0.830240015089045,0.888258990688095,0
20260701,20,4,7,-5.62776647442113,-23.9620953402921,18.334328865871,0.812928723022351,0.874418669719222,0.0833333333333333
20260701,20,4,8,-6.25671097841571,-12.830713590903,6.57400261248728,0.827287944790076,0.886952768475115,0.0833333333333333
20260701,20,4,9,-4.49433331021379,-58.1951989884384,53.7008656782246,0.818419837647289,0.875924521892047,0
20260701,20,4,10,-3.860085533743,-18.0188266970133,14.1587411632703,0.814772241996197,0.850654026420405,0.0833333333333333
20260701,20,4,11,-4.47687433334107,-12.2283416434664,7.75146731012537,0.825119263592705,0.867315387342812,0.0833333333333333
20260701,20,4,12,-6.50966217792079,-18.0676996465238,11.558037468603,0.823202558537639,0.904009990888162,0.0833333333333333
20260701,20,4,13,-6.58798560409221,-20.2293047437953,13.6413191397031,0.839417353433762,0.896488266224658,0.0833333333333333
20260701,20,4,14,-5.78570263735339,-56.3539168260872,50.5682141887338,0.825731644065874,0.908884158786819,0
20260701,20,4,15,-4.83181953423107,-18.7108167347815,13.8789972005504,0.824323507783273,0.885231018159179,0.0833333333333333
20260701,20,4,16,-4.79901818606611,-21.17815173373,16.3791335476639,0.827805354669405,0.874324853111911,0.0833333333333333
20260701,20,4,17,-6.14225631892375,-55.4965169895478,49.3542606706241,0.816696805346041,0.911141681635226,0
20260701,20,4,18,-5.86143140808112,-15.2056727041944,9.34424129611326,0.814395470638576,0.879887307004759,0.0833333333333333
20260701,20,4,19,-5.28369526882178,-12.6747670910749,7.39107182225312,0.820297028264694,0.883124487843877,0.0833333333333333
20260701,20,4,20,-5.44914519722579,-15.117812403466,9.66866720624021,0.838261225625956,0.902663701042292,0.0833333333333333
20260701,20,8,1,-6.28127848266246,-25.6739121592347,19.3926336765722,0.815686365577889,0.897359600449159,0.0416666666666667
20260701,20,8,2,-5.13073025648061,-15.3683391981479,10.2376089416673,0.81295278189617,0.877025942927482,0.0833333333333333
20260701,20,8,3,-4.26543630057799,-13.8929870031608,9.62755070258284,0.817557829541843,0.87056553608864,0.0416666666666667
20260701,20,8,4,-6.96702879691327,-26.0196925635764,19.0526637666631,0.819873171744094,0.894576783349927,0.0416666666666667
20260701,20,8,5,-5.37464079498058,-18.3374138585918,12.9627730636112,0.818944158009649,0.884124418673359,0.0833333333333333
20260701,20,8,6,-3.72578253219975,-19.4536694813089,15.7278869491091,0.813199107940918,0.857322569308874,0.0416666666666667
20260701,20,8,7,-4.27760680958101,-52.9797932452464,48.7021864356653,0.82066931464742,0.871669137724052,0
20260701,20,8,8,-4.92090472681471,-13.353156583308,8.43225185649326,0.815923663819143,0.889873894234782,0.0416666666666667
20260701,20,8,9,-5.92984926116966,-13.3092515782572,7.37940231708753,0.813518370596363,0.903859329867587,0.0416666666666667
20260701,20,8,10,-6.58218999974602,-20.9311605853032,14.3489705855571,0.812898626875678,0.892237383109681,0.0416666666666667
20260701,20,8,11,-7.19057832890499,-20.364451807316,13.173873478411,0.818191840807215,0.892420101081164,0.125
20260701,20,8,12,-4.93633700252403,-13.0155609645165,8.07922396199247,0.816976308475032,0.845207160894924,0.208333333333333
20260701,20,8,13,-5.09620994541641,-13.4358705127852,8.33966056736876,0.817052793221964,0.884625553414119,0.125
20260701,20,8,14,-4.14968851825335,-44.8178147128823,40.6681261946289,0.818705606261076,0.866661076911701,0
20260701,20,8,15,-6.09538891043265,-17.116791138869,11.0214022284363,0.820648044523342,0.904965089780018,0.0416666666666667
20260701,20,8,16,-5.04292206752065,-13.2860478658439,8.24312579832326,0.811618794518965,0.897499344225289,0.0416666666666667
20260701,20,8,17,-5.42619373049377,-14.3891176755981,8.96292394510436,0.816268742625025,0.880033439718121,0.0416666666666667
20260701,20,8,18,-5.78974503085917,-12.7673737874263,6.97762875656708,0.826521393296505,0.889261757805685,0.0833333333333333
20260701,20,8,19,-4.7755775756141,-52.0393199020153,47.2637423264012,0.818344981853151,0.876584198250139,0
20260701,20,8,20,-4.4800825896312,-11.7396395719094,7.25955698227825,0.813053723786396,0.877789085400353,0.0833333333333333
20260701,30,2,1,-4.56336227467801,-12.3167647500936,7.75340247541554,0.820082881630171,0.856327829706705,0.166666666666667
20260701,30,2,2,-2.93448369722768,-62.0190949373528,59.0846112401251,0.814447518393616,0.854915149764572,0
20260701,30,2,3,-6.8457458672951,-9.88424902487001,3.03850315757491,0.83369991122194,0.921998542645607,0.166666666666667
20260701,30,2,4,-3.75558603807018,-10.4389572011006,6.68337116303042,0.813041296455876,0.862107732726933,0.166666666666667
20260701,30,2,5,-6.53484112613899,-65.8210617906304,59.2862206644914,0.819366784342117,0.892410042818276,0
20260701,30,2,6,-4.38815771165032,-15.212036640307,10.8238789286567,0.81828497051465,0.84860220416363,0.166666666666667
20260701,30,2,7,-5.38707602740897,-61.8275845547744,56.4405085273655,0.830540985049156,0.876156837682628,0
20260701,30,2,8,-5.30464917387642,-63.8184782660573,58.5138290921809,0.839514262857821,0.89581502698352,0
20260701,30,2,9,-4.2260208343863,-60.2845152742536,56.0584944398673,0.823947678052165,0.88257798900643,0
20260701,30,2,10,-5.58564675215312,-25.0567833600337,19.4711366078806,0.834623533411954,0.890267506169502,0.166666666666667
20260701,30,2,11,-3.73938549982668,-8.38481867346773,4.64543317364105,0.828459538968962,0.870413592185027,0.166666666666667
20260701,30,2,12,-3.53678483111407,-62.1622301215672,58.6254452904531,0.813890202354026,0.876923912455209,0
20260701,30,2,13,-6.35026281628032,-62.4128207850245,56.0625579687442,0.831769428982079,0.907534684871801,0
20260701,30,2,14,-6.60614466698683,-69.2655892455515,62.6594445785647,0.824304539457505,0.89070953511815,0
20260701,30,2,15,-9.07795784090008,-73.2191346301317,64.1411767892316,0.879171598418225,0.910430859651638,0
20260701,30,2,16,-3.49920584381188,-66.9582731959631,63.4590673521512,0.816367123364259,0.874474923978883,0
20260701,30,2,17,-5.01043683993633,-16.9252943306135,11.9148574906772,0.829354305940776,0.854983771585052,0.166666666666667
20260701,30,2,18,-6.51213466189564,-74.7199079581401,68.2077732962445,0.841631436272871,0.881607178351802,0
20260701,30,2,19,-3.95311545299142,-12.1572249842727,8.20410953128128,0.81987857239633,0.849951814945509,0.166666666666667
20260701,30,2,20,-6.92346415881096,-70.5975899464706,63.6741257876596,0.819299855562065,0.900090287477763,0
20260701,30,4,1,-6.38183826725383,-44.6903533902707,38.3085151230169,0.829538441560759,0.917429317175099,0
20260701,30,4,2,-8.14225629584516,-21.6634153558217,13.5211590599765,0.814945700602886,0.906749019956048,0.0833333333333333
20260701,30,4,3,-4.68499108664041,-13.0314527512382,8.3464616645978,0.81567400463418,0.869686022558674,0.0833333333333333
20260701,30,4,4,-4.15934451486536,-61.2401541121584,57.0808095972931,0.816754545038879,0.874638808096209,0
20260701,30,4,5,-5.98624950553618,-21.5665189325529,15.5802694270167,0.832780672703226,0.887236015868912,0.0833333333333333
20260701,30,4,6,-5.57021971083491,-11.723439894073,6.15322018323811,0.819284807315684,0.903670852968668,0.0833333333333333
20260701,30,4,7,-6.95360374893605,-23.6293227805991,16.675719031663,0.814771080734036,0.890302579105848,0.0833333333333333
20260701,30,4,8,-7.33641274257824,-14.4361268023503,7.09971405977201,0.424604703640861,0.856770031672376,0.166666666666667
20260701,30,4,9,-5.38242105076233,-13.8457972562812,8.46337620551889,0.818120502351683,0.876397099627849,0.0833333333333333
20260701,30,4,10,-6.4256563802,-63.9083219816633,57.4826656014634,0.819416251428032,0.903616891826645,0
20260701,30,4,11,-4.38944522507604,-12.2727083419344,7.88326311685835,0.816246797675452,0.871292870518821,0.0833333333333333
20260701,30,4,12,-5.02941823786769,-11.1501003923168,6.12068215444915,0.829904636237086,0.849939515587598,0.25
20260701,30,4,13,-4.34204132127652,-58.5390232633568,54.1969819420803,0.813169432632855,0.873864220039485,0
20260701,30,4,14,-5.27894256708577,-13.6540970581225,8.37515449103676,0.814835377994866,0.89022472912388,0.0833333333333333
20260701,30,4,15,-5.34916271180873,-16.9455530117559,11.5963902999472,0.817927121450205,0.885131125543485,0.0833333333333333
20260701,30,4,16,-4.75856720396783,-11.6419155324138,6.88334832844595,0.826735336386602,0.874930889489052,0.0833333333333333
20260701,30,4,17,-5.68066870225597,-12.0609986087904,6.38032990653447,0.830764374785626,0.885018632504185,0.0833333333333333
20260701,30,4,18,-4.01005190048967,-13.2998424594874,9.28979055899774,0.814167193511388,0.861887577473033,0.0833333333333333
20260701,30,4,19,-4.54796722925995,-15.142096691294,10.5941294620341,0.813571483778193,0.858676044366658,0.0833333333333333
20260701,30,4,20,-4.05890079502808,-15.8868088985573,11.8279081035292,0.818618103792462,0.862459084583096,0.0833333333333333
20260701,30,8,1,-6.84261451866527,-16.4172641694672,9.57464965080195,0.220350419231069,0.853958849365404,0.125
20260701,30,8,2,-5.98244542269203,-19.7082325568147,13.7257871341227,0.824227059953307,0.892385918545182,0.0416666666666667
20260701,30,8,3,-5.88115837433504,-13.6779206840188,7.79676230968377,0.816631306772313,0.87648560211356,0.0833333333333333
20260701,30,8,4,-6.06737616803659,-17.0852798905228,11.0179037224862,0.817219940513326,0.867511451753007,0.125
20260701,30,8,5,-5.25690801406094,-18.2982932326286,13.0413852185676,0.816571564638494,0.88305973143443,0.0833333333333333
20260701,30,8,6,-6.0537767917112,-13.9389483979527,7.88517160624148,0.815808090423879,0.892536638866875,0.0833333333333333
20260701,30,8,7,-4.48742684505156,-11.5054788959564,7.01805205090486,0.818813592991816,0.865442902339225,0.0833333333333333
20260701,30,8,8,-5.05569641456874,-17.7916433993201,12.7359469847514,0.815008829882488,0.867194846795707,0.0416666666666667
20260701,30,8,9,-4.34070361793088,-17.5010168920247,13.1603132740938,0.818702564358654,0.881954672545625,0.0416666666666667
20260701,30,8,10,-4.6330582344432,-58.3221897401266,53.6891315056834,0.814604498942163,0.883668976292698,0
20260701,30,8,11,-4.62160231101699,-12.9407123535951,8.31911004257806,0.815690352030781,0.879527455282521,0.0833333333333333
20260701,30,8,12,-5.47982019215636,-16.8407912502713,11.360971058115,0.815327660300274,0.877389678532033,0.0833333333333333
20260701,30,8,13,-4.54460585030121,-13.9733501085857,9.42874425828451,0.816824495941871,0.872803236458903,0.0833333333333333
20260701,30,8,14,-5.5776275097669,-12.9868773882729,7.40924987850599,0.815810872668094,0.884906963344562,0.125
20260701,30,8,15,-4.77039466210295,-13.6013986283869,8.83100396628393,0.816056341112338,0.885699320463123,0.0833333333333333
20260701,30,8,16,-5.56959166866976,-15.5756769428176,10.0060852741478,0.818893375119842,0.88926977143728,0.0416666666666667
20260701,30,8,17,-5.49443106122189,-16.445283967646,10.9508529064241,0.814692477144312,0.876703735285729,0.0416666666666667
20260701,30,8,18,-4.48275023610186,-13.5173739712074,9.03462373510558,0.821205238682813,0.868132832387455,0.0833333333333333
20260701,30,8,19,-5.54542014652759,-10.9316079912143,5.38618784468675,0.816314779157131,0.894798938113579,0.125
20260701,30,8,20,-4.23609128936297,-12.6647753566892,8.42868406732627,0.814357829513216,0.873267037554666,0.0416666666666667
20260702,0,2,1,-3.98470219941446,-38.2761199897976,34.2914177903831,0.825502387155634,0.872099105402729,0
20260702,0,2,2,-4.03182817608237,-10.4219144402406,6.3900862641582,0.837015591982004,0.852075639476189,0.166666666666667
20260702,0,2,3,-5.62797598244928,-13.9827764811577,8.35480049870838,0.837067688169328,0.887592258986412,0.166666666666667
20260702,0,2,4,-5.09863824560964,-39.3232035165636,34.224565270954,0.827775098828961,0.881963720024913,0
20260702,0,2,5,-6.92107271555148,-38.7328519505471,31.8117792349956,0.829617541863413,0.904654930493456,0
20260702,0,2,6,-8.13086681262069,-39.6514840774009,31.5206172647803,0.852119743991734,0.902271655499213,0
20260702,0,2,7,-4.44795899165334,-38.6762454928261,34.2282865011728,0.833082277402408,0.88047936102284,0
20260702,0,2,8,-5.31293251133725,-20.3522235612409,15.0392910499037,0.83730786462845,0.868527329609572,0.166666666666667
20260702,0,2,9,-4.15439754395888,-36.4870767529864,32.3326792090275,0.822818450858206,0.880779840350863,0
20260702,0,2,10,-2.82866028676315,-33.895058821299,31.0663985345358,0.805291971274889,0.849109874367461,0
20260702,0,2,11,-3.7376024317934,-6.79783829264926,3.06023586085586,0.813261903162964,0.86293449058628,0.166666666666667
20260702,0,2,12,-6.36944899858951,-39.1291129998945,32.7596640013049,0.834125571330667,0.890339464454452,0
20260702,0,2,13,-6.98191621639612,-39.5340826662857,32.5521664498896,0.823267774629982,0.89497852288182,0
20260702,0,2,14,-3.6486543685124,-7.81784085146391,4.16918648295151,0.814822136679318,0.855483785988945,0.166666666666667
20260702,0,2,15,-11.4818738318497,-38.2703427469527,26.788468915103,0.843149469557484,0.919029683934922,0
20260702,0,2,16,-7.54283768247269,-39.7374108644299,32.1945731819572,0.851107316076428,0.90498310736753,0
20260702,0,2,17,-3.61124659609207,-38.0225605766727,34.4113139805806,0.816692685741128,0.87111436549753,0
20260702,0,2,18,-3.53926980101997,-43.2186763539426,39.6794065529226,0.81543846966141,0.896191883710072,0
20260702,0,2,19,-8.94893398775102,-41.0947869302597,32.1458529425087,0.838341457439712,0.908674088442635,0
20260702,0,2,20,-3.88860953621224,-38.6308394211434,34.7422298849311,0.819573742824511,0.864678138455238,0
20260702,0,4,1,-3.84189031672233,-20.9244530639753,17.082562747253,0.811004625801803,0.893477603699942,0.0833333333333333
20260702,0,4,2,-3.63428382473274,-25.020859360534,21.3865755358012,0.815375365694934,0.853827069235134,0.0833333333333333
20260702,0,4,3,-5.64951914622319,-10.2276042737726,4.57808512754938,0.824884618359688,0.898424645802464,0.0833333333333333
20260702,0,4,4,-3.73989451138639,-35.775973756982,32.0360792455956,0.812962490581363,0.874908949652076,0
20260702,0,4,5,-5.74575719535329,-12.7562583043787,7.01050110902546,0.800152143859014,0.868080772966765,0.0833333333333333
20260702,0,4,6,-5.77769018687833,-17.5889879806979,11.8112977938196,0.819001476466826,0.880107209445823,0.0833333333333333
20260702,0,4,7,-5.86284976276121,-13.6183857729189,7.75553601015772,0.800902544432799,0.86527472205832,0.166666666666667
20260702,0,4,8,-5.44292034306732,-11.2117858050769,5.76886546200957,0.818255616308844,0.869610080577408,0.0833333333333333
20260702,0,4,9,-5.31345309650794,-13.7988427020831,8.48538960557521,0.831703971394378,0.866441410982508,0.166666666666667
20260702,0,4,10,-4.05581805121615,-10.7109753071201,6.65515725590399,0.817105667490756,0.856234700757823,0.166666666666667
20260702,0,4,11,-5.78566239476201,-20.3394458412302,14.5537834464682,0.814094037515366,0.890574071938142,0.0833333333333333
20260702,0,4,12,-5.11826327589366,-13.7773517329286,8.65908845703498,0.818553405731333,0.885418938824261,0.0833333333333333
20260702,0,4,13,-5.22545743546696,-11.411621436663,6.186164001196,0.814496225188736,0.883245273161602,0.0833333333333333
20260702,0,4,14,-6.1885069741353,-10.2037691269355,4.01526215280019,0.817593542155842,0.909916553420912,0.0833333333333333
20260702,0,4,15,-7.41686232209755,-34.3040688734535,26.887206551356,0.817856106824936,0.885011523386102,0
20260702,0,4,16,-7.35945314661964,-13.8770630756722,6.51760992905257,0.432916993100873,0.874614626233567,0.166666666666667
20260702,0,4,17,-9.16200987895352,-34.1288470631055,24.966837184152,0.80993393900414,0.906537994133088,0
20260702,0,4,18,-7.94164200133481,-37.4097343686431,29.4680923673083,0.832521614523763,0.908619658225135,0
20260702,0,4,19,-5.33884219676057,-33.3060453169447,27.9672031201841,0.825993472687241,0.895108748142082,0
20260702,0,4,20,-4.45458156745317,-32.5451673187755,28.0905857513223,0.80656988170534,0.890900974060277,0
20260702,0,8,1,-4.61906720340733,-26.7465200086887,22.1274528052813,0.819961968952786,0.883240005421784,0.0416666666666667
20260702,0,8,2,-5.99618979168438,-24.6102989072474,18.614109115563,0.816301077650526,0.881717122303493,0.0416666666666667
20260702,0,8,3,-4.69976885824544,-14.3701653264971,9.67039646825168,0.81058246932589,0.874067688966665,0.0833333333333333
20260702,0,8,4,-4.87530475358577,-17.7565799846948,12.881275231109,0.80823444627042,0.862749554392574,0.125
20260702,0,8,5,-5.60452139159658,-16.0121168960974,10.4075955045008,0.820308259332123,0.893648976080753,0.0416666666666667
20260702,0,8,6,-5.8961016026985,-16.4717648175357,10.5756632148372,0.81808389939509,0.89582060062324,0.0416666666666667
20260702,0,8,7,-4.7655228567197,-24.3935009181206,19.6279780614009,0.813346708018959,0.873672080283533,0.0416666666666667
20260702,0,8,8,-5.68124073410261,-16.8909654583926,11.20972472429,0.819654455991619,0.886609099664797,0.0416666666666667
20260702,0,8,9,-5.28714339272548,-15.0652119028703,9.77806851014486,0.807275417034858,0.878609369107734,0.0833333333333333
20260702,0,8,10,-7.51864404785043,-15.6274484959911,8.10880444814063,0.526300253305449,0.886131331383269,0.0833333333333333
20260702,0,8,11,-5.28323087497516,-32.8183595644604,27.5351286894852,0.813772998148053,0.883642931046121,0
20260702,0,8,12,-5.19285897378569,-13.5888571421882,8.39599816840247,0.809335485147186,0.88638504877185,0.0833333333333333
20260702,0,8,13,-5.71631570902822,-14.4620571647037,8.74574145567545,0.80905355071401,0.88443751963385,0.0833333333333333
20260702,0,8,14,-6.46350586258119,-17.0592386363275,10.5957327737463,0.806223120157525,0.881374482385587,0.0833333333333333
20260702,0,8,15,-4.41398860597197,-13.6004303800625,9.18644177409049,0.8124950023573,0.885246935514362,0.0416666666666667
20260702,0,8,16,-4.36305976484988,-15.297196273216,10.9341365083661,0.804742564730808,0.871122359140002,0.125
20260702,0,8,17,-6.96107082779361,-16.3618372651563,9.40076643736269,0.813941216074936,0.893928933787752,0.0833333333333333
20260702,0,8,18,-6.61336450110647,-15.6480440123542,9.03467951124776,0.382731056001423,0.868874310404587,0.125
20260702,0,8,19,-4.81137310244792,-16.6431800126338,11.8318069101859,0.804209112718376,0.882953316654869,0.0416666666666667
20260702,0,8,20,-5.85060463046684,-31.712191063376,25.8615864329092,0.806248315142468,0.891427536771744,0.0416666666666667
20260702,10,2,1,-3.9212311810027,-48.660353428928,44.7391222479253,0.826952666230592,0.871513017297004,0
20260702,10,2,2,-5.35259242720982,-51.0574133502162,45.7048209230064,0.830487197429914,0.89174628666072,0
20260702,10,2,3,-6.00667826929578,-15.4471180332463,9.44043976395049,0.814466420368627,0.890792045445474,0.166666666666667
20260702,10,2,4,-4.25535934958636,-47.8994710433214,43.6441116937351,0.821228554458706,0.876943268469183,0
20260702,10,2,5,-3.54489579425282,-11.7134869924279,8.16859119817508,0.822724735703904,0.840870638276194,0.166666666666667
20260702,10,2,6,-4.69584155090241,-51.2350574606115,46.5392159097091,0.826083853197144,0.881394025709921,0
20260702,10,2,7,-7.47353187398474,-48.1801705713301,40.7066386973454,0.839842113022061,0.918748748805783,0
20260702,10,2,8,-4.05240727928999,-48.7942116607444,44.7418043814544,0.816325854575398,0.869305203500472,0
20260702,10,2,9,-5.39867591188729,-47.6793712297542,42.280695317867,0.849780478021836,0.872039880604624,0
20260702,10,2,10,-3.17307998381569,-47.2681633405167,44.095083356701,0.816264678035226,0.866200813687684,0
20260702,10,2,11,-5.85884524118204,-50.44398317112,44.585137929938,0.831281579699452,0.89989491639325,0
20260702,10,2,12,-3.1948039835828,-51.1897570594207,47.9949530758379,0.829011047242622,0.84909938490797,0
20260702,10,2,13,-3.29610900881771,-45.9891839945714,42.6930749857537,0.818209698866668,0.849732116471479,0
20260702,10,2,14,-2.14407378704522,-47.7789601713707,45.6348863843254,0.815353699514391,0.848347870118392,0
20260702,10,2,15,-2.86755184194838,-49.4435042258901,46.5759523839417,0.816481892984104,0.84755581117701,0
20260702,10,2,16,-6.54179950465215,-49.1003920610935,42.5585925564414,0.829353341871843,0.893914777922202,0
20260702,10,2,17,-6.33711091427589,-50.7240682136835,44.3869572994076,0.817718475568409,0.895116507087967,0
20260702,10,2,18,-3.49577923538775,-50.636818558974,47.1410393235863,0.816462921743889,0.869883710132411,0
20260702,10,2,19,-4.85333389713419,-47.59663520213,42.7433013049959,0.817389303086286,0.872698549711202,0
20260702,10,2,20,-4.78340612193101,-50.154047024718,45.370640902787,0.820100219739829,0.883811601028946,0
20260702,10,4,1,-5.6358979044868,-48.0230413950581,42.3871434905713,0.828930860365027,0.896857608770359,0
20260702,10,4,2,-3.95301010549453,-44.5984829836283,40.6454728781337,0.815771764013999,0.869733420095652,0
20260702,10,4,3,-6.42012491029924,-11.6303059676146,5.21018105731538,0.827088240112963,0.911372788256991,0.0833333333333333
20260702,10,4,4,-6.05490366787519,-16.6148064807243,10.5599028128492,0.818617900304483,0.907052826149424,0.0833333333333333
20260702,10,4,5,-3.02667071277947,-10.694921241941,7.66825052916156,0.816945505762407,0.858961813553199,0.0833333333333333
20260702,10,4,6,-4.34669098722328,-16.4427887199328,12.0960977327096,0.813535132449676,0.874283453147355,0.0833333333333333
20260702,10,4,7,-5.18962998766757,-16.3148163410658,11.1251863533982,0.813719197793369,0.878283773119181,0.0833333333333333
20260702,10,4,8,-8.13897132617963,-31.4890341973503,23.3500628711707,0.818809986830583,0.924724197487651,0
20260702,10,4,9,-3.93678444116612,-44.2111415994059,40.2743571582397,0.816800802023331,0.876654120925037,0
20260702,10,4,10,-4.42342693403393,-44.1830190998039,39.7595921657699,0.820220683343849,0.893398110361681,0
20260702,10,4,11,-5.30209260032147,-10.6759316917139,5.37383909139245,0.821083384536492,0.898412860540614,0.0833333333333333
20260702,10,4,12,-6.84258701701158,-46.075686336288,39.2330993192764,0.824461077658291,0.897585421259186,0
20260702,10,4,13,-4.29321494871097,-12.2425689040778,7.94935395536687,0.812649739505017,0.868834217211699,0.0833333333333333
20260702,10,4,14,-5.96357400557216,-20.841843394528,14.8782693889558,0.835918929884256,0.894132297763227,0.0833333333333333
20260702,10,4,15,-5.43672546650248,-12.7181341815231,7.28140871502063,0.811844796614134,0.901711373312836,0.0833333333333333
20260702,10,4,16,-4.32969879138317,-44.8573405748531,40.52764178347,0.817077742792089,0.864899193196442,0
20260702,10,4,17,-8.65182675594747,-17.5382858030296,8.88645904708208,0.86850584821179,0.911407556337192,0.0833333333333333
20260702,10,4,18,-5.9374923760378,-12.7751763655485,6.83768398951073,0.839812205653811,0.897793019800744,0.0833333333333333
20260702,10,4,19,-6.70787137160694,-44.27953452174,37.5716631501331,0.812444277424744,0.878985478457454,0
20260702,10,4,20,-4.50048365639328,-25.1668870413554,20.6664033849621,0.824540118970029,0.859704833714502,0.0833333333333333
20260702,10,8,1,-6.60827710947765,-15.1788118411484,8.57053473167072,0.815877917352157,0.915109028200796,0.0416666666666667
20260702,10,8,2,-5.57593194336927,-15.1147509777886,9.53881903441935,0.814263662312181,0.895716200385521,0.0833333333333333
20260702,10,8,3,-5.27134363638866,-19.4431776722644,14.1718340358757,0.812467106329863,0.877972777139053,0.0416666666666667
20260702,10,8,4,-6.23180973168548,-17.341023549983,11.1092138182975,0.83213346606788,0.886850505162361,0.0833333333333333
20260702,10,8,5,-5.34036124928734,-15.5973708783595,10.2570096290721,0.821934300596508,0.889755370610197,0.0416666666666667
20260702,10,8,6,-4.6777147086833,-27.4168066253479,22.7390919166646,0.814673015574375,0.868169142446427,0.0416666666666667
20260702,10,8,7,-4.61060454562969,-11.335186887657,6.72458234202726,0.813972527508183,0.879886259813108,0.0833333333333333
20260702,10,8,8,-5.41091204043685,-15.8777881558046,10.4668761153678,0.817726724771581,0.880611542432901,0.0833333333333333
20260702,10,8,9,-3.7188712110688,-15.3827536336078,11.663882422539,0.814731959636102,0.862751075699081,0.0416666666666667
20260702,10,8,10,-5.69741986512632,-20.9644791216549,15.2670592565286,0.81917688433217,0.887778453117686,0.0416666666666667
20260702,10,8,11,-4.34766517384253,-20.1875756550666,15.8399104812241,0.812708978197011,0.857406901043247,0.0833333333333333
20260702,10,8,12,-4.87775974175606,-17.3404810184069,12.4627212766509,0.816669624008201,0.876140658876771,0.0416666666666667
20260702,10,8,13,-4.28391186071389,-12.1513829140934,7.86747105337955,0.818307135754257,0.864783291182953,0.0833333333333333
20260702,10,8,14,-4.80977462146499,-15.4045931097303,10.5948184882654,0.816664787802866,0.876220483330763,0.0416666666666667
20260702,10,8,15,-6.60964855009995,-17.8946078488496,11.2849592987496,0.825316021903901,0.8905542292628,0.0416666666666667
20260702,10,8,16,-4.94302103155024,-13.8440671415438,8.90104610999355,0.816217957586059,0.897496967235692,0.0416666666666667
20260702,10,8,17,-5.69784027068055,-14.1468393081077,8.44899903742711,0.81876631184769,0.885127324526604,0.0833333333333333
20260702,10,8,18,-5.05151761141767,-30.6621159338984,25.6105983224808,0.821490491297918,0.880445128183657,0.0416666666666667
20260702,10,8,19,-4.34601236543712,-14.2930288494089,9.94701648397183,0.815334798618721,0.878641118717931,0.0833333333333333
20260702,10,8,20,-5.02863488739987,-18.6414886658114,13.6128537784116,0.816345155874712,0.882520663739465,0.0416666666666667
20260702,20,2,1,-4.36062377206157,-59.530186040788,55.1695622687265,0.819650306770905,0.87633837973688,0
20260702,20,2,2,-3.60201011305256,-54.7985945430304,51.1965844299778,0.824343464667999,0.870902832399075,0
20260702,20,2,3,-6.10273170455358,-25.6748127913249,19.5720810867713,0.84432218639156,0.881632546963604,0.166666666666667
20260702,20,2,4,-9.34436440042244,-15.2009598609286,5.85659546050616,0.860299952380217,0.930153592111138,0.166666666666667
20260702,20,2,5,-5.39012884905994,-57.9342437468329,52.544114897773,0.827098474225444,0.870575357921162,0
20260702,20,2,6,-7.36974505325385,-59.9819948223345,52.6122497690807,0.817216495604913,0.895099950190861,0
20260702,20,2,7,-6.68082090682354,-56.0812336388607,49.4004127320372,0.843796459336067,0.926326697824308,0
20260702,20,2,8,-3.16406253603304,-54.4100633013237,51.2460007652907,0.815903311134664,0.862789968007992,0
20260702,20,2,9,-7.19094479975028,-14.386479198962,7.1955343992117,0.861029531927385,0.889769881120936,0.166666666666667
20260702,20,2,10,-11.3394774864232,-59.0608219419654,47.7213444555422,0.883270444919807,0.935548979582404,0
20260702,20,2,11,-7.27311866327346,-55.7605528043672,48.4874341410937,0.826766532978412,0.916066240223869,0
20260702,20,2,12,-3.82465322155485,-11.5860929205916,7.76143969903677,0.822303903109106,0.843052265710106,0.166666666666667
20260702,20,2,13,-3.71337420865949,-56.6154148114869,52.9020406028274,0.822118966020168,0.847399996189843,0
20260702,20,2,14,-3.30029503725399,-8.23015225549339,4.92985721823939,0.811974629341032,0.853188092177957,0.166666666666667
20260702,20,2,15,-9.03353746611863,-57.1305230748692,48.0969856087505,0.83313575223667,0.916949930471754,0
20260702,20,2,16,-5.24416280494636,-58.5654627761992,53.3212999712529,0.82166128141718,0.89113041295206,0
20260702,20,2,17,-7.285294211627,-61.010980712422,53.725686500795,0.817089839769935,0.915525282841721,0
20260702,20,2,18,-4.60775522346741,-56.5222292688939,51.9144740454265,0.824066729927101,0.871680256429195,0
20260702,20,2,19,-3.82989907779874,-55.7440029512303,51.9141038734315,0.822104935763684,0.870711497608723,0
20260702,20,2,20,-4.47677301763212,-57.4505216133358,52.9737485957037,0.816128538403915,0.896042644044147,0
20260702,20,4,1,-8.53110185908047,-55.1546117505112,46.6235098914307,0.827473610105264,0.909831164705878,0
20260702,20,4,2,-4.93797541109168,-19.1264391850815,14.1884637739899,0.816904999726229,0.879809380859904,0.0833333333333333
20260702,20,4,3,-6.39378050852643,-27.7650116095599,21.3712311010335,0.822540049189446,0.896576169604149,0.0833333333333333
20260702,20,4,4,-5.05103886853359,-48.0219278589934,42.9708889904598,0.821501305733412,0.877711166290499,0
20260702,20,4,5,-5.1240217814975,-55.0874083961882,49.9633866146907,0.830240015089045,0.888258990688095,0
20260702,20,4,6,-5.62776647442113,-23.9620953402921,18.334328865871,0.812928723022351,0.874418669719222,0.0833333333333333
20260702,20,4,7,-6.25671097841571,-12.830713590903,6.57400261248728,0.827287944790076,0.886952768475115,0.0833333333333333
20260702,20,4,8,-4.49433331021379,-58.1951989884384,53.7008656782246,0.818419837647289,0.875924521892047,0
20260702,20,4,9,-3.860085533743,-18.0188266970133,14.1587411632703,0.814772241996197,0.850654026420405,0.0833333333333333
20260702,20,4,10,-4.47687433334107,-12.2283416434664,7.75146731012537,0.825119263592705,0.867315387342812,0.0833333333333333
20260702,20,4,11,-6.50966217792079,-18.0676996465238,11.558037468603,0.823202558537639,0.904009990888162,0.0833333333333333
20260702,20,4,12,-6.58798560409221,-20.2293047437953,13.6413191397031,0.839417353433762,0.896488266224658,0.0833333333333333
20260702,20,4,13,-5.78570263735339,-56.3539168260872,50.5682141887338,0.825731644065874,0.908884158786819,0
20260702,20,4,14,-4.83181953423107,-18.7108167347815,13.8789972005504,0.824323507783273,0.885231018159179,0.0833333333333333
20260702,20,4,15,-4.79901818606611,-21.17815173373,16.3791335476639,0.827805354669405,0.874324853111911,0.0833333333333333
20260702,20,4,16,-6.14225631892375,-55.4965169895478,49.3542606706241,0.816696805346041,0.911141681635226,0
20260702,20,4,17,-5.86143140808112,-15.2056727041944,9.34424129611326,0.814395470638576,0.879887307004759,0.0833333333333333
20260702,20,4,18,-5.28369526882178,-12.6747670910749,7.39107182225312,0.820297028264694,0.883124487843877,0.0833333333333333
20260702,20,4,19,-5.44914519722579,-15.117812403466,9.66866720624021,0.838261225625956,0.902663701042292,0.0833333333333333
20260702,20,4,20,-5.09271665505799,-12.2423586965642,7.14964204150617,0.819132480861236,0.873430138587634,0.166666666666667
20260702,20,8,1,-5.13073025648061,-15.3683391981479,10.2376089416673,0.81295278189617,0.877025942927482,0.0833333333333333
20260702,20,8,2,-4.26543630057799,-13.8929870031608,9.62755070258284,0.817557829541843,0.87056553608864,0.0416666666666667
20260702,20,8,3,-6.96702879691327,-26.0196925635764,19.0526637666631,0.819873171744094,0.894576783349927,0.0416666666666667
20260702,20,8,4,-5.37464079498058,-18.3374138585918,12.9627730636112,0.818944158009649,0.884124418673359,0.0833333333333333
20260702,20,8,5,-3.72578253219975,-19.4536694813089,15.7278869491091,0.813199107940918,0.857322569308874,0.0416666666666667
20260702,20,8,6,-4.27760680958101,-52.9797932452464,48.7021864356653,0.82066931464742,0.871669137724052,0
20260702,20,8,7,-4.92090472681471,-13.353156583308,8.43225185649326,0.815923663819143,0.889873894234782,0.0416666666666667
20260702,20,8,8,-5.92984926116966,-13.3092515782572,7.37940231708753,0.813518370596363,0.903859329867587,0.0416666666666667
20260702,20,8,9,-6.58218999974602,-20.9311605853032,14.3489705855571,0.812898626875678,0.892237383109681,0.0416666666666667
20260702,20,8,10,-7.19057832890499,-20.364451807316,13.173873478411,0.818191840807215,0.892420101081164,0.125
20260702,20,8,11,-4.93633700252403,-13.0155609645165,8.07922396199247,0.816976308475032,0.845207160894924,0.208333333333333
20260702,20,8,12,-5.09620994541641,-13.4358705127852,8.33966056736876,0.817052793221964,0.884625553414119,0.125
20260702,20,8,13,-4.14968851825335,-44.8178147128823,40.6681261946289,0.818705606261076,0.866661076911701,0
20260702,20,8,14,-6.09538891043265,-17.116791138869,11.0214022284363,0.820648044523342,0.904965089780018,0.0416666666666667
20260702,20,8,15,-5.04292206752065,-13.2860478658439,8.24312579832326,0.811618794518965,0.897499344225289,0.0416666666666667
20260702,20,8,16,-5.42619373049377,-14.3891176755981,8.96292394510436,0.816268742625025,0.880033439718121,0.0416666666666667
20260702,20,8,17,-5.78974503085917,-12.7673737874263,6.97762875656708,0.826521393296505,0.889261757805685,0.0833333333333333
20260702,20,8,18,-4.7755775756141,-52.0393199020153,47.2637423264012,0.818344981853151,0.876584198250139,0
20260702,20,8,19,-4.4800825896312,-11.7396395719094,7.25955698227825,0.813053723786396,0.877789085400353,0.0833333333333333
20260702,20,8,20,-4.34863893366483,-12.2301083012202,7.88146936755536,0.816847623506801,0.857826772597986,0.125
20260702,30,2,1,-2.93448369722768,-62.0190949373528,59.0846112401251,0.814447518393616,0.854915149764572,0
20260702,30,2,2,-6.8457458672951,-9.88424902487001,3.03850315757491,0.83369991122194,0.921998542645607,0.166666666666667
20260702,30,2,3,-3.75558603807018,-10.4389572011006,6.68337116303042,0.813041296455876,0.862107732726933,0.166666666666667
20260702,30,2,4,-6.53484112613899,-65.8210617906304,59.2862206644914,0.819366784342117,0.892410042818276,0
20260702,30,2,5,-4.38815771165032,-15.212036640307,10.8238789286567,0.81828497051465,0.84860220416363,0.166666666666667
20260702,30,2,6,-5.38707602740897,-61.8275845547744,56.4405085273655,0.830540985049156,0.876156837682628,0
20260702,30,2,7,-5.30464917387642,-63.8184782660573,58.5138290921809,0.839514262857821,0.89581502698352,0
20260702,30,2,8,-4.2260208343863,-60.2845152742536,56.0584944398673,0.823947678052165,0.88257798900643,0
20260702,30,2,9,-5.58564675215312,-25.0567833600337,19.4711366078806,0.834623533411954,0.890267506169502,0.166666666666667
20260702,30,2,10,-3.73938549982668,-8.38481867346773,4.64543317364105,0.828459538968962,0.870413592185027,0.166666666666667
20260702,30,2,11,-3.53678483111407,-62.1622301215672,58.6254452904531,0.813890202354026,0.876923912455209,0
20260702,30,2,12,-6.35026281628032,-62.4128207850245,56.0625579687442,0.831769428982079,0.907534684871801,0
20260702,30,2,13,-6.60614466698683,-69.2655892455515,62.6594445785647,0.824304539457505,0.89070953511815,0
20260702,30,2,14,-9.07795784090008,-73.2191346301317,64.1411767892316,0.879171598418225,0.910430859651638,0
20260702,30,2,15,-3.49920584381188,-66.9582731959631,63.4590673521512,0.816367123364259,0.874474923978883,0
20260702,30,2,16,-5.01043683993633,-16.9252943306135,11.9148574906772,0.829354305940776,0.854983771585052,0.166666666666667
20260702,30,2,17,-6.51213466189564,-74.7199079581401,68.2077732962445,0.841631436272871,0.881607178351802,0
20260702,30,2,18,-3.95311545299142,-12.1572249842727,8.20410953128128,0.81987857239633,0.849951814945509,0.166666666666667
20260702,30,2,19,-6.92346415881096,-70.5975899464706,63.6741257876596,0.819299855562065,0.900090287477763,0
20260702,30,2,20,-8.8640107137705,-13.5577057399336,4.69369502616309,0.853397502814342,0.92399840674063,0.166666666666667
20260702,30,4,1,-8.14225629584516,-21.6634153558217,13.5211590599765,0.814945700602886,0.906749019956048,0.0833333333333333
20260702,30,4,2,-4.68499108664041,-13.0314527512382,8.3464616645978,0.81567400463418,0.869686022558674,0.0833333333333333
20260702,30,4,3,-4.15934451486536,-61.2401541121584,57.0808095972931,0.816754545038879,0.874638808096209,0
20260702,30,4,4,-5.98624950553618,-21.5665189325529,15.5802694270167,0.832780672703226,0.887236015868912,0.0833333333333333
20260702,30,4,5,-5.57021971083491,-11.723439894073,6.15322018323811,0.819284807315684,0.903670852968668,0.0833333333333333
20260702,30,4,6,-6.95360374893605,-23.6293227805991,16.675719031663,0.814771080734036,0.890302579105848,0.0833333333333333
20260702,30,4,7,-7.33641274257824,-14.4361268023503,7.09971405977201,0.424604703640861,0.856770031672376,0.166666666666667
20260702,30,4,8,-5.38242105076233,-13.8457972562812,8.46337620551889,0.818120502351683,0.876397099627849,0.0833333333333333
20260702,30,4,9,-6.4256563802,-63.9083219816633,57.4826656014634,0.819416251428032,0.903616891826645,0
20260702,30,4,10,-4.38944522507604,-12.2727083419344,7.88326311685835,0.816246797675452,0.871292870518821,0.0833333333333333
20260702,30,4,11,-5.02941823786769,-11.1501003923168,6.12068215444915,0.829904636237086,0.849939515587598,0.25
20260702,30,4,12,-4.34204132127652,-58.5390232633568,54.1969819420803,0.813169432632855,0.873864220039485,0
20260702,30,4,13,-5.27894256708577,-13.6540970581225,8.37515449103676,0.814835377994866,0.89022472912388,0.0833333333333333
20260702,30,4,14,-5.34916271180873,-16.9455530117559,11.5963902999472,0.817927121450205,0.885131125543485,0.0833333333333333
20260702,30,4,15,-4.75856720396783,-11.6419155324138,6.88334832844595,0.826735336386602,0.874930889489052,0.0833333333333333
20260702,30,4,16,-5.68066870225597,-12.0609986087904,6.38032990653447,0.830764374785626,0.885018632504185,0.0833333333333333
20260702,30,4,17,-4.01005190048967,-13.2998424594874,9.28979055899774,0.814167193511388,0.861887577473033,0.0833333333333333
20260702,30,4,18,-4.54796722925995,-15.142096691294,10.5941294620341,0.813571483778193,0.858676044366658,0.0833333333333333
20260702,30,4,19,-4.05890079502808,-15.8868088985573,11.8279081035292,0.818618103792462,0.862459084583096,0.0833333333333333
20260702,30,4,20,-6.61920761959895,-17.4023052377889,10.78309761819,0.814971530699945,0.886744447050206,0.0833333333333333
20260702,30,8,1,-5.98244542269203,-19.7082325568147,13.7257871341227,0.824227059953307,0.892385918545182,0.0416666666666667
20260702,30,8,2,-5.88115837433504,-13.6779206840188,7.79676230968377,0.816631306772313,0.87648560211356,0.0833333333333333
20260702,30,8,3,-6.06737616803659,-17.0852798905228,11.0179037224862,0.817219940513326,0.867511451753007,0.125
20260702,30,8,4,-5.25690801406094,-18.2982932326286,13.0413852185676,0.816571564638494,0.88305973143443,0.0833333333333333
20260702,30,8,5,-6.0537767917112,-13.9389483979527,7.88517160624148,0.815808090423879,0.892536638866875,0.0833333333333333
20260702,30,8,6,-4.48742684505156,-11.5054788959564,7.01805205090486,0.818813592991816,0.865442902339225,0.0833333333333333
20260702,30,8,7,-5.05569641456874,-17.7916433993201,12.7359469847514,0.815008829882488,0.867194846795707,0.0416666666666667
20260702,30,8,8,-4.34070361793088,-17.5010168920247,13.1603132740938,0.818702564358654,0.881954672545625,0.0416666666666667
20260702,30,8,9,-4.6330582344432,-58.3221897401266,53.6891315056834,0.814604498942163,0.883668976292698,0
20260702,30,8,10,-4.62160231101699,-12.9407123535951,8.31911004257806,0.815690352030781,0.879527455282521,0.0833333333333333
20260702,30,8,11,-5.47982019215636,-16.8407912502713,11.360971058115,0.815327660300274,0.877389678532033,0.0833333333333333
20260702,30,8,12,-4.54460585030121,-13.9733501085857,9.42874425828451,0.816824495941871,0.872803236458903,0.0833333333333333
20260702,30,8,13,-5.5776275097669,-12.9868773882729,7.40924987850599,0.815810872668094,0.884906963344562,0.125
20260702,30,8,14,-4.77039466210295,-13.6013986283869,8.83100396628393,0.816056341112338,0.885699320463123,0.0833333333333333
20260702,30,8,15,-5.56959166866976,-15.5756769428176,10.0060852741478,0.818893375119842,0.88926977143728,0.0416666666666667
20260702,30,8,16,-5.49443106122189,-16.445283967646,10.9508529064241,0.814692477144312,0.876703735285729,0.0416666666666667
20260702,30,8,17,-4.48275023610186,-13.5173739712074,9.03462373510558,0.821205238682813,0.868132832387455,0.0833333333333333
20260702,30,8,18,-5.54542014652759,-10.9316079912143,5.38618784468675,0.816314779157131,0.894798938113579,0.125
20260702,30,8,19,-4.23609128936297,-12.6647753566892,8.42868406732627,0.814357829513216,0.873267037554666,0.0416666666666667
20260702,30,8,20,-3.93664505638811,-17.1416986071863,13.2050535507982,0.812870580829863,0.86936967864071,0.0416666666666667
20260703,0,2,1,-4.03182817608237,-10.4219144402406,6.3900862641582,0.837015591982004,0.852075639476189,0.166666666666667
20260703,0,2,2,-5.62797598244928,-13.9827764811577,8.35480049870838,0.837067688169328,0.887592258986412,0.166666666666667
20260703,0,2,3,-5.09863824560964,-39.3232035165636,34.224565270954,0.827775098828961,0.881963720024913,0
20260703,0,2,4,-6.92107271555148,-38.7328519505471,31.8117792349956,0.829617541863413,0.904654930493456,0
20260703,0,2,5,-8.13086681262069,-39.6514840774009,31.5206172647803,0.852119743991734,0.902271655499213,0
20260703,0,2,6,-4.44795899165334,-38.6762454928261,34.2282865011728,0.833082277402408,0.88047936102284,0
20260703,0,2,7,-5.31293251133725,-20.3522235612409,15.0392910499037,0.83730786462845,0.868527329609572,0.166666666666667
20260703,0,2,8,-4.15439754395888,-36.4870767529864,32.3326792090275,0.822818450858206,0.880779840350863,0
20260703,0,2,9,-2.82866028676315,-33.895058821299,31.0663985345358,0.805291971274889,0.849109874367461,0
20260703,0,2,10,-3.7376024317934,-6.79783829264926,3.06023586085586,0.813261903162964,0.86293449058628,0.166666666666667
20260703,0,2,11,-6.36944899858951,-39.1291129998945,32.7596640013049,0.834125571330667,0.890339464454452,0
20260703,0,2,12,-6.98191621639612,-39.5340826662857,32.5521664498896,0.823267774629982,0.89497852288182,0
20260703,0,2,13,-3.6486543685124,-7.81784085146391,4.16918648295151,0.814822136679318,0.855483785988945,0.166666666666667
20260703,0,2,14,-11.4818738318497,-38.2703427469527,26.788468915103,0.843149469557484,0.919029683934922,0
20260703,0,2,15,-7.54283768247269,-39.7374108644299,32.1945731819572,0.851107316076428,0.90498310736753,0
20260703,0,2,16,-3.61124659609207,-38.0225605766727,34.4113139805806,0.816692685741128,0.87111436549753,0
20260703,0,2,17,-3.53926980101997,-43.2186763539426,39.6794065529226,0.81543846966141,0.896191883710072,0
20260703,0,2,18,-8.94893398775102,-41.0947869302597,32.1458529425087,0.838341457439712,0.908674088442635,0
20260703,0,2,19,-3.88860953621224,-38.6308394211434,34.7422298849311,0.819573742824511,0.864678138455238,0
20260703,0,2,20,-2.46589282938878,-35.5353641691726,33.0694713397838,0.810948085481917,0.853910469440492,0
20260703,0,4,1,-3.63428382473274,-25.020859360534,21.3865755358012,0.815375365694934,0.853827069235134,0.0833333333333333
20260703,0,4,2,-5.64951914622319,-10.2276042737726,4.57808512754938,0.824884618359688,0.898424645802464,0.0833333333333333
20260703,0,4,3,-3.73989451138639,-35.775973756982,32.0360792455956,0.812962490581363,0.874908949652076,0
20260703,0,4,4,-5.74575719535329,-12.7562583043787,7.01050110902546,0.800152143859014,0.868080772966765,0.0833333333333333
20260703,0,4,5,-5.77769018687833,-17.5889879806979,11.8112977938196,0.819001476466826,0.880107209445823,0.0833333333333333
20260703,0,4,6,-5.86284976276121,-13.6183857729189,7.75553601015772,0.800902544432799,0.86527472205832,0.166666666666667
20260703,0,4,7,-5.44292034306732,-11.2117858050769,5.76886546200957,0.818255616308844,0.869610080577408,0.0833333333333333
20260703,0,4,8,-5.31345309650794,-13.7988427020831,8.48538960557521,0.831703971394378,0.866441410982508,0.166666666666667
20260703,0,4,9,-4.05581805121615,-10.7109753071201,6.65515725590399,0.817105667490756,0.856234700757823,0.166666666666667
20260703,0,4,10,-5.78566239476201,-20.3394458412302,14.5537834464682,0.814094037515366,0.890574071938142,0.0833333333333333
20260703,0,4,11,-5.11826327589366,-13.7773517329286,8.65908845703498,0.818553405731333,0.885418938824261,0.0833333333333333
20260703,0,4,12,-5.22545743546696,-11.411621436663,6.186164001196,0.814496225188736,0.883245273161602,0.0833333333333333
20260703,0,4,13,-6.1885069741353,-10.2037691269355,4.01526215280019,0.817593542155842,0.909916553420912,0.0833333333333333
20260703,0,4,14,-7.41686232209755,-34.3040688734535,26.887206551356,0.817856106824936,0.885011523386102,0
20260703,0,4,15,-7.35945314661964,-13.8770630756722,6.51760992905257,0.432916993100873,0.874614626233567,0.166666666666667
20260703,0,4,16,-9.16200987895352,-34.1288470631055,24.966837184152,0.80993393900414,0.906537994133088,0
20260703,0,4,17,-7.94164200133481,-37.4097343686431,29.4680923673083,0.832521614523763,0.908619658225135,0
20260703,0,4,18,-5.33884219676057,-33.3060453169447,27.9672031201841,0.825993472687241,0.895108748142082,0
20260703,0,4,19,-4.45458156745317,-32.5451673187755,28.0905857513223,0.80656988170534,0.890900974060277,0
20260703,0,4,20,-5.52665182686031,-37.0610263606227,31.5343745337624,0.811229217692788,0.88253474550839,0
20260703,0,8,1,-5.99618979168438,-24.6102989072474,18.614109115563,0.816301077650526,0.881717122303493,0.0416666666666667
20260703,0,8,2,-4.69976885824544,-14.3701653264971,9.67039646825168,0.81058246932589,0.874067688966665,0.0833333333333333
20260703,0,8,3,-4.87530475358577,-17.7565799846948,12.881275231109,0.80823444627042,0.862749554392574,0.125
20260703,0,8,4,-5.60452139159658,-16.0121168960974,10.4075955045008,0.820308259332123,0.893648976080753,0.0416666666666667
20260703,0,8,5,-5.8961016026985,-16.4717648175357,10.5756632148372,0.81808389939509,0.89582060062324,0.0416666666666667
20260703,0,8,6,-4.7655228567197,-24.3935009181206,19.6279780614009,0.813346708018959,0.873672080283533,0.0416666666666667
20260703,0,8,7,-5.68124073410261,-16.8909654583926,11.20972472429,0.819654455991619,0.886609099664797,0.0416666666666667
20260703,0,8,8,-5.28714339272548,-15.0652119028703,9.77806851014486,0.807275417034858,0.878609369107734,0.0833333333333333
20260703,0,8,9,-7.51864404785043,-15.6274484959911,8.10880444814063,0.526300253305449,0.886131331383269,0.0833333333333333
20260703,0,8,10,-5.28323087497516,-32.8183595644604,27.5351286894852,0.813772998148053,0.883642931046121,0
20260703,0,8,11,-5.19285897378569,-13.5888571421882,8.39599816840247,0.809335485147186,0.88638504877185,0.0833333333333333
20260703,0,8,12,-5.71631570902822,-14.4620571647037,8.74574145567545,0.80905355071401,0.88443751963385,0.0833333333333333
20260703,0,8,13,-6.46350586258119,-17.0592386363275,10.5957327737463,0.806223120157525,0.881374482385587,0.0833333333333333
20260703,0,8,14,-4.41398860597197,-13.6004303800625,9.18644177409049,0.8124950023573,0.885246935514362,0.0416666666666667
20260703,0,8,15,-4.36305976484988,-15.297196273216,10.9341365083661,0.804742564730808,0.871122359140002,0.125
20260703,0,8,16,-6.96107082779361,-16.3618372651563,9.40076643736269,0.813941216074936,0.893928933787752,0.0833333333333333
20260703,0,8,17,-6.61336450110647,-15.6480440123542,9.03467951124776,0.382731056001423,0.868874310404587,0.125
20260703,0,8,18,-4.81137310244792,-16.6431800126338,11.8318069101859,0.804209112718376,0.882953316654869,0.0416666666666667
20260703,0,8,19,-5.85060463046684,-31.712191063376,25.8615864329092,0.806248315142468,0.891427536771744,0.0416666666666667
20260703,0,8,20,-5.08248713316725,-15.1295668260057,10.0470796928385,0.813740002367641,0.882847872468253,0.0833333333333333
20260703,10,2,1,-5.35259242720982,-51.0574133502162,45.7048209230064,0.830487197429914,0.89174628666072,0
20260703,10,2,2,-6.00667826929578,-15.4471180332463,9.44043976395049,0.814466420368627,0.890792045445474,0.166666666666667
20260703,10,2,3,-4.25535934958636,-47.8994710433214,43.6441116937351,0.821228554458706,0.876943268469183,0
20260703,10,2,4,-3.54489579425282,-11.7134869924279,8.16859119817508,0.822724735703904,0.840870638276194,0.166666666666667
20260703,10,2,5,-4.69584155090241,-51.2350574606115,46.5392159097091,0.826083853197144,0.881394025709921,0
20260703,10,2,6,-7.47353187398474,-48.1801705713301,40.7066386973454,0.839842113022061,0.918748748805783,0
20260703,10,2,7,-4.05240727928999,-48.7942116607444,44.7418043814544,0.816325854575398,0.869305203500472,0
20260703,10,2,8,-5.39867591188729,-47.6793712297542,42.280695317867,0.849780478021836,0.872039880604624,0
20260703,10,2,9,-3.17307998381569,-47.2681633405167,44.095083356701,0.816264678035226,0.866200813687684,0
20260703,10,2,10,-5.85884524118204,-50.44398317112,44.585137929938,0.831281579699452,0.89989491639325,0
20260703,10,2,11,-3.1948039835828,-51.1897570594207,47.9949530758379,0.829011047242622,0.84909938490797,0
20260703,10,2,12,-3.29610900881771,-45.9891839945714,42.6930749857537,0.818209698866668,0.849732116471479,0
20260703,10,2,13,-2.14407378704522,-47.7789601713707,45.6348863843254,0.815353699514391,0.848347870118392,0
20260703,10,2,14,-2.86755184194838,-49.4435042258901,46.5759523839417,0.816481892984104,0.84755581117701,0
20260703,10,2,15,-6.54179950465215,-49.1003920610935,42.5585925564414,0.829353341871843,0.893914777922202,0
20260703,10,2,16,-6.33711091427589,-50.7240682136835,44.3869572994076,0.817718475568409,0.895116507087967,0
20260703,10,2,17,-3.49577923538775,-50.636818558974,47.1410393235863,0.816462921743889,0.869883710132411,0
20260703,10,2,18,-4.85333389713419,-47.59663520213,42.7433013049959,0.817389303086286,0.872698549711202,0
20260703,10,2,19,-4.78340612193101,-50.154047024718,45.370640902787,0.820100219739829,0.883811601028946,0
20260703,10,2,20,-5.82669624046835,-50.5683090314187,44.7416127909504,0.822087358955435,0.888650321766968,0
20260703,10,4,1,-3.95301010549453,-44.5984829836283,40.6454728781337,0.815771764013999,0.869733420095652,0
20260703,10,4,2,-6.42012491029924,-11.6303059676146,5.21018105731538,0.827088240112963,0.911372788256991,0.0833333333333333
20260703,10,4,3,-6.05490366787519,-16.6148064807243,10.5599028128492,0.818617900304483,0.907052826149424,0.0833333333333333
20260703,10,4,4,-3.02667071277947,-10.694921241941,7.66825052916156,0.816945505762407,0.858961813553199,0.0833333333333333
20260703,10,4,5,-4.34669098722328,-16.4427887199328,12.0960977327096,0.813535132449676,0.874283453147355,0.0833333333333333
20260703,10,4,6,-5.18962998766757,-16.3148163410658,11.1251863533982,0.813719197793369,0.878283773119181,0.0833333333333333
20260703,10,4,7,-8.13897132617963,-31.4890341973503,23.3500628711707,0.818809986830583,0.924724197487651,0
20260703,10,4,8,-3.93678444116612,-44.2111415994059,40.2743571582397,0.816800802023331,0.876654120925037,0
20260703,10,4,9,-4.42342693403393,-44.1830190998039,39.7595921657699,0.820220683343849,0.893398110361681,0
20260703,10,4,10,-5.30209260032147,-10.6759316917139,5.37383909139245,0.821083384536492,0.898412860540614,0.0833333333333333
20260703,10,4,11,-6.84258701701158,-46.075686336288,39.2330993192764,0.824461077658291,0.897585421259186,0
20260703,10,4,12,-4.29321494871097,-12.2425689040778,7.94935395536687,0.812649739505017,0.868834217211699,0.0833333333333333
20260703,10,4,13,-5.96357400557216,-20.841843394528,14.8782693889558,0.835918929884256,0.894132297763227,0.0833333333333333
20260703,10,4,14,-5.43672546650248,-12.7181341815231,7.28140871502063,0.811844796614134,0.901711373312836,0.0833333333333333
20260703,10,4,15,-4.32969879138317,-44.8573405748531,40.52764178347,0.817077742792089,0.864899193196442,0
20260703,10,4,16,-8.65182675594747,-17.5382858030296,8.88645904708208,0.86850584821179,0.911407556337192,0.0833333333333333
20260703,10,4,17,-5.9374923760378,-12.7751763655485,6.83768398951073,0.839812205653811,0.897793019800744,0.0833333333333333
20260703,10,4,18,-6.70787137160694,-44.27953452174,37.5716631501331,0.812444277424744,0.878985478457454,0
20260703,10,4,19,-4.50048365639328,-25.1668870413554,20.6664033849621,0.824540118970029,0.859704833714502,0.0833333333333333
20260703,10,4,20,-4.91246521126401,-10.7118485649208,5.79938335365674,0.817214354101401,0.881170546888091,0.166666666666667
20260703,10,8,1,-5.57593194336927,-15.1147509777886,9.53881903441935,0.814263662312181,0.895716200385521,0.0833333333333333
20260703,10,8,2,-5.27134363638866,-19.4431776722644,14.1718340358757,0.812467106329863,0.877972777139053,0.0416666666666667
20260703,10,8,3,-6.23180973168548,-17.341023549983,11.1092138182975,0.83213346606788,0.886850505162361,0.0833333333333333
20260703,10,8,4,-5.34036124928734,-15.5973708783595,10.2570096290721,0.821934300596508,0.889755370610197,0.0416666666666667
20260703,10,8,5,-4.6777147086833,-27.4168066253479,22.7390919166646,0.814673015574375,0.868169142446427,0.0416666666666667
20260703,10,8,6,-4.61060454562969,-11.335186887657,6.72458234202726,0.813972527508183,0.879886259813108,0.0833333333333333
20260703,10,8,7,-5.41091204043685,-15.8777881558046,10.4668761153678,0.817726724771581,0.880611542432901,0.0833333333333333
20260703,10,8,8,-3.7188712110688,-15.3827536336078,11.663882422539,0.814731959636102,0.862751075699081,0.0416666666666667
20260703,10,8,9,-5.69741986512632,-20.9644791216549,15.2670592565286,0.81917688433217,0.887778453117686,0.0416666666666667
20260703,10,8,10,-4.34766517384253,-20.1875756550666,15.8399104812241,0.812708978197011,0.857406901043247,0.0833333333333333
20260703,10,8,11,-4.87775974175606,-17.3404810184069,12.4627212766509,0.816669624008201,0.876140658876771,0.0416666666666667
20260703,10,8,12,-4.28391186071389,-12.1513829140934,7.86747105337955,0.818307135754257,0.864783291182953,0.0833333333333333
20260703,10,8,13,-4.80977462146499,-15.4045931097303,10.5948184882654,0.816664787802866,0.876220483330763,0.0416666666666667
20260703,10,8,14,-6.60964855009995,-17.8946078488496,11.2849592987496,0.825316021903901,0.8905542292628,0.0416666666666667
20260703,10,8,15,-4.94302103155024,-13.8440671415438,8.90104610999355,0.816217957586059,0.897496967235692,0.0416666666666667
20260703,10,8,16,-5.69784027068055,-14.1468393081077,8.44899903742711,0.81876631184769,0.885127324526604,0.0833333333333333
20260703,10,8,17,-5.05151761141767,-30.6621159338984,25.6105983224808,0.821490491297918,0.880445128183657,0.0416666666666667
20260703,10,8,18,-4.34601236543712,-14.2930288494089,9.94701648397183,0.815334798618721,0.878641118717931,0.0833333333333333
20260703,10,8,19,-5.02863488739987,-18.6414886658114,13.6128537784116,0.816345155874712,0.882520663739465,0.0416666666666667
20260703,10,8,20,-4.8644497950125,-21.1547240606866,16.2902742656741,0.813225853930201,0.87568133319719,0.0416666666666667
20260703,20,2,1,-3.60201011305256,-54.7985945430304,51.1965844299778,0.824343464667999,0.870902832399075,0
20260703,20,2,2,-6.10273170455358,-25.6748127913249,19.5720810867713,0.84432218639156,0.881632546963604,0.166666666666667
20260703,20,2,3,-9.34436440042244,-15.2009598609286,5.85659546050616,0.860299952380217,0.930153592111138,0.166666666666667
20260703,20,2,4,-5.39012884905994,-57.9342437468329,52.544114897773,0.827098474225444,0.870575357921162,0
20260703,20,2,5,-7.36974505325385,-59.9819948223345,52.6122497690807,0.817216495604913,0.895099950190861,0
20260703,20,2,6,-6.68082090682354,-56.0812336388607,49.4004127320372,0.843796459336067,0.926326697824308,0
20260703,20,2,7,-3.16406253603304,-54.4100633013237,51.2460007652907,0.815903311134664,0.862789968007992,0
20260703,20,2,8,-7.19094479975028,-14.386479198962,7.1955343992117,0.861029531927385,0.889769881120936,0.166666666666667
20260703,20,2,9,-11.3394774864232,-59.0608219419654,47.7213444555422,0.883270444919807,0.935548979582404,0
20260703,20,2,10,-7.27311866327346,-55.7605528043672,48.4874341410937,0.826766532978412,0.916066240223869,0
20260703,20,2,11,-3.82465322155485,-11.5860929205916,7.76143969903677,0.822303903109106,0.843052265710106,0.166666666666667
20260703,20,2,12,-3.71337420865949,-56.6154148114869,52.9020406028274,0.822118966020168,0.847399996189843,0
20260703,20,2,13,-3.30029503725399,-8.23015225549339,4.92985721823939,0.811974629341032,0.853188092177957,0.166666666666667
20260703,20,2,14,-9.03353746611863,-57.1305230748692,48.0969856087505,0.83313575223667,0.916949930471754,0
20260703,20,2,15,-5.24416280494636,-58.5654627761992,53.3212999712529,0.82166128141718,0.89113041295206,0
20260703,20,2,16,-7.285294211627,-61.010980712422,53.725686500795,0.817089839769935,0.915525282841721,0
20260703,20,2,17,-4.60775522346741,-56.5222292688939,51.9144740454265,0.824066729927101,0.871680256429195,0
20260703,20,2,18,-3.82989907779874,-55.7440029512303,51.9141038734315,0.822104935763684,0.870711497608723,0
20260703,20,2,19,-4.47677301763212,-57.4505216133358,52.9737485957037,0.816128538403915,0.896042644044147,0
20260703,20,2,20,-7.66004932873552,-14.1243095097532,6.46426018101773,0.828153890814168,0.920701388893893,0.166666666666667
20260703,20,4,1,-4.93797541109168,-19.1264391850815,14.1884637739899,0.816904999726229,0.879809380859904,0.0833333333333333
20260703,20,4,2,-6.39378050852643,-27.7650116095599,21.3712311010335,0.822540049189446,0.896576169604149,0.0833333333333333
20260703,20,4,3,-5.05103886853359,-48.0219278589934,42.9708889904598,0.821501305733412,0.877711166290499,0
20260703,20,4,4,-5.1240217814975,-55.0874083961882,49.9633866146907,0.830240015089045,0.888258990688095,0
20260703,20,4,5,-5.62776647442113,-23.9620953402921,18.334328865871,0.812928723022351,0.874418669719222,0.0833333333333333
20260703,20,4,6,-6.25671097841571,-12.830713590903,6.57400261248728,0.827287944790076,0.886952768475115,0.0833333333333333
20260703,20,4,7,-4.49433331021379,-58.1951989884384,53.7008656782246,0.818419837647289,0.875924521892047,0
20260703,20,4,8,-3.860085533743,-18.0188266970133,14.1587411632703,0.814772241996197,0.850654026420405,0.0833333333333333
20260703,20,4,9,-4.47687433334107,-12.2283416434664,7.75146731012537,0.825119263592705,0.867315387342812,0.0833333333333333
20260703,20,4,10,-6.50966217792079,-18.0676996465238,11.558037468603,0.823202558537639,0.904009990888162,0.0833333333333333
20260703,20,4,11,-6.58798560409221,-20.2293047437953,13.6413191397031,0.839417353433762,0.896488266224658,0.0833333333333333
20260703,20,4,12,-5.78570263735339,-56.3539168260872,50.5682141887338,0.825731644065874,0.908884158786819,0
20260703,20,4,13,-4.83181953423107,-18.7108167347815,13.8789972005504,0.824323507783273,0.885231018159179,0.0833333333333333
20260703,20,4,14,-4.79901818606611,-21.17815173373,16.3791335476639,0.827805354669405,0.874324853111911,0.0833333333333333
20260703,20,4,15,-6.14225631892375,-55.4965169895478,49.3542606706241,0.816696805346041,0.911141681635226,0
20260703,20,4,16,-5.86143140808112,-15.2056727041944,9.34424129611326,0.814395470638576,0.879887307004759,0.0833333333333333
20260703,20,4,17,-5.28369526882178,-12.6747670910749,7.39107182225312,0.820297028264694,0.883124487843877,0.0833333333333333
20260703,20,4,18,-5.44914519722579,-15.117812403466,9.66866720624021,0.838261225625956,0.902663701042292,0.0833333333333333
20260703,20,4,19,-5.09271665505799,-12.2423586965642,7.14964204150617,0.819132480861236,0.873430138587634,0.166666666666667
20260703,20,4,20,-3.5963232293798,-56.6177690787937,53.0214458494139,0.815808303943172,0.874336313380102,0
20260703,20,8,1,-4.26543630057799,-13.8929870031608,9.62755070258284,0.817557829541843,0.87056553608864,0.0416666666666667
20260703,20,8,2,-6.96702879691327,-26.0196925635764,19.0526637666631,0.819873171744094,0.894576783349927,0.0416666666666667
20260703,20,8,3,-5.37464079498058,-18.3374138585918,12.9627730636112,0.818944158009649,0.884124418673359,0.0833333333333333
20260703,20,8,4,-3.72578253219975,-19.4536694813089,15.7278869491091,0.813199107940918,0.857322569308874,0.0416666666666667
20260703,20,8,5,-4.27760680958101,-52.9797932452464,48.7021864356653,0.82066931464742,0.871669137724052,0
20260703,20,8,6,-4.92090472681471,-13.353156583308,8.43225185649326,0.815923663819143,0.889873894234782,0.0416666666666667
20260703,20,8,7,-5.92984926116966,-13.3092515782572,7.37940231708753,0.813518370596363,0.903859329867587,0.0416666666666667
20260703,20,8,8,-6.58218999974602,-20.9311605853032,14.3489705855571,0.812898626875678,0.892237383109681,0.0416666666666667
20260703,20,8,9,-7.19057832890499,-20.364451807316,13.173873478411,0.818191840807215,0.892420101081164,0.125
20260703,20,8,10,-4.93633700252403,-13.0155609645165,8.07922396199247,0.816976308475032,0.845207160894924,0.208333333333333
20260703,20,8,11,-5.09620994541641,-13.4358705127852,8.33966056736876,0.817052793221964,0.884625553414119,0.125
20260703,20,8,12,-4.14968851825335,-44.8178147128823,40.6681261946289,0.818705606261076,0.866661076911701,0
20260703,20,8,13,-6.09538891043265,-17.116791138869,11.0214022284363,0.820648044523342,0.904965089780018,0.0416666666666667
20260703,20,8,14,-5.04292206752065,-13.2860478658439,8.24312579832326,0.811618794518965,0.897499344225289,0.0416666666666667
20260703,20,8,15,-5.42619373049377,-14.3891176755981,8.96292394510436,0.816268742625025,0.880033439718121,0.0416666666666667
20260703,20,8,16,-5.78974503085917,-12.7673737874263,6.97762875656708,0.826521393296505,0.889261757805685,0.0833333333333333
20260703,20,8,17,-4.7755775756141,-52.0393199020153,47.2637423264012,0.818344981853151,0.876584198250139,0
20260703,20,8,18,-4.4800825896312,-11.7396395719094,7.25955698227825,0.813053723786396,0.877789085400353,0.0833333333333333
20260703,20,8,19,-4.34863893366483,-12.2301083012202,7.88146936755536,0.816847623506801,0.857826772597986,0.125
20260703,20,8,20,-5.99794171868745,-26.1650314760612,20.1670897573737,0.814448384340925,0.888065062319222,0.0416666666666667
20260703,30,2,1,-6.8457458672951,-9.88424902487001,3.03850315757491,0.83369991122194,0.921998542645607,0.166666666666667
20260703,30,2,2,-3.75558603807018,-10.4389572011006,6.68337116303042,0.813041296455876,0.862107732726933,0.166666666666667
20260703,30,2,3,-6.53484112613899,-65.8210617906304,59.2862206644914,0.819366784342117,0.892410042818276,0
20260703,30,2,4,-4.38815771165032,-15.212036640307,10.8238789286567,0.81828497051465,0.84860220416363,0.166666666666667
20260703,30,2,5,-5.38707602740897,-61.8275845547744,56.4405085273655,0.830540985049156,0.876156837682628,0
20260703,30,2,6,-5.30464917387642,-63.8184782660573,58.5138290921809,0.839514262857821,0.89581502698352,0
20260703,30,2,7,-4.2260208343863,-60.2845152742536,56.0584944398673,0.823947678052165,0.88257798900643,0
20260703,30,2,8,-5.58564675215312,-25.0567833600337,19.4711366078806,0.834623533411954,0.890267506169502,0.166666666666667
20260703,30,2,9,-3.73938549982668,-8.38481867346773,4.64543317364105,0.828459538968962,0.870413592185027,0.166666666666667
20260703,30,2,10,-3.53678483111407,-62.1622301215672,58.6254452904531,0.813890202354026,0.876923912455209,0
20260703,30,2,11,-6.35026281628032,-62.4128207850245,56.0625579687442,0.831769428982079,0.907534684871801,0
20260703,30,2,12,-6.60614466698683,-69.2655892455515,62.6594445785647,0.824304539457505,0.89070953511815,0
20260703,30,2,13,-9.07795784090008,-73.2191346301317,64.1411767892316,0.879171598418225,0.910430859651638,0
20260703,30,2,14,-3.49920584381188,-66.9582731959631,63.4590673521512,0.816367123364259,0.874474923978883,0
20260703,30,2,15,-5.01043683993633,-16.9252943306135,11.9148574906772,0.829354305940776,0.854983771585052,0.166666666666667
20260703,30,2,16,-6.51213466189564,-74.7199079581401,68.2077732962445,0.841631436272871,0.881607178351802,0
20260703,30,2,17,-3.95311545299142,-12.1572249842727,8.20410953128128,0.81987857239633,0.849951814945509,0.166666666666667
20260703,30,2,18,-6.92346415881096,-70.5975899464706,63.6741257876596,0.819299855562065,0.900090287477763,0
20260703,30,2,19,-8.8640107137705,-13.5577057399336,4.69369502616309,0.853397502814342,0.92399840674063,0.166666666666667
20260703,30,2,20,-4.39655303080488,-15.9039860911959,11.507433060391,0.826535418303019,0.875287994206922,0.166666666666667
20260703,30,4,1,-4.68499108664041,-13.0314527512382,8.3464616645978,0.81567400463418,0.869686022558674,0.0833333333333333
20260703,30,4,2,-4.15934451486536,-61.2401541121584,57.0808095972931,0.816754545038879,0.874638808096209,0
20260703,30,4,3,-5.98624950553618,-21.5665189325529,15.5802694270167,0.832780672703226,0.887236015868912,0.0833333333333333
20260703,30,4,4,-5.57021971083491,-11.723439894073,6.15322018323811,0.819284807315684,0.903670852968668,0.0833333333333333
20260703,30,4,5,-6.95360374893605,-23.6293227805991,16.675719031663,0.814771080734036,0.890302579105848,0.0833333333333333
20260703,30,4,6,-7.33641274257824,-14.4361268023503,7.09971405977201,0.424604703640861,0.856770031672376,0.166666666666667
20260703,30,4,7,-5.38242105076233,-13.8457972562812,8.46337620551889,0.818120502351683,0.876397099627849,0.0833333333333333
20260703,30,4,8,-6.4256563802,-63.9083219816633,57.4826656014634,0.819416251428032,0.903616891826645,0
20260703,30,4,9,-4.38944522507604,-12.2727083419344,7.88326311685835,0.816246797675452,0.871292870518821,0.0833333333333333
20260703,30,4,10,-5.02941823786769,-11.1501003923168,6.12068215444915,0.829904636237086,0.849939515587598,0.25
20260703,30,4,11,-4.34204132127652,-58.5390232633568,54.1969819420803,0.813169432632855,0.873864220039485,0
20260703,30,4,12,-5.27894256708577,-13.6540970581225,8.37515449103676,0.814835377994866,0.89022472912388,0.0833333333333333
20260703,30,4,13,-5.34916271180873,-16.9455530117559,11.5963902999472,0.817927121450205,0.885131125543485,0.0833333333333333
20260703,30,4,14,-4.75856720396783,-11.6419155324138,6.88334832844595,0.826735336386602,0.874930889489052,0.0833333333333333
20260703,30,4,15,-5.68066870225597,-12.0609986087904,6.38032990653447,0.830764374785626,0.885018632504185,0.0833333333333333
20260703,30,4,16,-4.01005190048967,-13.2998424594874,9.28979055899774,0.814167193511388,0.861887577473033,0.0833333333333333
20260703,30,4,17,-4.54796722925995,-15.142096691294,10.5941294620341,0.813571483778193,0.858676044366658,0.0833333333333333
20260703,30,4,18,-4.05890079502808,-15.8868088985573,11.8279081035292,0.818618103792462,0.862459084583096,0.0833333333333333
20260703,30,4,19,-6.61920761959895,-17.4023052377889,10.78309761819,0.814971530699945,0.886744447050206,0.0833333333333333
20260703,30,4,20,-4.31086157837451,-12.9677426075118,8.65688102913726,0.823474581087619,0.872027005397691,0.0833333333333333
20260703,30,8,1,-5.88115837433504,-13.6779206840188,7.79676230968377,0.816631306772313,0.87648560211356,0.0833333333333333
20260703,30,8,2,-6.06737616803659,-17.0852798905228,11.0179037224862,0.817219940513326,0.867511451753007,0.125
20260703,30,8,3,-5.25690801406094,-18.2982932326286,13.0413852185676,0.816571564638494,0.88305973143443,0.0833333333333333
20260703,30,8,4,-6.0537767917112,-13.9389483979527,7.88517160624148,0.815808090423879,0.892536638866875,0.0833333333333333
20260703,30,8,5,-4.48742684505156,-11.5054788959564,7.01805205090486,0.818813592991816,0.865442902339225,0.0833333333333333
20260703,30,8,6,-5.05569641456874,-17.7916433993201,12.7359469847514,0.815008829882488,0.867194846795707,0.0416666666666667
20260703,30,8,7,-4.34070361793088,-17.5010168920247,13.1603132740938,0.818702564358654,0.881954672545625,0.0416666666666667
20260703,30,8,8,-4.6330582344432,-58.3221897401266,53.6891315056834,0.814604498942163,0.883668976292698,0
20260703,30,8,9,-4.62160231101699,-12.9407123535951,8.31911004257806,0.815690352030781,0.879527455282521,0.0833333333333333
20260703,30,8,10,-5.47982019215636,-16.8407912502713,11.360971058115,0.815327660300274,0.877389678532033,0.0833333333333333
20260703,30,8,11,-4.54460585030121,-13.9733501085857,9.42874425828451,0.816824495941871,0.872803236458903,0.0833333333333333
20260703,30,8,12,-5.5776275097669,-12.9868773882729,7.40924987850599,0.815810872668094,0.884906963344562,0.125
20260703,30,8,13,-4.77039466210295,-13.6013986283869,8.83100396628393,0.816056341112338,0.885699320463123,0.0833333333333333
20260703,30,8,14,-5.56959166866976,-15.5756769428176,10.0060852741478,0.818893375119842,0.88926977143728,0.0416666666666667
20260703,30,8,15,-5.49443106122189,-16.445283967646,10.9508529064241,0.814692477144312,0.876703735285729,0.0416666666666667
20260703,30,8,16,-4.48275023610186,-13.5173739712074,9.03462373510558,0.821205238682813,0.868132832387455,0.0833333333333333
20260703,30,8,17,-5.54542014652759,-10.9316079912143,5.38618784468675,0.816314779157131,0.894798938113579,0.125
20260703,30,8,18,-4.23609128936297,-12.6647753566892,8.42868406732627,0.814357829513216,0.873267037554666,0.0416666666666667
20260703,30,8,19,-3.93664505638811,-17.1416986071863,13.2050535507982,0.812870580829863,0.86936967864071,0.0416666666666667
20260703,30,8,20,-4.80078894996401,-20.7927054181195,15.9919164681555,0.821080350950581,0.881896948143713,0.0416666666666667
20260704,0,2,1,-5.62797598244928,-13.9827764811577,8.35480049870838,0.837067688169328,0.887592258986412,0.166666666666667
20260704,0,2,2,-5.09863824560964,-39.3232035165636,34.224565270954,0.827775098828961,0.881963720024913,0
20260704,0,2,3,-6.92107271555148,-38.7328519505471,31.8117792349956,0.829617541863413,0.904654930493456,0
20260704,0,2,4,-8.13086681262069,-39.6514840774009,31.5206172647803,0.852119743991734,0.902271655499213,0
20260704,0,2,5,-4.44795899165334,-38.6762454928261,34.2282865011728,0.833082277402408,0.88047936102284,0
20260704,0,2,6,-5.31293251133725,-20.3522235612409,15.0392910499037,0.83730786462845,0.868527329609572,0.166666666666667
20260704,0,2,7,-4.15439754395888,-36.4870767529864,32.3326792090275,0.822818450858206,0.880779840350863,0
20260704,0,2,8,-2.82866028676315,-33.895058821299,31.0663985345358,0.805291971274889,0.849109874367461,0
20260704,0,2,9,-3.7376024317934,-6.79783829264926,3.06023586085586,0.813261903162964,0.86293449058628,0.166666666666667
20260704,0,2,10,-6.36944899858951,-39.1291129998945,32.7596640013049,0.834125571330667,0.890339464454452,0
20260704,0,2,11,-6.98191621639612,-39.5340826662857,32.5521664498896,0.823267774629982,0.89497852288182,0
20260704,0,2,12,-3.6486543685124,-7.81784085146391,4.16918648295151,0.814822136679318,0.855483785988945,0.166666666666667
20260704,0,2,13,-11.4818738318497,-38.2703427469527,26.788468915103,0.843149469557484,0.919029683934922,0
20260704,0,2,14,-7.54283768247269,-39.7374108644299,32.1945731819572,0.851107316076428,0.90498310736753,0
20260704,0,2,15,-3.61124659609207,-38.0225605766727,34.4113139805806,0.816692685741128,0.87111436549753,0
20260704,0,2,16,-3.53926980101997,-43.2186763539426,39.6794065529226,0.81543846966141,0.896191883710072,0
20260704,0,2,17,-8.94893398775102,-41.0947869302597,32.1458529425087,0.838341457439712,0.908674088442635,0
20260704,0,2,18,-3.88860953621224,-38.6308394211434,34.7422298849311,0.819573742824511,0.864678138455238,0
20260704,0,2,19,-2.46589282938878,-35.5353641691726,33.0694713397838,0.810948085481917,0.853910469440492,0
20260704,0,2,20,-4.66941729719989,-41.9349873329893,37.2655700357894,0.824970392257638,0.878793274180154,0
20260704,0,4,1,-5.64951914622319,-10.2276042737726,4.57808512754938,0.824884618359688,0.898424645802464,0.0833333333333333
20260704,0,4,2,-3.73989451138639,-35.775973756982,32.0360792455956,0.812962490581363,0.874908949652076,0
20260704,0,4,3,-5.74575719535329,-12.7562583043787,7.01050110902546,0.800152143859014,0.868080772966765,0.0833333333333333
20260704,0,4,4,-5.77769018687833,-17.5889879806979,11.8112977938196,0.819001476466826,0.880107209445823,0.0833333333333333
20260704,0,4,5,-5.86284976276121,-13.6183857729189,7.75553601015772,0.800902544432799,0.86527472205832,0.166666666666667
20260704,0,4,6,-5.44292034306732,-11.2117858050769,5.76886546200957,0.818255616308844,0.869610080577408,0.0833333333333333
20260704,0,4,7,-5.31345309650794,-13.7988427020831,8.48538960557521,0.831703971394378,0.866441410982508,0.166666666666667
20260704,0,4,8,-4.05581805121615,-10.7109753071201,6.65515725590399,0.817105667490756,0.856234700757823,0.166666666666667
20260704,0,4,9,-5.78566239476201,-20.3394458412302,14.5537834464682,0.814094037515366,0.890574071938142,0.0833333333333333
20260704,0,4,10,-5.11826327589366,-13.7773517329286,8.65908845703498,0.818553405731333,0.885418938824261,0.0833333333333333
20260704,0,4,11,-5.22545743546696,-11.411621436663,6.186164001196,0.814496225188736,0.883245273161602,0.0833333333333333
20260704,0,4,12,-6.1885069741353,-10.2037691269355,4.01526215280019,0.817593542155842,0.909916553420912,0.0833333333333333
20260704,0,4,13,-7.41686232209755,-34.3040688734535,26.887206551356,0.817856106824936,0.885011523386102,0
20260704,0,4,14,-7.35945314661964,-13.8770630756722,6.51760992905257,0.432916993100873,0.874614626233567,0.166666666666667
20260704,0,4,15,-9.16200987895352,-34.1288470631055,24.966837184152,0.80993393900414,0.906537994133088,0
20260704,0,4,16,-7.94164200133481,-37.4097343686431,29.4680923673083,0.832521614523763,0.908619658225135,0
20260704,0,4,17,-5.33884219676057,-33.3060453169447,27.9672031201841,0.825993472687241,0.895108748142082,0
20260704,0,4,18,-4.45458156745317,-32.5451673187755,28.0905857513223,0.80656988170534,0.890900974060277,0
20260704,0,4,19,-5.52665182686031,-37.0610263606227,31.5343745337624,0.811229217692788,0.88253474550839,0
20260704,0,4,20,-4.65913823681191,-14.0145397883671,9.35540155155518,0.809168992975423,0.874548532276285,0.0833333333333333
20260704,0,8,1,-4.69976885824544,-14.3701653264971,9.67039646825168,0.81058246932589,0.874067688966665,0.0833333333333333
20260704,0,8,2,-4.87530475358577,-17.7565799846948,12.881275231109,0.80823444627042,0.862749554392574,0.125
20260704,0,8,3,-5.60452139159658,-16.0121168960974,10.4075955045008,0.820308259332123,0.893648976080753,0.0416666666666667
20260704,0,8,4,-5.8961016026985,-16.4717648175357,10.5756632148372,0.81808389939509,0.89582060062324,0.0416666666666667
20260704,0,8,5,-4.7655228567197,-24.3935009181206,19.6279780614009,0.813346708018959,0.873672080283533,0.0416666666666667
20260704,0,8,6,-5.68124073410261,-16.8909654583926,11.20972472429,0.819654455991619,0.886609099664797,0.0416666666666667
20260704,0,8,7,-5.28714339272548,-15.0652119028703,9.77806851014486,0.807275417034858,0.878609369107734,0.0833333333333333
20260704,0,8,8,-7.51864404785043,-15.6274484959911,8.10880444814063,0.526300253305449,0.886131331383269,0.0833333333333333
20260704,0,8,9,-5.28323087497516,-32.8183595644604,27.5351286894852,0.813772998148053,0.883642931046121,0
20260704,0,8,10,-5.19285897378569,-13.5888571421882,8.39599816840247,0.809335485147186,0.88638504877185,0.0833333333333333
20260704,0,8,11,-5.71631570902822,-14.4620571647037,8.74574145567545,0.80905355071401,0.88443751963385,0.0833333333333333
20260704,0,8,12,-6.46350586258119,-17.0592386363275,10.5957327737463,0.806223120157525,0.881374482385587,0.0833333333333333
20260704,0,8,13,-4.41398860597197,-13.6004303800625,9.18644177409049,0.8124950023573,0.885246935514362,0.0416666666666667
20260704,0,8,14,-4.36305976484988,-15.297196273216,10.9341365083661,0.804742564730808,0.871122359140002,0.125
20260704,0,8,15,-6.96107082779361,-16.3618372651563,9.40076643736269,0.813941216074936,0.893928933787752,0.0833333333333333
20260704,0,8,16,-6.61336450110647,-15.6480440123542,9.03467951124776,0.382731056001423,0.868874310404587,0.125
20260704,0,8,17,-4.81137310244792,-16.6431800126338,11.8318069101859,0.804209112718376,0.882953316654869,0.0416666666666667
20260704,0,8,18,-5.85060463046684,-31.712191063376,25.8615864329092,0.806248315142468,0.891427536771744,0.0416666666666667
20260704,0,8,19,-5.08248713316725,-15.1295668260057,10.0470796928385,0.813740002367641,0.882847872468253,0.0833333333333333
20260704,0,8,20,-4.78754015692742,-31.6173012805594,26.829761123632,0.808608259434824,0.890781579202852,0
20260704,10,2,1,-6.00667826929578,-15.4471180332463,9.44043976395049,0.814466420368627,0.890792045445474,0.166666666666667
20260704,10,2,2,-4.25535934958636,-47.8994710433214,43.6441116937351,0.821228554458706,0.876943268469183,0
20260704,10,2,3,-3.54489579425282,-11.7134869924279,8.16859119817508,0.822724735703904,0.840870638276194,0.166666666666667
20260704,10,2,4,-4.69584155090241,-51.2350574606115,46.5392159097091,0.826083853197144,0.881394025709921,0
20260704,10,2,5,-7.47353187398474,-48.1801705713301,40.7066386973454,0.839842113022061,0.918748748805783,0
20260704,10,2,6,-4.05240727928999,-48.7942116607444,44.7418043814544,0.816325854575398,0.869305203500472,0
20260704,10,2,7,-5.39867591188729,-47.6793712297542,42.280695317867,0.849780478021836,0.872039880604624,0
20260704,10,2,8,-3.17307998381569,-47.2681633405167,44.095083356701,0.816264678035226,0.866200813687684,0
20260704,10,2,9,-5.85884524118204,-50.44398317112,44.585137929938,0.831281579699452,0.89989491639325,0
20260704,10,2,10,-3.1948039835828,-51.1897570594207,47.9949530758379,0.829011047242622,0.84909938490797,0
20260704,10,2,11,-3.29610900881771,-45.9891839945714,42.6930749857537,0.818209698866668,0.849732116471479,0
20260704,10,2,12,-2.14407378704522,-47.7789601713707,45.6348863843254,0.815353699514391,0.848347870118392,0
20260704,10,2,13,-2.86755184194838,-49.4435042258901,46.5759523839417,0.816481892984104,0.84755581117701,0
20260704,10,2,14,-6.54179950465215,-49.1003920610935,42.5585925564414,0.829353341871843,0.893914777922202,0
20260704,10,2,15,-6.33711091427589,-50.7240682136835,44.3869572994076,0.817718475568409,0.895116507087967,0
20260704,10,2,16,-3.49577923538775,-50.636818558974,47.1410393235863,0.816462921743889,0.869883710132411,0
20260704,10,2,17,-4.85333389713419,-47.59663520213,42.7433013049959,0.817389303086286,0.872698549711202,0
20260704,10,2,18,-4.78340612193101,-50.154047024718,45.370640902787,0.820100219739829,0.883811601028946,0
20260704,10,2,19,-5.82669624046835,-50.5683090314187,44.7416127909504,0.822087358955435,0.888650321766968,0
20260704,10,2,20,-5.542644130464,-49.2034318730975,43.6607877426335,0.838904614738481,0.893898281810349,0
20260704,10,4,1,-6.42012491029924,-11.6303059676146,5.21018105731538,0.827088240112963,0.911372788256991,0.0833333333333333
20260704,10,4,2,-6.05490366787519,-16.6148064807243,10.5599028128492,0.818617900304483,0.907052826149424,0.0833333333333333
20260704,10,4,3,-3.02667071277947,-10.694921241941,7.66825052916156,0.816945505762407,0.858961813553199,0.0833333333333333
20260704,10,4,4,-4.34669098722328,-16.4427887199328,12.0960977327096,0.813535132449676,0.874283453147355,0.0833333333333333
20260704,10,4,5,-5.18962998766757,-16.3148163410658,11.1251863533982,0.813719197793369,0.878283773119181,0.0833333333333333
20260704,10,4,6,-8.13897132617963,-31.4890341973503,23.3500628711707,0.818809986830583,0.924724197487651,0
20260704,10,4,7,-3.93678444116612,-44.2111415994059,40.2743571582397,0.816800802023331,0.876654120925037,0
20260704,10,4,8,-4.42342693403393,-44.1830190998039,39.7595921657699,0.820220683343849,0.893398110361681,0
20260704,10,4,9,-5.30209260032147,-10.6759316917139,5.37383909139245,0.821083384536492,0.898412860540614,0.0833333333333333
20260704,10,4,10,-6.84258701701158,-46.075686336288,39.2330993192764,0.824461077658291,0.897585421259186,0
20260704,10,4,11,-4.29321494871097,-12.2425689040778,7.94935395536687,0.812649739505017,0.868834217211699,0.0833333333333333
20260704,10,4,12,-5.96357400557216,-20.841843394528,14.8782693889558,0.835918929884256,0.894132297763227,0.0833333333333333
20260704,10,4,13,-5.43672546650248,-12.7181341815231,7.28140871502063,0.811844796614134,0.901711373312836,0.0833333333333333
20260704,10,4,14,-4.32969879138317,-44.8573405748531,40.52764178347,0.817077742792089,0.864899193196442,0
20260704,10,4,15,-8.65182675594747,-17.5382858030296,8.88645904708208,0.86850584821179,0.911407556337192,0.0833333333333333
20260704,10,4,16,-5.9374923760378,-12.7751763655485,6.83768398951073,0.839812205653811,0.897793019800744,0.0833333333333333
20260704,10,4,17,-6.70787137160694,-44.27953452174,37.5716631501331,0.812444277424744,0.878985478457454,0
20260704,10,4,18,-4.50048365639328,-25.1668870413554,20.6664033849621,0.824540118970029,0.859704833714502,0.0833333333333333
20260704,10,4,19,-4.91246521126401,-10.7118485649208,5.79938335365674,0.817214354101401,0.881170546888091,0.166666666666667
20260704,10,4,20,-5.53976608485741,-15.0822030522135,9.54243696735607,0.83438675569878,0.850057415727534,0.25
20260704,10,8,1,-5.27134363638866,-19.4431776722644,14.1718340358757,0.812467106329863,0.877972777139053,0.0416666666666667
20260704,10,8,2,-6.23180973168548,-17.341023549983,11.1092138182975,0.83213346606788,0.886850505162361,0.0833333333333333
20260704,10,8,3,-5.34036124928734,-15.5973708783595,10.2570096290721,0.821934300596508,0.889755370610197,0.0416666666666667
20260704,10,8,4,-4.6777147086833,-27.4168066253479,22.7390919166646,0.814673015574375,0.868169142446427,0.0416666666666667
20260704,10,8,5,-4.61060454562969,-11.335186887657,6.72458234202726,0.813972527508183,0.879886259813108,0.0833333333333333
20260704,10,8,6,-5.41091204043685,-15.8777881558046,10.4668761153678,0.817726724771581,0.880611542432901,0.0833333333333333
20260704,10,8,7,-3.7188712110688,-15.3827536336078,11.663882422539,0.814731959636102,0.862751075699081,0.0416666666666667
20260704,10,8,8,-5.69741986512632,-20.9644791216549,15.2670592565286,0.81917688433217,0.887778453117686,0.0416666666666667
20260704,10,8,9,-4.34766517384253,-20.1875756550666,15.8399104812241,0.812708978197011,0.857406901043247,0.0833333333333333
20260704,10,8,10,-4.87775974175606,-17.3404810184069,12.4627212766509,0.816669624008201,0.876140658876771,0.0416666666666667
20260704,10,8,11,-4.28391186071389,-12.1513829140934,7.86747105337955,0.818307135754257,0.864783291182953,0.0833333333333333
20260704,10,8,12,-4.80977462146499,-15.4045931097303,10.5948184882654,0.816664787802866,0.876220483330763,0.0416666666666667
20260704,10,8,13,-6.60964855009995,-17.8946078488496,11.2849592987496,0.825316021903901,0.8905542292628,0.0416666666666667
20260704,10,8,14,-4.94302103155024,-13.8440671415438,8.90104610999355,0.816217957586059,0.897496967235692,0.0416666666666667
20260704,10,8,15,-5.69784027068055,-14.1468393081077,8.44899903742711,0.81876631184769,0.885127324526604,0.0833333333333333
20260704,10,8,16,-5.05151761141767,-30.6621159338984,25.6105983224808,0.821490491297918,0.880445128183657,0.0416666666666667
20260704,10,8,17,-4.34601236543712,-14.2930288494089,9.94701648397183,0.815334798618721,0.878641118717931,0.0833333333333333
20260704,10,8,18,-5.02863488739987,-18.6414886658114,13.6128537784116,0.816345155874712,0.882520663739465,0.0416666666666667
20260704,10,8,19,-4.8644497950125,-21.1547240606866,16.2902742656741,0.813225853930201,0.87568133319719,0.0416666666666667
20260704,10,8,20,-5.0730701432414,-15.415187413297,10.3421172700556,0.819024701985108,0.889345067564292,0.0833333333333333
20260704,20,2,1,-6.10273170455358,-25.6748127913249,19.5720810867713,0.84432218639156,0.881632546963604,0.166666666666667
20260704,20,2,2,-9.34436440042244,-15.2009598609286,5.85659546050616,0.860299952380217,0.930153592111138,0.166666666666667
20260704,20,2,3,-5.39012884905994,-57.9342437468329,52.544114897773,0.827098474225444,0.870575357921162,0
20260704,20,2,4,-7.36974505325385,-59.9819948223345,52.6122497690807,0.817216495604913,0.895099950190861,0
20260704,20,2,5,-6.68082090682354,-56.0812336388607,49.4004127320372,0.843796459336067,0.926326697824308,0
20260704,20,2,6,-3.16406253603304,-54.4100633013237,51.2460007652907,0.815903311134664,0.862789968007992,0
20260704,20,2,7,-7.19094479975028,-14.386479198962,7.1955343992117,0.861029531927385,0.889769881120936,0.166666666666667
20260704,20,2,8,-11.3394774864232,-59.0608219419654,47.7213444555422,0.883270444919807,0.935548979582404,0
20260704,20,2,9,-7.27311866327346,-55.7605528043672,48.4874341410937,0.826766532978412,0.916066240223869,0
20260704,20,2,10,-3.82465322155485,-11.5860929205916,7.76143969903677,0.822303903109106,0.843052265710106,0.166666666666667
20260704,20,2,11,-3.71337420865949,-56.6154148114869,52.9020406028274,0.822118966020168,0.847399996189843,0
20260704,20,2,12,-3.30029503725399,-8.23015225549339,4.92985721823939,0.811974629341032,0.853188092177957,0.166666666666667
20260704,20,2,13,-9.03353746611863,-57.1305230748692,48.0969856087505,0.83313575223667,0.916949930471754,0
20260704,20,2,14,-5.24416280494636,-58.5654627761992,53.3212999712529,0.82166128141718,0.89113041295206,0
20260704,20,2,15,-7.285294211627,-61.010980712422,53.725686500795,0.817089839769935,0.915525282841721,0
20260704,20,2,16,-4.60775522346741,-56.5222292688939,51.9144740454265,0.824066729927101,0.871680256429195,0
20260704,20,2,17,-3.82989907779874,-55.7440029512303,51.9141038734315,0.822104935763684,0.870711497608723,0
20260704,20,2,18,-4.47677301763212,-57.4505216133358,52.9737485957037,0.816128538403915,0.896042644044147,0
20260704,20,2,19,-7.66004932873552,-14.1243095097532,6.46426018101773,0.828153890814168,0.920701388893893,0.166666666666667
20260704,20,2,20,-7.69137412882405,-13.181460238915,5.49008611009091,0.840108007024819,0.914920094804534,0.166666666666667
20260704,20,4,1,-6.39378050852643,-27.7650116095599,21.3712311010335,0.822540049189446,0.896576169604149,0.0833333333333333
20260704,20,4,2,-5.05103886853359,-48.0219278589934,42.9708889904598,0.821501305733412,0.877711166290499,0
20260704,20,4,3,-5.1240217814975,-55.0874083961882,49.9633866146907,0.830240015089045,0.888258990688095,0
20260704,20,4,4,-5.62776647442113,-23.9620953402921,18.334328865871,0.812928723022351,0.874418669719222,0.0833333333333333
20260704,20,4,5,-6.25671097841571,-12.830713590903,6.57400261248728,0.827287944790076,0.886952768475115,0.0833333333333333
20260704,20,4,6,-4.49433331021379,-58.1951989884384,53.7008656782246,0.818419837647289,0.875924521892047,0
20260704,20,4,7,-3.860085533743,-18.0188266970133,14.1587411632703,0.814772241996197,0.850654026420405,0.0833333333333333
20260704,20,4,8,-4.47687433334107,-12.2283416434664,7.75146731012537,0.825119263592705,0.867315387342812,0.0833333333333333
20260704,20,4,9,-6.50966217792079,-18.0676996465238,11.558037468603,0.823202558537639,0.904009990888162,0.0833333333333333
20260704,20,4,10,-6.58798560409221,-20.2293047437953,13.6413191397031,0.839417353433762,0.896488266224658,0.0833333333333333
20260704,20,4,11,-5.78570263735339,-56.3539168260872,50.5682141887338,0.825731644065874,0.908884158786819,0
20260704,20,4,12,-4.83181953423107,-18.7108167347815,13.8789972005504,0.824323507783273,0.885231018159179,0.0833333333333333
20260704,20,4,13,-4.79901818606611,-21.17815173373,16.3791335476639,0.827805354669405,0.874324853111911,0.0833333333333333
20260704,20,4,14,-6.14225631892375,-55.4965169895478,49.3542606706241,0.816696805346041,0.911141681635226,0
20260704,20,4,15,-5.86143140808112,-15.2056727041944,9.34424129611326,0.814395470638576,0.879887307004759,0.0833333333333333
20260704,20,4,16,-5.28369526882178,-12.6747670910749,7.39107182225312,0.820297028264694,0.883124487843877,0.0833333333333333
20260704,20,4,17,-5.44914519722579,-15.117812403466,9.66866720624021,0.838261225625956,0.902663701042292,0.0833333333333333
20260704,20,4,18,-5.09271665505799,-12.2423586965642,7.14964204150617,0.819132480861236,0.873430138587634,0.166666666666667
20260704,20,4,19,-3.5963232293798,-56.6177690787937,53.0214458494139,0.815808303943172,0.874336313380102,0
20260704,20,4,20,-7.31517385939436,-51.9538391438272,44.6386652844328,0.814805236039364,0.895256230724391,0
20260704,20,8,1,-6.96702879691327,-26.0196925635764,19.0526637666631,0.819873171744094,0.894576783349927,0.0416666666666667
20260704,20,8,2,-5.37464079498058,-18.3374138585918,12.9627730636112,0.818944158009649,0.884124418673359,0.0833333333333333
20260704,20,8,3,-3.72578253219975,-19.4536694813089,15.7278869491091,0.813199107940918,0.857322569308874,0.0416666666666667
20260704,20,8,4,-4.27760680958101,-52.9797932452464,48.7021864356653,0.82066931464742,0.871669137724052,0
20260704,20,8,5,-4.92090472681471,-13.353156583308,8.43225185649326,0.815923663819143,0.889873894234782,0.0416666666666667
20260704,20,8,6,-5.92984926116966,-13.3092515782572,7.37940231708753,0.813518370596363,0.903859329867587,0.0416666666666667
20260704,20,8,7,-6.58218999974602,-20.9311605853032,14.3489705855571,0.812898626875678,0.892237383109681,0.0416666666666667
20260704,20,8,8,-7.19057832890499,-20.364451807316,13.173873478411,0.818191840807215,0.892420101081164,0.125
20260704,20,8,9,-4.93633700252403,-13.0155609645165,8.07922396199247,0.816976308475032,0.845207160894924,0.208333333333333
20260704,20,8,10,-5.09620994541641,-13.4358705127852,8.33966056736876,0.817052793221964,0.884625553414119,0.125
20260704,20,8,11,-4.14968851825335,-44.8178147128823,40.6681261946289,0.818705606261076,0.866661076911701,0
20260704,20,8,12,-6.09538891043265,-17.116791138869,11.0214022284363,0.820648044523342,0.904965089780018,0.0416666666666667
20260704,20,8,13,-5.04292206752065,-13.2860478658439,8.24312579832326,0.811618794518965,0.897499344225289,0.0416666666666667
20260704,20,8,14,-5.42619373049377,-14.3891176755981,8.96292394510436,0.816268742625025,0.880033439718121,0.0416666666666667
20260704,20,8,15,-5.78974503085917,-12.7673737874263,6.97762875656708,0.826521393296505,0.889261757805685,0.0833333333333333
20260704,20,8,16,-4.7755775756141,-52.0393199020153,47.2637423264012,0.818344981853151,0.876584198250139,0
20260704,20,8,17,-4.4800825896312,-11.7396395719094,7.25955698227825,0.813053723786396,0.877789085400353,0.0833333333333333
20260704,20,8,18,-4.34863893366483,-12.2301083012202,7.88146936755536,0.816847623506801,0.857826772597986,0.125
20260704,20,8,19,-5.99794171868745,-26.1650314760612,20.1670897573737,0.814448384340925,0.888065062319222,0.0416666666666667
20260704,20,8,20,-4.5423612231863,-19.3302210424886,14.7878598193023,0.821613992277761,0.879146315397493,0.0416666666666667
20260704,30,2,1,-3.75558603807018,-10.4389572011006,6.68337116303042,0.813041296455876,0.862107732726933,0.166666666666667
20260704,30,2,2,-6.53484112613899,-65.8210617906304,59.2862206644914,0.819366784342117,0.892410042818276,0
20260704,30,2,3,-4.38815771165032,-15.212036640307,10.8238789286567,0.81828497051465,0.84860220416363,0.166666666666667
20260704,30,2,4,-5.38707602740897,-61.8275845547744,56.4405085273655,0.830540985049156,0.876156837682628,0
20260704,30,2,5,-5.30464917387642,-63.8184782660573,58.5138290921809,0.839514262857821,0.89581502698352,0
20260704,30,2,6,-4.2260208343863,-60.2845152742536,56.0584944398673,0.823947678052165,0.88257798900643,0
20260704,30,2,7,-5.58564675215312,-25.0567833600337,19.4711366078806,0.834623533411954,0.890267506169502,0.166666666666667
20260704,30,2,8,-3.73938549982668,-8.38481867346773,4.64543317364105,0.828459538968962,0.870413592185027,0.166666666666667
20260704,30,2,9,-3.53678483111407,-62.1622301215672,58.6254452904531,0.813890202354026,0.876923912455209,0
20260704,30,2,10,-6.35026281628032,-62.4128207850245,56.0625579687442,0.831769428982079,0.907534684871801,0
20260704,30,2,11,-6.60614466698683,-69.2655892455515,62.6594445785647,0.824304539457505,0.89070953511815,0
20260704,30,2,12,-9.07795784090008,-73.2191346301317,64.1411767892316,0.879171598418225,0.910430859651638,0
20260704,30,2,13,-3.49920584381188,-66.9582731959631,63.4590673521512,0.816367123364259,0.874474923978883,0
20260704,30,2,14,-5.01043683993633,-16.9252943306135,11.9148574906772,0.829354305940776,0.854983771585052,0.166666666666667
20260704,30,2,15,-6.51213466189564,-74.7199079581401,68.2077732962445,0.841631436272871,0.881607178351802,0
20260704,30,2,16,-3.95311545299142,-12.1572249842727,8.20410953128128,0.81987857239633,0.849951814945509,0.166666666666667
20260704,30,2,17,-6.92346415881096,-70.5975899464706,63.6741257876596,0.819299855562065,0.900090287477763,0
20260704,30,2,18,-8.8640107137705,-13.5577057399336,4.69369502616309,0.853397502814342,0.92399840674063,0.166666666666667
20260704,30,2,19,-4.39655303080488,-15.9039860911959,11.507433060391,0.826535418303019,0.875287994206922,0.166666666666667
20260704,30,2,20,-3.1994142348772,-65.2750160143141,62.0756017794369,0.819195320501275,0.850401112191751,0
20260704,30,4,1,-4.15934451486536,-61.2401541121584,57.0808095972931,0.816754545038879,0.874638808096209,0
20260704,30,4,2,-5.98624950553618,-21.5665189325529,15.5802694270167,0.832780672703226,0.887236015868912,0.0833333333333333
20260704,30,4,3,-5.57021971083491,-11.723439894073,6.15322018323811,0.819284807315684,0.903670852968668,0.0833333333333333
20260704,30,4,4,-6.95360374893605,-23.6293227805991,16.675719031663,0.814771080734036,0.890302579105848,0.0833333333333333
20260704,30,4,5,-7.33641274257824,-14.4361268023503,7.09971405977201,0.424604703640861,0.856770031672376,0.166666666666667
20260704,30,4,6,-5.38242105076233,-13.8457972562812,8.46337620551889,0.818120502351683,0.876397099627849,0.0833333333333333
20260704,30,4,7,-6.4256563802,-63.9083219816633,57.4826656014634,0.819416251428032,0.903616891826645,0
20260704,30,4,8,-4.38944522507604,-12.2727083419344,7.88326311685835,0.816246797675452,0.871292870518821,0.0833333333333333
20260704,30,4,9,-5.02941823786769,-11.1501003923168,6.12068215444915,0.829904636237086,0.849939515587598,0.25
20260704,30,4,10,-4.34204132127652,-58.5390232633568,54.1969819420803,0.813169432632855,0.873864220039485,0
20260704,30,4,11,-5.27894256708577,-13.6540970581225,8.37515449103676,0.814835377994866,0.89022472912388,0.0833333333333333
20260704,30,4,12,-5.34916271180873,-16.9455530117559,11.5963902999472,0.817927121450205,0.885131125543485,0.0833333333333333
20260704,30,4,13,-4.75856720396783,-11.6419155324138,6.88334832844595,0.826735336386602,0.874930889489052,0.0833333333333333
20260704,30,4,14,-5.68066870225597,-12.0609986087904,6.38032990653447,0.830764374785626,0.885018632504185,0.0833333333333333
20260704,30,4,15,-4.01005190048967,-13.2998424594874,9.28979055899774,0.814167193511388,0.861887577473033,0.0833333333333333
20260704,30,4,16,-4.54796722925995,-15.142096691294,10.5941294620341,0.813571483778193,0.858676044366658,0.0833333333333333
20260704,30,4,17,-4.05890079502808,-15.8868088985573,11.8279081035292,0.818618103792462,0.862459084583096,0.0833333333333333
20260704,30,4,18,-6.61920761959895,-17.4023052377889,10.78309761819,0.814971530699945,0.886744447050206,0.0833333333333333
20260704,30,4,19,-4.31086157837451,-12.9677426075118,8.65688102913726,0.823474581087619,0.872027005397691,0.0833333333333333
20260704,30,4,20,-3.69380021152748,-56.7390127247728,53.0452125132454,0.817075062238673,0.868657019524839,0
20260704,30,8,1,-6.06737616803659,-17.0852798905228,11.0179037224862,0.817219940513326,0.867511451753007,0.125
20260704,30,8,2,-5.25690801406094,-18.2982932326286,13.0413852185676,0.816571564638494,0.88305973143443,0.0833333333333333
20260704,30,8,3,-6.0537767917112,-13.9389483979527,7.88517160624148,0.815808090423879,0.892536638866875,0.0833333333333333
20260704,30,8,4,-4.48742684505156,-11.5054788959564,7.01805205090486,0.818813592991816,0.865442902339225,0.0833333333333333
20260704,30,8,5,-5.05569641456874,-17.7916433993201,12.7359469847514,0.815008829882488,0.867194846795707,0.0416666666666667
20260704,30,8,6,-4.34070361793088,-17.5010168920247,13.1603132740938,0.818702564358654,0.881954672545625,0.0416666666666667
20260704,30,8,7,-4.6330582344432,-58.3221897401266,53.6891315056834,0.814604498942163,0.883668976292698,0
20260704,30,8,8,-4.62160231101699,-12.9407123535951,8.31911004257806,0.815690352030781,0.879527455282521,0.0833333333333333
20260704,30,8,9,-5.47982019215636,-16.8407912502713,11.360971058115,0.815327660300274,0.877389678532033,0.0833333333333333
20260704,30,8,10,-4.54460585030121,-13.9733501085857,9.42874425828451,0.816824495941871,0.872803236458903,0.0833333333333333
20260704,30,8,11,-5.5776275097669,-12.9868773882729,7.40924987850599,0.815810872668094,0.884906963344562,0.125
20260704,30,8,12,-4.77039466210295,-13.6013986283869,8.83100396628393,0.816056341112338,0.885699320463123,0.0833333333333333
20260704,30,8,13,-5.56959166866976,-15.5756769428176,10.0060852741478,0.818893375119842,0.88926977143728,0.0416666666666667
20260704,30,8,14,-5.49443106122189,-16.445283967646,10.9508529064241,0.814692477144312,0.876703735285729,0.0416666666666667
20260704,30,8,15,-4.48275023610186,-13.5173739712074,9.03462373510558,0.821205238682813,0.868132832387455,0.0833333333333333
20260704,30,8,16,-5.54542014652759,-10.9316079912143,5.38618784468675,0.816314779157131,0.894798938113579,0.125
20260704,30,8,17,-4.23609128936297,-12.6647753566892,8.42868406732627,0.814357829513216,0.873267037554666,0.0416666666666667
20260704,30,8,18,-3.93664505638811,-17.1416986071863,13.2050535507982,0.812870580829863,0.86936967864071,0.0416666666666667
20260704,30,8,19,-4.80078894996401,-20.7927054181195,15.9919164681555,0.821080350950581,0.881896948143713,0.0416666666666667
20260704,30,8,20,-5.7934376944299,-14.7823680707772,8.98893037634727,0.816137938156765,0.887990010113131,0.0833333333333333
